customer_group,qty,sales,profit,discount,avg_discount_pct,profit_margin
Regular,503706.0,15788912.79,3333167.35,0.0,0.0,21.11080980896342
Senior/PWD,197021.0,4842926.06,638519.5,0.18967382599199126,3.9165129436642955e-06,13.18458081104794
