dataset,sku,description,gb_rmse,gb_mae,gb_mse,gb_mape,gb_t+1,gb_t+2,gb_t+3,gb_t+4,gb_t+5,gb_t+6
complete_data.csv,4807788561688,BIOGESIC 500MG TAB,446.44534488590403,323.7150275738619,199313.44597029377,46.80898032922367,245.28,244.18,321.92,314.55,294.06,301.54
complete_data.csv,4806533602379,RETASAR (LOSARTAN POTASSIUM) 50MG,418.0348083033028,248.84607428092738,174753.1009531791,269.0130400860882,811.13,968.91,661.14,1054.01,1500.0,899.0
complete_data.csv,4806504260614,APPEVIT (BUCLIZINE HCL+B-COMPLEX+IRON) CAP,114.56734611541879,106.66528560068214,13125.676795930165,29.305355445106784,129.65,336.18,125.83,252.52,306.24,272.13
complete_data.csv,0725765883117,OHHIRA&#039;S RED OMX PROBIOTICS CAP,133.1123798456436,133.0383896187574,17718.905668170908,44.543997510902074,340.32,253.57,169.19,317.54,285.0,587.0
