dataset,sku,description,lstm_rmse,lstm_mae,lstm_mse,lstm_mape,lstm_t+1,lstm_t+2,lstm_t+3,lstm_t+4,lstm_t+5,lstm_t+6
complete_data.csv,4807788561688,BIOGESIC 500MG TAB,391.0373828647851,313.2943681989397,152910.23479774056,67.02521812829173,453.67999267578125,382.29998779296875,379.75,416.7300109863281,404.4100036621094,408.9200134277344
complete_data.csv,4806533602379,RETASAR (LOSARTAN POTASSIUM) 50MG,448.9885568513316,263.81129964192706,201590.72418344146,288.5232109636622,768.2000122070312,693.9400024414062,647.02001953125,800.030029296875,792.780029296875,813.469970703125
complete_data.csv,4806504260614,APPEVIT (BUCLIZINE HCL+B-COMPLEX+IRON) CAP,137.31634523621688,103.65612182617187,18855.778669031897,24.261929206999316,302.04998779296875,284.6700134277344,292.2300109863281,267.6499938964844,264.75,262.989990234375
complete_data.csv,0725765883117,OHHIRA&#039;S RED OMX PROBIOTICS CAP,106.29031542572052,104.52138264973958,11297.631153299162,35.61720879057073,352.8500061035156,394.3299865722656,400.8699951171875,387.19000244140625,378.82000732421875,376.6000061035156
