SKU,Description,HistoryPts,RMSE,MAE,MSE,MAPE%,t+1,t+2,t+3,t+4,t+5,t+6
4807788561688,BIOGESIC 500MG TAB,32,286.61083387365176,228.16583333333332,82145.77009374999,52.678138128551076,538.92,713.39,410.13,513.8,593.12,501.25
4806533602379,RETASAR (LOSARTAN POTASSIUM) 50MG,12,422.374445481534,291.65833333333336,178400.17219583332,272.34076770520653,846.51,1018.77,868.86,947.37,888.65,868.82
4806504260614,APPEVIT (BUCLIZINE HCL+B-COMPLEX+IRON) CAP,22,150.81828910701333,134.97166666666666,22746.156329166657,29.897854033611885,168.71,318.6,172.53,297.85,288.83,294.31
0725765883117,OHHIRA&#039;S RED OMX PROBIOTICS CAP,14,88.8181731591758,86.20333333333333,7888.667883333335,27.07006438378201,297.5,300.1,322.21,333.14,339.94,451.36
