dataset,sku,description,xgb_rmse,xgb_mae,xgb_mse,xgb_mape,xgb_t+1,xgb_t+2,xgb_t+3,xgb_t+4,xgb_t+5,xgb_t+6
complete_data.csv,4807788561688,BIOGESIC 500MG TAB,414.9997520225653,332.19349452427457,172224.79417879067,60.472678086153294,400.9,421.63,344.67,289.18,413.19,465.96
complete_data.csv,4806533602379,RETASAR (LOSARTAN POTASSIUM) 50MG,400.94946194379423,250.2301228841146,160760.47103301808,258.5698984645064,833.86,1171.5,1021.5,814.91,998.97,737.0
complete_data.csv,4806504260614,APPEVIT (BUCLIZINE HCL+B-COMPLEX+IRON) CAP,122.69596154687767,106.26659545898437,15054.298979912885,27.979192821222338,174.94,351.55,148.49,291.08,288.62,254.55
complete_data.csv,0725765883117,OHHIRA&#039;S RED OMX PROBIOTICS CAP,104.42651535863469,79.0203348795573,10904.897109947167,29.448087854297412,336.67,239.79,226.15,316.97,299.98,587.0
