dataset,sku,description,et_rmse,et_mae,et_mse,et_mape,et_t+1,et_t+2,et_t+3,et_t+4,et_t+5,et_t+6
complete_data.csv,4807788561688,BIOGESIC 500MG TAB,431.81934539370747,318.6075,186467.94705625,49.093093560341025,306.62,237.93,246.07,247.13,276.03,285.72
complete_data.csv,4806533602379,RETASAR (LOSARTAN POTASSIUM) 50MG,412.0205815702658,242.9,169760.95963750003,264.8907448600355,841.02,949.83,773.56,981.48,1187.91,979.33
complete_data.csv,4806504260614,APPEVIT (BUCLIZINE HCL+B-COMPLEX+IRON) CAP,115.03936670222936,95.5405,13234.055891249998,24.92468026872736,178.69,323.49,183.35,275.63,300.4,280.03
complete_data.csv,0725765883117,OHHIRA&#039;S RED OMX PROBIOTICS CAP,73.89298493711476,68.06583333333334,5460.173222916669,20.48141092501676,308.61,253.43,207.96,296.76,313.43,524.28
