item_code,description,category,tab,total_qty,total_sales,months_active,avg_price,mean_monthly_qty,cv_monthly_qty,trend_qty_slope,cluster
0189061125300878,MEOXICLAV-D5 (CO-AMOXICLAV) 457MG/5ML SUSP,ANTIBIOTICS,PRESCRIPTION,34.0,8660.9,12.0,254.73235294117646,2.8333333333333335,0.5161743757289483,-0.04195804195804195,0
0300651439168,SYSTANE ULTRA EYE DROPS 5ML,EENT,PRESCRIPTION,2.0,508.0,2.0,254.0,1.0,0.0,-7.850462293418875e-17,0
1000010199,MAALOX TAB1,GIT,PRESCRIPTION,147.0,1506.75,16.0,10.25,9.1875,0.6843077573439247,-0.0779411764705881,0
1000200029,CALMSAPH (ALUM. MAG. HYDROXIDE) 200MG/100MG CHEWABLE TAB,GIT,PRESCRIPTION,47.0,160.3,6.0,3.4106382978723406,7.833333333333333,0.40648879094771917,-1.1714285714285706,0
1000200084,GLIMESAPH (GLIMEPIRIDE) 2MG,ANTIDIABETICS,PRESCRIPTION,125.0,252.88,3.0,2.02304,41.666666666666664,0.574108003776293,27.5,0
11217688,SAPHETOR 90 TAB,PAIN MANAGEMENT,PRESCRIPTION,126.0,2165.48,12.0,17.186349206349206,10.5,0.6406487641463672,3.9383885656899135e-16,0
11699910,RETENTO-800 (PIRACETAM) 800MG TAB,NEUROLOGICAL DRUGS,PRESCRIPTION,20.0,255.0,1.0,12.75,20.0,0.0,0.0,0
1210001136144,LIPITOR TAB 20MG,CARDIOVASCULAR,PRESCRIPTION,424.0,14930.74,31.0,35.21400943396226,13.67741935483871,0.6257515950756858,0.17258064516129007,0
1210001136748,NORVASC 5MG TAB,CARDIOVASCULAR,PRESCRIPTION,545.0,12394.2,4.0,22.74165137614679,136.25,1.1522745864151072,-109.90000000000002,1
15147035,CYSAPHTEINE (ACETYLCYSTEINE) 600MG SACH,RESPIRATORY,PRESCRIPTION,50.0,1029.0,4.0,20.58,12.5,0.6985699678629191,0.1999999999999989,0
16430730,DYNA CLOPIDOGREL 75MG,CARDIOVASCULAR,PRESCRIPTION,10.0,41.04,1.0,4.104,10.0,0.0,0.0,0
16773073,RIFECLAV (CO-AMOXICLAV )625MG TAB,ANTIBIOTICS,PRESCRIPTION,133.0,4930.610000000001,6.0,37.07225563909775,22.166666666666668,0.7039216444299574,-3.114285714285711,0
17540193,FLOXANOVA-500 FC TAB,ANTIBIOTICS,PRESCRIPTION,15.0,145.0,4.0,9.666666666666666,3.75,0.34641016151377546,-0.9,0
18904173220731,CLOBIMED (CLOBETASOL PROPIONATE) 0.5MG/G OINTMENT 15G,DERMATOLOGICALS,PRESCRIPTION,10.0,464.96000000000004,3.0,46.496,3.3333333333333335,0.9899494936611665,3.4999999999999987,0
1900010021,SAPHLOPID (CLOPIDOGREL) 75MG TAB,CARDIOVASCULAR,PRESCRIPTION,2431.0,11930.6,22.0,4.907692307692308,110.5,0.7258652488303493,-3.737436476566911,0
1900010022,DERMOTRIM (CLOTRIMAZOLE) 10MG/G CREAM,DERMATOLOGICALS,PRESCRIPTION,5.0,420.0,4.0,84.0,1.25,0.34641016151377546,0.3,0
1900010074,ATORSAPH-10 (ATORVASTATIN) 10MG FC TAB,CARDIOVASCULAR,PRESCRIPTION,1405.0,2877.2400000000002,31.0,2.0478576512455517,45.32258064516129,0.5721136167327099,1.0314516129032254,0
1900010225,GLIMESAPH T4 (GLIMEPIRIDE) 4MG TAB,ANTIDIABETICS,PRESCRIPTION,30.0,182.0,1.0,6.066666666666666,30.0,0.0,0.0,0
1900010256,ERYSAPH (ERYTHORMYCIN) 5000MG TAB,ANTIBIOTICS,PRESCRIPTION,70.0,448.93,4.0,6.413285714285714,17.5,0.41305235128002743,-1.3999999999999977,0
26046143,RELAXSAPH (IPRATROPIUM BROMIDE + SALBUTAMOL SULFATE) 200MCG/1MG PER ML 2.5ML AMP,RESPIRATORY,PRESCRIPTION,778.0,20415.92,18.0,26.24154241645244,43.22222222222222,1.0294562653902755,-1.5252837977296172,0
300651439168,SYSTANE ULTRA EYE DROPS 5ML,EENT,PRESCRIPTION,2.0,508.0,2.0,254.0,1.0,0.0,-7.850462293418875e-17,0
33803395,DYNA AMLODIPINE 5MG,CARDIOVASCULAR,PRESCRIPTION,1.0,2.23,1.0,2.23,1.0,0.0,0.0,0
36836673,VEGIVIT TAB,ANTIBIOTICS,PRESCRIPTION,472.0,4690.0,15.0,9.936440677966102,31.466666666666665,0.7139107492436747,1.367857142857144,0
37358747,VALPROS 500MG TAB,NEUROLOGICAL DRUGS,PRESCRIPTION,37.0,1173.9,5.0,31.72702702702703,7.4,0.5027317631821154,1.299999999999999,0
38119798,ATORSAPH-20 (ATORVASTATIN) 20MG FC TAB,CARDIOVASCULAR,PRESCRIPTION,624.0,1874.95,9.0,3.004727564102564,69.33333333333333,0.923502506059526,-8.199999999999996,0
38464410122,OXYGEN MASK ADULT,EENT,PRESCRIPTION,11.0,770.99,5.0,70.09,2.2,0.7272727272727273,-2.7015400095935113e-16,0
41875094,RESPI-SAPH (BUDESONIDE) 250MCG/ML (500MCG/2ML) AMP,RESPIRATORY,PRESCRIPTION,91.0,5046.0,6.0,55.45054945054945,15.166666666666666,0.6814072966121978,-4.028571428571427,0
42074398686,OXYGEN MASK PEDIA,EENT,PRESCRIPTION,3.0,218.68,3.0,72.89333333333333,1.0,0.0,8.985767264226737e-17,0
4260274650509,CATAPRES (CLONIDINE HCL) 75MCG TAB,CARDIOVASCULAR,PRESCRIPTION,78.0,2714.4,5.0,34.800000000000004,15.6,0.44151731686468115,-2.600000000000004,0
4260274650516,CATAPRES 150MCG TAB,CARDIOVASCULAR,PRESCRIPTION,52.0,2389.6,9.0,45.95384615384615,5.777777777777778,0.7149088575169655,-0.18333333333333313,0
4454239830063,ENTRESTO (SACUBITRIL-VALSARTAN) 100MG TAB,CARDIOVASCULAR,PRESCRIPTION,19.0,2760.0,3.0,145.26315789473685,6.333333333333333,0.8583950752789522,0.5000000000000027,0
45817663,ROSUSAPH-20 (ROSUVASTATIN) 20MG FC TAB,CARDIOVASCULAR,PRESCRIPTION,958.0,12760.0,18.0,13.319415448851775,53.22222222222222,1.1554357030633937,-5.0980392156862715,0
47068001,SAPHTRATE (POTASSIUM CITRATE) 1.080 (10MEQ) TAB,GUT AND HORMONES,PRESCRIPTION,20.0,155.0,2.0,7.75,10.0,0.4,-8.0,0
4800012043721,PRED FORTE 10MG/ML 5ML OPTH SUSP,RESPIRATORY,PRESCRIPTION,5.0,2040.0,4.0,408.0,1.25,0.34641016151377546,0.10000000000000009,0
4800012130254,FAKTU (POLICRESEN + CINCHOCAINE HCL) SUPP,PAIN MANAGEMENT,PRESCRIPTION,3.0,261.0,1.0,87.0,3.0,0.0,0.0,0
4800012130308,FAKTU (POLICRESULEN + CINCHOCAINE HCL) 20G OINTMENT,PAIN MANAGEMENT,PRESCRIPTION,6.0,6123.75,5.0,1020.625,1.2,0.33333333333333337,0.09999999999999981,0
4800064630061,ALTHEA PILLS (CYPROTERONE ACETATE + ETHINYLESTRADIOL,GUT AND HORMONES,PRESCRIPTION,71.0,33209.75,28.0,467.74295774647885,2.5357142857142856,0.6189175364146433,-0.02380952380952379,0
4800064630108,DAPHNE PILLS,GUT AND HORMONES,PRESCRIPTION,33.0,4907.400000000001,23.0,148.70909090909092,1.434782608695652,0.49608198617408783,0.003952569169960468,0
4800067507605,RHEA GLYCERINE SUPP ADULT,GIT,PRESCRIPTION,12.0,198.0,2.0,16.5,6.0,0.6666666666666666,7.999999999999997,0
4800136010197,APROVEL (IRBESARTAN) 150MG TAB,CARDIOVASCULAR,PRESCRIPTION,106.0,2354.7,5.0,22.214150943396223,21.2,0.5092592292930482,-6.500000000000001,0
4800136010210,CO-APROVEL TAB 150MG/12.5MG,CARDIOVASCULAR,PRESCRIPTION,51.0,1476.3,2.0,28.94705882352941,25.5,0.09803921568627451,4.999999999999998,0
4800136060062,ESSENTIALE FORTE CAP,PAIN MANAGEMENT,PRESCRIPTION,715.0,22243.0,20.0,31.10909090909091,35.75,0.604084100008132,0.18872180451127782,0
4800136310020,APROVASC 150MG/5MG TAB,CARDIOVASCULAR,PRESCRIPTION,387.0,11351.1,18.0,29.331007751937985,21.5,0.5230691599329408,0.781217750257998,0
4800136310037,APROVASC 300MG/10MG TAB,CARDIOVASCULAR,PRESCRIPTION,50.0,2256.3,4.0,45.126000000000005,12.5,0.6729041536504289,4.6,0
4800136320012,POVEDTA (INSULIN GLARGNE) 100UNITS/ML,ANTIDIABETICS,PRESCRIPTION,5.0,4247.8099999999995,4.0,849.5619999999999,1.25,0.34641016151377546,-0.30000000000000016,0
4800136590026,FLAGYL ORALSUSP 60ML,ANTIBIOTICS,PRESCRIPTION,26.0,3781.52,13.0,145.44307692307692,2.0,1.192927878405448,0.29120879120879123,0
4800136590033,FLAGYL FORTE 500MG FC TAB,ANTIBIOTICS,PRESCRIPTION,312.0,13592.55,13.0,43.565865384615385,24.0,1.0568761419803077,2.983516483516484,0
4800136620112,MAALOX PLUS TAB,GIT,PRESCRIPTION,465.0,6967.8,21.0,14.984516129032258,22.142857142857142,0.7584236166158869,0.8974025974025976,0
4800136620174,MAALOX PLUS SUSP 250ML,GIT,PRESCRIPTION,28.0,16166.14,15.0,577.3621428571429,1.8666666666666667,0.5125964319431187,0.07857142857142858,0
4800136650027,LASIX TAB 40MG,CARDIOVASCULAR,PRESCRIPTION,118.0,2756.0,13.0,23.35593220338983,9.076923076923077,0.8560580541813148,0.35164835164835195,0
4800136880035,PLASIL TAB 10MG,GIT,PRESCRIPTION,159.0,2730.0,15.0,17.169811320754718,10.6,0.719129518754636,0.6892857142857145,0
4800140000085,BENADRYL AH (DIPHENHYDRAMINE) CAP,RESPIRATORY,PRESCRIPTION,131.0,3037.25,12.0,23.185114503816795,10.916666666666666,0.5965442505210087,0.367132867132867,0
4800140000092,BENADRYL AH (DIPHENHYDRAMINE HCL) 50MG CAP,RESPIRATORY,PRESCRIPTION,13.0,546.0,3.0,42.0,4.333333333333333,0.5756395979652218,-1.999999999999999,0
4800153302398,STRESTABS (MULTIVITAMINS + IRON) TAB,ANTIBIOTICS,PRESCRIPTION,1662.0,18171.73,29.0,10.933652226233454,57.310344827586206,0.5510597732956743,-0.358128078817732,0
4800204001614,APLOSYN OTIC SOLUTION 5ML,EENT,PRESCRIPTION,42.0,17131.49,17.0,407.89261904761906,2.4705882352941178,0.6226998490772391,0.12009803921568628,0
4800204013617,RELEAF(SAMBONG)FORTE 500MG,GUT AND HORMONES,PRESCRIPTION,1590.0,14101.27,32.0,8.868723270440253,49.6875,0.633051907019584,1.7001466275659822,0
4800221516016,GANATON (ITOPRIDE HYDROCHLORIDE) 50MG FC TAB,GIT,PRESCRIPTION,45.0,1703.25,3.0,37.85,15.0,0.0,2.3498407589862176e-16,0
4800234402474,SYMBICORT RAPIHALER 80MCG/4.5MCG/ACTUATION,RESPIRATORY,PRESCRIPTION,1.0,618.5,1.0,618.5,1.0,0.0,0.0,0
4800234402498,SYMBICORT RAPIHALER 160MCG/4.5MCG/ACTUATION,RESPIRATORY,PRESCRIPTION,9.0,6381.51,6.0,709.0566666666667,1.5,0.5091750772173156,0.19999999999999998,0
4800234402566,SYMBICORT 160/4.5MCG TURBOHALER,RESPIRATORY,PRESCRIPTION,4.0,5018.0,4.0,1254.5,1.0,0.7071067811865476,0.6,0
4800234406465,FORXIGA 10MG,ANTIDIABETICS,PRESCRIPTION,2938.0,107585.2,33.0,36.61851599727706,89.03030303030303,0.597360744842228,0.31216577540106916,0
4800234406472,XIGDUO XR 10/500MG,ANTIDIABETICS,PRESCRIPTION,182.0,10585.04,15.0,58.159560439560444,12.133333333333333,0.7114482950210415,0.24285714285714274,0
4800234406489,XIGDUO XR 10/1000MG TABLET,ANTIDIABETICS,PRESCRIPTION,1124.0,62088.65,25.0,55.23901245551602,44.96,0.6362136905811016,0.5169230769230765,0
4800234406496,XIGDUO XR (DAPAGLIFLOZIN + METFORMIN HCI) 5MG/1000MG TAB,ANTIDIABETICS,PRESCRIPTION,294.0,10009.05,13.0,34.044387755102036,22.615384615384617,0.5779711299481511,1.9010989010989015,0
4800234407301,INDERAL TAB 10MG,CARDIOVASCULAR,PRESCRIPTION,252.0,4583.1,15.0,18.186904761904763,16.8,0.6247448458762822,-0.053571428571428464,0
4800234407332,INDERAL TAB 40MG,CARDIOVASCULAR,PRESCRIPTION,116.0,3074.0,7.0,26.5,16.571428571428573,1.0214698788688705,-2.928571428571427,0
4800253240644,EUTHYROX 25MCG TAB,GUT AND HORMONES,PRESCRIPTION,352.0,2452.79,26.0,6.968153409090909,13.538461538461538,0.8304400531153238,-0.23316239316239326,0
4800253240668,EUTHYROX TAB 50MCG,GUT AND HORMONES,PRESCRIPTION,1409.0,12547.03,29.0,8.904918381831086,48.58620689655172,0.8567967165347883,-1.2847290640394067,0
4800253240675,EUTHYROX TAB 100MCG,GUT AND HORMONES,PRESCRIPTION,603.0,8983.98,27.0,14.898805970149253,22.333333333333332,0.979632183965489,0.25641025641025667,0
4800253243034,CONCORE (BISOPROLOL) 2.5MG TAB,CARDIOVASCULAR,PRESCRIPTION,83.0,1831.77,5.0,22.069518072289156,16.6,0.6483674239553595,2.3999999999999995,0
4800253244017,CONCORE(BISOPROLOL FUMARATE) 5MG TAB,CARDIOVASCULAR,PRESCRIPTION,180.0,4650.0,8.0,25.833333333333332,22.5,1.8964554331374472,-1.6904761904761922,0
4800253247001,EUTHYROX (LEVOTHYROXINE) 150MCG TAB,GUT AND HORMONES,PRESCRIPTION,35.0,817.5,3.0,23.357142857142858,11.666666666666666,0.8081220356417687,4.137838342751522e-15,0
4800261123915,RAPIDAX OTIC SOLUTION 5ML,EENT,PRESCRIPTION,29.0,5414.3,16.0,186.70000000000002,1.8125,0.8551446046646376,-0.07499999999999996,0
4800284161031,ISOPRINOSINE (INOSINE ACEDOBEN DIMEPRANOL) 250MG/5MG SYRUP 60ML,ANTIBIOTICS,PRESCRIPTION,14.0,4344.5,8.0,310.32142857142856,1.75,0.6226998490772392,0.3809523809523808,0
4800284162113,ROWACHOL CAP,GUT AND HORMONES,PRESCRIPTION,32.0,1616.0,1.0,50.5,32.0,0.0,0.0,0
4800284162120,ROWATINEX CAP,GUT AND HORMONES,PRESCRIPTION,503.0,16870.08,18.0,33.53892644135189,27.944444444444443,0.6463923587051146,1.4643962848297214,0
4800286231718,SERC 16MG TAB,NEUROLOGICAL DRUGS,PRESCRIPTION,299.0,19822.97,27.0,66.2975585284281,11.074074074074074,0.5528014317429936,0.06715506715506715,0
4800286242110,DUVADILAN 10MG TAB,GUT AND HORMONES,PRESCRIPTION,30.0,742.5,4.0,24.75,7.5,0.5120763831912405,0.20000000000000015,0
4800286242646,DUPHASTON(DYDROGESTERONE) 10MG TAB,GUT AND HORMONES,PRESCRIPTION,1278.0,109534.7,31.0,85.70790297339593,41.225806451612904,0.5753616420983684,0.9935483870967742,0
4800289820612,RAXIDE 150MG (RANITIDINE,GIT,PRESCRIPTION,86.0,1871.75,8.0,21.76453488372093,10.75,0.5615207659371925,0.42857142857142927,0
4800289820674,NEOBLOC (METOPROLOL TARTRATE) 100MG TAB,CARDIOVASCULAR,PRESCRIPTION,155.0,1065.0,10.0,6.870967741935484,15.5,0.7174065907427999,1.2909090909090917,0
4800289820711,NEOBLOC 50MG TAB,CARDIOVASCULAR,PRESCRIPTION,1289.0,5797.06,27.0,4.49733126454616,47.74074074074074,0.7470710305157071,-1.485347985347985,0
4800289820827,NEOSARTAN (LOSARTAN POTASSIUM) 50MG TAB,CARDIOVASCULAR,PRESCRIPTION,1.0,20.5,1.0,20.5,1.0,0.0,0.0,0
4800289821510,Z-NEOFORM 500MG TAB,ANTIDIABETICS,PRESCRIPTION,1007.0,3267.6,20.0,3.244885799404171,50.35,1.064004719074568,0.6548872180451121,0
4800289822333,NEOSARTAN 50MG TAB,CARDIOVASCULAR,PRESCRIPTION,593.0,5231.38,10.0,8.821888701517707,59.3,0.9407619714732552,4.515151515151516,0
4800289822395,ZEMIGLO 50MG FCT,ANTIDIABETICS,PRESCRIPTION,122.0,4773.8,7.0,39.12950819672131,17.428571428571427,0.36140012598440335,-0.8214285714285712,0
4800289822500,NOPHLEGM (ACETYLCYSTEINE) 600MG POWDER ORAL SOLUTION,RESPIRATORY,PRESCRIPTION,20.0,428.56,1.0,21.428,20.0,0.0,0.0,0
4800292138032,MICARDIS 40MG TAB,CARDIOVASCULAR,PRESCRIPTION,976.0,25269.06,23.0,25.890430327868852,42.43478260869565,0.8145240484833126,0.36067193675889353,0
4800292138070,MICARDIS 80MG TAB,CARDIOVASCULAR,PRESCRIPTION,54.0,2504.3599999999997,5.0,46.377037037037034,10.8,0.9322009591594976,-2.0000000000000013,0
4800292138087,MICARDIS PLUS 40MG TAB,CARDIOVASCULAR,PRESCRIPTION,657.0,15325.84,24.0,23.327001522070017,27.375,0.6565028694511786,0.42130434782608656,0
4800292138094,MICARDIS PLUS 80MG/12.5MG,CARDIOVASCULAR,PRESCRIPTION,12.0,526.8,2.0,43.9,6.0,0.16666666666666666,-2.000000000000001,0
4800292139046,TWYNSTA 40MG/5MG TAB,CARDIOVASCULAR,PRESCRIPTION,411.0,12166.560000000001,15.0,29.602335766423362,27.4,0.6893592861027579,1.0178571428571435,0
4800292139060,TWYNSTA (TELMISARTAN+AMLODIPINE) 80MG/5MG TAB,CARDIOVASCULAR,PRESCRIPTION,2.0,77.24,2.0,38.62,1.0,0.0,-7.850462293418875e-17,0
4800292151031,PRADAXA (DABIGATRAN ETEXILATE) 150MG CAP,CARDIOVASCULAR,PRESCRIPTION,4.0,252.0,1.0,63.0,4.0,0.0,0.0,0
4800292161016,TRAJENTA (LINAGLIPTIN) 5MG TAB,ANTIDIABETICS,PRESCRIPTION,878.0,39956.770000000004,27.0,45.508849658314354,32.51851851851852,0.6070882137148864,-0.028693528693528546,0
4800292171015,JARDIANCE (EMPAGLIFLOZIN) 10MG TAB,ANTIDIABETICS,PRESCRIPTION,574.0,28485.0,16.0,49.62543554006969,35.875,0.7350430022975541,0.12647058823529403,0
4800292173019,GLYXAMBI FC TAB 10MG/5MG,ANTIDIABETICS,PRESCRIPTION,165.0,13103.199999999999,10.0,79.41333333333333,16.5,0.7084690357776036,-1.6424242424242403,0
4800292173026,GLYXAMBI FC TAB 25MG/5MG,ANTIDIABETICS,PRESCRIPTION,960.0,69926.42,28.0,72.84002083333333,34.285714285714285,0.688219320662631,1.4876847290640398,0
4800301903071,GUIACOF PLUS (SALBUTAMOL + GUAIFENESIN) 1MG/50MG 60ML SYRUP,RESPIRATORY,PRESCRIPTION,4.0,140.0,2.0,35.0,2.0,0.0,-1.570092458683775e-16,0
4800304050031,NORVASC 5MG TAB,CARDIOVASCULAR,PRESCRIPTION,581.0,11776.0,23.0,20.268502581755595,25.26086956521739,1.1442586226761853,-0.1571146245059288,0
4800304050079,NORVASC TAB 10MG,CARDIOVASCULAR,PRESCRIPTION,321.0,11227.5,16.0,34.97663551401869,20.0625,1.6204618131279198,-1.8955882352941171,0
4800304051496,ISORDIL SUBL TAB 5MG,CARDIOVASCULAR,PRESCRIPTION,305.0,6642.05,17.0,21.777213114754097,17.941176470588236,1.300643794859772,0.9142156862745092,0
4800304390113,UNASYN TAB 750MG,ANTIBIOTICS,PRESCRIPTION,42.0,5985.0,5.0,142.5,8.4,0.7284313590846835,0.7999999999999992,0
4800304910014,TROSYD CREAM 3.5G,DERMATOLOGICALS,PRESCRIPTION,20.0,3274.5,14.0,163.725,1.4285714285714286,0.43588989435406733,0.08351648351648351,0
4800304910021,TROSYD CREAM 5G,DERMATOLOGICALS,PRESCRIPTION,21.0,4909.0,14.0,233.76190476190476,1.5,0.4879500364742666,-0.06813186813186826,0
4800304990252,PROVERA 10MG TAB,GUT AND HORMONES,PRESCRIPTION,365.0,32082.59,24.0,87.89750684931506,15.208333333333334,0.9015613736678013,0.45347826086956505,0
4800304990368,ALDACTONE (SPIRONOLACTONE) 25MG TAB,CARDIOVASCULAR,PRESCRIPTION,99.0,1507.1799999999998,13.0,15.224040404040402,7.615384615384615,1.3632247788885505,0.6098901098901103,0
4800306590870,VASTAREL MR (TRIMETAZIDINE) 35MG TAB,CARDIOVASCULAR,PRESCRIPTION,44.0,1085.34,4.0,24.66681818181818,11.0,0.5785419118799026,-1.2,0
4800306590917,CORALAN 5MG TAB,CARDIOVASCULAR,PRESCRIPTION,293.0,8551.05,17.0,29.18447098976109,17.235294117647058,0.6499175378255911,-0.05147058823529375,0
4800306590931,COVERSYL (PERINDOPRIL) 5MG TAB,CARDIOVASCULAR,PRESCRIPTION,153.0,5546.25,8.0,36.25,19.125,0.7345602728712977,-2.654761904761904,0
4800306591013,DIAMICRON MR TAB 60MG,ANTIDIABETICS,PRESCRIPTION,607.0,15361.53,24.0,25.307298187808897,25.291666666666668,0.9440069460867577,0.31086956521739123,0
4800306591198,VASTAREL OD (TRIMETAZIDINE DIHYDROCHLORIDE) 80MG,CARDIOVASCULAR,PRESCRIPTION,90.0,4422.6,4.0,49.14,22.5,0.36851386559504445,-5.0,0
4800306591204,DIAMICRON TAB 80MG,ANTIDIABETICS,PRESCRIPTION,20.0,140.0,1.0,7.0,20.0,0.0,0.0,0
4800307100269,ASMACAIRE (SALBUTAMOL) 1MG/ML 2.5ML NEBULE,RESPIRATORY,PRESCRIPTION,447.0,12042.0,14.0,26.93959731543624,31.928571428571427,0.6794599995038959,-0.37582417582417776,0
4800307101037,KLARYTH 250MG/5ML SUSP 35ML,ANTIBIOTICS,PRESCRIPTION,167.0,105809.8,22.0,633.591616766467,7.590909090909091,0.6760105111567258,-0.14398644833427443,0
4800307101044,KLARYTH 250MG/5ML SUSP 70ML,ANTIBIOTICS,PRESCRIPTION,129.0,160918.4,22.0,1247.429457364341,5.863636363636363,0.6729914508662991,0.3066064370412196,0
4800307101211,ZYRIZ 5MG/5ML 60ML SYRUP,RESPIRATORY,PRESCRIPTION,58.0,15766.8,16.0,271.8413793103448,3.625,0.7609681548522038,0.03823529411764721,0
4800307101587,AEROKIDS (MONTELUKAST) 5MG,RESPIRATORY,PRESCRIPTION,507.0,13652.25,8.0,26.92751479289941,63.375,0.7331310801152344,14.083333333333332,0
4800307102805,ZYRIZ PLUS 5MG/5MG PER 5ML 60ML SYRUP,RESPIRATORY,PRESCRIPTION,118.0,34544.85,20.0,292.7529661016949,5.9,0.5276061836024875,0.17593984962406006,0
4800307103031,AEROKIDS (MONTELUKAST) 4MG,RESPIRATORY,PRESCRIPTION,273.0,4709.25,6.0,17.25,45.5,0.5511694723987086,12.085714285714282,0
4800307351111,CECLOBID (CEFACLOR) 50MG/ML 20ML SUSP,ANTIBIOTICS,PRESCRIPTION,52.0,16962.0,13.0,326.1923076923077,4.0,0.41602514716892186,-0.12087912087912074,0
4800307351517,CECLOBID (CEFACLOR) 250MG/5ML 60ML SUSP,ANTIBIOTICS,PRESCRIPTION,77.0,33773.0,15.0,438.61038961038963,5.133333333333334,0.6436109970578633,0.18928571428571433,0
4800307741011,ASMACAIRE 100MCG METERED-DOSE INHALER 200ACT,RESPIRATORY,PRESCRIPTION,6.0,2228.65,6.0,371.44166666666666,1.0,0.0,7.951207131982424e-18,0
4800307741233,ASMACAIRE 2MG/5ML 60ML SYRUP,RESPIRATORY,PRESCRIPTION,326.0,29616.95,20.0,90.84953987730061,16.3,0.6787671949677828,0.45864661654135325,0
4800307741264,ASMACAIRE 1MG/ML INHALATION 20ML,RESPIRATORY,PRESCRIPTION,39.0,2578.75,10.0,66.12179487179488,3.9,0.2912260690153986,0.006060606060606176,0
4800307835154,ARBLOC 50MG FCT,ANTIDIABETICS,PRESCRIPTION,100.0,1326.6000000000001,7.0,13.266000000000002,14.285714285714286,1.1687600266949583,5.428571428571429,0
4800307835352,ARBLOC 100MG FCT,CARDIOVASCULAR,PRESCRIPTION,57.0,1124.8,7.0,19.733333333333334,8.142857142857142,0.5850291930011602,0.8214285714285721,0
4800307854056,GLUCONIL 80MG TAB,ANTIDIABETICS,PRESCRIPTION,208.0,1392.3,9.0,6.69375,23.11111111111111,0.559141022848398,3.1333333333333324,0
4800307854506,GLITAZ (PIOGLITAZONE) 15MG TAB,ANTIDIABETICS,PRESCRIPTION,393.0,5805.4,14.0,14.772010178117048,28.071428571428573,0.496626669446733,-0.912087912087913,0
4800308100473,BACTIV 457MG/5ML 70ML,ANTIBIOTICS,PRESCRIPTION,613.0,228228.7,23.0,372.31435562805876,26.652173913043477,0.6468142947198048,1.4792490118577077,0
4800308101326,AZEMAX ( AZITHROMYCIN) 500MG,ANTIBIOTICS,PRESCRIPTION,62.0,8147.28,4.0,131.40774193548387,15.5,0.5743385101537051,5.4,0
4800308102989,PULMODUAL (IPRATROPIUM SALBUTAMOL) 500MCG/2.5MG 2.5ML NEBULE,RESPIRATORY,PRESCRIPTION,95.0,3086.4,7.0,32.48842105263158,13.571428571428571,0.5398265854719193,6.079225803007946e-16,0
4800308363038,BACTIV 625mg,ANTIBIOTICS,PRESCRIPTION,100.0,4422.6,1.0,44.226000000000006,100.0,0.0,0.0,0
4800308556003,AZEMAX (AZITHROMYCIN) 200MG/5ML 22.5ML SUSP,ANTIBIOTICS,PRESCRIPTION,133.0,62676.0,19.0,471.2481203007519,7.0,0.5733051891942331,0.431578947368421,0
4800308560857,ZYKAST TAB 10MG/5MG,RESPIRATORY,PRESCRIPTION,1316.0,40203.0,34.0,30.549392097264437,38.705882352941174,0.8207784458863111,1.758594346829641,0
4800308640023,COXIDIA 200MG,PAIN MANAGEMENT,PRESCRIPTION,5.0,140.2,2.0,28.04,2.5,0.6,-3.0,0
4800308731172,FLUIMUCIL GRAN 100MG,RESPIRATORY,PRESCRIPTION,300.0,4025.7,20.0,13.418999999999999,15.0,0.8438009243891594,0.34285714285714264,0
4800308731318,FLUIMUCIL 200MG,RESPIRATORY,PRESCRIPTION,447.0,8116.76,31.0,18.158299776286356,14.419354838709678,0.8440203277466339,0.007661290322580501,0
4800308734395,LIPWAY SR (FENOFIBRATE) CAP 250MG,CARDIOVASCULAR,PRESCRIPTION,32.0,1200.0,3.0,37.5,10.666666666666666,0.6234355419768752,-7.499999999999997,0
4800308741317,PULMODUAL(IPRATROPIUM SALBUTAMOL)500MCG/2.5MG/2.5ML 20ML,RESPIRATORY,PRESCRIPTION,12.0,1867.6,7.0,155.63333333333333,1.7142857142857142,0.8079466429027214,0.3571428571428571,0
4800308765108,SILGRAM 750MG,ANTIBIOTICS,PRESCRIPTION,238.0,11979.1,15.0,50.332352941176474,15.866666666666667,0.9648874013046941,1.6071428571428572,0
4800308805309,LOXEVA (LEVOFLOXACIN) 500MG,ANTIBIOTICS,PRESCRIPTION,26.0,1750.7,4.0,67.33461538461539,6.5,0.6389710663783135,3.0,0
4800308991231,LIPWAY (FENOFIBRATE) 160MG TAB,CARDIOVASCULAR,PRESCRIPTION,20.0,693.0,3.0,34.65,6.666666666666667,0.3535533905932737,-2.500000000000001,0
4800308991491,FLUIMUCIL 600MG TAB,RESPIRATORY,PRESCRIPTION,2272.0,86961.81999999999,32.0,38.27544894366197,71.0,0.6154220476766449,0.9501466275659822,0
4800314100122,NORGESIC FORTE TAB,PAIN MANAGEMENT,PRESCRIPTION,1170.0,43153.13,30.0,36.88301709401709,39.0,0.7736057920820167,1.6987764182424918,0
4800316227018,ZINNAT SUSP 125MG 50ML,ANTIBIOTICS,PRESCRIPTION,5.0,1730.0,2.0,346.0,2.5,0.2,0.9999999999999994,0
4800318000176,CALPOL DROPS 0-2 YRS OLD 10ML,EENT,PRESCRIPTION,6.0,388.5,5.0,64.75,1.2,0.33333333333333337,-4.8374234447508063e-17,0
4800318000275,DRAPOLENE CREAM 55G,DERMATOLOGICALS,PRESCRIPTION,6.0,2111.0299999999997,5.0,351.8383333333333,1.2,0.33333333333333337,0.09999999999999981,0
4800318120027,AMOXIL CAP 500MG,ANTIBIOTICS,PRESCRIPTION,152.0,2646.0,7.0,17.407894736842106,21.714285714285715,0.7891446682828341,-2.4285714285714297,0
4800318120072,AMOXIL FORTE SUSP. 60ML,ANTIBIOTICS,PRESCRIPTION,4.0,549.0,3.0,137.25,1.3333333333333333,0.3535533905932738,0.4999999999999998,0
4800318210162,AMOXIL DROP 20ML,ANTIBIOTICS,PRESCRIPTION,10.0,1272.5,3.0,127.25,3.3333333333333335,0.282842712474619,1.0,0
4800319015100,GALVUS TAB 50MG,ANTIDIABETICS,PRESCRIPTION,534.0,13231.78,21.0,24.77861423220974,25.428571428571427,0.47106219525916304,0.27272727272727343,0
4800319015155,GALVUSMET 50/500MG TAB,ANTIDIABETICS,PRESCRIPTION,457.0,13485.65,19.0,29.509080962800873,24.05263157894737,0.49496504903125016,0.33859649122807045,0
4800319015162,GALVUSMET 50/1000MG TAB,ANTIDIABETICS,PRESCRIPTION,24.0,750.0,3.0,31.25,8.0,0.5400617248673217,-3.9999999999999982,0
4800319015506,ENTRESTO (SACUBITRIL-VALSARTAN) 50MG TAB,CARDIOVASCULAR,PRESCRIPTION,120.0,15356.220000000001,13.0,127.9685,9.23076923076923,0.6404208685613617,1.1868131868131868,0
4800319015513,ENTRESTO (SACUBITRIL-VALSARTAN) 100MGTAB,CARDIOVASCULAR,PRESCRIPTION,31.0,3421.8900000000003,2.0,110.38354838709678,15.5,0.8064516129032258,-25.0,0
4800319851050,CO-DIOVAN TAB 80MG/12.5MG,CARDIOVASCULAR,PRESCRIPTION,28.0,686.0,2.0,24.5,14.0,0.6428571428571429,17.999999999999996,0
4800319890035,DIOVAN TAB 80MG,CARDIOVASCULAR,PRESCRIPTION,75.0,1251.3600000000001,6.0,16.684800000000003,12.5,1.113073822050152,6.542857142857142,0
4800324090277,MYONAL TAB,PAIN MANAGEMENT,PRESCRIPTION,1559.0,40786.88,33.0,26.162206542655547,47.24242424242424,0.6576476245447507,0.1393716577540105,0
4800324090710,PARIET 10MG FC TAB,CARDIOVASCULAR,PRESCRIPTION,27.0,1863.4,3.0,69.01481481481481,9.0,0.6849348892187751,7.499999999999999,0
4800324090857,GASMOTIN(MOSAPRIDE) 5MG TAB,GIT,PRESCRIPTION,48.0,1680.0,5.0,35.0,9.6,0.2990145853001526,0.39999999999999913,0
4800331300192,VIGAMOX 5MG/ML (0.5%) OPTH SOLN,EENT,PRESCRIPTION,8.0,4172.25,5.0,521.53125,1.6,0.30618621784789724,0.19999999999999982,0
4800331632330,MAXITROL (DEXAMETHASONE POLYMYXIN B SO4 NEOMYCIN SO4) 1MG/6000 I.U/3500 I.U PER G / 3.5G OINTMENT,EENT,PRESCRIPTION,2.0,1200.0,2.0,600.0,1.0,0.0,-7.850462293418875e-17,0
4800331647051,TOBRADEX 3MG/1MG PER ML 5ML,EENT,PRESCRIPTION,10.0,6230.44,8.0,623.044,1.25,0.34641016151377546,-0.0952380952380953,0
4800331648355,TOBRADEX 3MG/1MG,EENT,PRESCRIPTION,7.0,4515.0,5.0,645.0,1.4,0.5714285714285716,-0.2,0
4800332237633,DALACIN C CAP 300MG,ANTIBIOTICS,PRESCRIPTION,622.0,61040.76,25.0,98.13627009646302,24.88,0.7588969406558046,0.6707692307692307,0
4800333160282,BETNOVATE CREAM 5G,DERMATOLOGICALS,PRESCRIPTION,5.0,1843.5,5.0,368.7,1.0,0.0,-1.0507920739455759e-16,0
4800333160329,BETNOVATE (BETAMETHASONE VALERATE) 1MG/G 5G OINTMENT,DERMATOLOGICALS,PRESCRIPTION,3.0,1082.25,2.0,360.75,1.5,0.3333333333333333,0.9999999999999998,0
4800333160336,AVAMYS NASAL SPRAY 60 DOSE,RESPIRATORY,PRESCRIPTION,4.0,2545.42,4.0,636.355,1.0,0.0,-8.214889951798643e-17,0
4800333160497,AVAMYS NASAL SPRAY 27.5MG/5ML ACT 30 DOSE,RESPIRATORY,PRESCRIPTION,2.0,815.0,2.0,407.5,1.0,0.0,-7.850462293418875e-17,0
4800333160824,DERMOVATE CREAM 5G,DERMATOLOGICALS,PRESCRIPTION,15.0,5324.75,12.0,354.98333333333335,1.25,0.34641016151377546,0.024475524475524518,0
4800333160848,DERMOVATE CREAM 5G,DERMATOLOGICALS,PRESCRIPTION,2.0,689.5,2.0,344.75,1.0,0.0,-7.850462293418875e-17,0
4800333161456,VENTOLIN INHALER 100MCG,RESPIRATORY,PRESCRIPTION,22.0,10304.89,16.0,468.4040909090909,1.375,0.35208939510976517,-0.0176470588235294,0
4800333161852,SERETIDE DISKUS 100 50MCG/100MCG,RESPIRATORY,PRESCRIPTION,30.0,36155.0,13.0,1205.1666666666667,2.3076923076923075,0.5981452814975454,0.10439560439560448,0
4800333161869,SERETIDE 250 DISKUS (SALMETROL+FLUTICASONE PROPIONATE) 50MCG/250MCG 60 DOSES,RESPIRATORY,PRESCRIPTION,27.0,44698.7,14.0,1655.5074074074073,1.9285714285714286,0.7191291792202814,0.08571428571428566,0
4800333161876,SERETIDE 500 DISKUS ( SALMETEROL+FLUTICASONE PROPIONATE) 50MCG/500MCG DRY POWDER,RESPIRATORY,PRESCRIPTION,2.0,4627.5,1.0,2313.75,2.0,0.0,0.0,0
4800333162446,DUODART 500/400MCGCAP,GUT AND HORMONES,PRESCRIPTION,194.0,13617.29,16.0,70.19221649484537,12.125,0.47813272681671054,-0.020588235294117428,0
4800333162484,AUGMENTIN 375MG TAB,ANTIBIOTICS,PRESCRIPTION,262.0,12940.0,15.0,49.38931297709924,17.466666666666665,0.5974958914069932,0.00357142857142938,0
4800333162491,AUGMENTIN 625MG TAB,ANTIBIOTICS,PRESCRIPTION,1297.0,71799.05,30.0,55.35778720123362,43.233333333333334,0.640857761610974,-0.5982202447163528,0
4800333169346,SERETIDE (SALMETEROL + FLUTICASONE PROP)25/50MCG MDI,RESPIRATORY,PRESCRIPTION,28.0,11523.400000000001,12.0,411.55000000000007,2.3333333333333335,0.6388765649999398,0.06293706293706298,0
4800333169353,SERETIDE INHALER 25/125,RESPIRATORY,PRESCRIPTION,102.0,64745.09,26.0,634.7557843137255,3.923076923076923,0.8362693377308283,0.15179487179487186,0
4800333169360,SERETIDE 25/250MCG MDI,RESPIRATORY,PRESCRIPTION,34.0,27452.82,19.0,807.4358823529411,1.7894736842105263,0.38796782230214466,0.010526315789473696,0
4800333213322,XYZAL TAB 5MG 30&#039;,RESPIRATORY,PRESCRIPTION,246.0,7479.15,16.0,30.403048780487804,15.375,1.0760923522073802,-0.26176470588235234,0
4800333227343,VENTOLIN ROTACAP,RESPIRATORY,PRESCRIPTION,216.0,2106.6,11.0,9.752777777777778,19.636363636363637,1.526739265440071,5.345454545454546,0
4800333227923,ANORO ELLIPTA 62.5/25MCG,RESPIRATORY,PRESCRIPTION,13.0,37245.0,10.0,2865.0,1.3,0.6923076923076924,0.16363636363636355,0
4800333272145,ZOVIRAX CREAM 2G,ANTIBIOTICS,PRESCRIPTION,1.0,727.92,1.0,727.92,1.0,0.0,0.0,0
4800333900017,TRELEGY ELLIPTA (FLUTICASONE FUROATE+UMECLIDINIUM+VILANTEROL) 100MCG/62.5MCG/25MCG 30ACT,RESPIRATORY,PRESCRIPTION,1.0,2614.99,1.0,2614.99,1.0,0.0,0.0,0
4800333900031,VENTOLIN NEBULES 2.5MG/2.5ML,RESPIRATORY,PRESCRIPTION,364.0,15812.13,23.0,43.43991758241758,15.826086956521738,0.7978771193591835,-0.649209486166008,0
4800333900420,AUGMENTIN(CO-AMOXICLAV) 457MG/5ML 35ML,ANTIBIOTICS,PRESCRIPTION,11.0,3426.5,6.0,311.5,1.8333333333333333,0.5821022034029862,-0.08571428571428573,0
4800333900437,AUGMENTIN 457MG 70ML,ANTIBIOTICS,PRESCRIPTION,31.0,12029.0,13.0,388.03225806451616,2.3846153846153846,0.6689174630105716,-0.12087912087912094,0
4800333900642,VENTOLIN EXPECTORANT SYR 50MG/5ML SYRUP 100ML,RESPIRATORY,PRESCRIPTION,11.0,3204.25,8.0,291.29545454545456,1.375,0.35208939510976517,-0.059523809523809514,0
4800333900659,VENTOLIN EXPECTORANT SYR 2MG/5ML SYRUP 100ML ORANGE,RESPIRATORY,PRESCRIPTION,1.0,284.75,1.0,284.75,1.0,0.0,0.0,0
4800333900741,AUGMENTIN 312MG/5ML 60ML SUSP,ANTIBIOTICS,PRESCRIPTION,2.0,562.0,2.0,281.0,1.0,0.0,-7.850462293418875e-17,0
4800333900758,AUGMENTIN SUSP 228.5MG 70ML,ANTIBIOTICS,PRESCRIPTION,2.0,420.0,2.0,210.0,1.0,0.0,-7.850462293418875e-17,0
4800333900765,AUGMENTIN (CO-AMOXICLAV) 1G,ANTIBIOTICS,PRESCRIPTION,23.0,1668.5,1.0,72.54347826086956,23.0,0.0,0.0,0
4800338594365,XYCLOVIRAX (ACICLOVIR) 400MG TABLET,ANTIBIOTICS,PRESCRIPTION,90.0,1135.26,4.0,12.614,22.5,0.24845199749997665,0.3999999999999978,0
4800339951044,DYNATUSSIN SYR 60ML,RESPIRATORY,PRESCRIPTION,4.0,511.5,4.0,127.875,1.0,0.0,-8.214889951798643e-17,0
4800343860769,CLOVIMED (CO-AMOXICLAV) 250MG/62.50MG SUSP 60ML,ANTIBIOTICS,PRESCRIPTION,2.0,371.45,2.0,185.725,1.0,0.0,-7.850462293418875e-17,0
4800343860776,CLOVIMED (CO-AMOXICLAV) 400MG/57MG SUSP,ANTIBIOTICS,PRESCRIPTION,8.0,2110.88,4.0,263.86,2.0,0.3535533905932738,0.4,0
4800343860998,ISOPRINE 10MG TAB,GUT AND HORMONES,PRESCRIPTION,620.0,14868.86,19.0,23.982032258064518,32.63157894736842,0.5684883290173408,0.7859649122807021,0
4800343861407,DOPAMAINE (METHYLDOPA) 250MG TAB,CARDIOVASCULAR,PRESCRIPTION,70.0,647.5,3.0,9.25,23.333333333333332,0.20203050891044214,-5.0000000000000036,0
4800346000193,MOTILIUM TAB 10MG,GIT,PRESCRIPTION,261.0,8489.119999999999,21.0,32.52536398467433,12.428571428571429,0.9692047808658755,0.2259740259740262,0
4800346000261,STUGERON FORTE (CINNARIZINE) 75MG TAB,PAIN MANAGEMENT,PRESCRIPTION,15.0,1650.01,2.0,110.00066666666666,7.5,0.3333333333333333,-5.0,0
4800346002647,DOLCET TAB 37.5/325MG,PAIN MANAGEMENT,PRESCRIPTION,160.0,8662.6,18.0,54.14125,8.88888888888889,1.2470590403024229,0.852425180598555,0
4800348110326,KIDZ KIT 3 FORTE,RESPIRATORY,PRESCRIPTION,9.0,4424.33,5.0,491.59222222222223,1.8,0.6478835438717002,-0.5000000000000002,0
4800348111316,MONTEMAX (MONTELUKAST) 4MG TAB,RESPIRATORY,PRESCRIPTION,242.0,8954.0,6.0,37.0,40.333333333333336,0.9899432841116723,-18.97142857142857,0
4800348111323,MONTEMAX (MONTELUKAST) 5MG TAB,RESPIRATORY,PRESCRIPTION,412.0,16163.4,7.0,39.23155339805825,58.857142857142854,0.6003149014971748,-2.321428571428572,0
4800348111330,MONTEMAX (MONTELUKAST) 10MG TAB,RESPIRATORY,PRESCRIPTION,148.0,6771.0,6.0,45.75,24.666666666666668,0.40652997179706274,-1.7714285714285725,0
4800348112726,NATRAVOX SUSP 228.5MG5ML 70ML,ANTIBIOTICS,PRESCRIPTION,4.0,844.53,4.0,211.1325,1.0,0.0,-8.214889951798643e-17,0
4800348112733,NATRAVOX 312.5MG/5ML 60ML SUSP,ANTIBIOTICS,PRESCRIPTION,2.0,539.48,2.0,269.74,1.0,0.0,-7.850462293418875e-17,0
4800348112740,NATRAVOX (CO-AMOXICLAV) 457MG/5ML 70ML,ANTIBIOTICS,PRESCRIPTION,188.0,71975.17,24.0,382.8466489361702,7.833333333333333,0.534885322977725,0.03304347826086948,0
4800348112757,NATRAVOX 457MG/5ML 35ML SUSP,ANTIBIOTICS,PRESCRIPTION,108.0,31188.02,25.0,288.777962962963,4.32,0.6667952550884751,-0.060769230769230895,0
4800348112788,NATRAVOX (CO-AMOXICLAV) 642.9MG/5ML 70ML SUSP,ANTIBIOTICS,PRESCRIPTION,18.0,5978.7,8.0,332.15,2.25,0.5328701692569688,-0.26190476190476186,0
4800348113020,NATRAPHARM ATORVAST TAB 20MG,CARDIOVASCULAR,PRESCRIPTION,28.0,507.0,3.0,18.107142857142858,9.333333333333334,0.10101525445522107,0.9999999999999998,0
4800348113044,ATORVAST-NATRAPHARM (ATORVASTATIN) 80MG,CARDIOVASCULAR,PRESCRIPTION,36.0,842.88,4.0,23.413333333333334,9.0,1.1653431646335017,6.799999999999999,0
4800348113419,AZITHRO-NATRAPHARM (AZITHROMYCIN) 500MG TAB,ANTIBIOTICS,PRESCRIPTION,21.0,2080.65,4.0,99.07857142857144,5.25,0.3400680204068024,-0.3000000000000003,0
4800348114515,BREZU SYR 5MCG/ML 60ML..,RESPIRATORY,PRESCRIPTION,355.0,83914.36,24.0,236.37847887323943,14.791666666666666,0.6899913606432684,0.9378260869565217,0
4800348124316,NATRAVOX 625MG FC TAB,ANTIBIOTICS,PRESCRIPTION,699.0,32770.85,17.0,46.88247496423462,41.11764705882353,0.5870718937275169,1.1544117647058825,0
4800348620511,I-MAX 500MG TAB,ANTIDIABETICS,PRESCRIPTION,263.0,1511.79,12.0,5.748250950570342,21.916666666666668,0.59824037059384,-1.0874125874125873,0
4800350107017,MEPTIN 50MG TAB,RESPIRATORY,PRESCRIPTION,550.0,11473.4,19.0,20.86072727272727,28.94736842105263,0.4702663215914366,-0.07017543859649072,0
4800350107024,MEPTIN 25MG TAB,RESPIRATORY,PRESCRIPTION,929.0,13130.9,21.0,14.134445640473627,44.23809523809524,0.7217050790345122,2.985714285714285,0
4800350107550,SAMSCA (TOLVAPTAN) 15MG TAB,PAIN MANAGEMENT,PRESCRIPTION,10.0,7180.8,4.0,718.08,2.5,0.6633249580710799,1.0000000000000002,0
4800350107611,MEPTIN SYR 60ML,RESPIRATORY,PRESCRIPTION,200.0,49418.51,27.0,247.09255000000002,7.407407407407407,0.8201524248577212,0.24481074481074488,0
4800350350109,MUCOSTA TAB,GIT,PRESCRIPTION,242.0,7525.780000000001,10.0,31.09826446280992,24.2,0.8409471634323967,0.8000000000000003,0
4800363081151,PROLIX TAB 20MG,RESPIRATORY,PRESCRIPTION,591.0,4554.48,24.0,7.706395939086294,24.625,0.6028795910892324,0.5734782608695651,0
4800363081182,PROLIX (PREDNISONE) 10MG 60ML SUSP.,RESPIRATORY,PRESCRIPTION,7.0,1013.25,4.0,144.75,1.75,0.47380354147934284,-0.09999999999999996,0
4800369000071,ALLURASE(ALLOPURINOL) 100MG TAB,PAIN MANAGEMENT,PRESCRIPTION,211.0,1531.26,11.0,7.257156398104265,19.181818181818183,0.8352534350733726,-3.1636363636363627,0
4800369000088,ALLURASE (ALLOPURINOL) 300MG TAB,PAIN MANAGEMENT,PRESCRIPTION,50.0,748.4399999999999,2.0,14.968799999999998,25.0,0.6,29.999999999999993,0
4800369000286,ASFRENONSYR 2MG 60ML SYR,RESPIRATORY,PRESCRIPTION,176.0,15275.23,28.0,86.79107954545454,6.285714285714286,0.6932749564849838,0.20799124247400114,0
4800369000675,MUCOTUSS FORTE CAP,RESPIRATORY,PRESCRIPTION,2164.0,14610.96,31.0,6.751829944547135,69.80645161290323,0.5630889637722525,1.448387096774193,0
4800369000811,ASFRENON-GF (SALBUTAMOL GUAIFENESIN) 1MG/50MG PER 5ML SYRUP 60ML,RESPIRATORY,PRESCRIPTION,64.0,7289.6,20.0,113.9,3.2,0.7692833515681982,0.05714285714285707,0
4800369001108,ASFRENON-GF 1MG/50MG/5ML 120ML BOT,RESPIRATORY,PRESCRIPTION,101.0,18108.6,16.0,179.29306930693068,6.3125,0.9129872566529638,0.15441176470588233,0
4800369001252,XIPRO TAB 500MG,ANTIBIOTICS,PRESCRIPTION,1138.0,43747.43,33.0,38.44238137082601,34.484848484848484,0.614694810556978,0.5611631016042782,0
4800369002341,TERAVOX (LEVIOFLOXACIN) 500MG,ANTIBIOTICS,PRESCRIPTION,71.0,4535.72,6.0,63.883380281690144,11.833333333333334,0.5863284027182718,-1.2857142857142851,0
4800489051632,MARVELON TAB 28&#039;,ANTIBIOTICS,PRESCRIPTION,20.0,3068.0,14.0,153.4,1.4285714285714286,0.43588989435406733,0.0219780219780219,0
4800489112180,JANUVIA (SITAGLIPTIN) 100MG TAB,ANTIDIABETICS,PRESCRIPTION,38.0,1838.8,3.0,48.38947368421052,12.666666666666666,0.4144214670532532,-0.9999999999999968,0
4800489112340,JANUVIA TAB 50MG,ANTIDIABETICS,PRESCRIPTION,237.0,9983.9,13.0,42.12616033755274,18.23076923076923,0.6773433373766696,1.6923076923076923,0
4800489114320,ARCOXIA 60MG TAB,PAIN MANAGEMENT,PRESCRIPTION,153.0,8472.75,19.0,55.377450980392155,8.052631578947368,0.8579785140612778,-0.02982456140350852,0
4800489114344,ARCOXIA 90MG TAB,PAIN MANAGEMENT,PRESCRIPTION,192.0,12671.44,24.0,65.99708333333334,8.0,0.7482618748361655,0.20260869565217376,0
4800489118250,JANUMET (SITAGLIPTIN + METFORMIN) 50MG/500MG TAB,ANTIDIABETICS,PRESCRIPTION,83.0,1992.0600000000002,7.0,24.000722891566266,11.857142857142858,0.7589405179770421,-1.3214285714285718,0
4800489426553,JANUMET 50MG/500MG TAB,ANTIDIABETICS,PRESCRIPTION,10.0,270.0,2.0,27.0,5.0,0.4,-4.0,0
4800489426577,JANUMET 50/1000MG TAB,ANTIDIABETICS,PRESCRIPTION,109.0,2659.45,9.0,24.398623853211006,12.11111111111111,0.9312717460880382,2.533333333333332,0
4800489426584,VELMETIA (SITAGLIPTIN + METFORMIN) 50MG/500MG,ANTIDIABETICS,PRESCRIPTION,186.0,4694.92,7.0,25.241505376344087,26.571428571428573,0.32240138388311723,1.142857142857143,0
4800562011812,ECTRIN 300 MG CAP,RESPIRATORY,PRESCRIPTION,102.0,2918.8199999999997,5.0,28.615882352941174,20.4,0.47888920556156134,5.5,0
4800562050118,CO-ALEVA TAB 10MG/.5MG,RESPIRATORY,PRESCRIPTION,463.0,17410.54,31.0,37.603758099352056,14.935483870967742,0.8422827697497483,0.26330645161290306,0
4800562235294,ANSIMAR (DOXOFYLLINE) 400MG TAB,RESPIRATORY,PRESCRIPTION,190.0,6174.0,7.0,32.49473684210526,27.142857142857142,0.6222557481184743,0.9642857142857149,0
4800562235317,ANSIMAR 100MG/5ML (2G/100ML) SYR 100ML,RESPIRATORY,PRESCRIPTION,36.0,11054.0,14.0,307.05555555555554,2.5714285714285716,0.9606453592105878,0.2637362637362638,0
4800573055195,HIVENT PLUS 2.5MG+500MCG/2.5ML AMP,RESPIRATORY,PRESCRIPTION,270.0,7731.78,16.0,28.636222222222223,16.875,0.6218252702059209,0.10882352941176494,0
4801010206118,BENADRYL AH CAP,RESPIRATORY,PRESCRIPTION,165.0,4781.85,19.0,28.980909090909094,8.68421052631579,0.642824346533225,-0.08947368421052612,0
4801010231103,VISINE ORIGINAL 15ML,EENT,PRESCRIPTION,7.0,1125.75,7.0,160.82142857142858,1.0,0.0,-4.4235991976298466e-17,0
4801962113106,DIANE 35 TAB 21&#039;..,GUT AND HORMONES,PRESCRIPTION,46.0,31456.0,27.0,683.8260869565217,1.7037037037037037,0.5004723666617973,0.02991452991452992,0
4801962207751,CIPROBAY 500MG TAB,ANTIBIOTICS,PRESCRIPTION,94.0,4059.0,12.0,43.180851063829785,7.833333333333333,0.5822949865278302,0.6363636363636366,0
4801962208222,XARELTO (RIVAROXABAN) 10MG TAB,CARDIOVASCULAR,PRESCRIPTION,51.0,6519.9,5.0,127.84117647058822,10.2,0.3583464094607268,-0.6999999999999995,0
4801962208260,XARELTO (RIVAROXABAN) 15MG TAB,CARDIOVASCULAR,PRESCRIPTION,89.0,11000.4,7.0,123.6,12.714285714285714,0.4342954626985998,-1.178571428571429,0
4801962612159,ELICA CREAM 5G,DERMATOLOGICALS,PRESCRIPTION,11.0,5003.8,8.0,454.89090909090913,1.375,0.5061603966209111,0.0595238095238095,0
4801962769204,VISANNE (DIENOGEST) 2MG TAB 28s,GUT AND HORMONES,PRESCRIPTION,5.0,11639.949999999999,5.0,2327.99,1.0,0.0,-1.0507920739455759e-16,0
4801962912167,CLARICORT ( LORATADINE/BETAMETHASONE) 5MG/250MCG TAB,RESPIRATORY,PRESCRIPTION,98.0,4851.0,5.0,49.5,19.6,0.38397730045360773,1.1999999999999995,0
4806011583848,LEVOPRONT SYR 60ML,ANTIBIOTICS,PRESCRIPTION,9.0,4231.0,8.0,470.1111111111111,1.125,0.2939723678960656,-0.03571428571428577,0
4806011585392,FERTYL 50MG TAB,GUT AND HORMONES,PRESCRIPTION,30.0,4732.200000000001,3.0,157.74000000000004,10.0,0.0,5.765780763233607e-16,0
4806011585934,K-CAB (TEGOPRAZAN) 50MG FC TAB,GIT,PRESCRIPTION,77.0,8475.5,10.0,110.07142857142857,7.7,1.0043756519992366,-0.527272727272727,0
4806030400676,HYPACE TAB 5MG,CARDIOVASCULAR,PRESCRIPTION,61.0,660.15,7.0,10.822131147540983,8.714285714285714,0.9750998267516754,0.9642857142857142,0
4806030400683,HYPACE TAB 10MG,CARDIOVASCULAR,PRESCRIPTION,33.0,402.8,5.0,12.206060606060607,6.6,0.6611340675536798,0.1999999999999985,0
4806032401336,VONWELT PREDNISONE 10MG TAB,RESPIRATORY,PRESCRIPTION,400.0,1491.44,18.0,3.7286,22.22222222222222,0.8317301244995279,1.5005159958720329,0
4806033300195,RM AMLODIPINE 10MG,CARDIOVASCULAR,PRESCRIPTION,984.0,8242.5,27.0,8.376524390243903,36.44444444444444,0.6677594899860196,-1.1440781440781445,0
4806033300201,RM AMLODIPINE 5MG,CARDIOVASCULAR,PRESCRIPTION,1491.0,9760.11,18.0,6.546016096579478,82.83333333333333,0.46218578322296483,1.7698658410732706,0
4806033300249,RM CAPTOPRIL 25MG TAB,CARDIOVASCULAR,PRESCRIPTION,44.0,432.08000000000004,3.0,9.82,14.666666666666666,0.51425947722658,-7.999999999999998,0
4806033300270,RM CLINDAMYCIN HCI 300MG CAP,ANTIBIOTICS,PRESCRIPTION,446.0,16587.35,12.0,37.19136771300448,37.166666666666664,1.1145008965390084,-5.860139860139862,0
4806033300379,RM ATORVASTATIN 10MG TAB,CARDIOVASCULAR,PRESCRIPTION,938.0,11115.9,30.0,11.850639658848614,31.266666666666666,0.8081811034413872,0.39999999999999925,0
4806033300386,RM ATORVASTATIN 20MG TAB,CARDIOVASCULAR,PRESCRIPTION,815.0,11929.67,28.0,14.637631901840491,29.107142857142858,0.6943993971697536,-0.33032293377120897,0
4806033300393,RM ATORVASTATIN 40MG TAB,CARDIOVASCULAR,PRESCRIPTION,106.0,2156.7,3.0,20.34622641509434,35.333333333333336,0.535663002512392,-1.9999999999999944,0
4806033300409,RM CLARITHROMYCIN 500MG TAB,ANTIBIOTICS,PRESCRIPTION,165.0,8712.0,9.0,52.8,18.333333333333332,0.44238272947623414,-1.3166666666666649,0
4806033300577,RM AMOXICILLIN 500MG CAP,ANTIBIOTICS,PRESCRIPTION,37.0,277.5,1.0,7.5,37.0,0.0,0.0,0
4806033300775,RM CEFIXIME 200MG,ANTIBIOTICS,PRESCRIPTION,107.0,8658.029999999999,6.0,80.91616822429906,17.833333333333332,1.0452676715544975,2.6,0
4806033300805,RM CIPROFLOXACIN 500MG TAB,ANTIBIOTICS,PRESCRIPTION,240.0,7491.28,10.0,31.213666666666665,24.0,0.4552929459882578,-1.2727272727272714,0
4806033300829,RM CLOPIDOGREL 75MG TAB,CARDIOVASCULAR,PRESCRIPTION,1410.0,26825.81,32.0,19.02539716312057,44.0625,0.7118462009678089,0.9406158357771259,0
4806033300850,RM CLOXACILLIN 500MG,ANTIBIOTICS,PRESCRIPTION,188.0,3243.0,4.0,17.25,47.0,0.7001907519959291,7.600000000000001,0
4806033300904,RM DOMPERIDONE 10MG TAB,GIT,PRESCRIPTION,130.0,1721.25,7.0,13.240384615384615,18.571428571428573,0.3728984505704868,-2.607142857142857,0
4806033300928,RM ERYTHROMYCIN STEARATE 500MG TAB,ANTIBIOTICS,PRESCRIPTION,41.0,522.48,5.0,12.743414634146342,8.2,0.4110316962525053,-0.20000000000000062,0
4806033301093,RM METOPROLOL 100MG TAB,CARDIOVASCULAR,PRESCRIPTION,2.0,7.2,1.0,3.6,2.0,0.0,0.0,0
4806033301109,RM METOPROLOL 50MG TAB,CARDIOVASCULAR,PRESCRIPTION,291.0,795.0,9.0,2.731958762886598,32.333333333333336,0.6147650109639411,-1.0333333333333363,0
4806033301116,RM METRONIDAZOLE 500MG TAB,ANTIBIOTICS,PRESCRIPTION,29.0,406.0,2.0,14.0,14.5,0.1724137931034483,-5.000000000000002,0
4806033301130,RM MONTELUKAST SODIUM 10MG TAB,RESPIRATORY,PRESCRIPTION,159.0,4829.44,9.0,30.373836477987417,17.666666666666668,0.9760390306700045,-4.3166666666666655,0
4806033301284,RM CEFALEXIN 500MG CAP,ANTIBIOTICS,PRESCRIPTION,156.0,2898.7200000000003,11.0,18.581538461538464,14.181818181818182,0.6475310922653534,0.3818181818181813,0
4806033301291,RM CO-AMOXICLAV 625MG,ANTIBIOTICS,PRESCRIPTION,45.0,1561.4,3.0,34.69777777777778,15.0,0.6820448556987914,-5.499999999999996,0
4806033301338,RM TERAZOSIN HCL 2MG,GUT AND HORMONES,PRESCRIPTION,20.0,552.8199999999999,2.0,27.641,10.0,0.5,-10.0,0
4806033302229,RM OMEPRAZOLE 40MG CAP,GIT,PRESCRIPTION,72.0,2709.4,6.0,37.63055555555556,12.0,1.0628403594282771,-0.22857142857142865,0
4806033302618,RM DICYCLOVERINE HYDROCHLORIDE 10MG TAB,GIT,PRESCRIPTION,39.0,370.5,4.0,9.5,9.75,0.5541072508967771,-1.899999999999999,0
4806033302731,RM COLCHICINE 500MG TAB,PAIN MANAGEMENT,PRESCRIPTION,2569.0,9167.43,30.0,3.568481899571818,85.63333333333334,0.91397140787721,0.050500556173523746,0
4806033302830,RM METFORMIN 500MG TAB,ANTIDIABETICS,PRESCRIPTION,1787.0,6207.4,30.0,3.473642977056519,59.56666666666667,0.9161821245328549,0.7254727474972187,0
4806033304551,RM LOSARITE (LOSARTAN POTASSIUM) 50MG TAB,CARDIOVASCULAR,PRESCRIPTION,64.0,781.55,6.0,12.21171875,10.666666666666666,1.0019512213675876,1.5999999999999994,0
4806033305497,RM LOSARTAN 100MG TAB,CARDIOVASCULAR,PRESCRIPTION,225.0,3289.29,10.0,14.619066666666667,22.5,0.8296362433598814,-2.478787878787877,0
4806033305824,RM ROSUVASTATIN 20MG TAB,CARDIOVASCULAR,PRESCRIPTION,213.0,5795.2,9.0,27.207511737089202,23.666666666666668,0.7156814656852112,-1.0333333333333328,0
4806033306081,RM TRIMETAZIDINE 35MG TAB,CARDIOVASCULAR,PRESCRIPTION,1783.0,21097.44,27.0,11.83255187885586,66.03703703703704,0.6949734174624123,2.688034188034189,0
4806033307392,RM LOSARTAN 50MG TAB,CARDIOVASCULAR,PRESCRIPTION,881.0,10990.99,7.0,12.475584562996595,125.85714285714286,1.7237581866210965,-59.607142857142875,1
4806033307941,RM AZITHROMYCIN DIHYDRATE 500MG TAB,ANTIBIOTICS,PRESCRIPTION,362.0,34190.8,18.0,94.44972375690608,20.11111111111111,1.0009305520491094,-1.058823529411764,0
4806033308092,RM SIMVASTATIN 20MG TAB,CARDIOVASCULAR,PRESCRIPTION,60.0,900.0,1.0,15.0,60.0,0.0,0.0,0
4806033309266,RM SITAGLIPTIN 50MG TAB,ANTIDIABETICS,PRESCRIPTION,60.0,1496.88,2.0,24.948,30.0,0.0,-1.6239695141939146e-15,0
4806033309273,RM SITAGLIPTIN 100MG TAB,ANTIDIABETICS,PRESCRIPTION,12.0,385.67999999999995,2.0,32.13999999999999,6.0,0.6666666666666666,7.999999999999997,0
4806033309310,RM TELMISARTAN+HYDROCHLOROTHIAZIDE 40MG/12.5MG TAB,CARDIOVASCULAR,PRESCRIPTION,30.0,435.0,1.0,14.5,30.0,0.0,0.0,0
4806033309778,RM AMLODIPINE 5MG,CARDIOVASCULAR,PRESCRIPTION,1002.0,6219.09,15.0,6.206676646706587,66.8,0.49397265917457417,-0.22142857142857256,0
4806033313485,RM DIOSMIN+HESPERIDIN 450MG/50MG TAB,CARDIOVASCULAR,PRESCRIPTION,30.0,959.0,4.0,31.966666666666665,7.5,0.5033222956847166,-2.7999999999999985,0
4806035210270,TORVASTATIN 20MG TAB,CARDIOVASCULAR,PRESCRIPTION,500.0,844.2,6.0,1.6884000000000001,83.33333333333333,0.42469753943247657,-15.485714285714273,0
4806037100289,ROZATIN-10 (ROSUVASTATIN) 10MG TAB,CARDIOVASCULAR,PRESCRIPTION,890.0,6762.88,11.0,7.598741573033708,80.9090909090909,0.6404987168110381,-2.3545454545454527,0
4806037100296,ROZATIN-20(ROSUVASTATIN) 20MG FC TAB,CARDIOVASCULAR,PRESCRIPTION,875.0,7312.070000000001,15.0,8.356651428571428,58.333333333333336,0.7515708719144216,0.9142857142857151,0
4806037100449,SUPRAPHIL (CEFIXIME) 200MG TAB,ANTIBIOTICS,PRESCRIPTION,451.0,6253.24,11.0,13.865277161862528,41.0,0.5550150899214906,-2.790909090909087,0
4806037101873,ACETYPHIL (ACETYLCYSTEINE) 600MG SACHET,RESPIRATORY,PRESCRIPTION,669.0,13946.52,9.0,20.846816143497758,74.33333333333333,0.5396838164423456,-2.466666666666668,0
4806037102092,CLAVXICURE (CO-AMOXICLAV) 457MG/5ML 70ML SUSP,ANTIBIOTICS,PRESCRIPTION,4.0,1275.92,2.0,318.98,2.0,0.0,-1.570092458683775e-16,0
4806037104461,CLAVXICURE (CO-AMOXICLAV) 625MG,ANTIBIOTICS,PRESCRIPTION,266.0,7226.4,2.0,27.16691729323308,133.0,0.7894736842105263,209.99999999999994,2
4806037104768,AEPOTIN ( EPOETIN ALFA ) 400IU/ML SOLUTION,GUT AND HORMONES,PRESCRIPTION,59.0,25960.0,7.0,440.0,8.428571428571429,0.4987775921885478,-0.17857142857142888,0
4806501130095,MUCOBRON FORTE CAP,RESPIRATORY,PRESCRIPTION,775.0,11475.89,20.0,14.807599999999999,38.75,0.724967256786892,0.9586466165413524,0
4806501170398,COLVAN 12.5MG/0.5MG/5ML SYR 60ML,RESPIRATORY,PRESCRIPTION,5.0,625.5,4.0,125.1,1.25,0.34641016151377546,-0.30000000000000016,0
4806502360330,K-LYTE (POTASSIUM CHLORIDE) 600MG TAB 100&#039;S,GUT AND HORMONES,PRESCRIPTION,13.0,170.87,1.0,13.143846153846154,13.0,0.0,0.0,0
4806503122197,SQCEF (CEFUROXIME) 250MG/5ML 50ML SUSP,ANTIBIOTICS,PRESCRIPTION,11.0,3025.0,8.0,275.0,1.375,0.35208939510976517,0.0595238095238095,0
4806503124566,MIA FORTE (SAMBONG LEAF) TAB,GUT AND HORMONES,PRESCRIPTION,69.0,517.5,7.0,7.5,9.857142857142858,0.4109404892393573,-0.5714285714285718,0
4806504261185,DEXAT (DEXAMETHASONE) 500MCG,RESPIRATORY,PRESCRIPTION,3.0,6.0,1.0,2.0,3.0,0.0,0.0,0
4806504269976,CEFAR (CEFACLOR) 50MG/ML 10ML SUSP,EENT,PRESCRIPTION,5.0,332.5,2.0,66.5,2.5,0.2,0.9999999999999994,0
4806504651245,AMARA 4MG (GLIMEPIRIDE) TAB,ANTIDIABETICS,PRESCRIPTION,14.0,187.6,1.0,13.4,14.0,0.0,0.0,0
4806504653065,RENALOG FC TAB,GUT AND HORMONES,PRESCRIPTION,592.0,19065.2,12.0,32.20472972972973,49.333333333333336,0.9541870744109736,0.601398601398604,0
4806504653348,CORVELAM 800MG (SEVELAMER CARBONATE) TAB,GUT AND HORMONES,PRESCRIPTION,3251.0,112259.5,28.0,34.53075976622578,116.10714285714286,0.3872129246275168,-2.1403940886699484,0
4806504653447,TELMIRIN 40 TAB,CARDIOVASCULAR,PRESCRIPTION,335.0,4624.0,10.0,13.802985074626866,33.5,1.2047466824798951,1.9212121212121234,0
4806504656479,VESSEL DUE-F 250 LSU SOFTGEL CAP,CARDIOVASCULAR,PRESCRIPTION,1014.0,55917.79,27.0,55.14574950690336,37.55555555555556,0.7579394318456829,-0.7405372405372407,0
4806504850075,ZANIDIP 10MG TAB,CARDIOVASCULAR,PRESCRIPTION,553.0,16015.84,29.0,28.961735985533455,19.06896551724138,0.6138754451619597,-0.3576354679802947,0
4806504850129,ZANIDIP TAB 20MG,CARDIOVASCULAR,PRESCRIPTION,269.0,10018.14,18.0,37.24215613382899,14.944444444444445,0.6069506152478865,0.3581011351909185,0
4806504850136,HIDRASEC 100MG CAP,GIT,PRESCRIPTION,168.0,8254.43,17.0,49.1335119047619,9.882352941176471,0.5409139196588729,0.06127450980392167,0
4806504850150,HIDRASEC (RACECADOTRIL) POWDER 30MG SAC 30&#039;s,GIT,PRESCRIPTION,1.0,59.75,2.0,59.75,0.5,1.0,0.9999999999999998,0
4806505140731,ZENOBLOC-50 (ATENOLOL) 50MG TAB,CARDIOVASCULAR,PRESCRIPTION,10.0,36.0,1.0,3.6,10.0,0.0,0.0,0
4806505751395,CALMODIN (ZINC OXIDE/CALAMINE) 160MG/50MG 10G CREAM,DERMATOLOGICALS,PRESCRIPTION,20.0,3018.4,10.0,150.92000000000002,2.0,1.0488088481701516,0.4606060606060605,0
4806505754488,PRED 20 (PREDNISOLONE) 60ML,RESPIRATORY,PRESCRIPTION,99.0,33165.0,21.0,335.0,4.714285714285714,0.6004793514222969,0.11298701298701307,0
4806505754761,ZINDAL 300 (CLINDAMYCIN) 300MG CAP,ANTIBIOTICS,PRESCRIPTION,100.0,4337.9,4.0,43.379,25.0,0.6675327707311455,14.000000000000002,0
4806505755218,PROX-S ( SALBUTAMOL) 60ML SYRUP,RESPIRATORY,PRESCRIPTION,31.0,3007.0,10.0,97.0,3.1,0.5670450268144176,-0.10303030303030304,0
4806505756840,PRED 20 (PREDNISOLONE) SUSP 20MG 30ML,RESPIRATORY,PRESCRIPTION,4.0,776.29,3.0,194.0725,1.3333333333333333,0.3535533905932738,1.0813965140346581e-17,0
4806505757281,PROX-S ( SALBUTAMOL) 120ML SYRUP,RESPIRATORY,PRESCRIPTION,26.0,4140.0,7.0,159.23076923076923,3.7142857142857144,0.5131409255433206,0.10714285714285693,0
4806505757533,PRED 10 (PREDNISONE) 10MG/5ML 60ML SUSP,RESPIRATORY,PRESCRIPTION,7.0,1552.25,5.0,221.75,1.4,0.3499271061118826,0.3,0
4806505758158,PRED 5 (PREDNISONE) 5MG TAB,RESPIRATORY,PRESCRIPTION,60.0,305.0,4.0,5.083333333333333,15.0,0.8137703743822468,-2.000000000000001,0
4806505758561,PRED (PREDNISOLONE) 20MG TAB,RESPIRATORY,PRESCRIPTION,170.0,1571.25,5.0,9.242647058823529,34.0,0.6704334186614891,-8.900000000000011,0
4806508320062,CETAMID (ACETAZOLAMIDE) 250MG TAB,CARDIOVASCULAR,PRESCRIPTION,3.0,55.5,1.0,18.5,3.0,0.0,0.0,0
4806508321205,CURAFEN (DICLOFENAC SODIUM) 100MG FC TAB,PAIN MANAGEMENT,PRESCRIPTION,422.0,1253.16,15.0,2.96957345971564,28.133333333333333,1.7278863010577368,1.8464285714285718,0
4806508321885,K-LYTE (POTASSIUM CHLORIDE) 600MG TAB,GUT AND HORMONES,PRESCRIPTION,184.0,3181.28,17.0,17.289565217391306,10.823529411764707,0.7179263485664623,-0.30637254901960764,0
4806508322066,"AFUNGINAL (NYSTATIN) 100,000 UNITS/ML 30ML",ANTIBIOTICS,PRESCRIPTION,11.0,7029.92,8.0,639.0836363636364,1.375,0.35208939510976517,0.05952380952380949,0
4806508841376,DEHYDROSOL (ORS-75 REPLACEMENT) ORAL SOLUTION,RESPIRATORY,PRESCRIPTION,28.0,159.44,4.0,5.694285714285714,7.0,0.5050762722761054,0.2000000000000015,0
4806508841536,ALKALINSE (POTASSIUM CITRATE) 1.08G (10MEQ) TAB,GUT AND HORMONES,PRESCRIPTION,37.0,307.84,3.0,8.319999999999999,12.333333333333334,0.44079747108919165,-6.499999999999999,0
4806509863353,RAPICLAV (CO-AMOXICLAV) 625 MG TAB 21&#039;S,ANTIBIOTICS,PRESCRIPTION,1.0,21.4,1.0,21.4,1.0,0.0,0.0,0
4806510138044,VISTACOM OPTHA DROPS,EENT,PRESCRIPTION,1.0,300.0,1.0,300.0,1.0,0.0,0.0,0
4806510660620,QUADMAX (RIFAMPICIN) 150MG + INH 75 + EMB 275ML TAB,ANTIBIOTICS,PRESCRIPTION,12.0,154.75,1.0,12.895833333333334,12.0,0.0,0.0,0
4806510660644,CIMEX 25MG/5ML 50ML SUSP,ANTIBIOTICS,PRESCRIPTION,8.0,3193.09,6.0,399.13625,1.3333333333333333,0.3535533905932738,-0.057142857142857134,0
4806510660651,CIMEX 125MG/5ML 50ML SUSP,ANTIBIOTICS,PRESCRIPTION,2.0,718.0,2.0,359.0,1.0,0.0,-7.850462293418875e-17,0
4806510661696,SORBIFER DURULES TAB,ANTIBIOTICS,PRESCRIPTION,100.0,1146.31,7.0,11.463099999999999,14.285714285714286,0.47728398255126897,-0.7142857142857145,0
4806510662273,FURIC (FEBUXOSTAT) 40MG TAB,PAIN MANAGEMENT,PRESCRIPTION,230.0,4069.8,4.0,17.694782608695654,57.5,0.683646400382642,-8.399999999999984,0
4806510662617,PREGMAX M-75 (PREGABALIN+METHYLCOBALAMIN) 75MG/750MCG CAP,NEUROLOGICAL DRUGS,PRESCRIPTION,199.0,5467.5,6.0,27.474874371859297,33.166666666666664,0.945538513081413,2.4285714285714275,0
4806510664383,VENOCARE (DIOSMIN + HESPERIDIN) 450MG/50MG,CARDIOVASCULAR,PRESCRIPTION,19.0,488.75,2.0,25.723684210526315,9.5,0.2631578947368421,4.999999999999997,0
4806511171095,PERISPA (EPERISONE) 50MG TAB,PAIN MANAGEMENT,PRESCRIPTION,253.0,8597.29,9.0,33.98138339920949,28.11111111111111,0.8084912363981404,-1.5666666666666638,0
4806511300273,HOVICOR (HYDROCORTISONE) CREAM 15G,DERMATOLOGICALS,PRESCRIPTION,23.0,5062.5,13.0,220.1086956521739,1.7692307692307692,0.5499613322031964,0.08791208791208795,0
4806511300327,ZEBET (GLICLAZIDE) 80MG TAB,ANTIDIABETICS,PRESCRIPTION,660.0,3606.25,15.0,5.464015151515151,44.0,0.834393265320449,-4.4607142857142845,0
4806511301751,Dapavid (Dapaglifozin) 10mg FCT,ANTIDIABETICS,PRESCRIPTION,37.0,1352.8,1.0,36.56216216216216,37.0,0.0,0.0,0
4806511594009,TRIFOCID (DICLOFENAC) 50MG,PAIN MANAGEMENT,PRESCRIPTION,170.0,489.0,4.0,2.876470588235294,42.5,0.5852867277097764,5.00000000000001,0
4806511990641,RENABAL (KETOANALOGUES + ESSENTIAL AMINO ACIDS) FC TAB,GUT AND HORMONES,PRESCRIPTION,600.0,9736.2,3.0,16.227,200.0,1.0611393248139787,-42.99999999999992,0
4806511990665,PEDIAZITH (AZITHROMYCIN) 200MH/5ML SUSP 15ML,ANTIBIOTICS,PRESCRIPTION,2.0,536.0,2.0,268.0,1.0,0.0,-7.850462293418875e-17,0
4806512120023,FOSKINA 2% W/W (2G/100G) TOPICAL OINTMENT 15G,DERMATOLOGICALS,PRESCRIPTION,4.0,2847.0,3.0,711.75,1.3333333333333333,0.3535533905932738,1.0813965140346581e-17,0
4806512120054,FOSKINA 2% W/W (2G/100G) TOPICAL OINTMENT 5G,DERMATOLOGICALS,PRESCRIPTION,16.0,4642.04,9.0,290.1275,1.7777777777777777,0.4419417382415922,-0.1499999999999998,0
4806512120146,PECOF SYRUP 100ML,RESPIRATORY,PRESCRIPTION,12.0,3059.04,9.0,254.92,1.3333333333333333,0.3535533905932738,-0.016666666666666646,0
4806512120160,CANDIBEC 10MG/G/250MCG2G CREAM,DERMATOLOGICALS,PRESCRIPTION,28.0,13756.5,15.0,491.30357142857144,1.8666666666666667,0.4315373561998061,0.03571428571428574,0
4806512120535,FOSKINA B 20MG/500MCG 5G,DERMATOLOGICALS,PRESCRIPTION,10.0,5140.75,8.0,514.075,1.25,0.5291502622129182,-0.02380952380952388,0
4806513450020,CELSUS POLYMYXIN B SULFATE+NEOMYCIN EYE DROPS,EENT,PRESCRIPTION,4.0,963.6,4.0,240.9,1.0,0.0,-8.214889951798643e-17,0
4806513450068,CELSUS PREDNISOLONE ACETATE 1% OPTHA DROPS 5ML,EENT,PRESCRIPTION,3.0,646.8,3.0,215.6,1.0,0.0,8.985767264226737e-17,0
4806513450075,CELSUS TIMOLOL MALEATE .05% 5ML EYE DROPS,EENT,PRESCRIPTION,12.0,4524.0,9.0,377.0,1.3333333333333333,0.3535533905932738,-0.06666666666666664,0
4806513450082,CELSUS ERYTHROMYCIN 5MG/G 3.5G,EENT,PRESCRIPTION,1.0,206.8,1.0,206.8,1.0,0.0,0.0,0
4806513450112,CELSUS TOBRAMYCIN+DEXAMETHASONE 3MG/1MG (0.3% W/V) 5ML,EENT,PRESCRIPTION,1.0,282.0,1.0,282.0,1.0,0.0,0.0,0
4806513450136,CELSUS OFLOXACIN 3MG/ML 5ML,EENT,PRESCRIPTION,2.0,484.0,2.0,242.0,1.0,0.0,-7.850462293418875e-17,0
4806513450174,CELSUS DEXTRAN 70 HYDROXYPROPYL METHYLCELLULOSE 10ML,EENT,PRESCRIPTION,4.0,877.8,3.0,219.45,1.3333333333333333,0.3535533905932738,1.0813965140346581e-17,0
4806513450204,CELSUS CIPROFLOXACIN HCL DEXAMETHASONE 3MG/1MG PER ML (0.3%W/V/0.1%W/V) 5ML,EENT,PRESCRIPTION,4.0,981.75,1.0,245.4375,4.0,0.0,0.0,0
4806513450228,CELSUS HYPROMELLOSE ADENOSINE TRIPHOSPHATE OPTHA DROPS 10ML,EENT,PRESCRIPTION,13.0,2860.2,6.0,220.0153846153846,2.1666666666666665,0.6201736729460423,0.5428571428571427,0
4806513450273,CELSUS LATANOPROST 50MCG/ML (0.005% W/V,EENT,PRESCRIPTION,5.0,3696.0,4.0,739.2,1.25,0.34641016151377546,0.10000000000000009,0
4806513450297,"CELSUS NEOMYCIN+GRAMICIDIN+NYSTATIN+TRIAMCINOLONE ACETONIDE 2.5MG/.25MG/100,000UNITS/1MG PER ML 5ML",EENT,PRESCRIPTION,6.0,2397.6,4.0,399.59999999999997,1.5,0.3333333333333333,0.20000000000000015,0
4806513980091,CIPROFLOX 500MG TAB,ANTIBIOTICS,PRESCRIPTION,249.0,7281.599999999999,14.0,29.243373493975902,17.785714285714285,0.6734186555196144,0.2835164835164831,0
4806513980336,PANTOVIC 40MG EC TAB,GIT,PRESCRIPTION,115.0,3161.0,11.0,27.48695652173913,10.454545454545455,0.5431825282344841,0.40909090909090967,0
4806514620026,TAPDIN 5MG TAB,GUT AND HORMONES,PRESCRIPTION,190.0,1216.98,8.0,6.405157894736842,23.75,0.6679857679244255,1.5476190476190472,0
4806514620057,TAPDIN TAB 20MG,GUT AND HORMONES,PRESCRIPTION,263.0,7348.7,13.0,27.941825095057034,20.23076923076923,0.9272110843678625,-0.9175824175824172,0
4806514630209,TOZAM FC TAB 50MG/5MG,CARDIOVASCULAR,PRESCRIPTION,1124.0,28839.32,29.0,25.657758007117437,38.758620689655174,0.6677886397696714,0.41970443349753717,0
4806514633569,PANTOR 20MG TAB,GIT,PRESCRIPTION,7.0,255.5,2.0,36.5,3.5,0.42857142857142855,-3.000000000000001,0
4806514633576,PANTOR TAB 40MG,GIT,PRESCRIPTION,82.0,3978.96,8.0,48.52390243902439,10.25,1.1248636641561176,-1.8809523809523816,0
4806515030213,DEPOFEMME 1MG VIAL 1,GUT AND HORMONES,PRESCRIPTION,2.0,360.0,1.0,180.0,2.0,0.0,0.0,0
4806515030428,DYNA AMLODIPINE 10MG,CARDIOVASCULAR,PRESCRIPTION,30.0,74.88,1.0,2.496,30.0,0.0,0.0,0
4806515270190,DESOTAP (PHENYLPROPANOLAMINE HYDROCHLORIDE) 12.5MG/5ML 60ML SYRUP,RESPIRATORY,PRESCRIPTION,6.0,188.5,5.0,31.416666666666668,1.2,0.33333333333333337,0.09999999999999981,0
4806516010108,DIUZID (HYDROCHLOROTHIAZIDE) 12.5MG,CARDIOVASCULAR,PRESCRIPTION,96.0,1100.63,5.0,11.464895833333335,19.2,0.5295110427974514,-3.000000000000002,0
4806516030052,TRAMAL 50MG CAP,PAIN MANAGEMENT,PRESCRIPTION,97.0,4221.57,7.0,43.52134020618556,13.857142857142858,0.7493930657891236,1.2142857142857146,0
4806517790023,KENZAR (LOSARTAN POTASSIUM) 50MG FC TAB,CARDIOVASCULAR,PRESCRIPTION,930.0,10356.5,23.0,11.136021505376345,40.43478260869565,0.695225944818287,-0.12055335968379527,0
4806517790054,PROVASC 5 (AMLODIPINE BESILATE) 5MG TAB,CARDIOVASCULAR,PRESCRIPTION,506.0,4796.0,23.0,9.478260869565217,22.0,0.7789219265041477,1.206521739130435,0
4806517790061,PROVASC 10 (AMLODIPINE BESILATE) 10MG TAB,CARDIOVASCULAR,PRESCRIPTION,956.0,12004.2,21.0,12.556694560669456,45.523809523809526,0.8408064048545867,0.6103896103896108,0
4806517790115,PROSEC (OMEPRAZOLE) 20MG CAP,GIT,PRESCRIPTION,10.0,277.5,2.0,27.75,5.0,0.4,3.999999999999999,0
4806517790122,CARDIPRES (CARVEDILOL) 25MG FC TAB,CARDIOVASCULAR,PRESCRIPTION,273.0,3748.0,11.0,13.728937728937728,24.818181818181817,0.6942527476296174,-0.45454545454545364,0
4806517790139,CLOVIX (CLOPIDOGREL) 75MG FC TAB,CARDIOVASCULAR,PRESCRIPTION,473.0,9794.5,15.0,20.707188160676534,31.533333333333335,1.2007749435744732,-1.253571428571426,0
4806517790146,PPAR (PIOGLITAZONE HYDROCHLORIDE) 30MG TAB,ANTIDIABETICS,PRESCRIPTION,29.0,371.2,2.0,12.799999999999999,14.5,1.0,28.999999999999996,0
4806517790153,KENZAR PLUS (LOSARTAN POTASSIUM + HYDROCHLOROTHIAZIDE) 50MG/12.5MG FC TAB,CARDIOVASCULAR,PRESCRIPTION,261.0,3828.61,13.0,14.669003831417625,20.076923076923077,0.6897403097726031,-0.9670329670329666,0
4806517790160,OMNIVOX (LEVOFLOXACIN) 500MG TAB,ANTIBIOTICS,PRESCRIPTION,223.0,10727.96,16.0,48.10744394618834,13.9375,0.74454318037785,0.7073529411764704,0
4806517790191,ZINOF 200 (FENOFIBRATE) 200MG CAP,CARDIOVASCULAR,PRESCRIPTION,310.0,6750.0,12.0,21.774193548387096,25.833333333333332,0.7802718382200211,-2.4055944055944036,0
4806517790207,GLIMESYN (GLIMEPIRIDE) 2MG TAB,ANTIDIABETICS,PRESCRIPTION,861.0,7829.55,22.0,9.093554006968642,39.13636363636363,0.6755639418485325,-0.9649915302089217,0
4806517790214,TMZ-MR (TRIMETAZIDINE HCL) 35MG TAB,CARDIOVASCULAR,PRESCRIPTION,1943.0,27419.45,25.0,14.111914565105508,77.72,0.7742335222872498,2.095384615384615,0
4806517790221,TENORVAS (ATENOLOL) 50MG FC TAB,CARDIOVASCULAR,PRESCRIPTION,10.0,75.0,1.0,7.5,10.0,0.0,0.0,0
4806517790238,CETADOL (PARACETAMOL + TRAMADOL HCL) 325MG/37.5MG FC TAB,PAIN MANAGEMENT,PRESCRIPTION,465.0,10620.1,20.0,22.838924731182797,23.25,0.8702506008159969,-0.28646616541353365,0
4806517790252,ICOX (CELCOXIB) 200MG CAP,PAIN MANAGEMENT,PRESCRIPTION,966.0,22278.92,27.0,23.063064182194616,35.77777777777778,0.8584358777257708,1.9242979242979252,0
4806517790276,ITORVAZ 40 (ATORVASTATIN) 40MG FC TAB,CARDIOVASCULAR,PRESCRIPTION,992.0,16331.15,23.0,16.462852822580643,43.130434782608695,0.6382027711120901,-1.9436758893280637,0
4806517790313,CARDIPRES (CARVEDILOL) 12.5MG FC TAB,CARDIOVASCULAR,PRESCRIPTION,1581.0,14618.99,28.0,9.246672991777356,56.464285714285715,0.8061663123475376,-1.2378215654077704,0
4806517790375,ANTAXID (PANTAPRAZOLE) 40MG TAB,GIT,PRESCRIPTION,289.0,10708.4,12.0,37.05328719723183,24.083333333333332,0.7866399791945077,0.8356643356643364,0
4806517790382,VIRBEZ (IRBESARTAN) 150MG TAB,CARDIOVASCULAR,PRESCRIPTION,520.0,7428.3,20.0,14.285192307692308,26.0,0.7343031958475686,0.036090225563909104,0
4806517790405,KENZAR (LOSARTAN POTASSIUM) 100MG FC TAB,CARDIOVASCULAR,PRESCRIPTION,40.0,504.0,2.0,12.6,20.0,0.5,-20.0,0
4806517790429,NORMAX (METFORMIN HYDROCHLORIDE) 500MG ER TAB,ANTIDIABETICS,PRESCRIPTION,349.0,2528.99,16.0,7.246389684813753,21.8125,0.9808931532371421,0.9308823529411768,0
4806517790436,BESPRIN (ASPIRIN) 100MG TAB,CARDIOVASCULAR,PRESCRIPTION,24.0,60.0,3.0,2.5,8.0,0.3535533905932738,-3.0000000000000004,0
4806517790443,VIRBEZ (IRBESARTAN) 300MG TAB,CARDIOVASCULAR,PRESCRIPTION,506.0,10057.5,22.0,19.876482213438734,23.0,0.8229605912381549,-0.858272162619989,0
4806517790467,TELDRA (TELMISARTAN) 40MG TAB,CARDIOVASCULAR,PRESCRIPTION,1687.0,20842.9,17.0,12.355008891523415,99.23529411764706,0.624830575155834,-0.40686274509803827,0
4806517790474,TELDRA (TELMISARTAN) 80MG TAB,CARDIOVASCULAR,PRESCRIPTION,466.0,7773.75,15.0,16.6818669527897,31.066666666666666,0.7441557620987974,-1.907142857142857,0
4806517790504,LUSTATIN 40MG (ROSUVASTATIN,CARDIOVASCULAR,PRESCRIPTION,10.0,437.5,3.0,43.75,3.3333333333333335,0.3741657386773941,-1.0000000000000004,0
4806517790528,LUSTATIN 10 (ROSUVASTATIN CALCIUM) 10MG TAB,CARDIOVASCULAR,PRESCRIPTION,555.0,9349.5,19.0,16.845945945945946,29.210526315789473,1.432877714234315,1.4456140350877194,0
4806517790542,VEZTENOR (AMLODIPINE BESILATE + LOSARTAN POTASSIUM) 5MG/50MG FC TAB,CARDIOVASCULAR,PRESCRIPTION,395.0,6811.65,12.0,17.244683544303797,32.916666666666664,0.5951198209990474,3.255244755244756,0
4806517790580,ITORVAZ 20 (ATORVASTATIN) 20MG FC TAB,CARDIOVASCULAR,PRESCRIPTION,1732.0,21861.28,25.0,12.621986143187065,69.28,0.5875476597282503,-0.757692307692308,0
4806517790597,SPIROFAR (SPIRONOLACTONE) 25MG TAB,CARDIOVASCULAR,PRESCRIPTION,1313.0,15878.64,25.0,12.093404417364813,52.52,0.78276274442645,-0.14538461538461583,0
4806517790627,LUSTATIN 20 (ROSUVASTATIN CALCIUM) 20MG TAB,CARDIOVASCULAR,PRESCRIPTION,922.0,17936.1,25.0,19.453470715835138,36.88,1.0181175990497355,1.6784615384615382,0
4806517790672,SUCRANORM (METFORMIN) 850MG TAB,ANTIDIABETICS,PRESCRIPTION,40.0,390.0,2.0,9.75,20.0,0.5,-20.0,0
4806517790702,REZPIRA (SALMETEROL XINAFOATE FLUTICASONE PROPIONATE) 25MCG/250MCG,RESPIRATORY,PRESCRIPTION,18.0,8496.9,11.0,472.04999999999995,1.6363636363636365,0.5983516452371671,-0.09090909090909088,0
4806517790733,CITIFAR (CITICOLINE) 500MG TAB,CARDIOVASCULAR,PRESCRIPTION,519.0,25402.6,10.0,48.94527938342967,51.9,0.9011678310222605,-1.3757575757575728,0
4806517790788,FLEMISTEN (ACETYLCYSTEINE) 600MG SAC,RESPIRATORY,PRESCRIPTION,140.0,4544.34,6.0,32.45957142857143,23.333333333333332,0.9063269671749657,7.599999999999999,0
4806517790795,ZITHROMIN (AZITHROMYCIN DIHYDRATE) 500MG TAB,ANTIBIOTICS,PRESCRIPTION,65.0,5890.0,6.0,90.61538461538461,10.833333333333334,0.45974008607642874,-1.5714285714285703,0
4806517790801,PHILCET (LEVOCETIRIZINE) 5MG TAB,RESPIRATORY,PRESCRIPTION,443.0,7307.48,18.0,16.495440180586908,24.61111111111111,0.7065174270573001,0.3126934984520124,0
4806517790818,THROMZOL (CILOSTAZOL) 100MG TAB,CARDIOVASCULAR,PRESCRIPTION,30.0,672.0,1.0,22.4,30.0,0.0,0.0,0
4806517790955,GOUTER (COLCHICINE) 500MG TAB,PAIN MANAGEMENT,PRESCRIPTION,1654.0,6554.8,16.0,3.962998790810157,103.375,0.48695232499305935,0.1323529411764702,0
4806517791082,PHILCET PLUS (MONTELUKAST/LEVOCETIRIZINE) 10MG/5MG TAB,RESPIRATORY,PRESCRIPTION,220.0,5520.0,13.0,25.09090909090909,16.923076923076923,0.649984106607981,-1.4010989010989001,0
4806517791099,CLOVIXA (CLOPIDOGREL BISULFATE) 75MG TAB,CARDIOVASCULAR,PRESCRIPTION,1034.0,20945.21,17.0,20.256489361702126,60.8235294117647,0.6111787808708444,-1.5759803921568607,0
4806517791105,FIXBACT (CEFIXIME) 200MG TAB,ANTIBIOTICS,PRESCRIPTION,540.0,22607.0,13.0,41.864814814814814,41.53846153846154,0.5746532323484831,-0.6813186813186797,0
4806517791112,VIRBEZ (IRBESARTAN) 300MG TAB,CARDIOVASCULAR,PRESCRIPTION,38.0,684.0,1.0,18.0,38.0,0.0,0.0,0
4806518611792,SOFINOX (SODIUM FUSIDATE) 20MG/G 5G CREAM,DERMATOLOGICALS,PRESCRIPTION,17.0,5235.6,8.0,307.9764705882353,2.125,0.548669356064048,-0.22619047619047614,0
4806518660936,FLAMMAZINE CREAM 5G,DERMATOLOGICALS,PRESCRIPTION,7.0,2215.5,7.0,316.5,1.0,0.0,-4.4235991976298466e-17,0
4806518661209,KETESSE (DEXKETOPROFEN) 25MG TAB,PAIN MANAGEMENT,PRESCRIPTION,702.0,22815.7,25.0,32.50099715099715,28.08,0.5433609390229711,-0.31230769230769206,0
4806518661223,SPASMOMEN 40MG TAB,GIT,PRESCRIPTION,86.0,1971.25,5.0,22.921511627906977,17.2,0.4938781530603559,3.9999999999999982,0
4806518661230,NEBILET 5MG TAB,CARDIOVASCULAR,PRESCRIPTION,163.0,2850.0,11.0,17.484662576687118,14.818181818181818,0.6691899004674051,-0.30909090909090914,0
4806518661377,BILAXTEN 20MG TAB,RESPIRATORY,PRESCRIPTION,379.0,11832.58,23.0,31.220527704485487,16.47826086956522,0.7142163912786206,0.44762845849802363,0
4806518661384,OTOSOL EAR DROPS 10ML,EENT,PRESCRIPTION,34.0,14186.95,21.0,417.2632352941177,1.619047619047619,0.4460514967089148,-0.02077922077922076,0
4806518661544,BILAXTEN 10MG TAB,RESPIRATORY,PRESCRIPTION,69.0,2855.4,4.0,41.38260869565217,17.25,0.8562997824186926,6.1000000000000005,0
4806518920054,FASTUM GEL 30G,PAIN MANAGEMENT,PRESCRIPTION,26.0,10868.58,14.0,418.02230769230766,1.8571428571428572,0.6389710663783134,-0.017582417582417645,0
4806518920061,FASTUM (KETOPROFEN) 50G GEL,PAIN MANAGEMENT,PRESCRIPTION,10.0,6162.84,6.0,616.284,1.6666666666666667,0.4472135954999579,-0.17142857142857132,0
4806518970202,NORMIX (RIFAXIMIN) 200MG FCT,ANTIBIOTICS,PRESCRIPTION,133.0,10958.0,11.0,82.39097744360902,12.090909090909092,0.9151954318618308,-0.399999999999999,0
4806518970615,AMINOLOG FC TAB,GUT AND HORMONES,PRESCRIPTION,1353.0,26860.41,11.0,19.852483370288247,123.0,0.9808616952672535,1.9818181818181866,0
4806519150931,FAYE (CYPROTERONE ACETATE/ ETHYNILESTRADIOL) 2MG/35MCG TAB,GUT AND HORMONES,PRESCRIPTION,7.0,3934.0,4.0,562.0,1.75,0.47380354147934284,0.29999999999999977,0
4806519380444,FLOSICRON (CIPROFLOXACIN) 500MG,ANTIBIOTICS,PRESCRIPTION,282.0,3465.62,7.0,12.289432624113475,40.285714285714285,0.7198843582556184,0.9285714285714305,0
4806519386057,VALERI (BETAMETHASONE) 1MG/G (0.1%W/W) TOPICAL CREAM,DERMATOLOGICALS,PRESCRIPTION,10.0,940.5,8.0,94.05,1.25,0.5291502622129182,0.1666666666666666,0
4806519880364,MUCOPROTEC 100MG FC TAB,GIT,PRESCRIPTION,268.0,4634.16,12.0,17.291641791044775,22.333333333333332,0.7417024482363257,-0.0909090909090904,0
4806520080319,FORAIR-125 25MCG/125MCG 120 ACT,RESPIRATORY,PRESCRIPTION,24.0,9757.67,7.0,406.56958333333336,3.4285714285714284,0.48947250518628044,-0.5000000000000004,0
4806520080326,FORAIR 250MCG,RESPIRATORY,PRESCRIPTION,4.0,2258.0,4.0,564.5,1.0,0.0,-8.214889951798643e-17,0
4806520080623,ALFATAM (TAMSULOSIN HYDROCHLORIDE) 400MCG CAP,GUT AND HORMONES,PRESCRIPTION,15.0,282.0,2.0,18.8,7.5,0.6,8.999999999999998,0
4806520080739,IRBEZYD (IRBESARTAN) 150MG,CARDIOVASCULAR,PRESCRIPTION,314.0,3934.78,17.0,12.531146496815287,18.470588235294116,0.7697261829309959,-1.1593137254901942,0
4806520080753,IRBEZYD (IRBESARTAN) 300MG,CARDIOVASCULAR,PRESCRIPTION,679.0,9004.02,15.0,13.260706921944037,45.266666666666666,1.1177553191372747,1.9392857142857145,0
4806520081040,ZYDUSATORVA (ATORVASTATIN) 20MG,CARDIOVASCULAR,PRESCRIPTION,1081.0,9167.4,20.0,8.480481036077705,54.05,0.582117135139281,-0.8578947368421066,0
4806520083006,NEUROZ (PREGABALIN) 75MG CAP,NEUROLOGICAL DRUGS,PRESCRIPTION,176.0,2380.63,6.0,13.52630681818182,29.333333333333332,0.6650397676545241,-0.11428571428571321,0
4806520083242,LQUIN (LEVOFLOXACIN) 500MG TAB,ANTIBIOTICS,PRESCRIPTION,106.0,988.03,6.0,9.321037735849057,17.666666666666668,0.6434487888671673,-1.828571428571428,0
4806520351815,PIDCLIN (DOXYCYCLINE) 100MG CAP,ANTIBIOTICS,PRESCRIPTION,4.0,20.8,1.0,5.2,4.0,0.0,0.0,0
4806520352171,MUCOMED (DIPHENHYDRAMINE HYDROCHLORIDE) 25MG CAP,RESPIRATORY,PRESCRIPTION,13.0,45.5,3.0,3.5,4.333333333333333,0.849643155168251,2.0000000000000013,0
4806520353765,PRESONE (PREDNISONE) 10MG TAB,RESPIRATORY,PRESCRIPTION,53.0,201.4,4.0,3.8000000000000003,13.25,0.30830442713902245,-0.699999999999999,0
4806521160096,Z-MAXIVENT 200MG TAB,RESPIRATORY,PRESCRIPTION,149.0,1583.28,8.0,10.626040268456375,18.625,0.9510093163988895,-3.3452380952380953,0
4806521160102,MAXIVENT 400MG TAB,RESPIRATORY,PRESCRIPTION,85.0,1910.4,4.0,22.47529411764706,21.25,1.0381644701722497,7.1000000000000005,0
4806521160294,CO-ALTRIA TAB 10MG/5MG,RESPIRATORY,PRESCRIPTION,2085.0,56889.479999999996,30.0,27.28512230215827,69.5,1.0161489562266186,3.6816462736373747,0
4806521160317,WARIK (WARFARIN SODIUM) 2.5MG TAB,CARDIOVASCULAR,PRESCRIPTION,240.0,3445.2000000000003,8.0,14.355,30.0,0.44095855184409843,1.9047619047619038,0
4806521160324,WARIK (WARFARIN SODIUM) 5MG TAB,CARDIOVASCULAR,PRESCRIPTION,6.0,141.0,2.0,23.5,3.0,0.0,-3.14018491736755e-16,0
4806521160508,RAZINE (RANOLAZINE) 500MG TAB,CARDIOVASCULAR,PRESCRIPTION,6.0,129.6,1.0,21.599999999999998,6.0,0.0,0.0,0
4806521160577,TAMPLUS CAP 200MCG/5MG,GUT AND HORMONES,PRESCRIPTION,40.0,1440.0,2.0,36.0,20.0,0.5,-20.0,0
4806521160584,TAMPLUS (TAMSULOSIN + FINASTERIDE) 400MCG/5MG CAP,GUT AND HORMONES,PRESCRIPTION,510.0,21097.41,16.0,41.36747058823529,31.875,0.9458625172699873,-1.4264705882352937,0
4806521160591,FENOSTAT 10MG/160MG TAB,CARDIOVASCULAR,PRESCRIPTION,600.0,13985.24,15.0,23.308733333333333,40.0,0.6382919916986791,0.16071428571428617,0
4806521160782,ATENURIX FCT 40MG,PAIN MANAGEMENT,PRESCRIPTION,1723.0,37793.42,30.0,21.934660475914104,57.43333333333333,0.6795195074371408,1.0480533926585092,0
4806521160799,ATENURIX FCT 80MG,PAIN MANAGEMENT,PRESCRIPTION,53.0,1421.3,6.0,26.816981132075473,8.833333333333334,0.7605903536130706,2.5999999999999988,0
4806521161109,ROSUFEN 160/10MG TAB,CARDIOVASCULAR,PRESCRIPTION,67.0,1552.9,5.0,23.177611940298508,13.4,0.7120513696642724,-3.200000000000003,0
4806521161116,ROSUFEN (FENOFIBRATE / ROSUVASTATIN) 160MG/20MG TAB,CARDIOVASCULAR,PRESCRIPTION,30.0,756.0,1.0,25.2,30.0,0.0,0.0,0
4806521161147,FENOSTAT 20MG/160MG FC TAB,CARDIOVASCULAR,PRESCRIPTION,285.0,7371.0,8.0,25.86315789473684,35.625,0.9504498295144939,1.1309523809523792,0
4806521161192,SYNACTIV (LEVOCETIRIZINE DIHCL + BETAMETHASONE) 5M/1MG TAB,RESPIRATORY,PRESCRIPTION,397.0,11650.1,18.0,29.345340050377835,22.055555555555557,0.5673995724972746,0.13519091847265188,0
4806521161215,CO-ALTRIA PED (MONTELUKAST/LEVOCETIRIZINE HCL) 5MG/2.5MG TAB,RESPIRATORY,PRESCRIPTION,478.0,9988.0,12.0,20.89539748953975,39.833333333333336,1.3402516834628289,-5.7342657342657315,0
4806521161222,CO-ALTRIA PED 5MG/5ML TAB,RESPIRATORY,PRESCRIPTION,814.0,20130.3,12.0,24.73009828009828,67.83333333333333,0.9250508204083628,-5.692307692307689,0
4806521161307,DIMEZINE (DIMENHYDRINATE CINNARIZINE) 40MG/20MG TAB,NEUROLOGICAL DRUGS,PRESCRIPTION,280.0,6030.0,15.0,21.535714285714285,18.666666666666668,0.749149177264394,0.13214285714285728,0
4806521161628,NUROGESIC B (PREGABALIN + METHYLCOBALAMIN) 75MG/1500MCG CAP,PAIN MANAGEMENT,PRESCRIPTION,30.0,648.0,2.0,21.6,15.0,0.06666666666666667,1.9999999999999982,0
4806521162434,MAXIVENT 200MG TAB,RESPIRATORY,PRESCRIPTION,5.0,72.45,2.0,14.49,2.5,0.2,0.9999999999999994,0
4806521246004,DYPOTIN 4000IU/ML IV/SC,GUT AND HORMONES,PRESCRIPTION,30.0,13420.0,4.0,447.3333333333333,7.5,0.4268749491621899,-1.199999999999999,0
4806521902467,TOPRADONE (PANTOPRAZOLE+DOMPERIDONE) 40MG/30MG CAP,GIT,PRESCRIPTION,156.0,4072.41,6.0,26.105192307692306,26.0,0.6687590438843577,-8.114285714285716,0
4806522631175,KALIUM DURULES TAB 750MG,GUT AND HORMONES,PRESCRIPTION,328.0,10842.4,21.0,33.05609756097561,15.619047619047619,0.6695943794242701,0.39220779220779234,0
4806522832336,LIZONYA (DROSPIRENONE/ETHINYLESTRADIOL) 3MG/20MCG TAB,GUT AND HORMONES,PRESCRIPTION,1.0,890.0,1.0,890.0,1.0,0.0,0.0,0
4806523110556,ZISTAM-A (AMBROXOL HCL + LEVOCETIRIZINE HCL) 75MG/5MG CAP,RESPIRATORY,PRESCRIPTION,489.0,16047.0,25.0,32.8159509202454,19.56,0.5498855443192903,0.23846153846153811,0
4806523301794,EXEL (CEFALEXIN) 125MG/5ML SUSP 60ML,ANTIBIOTICS,PRESCRIPTION,11.0,434.3,8.0,39.481818181818184,1.375,0.5061603966209111,-0.1309523809523811,0
4806523301862,EXEL (CEFALEXIN) 125MG/5ML SUSP 60ML,ANTIBIOTICS,PRESCRIPTION,2.0,85.0,1.0,42.5,2.0,0.0,0.0,0
4806523301879,EXEL (CEFALEXIN) 250MG SUSP 60ML,ANTIBIOTICS,PRESCRIPTION,21.0,1333.12,10.0,63.48190476190476,2.1,0.4492371967646002,-0.04242424242424244,0
4806523302050,KATHREX (COTRIMOXAZOLE) 480MG TAB,ANTIBIOTICS,PRESCRIPTION,10.0,21.0,1.0,2.1,10.0,0.0,0.0,0
4806523302241,FLAGEX (METRONIDAZOLE) 500MG TAB,ANTIBIOTICS,PRESCRIPTION,564.0,2550.99,20.0,4.5230319148936164,28.2,0.4762346656510508,-0.046616541353383806,0
4806523303095,MYDOXY (DOXYCYCLINE) 100MG CAP,ANTIBIOTICS,PRESCRIPTION,530.0,2807.46,20.0,5.2970943396226415,26.5,0.7254220116949993,-0.36691729323308314,0
4806523430104,CEFUROX (CEFUROXIME) 250MG/5ML 50ML,ANTIBIOTICS,PRESCRIPTION,26.0,5204.0,14.0,200.15384615384616,1.8571428571428572,0.4485347611419461,0.035164835164835116,0
4806523430111,CEFUROX (CEFUROXIME) 250MG/5ML 50ML,ANTIBIOTICS,PRESCRIPTION,2.0,356.0,1.0,178.0,2.0,0.0,0.0,0
4806523431064,XIBRA (ETORICOXIB) 90MG TAB,PAIN MANAGEMENT,PRESCRIPTION,15.0,330.0,2.0,22.0,7.5,0.7333333333333333,10.999999999999998,0
4806523431194,BETACIN-N (BETAMETHASONE + NEOMYCIN) 1MG/5MG 15G CREAM,RESPIRATORY,PRESCRIPTION,1.0,95.0,1.0,95.0,1.0,0.0,0.0,0
4806523435680,XYVEEMOX (CO-AMOXICLAV) 625MG TAB,ANTIBIOTICS,PRESCRIPTION,224.0,5979.6,4.0,26.69464285714286,56.0,0.7797051051650286,-13.799999999999988,0
4806524140149,AMBIMAX (AZITHROMYCIN) 500MG CAP,ANTIBIOTICS,PRESCRIPTION,94.0,3816.0,5.0,40.59574468085106,18.8,0.8852188962857328,-6.400000000000002,0
4806524140620,SALBUMIN (SALBUTAMOL SULFATE) 100MCG/ACTUATION,RESPIRATORY,PRESCRIPTION,12.0,2520.0,6.0,210.0,2.0,0.5,0.0571428571428571,0
4806524141740,DOXYPERL(DOXYCYCLINE) 100MG CAP,ANTIBIOTICS,PRESCRIPTION,70.0,420.0,3.0,6.0,23.333333333333332,1.3536044096999624,9.8644985435813e-15,0
4806524147803,PHILPRIN (ASPIRIN) 80MG FC TAB,PAIN MANAGEMENT,PRESCRIPTION,363.0,637.2,7.0,1.7553719008264463,51.857142857142854,0.9368821593605279,-3.500000000000003,0
4806524771718,FEBUNAZ (FEBUXOSTAT) 40MG FC TAB,PAIN MANAGEMENT,PRESCRIPTION,198.0,3472.8,5.0,17.53939393939394,39.6,0.16256037312556648,1.3999999999999968,0
4806524771725,FEBUNAZ (FEBUXOSTAT) 80MG FC TAB,PAIN MANAGEMENT,PRESCRIPTION,165.0,5129.25,6.0,31.086363636363636,27.5,0.3748277841470601,-0.4285714285714282,0
4806524780291,STABETA 40 (PROPRANOLOL HCI) 40 MG TAB,CARDIOVASCULAR,PRESCRIPTION,5.0,26.1,1.0,5.220000000000001,5.0,0.0,0.0,0
4806524780321,TAMSULIN-XL (TAMSULOSIN HYDROCHLORIDE) 400MCG CAP,GUT AND HORMONES,PRESCRIPTION,100.0,1713.44,3.0,17.1344,33.333333333333336,0.9899494936611662,-35.0,0
4806524780482,KETOGO (KETOANALOGUES +ESSEN. AMINO ACIDS,GUT AND HORMONES,PRESCRIPTION,1242.0,26292.96,4.0,21.16985507246377,310.5,0.49352396816364297,-113.99999999999999,1
4806524781588,AZIPRIME (AZITHROMYCIN) 500MG,ANTIBIOTICS,PRESCRIPTION,120.0,17333.25,9.0,144.44375,13.333333333333334,0.4153311931459037,0.40000000000000047,0
4806524781854,NEPHROMIN TAB,ANTIBIOTICS,PRESCRIPTION,4371.0,74553.12,12.0,17.0563074811256,364.25,0.6029661461472594,3.8076923076923204,0
4806524783551,GERDSOL (RABEPRAZOLE SODIUM) 20MG,GIT,PRESCRIPTION,126.0,7332.0,6.0,58.19047619047619,21.0,0.6998542122237652,5.657142857142857,0
4806524785494,DOCTRA 20MG TAB,CARDIOVASCULAR,PRESCRIPTION,15.0,648.75,1.0,43.25,15.0,0.0,0.0,0
4806524786057,ESSELOGUE (KETOANALOGUES+ESSENTIAL AMINO ACID,GUT AND HORMONES,PRESCRIPTION,544.0,9473.25,8.0,17.4140625,68.0,0.6323529411764706,-4.833333333333342,0
4806524787047,SORBANCE-5 (ISOSORBIDE DINITRATRE) 5MG TAB,CARDIOVASCULAR,PRESCRIPTION,159.0,1221.76,8.0,7.684025157232704,19.875,0.4675710438690908,-2.1547619047619064,0
4806524787627,ZEAL-15 (PIOGLITAZONE) 15MG TAB,ANTIDIABETICS,PRESCRIPTION,84.0,491.4,3.0,5.85,28.0,0.05832118435198043,-1.000000000000005,0
4806524840018,LANOXIN TAB 0.25MG,CARDIOVASCULAR,PRESCRIPTION,448.0,2272.68,22.0,5.072946428571428,20.363636363636363,0.5656621717969488,-0.1219649915302089,0
4806524840100,ALDOMET 250MG TAB,CARDIOVASCULAR,PRESCRIPTION,305.0,6666.610000000001,10.0,21.857737704918033,30.5,0.7828104880142589,-3.5939393939393924,0
4806524840124,CECLOR DROP 20ML,ANTIBIOTICS,PRESCRIPTION,9.0,3795.6,4.0,421.73333333333335,2.25,0.3685138655950444,0.7000000000000001,0
4806524840131,CECLOR (CEFACLOR) 125MG 60ML,ANTIBIOTICS,PRESCRIPTION,2.0,790.8,1.0,395.4,2.0,0.0,0.0,0
4806524840148,CECLOR DS (CEFACLOR) 250MG/5ML 60ML SUSP,ANTIBIOTICS,PRESCRIPTION,34.0,22199.1,13.0,652.9147058823529,2.6153846153846154,0.9430129142283175,0.30769230769230765,0
4806525170701,KLARITHIX (CLARITHROMYCIN) 500MG FCT,ANTIBIOTICS,PRESCRIPTION,48.0,1376.4,3.0,28.675,16.0,0.5327796605226842,-8.500000000000004,0
4806525171364,NYSZAC (NYSTATIN) ORAL SUSP.,ANTIBIOTICS,PRESCRIPTION,5.0,462.5,3.0,92.5,1.6666666666666667,0.565685424949238,0.9999999999999998,0
4806525173412,ESOMETOR 4 (ESOMEPRAZOLE) 40MG DR CAP,GIT,PRESCRIPTION,228.0,3432.6,7.0,15.055263157894736,32.57142857142857,0.7683078904098211,-9.500000000000004,0
4806525175522,DYDROGEST (DYDROGESTERONE) 10MG TAB,GUT AND HORMONES,PRESCRIPTION,288.0,22451.0,12.0,77.95486111111111,24.0,0.9217033346131699,-1.489510489510489,0
4806525175584,TRANAMIC (TRANEXAMIC ACID + MEFENAMIC ACID) 500MG/250MG TAB,PAIN MANAGEMENT,PRESCRIPTION,237.0,13035.0,12.0,55.0,19.75,0.4206520398773713,-1.094405594405593,0
4806525250175,EQUISINE MOIST (HYPROMELLOSE) EYE DROPS,EENT,PRESCRIPTION,10.0,797.54,5.0,79.75399999999999,2.0,0.4472135954999579,-0.5000000000000003,0
4806525570105,"POCIT (POTASSIUM CITRATE) 1,080 (10MeQ) ER TAB",GUT AND HORMONES,PRESCRIPTION,30.0,360.0,1.0,12.0,30.0,0.0,0.0,0
4806526660317,PRESARTAN-100 (LOSARTAN POTASSIUM) 100MG FC TAB,CARDIOVASCULAR,PRESCRIPTION,398.0,1435.94,8.0,3.607889447236181,49.75,0.8442659715285482,-0.023809523809521907,0
4806528040483,GASTIIN (MOSAPRIDE CITRATE) 15MG,GIT,PRESCRIPTION,14.0,970.2,2.0,69.3,7.0,0.0,-1.7001631767970826e-15,0
4806528040490,LEVOTICS CR (LEVODROPROPIZINE) 90MG TAB,PAIN MANAGEMENT,PRESCRIPTION,98.0,6435.0,7.0,65.66326530612245,14.0,0.6733147627070866,-1.2499999999999998,0
4806528271023,TAXIM-O (CEFIXIME) 400MG TAB,ANTIBIOTICS,PRESCRIPTION,60.0,8654.11,7.0,144.2351666666667,8.571428571428571,0.3785938897200182,0.32142857142857134,0
4806528271030,DOXOKEM 400MG,RESPIRATORY,PRESCRIPTION,82.0,1617.0,6.0,19.71951219512195,13.666666666666666,0.7026761117506309,-4.057142857142853,0
4806528271238,SWICH (CEFPODOXIME PROXETIL) 200MG TAB,ANTIBIOTICS,PRESCRIPTION,50.0,2435.86,5.0,48.717200000000005,10.0,0.5059644256269407,-1.6000000000000008,0
4806528271337,ALCLAV NEO 625MG TAB,ANTIBIOTICS,PRESCRIPTION,1477.0,35977.03,16.0,24.358178740690587,92.3125,0.5272665893545112,0.9044117647058829,0
4806528380015,ROSUSTAT 10 FC TAB,CARDIOVASCULAR,PRESCRIPTION,303.0,7340.5,15.0,24.226072607260726,20.2,0.754729989980113,1.3892857142857145,0
4806528380022,ROSUSTAT 20 FC TAB,CARDIOVASCULAR,PRESCRIPTION,60.0,1837.5,2.0,30.625,30.0,0.43333333333333335,-25.999999999999993,0
4806528380046,COXBITOR-200 CAP,PAIN MANAGEMENT,PRESCRIPTION,844.0,20964.83,19.0,24.83984597156398,44.421052631578945,0.6074606534193863,0.6578947368421063,0
4806529430085,HEXIN (BROMHEXINE) 4MG/5 ML STRAW 60ML SYRUP,RESPIRATORY,PRESCRIPTION,3.0,108.75,2.0,36.25,1.5,0.3333333333333333,0.9999999999999998,0
4806529600563,SEMITHINE 200MG/200MG/25MG TAB,GIT,PRESCRIPTION,1136.0,17010.0,13.0,14.973591549295774,87.38461538461539,0.72085342599828,10.329670329670332,0
4806529600747,XIMEBAC (CEFXIME TRIHYDRATE) 100MG/5ML 60ML,ANTIBIOTICS,PRESCRIPTION,93.0,51150.0,12.0,550.0,7.75,0.418526891527496,0.19230769230769232,0
4806529600785,XIMEBAC (CEFXIME TRIHYDRATE) 20MG/ML 10ML,ANTIBIOTICS,PRESCRIPTION,12.0,3852.0,4.0,321.0,3.0,0.5270462766947299,-0.20000000000000023,0
4806529630270,NUROPAT TAB,PAIN MANAGEMENT,PRESCRIPTION,327.0,13406.25,12.0,40.99770642201835,27.25,0.737472410093473,-1.2272727272727257,0
4806529630348,L-ZINEX DUO (MONTELUKAST LEVOCETIRIZINE HCL) 2.5MG/4MG PER 5ML 60ML,RESPIRATORY,PRESCRIPTION,8.0,2880.0,3.0,360.0,2.6666666666666665,0.46770717334674267,1.4999999999999998,0
4806529630379,FOPEN (ETORICOXIB) 120MG,PAIN MANAGEMENT,PRESCRIPTION,257.0,9181.78,8.0,35.72677042801557,32.125,0.6220693527580929,-6.3690476190476195,0
4806529630393,CEFUCLAV 500MG/125MG FC TAB,ANTIBIOTICS,PRESCRIPTION,281.0,25043.04,20.0,89.12113879003559,14.05,0.7537346385302641,0.15714285714285675,0
4806529710057,GETZAR TAB 50MG 100&#039;,CARDIOVASCULAR,PRESCRIPTION,961.0,10018.57,31.0,10.425150884495316,31.0,0.6694692303491956,-0.17903225806451648,0
4806529710064,GETZAR (LOSARTAN POTASSIUM) 100MG TAB,CARDIOVASCULAR,PRESCRIPTION,60.0,874.4,3.0,14.573333333333332,20.0,0.408248290463863,-10.000000000000005,0
4806529710118,STARCOX (ETORICOXIB) 90MG TAB,PAIN MANAGEMENT,PRESCRIPTION,40.0,1840.0,5.0,46.0,8.0,0.22360679774997896,-8.406336591564607e-16,0
4806529710125,STARCOX (ETORICOXIB) 120MG TAB,PAIN MANAGEMENT,PRESCRIPTION,20.0,1120.0,4.0,56.0,5.0,0.6164414002968976,1.8,0
4806529710293,PANTO PLUS 40MG/30MG TAB,GIT,PRESCRIPTION,166.0,10249.4,6.0,61.7433734939759,27.666666666666668,0.613985171385104,-2.3428571428571425,0
4806530221320,URSOKON (URSODEOXYCHOLIC ACID) 250MG CAP,GUT AND HORMONES,PRESCRIPTION,60.0,2376.9,2.0,39.615,30.0,0.16666666666666666,9.999999999999998,0
4806530500074,DOPATHYL (METHYLDOPA) 250MG TAB,CARDIOVASCULAR,PRESCRIPTION,88.0,976.8,1.0,11.1,88.0,0.0,0.0,0
4806530500166,CLORMED (CEFACLOR) 250MG/5ML 60ML,ANTIBIOTICS,PRESCRIPTION,1.0,216.0,1.0,216.0,1.0,0.0,0.0,0
4806530840071,Z-MYONAL TAB,PAIN MANAGEMENT,PRESCRIPTION,442.0,11905.25,6.0,26.934954751131222,73.66666666666667,0.6930466585239837,-2.114285714285714,0
4806531820737,PRONIVEL (ERYTHROPOETIN) 4000IU PFS,GUT AND HORMONES,PRESCRIPTION,37.0,14900.0,4.0,402.7027027027027,9.25,0.5739665022052785,-4.5,0
4806531820812,AK LOG TAB,ANTIBIOTICS,PRESCRIPTION,1588.0,23100.469999999998,4.0,14.546895465994961,397.0,0.3631225031229806,-1.5999999999999601,0
4806532430034,HESPADIN (HESPERIDIN) 500 TAB,ANTIBIOTICS,PRESCRIPTION,30.0,1035.73,2.0,34.52433333333333,15.0,0.6666666666666666,19.999999999999996,0
4806532560199,NEOPRED 20MG/5ML 60ML SYRUP,RESPIRATORY,PRESCRIPTION,113.0,35154.37,24.0,311.1006194690266,4.708333333333333,0.7934554926170684,0.25782608695652176,0
4806532940014,ZIPHANOL (BUTORPHANOLTARTRATE) 2MG/ML I.V,EENT,PRESCRIPTION,2.0,1325.0,1.0,662.5,2.0,0.0,0.0,0
4806533434102,LEGREAT (LEVOFLOXACIN) 500MG FC TAB,ANTIBIOTICS,PRESCRIPTION,28.0,357.84000000000003,5.0,12.780000000000001,5.6,0.3499271061118826,0.6000000000000001,0
4806533601495,KURT 10MG/G(1%W/W) TOPICAL CREAM,DERMATOLOGICALS,PRESCRIPTION,5.0,823.2,2.0,164.64000000000001,2.5,0.6,2.999999999999999,0
4806533601600,ECORI-90 (ETORICOXIB) 90MG TAB,PAIN MANAGEMENT,PRESCRIPTION,12.0,660.0,2.0,55.0,6.0,0.6666666666666666,7.999999999999997,0
4806533602188,SALBUTAMOL (INHALIN-NEB) 1MG/ML (2.5MG/2.5ML,RESPIRATORY,PRESCRIPTION,165.0,3003.75,6.0,18.204545454545453,27.5,0.5102799966010126,0.9428571428571414,0
4806533602195,RIFECLAV (CO-AMOXICLAV) 625MG,ANTIBIOTICS,PRESCRIPTION,309.0,7249.05,9.0,23.459708737864077,34.333333333333336,0.8666374215309279,-3.8833333333333284,0
4806533602324,Retabetasol (Clobetasol) 10g Cream,DERMATOLOGICALS,PRESCRIPTION,2.0,300.0,1.0,150.0,2.0,0.0,0.0,0
4806533602379,RETASAR (LOSARTAN) 50MG TAB,CARDIOVASCULAR,PRESCRIPTION,11709.0,28244.75,15.0,2.4122256383978136,780.6,0.39338493103900174,-2.932142857142846,0
4806533603000,COBELUXI -457 (CO-AMOXICLAV) 457MG 5ML 70ml,ANTIBIOTICS,PRESCRIPTION,3.0,752.86,2.0,250.95333333333335,1.5,0.3333333333333333,0.9999999999999998,0
4806533943816,TODEMAX(TOBRAMYCIN DEXAMETHASONE) 3MG/1MG PER ML 5ML,EENT,PRESCRIPTION,4.0,986.0,2.0,246.5,2.0,0.5,1.9999999999999996,0
4806534570103,Retavacyl (Co-Amoxiclav) 625mg tab,ANTIBIOTICS,PRESCRIPTION,213.0,5695.2,1.0,26.738028169014083,213.0,0.0,0.0,0
4806534570493,CLOPEGEN (CLOPIDOGREL) 75MG FCT,CARDIOVASCULAR,PRESCRIPTION,1773.0,8876.300000000001,17.0,5.006373378454597,104.29411764705883,0.5362250931634969,0.3382352941176526,0
4806534571179,GOCLAV-625MG (CO-AMOXICLAV,ANTIBIOTICS,PRESCRIPTION,270.0,5116.0,3.0,18.94814814814815,90.0,0.8171515315499344,21.500000000000025,0
4806535150083,TAPDIN (METHIMAZOLE) 20MG TAB,GUT AND HORMONES,PRESCRIPTION,47.0,1421.75,3.0,30.25,15.666666666666666,0.897156112438639,16.499999999999996,0
4806538080066,BELCETRA (PARACETAMOL/TRAMADOL) 325/37.5MG TAB,PAIN MANAGEMENT,PRESCRIPTION,190.0,4319.5,6.0,22.73421052631579,31.666666666666668,0.6620709555164795,4.914285714285715,0
4807788050236,DUAVENT P-NEB 500MCG (IPRATROPRIUM + SALBUTAMOL,RESPIRATORY,PRESCRIPTION,694.0,30188.38,26.0,43.499106628242075,26.692307692307693,0.6707210331547107,0.2899145299145298,0
4807788056402,FUNZELA (FLUCONAZOLE) 150MG TAB,ANTIBIOTICS,PRESCRIPTION,6.0,3821.25,2.0,636.875,3.0,0.6666666666666666,-3.9999999999999996,0
4807788067067,HEMOSTAN 500MG CAP,CARDIOVASCULAR,PRESCRIPTION,511.0,21651.3,25.0,42.37045009784735,20.44,0.8279621197540263,-0.05384615384615374,0
4807788107947,KASTAIR 10MG TAB,RESPIRATORY,PRESCRIPTION,98.0,3860.66,14.0,39.39448979591837,7.0,1.058080114025773,0.37802197802197784,0
4807788150257,THERABLOC (ATENOLOL) 50MG TAB,CARDIOVASCULAR,PRESCRIPTION,60.0,607.49,4.0,10.124833333333333,15.0,0.408248290463863,-3.000000000000002,0
4807788172440,ATEPROS 5MG TAB,GUT AND HORMONES,PRESCRIPTION,200.0,12351.710000000001,13.0,61.75855000000001,15.384615384615385,1.0902064024761549,-0.2802197802197794,0
4807788200655,LIFEZAR 50MG TAB,CARDIOVASCULAR,PRESCRIPTION,38.0,926.52,3.0,24.382105263157893,12.666666666666666,0.6892526765109892,0.5000000000000036,0
4807788401915,AMOCLAV (CO-AMOXICLAV)625MG TAB,ANTIBIOTICS,PRESCRIPTION,428.0,24030.8,9.0,56.14672897196262,47.55555555555556,0.32229443178542766,-0.4166666666666612,0
4807788402059,CEFALIN 500MG CAP,ANTIBIOTICS,PRESCRIPTION,66.0,3543.75,4.0,53.69318181818182,16.5,0.4723774929733302,-1.7999999999999987,0
4807788402172,GLUBITOR OD 30MG TAB,ANTIDIABETICS,PRESCRIPTION,199.0,1754.75,11.0,8.8178391959799,18.09090909090909,0.845386847691303,-1.7636363636363632,0
4807788402202,GLUMET 500MG TAB,ANTIDIABETICS,PRESCRIPTION,1911.0,20186.15,22.0,10.563134484563056,86.86363636363636,2.3398103235135785,6.435347261434214,0
4807788402226,ASPILETS 80MG TAB,CARDIOVASCULAR,PRESCRIPTION,1301.0,4658.16,31.0,3.580445810914681,41.96774193548387,0.7351577826188415,-0.6229838709677431,0
4807788403360,VESTAR 35MG TAB,CARDIOVASCULAR,PRESCRIPTION,469.0,8886.970000000001,18.0,18.948763326226015,26.055555555555557,0.990829055861118,-1.6542827657378743,0
4807788403469,ASPILETS-EC (ASPIRIN) 80MG,CARDIOVASCULAR,PRESCRIPTION,15.0,43.44,1.0,2.896,15.0,0.0,0.0,0
4807788404275,TROMBOCIL 50MG TAB,CARDIOVASCULAR,PRESCRIPTION,120.0,2868.8,5.0,23.90666666666667,24.0,0.8270597183866336,-9.500000000000004,0
4807788404282,TROMBOCIL 100MG TAB,CARDIOVASCULAR,PRESCRIPTION,224.0,9197.1,13.0,41.058482142857144,17.23076923076923,0.915690188004744,0.25274725274725307,0
4807788406019,DAZOMET TAB 500MG,ANTIBIOTICS,PRESCRIPTION,707.0,15924.57,23.0,22.524144271570012,30.73913043478261,0.6183069267310568,0.7816205533596836,0
4807788409782,XELENT (CEFACLOR) 125MG/5ML SUSP 60ML,ANTIBIOTICS,PRESCRIPTION,4.0,1687.26,2.0,421.815,2.0,0.5,1.9999999999999996,0
4807788409805,XELENT (CEFACLOR) 250MG/5ML SUSP 60ML,ANTIBIOTICS,PRESCRIPTION,8.0,6110.0,4.0,763.75,2.0,0.6123724356957945,-0.5999999999999999,0
4807788409829,XELENT SUSP 50MG/ML DROPS 20ML,ANTIBIOTICS,PRESCRIPTION,1.0,421.0,2.0,421.0,0.5,1.0,0.9999999999999998,0
4807788410016,ENERVON TAB 30,ANTIBIOTICS,PRESCRIPTION,45.0,9154.15,18.0,203.42555555555555,2.5,0.6565905201197404,-0.011351909184726509,0
4807788410023,ENERVON TAB FOIL 1&#039;S,ANTIBIOTICS,PRESCRIPTION,445.0,3095.5,16.0,6.956179775280899,27.8125,0.7088275961334128,-1.9073529411764707,0
4807788410566,KLAZ OD (CLARITHROMYCIN) 500MG ER TAB,ANTIBIOTICS,PRESCRIPTION,19.0,3014.25,3.0,158.64473684210526,6.333333333333333,0.1488645855129574,-6.236939886253485e-16,0
4807788411877,TERGECEF 20MG/ML 10ML DROPS,ANTIBIOTICS,PRESCRIPTION,6.0,1972.53,4.0,328.755,1.5,0.3333333333333333,-0.19999999999999998,0
4807788411884,TERGECEF 100MG/5ML 30ML SUSP,ANTIBIOTICS,PRESCRIPTION,1.0,781.25,1.0,781.25,1.0,0.0,0.0,0
4807788411891,TERGECEF 100MG/5ML 60ML SUSP,ANTIBIOTICS,PRESCRIPTION,12.0,13243.0,9.0,1103.5833333333333,1.3333333333333333,0.3535533905932738,-0.016666666666666646,0
4807788411914,TERGECEF CAP 200MG,ANTIBIOTICS,PRESCRIPTION,225.0,35023.96,19.0,155.66204444444443,11.842105263157896,0.6479140317917127,0.14035087719298261,0
4807788411938,HIMOX 250MG SUSP 60ML,ANTIBIOTICS,PRESCRIPTION,25.0,3952.0,13.0,158.08,1.9230769230769231,0.43081318457076034,0.07142857142857144,0
4807788411945,HIMOX (AMOXICILLIN) 250MG 105ML SUSP,ANTIBIOTICS,PRESCRIPTION,31.0,5356.0,13.0,172.7741935483871,2.3846153846153846,0.4806343363145594,-0.13736263736263726,0
4807788412584,MUPICIN OINTMENT 5G,DERMATOLOGICALS,PRESCRIPTION,69.0,20259.51,28.0,293.6160869565217,2.4642857142857144,0.690043817803908,0.05665024630541876,0
4807788413321,PEDIAMOX (AMOXICILLIN) 100MG/ML 10ML,ANTIBIOTICS,PRESCRIPTION,41.0,3761.75,8.0,91.75,5.125,0.43012663630605846,-0.2738095238095241,0
4807788413338,PEDIAMOX (AMOXICILLIN) 250MG/5ML SUSP 60ML,ANTIBIOTICS,PRESCRIPTION,33.0,5038.5,14.0,152.6818181818182,2.357142857142857,0.546295647797574,-0.0989010989010991,0
4807788413345,PEDIAMOX (AMOXICILLIN) 250MG/5ML SUSP 105ML,ANTIBIOTICS,PRESCRIPTION,4.0,700.25,2.0,175.0625,2.0,0.5,-2.0,0
4807788414021,PLOGREL 75MG TAB,CARDIOVASCULAR,PRESCRIPTION,630.0,24591.8,21.0,39.03460317460318,30.0,0.6765145657500344,-1.5675324675324673,0
4807788416476,DRENEX 3MG TAB,RESPIRATORY,PRESCRIPTION,112.0,3447.12,21.0,30.77785714285714,5.333333333333333,0.6529466178136509,0.055844155844155884,0
4807788416520,AMVASC BE TAB 10MG,CARDIOVASCULAR,PRESCRIPTION,75.0,2565.8199999999997,12.0,34.21093333333333,6.25,1.2668070097690494,0.7447552447552446,0
4807788416537,AMVASC BE TAB 5MG,CARDIOVASCULAR,PRESCRIPTION,1951.0,43073.58,27.0,22.077693490517685,72.25925925925925,2.8656059763112554,7.365689865689869,0
4807788417169,CARVID TAB 25MG,CARDIOVASCULAR,PRESCRIPTION,341.0,6414.5,15.0,18.8108504398827,22.733333333333334,0.7840065028691646,0.7392857142857144,0
4807788518767,KLAZ (CLARITHROMYCIN) 250MG/5ML SUS 70ML,ANTIBIOTICS,PRESCRIPTION,3.0,3759.75,3.0,1253.25,1.0,0.0,8.985767264226737e-17,0
4807788519399,IMMUNOSIN (INOSIPLEX) 250MG/5ML SYRUP,ANTIBIOTICS,PRESCRIPTION,2.0,619.5,2.0,309.75,1.0,0.0,-7.850462293418875e-17,0
4807788519733,ASMALINÂ® 2MG SYR 60ML,RESPIRATORY,PRESCRIPTION,215.0,28734.59,29.0,133.6492558139535,7.413793103448276,0.8873365448698406,0.1876847290640395,0
4807788520463,HIMOX 500MG CAP,ANTIBIOTICS,PRESCRIPTION,999.0,18194.4,30.0,18.212612612612613,33.3,0.660985905926366,0.722803114571746,0
4807788520470,HIMOX 125MG SUSP. 60ML,ANTIBIOTICS,PRESCRIPTION,11.0,1184.75,6.0,107.70454545454545,1.8333333333333333,0.48956043701222773,-0.48571428571428554,0
4807788520494,HIMOX 100MG DROP 10ML,ANTIBIOTICS,PRESCRIPTION,17.0,1593.25,8.0,93.72058823529412,2.125,0.5969936214760129,0.0595238095238096,0
4807788520579,CANDEZ 8 MG TAB,CARDIOVASCULAR,PRESCRIPTION,574.0,11493.85,21.0,20.024128919860626,27.333333333333332,1.3196033253131203,2.1168831168831166,0
4807788520807,CANDEZ 16 MG TAB,CARDIOVASCULAR,PRESCRIPTION,107.0,3613.5,15.0,33.771028037383175,7.133333333333334,1.1072301472612998,-1.3249999999999997,0
4807788520890,AMOCLAV (CO-AMOXICLAV) 457MG/5ML 35ML SUS,ANTIBIOTICS,PRESCRIPTION,45.0,13811.6,14.0,306.9244444444445,3.2142857142857144,0.6874537021448008,-0.10329670329670337,0
4807788520906,AMOCLAV 457 SUSPENSION 70ML,ANTIBIOTICS,PRESCRIPTION,63.0,30120.0,22.0,478.0952380952381,2.8636363636363638,0.8175758895032325,0.09316770186335399,0
4807788523709,RESTIME 40MG ORAL DROP 10ML,GIT,PRESCRIPTION,23.0,2955.91,14.0,128.51782608695652,1.6428571428571428,0.371478423709458,-0.024175824175824208,0
4807788524560,BACTIFREE OINTMENT 10G,DERMATOLOGICALS,PRESCRIPTION,14.0,6775.8,6.0,483.9857142857143,2.3333333333333335,0.6851187890446742,0.6857142857142856,0
4807788524843,BACTIFREE 2% 20MG OINT TUBE,DERMATOLOGICALS,PRESCRIPTION,22.0,6579.93,9.0,299.0877272727273,2.4444444444444446,0.6711283209197,-0.13333333333333314,0
4807788524874,CEFALIN (CEFALEXIN) 125MG SUSP 60ML,ANTIBIOTICS,PRESCRIPTION,4.0,754.0,1.0,188.5,4.0,0.0,0.0,0
4807788524881,CEFALIN (CEFALEXIN) 250MG SUSP 60ML,ANTIBIOTICS,PRESCRIPTION,33.0,10813.5,15.0,327.6818181818182,2.2,0.6883525267636694,0.14642857142857144,0
4807788525031,CEFALIN (CEFALEXIN) 100MG/ML DROPS 10ML,ANTIBIOTICS,PRESCRIPTION,3.0,478.5,1.0,159.5,3.0,0.0,0.0,0
4807788526137,CANDEZ PLUS 16/12.5MG,CARDIOVASCULAR,PRESCRIPTION,34.0,1263.5,6.0,37.161764705882355,5.666666666666667,0.5998846486579746,-0.628571428571428,0
4807788526373,DOPEZIL (DONEPEZIL HYDROCHLORIDE) 5MG TAB,NEUROLOGICAL DRUGS,PRESCRIPTION,180.0,11052.0,3.0,61.4,60.0,0.408248290463863,-15.000000000000014,0
4807788527639,ZENITH 500MG TAB,ANTIBIOTICS,PRESCRIPTION,305.0,44672.15,20.0,146.4660655737705,15.25,0.5501459580095237,0.293984962406015,0
4807788530622,MONTRA 30MG CAP,CARDIOVASCULAR,PRESCRIPTION,555.0,9498.97,18.0,17.11526126126126,30.833333333333332,0.6202099128615145,1.9783281733746125,0
4807788530929,ZENITH (AZITHROMYCIN MONOHYDRATE) 200MG/5ML SUSP 20ML,ANTIBIOTICS,PRESCRIPTION,57.0,36018.0,14.0,631.8947368421053,4.071428571428571,0.5605805371463319,0.07252747252747244,0
4807788535702,MOVELAX 3.3MG/5ML 120ML (LACTULOSE,GIT,PRESCRIPTION,49.0,17675.940000000002,24.0,360.7334693877551,2.0416666666666665,0.655289565632748,0.018695652173913006,0
4807788535771,DECILONE FORTE 4MG TAB,RESPIRATORY,PRESCRIPTION,169.0,5546.71,25.0,32.82076923076923,6.76,0.9179038783273522,-0.10923076923076926,0
4807788535818,ECZACORT 1% CRM 10G,DERMATOLOGICALS,PRESCRIPTION,25.0,9001.84,15.0,360.0736,1.6666666666666667,0.6066300355241239,-0.02142857142857138,0
4807788541239,GLUMET XR 500MG (METFORMIN HCI) TAB,ANTIDIABETICS,PRESCRIPTION,1456.0,18389.84,27.0,12.630384615384616,53.925925925925924,0.4594713488567477,0.6416361416361422,0
4807788542496,RASH FREE 200MG 30G OINTMENT,DERMATOLOGICALS,PRESCRIPTION,8.0,1599.65,7.0,199.95625,1.1428571428571428,0.3061862178478973,-2.751513687042919e-17,0
4807788544650,GLUMET 1G,ANTIDIABETICS,PRESCRIPTION,257.0,3062.0499999999997,10.0,11.914591439688715,25.7,0.6386659057752223,-0.6848484848484837,0
4807788544704,VERSANT-XR (FELODIPINE) 10MG TAB,CARDIOVASCULAR,PRESCRIPTION,718.0,19533.21,16.0,27.2050278551532,44.875,0.6734210128311245,-2.197058823529411,0
4807788547071,ALGESIA 37.5/325 MG TAB,PAIN MANAGEMENT,PRESCRIPTION,516.0,26561.010000000002,24.0,51.47482558139535,21.5,0.6675674462515034,-0.6017391304347836,0
4807788547613,NEUROGEN-E TAB W/ FREE TUNA,ANTIBIOTICS,PRESCRIPTION,9.0,1062.0,3.0,118.0,3.0,0.7200822998230957,2.499999999999999,0
4807788547767,AMPIMAX (SULTAMICILLIN TOSILATE) 750MG TAB,ANTIBIOTICS,PRESCRIPTION,7.0,572.75,2.0,81.82142857142857,3.5,0.7142857142857143,4.999999999999999,0
4807788549501,TERGECEF OD 400MG CAP,ANTIBIOTICS,PRESCRIPTION,22.0,3497.01,3.0,158.955,7.333333333333333,0.7244262477504195,-3.500000000000001,0
4807788550910,UHP GLYDOLAX INFANT 1.9 RECTAL SUPP,GIT,PRESCRIPTION,12.0,138.0,1.0,11.5,12.0,0.0,0.0,0
4807788552167,FUNXION 75MG CAP,NEUROLOGICAL DRUGS,PRESCRIPTION,192.0,7541.29,11.0,39.27755208333333,17.454545454545453,0.6358007718835972,0.2272727272727271,0
4807788552273,ULTRAXIME 100MG/5ML 60ML SUSP,ANTIBIOTICS,PRESCRIPTION,38.0,40413.0,15.0,1063.5,2.533333333333333,0.5367388961676616,-0.14999999999999988,0
4807788552280,ULTRAXIME SYR 100MG 30ML,ANTIBIOTICS,PRESCRIPTION,17.0,11972.74,10.0,704.2788235294117,1.7,0.4594264515239209,0.04242424242424245,0
4807788552297,ULTRAXIME DROP 20MG 10ML,ANTIBIOTICS,PRESCRIPTION,16.0,4809.66,9.0,300.60375,1.7777777777777777,0.23385358667337136,0.01666666666666681,0
4807788553584,CLONIPRESS 75MCG TAB,CARDIOVASCULAR,PRESCRIPTION,160.0,3246.2,12.0,20.28875,13.333333333333334,0.7260767865728803,-1.7412587412587401,0
4807788553997,SURELAX (POLYETHYLENE GLYCOL 3350) 17G SACH,GIT,PRESCRIPTION,31.0,1558.05,5.0,50.25967741935484,6.2,0.7023077760347497,-1.500000000000001,0
4807788554550,TASCIT 10MEQ (POTASSIUM CITRATE,GUT AND HORMONES,PRESCRIPTION,144.0,3486.2,9.0,24.209722222222222,16.0,0.8483030446459305,3.3499999999999996,0
4807788554680,KLAZ (CLARITHROMYCIN) 125MG/5ML SUS 70ML,ANTIBIOTICS,PRESCRIPTION,5.0,3612.5,5.0,722.5,1.0,0.6324555320336759,0.09999999999999998,0
4807788554697,KLAZ (CLARITHROMYCIN) 125MG/5ML SUS 35ML,ANTIBIOTICS,PRESCRIPTION,3.0,1244.75,3.0,414.9166666666667,1.0,0.816496580927726,-0.5000000000000002,0
4807788554734,FENOFLEX 160MG,CARDIOVASCULAR,PRESCRIPTION,637.0,23905.5,22.0,37.52825745682888,28.954545454545453,1.0497003233477906,-0.3348390739695082,0
4807788558367,ROSWIN (ROSUVASTATIN) 10MG TAB,CARDIOVASCULAR,PRESCRIPTION,5.0,185.2,1.0,37.04,5.0,0.0,0.0,0
4807788558381,EXFLEM (ACETYLCYSTEINE) 600MG SACH,RESPIRATORY,PRESCRIPTION,117.0,4467.74,9.0,38.185811965811965,13.0,0.9308787108036589,0.15000000000000072,0
4807788558657,URINORM 40MG,PAIN MANAGEMENT,PRESCRIPTION,626.0,17862.57,26.0,28.534456869009585,24.076923076923077,0.7905589245087787,0.6899145299145298,0
4807788558664,URINORM (FEBUXOSTAT) 80MG TAB,PAIN MANAGEMENT,PRESCRIPTION,50.0,1760.0,2.0,35.2,25.0,0.6,-30.000000000000004,0
4807788558688,ISOXILAN (ISOXUPRINE) 10MG TAB,GUT AND HORMONES,PRESCRIPTION,211.0,5431.5,8.0,25.74170616113744,26.375,1.1216819075189715,-1.0119047619047643,0
4807788559647,DOXIN 100MG CAP,ANTIBIOTICS,PRESCRIPTION,195.0,21631.45,12.0,110.93051282051283,16.25,0.7146260107956608,0.5489510489510493,0
4807788559784,METCORT 16MG TAB,RESPIRATORY,PRESCRIPTION,462.0,16672.79,28.0,36.088290043290044,16.5,0.8315407717583179,0.1039956212370008,0
4807788561312,AMLIFE 100MG/5MG TAB,CARDIOVASCULAR,PRESCRIPTION,15.0,487.5,2.0,32.5,7.5,0.3333333333333333,4.999999999999997,0
4807788561329,AMLIFE (AMLODIPINE + LOSARTAN) 50/5MG TAB,CARDIOVASCULAR,PRESCRIPTION,440.0,9967.35,17.0,22.65306818181818,25.88235294117647,0.9419186503099155,1.9926470588235294,0
4807788562043,TASCIT 15MEQ (POTASSIUM CITRATE,GUT AND HORMONES,PRESCRIPTION,243.0,5897.74,8.0,24.270534979423868,30.375,0.9724393904685982,-9.702380952380953,0
4807788562432,CARVID 6.25MG TAB,CARDIOVASCULAR,PRESCRIPTION,1354.0,13853.6,33.0,10.231610044313147,41.03030303030303,0.701271776219257,-0.2931149732620323,0
4807788563095,DOXOFIX 400MG TAB,RESPIRATORY,PRESCRIPTION,924.0,18509.58,30.0,20.03201298701299,30.8,0.6209933699347324,-0.06095661846496154,0
4807788564986,FLUTIZAL 25/250MG INHALER,RESPIRATORY,PRESCRIPTION,12.0,7888.95,6.0,657.4125,2.0,0.5,-0.17142857142857132,0
4807788564993,FLUTIZAL (SALMETEROL + FLUTICASONE PROPIONATE) 25/125MG INHALER,RESPIRATORY,PRESCRIPTION,7.0,3123.3,5.0,446.1857142857143,1.4,0.7284313590846836,-8.462226515722585e-17,0
4807788566409,FLOTERA CHEWABLE TAB,GIT,PRESCRIPTION,498.0,18154.75,29.0,36.45532128514056,17.17241379310345,0.839856887198253,0.08128078817734084,0
4807788569738,PROGLIN 50MG TAB,ANTIDIABETICS,PRESCRIPTION,112.0,2882.3600000000006,4.0,25.735357142857147,28.0,0.5808377131175212,4.6000000000000005,0
4807788571519,FLOTERA 5ML DRP,GIT,PRESCRIPTION,3.0,3390.0,3.0,1130.0,1.0,0.0,8.985767264226737e-17,0
4807788574305,URINORM (FEBUXOSTAT) 20MG TAB,PAIN MANAGEMENT,PRESCRIPTION,32.0,521.38,2.0,16.293125,16.0,0.875,27.999999999999993,0
4807788586957,MUPICIN 10G (MUPIROCIN) OINTMENT,DERMATOLOGICALS,PRESCRIPTION,11.0,5505.25,6.0,500.47727272727275,1.8333333333333333,0.48956043701222773,-0.25714285714285695,0
4807788599247,DUAVENT 500MCG NEBULE,RESPIRATORY,PRESCRIPTION,162.0,6830.8,7.0,42.165432098765436,23.142857142857142,0.5413830110933506,1.6071428571428572,0
4807788618160,PROGLINMET (VIDAGLIPTIN + METFORMIN) 50/850MG,ANTIDIABETICS,PRESCRIPTION,30.0,707.04,1.0,23.567999999999998,30.0,0.0,0.0,0
4807788654021,IMMUNOSIN (INOSINE DIMEPRANOL ACEDOBEN) 250MG/5ML SYR 60ML,ANTIBIOTICS,PRESCRIPTION,2.0,578.0,2.0,289.0,1.0,0.0,-7.850462293418875e-17,0
4807788654045,SUMAPEN 500MG CAP,ANTIBIOTICS,PRESCRIPTION,504.0,8361.130000000001,26.0,16.589543650793654,19.384615384615383,0.47627314097300855,0.8041025641025642,0
4807788694164,ZEGEN (CEFUROXIME AXETIL) 500MG TAB,ANTIBIOTICS,PRESCRIPTION,248.0,18589.79,6.0,74.9588306451613,41.333333333333336,0.5512850374423419,4.857142857142859,0
4807788696281,NASOFLO NASAL SPRAY 50MCG,RESPIRATORY,PRESCRIPTION,37.0,28297.01,23.0,764.784054054054,1.608695652173913,0.6542550506437949,0.06719367588932809,0
4807788706003,ASMALIN (SALBUTAMOL) 2.5ML AMP,RESPIRATORY,PRESCRIPTION,320.0,10378.6,17.0,32.433125000000004,18.823529411764707,0.9697374000212634,0.6225490196078431,0
4807788729989,GLUBITOR OD (GLICLAZIDE) 60MG PR TAB,ANTIDIABETICS,PRESCRIPTION,15.0,231.0,1.0,15.4,15.0,0.0,0.0,0
4807788772275,UH GLYDOLAX INFANT 1.9 RECTAL SUPP,GIT,PRESCRIPTION,2.0,23.0,1.0,11.5,2.0,0.0,0.0,0
4809010672773,KIDZ KIT 2 FORTE 120ML SYRUP,ANTIBIOTICS,PRESCRIPTION,3.0,1148.25,2.0,382.75,1.5,0.3333333333333333,-1.0,0
4809013427011,SEREMAX FORTE (PREGABALIN + MECOBALAMIN + ALPHA LIPOIC ACID) 75MG/750MCG/100MG CAP,PAIN MANAGEMENT,PRESCRIPTION,828.0,29328.01,20.0,35.420301932367146,41.4,0.7386092697049812,-0.6285714285714281,0
4809013427288,REFLUXID DUO 40MG/30MG SR CAP,GIT,PRESCRIPTION,326.0,21621.57,17.0,66.32383435582823,19.176470588235293,0.8124492416042349,0.2818627450980401,0
4809013427721,L-ZINEX DUO (MONTELUKAST LEVOCETIRIZINE HCL)10MG/5MG,RESPIRATORY,PRESCRIPTION,125.0,3687.5,8.0,29.5,15.625,0.7352604980549411,1.0119047619047616,0
4809013427752,XARTAN DUO (LOSARTAN POTASSIUM AMLODIPINE BESILATE) 50MG/5MG,CARDIOVASCULAR,PRESCRIPTION,148.0,2820.64,5.0,19.05837837837838,29.6,0.8007825792471462,-8.100000000000003,0
4809015142035,OHHIRAs PROPOLIS 600MG CAP,RESPIRATORY,PRESCRIPTION,4080.0,262105.53,25.0,64.24155147058823,163.2,0.5745941808814344,-2.8792307692307686,0
4809015596449,CETOZ-L (LEVOCETIRIZINE DIHYDROCHLORIDE) 5MG FCT,RESPIRATORY,PRESCRIPTION,98.0,338.3,8.0,3.4520408163265306,12.25,0.9886907358195367,-0.9523809523809524,0
4809015705865,KETOMIRIN (KETOANALOGUES+ESSENTIAL AMINO ACIDS) 630MG FC TAB,GUT AND HORMONES,PRESCRIPTION,2000.0,30315.0,8.0,15.1575,250.0,0.8016058882019269,-60.40476190476193,1
4987084556066,HIALID (SODIUM HYALURONATE) 1MG/ML 5ML EYE DROPS,EENT,PRESCRIPTION,11.0,4095.9,6.0,372.3545454545455,1.8333333333333333,0.5821022034029862,0.028571428571428418,0
54021235,GLOBISAPH (KETOANALOGUE) 630MG TAB,GUT AND HORMONES,PRESCRIPTION,2342.0,35963.2,5.0,15.355764304013663,468.4,0.5270834427202808,28.999999999999954,0
5415062354940,ZITHROMAX 500MG TAB,ANTIBIOTICS,PRESCRIPTION,209.0,32016.28,24.0,153.18794258373205,8.708333333333334,0.5319188487763612,0.20913043478260868,0
5415062362440,ELIQUIS (APIXABAN) 2.5MG FC TAB,CARDIOVASCULAR,PRESCRIPTION,10.0,825.0,1.0,82.5,10.0,0.0,0.0,0
5415062365786,ZITHROMAX 200MG/5ML 15ML SUSP,ANTIBIOTICS,PRESCRIPTION,22.0,9776.470000000001,9.0,444.38500000000005,2.4444444444444446,0.6132153437832746,0.03333333333333352,0
5702191025187,FUCIDIN OINTMENT 5G,DERMATOLOGICALS,PRESCRIPTION,2.0,854.5,2.0,427.25,1.0,0.0,-7.850462293418875e-17,0
58289945,ATORSAPH-40 (ATORVASTATIN) 40MG FC TAB,PAIN MANAGEMENT,PRESCRIPTION,300.0,1673.1,5.0,5.577,60.0,0.9215325399692743,-37.300000000000026,0
59497466828,NEB KIT W/. MASK ADULT,EENT,PRESCRIPTION,57.0,3696.47,14.0,64.85035087719298,4.071428571428571,1.3403554698185303,0.06373626373626375,0
60370143,DOLSAPH 325/37.5 MG TAB,PAIN MANAGEMENT,PRESCRIPTION,739.0,3433.99,10.0,4.64680649526387,73.9,0.5950438723284082,6.951515151515155,0
61400382,TAMSUSAPH-400 (TAMSULOSIN HCL) 400MCG E.C TAB,GUT AND HORMONES,PRESCRIPTION,313.0,4730.16,12.0,15.112332268370606,26.083333333333332,0.7586564543960815,-0.8496503496503499,0
6921665001499,AXMAXOLV (SALBUTAMOL) 100MCG/ACTUATION,RESPIRATORY,PRESCRIPTION,22.0,3992.42,12.0,181.47363636363636,1.8333333333333333,0.8860722131644513,0.15384615384615383,0
6921665004803,SALBPRESS (SALBUTAMOL) 100MCG/ ACTUATION 200DOSES,RESPIRATORY,PRESCRIPTION,4.0,702.0,2.0,175.5,2.0,0.5,1.9999999999999996,0
6921875005027,HYZOL (OMEPRAZOLE) 40MG VIAL,GIT,PRESCRIPTION,9.0,1031.67,5.0,114.63000000000001,1.8,0.888888888888889,0.7999999999999999,0
6922748503015,BL CREAM 7G,DERMATOLOGICALS,PRESCRIPTION,599.0,23289.5,32.0,38.88063439065108,18.71875,0.42344482560330204,-0.20692815249266874,0
70537970,EPORIFE ( EPOETIN ALFA ) 400IU/ML SOLUTION,GUT AND HORMONES,PRESCRIPTION,174.0,78287.0,9.0,449.92528735632186,19.333333333333332,0.41522739926869984,0.7666666666666692,0
72945360,AXALAV (CO-AMOXICLAV) 500MG/125MG FC TAB,ANTIBIOTICS,PRESCRIPTION,363.0,8382.24,9.0,23.091570247933884,40.333333333333336,1.2092126385568185,-8.23333333333333,0
73671190,INVAFLOZIN (DAPAGLIFLOZIN) 10MG TAB,ANTIDIABETICS,PRESCRIPTION,78.0,2205.0,3.0,28.26923076923077,26.0,1.009325355167414,-29.00000000000001,0
75502188,GENCLAV (CO-AMOXICLAV) 1G TAB,ANTIBIOTICS,PRESCRIPTION,20.0,1005.0,2.0,50.25,10.0,0.4,-8.0,0
76737002055,VONWELT PREDNISONE 10MG TAB,RESPIRATORY,PRESCRIPTION,79.0,194.0,5.0,2.4556962025316458,15.8,0.8138758180090384,-1.1000000000000016,0
8002660027818,CHOLIB 145MG/20MG,RESPIRATORY,PRESCRIPTION,174.0,11097.119999999999,7.0,63.776551724137924,24.857142857142858,0.6869198629659345,-5.7857142857142865,0
8002660027825,CHOLIB (FENOFIBRATE + SIMVASTATIN) 145MG/40MG FCT,CARDIOVASCULAR,PRESCRIPTION,285.0,18367.2,8.0,64.44631578947369,35.625,0.6162566329148699,2.4880952380952364,0
8002660031303,ISOPTIN (VERAPAMIL HYDROCHLORIDE) 80MG FC TAB 100&#039;s,PAIN MANAGEMENT,PRESCRIPTION,6.0,284.47,2.0,47.41166666666667,3.0,0.0,-3.14018491736755e-16,0
80737636,TAMSULOSIN (ALFATAM) 400MCG CAP,GUT AND HORMONES,PRESCRIPTION,95.0,1116.5,4.0,11.75263157894737,23.75,0.27348170645824377,5.500000000000001,0
83189913,DILFUR (DILOXANIDE FUROATE) 500MG,ANTIBIOTICS,PRESCRIPTION,100.0,4750.0,6.0,47.5,16.666666666666668,0.6660330322138684,-1.6571428571428575,0
83379833,KLINDEX 300MG CAP,ANTIBIOTICS,PRESCRIPTION,21.0,1440.6,1.0,68.6,21.0,0.0,0.0,0
840164518399,ARCOXIA 90MG TAB,PAIN MANAGEMENT,PRESCRIPTION,26.0,1833.0,5.0,70.5,5.2,0.3076923076923077,-0.5000000000000009,0
840164518412,ARCOXIA 120MG TAB,PAIN MANAGEMENT,PRESCRIPTION,184.0,15682.0,7.0,85.22826086956522,26.285714285714285,0.33147718873862836,-0.5357142857142833,0
8595026485266,PROURSAN (URSODEOXYCHOLIC ACID) 250MG CAP,GUT AND HORMONES,PRESCRIPTION,21.0,1050.0,1.0,50.0,21.0,0.0,0.0,0
86544771,ROSUSAPH-10 (ROSUVASTATIN) 10MG FC TAB,CARDIOVASCULAR,PRESCRIPTION,527.0,3538.65,11.0,6.714705882352941,47.90909090909091,0.740135253662475,-8.954545454545451,0
8806044002206,KRABINEX (HYDROXYUREA) 500MG CAP,GUT AND HORMONES,PRESCRIPTION,90.0,3465.0,1.0,38.5,90.0,0.0,0.0,0
8806044013325,PTERIN 2.5MG TAB 100&#039;S,ONCOLOGY AND SPECIALTY DRUGS,PRESCRIPTION,242.0,2568.9700000000003,8.0,10.615578512396695,30.25,0.5506266183509065,-0.7857142857142904,0
8806472023811,URSOMAX (URSODEOXYCHOLIC ACID) 300MG TAB,GUT AND HORMONES,PRESCRIPTION,610.0,36666.06,20.0,60.108295081967206,30.5,0.8219967037808641,-0.16541353383458665,0
88087975567,NEBULIZER KIT W/. MASK PEDIA,EENT,PRESCRIPTION,38.0,2481.16,22.0,65.29368421052631,1.7272727272727273,0.5289408221642573,-0.0011293054771315677,0
8850769011012,FLEXSA (GLUCOSAMINE SULFATE) 1500MG ORAL SOLUTION,PAIN MANAGEMENT,PRESCRIPTION,97.0,5257.4,2.0,54.199999999999996,48.5,0.8556701030927835,82.99999999999997,2
8850769011517,Z-FLEXSA (GLUCOSAMINE SULFATE) 1500MG ORAL SOLUTION,PAIN MANAGEMENT,PRESCRIPTION,324.0,19554.56,11.0,60.35358024691359,29.454545454545453,0.5114896910090518,-0.6181818181818173,0
8850769025569,ETHEZIB-90 (ETEROCOXIB) 90MG TAB,PAIN MANAGEMENT,PRESCRIPTION,1.0,62.0,1.0,62.0,1.0,0.0,0.0,0
8853935013353,UNIGAN (PARACETAMOL + HYOSCINE-N-BUTYLBROMIDE) 500MG/10MG FC TAB,PAIN MANAGEMENT,PRESCRIPTION,178.0,5033.55,11.0,28.278370786516856,16.181818181818183,0.5943915803908568,-1.645454545454545,0
8853935018600,ACUFLAM SPRAY (DICLOFENAC SODIUM) 60ML,PAIN MANAGEMENT,PRESCRIPTION,16.0,8511.8,9.0,531.9875,1.7777777777777777,0.5796011559684816,-0.13333333333333322,0
8853935018983,BISCORE 2.5 FC TAB,CARDIOVASCULAR,PRESCRIPTION,388.0,4519.2,12.0,11.64742268041237,32.333333333333336,0.8563840022782195,-0.09790209790209657,0
8853935031685,REBAMID (REBAMIPIDE) 100MG TAB,GIT,PRESCRIPTION,165.0,3162.0,7.0,19.163636363636364,23.571428571428573,0.6753157952574119,0.9285714285714266,0
8901140110579,GLITO-15 (PIOGLITAZONE HYDROCHLORIDE) 15MG TAB,ANTIDIABETICS,PRESCRIPTION,100.0,603.5,6.0,6.035,16.666666666666668,0.8788629017087932,-6.628571428571427,0
8901149030182,TELI 80 (TELMISARTAN) TAB,CARDIOVASCULAR,PRESCRIPTION,125.0,5535.360000000001,2.0,44.282880000000006,62.5,0.92,-115.00000000000001,1
8901149030205,TELI 40 TAB,CARDIOVASCULAR,PRESCRIPTION,159.0,3824.8300000000004,4.0,24.05553459119497,39.75,0.5141485392208134,-14.900000000000002,0
8901302114179,DOLOWIN PLUS (ACECLOFENAC + PARACETAMOL)100MG/500MG,PAIN MANAGEMENT,PRESCRIPTION,68.0,2399.75,5.0,35.29044117647059,13.6,0.6520529199233931,-5.200000000000002,0
8901302123591,MELANOV 60 (GLICLAZIDE) 60MG,ANTIDIABETICS,PRESCRIPTION,95.0,676.76,3.0,7.1237894736842104,31.666666666666668,0.2988435698227029,-4.500000000000001,0
8901302187128,DAJIO (DAPAGLIFLOZIN) 10MG TAB,ANTIDIABETICS,PRESCRIPTION,373.0,10656.68,6.0,28.570187667560322,62.166666666666664,0.447271450613246,10.771428571428569,0
8901397023233,VIBERT (BETAHISTINE DIHYDROCHLORIDE) 24MG TAB,NEUROLOGICAL DRUGS,PRESCRIPTION,68.0,2751.96,6.0,40.47,11.333333333333334,0.42520094984708706,0.45714285714285813,0
8901463194386,IRBENOV (IRBESARTAN) 300MG,CARDIOVASCULAR,PRESCRIPTION,33.0,545.16,1.0,16.52,33.0,0.0,0.0,0
8902269000208,PIPZO IV 4.5MG INJ VIAL,ANTIBIOTICS,PRESCRIPTION,1.0,678.57,1.0,678.57,1.0,0.0,0.0,0
8902269001182,ZOCEF 500MG TAB,ANTIBIOTICS,PRESCRIPTION,582.0,17712.5,17.0,30.43384879725086,34.23529411764706,0.7956940600571529,-0.20588235294117618,0
8902269002196,TAXIM-O 200MG TAB,ANTIBIOTICS,PRESCRIPTION,84.0,5279.04,5.0,62.84571428571429,16.8,0.3657688451366004,0.40000000000000013,0
8902269016674,ALCLAV 625MG TAB,ANTIBIOTICS,PRESCRIPTION,2315.0,54385.56,22.0,23.492682505399568,105.22727272727273,0.6791322445527775,-4.338226990400901,0
8902269016681,ALCLAV 1G TAB,ANTIBIOTICS,PRESCRIPTION,10.0,517.9,1.0,51.79,10.0,0.0,0.0,0
8902269040242,TAXIM-O 100MG/5ML DRY SYRUP FORTE,ANTIBIOTICS,PRESCRIPTION,2.0,1232.14,1.0,616.07,2.0,0.0,0.0,0
8902399204811,CEF-U 500 (CEFUROXIME) 500MG FC TAB,ANTIBIOTICS,PRESCRIPTION,140.0,10206.0,2.0,72.9,70.0,0.7571428571428571,105.99999999999997,2
8902399469852,ROXIPRIME (CEFUROXIME ) 500MG Tab,ANTIBIOTICS,PRESCRIPTION,385.0,25582.829999999998,8.0,66.44890909090908,48.125,0.6487841684909811,-0.011904761904763712,0
8902805105428,VALSAJUB (VALSARTAN) 80MG,CARDIOVASCULAR,PRESCRIPTION,60.0,749.52,2.0,12.491999999999999,30.0,0.0,-1.6239695141939146e-15,0
8902805105435,VALSAJUB (VALSARTAN) 160MG,CARDIOVASCULAR,PRESCRIPTION,33.0,569.45,4.0,17.256060606060608,8.25,0.9246149274177187,2.8999999999999986,0
8903726135198,Moxetero (Moxifloxacin) 400mg tablet,ANTIBIOTICS,PRESCRIPTION,7.0,1176.0,1.0,168.0,7.0,0.0,0.0,0
8904131202888,FENO-TG (FENOFIBRATE) 160MG FCT,CARDIOVASCULAR,PRESCRIPTION,465.0,8103.0,15.0,17.425806451612903,31.0,0.7546824578652296,-0.07142857142857084,0
8904159620923,FEBUDAY-40 (FEBUXOSTAT) 40MG TAB,PAIN MANAGEMENT,PRESCRIPTION,2378.0,35808.74,30.0,15.05834314550042,79.26666666666667,0.549072197377721,2.121913236929922,0
8904172922233,MONTI PLUS TAB 10/5MG,RESPIRATORY,PRESCRIPTION,502.0,13045.56,18.0,25.987171314741033,27.88888888888889,0.7282885961603092,1.6057791537667692,0
8904172925487,ORPHEN PLUS (PARACETAMOL + ORPHENADRINE CITRATE) 650MG/35MG,PAIN MANAGEMENT,PRESCRIPTION,15.0,449.74,2.0,29.982666666666667,7.5,0.2,-3.0000000000000004,0
8904172926149,BIXOCOT (ETORICOXIB) 90MG,PAIN MANAGEMENT,PRESCRIPTION,6.0,330.0,2.0,55.0,3.0,0.3333333333333333,-2.0,0
8904172926156,BIXOCOT (ETORICOXIB) 120MG FCT,PAIN MANAGEMENT,PRESCRIPTION,332.0,21465.62,19.0,64.65548192771084,17.473684210526315,0.7308547343787454,-1.2333333333333325,0
8904179017543,RETAZIDINE (TRIMETAZIDINE) 35MG,CARDIOVASCULAR,PRESCRIPTION,849.0,7810.52,7.0,9.199670200235571,121.28571428571429,0.464209890045508,-12.357142857142843,0
8904180801162,DICTAS (DICLOFENAC SODIUM) 50MG,PAIN MANAGEMENT,PRESCRIPTION,437.0,646.62,14.0,1.4796796338672769,31.214285714285715,0.6253506784473538,-1.9538461538461565,0
8904182010395,LEVONOVA (LEVOFLOXACIN) 500MG FC TAB,ANTIBIOTICS,PRESCRIPTION,94.0,905.1,7.0,9.62872340425532,13.428571428571429,0.6623141453733352,-0.6428571428571426,0
8904182012344,AZIMED (AZITHROMYCIN) 500MG,ANTIBIOTICS,PRESCRIPTION,10.0,360.0,1.0,36.0,10.0,0.0,0.0,0
8904184004965,PANFOR SR 500MG TAB,ANTIDIABETICS,PRESCRIPTION,188.0,2098.08,4.0,11.16,47.0,0.3928975598429657,3.1999999999999997,0
8904184004972,PERGLIM M-2 2MG/500MG TAB,ANTIDIABETICS,PRESCRIPTION,2051.0,33306.729999999996,28.0,16.23926377376889,73.25,0.8413654123912612,-4.812534209085931,0
8904186000200,HISTALEV (LEVOCETIRIZINE) 5MG FC TAB,CARDIOVASCULAR,PRESCRIPTION,12.0,120.0,3.0,10.0,4.0,0.2041241452319315,0.5,0
8904186010063,ESOTAZ (ESOMEPRAZOLE) 40MG CAP,GIT,PRESCRIPTION,150.0,2250.0,3.0,15.0,50.0,0.282842712474619,-14.999999999999998,0
8904198503522,VEXER (PREGABALIN) 75MG,NEUROLOGICAL DRUGS,PRESCRIPTION,1.0,27.5,1.0,27.5,1.0,0.0,0.0,0
8904198504086,VALVEX-A (AMLODIPINE + VALSARTAN) 160MG/5MG,CARDIOVASCULAR,PRESCRIPTION,19.0,635.36,3.0,33.44,6.333333333333333,0.5210260492953508,-4.0,0
8904198504093,VALVEX-A 80MG/5MG,CARDIOVASCULAR,PRESCRIPTION,58.0,1755.6,6.0,30.268965517241377,9.666666666666666,0.6139480625780985,-2.571428571428571,0
8904198504109,VALVEX-A 160MG/10MG,CARDIOVASCULAR,PRESCRIPTION,33.0,1379.4,3.0,41.800000000000004,11.0,1.2219300093124819,-14.000000000000005,0
8904220101153,SERVONEX (DONEPEZIL HYDROCHLORIDE) 10MG TAB,NEUROLOGICAL DRUGS,PRESCRIPTION,101.0,3959.28,2.0,39.20079207920792,50.5,0.9801980198019802,-99.0,1
8904220104857,WOLVIT 5MG FC TAB,CARDIOVASCULAR,PRESCRIPTION,12.0,93.0,2.0,7.75,6.0,0.16666666666666666,1.9999999999999991,0
8904220107728,FLUSUM (FLUCONAZOLE) 5MG/G 30G GEL,ANTIBIOTICS,PRESCRIPTION,2.0,726.0,2.0,363.0,1.0,0.0,-7.850462293418875e-17,0
8904220113644,METROMIC FORTE (METRONIDAZOLE MICONAZOLE NITRATE) 750MG/200MG TAB,ANTIBIOTICS,PRESCRIPTION,11.0,2145.0,3.0,195.0,3.6666666666666665,0.5604012729971798,0.9999999999999996,0
8904220118892,BACTOPIC (MUPIROCIN) 15G,DERMATOLOGICALS,PRESCRIPTION,7.0,4046.0,3.0,578.0,2.3333333333333335,0.5345224838248487,0.5000000000000003,0
8904220119622,SAMITOL (SECNIDAZOLE) 500MG TAB,ANTIBIOTICS,PRESCRIPTION,4.0,184.0,1.0,46.0,4.0,0.0,0.0,0
8904346102485,NOVAMET (CLOTRIMAZOLE) 1%W/W CREAM 15G,DERMATOLOGICALS,PRESCRIPTION,4.0,350.0,4.0,87.5,1.0,0.0,-8.214889951798643e-17,0
8904360300065,BRELVASTIN (ATORVASTATIN) 20MG,CARDIOVASCULAR,PRESCRIPTION,1401.0,4377.1,16.0,3.1242683797287656,87.5625,1.24543377291034,3.8897058823529407,0
8905887001077,FLECHEM (ACETYLCYSTEINE) 600MG,RESPIRATORY,PRESCRIPTION,298.0,8029.700000000001,4.0,26.945302013422822,74.5,0.6055536259574245,-35.199999999999996,0
8906005112378,SULTAM (TAMSULOSIN HCL) 200MCG E.C TAB,GUT AND HORMONES,PRESCRIPTION,7.0,119.0,3.0,17.0,2.3333333333333335,0.8806305718527109,1.4999999999999993,0
8906005112385,SULTAM (TAMSULOSIN HCL) 400MCG E.C TAB,GUT AND HORMONES,PRESCRIPTION,20.0,312.0,1.0,15.6,20.0,0.0,0.0,0
8906005114907,FLUCYSTEINE (ACETYLCYSTEINE) 600MG SACH,RESPIRATORY,PRESCRIPTION,379.0,10140.3,6.0,26.75540897097625,63.166666666666664,0.45143414687741384,2.8285714285714256,0
8906005114990,NAXCIL-600 (ACETYLCYSTEINE) 600MG POWDER,RESPIRATORY,PRESCRIPTION,80.0,1889.27,4.0,23.615875,20.0,0.75,-3.6000000000000023,0
8906005118769,MUCOPRIME (ACETYLCYSTEINE) 600Mg SACHET,RESPIRATORY,PRESCRIPTION,564.0,21017.9,10.0,37.265780141843976,56.4,0.8096529817195164,5.503030303030303,0
8906007510493,ENLEVO (LEVOFLOXACIN) 500MG TAB,ANTIBIOTICS,PRESCRIPTION,28.0,1813.0,2.0,64.75,14.0,0.0,-3.400326353594165e-15,0
8906009316185,ESOGET (ESOMEPRAZOLE) 40MG TAB,GIT,PRESCRIPTION,146.0,7519.0,2.0,51.5,73.0,0.2328767123287671,33.999999999999986,0
8906011513497,SANIX (CEFIXIME) 200MG TAB,ANTIBIOTICS,PRESCRIPTION,550.0,7702.7,18.0,14.004909090909091,30.555555555555557,0.5580959365379444,2.239422084623323,0
8906016610030,COMXICLA (CO-AMOXICLAV) 250MG/62.5MG 60ML SUSP,ANTIBIOTICS,PRESCRIPTION,4.0,920.0,4.0,230.0,1.0,0.0,-8.214889951798643e-17,0
8906016610115,RETACLAV-625MG FC,ANTIBIOTICS,PRESCRIPTION,468.0,9613.0,10.0,20.54059829059829,46.8,0.8021106826540219,3.8060606060606044,0
8906016613499,COMOXBET (CO-AMOXICLAV) 625MG TAB,ANTIBIOTICS,PRESCRIPTION,219.0,3808.8,6.0,17.39178082191781,36.5,0.9622576713691158,-3.4000000000000012,0
8906034080976,PANCER-40 (PANTOPRAZOLE SODIUM) 40MG FC TAB,PAIN MANAGEMENT,PRESCRIPTION,19.0,190.0,2.0,10.0,9.5,0.05263157894736842,-1.0000000000000016,0
8906043325242,OMEPRASAPH 20MG TAB,CARDIOVASCULAR,PRESCRIPTION,28.0,182.0,2.0,6.5,14.0,0.0,-3.400326353594165e-15,0
8906043326010,CO-AMOXISAPH (CO-AMOXICLAV) 457MG 70ML SUSP,ANTIBIOTICS,PRESCRIPTION,9.0,2286.67,3.0,254.07444444444445,3.0,0.47140452079103173,-1.4999999999999996,0
8906044870444,A.R.A. + H (LOSARTAN POTASSIUM + HYDROCHLOROTHIAZIDE) 50MG/12 TAB,CARDIOVASCULAR,PRESCRIPTION,70.0,371.0,4.0,5.3,17.5,0.4738035414793429,-7.000000000000001,0
8906045600910,PARATRAM 37.5/325MG TAB,PAIN MANAGEMENT,PRESCRIPTION,180.0,4627.17,16.0,25.706500000000002,11.25,0.7086763875156433,0.20000000000000004,0
8906045605038,BETZINE (BETAHISTINE HYDROCHLORIDE) 24MG TAB,NEUROLOGICAL DRUGS,PRESCRIPTION,262.0,9256.02,24.0,35.32832061068702,10.916666666666666,0.6730989346774199,0.3104347826086955,0
8906045607728,ORATEL -40 (TELMISARTAN) 40MG TAB,CARDIOVASCULAR,PRESCRIPTION,150.0,1444.0,3.0,9.626666666666667,50.0,0.33025242870668897,15.5,0
8906045608190,TELMIBET (TELMISARTAN) 80MG TAB,CARDIOVASCULAR,PRESCRIPTION,70.0,434.0,3.0,6.2,23.333333333333332,0.20203050891044214,-2.84607632104474e-15,0
8906045886284,PANTO PLUS 40MG/30MG TAB,GIT,PRESCRIPTION,268.0,14069.04,17.0,52.49641791044777,15.764705882352942,0.7864375831408562,-0.3823529411764706,0
8906051770157,BETZIDINE MR (TRIMETAZIDINE HCL) 35MG TAB,CARDIOVASCULAR,PRESCRIPTION,30.0,450.0,1.0,15.0,30.0,0.0,0.0,0
8906076770033,OPPUL (SALBUTAMOL) 1MG/ML (2.5MG/2.5ML) NEB,RESPIRATORY,PRESCRIPTION,60.0,1074.0,1.0,17.9,60.0,0.0,0.0,0
8906076770101,BETTERVENT (SALBUTAMOL) 1MG/ML (2.5MG/2.5ML) SOL&#039;N,RESPIRATORY,PRESCRIPTION,385.0,5495.44,8.0,14.27387012987013,48.125,0.5271575589148523,-2.940476190476191,0
8906076770392,DUOMED (SALBU+IPRA) 2.5MG/500MCG/2.5ML,RESPIRATORY,PRESCRIPTION,130.0,3140.0,4.0,24.153846153846153,32.5,0.50253793757111,-13.8,0
8906101924622,Retabaline (Pregabalin) 75mg cap,NEUROLOGICAL DRUGS,PRESCRIPTION,40.0,326.96,1.0,8.174,40.0,0.0,0.0,0
89061125300519,RANICLAV (CO-AMOXICLAV) 625MG TAB,ANTIBIOTICS,PRESCRIPTION,12.0,252.0,1.0,21.0,12.0,0.0,0.0,0
8906117651314,FEBUMED-80 (FEBUXOSTAT) 80MG FC TAB,PAIN MANAGEMENT,PRESCRIPTION,20.0,526.4,1.0,26.32,20.0,0.0,0.0,0
8906117651772,ATORVEX (ATORVASTATIN) 20MG,CARDIOVASCULAR,PRESCRIPTION,592.0,5510.33,9.0,9.307989864864865,65.77777777777777,0.5153882032022077,3.96666666666667,0
8906143082854,RETAZET (CEFUROXIME) 500MG,ANTIBIOTICS,PRESCRIPTION,542.0,14879.2,7.0,27.45239852398524,77.42857142857143,0.6050197825213155,-1.10714285714286,0
8908006972531,CLOHEAL (CLOPIDOGREL) 75MG TAB,CARDIOVASCULAR,PRESCRIPTION,791.0,2880.68,8.0,3.641820480404551,98.875,0.7077196162722864,-6.107142857142861,0
8934618212864,PANTOPRAZ 40MG EC TAB,GIT,PRESCRIPTION,140.0,8780.8,11.0,62.71999999999999,12.727272727272727,0.7950099473129445,2.3636363636363633,0
8961100510023,CALIPTROL (ATORVASTATIN) 40MG,CARDIOVASCULAR,PRESCRIPTION,2199.0,12633.4,19.0,5.745065939063211,115.73684210526316,0.5742268446865249,-5.349122807017543,0
8961100510665,AURORA (ROSUVASTATIN) 10MG FC TAB,CARDIOVASCULAR,PRESCRIPTION,990.0,8796.48,13.0,8.885333333333334,76.15384615384616,0.7817581476702572,-4.456043956043954,0
8961100510672,AURORA (ROSUVASTATIN) 20MG FC TAB,CARDIOVASCULAR,PRESCRIPTION,694.0,9361.2,12.0,13.488760806916428,57.833333333333336,0.7236069646851894,-1.356643356643357,0
8964001206026,CELCOXX 100MG CAP,PAIN MANAGEMENT,PRESCRIPTION,89.0,2437.5,7.0,27.3876404494382,12.714285714285714,0.6259949787498481,-1.857142857142857,0
8964001206033,CELCOXX CAP 200MG,PAIN MANAGEMENT,PRESCRIPTION,995.0,30293.47,33.0,30.445698492462313,30.151515151515152,0.6303951502858357,-0.41878342245989236,0
8964001206040,CELCOXX CAP 400MG,PAIN MANAGEMENT,PRESCRIPTION,109.0,5769.9,19.0,52.9348623853211,5.7368421052631575,0.9081178653691248,-0.015789473684210364,0
8964001206057,CLARIGET 125MG/5ML DROPS 25ML,ANTIBIOTICS,PRESCRIPTION,1.0,288.0,1.0,288.0,1.0,0.0,0.0,0
8964001206064,CLARIGET GRANULES 125MG/5ML 50ML,ANTIBIOTICS,PRESCRIPTION,7.0,2305.6,7.0,329.37142857142857,1.0,0.0,-4.4235991976298466e-17,0
8964001206088,CLARIGET OD (CLARITHROMYCIN) 500MG TAB,ANTIBIOTICS,PRESCRIPTION,5.0,613.75,1.0,122.75,5.0,0.0,0.0,0
8964001206101,CLARIGET TAB 500MG,ANTIBIOTICS,PRESCRIPTION,119.0,6746.1,13.0,56.68991596638656,9.153846153846153,0.7419744556182897,0.9120879120879122,0
8964001206118,GABIX (GABAPENTIN) 100MG CAP,NEUROLOGICAL DRUGS,PRESCRIPTION,298.0,10798.220000000001,9.0,36.23563758389262,33.111111111111114,0.6546634998261276,4.099999999999997,0
8964001206125,GABIX (GABAPENTIN) 300MG CAP,NEUROLOGICAL DRUGS,PRESCRIPTION,239.0,8869.65,14.0,37.11150627615063,17.071428571428573,0.9204735636507319,-0.1252747252747258,0
8964001206149,GETRYL (GLIMEPIRIDE) 2MG TAB,ANTIDIABETICS,PRESCRIPTION,67.0,987.9200000000001,4.0,14.745074626865673,16.75,0.4079298617527298,-4.699999999999998,0
8964001206163,GETRYL TAB 4MG,ANTIDIABETICS,PRESCRIPTION,4.0,114.28,1.0,28.57,4.0,0.0,0.0,0
8964001206170,INSUGET 70/30 INJECTION VIAL -VEX,ANTIDIABETICS,PRESCRIPTION,8.0,5384.04,6.0,673.005,1.3333333333333333,0.5590169943749475,0.17142857142857137,0
8964001206187,INSUGET N INJECTION (ISOPHANE INSULIN HUMAN) RDNA,ANTIDIABETICS,PRESCRIPTION,1.0,680.0,1.0,680.0,1.0,0.0,0.0,0
8964001206224,LEVOCIN TAB 500MG,ANTIBIOTICS,PRESCRIPTION,75.0,4534.69,9.0,60.462533333333326,8.333333333333334,0.5513619500836088,-0.2499999999999995,0
8964001206248,LILAC SYRUP 120ML,GIT,PRESCRIPTION,32.0,10656.5,20.0,333.015625,1.6,0.6059599821770412,0.0451127819548872,0
8964001206255,LILAC SYRUP 60ML,GIT,PRESCRIPTION,15.0,2621.17,10.0,174.74466666666666,1.5,1.0,0.09090909090909091,0
8964001206286,MONTIGET (MONTELUKAST SODIUM) GRANULES,RESPIRATORY,PRESCRIPTION,265.0,9057.25,13.0,34.178301886792454,20.384615384615383,0.7707541396270442,0.434065934065934,0
8964001206293,MONTIGET(MONTELUKAST SODIUM) 10MG TAB,RESPIRATORY,PRESCRIPTION,407.0,15722.65,25.0,38.63058968058968,16.28,1.1349543023687116,0.686153846153846,0
8964001206309,MONTIGET TAB 4MG,RESPIRATORY,PRESCRIPTION,442.0,11112.5,20.0,25.141402714932127,22.1,0.8941547430339337,0.9548872180451129,0
8964001206316,MONTIGET TAB 5MG,RESPIRATORY,PRESCRIPTION,253.0,6252.3,14.0,24.712648221343873,18.071428571428573,0.9117764080871448,2.6395604395604395,0
8964001206323,NEBIL 2.5MG TAB,CARDIOVASCULAR,PRESCRIPTION,561.0,5875.7,19.0,10.47361853832442,29.526315789473685,0.5679313348119273,-0.02807017543859575,0
8964001206330,NEBILET TAB 5MG,CARDIOVASCULAR,PRESCRIPTION,572.0,10803.62,28.0,18.887447552447554,20.428571428571427,0.5935617210123821,-0.8505747126436772,0
8964001206347,NORPLAT 75MG TAB,CARDIOVASCULAR,PRESCRIPTION,431.0,11862.68,13.0,27.523619489559167,33.15384615384615,0.676508197737183,-2.2527472527472514,0
8964001206354,NORPLAT-S 75MG TAB,CARDIOVASCULAR,PRESCRIPTION,65.0,2730.0,5.0,42.0,13.0,0.14595127662315596,-0.20000000000000115,0
8964001206361,REVENTA 70MG TAB,PAIN MANAGEMENT,PRESCRIPTION,18.0,3449.1,5.0,191.61666666666667,3.6,0.955813918560292,-1.2000000000000008,0
8964001206378,RISEK CAP 20MG,GIT,PRESCRIPTION,302.0,10583.26,25.0,35.04390728476821,12.08,0.6445991713851034,0.09538461538461514,0
8964001206385,RISEK CAP 40MG CAP,GIT,PRESCRIPTION,582.0,28937.88,29.0,49.72144329896907,20.06896551724138,0.688817021512295,0.21674876847290683,0
8964001206408,RISEK INSTA 20MG POWDER (OMEPRAZOLE + SODIUM BICARBONATE,GIT,PRESCRIPTION,5.0,200.0,2.0,40.0,2.5,0.2,-1.0000000000000007,0
8964001206415,RISEK INSTA 40MG POWDER (OMEPRAZOLE + SODIUM BICARBONATE,GIT,PRESCRIPTION,6.0,318.0,1.0,53.0,6.0,0.0,0.0,0
8964001206422,ROVISTA TAB 10MG,CARDIOVASCULAR,PRESCRIPTION,667.0,16705.79,24.0,25.046161919040483,27.791666666666668,0.87041136518968,-0.886521739130435,0
8964001206439,ROVISTA TAB 20MG,CARDIOVASCULAR,PRESCRIPTION,731.0,20702.55,21.0,28.320861833105333,34.80952380952381,0.5342658447007883,0.8571428571428567,0
8964001206446,ROVISTA TAB 5MG,CARDIOVASCULAR,PRESCRIPTION,290.0,6259.5,16.0,21.58448275862069,18.125,0.5919395155012803,0.9176470588235299,0
8964001206460,SIMVOGET TAB 20MG 10&#039;,CARDIOVASCULAR,PRESCRIPTION,175.0,1268.06,7.0,7.2460571428571425,25.0,0.32071349029490925,0.1785714285714295,0
8964001206484,TAMSOLIN (TAMSULOSIN) 400MCG TAB,GUT AND HORMONES,PRESCRIPTION,31.0,900.52,3.0,29.049032258064514,10.333333333333334,0.6386770926846236,-6.999999999999996,0
8964001206538,ZOLID (PIOGLITAZONE HCI) 30MG TAB,ANTIDIABETICS,PRESCRIPTION,14.0,274.96,1.0,19.639999999999997,14.0,0.0,0.0,0
8964001206651,FORTRA 200MCG/6MCG CANISTER,RESPIRATORY,PRESCRIPTION,38.0,20918.8,16.0,550.4947368421052,2.375,0.512989176042577,-0.14117647058823524,0
8992870565098,SALONPAS GEL 30G,PAIN MANAGEMENT,PRESCRIPTION,6.0,816.0,5.0,136.0,1.2,0.3333333333333334,-0.10000000000000012,0
8994568193699,MEDIXON (METHYLPREDNISOLONE) 16MG TAB,RESPIRATORY,PRESCRIPTION,30.0,1029.6,3.0,34.32,10.0,0.0,5.765780763233607e-16,0
90346415,ISOPRINOSINE (INOSINE ACEDOBEN DIMEPRANOL) 500MG TAB,ANTIBIOTICS,PRESCRIPTION,28.0,671.46,2.0,23.98071428571429,14.0,0.35714285714285715,9.999999999999998,0
94571134,SAPHETOR 120 FC TAB,CARDIOVASCULAR,PRESCRIPTION,518.0,14764.369999999999,20.0,28.502644787644787,25.9,0.9170920486046152,1.0691729323308268,0
98057740,VAXIRAB 2.5 IU 1ML,COLD CHAIN,PRESCRIPTION,596.0,1080064.0,11.0,1812.1879194630872,54.18181818181818,0.4787556973049045,0.2545454545454549,3
99786007,TROMBOCIL (CILOSTAZOL) 50MG,CARDIOVASCULAR,PRESCRIPTION,33.0,946.38,3.0,28.67818181818182,11.0,0.128564869306645,-1.4999999999999998,0
G1402818466,SAPHCLAZIDE-60 (GLICLAZIDE) 60MG TAB,ANTIDIABETICS,PRESCRIPTION,355.0,3405.6,11.0,9.593239436619719,32.27272727272727,0.6783646040329352,1.5727272727272728,0
G23610491,CEXIM (CEFIXIME) 100MG/5ML 60ML SUSP,ANTIBIOTICS,PRESCRIPTION,60.0,31600.8,5.0,526.68,12.0,0.2173067468400883,1.499999999999999,0
G27927274,GRACEFIX (CEFIXIME)100MG/5ML 60ML SUSP,ANTIBIOTICS,PRESCRIPTION,3.0,2595.0,3.0,865.0,1.0,0.0,8.985767264226737e-17,0
G3805523855,FLOXANOVA-500 (LEVOFLOXACIN) 500MG FC TAB,ANTIBIOTICS,PRESCRIPTION,141.0,1885.0,8.0,13.368794326241135,17.625,0.5923153577478747,-3.5595238095238098,0
G40652719,DIOSPER (DIOSMIN HESPERIDIN) 450MG/50MG FC TAB,CARDIOVASCULAR,PRESCRIPTION,174.0,4671.45,6.0,26.847413793103446,29.0,0.6763076176255471,1.1428571428571448,0
G60421692,OXYGEN MASK ADULT (TABER CARE,EENT,PRESCRIPTION,3.0,180.0,3.0,60.0,1.0,0.0,8.985767264226737e-17,0
G83326493,VELMETIA 50/1000 TAB,ANTIDIABETICS,PRESCRIPTION,210.0,5363.82,6.0,25.541999999999998,35.0,1.3985415143451905,-11.77142857142857,0
G90955549,TERAVOX (LEVIOFLOXACIN) 500MG,ANTIBIOTICS,PRESCRIPTION,19.0,1099.98,1.0,57.89368421052632,19.0,0.0,0.0,0
G94777864,DIGOSAPH 250MCG (DIGOXIN) 250MCG TAB,CARDIOVASCULAR,PRESCRIPTION,40.0,282.87,5.0,7.07175,8.0,0.6072478900745559,-0.9000000000000002,0
G96197103,BETNOCHEM (BETAMETHASONE) 1MG/G CREAM 5G,DERMATOLOGICALS,PRESCRIPTION,5.0,283.35,4.0,56.67,1.25,0.34641016151377546,0.10000000000000009,0
