customer_group,qty,sales,profit,discount,avg_discount_pct,profit_margin
Regular,90208.0,2809301.19,743881.87,0.0,0.0,26.479249453491317
Senior/PWD,37930.0,943784.12,191985.13,0.18852184087363494,1.9975102025835626e-05,20.342059792232995
