medicine,qty,sales,daily_demand,projected_demand,projected_revenue,storage_needed,capital_needed
NOVASARTAN (LOSARTAN K) 50MG FC TAB,617.0,1462.5,21.275862068965516,1914.8275862068965,4538.793103448275,2297.793103448276,2723.275862068965
NEPHORMIN TAB,576.0,9360.0,19.862068965517242,1787.5862068965519,29048.275862068967,2145.1034482758623,17428.96551724138
SAPHLOR-50 (LOSARTAN) 50MG TAB,509.0,1117.8,17.551724137931036,1579.6551724137933,3469.0344827586205,1895.5862068965519,2081.4206896551723
BIOGESIC (PARACETAMOL) 500MG TAB,409.0,1738.25,14.10344827586207,1269.3103448275863,5394.568965517242,1523.1724137931035,3236.741379310345
AMLOTHIX (AMLODIPINE) 5MG TAB,311.0,605.6,10.724137931034482,965.1724137931034,1879.448275862069,1158.206896551724,1127.6689655172413
ALCLAV (CO-AMOXICLAV) 625MG TAB,269.0,4733.96,9.275862068965518,834.8275862068966,14691.600000000002,1001.7931034482759,8814.960000000001
ALLECUR (CETIRIZINE) 10MG TAB,265.0,795.0,9.137931034482758,822.4137931034483,2467.2413793103447,986.8965517241379,1480.3448275862067
REGIVASC (AMLODIPINE BESILATE) 10MG TAB,251.0,573.0,8.655172413793103,778.9655172413793,1778.2758620689656,934.7586206896551,1066.9655172413793
KIRKLAND FISH OIL 1000IU,230.0,920.0,7.931034482758621,713.7931034482759,2855.1724137931037,856.551724137931,1713.103448275862
CLODIN (CLONIDINE) 150MG TAB,220.0,1692.0,7.586206896551724,682.7586206896552,5251.0344827586205,819.3103448275863,3150.620689655172
IMMUNPRO 500MG TAB,207.0,1811.25,7.137931034482759,642.4137931034483,5621.120689655172,770.8965517241379,3372.6724137931033
CARDOZ (CARVEDILOL) 6.25MG TAB,194.0,1000.2,6.689655172413793,602.0689655172414,3104.068965517242,722.4827586206897,1862.441379310345
OHHIRAs PROPOLIS 600MG CAP,189.0,11449.92,6.517241379310345,586.551724137931,35534.23448275862,703.8620689655172,21320.540689655172
NEOZEP FORTE (PHENYLEPHRINE HCL + PARACETAMOL) TAB,180.0,1035.0,6.206896551724138,558.6206896551724,3212.0689655172414,670.3448275862069,1927.2413793103447
FORMET (METFORMIN) 500MG TAB,175.0,306.25,6.0344827586206895,543.1034482758621,950.4310344827586,651.7241379310345,570.2586206896551
CALIPTROL (ATORVASTATIN) 40MG,161.0,980.2,5.551724137931035,499.65517241379314,3042.0000000000005,599.5862068965517,1825.2000000000003
AXMEL (AMOXICILLIN TRIHYDRATE) 500MG CAP,142.0,458.25,4.896551724137931,440.6896551724138,1422.155172413793,528.8275862068965,853.2931034482758
NEUROBION TAB,135.0,3194.38,4.655172413793103,418.9655172413793,9913.593103448275,502.7586206896551,5948.155862068965
INBUMIN 250MG (STRIATIN) FC TAB,134.0,5589.26,4.620689655172414,415.8620689655172,17345.97931034483,499.03448275862064,10407.587586206897
BIOFLU (PENYLEPHINE + CHLORPHENAMINE + PARACETAMOL) TAB,132.0,1056.0,4.551724137931035,409.65517241379314,3277.241379310345,491.58620689655174,1966.344827586207
GLIMESYN (GLIMEPIRIDE) 2MG TAB,130.0,1202.5,4.482758620689655,403.44827586206895,3731.8965517241377,484.13793103448273,2239.1379310344823
CALCIFESAPH ( CALCIUM+VITAMIN D3) TAB,126.0,437.68,4.344827586206897,391.0344827586207,1358.3172413793104,469.2413793103448,814.9903448275862
EMICOX (CELECOXIB) 200MG,122.0,638.0,4.206896551724138,378.6206896551724,1979.9999999999998,454.34482758620686,1187.9999999999998
SYMDEX D TAB,121.0,423.5,4.172413793103448,375.51724137931035,1314.3103448275863,450.6206896551724,788.5862068965517
FERLUM PLUS (FERROUS SULFATE + FOLIC ACID) 186MG/400MCG CAP,120.0,274.4,4.137931034482759,372.4137931034483,851.5862068965517,446.89655172413796,510.951724137931
CALCISAPH (CALCIUM CARBONATE) 500MG TAB,120.0,220.56,4.137931034482759,372.4137931034483,684.496551724138,446.89655172413796,410.6979310344828
FORXIGA (DAPAGLIFLOZIN) 10MG,119.0,4418.4,4.103448275862069,369.3103448275862,13712.275862068964,443.17241379310343,8227.365517241378
NEOFORM 500MG TAB,116.0,388.6,4.0,360.0,1206.0,432.0,723.6
ASCORSAPH ZEE(ASCORBIC ACID+ZN)500MG/10MG CAP,115.0,224.0,3.9655172413793105,356.89655172413796,695.1724137931035,428.2758620689655,417.1034482758621
FORTIS VITAMINS (VITAMIN B-COMPLEX) 100MG/5MG/50MCG TAB,110.0,202.96,3.793103448275862,341.3793103448276,629.8758620689656,409.65517241379314,377.92551724137934
NAFARIN A TAB,110.0,825.0,3.793103448275862,341.3793103448276,2560.344827586207,409.65517241379314,1536.2068965517242
B-PLEX (VIT B1+B6+B12) CAP,109.0,498.37,3.7586206896551726,338.2758620689655,1546.6655172413793,405.9310344827586,927.9993103448276
FLUIMUCIL 600MG TAB,106.0,3889.35,3.6551724137931036,328.9655172413793,12070.396551724136,394.7586206896552,7242.237931034481
MEDIFORTAN-AS (MULTIVITAMINS + BUCLIZINE HCI ) CAP,105.0,2472.75,3.6206896551724137,325.8620689655172,7674.05172413793,391.03448275862064,4604.431034482758
AURORA (ROSUVASTATIN) 10MG FC TAB,105.0,921.2,3.6206896551724137,325.8620689655172,2858.8965517241377,391.03448275862064,1715.3379310344826
STIMUNO (PHYLLANTHUS NIRURI) 250MG CAP,104.0,1666.0,3.586206896551724,322.7586206896552,5170.344827586207,387.3103448275862,3102.206896551724
RM LOSARTAN 50MG TAB,103.0,1297.92,3.5517241379310347,319.65517241379314,4028.027586206897,383.58620689655174,2416.816551724138
FUSEDEX (FUROSEMIDE) 40MG TAB,100.0,210.0,3.4482758620689653,310.34482758620686,651.7241379310344,372.4137931034482,391.03448275862064
GOUTSAPH (COLCHICINE) 500MCG TAB,100.0,301.28,3.4482758620689653,310.34482758620686,935.006896551724,372.4137931034482,561.0041379310344
ALAXAN FR (IBUPROFEN + PARACETAMOL) CAP,97.0,773.5,3.3448275862068964,301.0344827586207,2400.5172413793102,361.2413793103448,1440.310344827586
RM AMLODIPINE 5MG,97.0,649.9,3.3448275862068964,301.0344827586207,2016.9310344827588,361.2413793103448,1210.1586206896552
ORANOL (PROPANOLOL HYDROCHLORIDE) 10MG TAB,94.0,404.2,3.2413793103448274,291.7241379310345,1254.4137931034481,350.06896551724134,752.6482758620689
DIABEATS (GLIMEPERIDE) 2MG TAB,93.0,281.4,3.206896551724138,288.6206896551724,873.310344827586,346.34482758620686,523.9862068965516
PLEMEX FORTE (VITEX NEGUNDO L. LAGUNDI LEAF) CAP,91.0,659.75,3.1379310344827585,282.41379310344826,2047.4999999999998,338.8965517241379,1228.4999999999998
TERRAFERON (FERROUS SULFATE + FOLIC ACID + B-COMPLEX + NICOTINAMIDE) CAP,91.0,750.75,3.1379310344827585,282.41379310344826,2329.913793103448,338.8965517241379,1397.9482758620686
BAND AID PLASTIC STRIPS,89.0,222.5,3.0689655172413794,276.2068965517241,690.5172413793103,331.44827586206895,414.3103448275862
MYONAL TAB,86.0,2295.0,2.9655172413793105,266.89655172413796,7122.413793103449,320.2758620689655,4273.44827586207
QUATROFOL (METHYLTETRAHYDROFOLIC ACID) CAPS,86.0,1806.0,2.9655172413793105,266.89655172413796,5604.827586206898,320.2758620689655,3362.8965517241386
BETTERVENT (SALBUTAMOL) 1MG/ML (2.5MG/2.5ML) SOL&#039;N,86.0,1137.8,2.9655172413793105,266.89655172413796,3531.1034482758623,320.2758620689655,2118.6620689655174
AUGMENTIN 625MG TAB,84.0,4412.8,2.896551724137931,260.6896551724138,13694.896551724138,312.8275862068965,8216.937931034483
ZEGEN 500MG TAB,82.0,6240.02,2.8275862068965516,254.48275862068965,19365.57931034483,305.37931034482756,11619.347586206897
ITORVAZ 40 (ATORVASTATIN) 40MG FC TAB,82.0,1307.4499999999998,2.8275862068965516,254.48275862068965,4057.6034482758614,305.37931034482756,2434.5620689655166
SAPHLOPID (CLOPIDOGREL) 75MG TAB,80.0,394.4,2.7586206896551726,248.27586206896552,1224.0,297.9310344827586,734.4
TAPDIN (METHIMAZOLE) 20MG TAB,80.0,2320.0,2.7586206896551726,248.27586206896552,7200.0,297.9310344827586,4320.0
CEELIN PLUS (ASCORBIC ACID + ZINC) CHEW TAB,80.0,540.0,2.7586206896551726,248.27586206896552,1675.8620689655172,297.9310344827586,1005.5172413793102
ERCEFLORA (BASILLUS CLAUSII) ORAL SOLUTION 5ML,78.0,3198.0,2.689655172413793,242.0689655172414,9924.827586206897,290.48275862068965,5954.896551724138
INTERPHIL (IRBESARTAN) 150MG TAB,76.0,682.5,2.6206896551724137,235.86206896551724,2118.103448275862,283.0344827586207,1270.862068965517
CEFUSAPH (CEFUROXIME AXETIL) 500MG FC TAB,75.0,1909.6,2.586206896551724,232.75862068965517,5926.3448275862065,279.3103448275862,3555.8068965517236
LEUKOREX (MONTELUKAST SODIUM) 10MG FC TAB,73.0,501.0,2.5172413793103448,226.55172413793102,1554.8275862068965,271.8620689655172,932.8965517241379
MECID (MEFENAMIC) 500MG CAP,73.0,182.5,2.5172413793103448,226.55172413793102,566.3793103448276,271.8620689655172,339.8275862068965
CALCIUMADE (CALCIUM + VITAMIN + MINERALS) TAB,70.0,770.0,2.413793103448276,217.24137931034483,2389.655172413793,260.6896551724138,1433.7931034482758
MX3 COFFEE,68.0,1224.0,2.3448275862068964,211.03448275862067,3798.620689655172,253.2413793103448,2279.1724137931033
RANITEIN (RANITIDINE) 150MG TAB,68.0,224.4,2.3448275862068964,211.03448275862067,696.4137931034483,253.2413793103448,417.84827586206893
CORVELAM 800MG (SEVELAMER CARBONATE) TAB,65.0,2210.0,2.2413793103448274,201.72413793103448,6858.620689655172,242.06896551724137,4115.172413793103
DECOLGEN FORTE (PHENYLEPROPANOLAMINE HCI + CHLORPHENAMINE MALEATE + PARACETAMOL,65.0,438.75,2.2413793103448274,201.72413793103448,1361.6379310344828,242.06896551724137,816.9827586206897
CLIN-GEN (CLINDAMYCIN) 300MG CAP,63.0,787.5,2.1724137931034484,195.51724137931035,2443.9655172413795,234.6206896551724,1466.3793103448277
VIRBEZ (IRBESARTAN) 150MG TAB,62.0,891.0,2.1379310344827585,192.41379310344826,2765.1724137931033,230.8965517241379,1659.1034482758619
ADVIL LIQUIGEL (IBUPROFEN) CAP,62.0,533.1999999999999,2.1379310344827585,192.41379310344826,1654.758620689655,230.8965517241379,992.8551724137928
REVICON FORTE (MULTIVITAMINS + MINERALS + AMINO ACIDS) TAB,62.0,323.3,2.1379310344827585,192.41379310344826,1003.3448275862069,230.8965517241379,602.0068965517241
ATENURIX (FEBUXOSTAT) 40MG FCT,61.0,1425.0,2.103448275862069,189.3103448275862,4422.4137931034475,227.17241379310343,2653.4482758620684
KENZAR (LOSARTAN POTASSIUM) 50MG FC TAB,61.0,620.4,2.103448275862069,189.3103448275862,1925.3793103448274,227.17241379310343,1155.2275862068964
AMLOTHIX (AMLODIPINE) 10MG TAB,60.0,107.4,2.0689655172413794,186.20689655172416,333.3103448275862,223.44827586206898,199.98620689655172
SAPHRIN (ASPIRIN) 80MG TAB,60.0,96.0,2.0689655172413794,186.20689655172416,297.93103448275866,223.44827586206898,178.7586206896552
FELOSTAL (FELODIPINE) 5MG TAB,60.0,408.0,2.0689655172413794,186.20689655172416,1266.2068965517242,223.44827586206898,759.7241379310345
RM MEFENAMIC ACID 500MG TAB,58.0,362.61,2.0,180.0,1125.3413793103448,216.0,675.2048275862069
SECUNDA (CEFUROXIME) 500MG CAP,56.0,2855.88,1.9310344827586208,173.79310344827587,8863.075862068967,208.55172413793105,5317.84551724138
TASCIT 15MEQ (POTASSIUM CITRATE,55.0,1423.95,1.896551724137931,170.6896551724138,4419.1551724137935,204.82758620689657,2651.493103448276
PRENAREX PLUS (MULTIVITIMINS+FOLIC ACID+IRON) CAP,54.0,688.5,1.8620689655172413,167.58620689655172,2136.7241379310344,201.10344827586206,1282.0344827586207
LE MINERALE 600ML,54.0,810.0,1.8620689655172413,167.58620689655172,2513.793103448276,201.10344827586206,1508.2758620689654
PANTO PLUS (PANTOPRAZOLE + DOMPERIDONE) 40MG/30MG TAB 30,51.0,2688.74,1.7586206896551724,158.27586206896552,8344.36551724138,189.93103448275863,5006.619310344828
STRESSTABS WIRON TAB,51.0,573.75,1.7586206896551724,158.27586206896552,1780.603448275862,189.93103448275863,1068.3620689655172
XIGDUO XR (DAPAGLIFLOZIN + METFORMIN) 10/1000MG TAB,51.0,3042.0,1.7586206896551724,158.27586206896552,9440.689655172415,189.93103448275863,5664.413793103448
ASTEROL (PROPANOLOL HYDROCHLORIDE) 40MG TAB,51.0,291.16,1.7586206896551724,158.27586206896552,903.6000000000001,189.93103448275863,542.1600000000001
ASPILETS (ASPIRIN) 80MG TAB,51.0,182.52,1.7586206896551724,158.27586206896552,566.4413793103449,189.93103448275863,339.86482758620696
PONSTAN SF 500MG (MEFENAMIC ACID) CAP,50.0,1995.0,1.7241379310344827,155.17241379310343,6191.379310344827,186.2068965517241,3714.827586206896
PARTNERS LUBRICATING JELLY 5G,50.0,500.0,1.7241379310344827,155.17241379310343,1551.7241379310344,186.2068965517241,931.0344827586206
ATC COENZYME,50.0,950.0,1.7241379310344827,155.17241379310343,2948.275862068965,186.2068965517241,1768.965517241379
SINUPRET FORTE DRAGEES,50.0,553.92,1.7241379310344827,155.17241379310343,1719.0620689655168,186.2068965517241,1031.43724137931
ATORSAPH-10 (ATORVASTATIN) 10MG FC TAB,50.0,125.0,1.7241379310344827,155.17241379310343,387.9310344827586,186.2068965517241,232.75862068965515
POTEN CEE PLUS ZINC (ASCORBIC ACID + ZINC,49.0,392.0,1.6896551724137931,152.0689655172414,1216.5517241379312,182.48275862068968,729.9310344827587
RM COLCHICINE 500MG,48.0,191.75,1.6551724137931034,148.9655172413793,595.0862068965516,178.75862068965515,357.051724137931
DUPHASTON(DYDROGESTERONE) 10MG TAB,47.0,3724.75,1.6206896551724137,145.86206896551724,11559.568965517241,175.03448275862067,6935.741379310344
INTERPHIL (IRBESARTAN) 300MG TAB,45.0,558.0,1.5517241379310345,139.6551724137931,1731.7241379310346,167.58620689655172,1039.0344827586207
DUAVENT P-NEB 500MCG (IPRATROPRIUM + SALBUTAMOL,45.0,2047.5,1.5517241379310345,139.6551724137931,6354.310344827587,167.58620689655172,3812.586206896552
KETESSE (DEXKETOPROFEN) 25MG TAB,45.0,1457.7,1.5517241379310345,139.6551724137931,4523.896551724138,167.58620689655172,2714.3379310344826
KREMIL S (ALUMINUM HYDROXIDE + MAGNESIUM HYDROXIDE + SIMETICONE) TAB,44.0,352.0,1.5172413793103448,136.55172413793102,1092.4137931034481,163.8620689655172,655.4482758620688
VESSEL DUE-F 250 LSU (SULODEXIDE,43.0,2215.93,1.4827586206896552,133.44827586206898,6877.024137931035,160.13793103448276,4126.214482758621
MEDICOL ADVANCE 400MG (IBUPROFEN,42.0,525.0,1.4482758620689655,130.3448275862069,1629.310344827586,156.41379310344826,977.5862068965516
CENTRUM SILVER ADV TAB 1s,42.0,546.0,1.4482758620689655,130.3448275862069,1694.4827586206895,156.41379310344826,1016.6896551724137
CIPRODIN-FC (CIPROFLOXACIN) 500MG TAB,42.0,168.0,1.4482758620689655,130.3448275862069,521.3793103448276,156.41379310344826,312.8275862068965
XIPRO TAB 500MG,42.0,1669.5,1.4482758620689655,130.3448275862069,5181.206896551724,156.41379310344826,3108.724137931034
TMZ-MR (TRIMETAZIDINE HCL) 35MG TAB,42.0,520.8,1.4482758620689655,130.3448275862069,1616.2758620689654,156.41379310344826,969.7655172413791
DIATABS (LOPERAMIDE) CAP,41.0,338.25,1.4137931034482758,127.24137931034483,1049.7413793103449,152.68965517241378,629.8448275862069
ALGINA (SODIUM ALGINATE) SUS,40.0,1080.0,1.3793103448275863,124.13793103448276,3351.7241379310344,148.9655172413793,2011.0344827586205
EUTHYROX (LEVOTHYROXINE) 50MCG TAB,40.0,370.0,1.3793103448275863,124.13793103448276,1148.2758620689656,148.9655172413793,688.9655172413793
AURORA (ROSUVASTATIN) 20MG FC TAB,40.0,493.0,1.3793103448275863,124.13793103448276,1530.0,148.9655172413793,918.0
ATORSAPH-20 (ATORVASTATIN) 20MG FC TAB,40.0,119.0,1.3793103448275863,124.13793103448276,369.3103448275862,148.9655172413793,221.58620689655172
SANICARE BATHROOM TISSUE 1&#039;S,40.0,740.0,1.3793103448275863,124.13793103448276,2296.551724137931,148.9655172413793,1377.9310344827586
B-PRIME (VIT B-COMPLEX) CAP,40.0,432.0,1.3793103448275863,124.13793103448276,1340.689655172414,148.9655172413793,804.4137931034484
DOLFENAL (MEFENAMIC ACID) 500MG,40.0,1240.0,1.3793103448275863,124.13793103448276,3848.2758620689656,148.9655172413793,2308.965517241379
CARDIPRES (CARVEDILOL) 12.5MG FC TAB,40.0,340.0,1.3793103448275863,124.13793103448276,1055.1724137931035,148.9655172413793,633.1034482758621
RENALEAF (SAMBONG) 500MG TAB,40.0,300.0,1.3793103448275863,124.13793103448276,931.0344827586207,148.9655172413793,558.6206896551724
REXIDOL FTE TAB,40.0,230.0,1.3793103448275863,124.13793103448276,713.7931034482759,148.9655172413793,428.2758620689655
URSOMAX (URSODEOXYCHOLIC ACID) 300MG TAB,40.0,2780.0,1.3793103448275863,124.13793103448276,8627.586206896553,148.9655172413793,5176.551724137931
PHAREX VIT BCOMPLEX (VITAMIN B1 + B6 + B12,40.0,190.0,1.3793103448275863,124.13793103448276,589.6551724137931,148.9655172413793,353.7931034482759
SOLMUX (CARBOCISTEINE) 500MG CAP,39.0,448.5,1.3448275862068966,121.0344827586207,1391.8965517241381,145.24137931034483,835.1379310344829
NEBIL 5MG (NEBIVOLOL) TAB,39.0,735.0,1.3448275862068966,121.0344827586207,2281.034482758621,145.24137931034483,1368.6206896551726
VIVALYTE E-DRINK APPLE 250ML,38.0,1900.0,1.3103448275862069,117.93103448275862,5896.551724137931,141.51724137931035,3537.9310344827586
SAPHETOR (ETORICOXIB) 120MG FC TAB,38.0,1054.32,1.3103448275862069,117.93103448275862,3272.0275862068966,141.51724137931035,1963.2165517241378
MX3 CAP,38.0,673.2,1.3103448275862069,117.93103448275862,2089.2413793103447,141.51724137931035,1253.5448275862068
BUSCOPAN TAB,38.0,1016.5,1.3103448275862069,117.93103448275862,3154.655172413793,141.51724137931035,1892.7931034482758
RELEAF(SAMBONG)FORTE 500MG,38.0,313.5,1.3103448275862069,117.93103448275862,972.9310344827586,141.51724137931035,583.7586206896551
IMODIUM (LOPERAMIDE) 2MG CAP,38.0,627.0,1.3103448275862069,117.93103448275862,1945.8620689655172,141.51724137931035,1167.5172413793102
SEREMAX FORTE (PREGABALIN + MECOBALAMIN + ALPHA LIPOIC ACID) 75MG/750MCG/100MG CAP,37.0,1113.74,1.2758620689655173,114.82758620689656,3456.4344827586206,137.79310344827587,2073.8606896551723
TOZAM (LOSARTAN + AMLODIPINE) 50MG/5MG FC TAB,37.0,889.6,1.2758620689655173,114.82758620689656,2760.8275862068967,137.79310344827587,1656.496551724138
SPIRODEN (SPIRONOLACTONE) 25MG TAB,37.0,343.65,1.2758620689655173,114.82758620689656,1066.5,137.79310344827587,639.9
NEOZEP NO-DROWSE (PHENYLEPHRINE HCL + PARACETAMOL) TAB,37.0,222.0,1.2758620689655173,114.82758620689656,688.9655172413793,137.79310344827587,413.37931034482756
ESSENTIALE FORTE CAP,37.0,1148.88,1.2758620689655173,114.82758620689656,3565.489655172414,137.79310344827587,2139.2937931034485
PREDU-XL (TRIMETAZIDINE) 35MG MR TAB,37.0,285.6,1.2758620689655173,114.82758620689656,886.344827586207,137.79310344827587,531.8068965517242
ROVISTA (ROSUVASTATIN)20MG TAB,36.0,1052.64,1.2413793103448276,111.72413793103449,3266.813793103449,134.0689655172414,1960.0882758620692
XANTHONE PLUS GOLD CAP,36.0,558.0,1.2413793103448276,111.72413793103449,1731.7241379310346,134.0689655172414,1039.0344827586207
CALCITROL 500 1250MG/250IU TAB,36.0,432.0,1.2413793103448276,111.72413793103449,1340.689655172414,134.0689655172414,804.4137931034484
RENAKULT CAP(PROBIOTIC,35.0,864.0,1.206896551724138,108.62068965517241,2681.379310344828,130.3448275862069,1608.8275862068967
FOLIZ (FOLIC ACID) 5MG CAP,35.0,89.84,1.206896551724138,108.62068965517241,278.8137931034483,130.3448275862069,167.28827586206896
RM CLOPIDOGREL 75MG TAB,35.0,662.9000000000001,1.206896551724138,108.62068965517241,2057.2758620689656,130.3448275862069,1234.3655172413794
DIFFLAM LOZENGES (BENZYDAMINE HYDROCHLORIDE) 3MG,34.0,1100.0,1.1724137931034482,105.51724137931033,3413.7931034482754,126.6206896551724,2048.275862068965
UNICIL (SULTAMICILLIN TOSILATE) 750MG FC TAB,34.0,1214.2099999999998,1.1724137931034482,105.51724137931033,3768.2379310344813,126.6206896551724,2260.942758620689
TUSERAN FORTE (DEXTROMETHORPAN HBR + PHENYLEPROPANOLAMINE HCI + PARACETAMOL) CAP,34.0,357.0,1.1724137931034482,105.51724137931033,1107.9310344827586,126.6206896551724,664.7586206896551
NORVASC (AMLODIPINE BESYLATE) 5MG TAB,34.0,722.5,1.1724137931034482,105.51724137931033,2242.2413793103447,126.6206896551724,1345.3448275862067
ALGESIA (PARACETAMOL + TRAMADOL) 37.5/325 MG TAB,33.0,1734.93,1.1379310344827587,102.41379310344828,5384.265517241381,122.89655172413794,3230.559310344828
INHIBITA (OMEPRAZOLE) 40MG EC TAB,33.0,297.0,1.1379310344827587,102.41379310344828,921.7241379310345,122.89655172413794,553.0344827586207
LE MINERALE 1.5ML,33.0,990.0,1.1379310344827587,102.41379310344828,3072.4137931034484,122.89655172413794,1843.4482758620688
ENERVON TAB,32.0,220.8,1.103448275862069,99.3103448275862,685.2413793103449,119.17241379310344,411.14482758620693
ECTRIN 300 MG CAP,32.0,944.0,1.103448275862069,99.3103448275862,2929.655172413793,119.17241379310344,1757.7931034482758
EUTHYROX 25MCG TAB,32.0,216.0,1.103448275862069,99.3103448275862,670.3448275862069,119.17241379310344,402.2068965517241
ZANIDIP 10MG TAB,32.0,967.5,1.103448275862069,99.3103448275862,3002.5862068965516,119.17241379310344,1801.551724137931
SANIX (CEFIXIME) 200MG TAB,31.0,406.0,1.0689655172413792,96.20689655172413,1260.0,115.44827586206895,756.0
TRIMEBET (TRIMETAZIDINE) 35G TAB,31.0,246.5,1.0689655172413792,96.20689655172413,764.9999999999999,115.44827586206895,458.99999999999994
NORGESIC FORTE TAB,31.0,1083.46,1.0689655172413792,96.20689655172413,3362.462068965517,115.44827586206895,2017.4772413793103
SELCEE (ASCORBIC ACID) 500MG,30.0,48.0,1.0344827586206897,93.10344827586208,148.96551724137933,111.72413793103449,89.3793103448276
BUDEXA (BUDESONIDE) 250MCG/ML RESP,30.0,1723.43,1.0344827586206897,93.10344827586208,5348.575862068967,111.72413793103449,3209.14551724138
GLYXAMBI FC (EMPAGLIFLOZIN + LINAGLIPTIN) 10MG/5MG TAB,30.0,2328.0,1.0344827586206897,93.10344827586208,7224.827586206897,111.72413793103449,4334.896551724138
GALVUSMET (VILDAGLIPTIN + METFORMIN) 50/500MG TAB,30.0,828.0,1.0344827586206897,93.10344827586208,2569.6551724137935,111.72413793103449,1541.793103448276
PERGLIM M-2 (GLIMEPERIDE METFORMIN HCl) 2MG/500MG TAB,30.0,455.28,1.0344827586206897,93.10344827586208,1412.9379310344827,111.72413793103449,847.7627586206896
NITROFIX SR (ISOSORBIDE MONONITRATE) 30MG TAB,30.0,332.8,1.0344827586206897,93.10344827586208,1032.8275862068967,111.72413793103449,619.696551724138
POTEN-CEE SUGAR COATED TAB 500MG ..,30.0,210.0,1.0344827586206897,93.10344827586208,651.7241379310345,111.72413793103449,391.0344827586207
NATRAZOL (LOSARTAN) 100MG TAB,30.0,150.0,1.0344827586206897,93.10344827586208,465.5172413793104,111.72413793103449,279.3103448275862
RISEK (OMEPRAZOLE) 40MG CAP 14,30.0,1515.0,1.0344827586206897,93.10344827586208,4701.724137931035,111.72413793103449,2821.034482758621
RM ATORVASTATIN 10MG TAB,30.0,360.0,1.0344827586206897,93.10344827586208,1117.2413793103449,111.72413793103449,670.3448275862069
GAUZE PAD 4X4 TRUCARE,30.0,133.8,1.0344827586206897,93.10344827586208,415.2413793103449,111.72413793103449,249.14482758620693
ARBLOC 50MG FCT,30.0,402.0,1.0344827586206897,93.10344827586208,1247.5862068965519,111.72413793103449,748.551724137931
OBIMIN PLUS (MULTIVITAMINS + MINERALS + DHA+ EPA) CAP,30.0,502.2,1.0344827586206897,93.10344827586208,1558.551724137931,111.72413793103449,935.1310344827585
FENOCARE (FENOFIBRATE) 200MG CAP,30.0,144.0,1.0344827586206897,93.10344827586208,446.89655172413796,111.72413793103449,268.1379310344828
EURIVIT-M (MULTIVITAMINS + MINERALS) TAB,30.0,94.32,1.0344827586206897,93.10344827586208,292.71724137931034,111.72413793103449,175.63034482758619
ESOTAZ (ESOMEPRAZOLE) 40MG CAP,30.0,450.0,1.0344827586206897,93.10344827586208,1396.5517241379312,111.72413793103449,837.9310344827587
VIVALYTE PLUS ORANGE 4.8G SACHET,30.0,450.0,1.0344827586206897,93.10344827586208,1396.5517241379312,111.72413793103449,837.9310344827587
LUSTATIN 20 (ROSUVASTATIN CALCIUM) 20MG TAB,30.0,682.5,1.0344827586206897,93.10344827586208,2118.1034482758623,111.72413793103449,1270.8620689655174
LIVERPRIME (SILYBIN-PHOSPHATIDYLCHOLINE + MULTIVITAMINS + ZINC) CAP,30.0,1050.0,1.0344827586206897,93.10344827586208,3258.6206896551726,111.72413793103449,1955.1724137931035
LIVERAIDE (SILYMARIN) CAP,30.0,637.5,1.0344827586206897,93.10344827586208,1978.448275862069,111.72413793103449,1187.0689655172414
DICTAS (DICLOFENAC SODIUM) 50MG,30.0,45.0,1.0344827586206897,93.10344827586208,139.6551724137931,111.72413793103449,83.79310344827586
GLUMET (METFORMIN HCI) 1G,30.0,405.0,1.0344827586206897,93.10344827586208,1256.8965517241381,111.72413793103449,754.1379310344829
CARDOZ (CARVEDILOL) 25MG TAB,30.0,204.0,1.0344827586206897,93.10344827586208,633.1034482758621,111.72413793103449,379.86206896551727
RM AMLODIPINE 10MG,30.0,255.0,1.0344827586206897,93.10344827586208,791.3793103448277,111.72413793103449,474.82758620689657
ROBITUSSIN L-GEL (GUAIFENESIN) 200MG CAP,29.0,384.25,1.0,90.0,1192.5,108.0,715.5
ARCOXIA (ETORICOXIB) 120MG TAB,29.0,1903.59,1.0,90.0,5907.693103448275,108.0,3544.615862068965
GETZAR (LOSARTAN POTASSIUM) 50MG TAB,28.0,288.0,0.9655172413793104,86.89655172413794,893.7931034482759,104.27586206896552,536.2758620689656
PREND (PREDNISONE) 20MG TAB,28.0,154.0,0.9655172413793104,86.89655172413794,477.93103448275866,104.27586206896552,286.7586206896552
BUSCOPAN VENUS TAB 10MG500MG,28.0,882.0,0.9655172413793104,86.89655172413794,2737.241379310345,104.27586206896552,1642.344827586207
ASPEC EC 100MG TAB,28.0,68.75,0.9655172413793104,86.89655172413794,213.36206896551724,104.27586206896552,128.01724137931035
CATAPRES TAB (ETHYL ALC) 75MCG,28.0,1064.0,0.9655172413793104,86.89655172413794,3302.0689655172414,104.27586206896552,1981.2413793103447
MONTIGET (MONTELUKAST SODIUM) GRANULES,28.0,973.0,0.9655172413793104,86.89655172413794,3019.6551724137935,104.27586206896552,1811.793103448276
KLARITHIX (CLARITHROMYCIN) 500MG FCT,28.0,868.0,0.9655172413793104,86.89655172413794,2693.793103448276,104.27586206896552,1616.2758620689654
MYDOXY (DOXYCYCLINE) 100MG CAP,28.0,145.6,0.9655172413793104,86.89655172413794,451.86206896551727,104.27586206896552,271.11724137931037
FLUIMUCIL GRAN (ACETYLCYTEINE) 100MG,28.0,378.0,0.9655172413793104,86.89655172413794,1173.103448275862,104.27586206896552,703.8620689655172
AZISAPH (AZITHROMYCIN) 500MG TAB,28.0,493.52,0.9655172413793104,86.89655172413794,1531.6137931034482,104.27586206896552,918.9682758620689
PROGLIN 50MG TAB,28.0,683.2,0.9655172413793104,86.89655172413794,2120.275862068966,104.27586206896552,1272.1655172413796
LIPITOR TAB 20MG,27.0,1086.75,0.9310344827586207,83.79310344827586,3372.6724137931033,100.55172413793103,2023.6034482758619
FLANAX FORTE 550MG TAB,27.0,627.75,0.9310344827586207,83.79310344827586,1948.1896551724137,100.55172413793103,1168.9137931034481
NAXCIL-600 (ACETYLCYSTEINE) 600MG POWDER,27.0,624.99,0.9310344827586207,83.79310344827586,1939.6241379310345,100.55172413793103,1163.7744827586207
BONAMINE CHEW(ADULT)TAB 25MG,27.0,364.5,0.9310344827586207,83.79310344827586,1131.2068965517242,100.55172413793103,678.7241379310345
JANUVIA TAB 50MG,26.0,1104.0,0.896551724137931,80.6896551724138,3426.206896551724,96.82758620689656,2055.7241379310344
LE MINERALE 330ML,26.0,286.0,0.896551724137931,80.6896551724138,887.5862068965517,96.82758620689656,532.551724137931
MYRA E 400 CAP,26.0,325.0,0.896551724137931,80.6896551724138,1008.6206896551724,96.82758620689656,605.1724137931035
SLEEPWELL (MELATONIN) 3MG CAP,26.0,422.32,0.896551724137931,80.6896551724138,1310.648275862069,96.82758620689656,786.3889655172414
SINECOD FORTE (BUTAMIRATE CITRATE) TAB 50MG,26.0,585.0,0.896551724137931,80.6896551724138,1815.5172413793105,96.82758620689656,1089.3103448275863
SKELAN 550MG CAP,25.0,498.0,0.8620689655172413,77.58620689655172,1545.5172413793102,93.10344827586205,927.310344827586
MICROPORE 1 INCH,25.0,1317.0,0.8620689655172413,77.58620689655172,4087.241379310344,93.10344827586205,2452.3448275862065
INDERAL (PROPRANOLOL) 40MG TAB,25.0,662.5,0.8620689655172413,77.58620689655172,2056.0344827586205,93.10344827586205,1233.6206896551723
CO-ALTRIA (MONTELUKAST SODIUM + LEVOCITIRIZINE DEHYDROCHLORIDE) 10MG/5MG TAB,25.0,681.25,0.8620689655172413,77.58620689655172,2114.2241379310344,93.10344827586205,1268.5344827586207
FERRICORE (FERROUS SULFATE) 325MG TAB,25.0,50.0,0.8620689655172413,77.58620689655172,155.17241379310343,93.10344827586205,93.10344827586205
CLIO DENTAL FLOSS 20M,25.0,1450.0,0.8620689655172413,77.58620689655172,4499.999999999999,93.10344827586205,2699.9999999999995
CIPROFLOX 500MG TAB,25.0,740.0,0.8620689655172413,77.58620689655172,2296.5517241379307,93.10344827586205,1377.9310344827584
PROHEALTHCARE DISP. MASK,25.0,2760.0,0.8620689655172413,77.58620689655172,8565.51724137931,93.10344827586205,5139.310344827586
PLOGREL (CLOPIDOGREL) 75MG TAB,25.0,972.0,0.8620689655172413,77.58620689655172,3016.5517241379307,93.10344827586205,1809.9310344827584
"TOPCARE TONGUE DEPRESSOR 6"" STERILE",25.0,75.0,0.8620689655172413,77.58620689655172,232.75862068965515,93.10344827586205,139.65517241379308
VIVALYTE PLUS APPLE 4.8G SACHET,24.0,360.0,0.8275862068965517,74.48275862068965,1117.2413793103447,89.37931034482757,670.3448275862067
METO (METOCLOPRAMIDE) 10MG TAB,24.0,60.0,0.8275862068965517,74.48275862068965,186.20689655172413,89.37931034482757,111.72413793103448
SAPHORMIN T500 (METFORMIN HCL) 500MG TAB,23.0,25.76,0.7931034482758621,71.37931034482759,79.9448275862069,85.6551724137931,47.96689655172414
BENADRYL AH (DIPHENHYDRAMINE) CAP,23.0,488.75,0.7931034482758621,71.37931034482759,1516.8103448275863,85.6551724137931,910.0862068965517
RELAXSAPH (IPRATROPIUM BROMIDE + SALBUTAMOL SULFATE) 200MCG/1MG PER ML 2.5ML AMP,23.0,527.02,0.7931034482758621,71.37931034482759,1635.5793103448275,85.6551724137931,981.3475862068965
CO-DIOVAN (VALSARTAN HYDROCHLOROTHIAZIDE) 80MG/12.5MG TAB,23.0,563.5,0.7931034482758621,71.37931034482759,1748.7931034482758,85.6551724137931,1049.2758620689654
HEMOSTAP) TRANEXAMIC ACID 500MG CAP,23.0,236.9,0.7931034482758621,71.37931034482759,735.2068965517242,85.6551724137931,441.1241379310345
MONTI PLUS (MONTELUKAST + LEVOCITIRIZINE) 10/5MG TAB,22.0,583.0,0.7586206896551724,68.27586206896551,1809.310344827586,81.9310344827586,1085.5862068965516
TAXIM-O 200MG TAB,22.0,1430.0,0.7586206896551724,68.27586206896551,4437.931034482758,81.9310344827586,2662.758620689655
DOLO NEUROBION(PARACETAMOL + VITAMIN B1+ VITAMIN B6 + VITAMIN B12) TAB,22.0,570.9,0.7586206896551724,68.27586206896551,1771.758620689655,81.9310344827586,1063.055172413793
LOLA REMEDIOS,22.0,220.0,0.7586206896551724,68.27586206896551,682.7586206896551,81.9310344827586,409.6551724137931
MONTRA 30MG CAP,22.0,327.7,0.7586206896551724,68.27586206896551,1016.9999999999998,81.9310344827586,610.1999999999998
MAALOX (ALUMINUM HYDROXIDE MAGNESIUM HYDROXIDE SIMETHECONE) TAB,21.0,215.25,0.7241379310344828,65.17241379310344,668.0172413793103,78.20689655172413,400.8103448275862
MEDICOL ADVANCE SOFTGEL (IBUPROFEN) CAP,21.0,132.3,0.7241379310344828,65.17241379310344,410.58620689655174,78.20689655172413,246.35172413793103
CEASCOL (CARBOCISTEINE) 500MG CAP,21.0,105.0,0.7241379310344828,65.17241379310344,325.8620689655172,78.20689655172413,195.51724137931032
STREPSILS EXTRA STRONG (DICHLOROBENZYL ALCOHOL + AMYLMETACRESOL + ASCORBIC ACID,21.0,1480.5,0.7241379310344828,65.17241379310344,4594.655172413793,78.20689655172413,2756.7931034482754
HIMOX (AMOXICILLIN) 500MG CAP,21.0,383.25,0.7241379310344828,65.17241379310344,1189.396551724138,78.20689655172413,713.6379310344827
PHAREX VITAMIN (VITAMIN B1+B6+B12) 17+3 TAB NS,21.0,1517.25,0.7241379310344828,65.17241379310344,4708.706896551724,78.20689655172413,2825.224137931034
TOLLMAN (CEFALEXIN) 500MG CAP,20.0,170.0,0.6896551724137931,62.06896551724138,527.5862068965517,74.48275862068965,316.55172413793105
ALLURASE(ALLOPURINOL) 100MG TAB,20.0,121.44,0.6896551724137931,62.06896551724138,376.8827586206897,74.48275862068965,226.1296551724138
NASATAPP NO DROWSE (PARACETAMOL + PHENYLEPHRINE HYDROCHLORIDE) 500MG/25MG TAB,20.0,180.0,0.6896551724137931,62.06896551724138,558.6206896551724,74.48275862068965,335.17241379310343
APTRADOL (TRAMADOL HYDROCHLORIDE) 50MG CAP,20.0,200.0,0.6896551724137931,62.06896551724138,620.6896551724138,74.48275862068965,372.4137931034483
NOPHLEGM (ACETYLCYSTEINE) 600MG POWDER ORAL SOLUTION,20.0,428.56,0.6896551724137931,62.06896551724138,1330.0137931034483,74.48275862068965,798.0082758620689
LOMOTIL (LOPERAMIDE HCI) TAB,20.0,218.0,0.6896551724137931,62.06896551724138,676.551724137931,74.48275862068965,405.9310344827586
DOXOFIX (DOXOFYLLINE) 400MG TAB,20.0,381.46000000000004,0.6896551724137931,62.06896551724138,1183.8413793103448,74.48275862068965,710.3048275862069
PROGLINMET (VILDAGLIPTIN + METFORMIN) 50/500MG TAB,20.0,659.6,0.6896551724137931,62.06896551724138,2047.034482758621,74.48275862068965,1228.2206896551725
FEFOSAPH (DRIED FERROUS SULFATE FOLIC ACID) 300MG/250MCG,20.0,44.8,0.6896551724137931,62.06896551724138,139.03448275862067,74.48275862068965,83.4206896551724
NEUROGEN E TAB,20.0,295.0,0.6896551724137931,62.06896551724138,915.5172413793103,74.48275862068965,549.3103448275862
EPERISONE HCL (PERISPA) 50MG,20.0,396.0,0.6896551724137931,62.06896551724138,1228.9655172413793,74.48275862068965,737.3793103448276
ENOCEE (ASCORBIC ACID) 500MG TAB,20.0,40.0,0.6896551724137931,62.06896551724138,124.13793103448276,74.48275862068965,74.48275862068965
FERN-C PLUS (SODIUM ASCORBATE) CAP,20.0,124.96,0.6896551724137931,62.06896551724138,387.8068965517241,74.48275862068965,232.68413793103446
PRONERV (VITAMIN B COMPLEX) CAP,20.0,557.16,0.6896551724137931,62.06896551724138,1729.1172413793101,74.48275862068965,1037.4703448275861
PROMETIN (METOPROLOL) 50MG TAB,20.0,30.0,0.6896551724137931,62.06896551724138,93.10344827586206,74.48275862068965,55.86206896551724
FUNXION (PREGABALIN) 75MG CAP,20.0,630.88,0.6896551724137931,62.06896551724138,1957.903448275862,74.48275862068965,1174.742068965517
MUCOSOLVAN TAB 30MG,20.0,390.0,0.6896551724137931,62.06896551724138,1210.344827586207,74.48275862068965,726.2068965517242
ICOX (CELCOXIB) 200MG CAP,20.0,480.0,0.6896551724137931,62.06896551724138,1489.655172413793,74.48275862068965,893.7931034482758
BAROLE 20 (RABEPRAZOLE SODIUM) CAP,20.0,782.88,0.6896551724137931,62.06896551724138,2429.6275862068965,74.48275862068965,1457.7765517241378
MUCOTUSS FORTE (PHENYLPROPANOLAMINE HCL + CHLORPHENIRAMINE MALEATE + PARACETAMOL + DEXTROMETHORPHAN,19.0,128.25,0.6551724137931034,58.96551724137931,398.01724137931035,70.75862068965517,238.8103448275862
ZYKAST (MONTELUKAST NA + LEVOCETIRIZINE HCL) TAB 10MG/5MG,19.0,593.75,0.6551724137931034,58.96551724137931,1842.6724137931035,70.75862068965517,1105.603448275862
APCIRON (MULTIVITAMINS + IRON + BUCLIZINE) CAP,18.0,151.44,0.6206896551724138,55.862068965517246,469.9862068965518,67.0344827586207,281.99172413793104
DEQUADIN LOZENGES (DEQUALINIUM CHLORIDE) ORANGE,18.0,99.0,0.6206896551724138,55.862068965517246,307.2413793103448,67.0344827586207,184.3448275862069
HYDRITE GRANULES (ORAL REHYDRATION SALTS) APPLE SAC,18.0,300.48,0.6206896551724138,55.862068965517246,932.5241379310346,67.0344827586207,559.5144827586207
BRELVASTIN (ATORVASTATIN) 20MG,17.0,51.1,0.5862068965517241,52.75862068965517,158.58620689655172,63.3103448275862,95.15172413793103
HIDRASEC 100MG CAP,17.0,714.1,0.5862068965517241,52.75862068965517,2216.1724137931033,63.3103448275862,1329.703448275862
ALNIX (CETIRIZINE) 10MG TAB,17.0,520.2,0.5862068965517241,52.75862068965517,1614.4137931034481,63.3103448275862,968.6482758620689
SAPHLECOX 400 (CELECOXIB) 400MG CAP,17.0,174.25,0.5862068965517241,52.75862068965517,540.7758620689655,63.3103448275862,324.46551724137925
JIMM&#039;S 5 IN 1 COFFEE 21G,17.0,212.5,0.5862068965517241,52.75862068965517,659.4827586206895,63.3103448275862,395.6896551724137
HISTAZYN (DIPHENHYDRAMINE) 50MG CAP,17.0,49.46,0.5862068965517241,52.75862068965517,153.49655172413793,63.3103448275862,92.09793103448276
SUMAPEN 500MG CAP,17.0,315.01,0.5862068965517241,52.75862068965517,977.6172413793103,63.3103448275862,586.5703448275862
VIRLIX (CETIRIZINE) 10MG TAB,17.0,535.5,0.5862068965517241,52.75862068965517,1661.8965517241377,63.3103448275862,997.1379310344826
ROVISTA (ROSUVASTATIN) 10MG TAB,17.0,442.0,0.5862068965517241,52.75862068965517,1371.7241379310344,63.3103448275862,823.0344827586206
BEROCCA TAB 1&#039;S,16.0,356.0,0.5517241379310345,49.6551724137931,1104.8275862068965,59.58620689655172,662.8965517241379
CELEBREX (CELOCOXIB) 200MG CAP,16.0,1172.0,0.5517241379310345,49.6551724137931,3637.2413793103447,59.58620689655172,2182.3448275862065
DECOLGEN NO DROWSE (PHENYLEPROPANOLAMINE HCI + PARACETAMOL,16.0,120.0,0.5517241379310345,49.6551724137931,372.41379310344826,59.58620689655172,223.44827586206895
FLOTERA (LACTOBACILLUS REUTERI) CHEWABLE TAB,16.0,556.0,0.5517241379310345,49.6551724137931,1725.5172413793102,59.58620689655172,1035.310344827586
SANICARE KT REGULAR TWIN 2&#039;S,16.0,1720.0,0.5517241379310345,49.6551724137931,5337.931034482758,59.58620689655172,3202.758620689655
REFLUXID DUO (PANTOPRAZOLE SODIUM + DOMPERIDONE) 40MG/30MG SR CAP,15.0,1039.5,0.5172413793103449,46.55172413793104,3226.034482758621,55.862068965517246,1935.6206896551726
GLUBITOR OD (GLICLAZIDE) 60MG PR TAB,15.0,231.0,0.5172413793103449,46.55172413793104,716.896551724138,55.862068965517246,430.1379310344828
CO-ALEVA TAB 10MG/.5MG,15.0,447.84000000000003,0.5172413793103449,46.55172413793104,1389.8482758620692,55.862068965517246,833.9089655172414
PROVERA 10MG TAB,15.0,1290.0,0.5172413793103449,46.55172413793104,4003.4482758620693,55.862068965517246,2402.0689655172414
VIBEE TAB,15.0,210.89999999999998,0.5172413793103449,46.55172413793104,654.5172413793103,55.862068965517246,392.7103448275862
ISORDIL SUBL TAB 5MG,15.0,277.8,0.5172413793103449,46.55172413793104,862.1379310344828,55.862068965517246,517.2827586206896
BACIFLORA PROBIOTIC DIETARY SUPP 5ML,15.0,480.0,0.5172413793103449,46.55172413793104,1489.6551724137933,55.862068965517246,893.7931034482759
MAALOX PLUS (ALUMINUM HYDROXIDE MAGNESIUM HYDROXIDE SIMETHECONE) TAB,15.0,217.5,0.5172413793103449,46.55172413793104,675.0000000000001,55.862068965517246,405.00000000000006
MEDIFORTAN CAP,15.0,172.5,0.5172413793103449,46.55172413793104,535.344827586207,55.862068965517246,321.2068965517242
SANICARE CLEANSING WIPES - ALOE 15 SHEETS,15.0,517.5,0.5172413793103449,46.55172413793104,1606.034482758621,55.862068965517246,963.6206896551726
MICARDIS PLUS 40MG TAB,15.0,318.0,0.5172413793103449,46.55172413793104,986.896551724138,55.862068965517246,592.1379310344828
DAZOMET (METRONIDAZOLE) 500MG TAB,15.0,319.5,0.5172413793103449,46.55172413793104,991.5517241379312,55.862068965517246,594.9310344827587
CEFUCLAV (CEFUROXIME AXETIL + CLAVULANATE POTASSIUM) 500MG/125MG FC TAB,14.0,1302.0,0.4827586206896552,43.44827586206897,4040.689655172414,52.13793103448276,2424.4137931034484
BIOPLUS PROBIOTICS,14.0,470.4,0.4827586206896552,43.44827586206897,1459.8620689655174,52.13793103448276,875.9172413793104
BETZINE (BETAHISTINE HYDROCHLORIDE) 16MG TAB,14.0,157.23,0.4827586206896552,43.44827586206897,487.9551724137931,52.13793103448276,292.77310344827583
CARVID (CARVEDILOL) 25MG TAB,14.0,235.2,0.4827586206896552,43.44827586206897,729.9310344827587,52.13793103448276,437.9586206896552
MEPTIN TAB 25MG,14.0,203.0,0.4827586206896552,43.44827586206897,630.0,52.13793103448276,378.0
KATINKO INHALER,14.0,924.0,0.4827586206896552,43.44827586206897,2867.586206896552,52.13793103448276,1720.5517241379312
TERGECEF (CEFIXIME) 200MG CAP,14.0,1796.84,0.4827586206896552,43.44827586206897,5576.4,52.13793103448276,3345.8399999999997
MEDIPLAST BANTAM PLASTIC STRIPS,14.0,28.0,0.4827586206896552,43.44827586206897,86.89655172413794,52.13793103448276,52.13793103448276
ZOLID (PIOGLITAZONE HCI) 30MG TAB,14.0,274.96,0.4827586206896552,43.44827586206897,853.3241379310344,52.13793103448276,511.9944827586206
KATHREX (COTRIMOXAZOLE) 960MG TAB,14.0,112.0,0.4827586206896552,43.44827586206897,347.58620689655174,52.13793103448276,208.55172413793105
GIRAN-8 (CANDESARTAN) 8MG TAB,14.0,128.79999999999998,0.4827586206896552,43.44827586206897,399.7241379310345,52.13793103448276,239.83448275862068
RM ATORVASTATIN 20MG TAB,14.0,227.5,0.4827586206896552,43.44827586206897,706.0344827586207,52.13793103448276,423.6206896551724
EXFLEM (ACETYLCYSTEINE) 600MG SACH,14.0,587.4,0.4827586206896552,43.44827586206897,1822.9655172413793,52.13793103448276,1093.7793103448275
FEBUDAY-40 (FEBUXOSTAT) 40MG TAB,14.0,177.51999999999998,0.4827586206896552,43.44827586206897,550.9241379310345,52.13793103448276,330.5544827586207
PANTOVIC 40MG EC TAB,14.0,406.0,0.4827586206896552,43.44827586206897,1260.0,52.13793103448276,756.0
PAROPHEN (PARACETAMOL + ORPHENADRINE) TAB,14.0,285.6,0.4827586206896552,43.44827586206897,886.3448275862071,52.13793103448276,531.8068965517242
AMVASC BE (AMLODIPINE) 5MG TAB,13.0,289.25,0.4482758620689655,40.3448275862069,897.6724137931035,48.41379310344828,538.6034482758621
MUPIROW (MUPIROCIN) 20MG/G OINTMENT 5G,13.0,1984.82,0.4482758620689655,40.3448275862069,6159.786206896551,48.41379310344828,3695.871724137931
CALMOSEPTINE OINT SAC 3.5G,13.0,468.0,0.4482758620689655,40.3448275862069,1452.4137931034484,48.41379310344828,871.448275862069
SPECIMEN COLLECTION KIT,13.0,156.0,0.4482758620689655,40.3448275862069,484.1379310344828,48.41379310344828,290.48275862068965
KARVIDOL (CARVEDILOL) 25MG TAB,13.0,78.92,0.4482758620689655,40.3448275862069,244.9241379310345,48.41379310344828,146.95448275862068
VENTOLIN NEBULES 2.5MG/2.5ML,13.0,562.25,0.4482758620689655,40.3448275862069,1744.9137931034484,48.41379310344828,1046.948275862069
OMEPHIL-20 (OMEPRAZOLE) 20MG CAP,12.0,78.0,0.41379310344827586,37.241379310344826,242.06896551724137,44.68965517241379,145.24137931034483
CELCOXX CAP 200MG,12.0,375.0,0.41379310344827586,37.241379310344826,1163.7931034482758,44.68965517241379,698.2758620689655
DIACURE (LOPERAMIDE) 2MG CAP,12.0,36.0,0.41379310344827586,37.241379310344826,111.72413793103448,44.68965517241379,67.03448275862068
WILKINS PURE 500ML,12.0,216.0,0.41379310344827586,37.241379310344826,670.3448275862069,44.68965517241379,402.2068965517241
DANZEDIN 80000 EC TAB,12.0,407.75,0.41379310344827586,37.241379310344826,1265.4310344827584,44.68965517241379,759.258620689655
ADVAN PREGNANCY TEST,12.0,480.0,0.41379310344827586,37.241379310344826,1489.655172413793,44.68965517241379,893.7931034482758
UNIGAN (PARACETAMOL + HYOSCINE-N-BUTYLBROMIDE) 500MG/10MG FC TAB,12.0,354.0,0.41379310344827586,37.241379310344826,1098.6206896551723,44.68965517241379,659.1724137931034
CLEENE CLIO TBRUSH ECONOMY,11.0,165.0,0.3793103448275862,34.137931034482754,512.0689655172413,40.9655172413793,307.24137931034477
SISTERS PANTYLINER 20+2,11.0,222.75,0.3793103448275862,34.137931034482754,691.2931034482758,40.9655172413793,414.77586206896547
HEMOSTAN (TRANEXAMIC ACID) 500MG CAP,11.0,451.0,0.3793103448275862,34.137931034482754,1399.655172413793,40.9655172413793,839.7931034482758
RM AMOXCILLIN 500MG CAP,11.0,82.5,0.3793103448275862,34.137931034482754,256.03448275862064,40.9655172413793,153.62068965517238
CENTRUM(ADVANCE)TAB,11.0,118.25,0.3793103448275862,34.137931034482754,366.9827586206896,40.9655172413793,220.18965517241375
GENTAM (GENTAMICIN) 80MG/2ML (40MG/ML) 2ML AMP,11.0,252.0,0.3793103448275862,34.137931034482754,782.0689655172413,40.9655172413793,469.24137931034477
OFPLEMED FORTE (VITEX NEGUNDO L LAGUNDI LEAF) 600MG TAB,11.0,54.21,0.3793103448275862,34.137931034482754,168.23793103448276,40.9655172413793,100.94275862068964
VONWELT PREDNISONE 10MG TAB,11.0,35.9,0.3793103448275862,34.137931034482754,111.41379310344827,40.9655172413793,66.84827586206896
DOLCET (TRAMADOL HCI + PARACETAMOL) 37.5/325MG TAB,11.0,635.8,0.3793103448275862,34.137931034482754,1973.172413793103,40.9655172413793,1183.9034482758618
BACTIDOL ORAL 60ML,11.0,1314.5,0.3793103448275862,34.137931034482754,4079.4827586206893,40.9655172413793,2447.6896551724135
BONAMINE CHEW(KIDS)TAB 12.5MG,11.0,114.4,0.3793103448275862,34.137931034482754,355.03448275862064,40.9655172413793,213.0206896551724
BL CREAM 7G,11.0,385.0,0.3793103448275862,34.137931034482754,1194.8275862068965,40.9655172413793,716.8965517241379
SENOKOT (CALCIUM SENNOSIDES) 8.77MG TAB,10.0,137.14,0.3448275862068966,31.03448275862069,425.6068965517241,37.241379310344826,255.36413793103446
FEMME INTERFOLDED PAPER TOWEL 1PLY,10.0,550.0,0.3448275862068966,31.03448275862069,1706.896551724138,37.241379310344826,1024.1379310344828
NEUFEMME CAP,10.0,377.5,0.3448275862068966,31.03448275862069,1171.5517241379312,37.241379310344826,702.9310344827587
DUODART (DUTASTERIDE TAMSULOSIN HCL) 500/400MCGCAP,10.0,650.0,0.3448275862068966,31.03448275862069,2017.2413793103449,37.241379310344826,1210.344827586207
DIASTATIN (SIMVASTATIN) 40MG TAB,10.0,19.0,0.3448275862068966,31.03448275862069,58.96551724137931,37.241379310344826,35.37931034482759
ALLUPREX (ALLOPURINOL) 300MG TAB,10.0,45.0,0.3448275862068966,31.03448275862069,139.6551724137931,37.241379310344826,83.79310344827586
XANTHONE PLUS CAP,10.0,108.0,0.3448275862068966,31.03448275862069,335.1724137931035,37.241379310344826,201.1034482758621
FOLART CAP,10.0,97.5,0.3448275862068966,31.03448275862069,302.58620689655174,37.241379310344826,181.55172413793105
GAUZE PAD 3X3 STERILE (PARTNERS,10.0,32.9,0.3448275862068966,31.03448275862069,102.10344827586208,37.241379310344826,61.262068965517244
REVENTA 70MG TAB,10.0,1719.6,0.3448275862068966,31.03448275862069,5336.689655172413,37.241379310344826,3202.013793103448
GENTACARE (GENTAMICIN) 80MG/2ML (40MG/ML) I.M./I.V.,10.0,200.0,0.3448275862068966,31.03448275862069,620.6896551724138,37.241379310344826,372.4137931034483
GIRAN-16 (CANDESARTAN) 16MG TAB,10.0,192.0,0.3448275862068966,31.03448275862069,595.8620689655172,37.241379310344826,357.5172413793103
CARESS ADULT DIAPER XL10,10.0,3137.5,0.3448275862068966,31.03448275862069,9737.068965517241,37.241379310344826,5842.241379310344
AMECIRON (FERROUS + FOLIC) TAB,10.0,20.0,0.3448275862068966,31.03448275862069,62.06896551724138,37.241379310344826,37.241379310344826
XIGDUO XR (DAPAGLIFLOZIN + METFORMIN)10/500MG TAB,10.0,580.32,0.3448275862068966,31.03448275862069,1800.993103448276,37.241379310344826,1080.5958620689655
NORMANAL 450MG/50MG TAB,10.0,290.0,0.3448275862068966,31.03448275862069,900.0,37.241379310344826,540.0
AMOXIL CAP 500MG,10.0,155.0,0.3448275862068966,31.03448275862069,481.0344827586207,37.241379310344826,288.6206896551724
MIA FORTE (SAMBONG LEAF) TAB,10.0,75.0,0.3448275862068966,31.03448275862069,232.75862068965517,37.241379310344826,139.6551724137931
HERACLENE (DIBENCOZIDE) 1MG CAP,10.0,200.0,0.3448275862068966,31.03448275862069,620.6896551724138,37.241379310344826,372.4137931034483
SAPHROXOL (AMBROXOL HCI) 75MG CAP,10.0,80.8,0.3448275862068966,31.03448275862069,250.75862068965517,37.241379310344826,150.4551724137931
BETZINE (BETAHISTINE HYDROCHLORIDE) 24MG TAB,10.0,375.0,0.3448275862068966,31.03448275862069,1163.7931034482758,37.241379310344826,698.2758620689655
MELOTAB (MELOXICAM) 15MG TAB,10.0,35.0,0.3448275862068966,31.03448275862069,108.62068965517241,37.241379310344826,65.17241379310344
URISOL (ALLOPURINOL) 100MG TAB,10.0,19.0,0.3448275862068966,31.03448275862069,58.96551724137931,37.241379310344826,35.37931034482759
JANUMET (SITAGLIPTIN + METFORMIN) 50MG/500MG TAB,10.0,223.2,0.3448275862068966,31.03448275862069,692.6896551724138,37.241379310344826,415.6137931034483
B.T. TISYU 4&#039;S 400SH 2P,10.0,605.0,0.3448275862068966,31.03448275862069,1877.5862068965519,37.241379310344826,1126.5517241379312
LANOXIN (DIGOXIN) TAB 0.25MG,10.0,60.0,0.3448275862068966,31.03448275862069,186.20689655172413,37.241379310344826,111.72413793103448
ARCOXIA (ETORICOXIB) 60MG TAB,10.0,474.0,0.3448275862068966,31.03448275862069,1471.0344827586207,37.241379310344826,882.6206896551724
TUSERAN PPA CAP 4/PACK,10.0,437.5,0.3448275862068966,31.03448275862069,1357.7586206896551,37.241379310344826,814.655172413793
A.R.A. + H (LOSARTAN POTASSIUM + HYDROCHLOROTHIAZIDE) 50MG/12 TAB,10.0,53.0,0.3448275862068966,31.03448275862069,164.48275862068965,37.241379310344826,98.6896551724138
LYSOL CRISP LINEN 510G,10.0,5700.0,0.3448275862068966,31.03448275862069,17689.655172413793,37.241379310344826,10613.793103448275
COS-MED BLOOD TRANSFUSION SET,10.0,770.0,0.3448275862068966,31.03448275862069,2389.655172413793,37.241379310344826,1433.7931034482758
DERPSON (PREDNISONE) 5MG TAB,10.0,17.84,0.3448275862068966,31.03448275862069,55.365517241379315,37.241379310344826,33.21931034482759
FLAMACOX 200MG CAP,10.0,252.5,0.3448275862068966,31.03448275862069,783.6206896551724,37.241379310344826,470.17241379310343
PROLIX (PREDNISONE) 20MG TAB,10.0,80.0,0.3448275862068966,31.03448275862069,248.27586206896552,37.241379310344826,148.9655172413793
FEVRAL (IBUPROFEN) 200MG TAB,10.0,31.0,0.3448275862068966,31.03448275862069,96.20689655172414,37.241379310344826,57.724137931034484
CONZACE CAP,10.0,132.5,0.3448275862068966,31.03448275862069,411.2068965517241,37.241379310344826,246.72413793103448
ARCOXIA 90MG TAB,9.0,591.3,0.3103448275862069,27.931034482758623,1835.0689655172412,33.51724137931035,1101.0413793103446
ZYDUSATORVA (ATORVASTATIN) 20MG,9.0,35.1,0.3103448275862069,27.931034482758623,108.93103448275863,33.51724137931035,65.35862068965518
CARESS UNDERPADS XL8,9.0,1509.75,0.3103448275862069,27.931034482758623,4685.431034482759,33.51724137931035,2811.2586206896553
SANICARE CLEANSING WIPES - LAVENDER 15 SHEETS,9.0,292.5,0.3103448275862069,27.931034482758623,907.7586206896552,33.51724137931035,544.6551724137931
EFFICASCENT RELAXSCENT OIL 3ML,9.0,476.09999999999997,0.3103448275862069,27.931034482758623,1477.5517241379312,33.51724137931035,886.5310344827586
ALNIX PLUS SYR 5MG 60ML,9.0,2803.5,0.3103448275862069,27.931034482758623,8700.517241379312,33.51724137931035,5220.310344827587
VICKS VAPORUB 5G,9.0,279.0,0.3103448275862069,27.931034482758623,865.8620689655173,33.51724137931035,519.5172413793103
STREPSILS COOL 8s,9.0,634.5,0.3103448275862069,27.931034482758623,1969.137931034483,33.51724137931035,1181.4827586206898
SPASMOMEN 40MG TAB,9.0,213.75,0.3103448275862069,27.931034482758623,663.3620689655173,33.51724137931035,398.0172413793104
ASMALINÂ® 2MG SYR 60ML,9.0,1206.0,0.3103448275862069,27.931034482758623,3742.7586206896553,33.51724137931035,2245.655172413793
LADY PILLS (ETHINYL ESTRADIOL + LEVONORGESTEROL,9.0,436.5,0.3103448275862069,27.931034482758623,1354.6551724137933,33.51724137931035,812.7931034482759
ALCOSURE ISOPROPYL ALC 70% 3.7L,9.0,3430.35,0.3103448275862069,27.931034482758623,10645.91379310345,33.51724137931035,6387.548275862069
STREPSILS LOZ (ORANGE) 8s,9.0,634.5,0.3103448275862069,27.931034482758623,1969.137931034483,33.51724137931035,1181.4827586206898
RENABAL (KETOANALOGUES + ESSENTIAL AMINO ACIDS) FC TAB,9.0,171.0,0.3103448275862069,27.931034482758623,530.6896551724138,33.51724137931035,318.4137931034483
SALONPAS PLASTER 20s,9.0,972.0,0.3103448275862069,27.931034482758623,3016.551724137931,33.51724137931035,1809.9310344827586
GREENCROSS 70% W/ MOIST 60ML,9.0,202.5,0.3103448275862069,27.931034482758623,628.4482758620691,33.51724137931035,377.06896551724145
CARESS ADULT DIAPER M1,9.0,180.0,0.3103448275862069,27.931034482758623,558.6206896551724,33.51724137931035,335.17241379310343
GILLETE RAZOR BLUE 2 FLEXI,9.0,261.0,0.3103448275862069,27.931034482758623,810.0000000000001,33.51724137931035,486.00000000000006
VENTOMAX (SALBUTAMOL) 2MG TAB,8.0,16.0,0.27586206896551724,24.82758620689655,49.6551724137931,29.79310344827586,29.79310344827586
EFFICASCENT OIL EXTRA STRENGTH 25ML,8.0,272.0,0.27586206896551724,24.82758620689655,844.1379310344828,29.79310344827586,506.48275862068965
SURE-GUARD LATEX SURGICAL GLOVES 7.0 PAIR,8.0,200.0,0.27586206896551724,24.82758620689655,620.6896551724138,29.79310344827586,372.4137931034483
CALMSAPH (ALUM. MAG. HYDROXIDE) 200MG/100MG CHEWABLE TAB,8.0,25.9,0.27586206896551724,24.82758620689655,80.37931034482759,29.79310344827586,48.227586206896554
SISTERS DAY MAXI REG 8+1,8.0,184.0,0.27586206896551724,24.82758620689655,571.0344827586207,29.79310344827586,342.6206896551724
ASCOFFTE CAP 10+5 PROMO PACK,8.0,620.0,0.27586206896551724,24.82758620689655,1924.1379310344828,29.79310344827586,1154.4827586206895
KOOL FEVER KIDS 2&#039;S,8.0,458.0,0.27586206896551724,24.82758620689655,1421.3793103448277,29.79310344827586,852.8275862068966
SANICARE CLEANSING WIPES - ALOE 80 SHEETS,8.0,864.0,0.27586206896551724,24.82758620689655,2681.3793103448274,29.79310344827586,1608.8275862068965
DERMAZOLE SHAMPOO 20MG SACHET 8ML,8.0,307.2,0.27586206896551724,24.82758620689655,953.3793103448276,29.79310344827586,572.0275862068966
MUCOSOLVAN 75MG CAP,8.0,372.0,0.27586206896551724,24.82758620689655,1154.4827586206895,29.79310344827586,692.6896551724137
CARESS ADULT DIAPER M10+1,8.0,1440.0,0.27586206896551724,24.82758620689655,4468.9655172413795,29.79310344827586,2681.3793103448274
VICKS VAPORUB 10G,8.0,416.0,0.27586206896551724,24.82758620689655,1291.0344827586207,29.79310344827586,774.6206896551724
EUTHYROX (LEVOTHYROXINE) 100MCG TAB,8.0,130.0,0.27586206896551724,24.82758620689655,403.44827586206895,29.79310344827586,242.06896551724137
FEMME FACIAL TISSUE UNSCENTED,8.0,222.0,0.27586206896551724,24.82758620689655,688.9655172413793,29.79310344827586,413.37931034482756
NURSY BABY WIPES UNSCENTED 30&#039;S,7.0,299.25,0.2413793103448276,21.724137931034484,928.7068965517242,26.06896551724138,557.2241379310345
ZEFALEX (CEFALEXIN) 500MG CAP,7.0,39.900000000000006,0.2413793103448276,21.724137931034484,123.82758620689658,26.06896551724138,74.29655172413794
ALNIX PLUS (CETIRIZINE+PHENYLEPHRINE) 5MG/10MG TAB,7.0,158.2,0.2413793103448276,21.724137931034484,490.9655172413793,26.06896551724138,294.57931034482755
SURE-GUARD DISPOSABLE SYRINGE 5CC,7.0,42.0,0.2413793103448276,21.724137931034484,130.34482758620692,26.06896551724138,78.20689655172414
VALDA PASTILLES MENTHOL ZIP POUCH 20G,7.0,395.5,0.2413793103448276,21.724137931034484,1227.4137931034484,26.06896551724138,736.448275862069
HYGEEN COTTON BALLS 50s,7.0,108.5,0.2413793103448276,21.724137931034484,336.7241379310345,26.06896551724138,202.03448275862067
CLOHEAL (CLOPIDOGREL) 75MG TAB,7.0,32.199999999999996,0.2413793103448276,21.724137931034484,99.93103448275862,26.06896551724138,59.95862068965517
NEBILET 5MG TAB,7.0,131.25,0.2413793103448276,21.724137931034484,407.32758620689657,26.06896551724138,244.39655172413794
SERC 16MG TAB,7.0,462.0,0.2413793103448276,21.724137931034484,1433.793103448276,26.06896551724138,860.2758620689656
NATRAVOX (CO-AMOXICLAV) 457MG/5ML 70ML,7.0,2572.5,0.2413793103448276,21.724137931034484,7983.620689655173,26.06896551724138,4790.172413793103
CETIREX (CETIRIZINE) 5MG/5ML 60ML SYR,7.0,435.75,0.2413793103448276,21.724137931034484,1352.3275862068967,26.06896551724138,811.396551724138
DUOTRAM (PARA + TRAMA HCL) 325MG/37.5MG TAB,7.0,96.25,0.2413793103448276,21.724137931034484,298.7068965517241,26.06896551724138,179.22413793103448
EFFICASCENT OIL EXTRA-S (METHYLSALICYLATE CHAMPOR + MENTHOL) 50ML,7.0,442.0,0.2413793103448276,21.724137931034484,1371.7241379310346,26.06896551724138,823.0344827586208
CLONIPRESS 75MCG TAB,7.0,159.25,0.2413793103448276,21.724137931034484,494.22413793103453,26.06896551724138,296.5344827586207
RAPIDAX (POLYMYXIN B SO4+NEOMYCIN SO4+DEXAMETHASONE) 5ML,7.0,1302.8600000000001,0.2413793103448276,21.724137931034484,4043.3586206896557,26.06896551724138,2426.015172413793
FENOSTAT 10MG/160MG TAB,7.0,187.25,0.2413793103448276,21.724137931034484,581.1206896551724,26.06896551724138,348.67241379310343
PROHEALTH PULSE OXIMETER,7.0,7812.49,0.2413793103448276,21.724137931034484,24245.658620689654,26.06896551724138,14547.395172413791
DIAMICRON MR (GLICAZIDE) 60MG TAB,7.0,201.25,0.2413793103448276,21.724137931034484,624.5689655172414,26.06896551724138,374.7413793103448
POLYNERV CAP 1000MG,6.0,151.5,0.20689655172413793,18.620689655172413,470.17241379310343,22.344827586206893,282.10344827586204
KOOL FEVER BABY 2&#039;S,6.0,318.0,0.20689655172413793,18.620689655172413,986.8965517241379,22.344827586206893,592.1379310344827
HAPPY ABSORBENT COTTON 10G,6.0,42.0,0.20689655172413793,18.620689655172413,130.3448275862069,22.344827586206893,78.20689655172413
EFFICASCENT OIL EXTREME25ML,6.0,246.0,0.20689655172413793,18.620689655172413,763.448275862069,22.344827586206893,458.06896551724134
NURSY BABY WIPES UNSCENTED 66&#039;S,6.0,396.0,0.20689655172413793,18.620689655172413,1228.9655172413793,22.344827586206893,737.3793103448276
NUVERT (BETAHISTINE HCL) 16MG FC TAB,6.0,90.0,0.20689655172413793,18.620689655172413,279.31034482758616,22.344827586206893,167.5862068965517
NURSY BABY WIPES SCENTED 66&#039;S,6.0,411.0,0.20689655172413793,18.620689655172413,1275.5172413793102,22.344827586206893,765.3103448275862
PLETAXOL (CILOSTAZOL) 50MG TAB,6.0,62.4,0.20689655172413793,18.620689655172413,193.6551724137931,22.344827586206893,116.19310344827586
PEDIAMOX (AMOXICILLIN) 100MG/ML 10ML,6.0,550.5,0.20689655172413793,18.620689655172413,1708.4482758620688,22.344827586206893,1025.0689655172412
MICROPORE 1/2 INCH,6.0,150.0,0.20689655172413793,18.620689655172413,465.51724137931035,22.344827586206893,279.3103448275862
NEUROZ (PREGABALIN) 75MG CAP,6.0,62.16,0.20689655172413793,18.620689655172413,192.9103448275862,22.344827586206893,115.74620689655171
BLUE CROSS PREG TEST DELUXE URINE,6.0,540.0,0.20689655172413793,18.620689655172413,1675.8620689655172,22.344827586206893,1005.5172413793102
SOLMUX ADVANCE (CARBOCISTEINE + ZINC) 500MG,6.0,97.5,0.20689655172413793,18.620689655172413,302.5862068965517,22.344827586206893,181.55172413793102
TRUST PILLS (ETHINYL ESTRADIOL + LEVONORGESTREL,6.0,295.5,0.20689655172413793,18.620689655172413,917.0689655172413,22.344827586206893,550.2413793103448
CIPROBAY 500MG TAB,6.0,270.0,0.20689655172413793,18.620689655172413,837.9310344827586,22.344827586206893,502.7586206896551
FLUIMUCIL (ACETYLCYTEINE) 200MG,6.0,111.0,0.20689655172413793,18.620689655172413,344.48275862068965,22.344827586206893,206.68965517241378
SANICARE PLAYTIME WIPES - CRISP CUCUMBER 35SHEETS,6.0,324.0,0.20689655172413793,18.620689655172413,1005.5172413793102,22.344827586206893,603.3103448275862
MOTILIUM (DOMPERIDONE) 10MG TAB,6.0,203.4,0.20689655172413793,18.620689655172413,631.2413793103448,22.344827586206893,378.74482758620684
DAFLON (DIOSMIN + HEPERIDIN) 500MG TAB,6.0,275.4,0.20689655172413793,18.620689655172413,854.6896551724137,22.344827586206893,512.8137931034482
RISEK CAP 20MG,6.0,214.5,0.20689655172413793,18.620689655172413,665.6896551724137,22.344827586206893,399.4137931034482
SISTERS NIGHT PLUS 8&#039;S W/ WINGS,6.0,186.0,0.20689655172413793,18.620689655172413,577.2413793103448,22.344827586206893,346.34482758620686
SISTERS OVERNIGHT DRY 4+1 W/ WINGS,6.0,189.0,0.20689655172413793,18.620689655172413,586.551724137931,22.344827586206893,351.9310344827586
SANGOBION IRON+ (MULTIVITAMINS + MINERALS) CAP,6.0,142.5,0.20689655172413793,18.620689655172413,442.2413793103448,22.344827586206893,265.34482758620686
SANICARE COTTON BALLS 150s,6.0,259.5,0.20689655172413793,18.620689655172413,805.3448275862069,22.344827586206893,483.20689655172407
SAPHRIDONE (DOMPERIDONE) 10MG TAB,6.0,15.0,0.20689655172413793,18.620689655172413,46.55172413793103,22.344827586206893,27.93103448275862
APOLLO LIPBALM PINK 7G,5.0,302.5,0.1724137931034483,15.517241379310345,938.7931034482759,18.620689655172413,563.2758620689656
WHITE FLOWER C#3 5ML,5.0,477.5,0.1724137931034483,15.517241379310345,1481.896551724138,18.620689655172413,889.1379310344827
FASTUM GEL 30G,5.0,1810.29,0.1724137931034483,15.517241379310345,5618.141379310345,18.620689655172413,3370.884827586207
EFFICASCENT EXTREME 50ML,5.0,392.5,0.1724137931034483,15.517241379310345,1218.103448275862,18.620689655172413,730.8620689655172
EXPEL 15MG SYR 60ML,5.0,648.75,0.1724137931034483,15.517241379310345,2013.3620689655172,18.620689655172413,1208.0172413793102
NURSY BABY WIPES SCENTED 90&#039;S,5.0,455.0,0.1724137931034483,15.517241379310345,1412.0689655172414,18.620689655172413,847.2413793103448
WHITE FLOWER C#4 2.5ML,5.0,269.5,0.1724137931034483,15.517241379310345,836.3793103448276,18.620689655172413,501.8275862068965
SENOKOT FORTE (CALCIUM SENNOSIDES) 17.54MG TAB,5.0,88.0,0.1724137931034483,15.517241379310345,273.1034482758621,18.620689655172413,163.86206896551724
MONTIGET (MONTELUKAST SODIUM) 5MG TAB,5.0,109.5,0.1724137931034483,15.517241379310345,339.8275862068965,18.620689655172413,203.8965517241379
CARESS ADULT DIAPER L10+1,5.0,1135.0,0.1724137931034483,15.517241379310345,3522.4137931034484,18.620689655172413,2113.448275862069
GATORADE BLUE BOLT 500ML,5.0,240.0,0.1724137931034483,15.517241379310345,744.8275862068965,18.620689655172413,446.8965517241379
REMEHIST (LORATADINE) 10MG TAB,5.0,20.0,0.1724137931034483,15.517241379310345,62.06896551724138,18.620689655172413,37.241379310344826
NEBULIZER KIT RESPISENZ,5.0,200.9,0.1724137931034483,15.517241379310345,623.4827586206897,18.620689655172413,374.08965517241376
SANICARE FT ECONO BOX 140P 3PLY,5.0,443.75,0.1724137931034483,15.517241379310345,1377.155172413793,18.620689655172413,826.2931034482758
CLARIGET (CLARITHROMYCIN) 500MGTAB,5.0,292.5,0.1724137931034483,15.517241379310345,907.7586206896552,18.620689655172413,544.6551724137931
GATORADE TROPICAL FRUIT 500ML,5.0,240.0,0.1724137931034483,15.517241379310345,744.8275862068965,18.620689655172413,446.8965517241379
COLGATE AMINO POWDER 37G,5.0,250.0,0.1724137931034483,15.517241379310345,775.8620689655172,18.620689655172413,465.5172413793103
NEB KIT ACCUMAX,5.0,280.0,0.1724137931034483,15.517241379310345,868.9655172413793,18.620689655172413,521.3793103448276
SULTAM (TAMSULOSIN HCL) 200MCG E.C TAB,5.0,85.0,0.1724137931034483,15.517241379310345,263.7931034482759,18.620689655172413,158.27586206896552
SUREGUARD STERILE LATEX GLOVES 7.5 PAIR,5.0,100.0,0.1724137931034483,15.517241379310345,310.3448275862069,18.620689655172413,186.20689655172416
SOLMUX BRONCHO CAP,5.0,65.0,0.1724137931034483,15.517241379310345,201.72413793103448,18.620689655172413,121.03448275862068
SYMDEX D FORTE TAB,5.0,20.5,0.1724137931034483,15.517241379310345,63.62068965517241,18.620689655172413,38.172413793103445
STABETA 40 (PROPRANOLOL HCI) 40 MG TAB,5.0,26.1,0.1724137931034483,15.517241379310345,81.00000000000001,18.620689655172413,48.60000000000001
MICARDIS 40MG TAB,5.0,148.75,0.1724137931034483,15.517241379310345,461.6379310344828,18.620689655172413,276.98275862068965
SISTERS PANTYLINER BLUE 8S,5.0,50.0,0.1724137931034483,15.517241379310345,155.17241379310346,18.620689655172413,93.10344827586208
HAPPY ABSORBENT COTTON 40G,5.0,130.0,0.1724137931034483,15.517241379310345,403.44827586206895,18.620689655172413,242.06896551724137
JOHNSONS WHITE BABY POWDER 25G,5.0,70.0,0.1724137931034483,15.517241379310345,217.24137931034483,18.620689655172413,130.3448275862069
VERTROL (BETAHISTINE HYDROCHLORIDE) 16MG TAB,5.0,125.0,0.1724137931034483,15.517241379310345,387.9310344827586,18.620689655172413,232.75862068965515
BACTIFREE 2% 20MG OINT TUBE,5.0,1522.5,0.1724137931034483,15.517241379310345,4725.0,18.620689655172413,2835.0
APPEBON W/ IRON CAP,5.0,103.75,0.1724137931034483,15.517241379310345,321.98275862068965,18.620689655172413,193.18965517241378
ARBLOC (LOSARTAN) 100MG FCT,5.0,98.75,0.1724137931034483,15.517241379310345,306.4655172413793,18.620689655172413,183.8793103448276
KALIUM DURULES TAB 750MG,5.0,158.5,0.1724137931034483,15.517241379310345,491.8965517241379,18.620689655172413,295.13793103448273
KOJIESAN CLASSIC 3s 65G,5.0,362.5,0.1724137931034483,15.517241379310345,1125.0,18.620689655172413,675.0
KATINKO TINS 10G,5.0,168.0,0.1724137931034483,15.517241379310345,521.3793103448277,18.620689655172413,312.82758620689657
VENTOBROX SYR 60ML,4.0,100.0,0.13793103448275862,12.413793103448276,310.3448275862069,14.89655172413793,186.20689655172416
KREMIL S ADVANCE (FAMOTIDINE + CALCIUM CARBONATE + MAGNESIUM HYDROXIDE) TAB,4.0,87.0,0.13793103448275862,12.413793103448276,270.0,14.89655172413793,162.0
ALLERKID 5MG SYR 60ML,4.0,1260.0,0.13793103448275862,12.413793103448276,3910.344827586207,14.89655172413793,2346.206896551724
AXMEL (AMOXICILLIN) 250MG 60ML SUSP,4.0,150.0,0.13793103448275862,12.413793103448276,465.51724137931035,14.89655172413793,279.3103448275862
KIDNEY CARE CAP,4.0,72.0,0.13793103448275862,12.413793103448276,223.44827586206895,14.89655172413793,134.06896551724137
TRUST CONDOM REGULAR,4.0,103.0,0.13793103448275862,12.413793103448276,319.6551724137931,14.89655172413793,191.79310344827584
IPI (ACEITE DE MANZANILLA) 25ML,4.0,59.0,0.13793103448275862,12.413793103448276,183.10344827586206,14.89655172413793,109.86206896551724
INDOPLAS DISP SYRINGE 1CC,4.0,17.84,0.13793103448275862,12.413793103448276,55.36551724137931,14.89655172413793,33.21931034482758
TEMPRA FORTE (ORANGE) 60ML,4.0,600.0,0.13793103448275862,12.413793103448276,1862.0689655172414,14.89655172413793,1117.2413793103449
SURE-GUARD GAUZE BANDAGE ROLL 4X10,4.0,200.0,0.13793103448275862,12.413793103448276,620.6896551724138,14.89655172413793,372.4137931034483
HARVIMIDE (LOPERAMIDE) 2MG CAP,4.0,12.0,0.13793103448275862,12.413793103448276,37.241379310344826,14.89655172413793,22.344827586206893
TAXIM-O (CEFIXIME) 400MG TAB,4.0,454.27,0.13793103448275862,12.413793103448276,1409.803448275862,14.89655172413793,845.8820689655171
MEOXICLAV-D5 (CO-AMOXICLAV) 457MG/5ML SUSP,4.0,1028.0,0.13793103448275862,12.413793103448276,3190.344827586207,14.89655172413793,1914.2068965517242
BEWELL-C CAP(PPACK 5+1,4.0,116.0,0.13793103448275862,12.413793103448276,360.0,14.89655172413793,216.0
STYLEX EXTREME HOLD (YELLOW) 50G,4.0,76.0,0.13793103448275862,12.413793103448276,235.86206896551724,14.89655172413793,141.51724137931035
BETADINE WOUND SOL&#039;N 60ML,4.0,591.0,0.13793103448275862,12.413793103448276,1834.1379310344828,14.89655172413793,1100.4827586206895
BIGEN DARK BROWN,4.0,252.0,0.13793103448275862,12.413793103448276,782.0689655172414,14.89655172413793,469.2413793103448
MODESS REGULAR W/WINGS 8s,4.0,157.0,0.13793103448275862,12.413793103448276,487.2413793103448,14.89655172413793,292.34482758620686
CASINO FEMME 150ML,4.0,147.0,0.13793103448275862,12.413793103448276,456.2068965517241,14.89655172413793,273.7241379310345
CELCOXX CAP 400MG,4.0,187.15,0.13793103448275862,12.413793103448276,580.8103448275863,14.89655172413793,348.4862068965518
CHARMEE UNSCENTED BREATHABLE PANTY LINER PINK 8&#039;S,4.0,48.0,0.13793103448275862,12.413793103448276,148.9655172413793,14.89655172413793,89.37931034482757
SANICARE CLEANSING WIPES - ALOE 35+5 SH FREE,4.0,260.0,0.13793103448275862,12.413793103448276,806.8965517241379,14.89655172413793,484.13793103448273
EYE MO BLUE,4.0,415.0,0.13793103448275862,12.413793103448276,1287.9310344827586,14.89655172413793,772.7586206896551
FELOSTAL ER-10 (FELODIPINE) 10MG ER TAB,4.0,47.0,0.13793103448275862,12.413793103448276,145.86206896551724,14.89655172413793,87.51724137931033
GATORADE ORANGE CHILL 500ML,4.0,192.0,0.13793103448275862,12.413793103448276,595.8620689655172,14.89655172413793,357.5172413793103
DRENEX 3MG TAB,4.0,121.0,0.13793103448275862,12.413793103448276,375.51724137931035,14.89655172413793,225.3103448275862
DISUDRIN 60ML SYR,4.0,589.0,0.13793103448275862,12.413793103448276,1827.9310344827586,14.89655172413793,1096.7586206896551
CLOXYL (CLOXACILLIN) 500MG CAP,4.0,28.8,0.13793103448275862,12.413793103448276,89.37931034482759,14.89655172413793,53.62758620689655
PROPAN W/. IRON (BUCLIZINE HCL + MULTIVITAMINS + MINERALS) CAP,4.0,106.0,0.13793103448275862,12.413793103448276,328.9655172413793,14.89655172413793,197.3793103448276
DISUDRIN DRP 10ML,4.0,584.0,0.13793103448275862,12.413793103448276,1812.4137931034484,14.89655172413793,1087.448275862069
SAFEGUARD PURE WHITE 60G,4.0,79.2,0.13793103448275862,12.413793103448276,245.79310344827587,14.89655172413793,147.4758620689655
ELASTIC BANDAGE 3x5,4.0,116.0,0.13793103448275862,12.413793103448276,360.0,14.89655172413793,216.0
PEDIAFORTAN AS SYR 60ML,4.0,995.0,0.13793103448275862,12.413793103448276,3087.9310344827586,14.89655172413793,1852.7586206896551
LE MINERALE 5L,4.0,340.0,0.13793103448275862,12.413793103448276,1055.1724137931035,14.89655172413793,633.1034482758621
VITRESS HAIR CUTICLE COAT CLASSIC 30ML,4.0,302.0,0.13793103448275862,12.413793103448276,937.2413793103448,14.89655172413793,562.3448275862069
ALNIX 2.5MG DROP 10ML,4.0,895.0,0.13793103448275862,12.413793103448276,2777.5862068965516,14.89655172413793,1666.551724137931
XYZAL (LEVOCETIRIZINE) 5MG TAB 30&#039;,4.0,127.0,0.13793103448275862,12.413793103448276,394.13793103448273,14.89655172413793,236.48275862068962
DECILONE FORTE 4MG TAB,4.0,129.0,0.13793103448275862,12.413793103448276,400.3448275862069,14.89655172413793,240.20689655172413
ALLERTA (LORATADINE) 10MG TAB 2+1 PACK,4.0,186.0,0.13793103448275862,12.413793103448276,577.2413793103448,14.89655172413793,346.34482758620686
ASFRENONSYR 2MG 60ML SYR,4.0,336.6,0.13793103448275862,12.413793103448276,1044.6206896551726,14.89655172413793,626.7724137931035
CONZACE 9+1 CAP,4.0,476.0,0.13793103448275862,12.413793103448276,1477.2413793103449,14.89655172413793,886.3448275862069
ORAHEX ALCOHOL FREE 120ML,4.0,525.0,0.13793103448275862,12.413793103448276,1629.3103448275863,14.89655172413793,977.5862068965517
HAILEY TAWAS SOFT & SCENTED,3.0,46.5,0.10344827586206896,9.310344827586206,144.3103448275862,11.172413793103447,86.58620689655172
GREENCROSS 70% W/ MOIST 500ML,3.0,296.25,0.10344827586206896,9.310344827586206,919.3965517241379,11.172413793103447,551.6379310344827
MYRA E (VITAMIN E) 12+2 SULIT PACK,3.0,438.0,0.10344827586206896,9.310344827586206,1359.310344827586,11.172413793103447,815.5862068965516
SOLMUX FORTE 60ML SUSP,3.0,405.0,0.10344827586206896,9.310344827586206,1256.896551724138,11.172413793103447,754.1379310344827
GREENCROSS 70% SOLUTION W/ MOIST. 150ML,3.0,113.25,0.10344827586206896,9.310344827586206,351.4655172413793,11.172413793103447,210.8793103448276
GREENCROSS 40% W/ MOIST 500ML,3.0,225.0,0.10344827586206896,9.310344827586206,698.2758620689655,11.172413793103447,418.96551724137925
STRESS BALL,3.0,135.0,0.10344827586206896,9.310344827586206,418.9655172413793,11.172413793103447,251.37931034482756
GAVISCON TABLET,3.0,48.75,0.10344827586206896,9.310344827586206,151.29310344827584,11.172413793103447,90.77586206896551
CRUTCHES MEDIUM 5&#039;7-5&#039;10,3.0,2710.0,0.10344827586206896,9.310344827586206,8410.344827586207,11.172413793103447,5046.206896551724
ROWATINEX CAP,3.0,99.0,0.10344827586206896,9.310344827586206,307.2413793103448,11.172413793103447,184.3448275862069
RHEA HYDROGEN PEROXIDE 10VOL 120ML,3.0,93.0,0.10344827586206896,9.310344827586206,288.6206896551724,11.172413793103447,173.17241379310343
CHARMEE COTTONY NON WINGS 8&#039;S,3.0,63.0,0.10344827586206896,9.310344827586206,195.51724137931035,11.172413793103447,117.3103448275862
CHARMEE DRY NET NON WINGS 8&#039;S,3.0,69.0,0.10344827586206896,9.310344827586206,214.13793103448273,11.172413793103447,128.48275862068962
CLODIN (CLONIDINE) 75MCG TAB,3.0,31.5,0.10344827586206896,9.310344827586206,97.75862068965517,11.172413793103447,58.6551724137931
WHITE FLOWER AC#5 1.5ML,3.0,123.0,0.10344827586206896,9.310344827586206,381.7241379310345,11.172413793103447,229.03448275862067
FERSELLE,3.0,281.25,0.10344827586206896,9.310344827586206,872.8448275862069,11.172413793103447,523.7068965517241
SISTERS NIGHT PLUS HEAVY PLUS 8+1,3.0,93.75,0.10344827586206896,9.310344827586206,290.94827586206895,11.172413793103447,174.56896551724137
SILKA ORANGE PAPAYA SOAP 65G,3.0,51.0,0.10344827586206896,9.310344827586206,158.27586206896552,11.172413793103447,94.96551724137932
BIOGIC (PARACETAMOL) 500MG TAB,3.0,6.0,0.10344827586206896,9.310344827586206,18.620689655172413,11.172413793103447,11.172413793103447
NEOZEP SYRUP 60ML,3.0,361.5,0.10344827586206896,9.310344827586206,1121.896551724138,11.172413793103447,673.1379310344827
ORAHEX REGULAR 120ML,3.0,393.75,0.10344827586206896,9.310344827586206,1221.9827586206895,11.172413793103447,733.1896551724137
CARESS ADULT DIAPER M20+2,3.0,1036.5,0.10344827586206896,9.310344827586206,3216.7241379310344,11.172413793103447,1930.0344827586205
SEBO DE MACHO 25G,3.0,132.0,0.10344827586206896,9.310344827586206,409.6551724137931,11.172413793103447,245.79310344827584
MYRA 400IU (VITAMIN E) 30s CAP,3.0,1112.25,0.10344827586206896,9.310344827586206,3451.810344827586,11.172413793103447,2071.0862068965516
BBFLO PETROLEUM JELLY SOOTH & RELAX 25G,3.0,144.0,0.10344827586206896,9.310344827586206,446.8965517241379,11.172413793103447,268.13793103448273
GYNEPRO 60ML +MODESS SET,3.0,225.0,0.10344827586206896,9.310344827586206,698.2758620689655,11.172413793103447,418.96551724137925
ULTRAXIME SYR 100MG 30ML,3.0,2082.93,0.10344827586206896,9.310344827586206,6464.265517241379,11.172413793103447,3878.5593103448273
JOHNSONS MILK+RICE BABY POWDER 100G,3.0,158.25,0.10344827586206896,9.310344827586206,491.1206896551724,11.172413793103447,294.67241379310343
JOHNSONS BABY OIL LITE 50ML,3.0,144.0,0.10344827586206896,9.310344827586206,446.8965517241379,11.172413793103447,268.13793103448273
BEROCCA EFF TAB ORANGE 15&#039;,3.0,840.0,0.10344827586206896,9.310344827586206,2606.8965517241377,11.172413793103447,1564.1379310344826
BACTIDOL ORAL 120ML,3.0,612.75,0.10344827586206896,9.310344827586206,1901.6379310344826,11.172413793103447,1140.9827586206895
MUPICIN 10G (MUPIROCIN) OINTMENT,3.0,1601.25,0.10344827586206896,9.310344827586206,4969.396551724138,11.172413793103447,2981.6379310344823
SPIROFAR (SPIRONOLACTONE) 25MG TAB,3.0,41.25,0.10344827586206896,9.310344827586206,128.01724137931035,11.172413793103447,76.8103448275862
BETADINE WOUND 7.5ML,3.0,110.25,0.10344827586206896,9.310344827586206,342.1551724137931,11.172413793103447,205.29310344827584
GLYXAMBI FC TAB 25MG/5MG,3.0,232.75,0.10344827586206896,9.310344827586206,722.3275862068965,11.172413793103447,433.3965517241379
MYRA CLASSIC MOISTURIZING LOTION 50ML,3.0,117.0,0.10344827586206896,9.310344827586206,363.10344827586204,11.172413793103447,217.8620689655172
BETADINE GARGLE 60ML,3.0,345.0,0.10344827586206896,9.310344827586206,1070.6896551724137,11.172413793103447,642.4137931034483
APOLLO PETROLEUM JELLY 25G,3.0,120.75,0.10344827586206896,9.310344827586206,374.7413793103448,11.172413793103447,224.8448275862069
LASIX TAB 40MG,3.0,79.5,0.10344827586206896,9.310344827586206,246.72413793103448,11.172413793103447,148.03448275862067
ROBITUSSIN DM 60ML,3.0,405.0,0.10344827586206896,9.310344827586206,1256.896551724138,11.172413793103447,754.1379310344827
UH FERSULFATE IRON 65MG TAB,3.0,540.14,0.10344827586206896,9.310344827586206,1676.2965517241378,11.172413793103447,1005.7779310344827
KING MED DISPOSABLE SYRINGE 10CC,3.0,24.0,0.10344827586206896,9.310344827586206,74.48275862068965,11.172413793103447,44.68965517241379
KATINKO JAR 30G,3.0,243.0,0.10344827586206896,9.310344827586206,754.1379310344827,11.172413793103447,452.4827586206896
ULTIMA CAP 10s,3.0,808.5,0.10344827586206896,9.310344827586206,2509.137931034483,11.172413793103447,1505.4827586206895
URINORM (FEBUXOSTAT) 40MG TAB,3.0,100.5,0.10344827586206896,9.310344827586206,311.8965517241379,11.172413793103447,187.13793103448273
VICKS INHALER TWIN PACK 0.5MLX2,3.0,481.5,0.10344827586206896,9.310344827586206,1494.310344827586,11.172413793103447,896.5862068965516
"""ICEBAG 6"""" PARA AID""",3.0,351.0,0.10344827586206896,9.310344827586206,1089.310344827586,11.172413793103447,653.5862068965516
DR. S WONG&#039;S SULFUR W/ ALOE VERA SOAP 135G,3.0,163.5,0.10344827586206896,9.310344827586206,507.41379310344826,11.172413793103447,304.44827586206895
DR. S WONG&#039;S SULFUR SOAP 135G,3.0,150.0,0.10344827586206896,9.310344827586206,465.51724137931035,11.172413793103447,279.3103448275862
CHARMEE FEMININE PADS 4s,3.0,77.25,0.10344827586206896,9.310344827586206,239.74137931034483,11.172413793103447,143.8448275862069
EQ DRY XXL 3&#039;S,3.0,125.25,0.10344827586206896,9.310344827586206,388.7068965517241,11.172413793103447,233.22413793103448
OFF OVERTIME 50ML,3.0,306.0,0.10344827586206896,9.310344827586206,949.655172413793,11.172413793103447,569.7931034482758
SANICARE COTTON BUDS 200 STEM,3.0,58.5,0.10344827586206896,9.310344827586206,181.55172413793102,11.172413793103447,108.9310344827586
ENERVON 30s TAB,3.0,604.75,0.10344827586206896,9.310344827586206,1876.8103448275863,11.172413793103447,1126.0862068965516
CASINO FEMME DUAL MOIST 250ML,3.0,166.5,0.10344827586206896,9.310344827586206,516.7241379310344,11.172413793103447,310.03448275862064
EYEBERRY CAP,3.0,54.0,0.10344827586206896,9.310344827586206,167.58620689655172,11.172413793103447,100.55172413793103
SILKA GREEN PAPAYA LOT 100ML,3.0,198.0,0.10344827586206896,9.310344827586206,614.4827586206897,11.172413793103447,368.6896551724138
ZENITH (AZITHROMYCIN MONOHYDRATE) 200MG/5ML SUSP 20ML,3.0,1936.5,0.10344827586206896,9.310344827586206,6009.827586206896,11.172413793103447,3605.896551724137
K-LYTE (POTASSIUM CHLORIDE) 600MG TAB,3.0,69.0,0.10344827586206896,9.310344827586206,214.13793103448273,11.172413793103447,128.48275862068962
ASFRENON-GF (SALBUTAMOL GUAIFENESIN) 1MG/50MG PER 5ML SYRUP 60ML,3.0,289.0,0.10344827586206896,9.310344827586206,896.8965517241378,11.172413793103447,538.1379310344827
RDL FACIAL CLEANSER PAPAYA 75ML,3.0,84.0,0.10344827586206896,9.310344827586206,260.6896551724138,11.172413793103447,156.41379310344826
QUANIL (CITICOLINE) 500MG TAB 30,3.0,142.5,0.10344827586206896,9.310344827586206,442.2413793103448,11.172413793103447,265.34482758620686
ALNIX 5MG/5ML SYR 60ML,3.0,883.5,0.10344827586206896,9.310344827586206,2741.8965517241377,11.172413793103447,1645.1379310344826
NURSY BABY WIPES UNSCENTED 90,3.0,282.0,0.10344827586206896,9.310344827586206,875.1724137931034,11.172413793103447,525.103448275862
NORVASC (AMLODIPINE BESYLATE) 10MG TAB,3.0,112.5,0.10344827586206896,9.310344827586206,349.13793103448273,11.172413793103447,209.48275862068962
SILGRAM 750MG,3.0,130.8,0.10344827586206896,9.310344827586206,405.9310344827586,11.172413793103447,243.55862068965516
EYE MO RED EYE FORMULA 7.5ML,3.0,283.5,0.10344827586206896,9.310344827586206,879.8275862068965,11.172413793103447,527.8965517241379
BIXOCOT (ETORICOXIB) 120MG FCT,3.0,206.25,0.10344827586206896,9.310344827586206,640.0862068965517,11.172413793103447,384.05172413793105
BUTAMOL (SALBUTAMOL) 2MG/5ML SYR 60ML,3.0,75.0,0.10344827586206896,9.310344827586206,232.75862068965517,11.172413793103447,139.6551724137931
NIVEA ROLL ON EXTRA WHITENING 50ML,2.0,262.0,0.06896551724137931,6.206896551724138,813.1034482758621,7.448275862068965,487.8620689655172
BIODERM SOAP COOLNESS BLUE 135G,2.0,92.0,0.06896551724137931,6.206896551724138,285.51724137931035,7.448275862068965,171.3103448275862
GYNEPRO ULTRA PRO FEM WASH 150ML,2.0,336.04,0.06896551724137931,6.206896551724138,1042.8827586206896,7.448275862068965,625.7296551724138
MYRA CLASSIC MOISTURIZING LOTION 100ML,2.0,148.0,0.06896551724137931,6.206896551724138,459.3103448275862,7.448275862068965,275.58620689655174
GAVISCON DOUBLE ACTION TAB,2.0,43.0,0.06896551724137931,6.206896551724138,133.44827586206895,7.448275862068965,80.06896551724137
SOLMUX PED TR 200MG SYR 60ML,2.0,237.5,0.06896551724137931,6.206896551724138,737.0689655172414,7.448275862068965,442.2413793103448
GLUCERNA VANILLA 900G,2.0,4021.35,0.06896551724137931,6.206896551724138,12480.051724137931,7.448275862068965,7488.0310344827585
NASOFLO NASAL SPRAY 50MCG,2.0,1347.8,0.06896551724137931,6.206896551724138,4182.827586206897,7.448275862068965,2509.696551724138
GREENCROSS 70% W/ MOIST 250ML,2.0,103.5,0.06896551724137931,6.206896551724138,321.2068965517241,7.448275862068965,192.72413793103448
SUPRACID 650MG,2.0,186.44,0.06896551724137931,6.206896551724138,578.6068965517242,7.448275862068965,347.1641379310345
AUGMENTIN (CO-AMOXICLAV) 457MG 70ML,2.0,835.5,0.06896551724137931,6.206896551724138,2592.9310344827586,7.448275862068965,1555.7586206896551
AXE DEO SPRAY DARK TEMPTATION 50ML,2.0,206.0,0.06896551724137931,6.206896551724138,639.3103448275862,7.448275862068965,383.5862068965517
AXMAXOLV (SALBUTAMOL) 100MCG/ACTUATION,2.0,264.28,0.06896551724137931,6.206896551724138,820.1793103448275,7.448275862068965,492.1075862068965
JIMM&#039;S 7IN1 COFFEE MIX,2.0,28.5,0.06896551724137931,6.206896551724138,88.44827586206897,7.448275862068965,53.06896551724138
WHEELCHAIR BLACK ECONO,2.0,6796.84,0.06896551724137931,6.206896551724138,21093.641379310346,7.448275862068965,12656.184827586207
AFICIONADO FRESH PINK 55ML,2.0,106.0,0.06896551724137931,6.206896551724138,328.9655172413793,7.448275862068965,197.3793103448276
KATIALIS S 5G,2.0,46.0,0.06896551724137931,6.206896551724138,142.75862068965517,7.448275862068965,85.6551724137931
APOLLO SEBO DE MACHO 10G,2.0,57.0,0.06896551724137931,6.206896551724138,176.89655172413794,7.448275862068965,106.13793103448276
TUDOR MACRO & INFUSION SET1ML=60GTT ADULT,2.0,50.0,0.06896551724137931,6.206896551724138,155.17241379310346,7.448275862068965,93.10344827586208
ZITHROMAX (AZITHROMYCIN) 500MG,2.0,316.5,0.06896551724137931,6.206896551724138,982.2413793103448,7.448275862068965,589.3448275862069
BBFLO SILICON NIPPLE M,2.0,54.0,0.06896551724137931,6.206896551724138,167.58620689655172,7.448275862068965,100.55172413793103
TEMPRA 120MG SYRUP 60ML (ORANGE,2.0,198.0,0.06896551724137931,6.206896551724138,614.4827586206897,7.448275862068965,368.6896551724138
TIKI-TIKI 120ML SYR,2.0,250.0,0.06896551724137931,6.206896551724138,775.8620689655172,7.448275862068965,465.5172413793103
TIKI-TIKI 30ML DRP BOT,2.0,196.0,0.06896551724137931,6.206896551724138,608.2758620689655,7.448275862068965,364.96551724137925
BBFLO GENTLE BUDS PLASTIC 36TIP,2.0,22.5,0.06896551724137931,6.206896551724138,69.82758620689656,7.448275862068965,41.89655172413793
BBFLO GENTLE BUDS WHITE 200s TIPS+36 TIPS,2.0,64.0,0.06896551724137931,6.206896551724138,198.6206896551724,7.448275862068965,119.17241379310344
JOHNSONS BABY OIL ALOE VERA 50ML,2.0,95.0,0.06896551724137931,6.206896551724138,294.82758620689657,7.448275862068965,176.89655172413794
IBERET ACTIVE (MULTIVITAMINS + IRON) TAB,2.0,57.0,0.06896551724137931,6.206896551724138,176.89655172413794,7.448275862068965,106.13793103448276
MAXVIT (MULTIVITAMINS MINERALS+GINSENG+ROYAL JELLY) CAP 6+1 SET,2.0,174.0,0.06896551724137931,6.206896551724138,540.0,7.448275862068965,324.0
MEDICINE CUP,2.0,12.6,0.06896551724137931,6.206896551724138,39.10344827586207,7.448275862068965,23.462068965517243
BACTIFREE OINTMENT 10G,2.0,982.0,0.06896551724137931,6.206896551724138,3047.5862068965516,7.448275862068965,1828.551724137931
BACTIDOL LIQUID 250ML,2.0,677.5,0.06896551724137931,6.206896551724138,2102.5862068965516,7.448275862068965,1261.551724137931
MIDOL 200MG TAB,2.0,21.5,0.06896551724137931,6.206896551724138,66.72413793103448,7.448275862068965,40.03448275862068
MILCU DEO POWDER 40G,2.0,109.5,0.06896551724137931,6.206896551724138,339.82758620689657,7.448275862068965,203.89655172413794
HAPPY ABSORBENT COTTON 150G,2.0,134.0,0.06896551724137931,6.206896551724138,415.86206896551727,7.448275862068965,249.51724137931035
HIVENT PLUS (SALBUTAMOL+IPRATROPIUM BROMIDE) 2.5MG+500MCG/2.5ML AMP,2.0,62.0,0.06896551724137931,6.206896551724138,192.41379310344828,7.448275862068965,115.44827586206897
HYPANTS ADULT DIAPER LARGE 10s,2.0,540.0,0.06896551724137931,6.206896551724138,1675.8620689655172,7.448275862068965,1005.5172413793102
BENCH ALCOGEL CLASSIC HAND SANITIZER 100G,2.0,81.0,0.06896551724137931,6.206896551724138,251.3793103448276,7.448275862068965,150.82758620689654
TEMPRA 100MG/ML ORANGE 30ML DROPS,2.0,282.0,0.06896551724137931,6.206896551724138,875.1724137931035,7.448275862068965,525.1034482758621
BETADINE (POVIDONE IODINE) WOUND SOLUTION 7.5ML,2.0,73.5,0.06896551724137931,6.206896551724138,228.10344827586206,7.448275862068965,136.86206896551724
BENCH SO IN LOVE DEO BODY SPRAY 50ML,2.0,166.0,0.06896551724137931,6.206896551724138,515.1724137931035,7.448275862068965,309.1034482758621
TOURNIQUET FLAT BLUE,2.0,30.0,0.06896551724137931,6.206896551724138,93.10344827586206,7.448275862068965,55.86206896551724
SAFEGUARD FLORAL PINK W/ ALOE 130G,2.0,93.0,0.06896551724137931,6.206896551724138,288.6206896551724,7.448275862068965,173.17241379310343
SAFEGUARD FLORAL PINK W/ ALOE 60G,2.0,39.6,0.06896551724137931,6.206896551724138,122.89655172413794,7.448275862068965,73.73793103448276
E-ZINC SYR 60ML,2.0,214.5,0.06896551724137931,6.206896551724138,665.6896551724138,7.448275862068965,399.4137931034483
SANICARE CLEANSING WIPES - LAVENDER 35+5 SHEETS,2.0,125.0,0.06896551724137931,6.206896551724138,387.9310344827586,7.448275862068965,232.75862068965515
PEDIAMOX (AMOXICILLIN) 250MG/5ML SUSP 60ML,2.0,307.5,0.06896551724137931,6.206896551724138,954.3103448275862,7.448275862068965,572.5862068965516
CEELIN DROP 30ML,2.0,274.0,0.06896551724137931,6.206896551724138,850.3448275862069,7.448275862068965,510.20689655172407
EFFICASCENT RELAXSCENT OIL 6ML,2.0,162.0,0.06896551724137931,6.206896551724138,502.7586206896552,7.448275862068965,301.6551724137931
EFFICASCENT EXTREME 100ML,2.0,260.0,0.06896551724137931,6.206896551724138,806.8965517241379,7.448275862068965,484.13793103448273
CASINO FEMME 500ML,2.0,193.0,0.06896551724137931,6.206896551724138,598.9655172413793,7.448275862068965,359.37931034482756
OMEGA PAIN KILLER 15ML,2.0,42.0,0.06896551724137931,6.206896551724138,130.3448275862069,7.448275862068965,78.20689655172413
CARESS UNDERPAD M10,2.0,370.0,0.06896551724137931,6.206896551724138,1148.2758620689656,7.448275862068965,688.9655172413793
CASINO 500ML,2.0,183.5,0.06896551724137931,6.206896551724138,569.4827586206897,7.448275862068965,341.6896551724138
CARESS ADULT DIAPER L2,2.0,91.0,0.06896551724137931,6.206896551724138,282.41379310344826,7.448275862068965,169.44827586206895
CEELIN SYR 120ML,2.0,258.0,0.06896551724137931,6.206896551724138,800.6896551724138,7.448275862068965,480.41379310344826
CEELIN PLUS SYR 120ML,2.0,352.5,0.06896551724137931,6.206896551724138,1093.9655172413793,7.448275862068965,656.3793103448276
CEELIN PLUS 40MG DRP 15ML,2.0,189.5,0.06896551724137931,6.206896551724138,588.1034482758621,7.448275862068965,352.86206896551727
OMEGA PAIN KILLER 60ML,2.0,129.0,0.06896551724137931,6.206896551724138,400.3448275862069,7.448275862068965,240.20689655172413
BIOGESIC (PARACETAMOL) 250MG/5ML ORANGE 60ML,2.0,268.0,0.06896551724137931,6.206896551724138,831.7241379310345,7.448275862068965,499.0344827586207
BREZU (PROCATEROL) 5MCG/ML 60ML SYR,2.0,470.0,0.06896551724137931,6.206896551724138,1458.6206896551723,7.448275862068965,875.1724137931034
BONNA 0-6 MONTHS 350G,2.0,450.5,0.06896551724137931,6.206896551724138,1398.103448275862,7.448275862068965,838.8620689655172
SISTERS DRY MAXI NO WINGS,2.0,48.5,0.06896551724137931,6.206896551724138,150.51724137931035,7.448275862068965,90.3103448275862
NEOBLOC (METOPROLOL) 50MG,2.0,9.4,0.06896551724137931,6.206896551724138,29.17241379310345,7.448275862068965,17.50344827586207
FOLEY CATH 14,2.0,98.22,0.06896551724137931,6.206896551724138,304.82068965517243,7.448275862068965,182.89241379310346
SOLMUX ADVANCE 5+1 FC TAB,2.0,135.0,0.06896551724137931,6.206896551724138,418.9655172413793,7.448275862068965,251.37931034482756
FISSAN PRICKLY HEAT POWDER 50ML,2.0,163.5,0.06896551724137931,6.206896551724138,507.41379310344826,7.448275862068965,304.44827586206895
BIOGESIC 120MG/5ML OR SYR 60ML,2.0,186.0,0.06896551724137931,6.206896551724138,577.2413793103448,7.448275862068965,346.34482758620686
ENSURE GOLD VANILLA 400G,2.0,1791.27,0.06896551724137931,6.206896551724138,5559.113793103448,7.448275862068965,3335.468275862069
SILKA GREEN PAPAYA LOT 50ML,2.0,78.0,0.06896551724137931,6.206896551724138,242.06896551724137,7.448275862068965,145.24137931034483
EQ DRY L 32+2,2.0,628.0,0.06896551724137931,6.206896551724138,1948.9655172413793,7.448275862068965,1169.3793103448274
EXPEL 6MG DROP 15ML,2.0,252.5,0.06896551724137931,6.206896551724138,783.6206896551724,7.448275862068965,470.17241379310343
C.Y GABRIEL PAPAYA 60G,2.0,38.0,0.06896551724137931,6.206896551724138,117.93103448275862,7.448275862068965,70.75862068965517
SENSODYNE FRESHMINT 100G,2.0,291.0,0.06896551724137931,6.206896551724138,903.1034482758621,7.448275862068965,541.8620689655172
PROHEALTH NEBULIZER VMNB03,2.0,2759.98,0.06896551724137931,6.206896551724138,8565.455172413793,7.448275862068965,5139.273103448276
PROPAN TLC 250ML,2.0,693.22,0.06896551724137931,6.206896551724138,2151.3724137931035,7.448275862068965,1290.8234482758621
DOLAN FP FORTE 200MG 60ML,2.0,303.0,0.06896551724137931,6.206896551724138,940.3448275862069,7.448275862068965,564.2068965517241
PROPAN TLC SYR 120ML,2.0,358.0,0.06896551724137931,6.206896551724138,1111.0344827586207,7.448275862068965,666.6206896551724
ROBITUSSIN DM 120ML,2.0,367.0,0.06896551724137931,6.206896551724138,1138.9655172413793,7.448275862068965,683.3793103448276
ROBITUSSIN EXPECTORANT (GUAIFENESIN) 120ML,2.0,319.5,0.06896551724137931,6.206896551724138,991.551724137931,7.448275862068965,594.9310344827586
ROBIKIDS 250MG/5ML SUSPENSION 60ML,2.0,233.5,0.06896551724137931,6.206896551724138,724.6551724137931,7.448275862068965,434.7931034482759
CHARMEE PANTYLINER GO GIRL 20+2,2.0,34.5,0.06896551724137931,6.206896551724138,107.06896551724138,7.448275862068965,64.24137931034483
PH CARE FLORAL CLEAN 50ML,2.0,112.5,0.06896551724137931,6.206896551724138,349.13793103448273,7.448275862068965,209.48275862068962
PLASTIC URINAL,2.0,190.0,0.06896551724137931,6.206896551724138,589.6551724137931,7.448275862068965,353.7931034482759
PLEMEX FORTE 600MG/5ML 120ML,2.0,360.0,0.06896551724137931,6.206896551724138,1117.2413793103449,7.448275862068965,670.3448275862069
CHARMEE LIGHT W/WINGS 8&#039;S,2.0,36.0,0.06896551724137931,6.206896551724138,111.72413793103448,7.448275862068965,67.03448275862068
DR. S WONG&#039;S SULFUR W/ ALOE VERA SOAP 80G,2.0,80.0,0.06896551724137931,6.206896551724138,248.27586206896552,7.448275862068965,148.9655172413793
CHARMEE COTTONY W/WINGS 8+1,2.0,46.0,0.06896551724137931,6.206896551724138,142.75862068965517,7.448275862068965,85.6551724137931
CHARMEE BREATHABLE PANTY LINER GREEN 8&#039;S,2.0,26.0,0.06896551724137931,6.206896551724138,80.6896551724138,7.448275862068965,48.41379310344828
CHARMEE BREATHABLE PANTY LINER GREEN 20&#039;S,2.0,57.0,0.06896551724137931,6.206896551724138,176.89655172413794,7.448275862068965,106.13793103448276
CHARMEE MENSTRUAL PANTS M 2&#039;S,2.0,133.5,0.06896551724137931,6.206896551724138,414.3103448275862,7.448275862068965,248.58620689655172
LISTERINE COOL MINT 250ML,2.0,265.0,0.06896551724137931,6.206896551724138,822.4137931034483,7.448275862068965,493.44827586206895
PYRESAPH (PARACETAMOL) 125MG/5ML 60ML,2.0,50.0,0.06896551724137931,6.206896551724138,155.17241379310346,7.448275862068965,93.10344827586208
DAKTARIN ORAL GEL 3.5g,2.0,584.0,0.06896551724137931,6.206896551724138,1812.4137931034484,7.448275862068965,1087.448275862069
COLGATE AMINO POWDER 74G,2.0,147.0,0.06896551724137931,6.206896551724138,456.2068965517241,7.448275862068965,273.7241379310345
COMMODE CHAIR WITH WHEELS,2.0,5914.26,0.06896551724137931,6.206896551724138,18354.600000000002,7.448275862068965,11012.76
RDL FACIAL CLEANSER PAPAYA 150ML,2.0,84.0,0.06896551724137931,6.206896551724138,260.6896551724138,7.448275862068965,156.41379310344826
RABAPHEN (DIPHENHYDRAMINE HCL) 50MG/ML 1ML AMP,2.0,100.8,0.06896551724137931,6.206896551724138,312.82758620689657,7.448275862068965,187.69655172413795
COUXIN (AMBROXOL HCI) 30MG TAB,2.0,4.0,0.06896551724137931,6.206896551724138,12.413793103448276,7.448275862068965,7.448275862068965
ARM SLING XL,2.0,210.0,0.06896551724137931,6.206896551724138,651.7241379310345,7.448275862068965,391.0344827586207
LISTERINE COOL MINT 100ML,2.0,134.0,0.06896551724137931,6.206896551724138,415.86206896551727,7.448275862068965,249.51724137931035
LACTACYD PRO SENSITIVE 60ML,2.0,157.0,0.06896551724137931,6.206896551724138,487.2413793103448,7.448275862068965,292.34482758620686
APOLLO LIPBALM ORIG 7G,2.0,121.0,0.06896551724137931,6.206896551724138,375.51724137931035,7.448275862068965,225.3103448275862
VN2 (SALBUTAMOL SULFATE) 2MG/5ML SYR 60ML,2.0,50.0,0.06896551724137931,6.206896551724138,155.17241379310346,7.448275862068965,93.10344827586208
ZEBET (GLICLAZIDE) 80MG TAB,2.0,12.5,0.06896551724137931,6.206896551724138,38.793103448275865,7.448275862068965,23.27586206896552
WHISPER BREATHABLE COTTONY SOFT W/.WINGS 8&#039;S,2.0,86.0,0.06896551724137931,6.206896551724138,266.8965517241379,7.448275862068965,160.13793103448273
APOLLO PETROLEUM JELLY 50G,1.0,59.25,0.034482758620689655,3.103448275862069,183.8793103448276,3.7241379310344827,110.32758620689656
VICKS VAPORUB 25G,1.0,106.0,0.034482758620689655,3.103448275862069,328.9655172413793,3.7241379310344827,197.3793103448276
VISINE ORIGINAL 15ML,1.0,158.75,0.034482758620689655,3.103448275862069,492.67241379310343,3.7241379310344827,295.60344827586204
VIVALYTE 250ML ORANGE,1.0,55.5,0.034482758620689655,3.103448275862069,172.24137931034483,3.7241379310344827,103.34482758620689
LAMPEIN JUMBO PACK L 54S,1.0,378.0,0.034482758620689655,3.103448275862069,1173.103448275862,3.7241379310344827,703.8620689655172
LAMPEIN JUMBO PACK XL 48s,1.0,370.25,0.034482758620689655,3.103448275862069,1149.051724137931,3.7241379310344827,689.4310344827585
LISTERINE FRESH BURST 100ML,1.0,67.0,0.034482758620689655,3.103448275862069,207.93103448275863,3.7241379310344827,124.75862068965517
ARM SLING L,1.0,90.0,0.034482758620689655,3.103448275862069,279.3103448275862,3.7241379310344827,167.58620689655172
ARM SLING M,1.0,90.0,0.034482758620689655,3.103448275862069,279.3103448275862,3.7241379310344827,167.58620689655172
URINE BAG 1L W/O HOOK,1.0,35.0,0.034482758620689655,3.103448275862069,108.62068965517241,3.7241379310344827,65.17241379310344
URINE COLLECTOR,1.0,6.75,0.034482758620689655,3.103448275862069,20.948275862068964,3.7241379310344827,12.568965517241379
"CRUTCHES SMALL 5&#039;2""-5&#039;6""",1.0,1120.0,0.034482758620689655,3.103448275862069,3475.862068965517,3.7241379310344827,2085.5172413793102
DERMOTRIM (CLOTRIMAZOLE) 10MG/G CREAM,1.0,87.5,0.034482758620689655,3.103448275862069,271.55172413793105,3.7241379310344827,162.93103448275863
DERMOVATE (CLOBETASOL PROPIONATE) 5G CREAM,1.0,349.0,0.034482758620689655,3.103448275862069,1083.103448275862,3.7241379310344827,649.8620689655172
DIACEL (DICYCLOVERINE) 10MG/5ML 60ML SYR,1.0,30.0,0.034482758620689655,3.103448275862069,93.10344827586206,3.7241379310344827,55.86206896551724
RDL3 60ML,1.0,75.0,0.034482758620689655,3.103448275862069,232.75862068965517,3.7241379310344827,139.6551724137931
RECLINING WHEELCHAIR WITH COMMODE,1.0,10080.0,0.034482758620689655,3.103448275862069,31282.758620689656,3.7241379310344827,18769.655172413793
COLGATE AMINO POWDER 140G,1.0,113.75,0.034482758620689655,3.103448275862069,353.01724137931035,3.7241379310344827,211.8103448275862
COLGATE TRIPLE ACTION 169 FOR 2 TUBES,1.0,169.0,0.034482758620689655,3.103448275862069,524.4827586206897,3.7241379310344827,314.6896551724138
COMMODE CHAIR W/O WHEELS,1.0,3200.0,0.034482758620689655,3.103448275862069,9931.034482758621,3.7241379310344827,5958.620689655173
CONSAC (TOBRAMYCIN) 5ML OPTHALMIC SOL&#039;N,1.0,205.0,0.034482758620689655,3.103448275862069,636.2068965517242,3.7241379310344827,381.7241379310345
COUXIN (AMBROXOL) 15MG/5ML SYR 60ML,1.0,29.25,0.034482758620689655,3.103448275862069,90.77586206896552,3.7241379310344827,54.46551724137931
CHERIFER FORTE 120ML,1.0,191.0,0.034482758620689655,3.103448275862069,592.7586206896551,3.7241379310344827,355.6551724137931
CHERIFER IMMUNOMAX SYR 120ML,1.0,410.0,0.034482758620689655,3.103448275862069,1272.4137931034484,3.7241379310344827,763.448275862069
CLIO DENTAL FLOSS 50M (CLEENE,1.0,96.0,0.034482758620689655,3.103448275862069,297.9310344827586,3.7241379310344827,178.75862068965515
CLOOK CARE (OXYGEN REGULATOR,1.0,1035.71,0.034482758620689655,3.103448275862069,3214.2724137931036,3.7241379310344827,1928.5634482758621
REVICON FORTE TAB 30&#039;S BOT,1.0,155.75,0.034482758620689655,3.103448275862069,483.36206896551727,3.7241379310344827,290.01724137931035
REXONA ROLL ON POWDER DRY BRIGHTENING 50ML,1.0,133.25,0.034482758620689655,3.103448275862069,413.5344827586207,3.7241379310344827,248.1206896551724
RHEA AROMATIC SPIRIT OF AMMONIA 15ML,1.0,31.5,0.034482758620689655,3.103448275862069,97.75862068965517,3.7241379310344827,58.6551724137931
DIANE 35 TAB 21&#039;..,1.0,682.0,0.034482758620689655,3.103448275862069,2116.551724137931,3.7241379310344827,1269.9310344827586
DICYCLOVERINE 10MG/5ML 60ML,1.0,35.0,0.034482758620689655,3.103448275862069,108.62068965517241,3.7241379310344827,65.17241379310344
DIGITAL THERMOMETER (INDOPLAS,1.0,104.0,0.034482758620689655,3.103448275862069,322.7586206896552,3.7241379310344827,193.6551724137931
DIOVAN CAP 80MG,1.0,19.8,0.034482758620689655,3.103448275862069,61.44827586206897,3.7241379310344827,36.86896551724138
DISP SYRINGE 3CC PROHEALTH,1.0,6.0,0.034482758620689655,3.103448275862069,18.620689655172413,3.7241379310344827,11.172413793103447
DOCOR 250 (HYDROCORTISONE SODIUM SUCCINATE) 250MG/ML VIAL,1.0,280.0,0.034482758620689655,3.103448275862069,868.9655172413793,3.7241379310344827,521.3793103448276
PROLIX (PREDNISONE) 10MG 60ML SUSP.,1.0,144.75,0.034482758620689655,3.103448275862069,449.2241379310345,3.7241379310344827,269.5344827586207
PURE PROTECT NATURAL SANITIZER 70% 500ML,1.0,161.0,0.034482758620689655,3.103448275862069,499.6551724137931,3.7241379310344827,299.7931034482758
RHEA HYDROGEN PEROXIDE 20VOL 120ML,1.0,28.25,0.034482758620689655,3.103448275862069,87.67241379310344,3.7241379310344827,52.603448275862064
RHEA POVIDONE IODINE 10% SOL 60ML,1.0,134.5,0.034482758620689655,3.103448275862069,417.41379310344826,3.7241379310344827,250.44827586206895
RINITYN (LORATIDINE) 10MG TAB 5+5,1.0,120.0,0.034482758620689655,3.103448275862069,372.41379310344826,3.7241379310344827,223.44827586206895
ROBUST TAB 550MG,1.0,130.0,0.034482758620689655,3.103448275862069,403.44827586206895,3.7241379310344827,242.06896551724137
CENTRUM SILVER ADV TAB 30,1.0,390.0,0.034482758620689655,3.103448275862069,1210.344827586207,3.7241379310344827,726.2068965517242
CETOZ-L (LEVOCETIRIZINE DIHYDROCHLORIDE) 5MG FCT,1.0,4.0,0.034482758620689655,3.103448275862069,12.413793103448276,3.7241379310344827,7.448275862068965
DOVE STRAIGHT & SILKY 170ML,1.0,135.0,0.034482758620689655,3.103448275862069,418.9655172413793,3.7241379310344827,251.37931034482756
DOVE WHITE BEAUTY BAR 100G,1.0,61.0,0.034482758620689655,3.103448275862069,189.3103448275862,3.7241379310344827,113.58620689655172
DOVE WHITE BEAUTY BAR 135G,1.0,78.0,0.034482758620689655,3.103448275862069,242.06896551724137,3.7241379310344827,145.24137931034483
DR. KAUFMANN IR SULFUR WHITE 80G,1.0,38.5,0.034482758620689655,3.103448275862069,119.48275862068965,3.7241379310344827,71.6896551724138
DROPPER,1.0,6.3,0.034482758620689655,3.103448275862069,19.551724137931036,3.7241379310344827,11.731034482758622
DULCOLAX SUPP ADULT 10MG,1.0,61.0,0.034482758620689655,3.103448275862069,189.3103448275862,3.7241379310344827,113.58620689655172
PLEMEX FORTE 600MG/5ML 60ML,1.0,127.0,0.034482758620689655,3.103448275862069,394.13793103448273,3.7241379310344827,236.48275862068962
POLY+NEO+DEXA EYE DROP (ISORE,1.0,172.4,0.034482758620689655,3.103448275862069,535.0344827586207,3.7241379310344827,321.0206896551724
PRED 20 (PREDNISOLONE) 60ML,1.0,335.0,0.034482758620689655,3.103448275862069,1039.655172413793,3.7241379310344827,623.7931034482758
CHERIFER DROP 15ML/230&#039;,1.0,86.0,0.034482758620689655,3.103448275862069,266.8965517241379,3.7241379310344827,160.13793103448273
CHERIFER DROP 30ML/160&#039;,1.0,154.5,0.034482758620689655,3.103448275862069,479.48275862068965,3.7241379310344827,287.6896551724138
SAFEGUARD PURE WHITE 130G,1.0,45.0,0.034482758620689655,3.103448275862069,139.6551724137931,3.7241379310344827,83.79310344827586
SALINASE DROP 30ML,1.0,87.0,0.034482758620689655,3.103448275862069,270.0,3.7241379310344827,162.0
SALINASE NASAL SPRAY 30ML,1.0,110.25,0.034482758620689655,3.103448275862069,342.1551724137931,3.7241379310344827,205.29310344827584
ELASTIC BANDAGE 4x5,1.0,40.0,0.034482758620689655,3.103448275862069,124.13793103448276,3.7241379310344827,74.48275862068965
PAU LINIMENT 30ML,1.0,81.25,0.034482758620689655,3.103448275862069,252.1551724137931,3.7241379310344827,151.29310344827587
PAU LINIMENT 60ML,1.0,134.0,0.034482758620689655,3.103448275862069,415.86206896551727,3.7241379310344827,249.51724137931035
PECOF SYRUP 100ML,1.0,164.29,0.034482758620689655,3.103448275862069,509.8655172413793,3.7241379310344827,305.9193103448276
PEDIAFORTAN AS 120ML (MULTIVITAMINS + BUCLIZINE HCL + LYSINE HCL) SYR,1.0,509.75,0.034482758620689655,3.103448275862069,1581.9827586206895,3.7241379310344827,949.1896551724137
PEDIALYTE MILD 30 GRAPES 500ML,1.0,139.75,0.034482758620689655,3.103448275862069,433.7068965517241,3.7241379310344827,260.2241379310345
PEDZINC PLUS SY 120ML,1.0,135.0,0.034482758620689655,3.103448275862069,418.9655172413793,3.7241379310344827,251.37931034482756
PENLIGHT RED,1.0,189.0,0.034482758620689655,3.103448275862069,586.551724137931,3.7241379310344827,351.9310344827586
PH CARE COOLING COMFORT 50ML,1.0,58.25,0.034482758620689655,3.103448275862069,180.77586206896552,3.7241379310344827,108.46551724137932
CECLOR DROP 20ML,1.0,415.2,0.034482758620689655,3.103448275862069,1288.551724137931,3.7241379310344827,773.1310344827585
CENTRUM ADVANCE TAB 30,1.0,312.0,0.034482758620689655,3.103448275862069,968.2758620689655,3.7241379310344827,580.9655172413793
CAREFREE BREATHABLE PL 8s,1.0,23.25,0.034482758620689655,3.103448275862069,72.1551724137931,3.7241379310344827,43.29310344827586
SANICARE COTTON BUDS 200 STEM CAN,1.0,21.2,0.034482758620689655,3.103448275862069,65.79310344827586,3.7241379310344827,39.47586206896551
EQ DRY M 4&#039;S,1.0,35.5,0.034482758620689655,3.103448275862069,110.17241379310344,3.7241379310344827,66.10344827586206
EQ DRY XL 14+1,1.0,157.25,0.034482758620689655,3.103448275862069,488.01724137931035,3.7241379310344827,292.8103448275862
EQ DRY XL 4&#039;S,1.0,45.75,0.034482758620689655,3.103448275862069,141.98275862068965,3.7241379310344827,85.1896551724138
ESKINOL CLASSIC W/ GRAINS 225L,1.0,107.75,0.034482758620689655,3.103448275862069,334.3965517241379,3.7241379310344827,200.63793103448273
OFF KIDS LOTION 100ML,1.0,164.25,0.034482758620689655,3.103448275862069,509.7413793103448,3.7241379310344827,305.84482758620686
OFF KIDS SAC 6ML,1.0,9.5,0.034482758620689655,3.103448275862069,29.482758620689655,3.7241379310344827,17.689655172413794
OMEGA ADVANCE SPRAY 50ML,1.0,88.0,0.034482758620689655,3.103448275862069,273.1034482758621,3.7241379310344827,163.86206896551724
OMRON AUTO BP MONITOR HEM-8712,1.0,2749.99,0.034482758620689655,3.103448275862069,8534.45172413793,3.7241379310344827,5120.671034482758
OXYGEN TANK 15LBS,1.0,6799.97,0.034482758620689655,3.103448275862069,21103.355172413794,3.7241379310344827,12662.013103448277
PALMOLIVE INTENSIVE MOISTURE 90ML,1.0,62.0,0.034482758620689655,3.103448275862069,192.41379310344828,3.7241379310344827,115.44827586206897
SANICARE PLAYTIME WIPES - CRISP CUCUMBER 80SHEETS,1.0,109.25,0.034482758620689655,3.103448275862069,339.05172413793105,3.7241379310344827,203.43103448275863
SANITARY BALM (CAMPHOR+MENTHOL) 32G,1.0,53.0,0.034482758620689655,3.103448275862069,164.48275862068965,3.7241379310344827,98.6896551724138
CALPOL 2-6 YRS 120MG/5ML SUSP 60ML,1.0,97.5,0.034482758620689655,3.103448275862069,302.58620689655174,3.7241379310344827,181.55172413793105
CALTRATE ADVANCE TAB 30s,1.0,248.0,0.034482758620689655,3.103448275862069,769.6551724137931,3.7241379310344827,461.7931034482759
CANDEZ (CANDESARTAN + CILEXETIL) 8MG TAB,1.0,23.25,0.034482758620689655,3.103448275862069,72.1551724137931,3.7241379310344827,43.29310344827586
CANESTEN 3G CREAM,1.0,120.0,0.034482758620689655,3.103448275862069,372.41379310344826,3.7241379310344827,223.44827586206895
CANESTEN 5G,1.0,197.0,0.034482758620689655,3.103448275862069,611.3793103448276,3.7241379310344827,366.8275862068965
SERETIDE (SALMETEROL + FLUTICASONE PROP)25/50MCG MDI,1.0,400.8,0.034482758620689655,3.103448275862069,1243.8620689655172,3.7241379310344827,746.3172413793103
SERETIDE 25/250MCG MDI,1.0,798.5,0.034482758620689655,3.103448275862069,2478.103448275862,3.7241379310344827,1486.862068965517
SERETIDE INHALER 25/125,1.0,412.68,0.034482758620689655,3.103448275862069,1280.7310344827586,3.7241379310344827,768.4386206896551
FENOBRIT( FENOFIBRATE) 200MG,1.0,12.3,0.034482758620689655,3.103448275862069,38.17241379310345,3.7241379310344827,22.903448275862072
NIVEA SAKURA ROLL-ON 50ML X2,1.0,225.0,0.034482758620689655,3.103448275862069,698.2758620689655,3.7241379310344827,418.96551724137925
NIVEA WHITE & REPAIR 250ML LOTION,1.0,253.0,0.034482758620689655,3.103448275862069,785.1724137931035,3.7241379310344827,471.1034482758621
NIZORAL CREAM 3.5 G,1.0,166.5,0.034482758620689655,3.103448275862069,516.7241379310345,3.7241379310344827,310.0344827586207
NUTRILIN SYRUP 120ML,1.0,207.57,0.034482758620689655,3.103448275862069,644.1827586206896,3.7241379310344827,386.5096551724137
EQ DRY M 18+1,1.0,157.25,0.034482758620689655,3.103448275862069,488.01724137931035,3.7241379310344827,292.8103448275862
EQ DRY M 36+2,1.0,347.5,0.034482758620689655,3.103448275862069,1078.448275862069,3.7241379310344827,647.0689655172414
SILKA GREEN PAPAYA SOAP 65G,1.0,18.0,0.034482758620689655,3.103448275862069,55.86206896551724,3.7241379310344827,33.51724137931034
SILKA ORANGE PAPAYA SOAP 135G,1.0,42.75,0.034482758620689655,3.103448275862069,132.67241379310346,3.7241379310344827,79.60344827586208
BIOGESIC (PARACETAMOL) 100MG 15ML ORANGE DRP,1.0,72.25,0.034482758620689655,3.103448275862069,224.22413793103448,3.7241379310344827,134.53448275862067
BP SET BLUE CROSS W/STET,1.0,900.0,0.034482758620689655,3.103448275862069,2793.103448275862,3.7241379310344827,1675.862068965517
SILKA ORANGE PAPAYA WHITENING LOTION 100ML,1.0,67.0,0.034482758620689655,3.103448275862069,207.93103448275863,3.7241379310344827,124.75862068965517
FOLEY CATH 16,1.0,49.11,0.034482758620689655,3.103448275862069,152.41034482758621,3.7241379310344827,91.44620689655173
FOLEY CATH FR14,1.0,49.11,0.034482758620689655,3.103448275862069,152.41034482758621,3.7241379310344827,91.44620689655173
FUNGISOL (BENZOIC ACID + SALICYLIC ACID) 4ML,1.0,158.0,0.034482758620689655,3.103448275862069,490.3448275862069,3.7241379310344827,294.2068965517241
FERLIN DROPS 15ML,1.0,154.0,0.034482758620689655,3.103448275862069,477.9310344827586,3.7241379310344827,286.7586206896552
FLAGYL ORALSUSP 60ML,1.0,144.0,0.034482758620689655,3.103448275862069,446.8965517241379,3.7241379310344827,268.13793103448273
FLOTERA 5ML DRP,1.0,1130.0,0.034482758620689655,3.103448275862069,3506.896551724138,3.7241379310344827,2104.137931034483
NGT F18,1.0,24.11,0.034482758620689655,3.103448275862069,74.82413793103449,3.7241379310344827,44.89448275862069
NIVEA EXTRA WHITE SERUM ROLL ON 20ML,1.0,91.74,0.034482758620689655,3.103448275862069,284.7103448275862,3.7241379310344827,170.82620689655172
NIVEA MEN COOL KICK ROLL-ON 50ML X2,1.0,150.0,0.034482758620689655,3.103448275862069,465.51724137931035,3.7241379310344827,279.3103448275862
BETADINE FEM WASH 100ML,1.0,195.0,0.034482758620689655,3.103448275862069,605.1724137931035,3.7241379310344827,363.1034482758621
BETADINE FEM WASH 50ML,1.0,124.25,0.034482758620689655,3.103448275862069,385.6034482758621,3.7241379310344827,231.36206896551724
BETADINE GARGLE 120ML,1.0,179.75,0.034482758620689655,3.103448275862069,557.8448275862069,3.7241379310344827,334.7068965517241
BIODOL (PARACETAMOL) 250MG/5ML SUSP 60ML,1.0,30.0,0.034482758620689655,3.103448275862069,93.10344827586206,3.7241379310344827,55.86206896551724
BIOFITEA (SENNA LEAVES 1SENNA POS) SAC,1.0,5.1,0.034482758620689655,3.103448275862069,15.82758620689655,3.7241379310344827,9.49655172413793
BIOFLU SUSPENSION 2.5MG,1.0,130.5,0.034482758620689655,3.103448275862069,405.0,3.7241379310344827,243.0
SQFEN (IBUPROFEN) 200MG/5ML 60ML SUSP,1.0,82.5,0.034482758620689655,3.103448275862069,256.0344827586207,3.7241379310344827,153.6206896551724
MYRA CLASSIC MOISTURIZING LOTION 200ML,1.0,135.0,0.034482758620689655,3.103448275862069,418.9655172413793,3.7241379310344827,251.37931034482756
MYRA CLASSIC WHITENING LOTION 100ML,1.0,105.0,0.034482758620689655,3.103448275862069,325.86206896551727,3.7241379310344827,195.51724137931035
GAVISCON DOUBLE ACTION SAC 10ML,1.0,32.5,0.034482758620689655,3.103448275862069,100.86206896551724,3.7241379310344827,60.51724137931034
GLOMED LATEX GLOVES MEDIUM,1.0,339.28,0.034482758620689655,3.103448275862069,1052.9379310344827,3.7241379310344827,631.7627586206896
GLOMED LATEX GLOVES SMALL,1.0,339.28,0.034482758620689655,3.103448275862069,1052.9379310344827,3.7241379310344827,631.7627586206896
MYRA CLASSIC WHITENING LOTION 200ML,1.0,185.0,0.034482758620689655,3.103448275862069,574.1379310344828,3.7241379310344827,344.48275862068965
MYRA CLASSIC WHITENING LOTION 50ML,1.0,62.75,0.034482758620689655,3.103448275862069,194.74137931034483,3.7241379310344827,116.84482758620689
MYREX SYR 60ML,1.0,26.5,0.034482758620689655,3.103448275862069,82.24137931034483,3.7241379310344827,49.3448275862069
NASATAPP (PHENYLPROPANOLAMINE + BROMPHENIRAMINE HCL) 12.5MG 60ML SYRUP,1.0,131.0,0.034482758620689655,3.103448275862069,406.55172413793105,3.7241379310344827,243.9310344827586
NEBULIZER (SESEMED,1.0,1050.0,0.034482758620689655,3.103448275862069,3258.6206896551726,3.7241379310344827,1955.1724137931035
STERICORT (HYDROCORTISONE SODIUM SUCCINATE) 100MG IV/IM,1.0,85.71,0.034482758620689655,3.103448275862069,265.99655172413793,3.7241379310344827,159.59793103448274
STERICORT (HYDROCORTISONE SODIUM SUCCINATE) 250MG IV/IM,1.0,128.57,0.034482758620689655,3.103448275862069,399.0103448275862,3.7241379310344827,239.4062068965517
STIMUNO 25MG/5ML SYRUP 100ML,1.0,516.0,0.034482758620689655,3.103448275862069,1601.3793103448277,3.7241379310344827,960.8275862068965
STIMUNO 25MG/5ML SYRUP 60ML,1.0,342.0,0.034482758620689655,3.103448275862069,1061.3793103448277,3.7241379310344827,636.8275862068966
STRESSTABS W/. IRON TAB 30&#039;S,1.0,315.0,0.034482758620689655,3.103448275862069,977.5862068965517,3.7241379310344827,586.551724137931
STYLEX EXTREME HOLD (YELLOW) 125G,1.0,33.5,0.034482758620689655,3.103448275862069,103.96551724137932,3.7241379310344827,62.37931034482759
STYLEX NORMAL HOLD (GREEN) 50G,1.0,17.0,0.034482758620689655,3.103448275862069,52.758620689655174,3.7241379310344827,31.655172413793103
SUPER TWINS BABY PANTS XL 8S,1.0,78.75,0.034482758620689655,3.103448275862069,244.39655172413794,3.7241379310344827,146.63793103448276
SURE-GUARD ELASTIC BANDAGE 10X5,1.0,38.5,0.034482758620689655,3.103448275862069,119.48275862068965,3.7241379310344827,71.6896551724138
SURE-GUARD URINE BAG 2L,1.0,35.0,0.034482758620689655,3.103448275862069,108.62068965517241,3.7241379310344827,65.17241379310344
BBFLO NASAL ASPIRATOR,1.0,73.25,0.034482758620689655,3.103448275862069,227.32758620689654,3.7241379310344827,136.3965517241379
BBFLO PETROLEUM JELLY POWDERY FRESH 25G,1.0,48.0,0.034482758620689655,3.103448275862069,148.9655172413793,3.7241379310344827,89.37931034482757
GORTIZONE (HYDROCORTISONE) 250MG IM/IV,1.0,144.0,0.034482758620689655,3.103448275862069,446.8965517241379,3.7241379310344827,268.13793103448273
GREENCROSS 70% 150ML,1.0,37.5,0.034482758620689655,3.103448275862069,116.37931034482759,3.7241379310344827,69.82758620689656
GREENCROSS 70% 500ML,1.0,97.5,0.034482758620689655,3.103448275862069,302.58620689655174,3.7241379310344827,181.55172413793105
GROWEE PEDTECH (MULTIVITAMINS) 15ML DROP,1.0,89.0,0.034482758620689655,3.103448275862069,276.2068965517241,3.7241379310344827,165.72413793103448
MOVELAX 3.3MG/5ML 120ML,1.0,361.5,0.034482758620689655,3.103448275862069,1121.896551724138,3.7241379310344827,673.1379310344827
MYRA 400IU 14S FOR 149,1.0,149.0,0.034482758620689655,3.103448275862069,462.41379310344826,3.7241379310344827,277.44827586206895
BEDPAN PLASTIC,1.0,109.2,0.034482758620689655,3.103448275862069,338.89655172413796,3.7241379310344827,203.33793103448278
BENCH ATLANTIS 75ML BODY SPRAY,1.0,97.5,0.034482758620689655,3.103448275862069,302.58620689655174,3.7241379310344827,181.55172413793105
BENCH BARE ME NOT BODY SPRAY 100ML,1.0,125.5,0.034482758620689655,3.103448275862069,389.48275862068965,3.7241379310344827,233.68965517241378
BENCH DAILY SPELL CLEAN FUN 70ML,1.0,54.0,0.034482758620689655,3.103448275862069,167.58620689655172,3.7241379310344827,100.55172413793103
BENCH EIGHT BODY SPRAY 75ML,1.0,92.0,0.034482758620689655,3.103448275862069,285.51724137931035,3.7241379310344827,171.3103448275862
BENCH MORNING RUSH BODY MIST 70ML,1.0,54.0,0.034482758620689655,3.103448275862069,167.58620689655172,3.7241379310344827,100.55172413793103
Sales Discount Variance,1.0,0.01,0.034482758620689655,3.103448275862069,0.03103448275862069,3.7241379310344827,0.018620689655172412
MENTOPAS PLASTER 1X10,1.0,51.0,0.034482758620689655,3.103448275862069,158.27586206896552,3.7241379310344827,94.96551724137932
HAILEY TAWAS UNSCENTED,1.0,15.0,0.034482758620689655,3.103448275862069,46.55172413793103,3.7241379310344827,27.93103448275862
HOSPITAL BED 2-CRANKS MANUAL,1.0,15600.0,0.034482758620689655,3.103448275862069,48413.793103448275,3.7241379310344827,29048.275862068964
MILCU DEO POWDER 80G,1.0,96.25,0.034482758620689655,3.103448275862069,298.7068965517241,3.7241379310344827,179.22413793103448
MODESS ALL NIGHT W/WINGS 4s,1.0,47.0,0.034482758620689655,3.103448275862069,145.86206896551724,3.7241379310344827,87.51724137931033
MOPIBAC (MUPIROCIN OINTMENT) 2% 5G TUBE,1.0,162.5,0.034482758620689655,3.103448275862069,504.3103448275862,3.7241379310344827,302.58620689655174
GLUMET (METFORMIN HCI) 500MG TAB,1.0,12.0,0.034482758620689655,3.103448275862069,37.241379310344826,3.7241379310344827,22.344827586206893
JOHNSONS BABY OIL ALOE VERA 25ML,1.0,28.25,0.034482758620689655,3.103448275862069,87.67241379310344,3.7241379310344827,52.603448275862064
JOHNSONS BABY OIL LITE 125ML,1.0,96.5,0.034482758620689655,3.103448275862069,299.48275862068965,3.7241379310344827,179.68965517241378
JOHNSONS BLOSSOMS BABY POWDER 25G,1.0,15.0,0.034482758620689655,3.103448275862069,46.55172413793103,3.7241379310344827,27.93103448275862
I-SHIELD ICE BAG 6&#039;,1.0,144.9,0.034482758620689655,3.103448275862069,449.68965517241384,3.7241379310344827,269.8137931034483
IMMUNOSIN (INOSIPLEX) 250MG/5ML SYRUP,1.0,309.75,0.034482758620689655,3.103448275862069,961.2931034482758,3.7241379310344827,576.7758620689655
IPI (ACEITE DE MANZANILLA) 100ML,1.0,42.0,0.034482758620689655,3.103448275862069,130.3448275862069,3.7241379310344827,78.20689655172413
IPI (ACEITE DE MANZANILLA) 50ML,1.0,22.5,0.034482758620689655,3.103448275862069,69.82758620689656,3.7241379310344827,41.89655172413793
IRIS SCISSOR OLTEN 4 1/2,1.0,255.0,0.034482758620689655,3.103448275862069,791.3793103448276,3.7241379310344827,474.8275862068965
TERGECEF 100MG/5ML 30ML SUSP,1.0,781.25,0.034482758620689655,3.103448275862069,2424.5689655172414,3.7241379310344827,1454.7413793103449
B.T. TISYU 12&#039;S 400SH 2P,1.0,176.75,0.034482758620689655,3.103448275862069,548.5344827586207,3.7241379310344827,329.1206896551724
BANDAGE SCISSOR 3 1/2,1.0,147.0,0.034482758620689655,3.103448275862069,456.2068965517241,3.7241379310344827,273.7241379310345
TOOTHACHE DROPS (LAR,1.0,22.0,0.034482758620689655,3.103448275862069,68.27586206896552,3.7241379310344827,40.96551724137931
VOLTAREN EMULGEL 1% 20G,1.0,435.0,0.034482758620689655,3.103448275862069,1350.0,3.7241379310344827,810.0
VOMETA DROPS,1.0,342.0,0.034482758620689655,3.103448275862069,1061.3793103448277,3.7241379310344827,636.8275862068966
WALKER W/O WHEELS,1.0,1800.0,0.034482758620689655,3.103448275862069,5586.206896551724,3.7241379310344827,3351.724137931034
AFICIONADO COOL FANCY RED 55ML,1.0,53.0,0.034482758620689655,3.103448275862069,164.48275862068965,3.7241379310344827,98.6896551724138
ABDOMINAL BINDER (BLUE,1.0,336.0,0.034482758620689655,3.103448275862069,1042.7586206896551,3.7241379310344827,625.655172413793
KATIALIS M 15G,1.0,34.88,0.034482758620689655,3.103448275862069,108.24827586206898,3.7241379310344827,64.94896551724139
LISTERINE TOTAL CARE 100ML,1.0,102.0,0.034482758620689655,3.103448275862069,316.55172413793105,3.7241379310344827,189.93103448275863
LISTERINE TOTAL CARE 250ML,1.0,174.0,0.034482758620689655,3.103448275862069,540.0,3.7241379310344827,324.0
LS BL SOAP 115G,1.0,42.0,0.034482758620689655,3.103448275862069,130.3448275862069,3.7241379310344827,78.20689655172413
LUSTATIN 10 (ROSUVASTATIN CALCIUM) 10MG TAB,1.0,18.25,0.034482758620689655,3.103448275862069,56.63793103448276,3.7241379310344827,33.98275862068966
JOHNSONS BABY OIL 125ML,1.0,89.5,0.034482758620689655,3.103448275862069,277.7586206896552,3.7241379310344827,166.6551724137931
JOHNSONS BABY OIL 50ML,1.0,45.0,0.034482758620689655,3.103448275862069,139.6551724137931,3.7241379310344827,83.79310344827586
JOHNSONS BABY OIL ALOE VERA 125ML,1.0,99.25,0.034482758620689655,3.103448275862069,308.01724137931035,3.7241379310344827,184.8103448275862
AXE DEO SPRAY GOLD TEMPTATION 50ML,1.0,103.0,0.034482758620689655,3.103448275862069,319.6551724137931,3.7241379310344827,191.79310344827584
KAMILLOSAN NM SPRAY 370.5MG 15ML,1.0,428.3,0.034482758620689655,3.103448275862069,1329.2068965517242,3.7241379310344827,797.5241379310345
KLAZ (CLARITHROMYCIN) 250MG/5ML SUS 70ML,1.0,1253.25,0.034482758620689655,3.103448275862069,3889.396551724138,3.7241379310344827,2333.637931034483
KNEE SUPPORT (ELASTIC) L,1.0,608.0,0.034482758620689655,3.103448275862069,1886.896551724138,3.7241379310344827,1132.1379310344828
KNEE SUPPORT 704 IM XL,1.0,1980.0,0.034482758620689655,3.103448275862069,6144.827586206897,3.7241379310344827,3686.8965517241377
ALLERKID 2.5MG DROPS 10ML,1.0,165.0,0.034482758620689655,3.103448275862069,512.0689655172414,3.7241379310344827,307.2413793103448
VICKS BABY RUB 20G,1.0,100.0,0.034482758620689655,3.103448275862069,310.3448275862069,3.7241379310344827,186.20689655172416
VICKS INHALER KEY CHAIN,1.0,83.0,0.034482758620689655,3.103448275862069,257.58620689655174,3.7241379310344827,154.55172413793105
AFICIONADO ICY DIVE 55ML,1.0,53.0,0.034482758620689655,3.103448275862069,164.48275862068965,3.7241379310344827,98.6896551724138
ALTHEA PILLS,1.0,433.0,0.034482758620689655,3.103448275862069,1343.7931034482758,3.7241379310344827,806.2758620689655
AMLOREX (AMLODIPINE) 5MG TAB,1.0,1.85,0.034482758620689655,3.103448275862069,5.741379310344827,3.7241379310344827,3.4448275862068964
ANEROID SPHYGMO W/ STET (PROHEALTH,1.0,900.0,0.034482758620689655,3.103448275862069,2793.103448275862,3.7241379310344827,1675.862068965517
ANORO ELLIPTA 62.5/25MCG,1.0,2865.0,0.034482758620689655,3.103448275862069,8891.379310344828,3.7241379310344827,5334.827586206897
