Date,Receipt,SO,Item Code,Description,Expiration Date,Qty,Unit,Discount,Sales,Cost,Profit,Payment,Cashier ID,_row_id,error_reason,error_stage
Grand Total,,,,,4824,,"286,353.31",,"286,353.31","108,701.96","52,045.37","287,728.68",,4824,summary/total row matched 'grand total',pre-map
,,,,,,,<na>,,34.5,6.16,3.68,,,2,financial data present but missing supporting fields,remove_incomplete_rows
,,,,,,,<na>,,197.01,152.8,44.21,,,7,financial data present but missing supporting fields,remove_incomplete_rows
,,,,,,,<na>,,412.5,55.0,82.5,,,11,financial data present but missing supporting fields,remove_incomplete_rows
,,,,,,,<na>,,309.7,71.39,85.52,,,24,financial data present but missing supporting fields,remove_incomplete_rows
,,,,,,,<na>,,87.84,40.92,12.3,,,31,financial data present but missing supporting fields,remove_incomplete_rows
,,,,,,,<na>,,35.0,7.43,5.28,,,35,financial data present but missing supporting fields,remove_incomplete_rows
,,,,,,,<na>,,144.64,45.0,54.64,,,40,financial data present but missing supporting fields,remove_incomplete_rows
,,,,,,,<na>,,15.0,0.65,11.1,,,44,financial data present but missing supporting fields,remove_incomplete_rows
,,,,,,,<na>,,11.0,6.0,5.0,,,48,financial data present but missing supporting fields,remove_incomplete_rows
,,,,,,,<na>,,102.5,39.0,63.5,,,53,financial data present but missing supporting fields,remove_incomplete_rows
,,,,,,,<na>,,108.0,89.25,18.75,,,57,financial data present but missing supporting fields,remove_incomplete_rows
,,,,,,,<na>,,99.0,85.61,13.39,,,61,financial data present but missing supporting fields,remove_incomplete_rows
,,,,,,,<na>,,121.43,58.0,63.43,,,65,financial data present but missing supporting fields,remove_incomplete_rows
,,,,,,,<na>,,109.25,90.56,18.69,,,69,financial data present but missing supporting fields,remove_incomplete_rows
,,,,,,,<na>,,1296.4,27.15,302.17,,,75,financial data present but missing supporting fields,remove_incomplete_rows
,,,,,,,<na>,,190.0,19.48,-4.8,,,79,financial data present but missing supporting fields,remove_incomplete_rows
,,,,,,,<na>,,519.25,467.19,52.06,,,83,financial data present but missing supporting fields,remove_incomplete_rows
,,,,,,,<na>,,44.0,18.38,7.24,,,87,financial data present but missing supporting fields,remove_incomplete_rows
,,,,,,,<na>,,80.0,1.26,48.5,,,91,financial data present but missing supporting fields,remove_incomplete_rows
,,,,,,,<na>,,140.0,6.32,-175.86,,,95,financial data present but missing supporting fields,remove_incomplete_rows
,,,,,,,<na>,,994.58,91.94,268.26,,,104,financial data present but missing supporting fields,remove_incomplete_rows
,,,,,,,<na>,,54.0,49.0,5.0,,,108,financial data present but missing supporting fields,remove_incomplete_rows
,,,,,,,<na>,,19.2,3.84,11.52,,,112,financial data present but missing supporting fields,remove_incomplete_rows
,,,,,,,<na>,,-51.75,-14.23,-9.06,,,116,financial data present but missing supporting fields,remove_incomplete_rows
,,,,,,,<na>,,20.0,4.05,-0.23,,,120,financial data present but missing supporting fields,remove_incomplete_rows
,,,,,,,<na>,,219.8,40.15,51.26,,,127,financial data present but missing supporting fields,remove_incomplete_rows
,,,,,,,<na>,,37.06,16.85,3.37,,,131,financial data present but missing supporting fields,remove_incomplete_rows
,,,,,,,<na>,,11.0,1.47,8.05,,,135,financial data present but missing supporting fields,remove_incomplete_rows
,,,,,,,<na>,,70.0,2.8,42.0,,,139,financial data present but missing supporting fields,remove_incomplete_rows
,,,,,,,<na>,,167.76,139.8,27.96,,,143,financial data present but missing supporting fields,remove_incomplete_rows
,,,,,,,<na>,,260.0,10.34,53.25,,,149,financial data present but missing supporting fields,remove_incomplete_rows
,,,,,,,<na>,,76.25,70.8,5.45,,,154,financial data present but missing supporting fields,remove_incomplete_rows
,,,,,,,<na>,,75.75,6.51,38.8,,,160,financial data present but missing supporting fields,remove_incomplete_rows
,,,,,,,<na>,,18.0,10.71,7.29,,,164,financial data present but missing supporting fields,remove_incomplete_rows
,,,,,,,<na>,,80.0,3.57,8.6,,,172,financial data present but missing supporting fields,remove_incomplete_rows
,,,,,,,<na>,,29.4,14.0,15.4,,,176,financial data present but missing supporting fields,remove_incomplete_rows
,,,,,,,<na>,,40.0,14.0,26.0,,,180,financial data present but missing supporting fields,remove_incomplete_rows
,,,,,,,<na>,,120.0,36.56,42.32,,,185,financial data present but missing supporting fields,remove_incomplete_rows
,,,,,,,<na>,,130.16,5.99,67.84,,,190,financial data present but missing supporting fields,remove_incomplete_rows
,,,,,,,<na>,,900.0,450.0,450.0,,,194,financial data present but missing supporting fields,remove_incomplete_rows
,,,,,,,<na>,,231.92,7.74,121.12,,,201,financial data present but missing supporting fields,remove_incomplete_rows
,,,,,,,<na>,,737.44,92.58,139.25,,,212,financial data present but missing supporting fields,remove_incomplete_rows
,,,,,,,<na>,,545.85,52.6,72.47,,,218,financial data present but missing supporting fields,remove_incomplete_rows
,,,,,,,<na>,,75.0,3.0,45.0,,,222,financial data present but missing supporting fields,remove_incomplete_rows
,,,,,,,<na>,,22.0,6.0,10.0,,,226,financial data present but missing supporting fields,remove_incomplete_rows
,,,,,,,<na>,,48.5,40.33,8.17,,,230,financial data present but missing supporting fields,remove_incomplete_rows
,,,,,,,<na>,,48.5,40.33,8.17,,,234,financial data present but missing supporting fields,remove_incomplete_rows
,,,,,,,<na>,,48.5,40.33,8.17,,,238,financial data present but missing supporting fields,remove_incomplete_rows
,,,,,,,<na>,,105.5,67.19,8.73,,,245,financial data present but missing supporting fields,remove_incomplete_rows
,,,,,,,<na>,,105.5,68.61,10.14,,,252,financial data present but missing supporting fields,remove_incomplete_rows
,,,,,,,<na>,,37.5,6.58,-1.98,,,256,financial data present but missing supporting fields,remove_incomplete_rows
,,,,,,,<na>,,37.5,5.66,3.54,,,260,financial data present but missing supporting fields,remove_incomplete_rows
,,,,,,,<na>,,324.0,267.0,-7686.0,,,264,financial data present but missing supporting fields,remove_incomplete_rows
,,,,,,,<na>,,324.0,8.65,64.5,,,268,financial data present but missing supporting fields,remove_incomplete_rows
,,,,,,,<na>,,82.5,6.6,16.5,,,272,financial data present but missing supporting fields,remove_incomplete_rows
,,,,,,,<na>,,82.5,7.27,9.78,,,276,financial data present but missing supporting fields,remove_incomplete_rows
,,,,,,,<na>,,104.0,59.98,18.41,,,281,financial data present but missing supporting fields,remove_incomplete_rows
,,,,,,,<na>,,104.0,62.22,29.45,,,286,financial data present but missing supporting fields,remove_incomplete_rows
,,,,,,,<na>,,16.0,4.05,-0.18,,,290,financial data present but missing supporting fields,remove_incomplete_rows
,,,,,,,<na>,,186.43,154.87,31.56,,,295,financial data present but missing supporting fields,remove_incomplete_rows
,,,,,,,<na>,,385.0,250.0,135.0,,,299,financial data present but missing supporting fields,remove_incomplete_rows
,,,,,,,<na>,,175.0,7.43,26.41,,,303,financial data present but missing supporting fields,remove_incomplete_rows
,,,,,,,<na>,,489.7,41.0,79.7,,,308,financial data present but missing supporting fields,remove_incomplete_rows
,,,,,,,<na>,,15.5,11.79,3.71,,,312,financial data present but missing supporting fields,remove_incomplete_rows
,,,,,,,<na>,,20.0,3.57,2.15,,,316,financial data present but missing supporting fields,remove_incomplete_rows
,,,,,,,<na>,,79.6,11.78,28.59,,,321,financial data present but missing supporting fields,remove_incomplete_rows
,,,,,,,<na>,,30.0,0.32,26.8,,,325,financial data present but missing supporting fields,remove_incomplete_rows
,,,,,,,<na>,,180.85,29.45,33.6,,,331,financial data present but missing supporting fields,remove_incomplete_rows
,,,,,,,<na>,,147.0,29.45,29.2,,,335,financial data present but missing supporting fields,remove_incomplete_rows
,,,,,,,<na>,,80.5,31.53,17.44,,,339,financial data present but missing supporting fields,remove_incomplete_rows
,,,,,,,<na>,,840.0,356.7,333.0,,,345,financial data present but missing supporting fields,remove_incomplete_rows
,,,,,,,<na>,,66.0,30.23,5.55,,,349,financial data present but missing supporting fields,remove_incomplete_rows
,,,,,,,<na>,,39.84,17.94,3.96,,,353,financial data present but missing supporting fields,remove_incomplete_rows
,,,,,,,<na>,,87.9,49.68,25.3,,,358,financial data present but missing supporting fields,remove_incomplete_rows
,,,,,,,<na>,,31.2,1.3,18.2,,,363,financial data present but missing supporting fields,remove_incomplete_rows
,,,,,,,<na>,,52.5,4.72,5.33,,,367,financial data present but missing supporting fields,remove_incomplete_rows
,,,,,,,<na>,,160.75,82.01,52.74,,,376,financial data present but missing supporting fields,remove_incomplete_rows
,,,,,,,<na>,,983.82,25.92,-1.14,,,384,financial data present but missing supporting fields,remove_incomplete_rows
,,,,,,,<na>,,821.75,36.0,101.75,,,388,financial data present but missing supporting fields,remove_incomplete_rows
,,,,,,,<na>,,27.0,3.27,13.92,,,392,financial data present but missing supporting fields,remove_incomplete_rows
,,,,,,,<na>,,45.75,24.4,6.29,,,397,financial data present but missing supporting fields,remove_incomplete_rows
,,,,,,,<na>,,51.0,0.68,30.6,,,401,financial data present but missing supporting fields,remove_incomplete_rows
,,,,,,,<na>,,197.0,33.94,23.36,,,406,financial data present but missing supporting fields,remove_incomplete_rows
,,,,,,,<na>,,86.0,39.0,39.0,,,411,financial data present but missing supporting fields,remove_incomplete_rows
,,,,,,,<na>,,31.75,24.99,6.76,,,415,financial data present but missing supporting fields,remove_incomplete_rows
,,,,,,,<na>,,186.88,73.62,6.95,,,423,financial data present but missing supporting fields,remove_incomplete_rows
,,,,,,,<na>,,49.6,11.13,5.09,,,427,financial data present but missing supporting fields,remove_incomplete_rows
,,,,,,,<na>,,43.5,20.32,2.85,,,431,financial data present but missing supporting fields,remove_incomplete_rows
,,,,,,,<na>,,-209.0,-38.0,-19.0,,,435,financial data present but missing supporting fields,remove_incomplete_rows
,,,,,,,<na>,,-1463.0,-38.0,-133.0,,,439,financial data present but missing supporting fields,remove_incomplete_rows
,,,,,,,<na>,,30.0,20.56,9.44,,,443,financial data present but missing supporting fields,remove_incomplete_rows
,,,,,,,<na>,,117.0,69.0,48.0,,,447,financial data present but missing supporting fields,remove_incomplete_rows
,,,,,,,<na>,,68.0,59.67,8.33,,,451,financial data present but missing supporting fields,remove_incomplete_rows
,,,,,,,<na>,,15.5,11.79,3.71,,,455,financial data present but missing supporting fields,remove_incomplete_rows
,,,,,,,<na>,,199.0,60.63,16.21,,,460,financial data present but missing supporting fields,remove_incomplete_rows
,,,,,,,<na>,,690.0,4.74,120.66,,,464,financial data present but missing supporting fields,remove_incomplete_rows
,,,,,,,<na>,,109.5,101.98,7.53,,,469,financial data present but missing supporting fields,remove_incomplete_rows
,,,,,,,<na>,,54.0,10.71,21.86,,,473,financial data present but missing supporting fields,remove_incomplete_rows
,,,,,,,<na>,,115.0,104.75,10.25,,,477,financial data present but missing supporting fields,remove_incomplete_rows
,,,,,,,<na>,,1672.0,38.0,152.0,,,481,financial data present but missing supporting fields,remove_incomplete_rows
,,,,,,,<na>,,20.0,1.69,13.25,,,485,financial data present but missing supporting fields,remove_incomplete_rows
,,,,,,,<na>,,329.8,29.71,32.7,,,490,financial data present but missing supporting fields,remove_incomplete_rows
,,,,,,,<na>,,35.0,5.66,6.7,,,494,financial data present but missing supporting fields,remove_incomplete_rows
,,,,,,,<na>,,45.0,0.6,27.0,,,498,financial data present but missing supporting fields,remove_incomplete_rows
,,,,,,,<na>,,35.0,5.66,6.7,,,502,financial data present but missing supporting fields,remove_incomplete_rows
,,,,,,,<na>,,504.56,20.92,-20.38,,,508,financial data present but missing supporting fields,remove_incomplete_rows
,,,,,,,<na>,,610.8,278.68,40.67,,,515,financial data present but missing supporting fields,remove_incomplete_rows
,,,,,,,<na>,,1254.0,38.0,114.0,,,519,financial data present but missing supporting fields,remove_incomplete_rows
,,,,,,,<na>,,414.0,14.23,-12.9,,,523,financial data present but missing supporting fields,remove_incomplete_rows
,,,,,,,<na>,,1486.0,338.84,502.78,,,532,financial data present but missing supporting fields,remove_incomplete_rows
,,,,,,,<na>,,31.75,24.99,6.76,,,536,financial data present but missing supporting fields,remove_incomplete_rows
,,,,,,,<na>,,180.0,44.43,75.4,,,542,financial data present but missing supporting fields,remove_incomplete_rows
,,,,,,,<na>,,80.0,3.57,8.6,,,546,financial data present but missing supporting fields,remove_incomplete_rows
,,,,,,,<na>,,167.8,53.29,67.88,,,552,financial data present but missing supporting fields,remove_incomplete_rows
,,,,,,,<na>,,960.85,671.28,62.02,,,559,financial data present but missing supporting fields,remove_incomplete_rows
,,,,,,,<na>,,990.85,594.6,168.79,,,567,financial data present but missing supporting fields,remove_incomplete_rows
,,,,,,,<na>,,625.5,124.06,88.1,,,572,financial data present but missing supporting fields,remove_incomplete_rows
,,,,,,,<na>,,53.9,49.0,4.9,,,576,financial data present but missing supporting fields,remove_incomplete_rows
,,,,,,,<na>,,801.72,35.74,18.12,,,582,financial data present but missing supporting fields,remove_incomplete_rows
,,,,,,,<na>,,169.1,15.5,14.1,,,586,financial data present but missing supporting fields,remove_incomplete_rows
,,,,,,,<na>,,533.0,191.82,69.29,,,592,financial data present but missing supporting fields,remove_incomplete_rows
,,,,,,,<na>,,40.5,3.27,20.88,,,596,financial data present but missing supporting fields,remove_incomplete_rows
,,,,,,,<na>,,5760.0,3199.0,2561.0,,,600,financial data present but missing supporting fields,remove_incomplete_rows
,,,,,,,<na>,,90.0,20.56,28.32,,,604,financial data present but missing supporting fields,remove_incomplete_rows
,,,,,,,<na>,,97.5,1.55,58.75,,,608,financial data present but missing supporting fields,remove_incomplete_rows
,,,,,,,<na>,,31.5,4.72,3.2,,,612,financial data present but missing supporting fields,remove_incomplete_rows
,,,,,,,<na>,,119.5,96.3,23.2,,,616,financial data present but missing supporting fields,remove_incomplete_rows
,,,,,,,<na>,,230.0,20.17,28.29,,,620,financial data present but missing supporting fields,remove_incomplete_rows
,,,,,,,<na>,,177.25,9.65,114.01,,,626,financial data present but missing supporting fields,remove_incomplete_rows
,,,,,,,<na>,,111.92,100.83,11.09,,,630,financial data present but missing supporting fields,remove_incomplete_rows
,,,,,,,<na>,,20.0,3.57,2.15,,,634,financial data present but missing supporting fields,remove_incomplete_rows
,,,,,,,<na>,,51.75,43.24,8.51,,,638,financial data present but missing supporting fields,remove_incomplete_rows
,,,,,,,<na>,,178.0,161.68,16.32,,,642,financial data present but missing supporting fields,remove_incomplete_rows
,,,,,,,<na>,,10.0,0.96,6.16,,,646,financial data present but missing supporting fields,remove_incomplete_rows
,,,,,,,<na>,,508.0,231.93,75.91,,,656,financial data present but missing supporting fields,remove_incomplete_rows
,,,,,,,<na>,,114.5,80.17,10.75,,,661,financial data present but missing supporting fields,remove_incomplete_rows
,,,,,,,<na>,,199.0,107.29,65.71,,,672,financial data present but missing supporting fields,remove_incomplete_rows
,,,,,,,<na>,,236.6,23.84,-1.8,,,676,financial data present but missing supporting fields,remove_incomplete_rows
,,,,,,,<na>,,128.0,8.98,38.21,,,680,financial data present but missing supporting fields,remove_incomplete_rows
,,,,,,,<na>,,29.0,25.58,3.42,,,684,financial data present but missing supporting fields,remove_incomplete_rows
,,,,,,,<na>,,55.0,11.0,7.43,,,689,financial data present but missing supporting fields,remove_incomplete_rows
,,,,,,,<na>,,83.0,75.45,7.55,,,693,financial data present but missing supporting fields,remove_incomplete_rows
,,,,,,,<na>,,3096.0,2858.33,237.67,,,697,financial data present but missing supporting fields,remove_incomplete_rows
,,,,,,,<na>,,15.0,9.2,5.8,,,701,financial data present but missing supporting fields,remove_incomplete_rows
,,,,,,,<na>,,15.0,7.87,7.13,,,705,financial data present but missing supporting fields,remove_incomplete_rows
,,,,,,,<na>,,70.0,3.99,30.06,,,710,financial data present but missing supporting fields,remove_incomplete_rows
,,,,,,,<na>,,70.5,62.07,8.43,,,714,financial data present but missing supporting fields,remove_incomplete_rows
,,,,,,,<na>,,410.0,93.89,106.66,,,719,financial data present but missing supporting fields,remove_incomplete_rows
,,,,,,,<na>,,18.0,10.71,7.29,,,723,financial data present but missing supporting fields,remove_incomplete_rows
,,,,,,,<na>,,180.25,90.98,63.27,,,733,financial data present but missing supporting fields,remove_incomplete_rows
,,,,,,,<na>,,16.07,16.31,-0.24,,,737,financial data present but missing supporting fields,remove_incomplete_rows
,,,,,,,<na>,,22.0,9.7,2.6,,,741,financial data present but missing supporting fields,remove_incomplete_rows
,,,,,,,<na>,,13.0,11.7,1.3,,,745,financial data present but missing supporting fields,remove_incomplete_rows
,,,,,,,<na>,,1616.32,104.12,215.23,,,753,financial data present but missing supporting fields,remove_incomplete_rows
,,,,,,,<na>,,121.43,58.0,63.43,,,757,financial data present but missing supporting fields,remove_incomplete_rows
,,,,,,,<na>,,40.0,8.65,5.4,,,761,financial data present but missing supporting fields,remove_incomplete_rows
,,,,,,,<na>,,191.75,115.62,25.19,,,766,financial data present but missing supporting fields,remove_incomplete_rows
,,,,,,,<na>,,110.25,91.8,18.45,,,770,financial data present but missing supporting fields,remove_incomplete_rows
,,,,,,,<na>,,275.0,55.0,55.0,,,774,financial data present but missing supporting fields,remove_incomplete_rows
,,,,,,,<na>,,1256.36,93.8,74.41,,,779,financial data present but missing supporting fields,remove_incomplete_rows
,,,,,,,<na>,,20.0,0.5,15.0,,,783,financial data present but missing supporting fields,remove_incomplete_rows
,,,,,,,<na>,,770.0,250.0,270.0,,,787,financial data present but missing supporting fields,remove_incomplete_rows
,,,,,,,<na>,,35.0,0.7,28.0,,,791,financial data present but missing supporting fields,remove_incomplete_rows
,,,,,,,<na>,,363.43,128.5,-22.07,,,795,financial data present but missing supporting fields,remove_incomplete_rows
,,,,,,,<na>,,268.8,5.26,158.35,,,800,financial data present but missing supporting fields,remove_incomplete_rows
,,,,,,,<na>,,3096.0,2858.33,237.67,,,804,financial data present but missing supporting fields,remove_incomplete_rows
,,,,,,,<na>,,340.0,29.03,49.71,,,809,financial data present but missing supporting fields,remove_incomplete_rows
,,,,,,,<na>,,36.0,29.7,6.3,,,813,financial data present but missing supporting fields,remove_incomplete_rows
,,,,,,,<na>,,77.25,21.45,55.8,,,819,financial data present but missing supporting fields,remove_incomplete_rows
,,,,,,,<na>,,40.0,3.57,4.3,,,823,financial data present but missing supporting fields,remove_incomplete_rows
,,,,,,,<na>,,1437.6,55.4,-148.58,,,829,financial data present but missing supporting fields,remove_incomplete_rows
,,,,,,,<na>,,36.25,30.09,6.16,,,833,financial data present but missing supporting fields,remove_incomplete_rows
,,,,,,,<na>,,416.0,23.35,40.96,,,838,financial data present but missing supporting fields,remove_incomplete_rows
,,,,,,,<na>,,53.9,49.0,4.9,,,842,financial data present but missing supporting fields,remove_incomplete_rows
,,,,,,,<na>,,231.0,33.48,30.12,,,846,financial data present but missing supporting fields,remove_incomplete_rows
,,,,,,,<na>,,30.0,0.42,25.76,,,850,financial data present but missing supporting fields,remove_incomplete_rows
,,,,,,,<na>,,108.0,87.96,20.04,,,854,financial data present but missing supporting fields,remove_incomplete_rows
,,,,,,,<na>,,68.15,45.98,22.17,,,860,financial data present but missing supporting fields,remove_incomplete_rows
,,,,,,,<na>,,154.75,92.11,62.64,,,865,financial data present but missing supporting fields,remove_incomplete_rows
,,,,,,,<na>,,385.0,250.0,135.0,,,869,financial data present but missing supporting fields,remove_incomplete_rows
,,,,,,,<na>,,311.5,72.98,56.38,,,877,financial data present but missing supporting fields,remove_incomplete_rows
,,,,,,,<na>,,53.6,2.5,28.6,,,881,financial data present but missing supporting fields,remove_incomplete_rows
,,,,,,,<na>,,154.0,140.72,13.28,,,885,financial data present but missing supporting fields,remove_incomplete_rows
,,,,,,,<na>,,25.0,5.66,2.36,,,889,financial data present but missing supporting fields,remove_incomplete_rows
,,,,,,,<na>,,45.0,1.6,29.0,,,893,financial data present but missing supporting fields,remove_incomplete_rows
,,,,,,,<na>,,77.5,34.59,8.31,,,897,financial data present but missing supporting fields,remove_incomplete_rows
,,,,,,,<na>,,253.0,221.81,31.19,,,901,financial data present but missing supporting fields,remove_incomplete_rows
,,,,,,,<na>,,103.23,71.39,28.51,,,913,financial data present but missing supporting fields,remove_incomplete_rows
,,,,,,,<na>,,537.22,82.96,70.25,,,918,financial data present but missing supporting fields,remove_incomplete_rows
,,,,,,,<na>,,75.0,59.16,15.84,,,922,financial data present but missing supporting fields,remove_incomplete_rows
,,,,,,,<na>,,151.2,8.44,16.23,,,926,financial data present but missing supporting fields,remove_incomplete_rows
,,,,,,,<na>,,30.0,0.42,25.76,,,930,financial data present but missing supporting fields,remove_incomplete_rows
,,,,,,,<na>,,319.0,233.65,36.26,,,937,financial data present but missing supporting fields,remove_incomplete_rows
,,,,,,,<na>,,194.0,16.79,26.11,,,942,financial data present but missing supporting fields,remove_incomplete_rows
,,,,,,,<na>,,427.5,136.55,52.97,,,948,financial data present but missing supporting fields,remove_incomplete_rows
,,,,,,,<na>,,40.0,3.57,4.3,,,952,financial data present but missing supporting fields,remove_incomplete_rows
,,,,,,,<na>,,34.5,27.56,6.94,,,956,financial data present but missing supporting fields,remove_incomplete_rows
,,,,,,,<na>,,29.75,24.4,5.35,,,960,financial data present but missing supporting fields,remove_incomplete_rows
,,,,,,,<na>,,16.74,15.22,1.52,,,964,financial data present but missing supporting fields,remove_incomplete_rows
,,,,,,,<na>,,112.5,30.98,51.28,,,969,financial data present but missing supporting fields,remove_incomplete_rows
,,,,,,,<na>,,53.0,25.26,2.48,,,973,financial data present but missing supporting fields,remove_incomplete_rows
,,,,,,,<na>,,30.0,0.42,25.76,,,977,financial data present but missing supporting fields,remove_incomplete_rows
,,,,,,,<na>,,146.25,65.0,81.25,,,981,financial data present but missing supporting fields,remove_incomplete_rows
,,,,,,,<na>,,156.75,19.06,45.69,,,986,financial data present but missing supporting fields,remove_incomplete_rows
,,,,,,,<na>,,383.84,25.17,132.17,,,995,financial data present but missing supporting fields,remove_incomplete_rows
,,,,,,,<na>,,250.0,8.65,241.35,,,999,financial data present but missing supporting fields,remove_incomplete_rows
,,,,,,,<na>,,138.0,14.23,-4.3,,,1003,financial data present but missing supporting fields,remove_incomplete_rows
,,,,,,,<na>,,535.0,48.44,50.62,,,1007,financial data present but missing supporting fields,remove_incomplete_rows
,,,,,,,<na>,,75.0,5.6,19.0,,,1011,financial data present but missing supporting fields,remove_incomplete_rows
,,,,,,,<na>,,70.5,62.07,8.43,,,1015,financial data present but missing supporting fields,remove_incomplete_rows
,,,,,,,<na>,,77.0,1.47,56.36,,,1019,financial data present but missing supporting fields,remove_incomplete_rows
,,,,,,,<na>,,15.9,4.72,1.75,,,1024,financial data present but missing supporting fields,remove_incomplete_rows
,,,,,,,<na>,,171.42,14.0,87.42,,,1029,financial data present but missing supporting fields,remove_incomplete_rows
,,,,,,,<na>,,119.5,96.3,23.2,,,1033,financial data present but missing supporting fields,remove_incomplete_rows
,,,,,,,<na>,,315.0,150.0,165.0,,,1037,financial data present but missing supporting fields,remove_incomplete_rows
,,,,,,,<na>,,16.0,3.57,1.72,,,1041,financial data present but missing supporting fields,remove_incomplete_rows
,,,,,,,<na>,,100.0,35.96,45.81,,,1046,financial data present but missing supporting fields,remove_incomplete_rows
,,,,,,,<na>,,30.0,20.56,9.44,,,1050,financial data present but missing supporting fields,remove_incomplete_rows
,,,,,,,<na>,,106.5,30.91,13.78,,,1054,financial data present but missing supporting fields,remove_incomplete_rows
,,,,,,,<na>,,713.25,75.05,37.8,,,1058,financial data present but missing supporting fields,remove_incomplete_rows
,,,,,,,<na>,,274.75,234.91,39.84,,,1064,financial data present but missing supporting fields,remove_incomplete_rows
,,,,,,,<na>,,312.48,23.5,147.98,,,1068,financial data present but missing supporting fields,remove_incomplete_rows
,,,,,,,<na>,,196.0,8.64,135.53,,,1072,financial data present but missing supporting fields,remove_incomplete_rows
,,,,,,,<na>,,92.5,86.63,5.88,,,1076,financial data present but missing supporting fields,remove_incomplete_rows
,,,,,,,<na>,,158.07,82.01,50.06,,,1085,financial data present but missing supporting fields,remove_incomplete_rows
,,,,,,,<na>,,102.0,30.67,9.99,,,1089,financial data present but missing supporting fields,remove_incomplete_rows
,,,,,,,<na>,,77.5,34.59,8.31,,,1093,financial data present but missing supporting fields,remove_incomplete_rows
,,,,,,,<na>,,86.7,24.22,11.47,,,1099,financial data present but missing supporting fields,remove_incomplete_rows
,,,,,,,<na>,,27.0,3.27,13.92,,,1103,financial data present but missing supporting fields,remove_incomplete_rows
,,,,,,,<na>,,621.36,25.92,-156.24,,,1107,financial data present but missing supporting fields,remove_incomplete_rows
,,,,,,,<na>,,69.0,60.85,8.15,,,1111,financial data present but missing supporting fields,remove_incomplete_rows
,,,,,,,<na>,,18.0,0.32,16.08,,,1115,financial data present but missing supporting fields,remove_incomplete_rows
,,,,,,,<na>,,170.0,30.54,17.3,,,1119,financial data present but missing supporting fields,remove_incomplete_rows
,,,,,,,<na>,,57.5,13.05,-7.75,,,1123,financial data present but missing supporting fields,remove_incomplete_rows
,,,,,,,<na>,,2023.06,158.77,-199.68,,,1130,financial data present but missing supporting fields,remove_incomplete_rows
,,,,,,,<na>,,577.5,382.8,66.7,,,1136,financial data present but missing supporting fields,remove_incomplete_rows
,,,,,,,<na>,,111.6,7.7,34.6,,,1140,financial data present but missing supporting fields,remove_incomplete_rows
,,,,,,,<na>,,15.0,7.87,7.13,,,1144,financial data present but missing supporting fields,remove_incomplete_rows
,,,,,,,<na>,,46.5,20.87,4.77,,,1148,financial data present but missing supporting fields,remove_incomplete_rows
,,,,,,,<na>,,155.75,141.5,14.25,,,1152,financial data present but missing supporting fields,remove_incomplete_rows
,,,,,,,<na>,,100.25,91.1,9.15,,,1157,financial data present but missing supporting fields,remove_incomplete_rows
,,,,,,,<na>,,22.0,26.48,-4.48,,,1161,financial data present but missing supporting fields,remove_incomplete_rows
,,,,,,,<na>,,16.5,7.15,2.19,,,1165,financial data present but missing supporting fields,remove_incomplete_rows
,,,,,,,<na>,,1942.5,147.03,312.55,,,1172,financial data present but missing supporting fields,remove_incomplete_rows
,,,,,,,<na>,,204.75,170.85,33.9,,,1178,financial data present but missing supporting fields,remove_incomplete_rows
,,,,,,,<na>,,39.84,17.94,3.96,,,1182,financial data present but missing supporting fields,remove_incomplete_rows
,,,,,,,<na>,,40.0,14.0,26.0,,,1186,financial data present but missing supporting fields,remove_incomplete_rows
,,,,,,,<na>,,465.5,395.79,69.71,,,1195,financial data present but missing supporting fields,remove_incomplete_rows
,,,,,,,<na>,,60.0,0.42,51.52,,,1199,financial data present but missing supporting fields,remove_incomplete_rows
,,,,,,,<na>,,46.5,20.87,4.77,,,1203,financial data present but missing supporting fields,remove_incomplete_rows
,,,,,,,<na>,,-154.0,-140.72,-13.28,,,1207,financial data present but missing supporting fields,remove_incomplete_rows
,,,,,,,<na>,,410.0,369.0,41.0,,,1211,financial data present but missing supporting fields,remove_incomplete_rows
,,,,,,,<na>,,50.75,42.6,8.15,,,1215,financial data present but missing supporting fields,remove_incomplete_rows
,,,,,,,<na>,,196.0,6.48,117.6,,,1220,financial data present but missing supporting fields,remove_incomplete_rows
,,,,,,,<na>,,18.0,10.71,7.29,,,1224,financial data present but missing supporting fields,remove_incomplete_rows
,,,,,,,<na>,,29.0,26.19,2.81,,,1228,financial data present but missing supporting fields,remove_incomplete_rows
,,,,,,,<na>,,21.8,9.35,3.1,,,1232,financial data present but missing supporting fields,remove_incomplete_rows
,,,,,,,<na>,,53.0,25.26,2.48,,,1236,financial data present but missing supporting fields,remove_incomplete_rows
,,,,,,,<na>,,85.0,7.53,9.7,,,1240,financial data present but missing supporting fields,remove_incomplete_rows
,,,,,,,<na>,,196.32,107.29,63.03,,,1251,financial data present but missing supporting fields,remove_incomplete_rows
,,,,,,,<na>,,40.0,3.57,4.3,,,1255,financial data present but missing supporting fields,remove_incomplete_rows
,,,,,,,<na>,,110.25,29.45,21.9,,,1259,financial data present but missing supporting fields,remove_incomplete_rows
,,,,,,,<na>,,452.25,412.95,39.3,,,1264,financial data present but missing supporting fields,remove_incomplete_rows
,,,,,,,<na>,,165.0,145.53,19.47,,,1268,financial data present but missing supporting fields,remove_incomplete_rows
,,,,,,,<na>,,303.85,54.45,31.6,,,1272,financial data present but missing supporting fields,remove_incomplete_rows
,,,,,,,<na>,,931.0,47.5,168.0,,,1277,financial data present but missing supporting fields,remove_incomplete_rows
,,,,,,,<na>,,88.0,61.17,26.83,,,1282,financial data present but missing supporting fields,remove_incomplete_rows
,,,,,,,<na>,,30.0,0.42,25.76,,,1286,financial data present but missing supporting fields,remove_incomplete_rows
,,,,,,,<na>,,20.0,3.57,2.15,,,1290,financial data present but missing supporting fields,remove_incomplete_rows
,,,,,,,<na>,,18.4,3.67,11.06,,,1294,financial data present but missing supporting fields,remove_incomplete_rows
,,,,,,,<na>,,27.6,3.67,16.59,,,1299,financial data present but missing supporting fields,remove_incomplete_rows
,,,,,,,<na>,,216.0,87.96,40.08,,,1303,financial data present but missing supporting fields,remove_incomplete_rows
,,,,,,,<na>,,38.75,34.59,4.16,,,1307,financial data present but missing supporting fields,remove_incomplete_rows
,,,,,,,<na>,,101.03,65.91,31.79,,,1319,financial data present but missing supporting fields,remove_incomplete_rows
,,,,,,,<na>,,180.87,82.01,59.86,,,1328,financial data present but missing supporting fields,remove_incomplete_rows
,,,,,,,<na>,,108.0,60.71,47.29,,,1333,financial data present but missing supporting fields,remove_incomplete_rows
,,,,,,,<na>,,11.25,10.0,1.25,,,1337,financial data present but missing supporting fields,remove_incomplete_rows
,,,,,,,<na>,,484.4,36.0,-19.6,,,1341,financial data present but missing supporting fields,remove_incomplete_rows
,,,,,,,<na>,,43.0,34.56,8.44,,,1346,financial data present but missing supporting fields,remove_incomplete_rows
,,,,,,,<na>,,957.6,13.0,411.6,,,1350,financial data present but missing supporting fields,remove_incomplete_rows
,,,,,,,<na>,,101.25,91.61,9.64,,,1355,financial data present but missing supporting fields,remove_incomplete_rows
,,,,,,,<na>,,820.0,372.73,74.54,,,1359,financial data present but missing supporting fields,remove_incomplete_rows
,,,,,,,<na>,,180.0,16.02,19.8,,,1363,financial data present but missing supporting fields,remove_incomplete_rows
,,,,,,,<na>,,52.5,4.15,31.75,,,1367,financial data present but missing supporting fields,remove_incomplete_rows
,,,,,,,<na>,,356.0,36.08,-4.8,,,1372,financial data present but missing supporting fields,remove_incomplete_rows
,,,,,,,<na>,,31.25,18.0,13.25,,,1376,financial data present but missing supporting fields,remove_incomplete_rows
,,,,,,,<na>,,51.0,0.68,30.6,,,1380,financial data present but missing supporting fields,remove_incomplete_rows
,,,,,,,<na>,,298.0,4.82,201.52,,,1386,financial data present but missing supporting fields,remove_incomplete_rows
,,,,,,,<na>,,172.5,18.59,45.44,,,1392,financial data present but missing supporting fields,remove_incomplete_rows
,,,,,,,<na>,,69.0,60.85,8.15,,,1396,financial data present but missing supporting fields,remove_incomplete_rows
,,,,,,,<na>,,30.0,20.56,9.44,,,1400,financial data present but missing supporting fields,remove_incomplete_rows
,,,,,,,<na>,,121.43,58.0,63.43,,,1404,financial data present but missing supporting fields,remove_incomplete_rows
,,,,,,,<na>,,2285.7,2000.0,285.7,,,1409,financial data present but missing supporting fields,remove_incomplete_rows
,,,,,,,<na>,,602.75,571.84,30.91,,,1416,financial data present but missing supporting fields,remove_incomplete_rows
,,,,,,,<na>,,602.75,525.12,77.63,,,1423,financial data present but missing supporting fields,remove_incomplete_rows
,,,,,,,<na>,,13.0,11.7,1.3,,,1427,financial data present but missing supporting fields,remove_incomplete_rows
,,,,,,,<na>,,98.1,51.46,13.26,,,1432,financial data present but missing supporting fields,remove_incomplete_rows
,,,,,,,<na>,,198.0,85.61,26.78,,,1436,financial data present but missing supporting fields,remove_incomplete_rows
,,,,,,,<na>,,70.5,62.07,8.43,,,1440,financial data present but missing supporting fields,remove_incomplete_rows
,,,,,,,<na>,,295.0,22.67,68.3,,,1444,financial data present but missing supporting fields,remove_incomplete_rows
,,,,,,,<na>,,32.75,29.75,3.0,,,1448,financial data present but missing supporting fields,remove_incomplete_rows
,,,,,,,<na>,,90.0,20.56,28.32,,,1452,financial data present but missing supporting fields,remove_incomplete_rows
,,,,,,,<na>,,174.25,69.96,13.3,,,1458,financial data present but missing supporting fields,remove_incomplete_rows
,,,,,,,<na>,,125.0,1.29,60.5,,,1462,financial data present but missing supporting fields,remove_incomplete_rows
,,,,,,,<na>,,136.0,59.67,16.66,,,1466,financial data present but missing supporting fields,remove_incomplete_rows
,,,,,,,<na>,,30.0,20.56,9.44,,,1470,financial data present but missing supporting fields,remove_incomplete_rows
,,,,,,,<na>,,159.75,44.24,27.03,,,1474,financial data present but missing supporting fields,remove_incomplete_rows
,,,,,,,<na>,,30.0,3.0,18.0,,,1478,financial data present but missing supporting fields,remove_incomplete_rows
,,,,,,,<na>,,12.0,4.0,8.0,,,1482,financial data present but missing supporting fields,remove_incomplete_rows
,,,,,,,<na>,,38.0,31.28,6.72,,,1486,financial data present but missing supporting fields,remove_incomplete_rows
,,,,,,,<na>,,54.3,34.16,15.68,,,1492,financial data present but missing supporting fields,remove_incomplete_rows
,,,,,,,<na>,,288.75,16.38,43.11,,,1497,financial data present but missing supporting fields,remove_incomplete_rows
,,,,,,,<na>,,42.0,29.31,12.69,,,1501,financial data present but missing supporting fields,remove_incomplete_rows
,,,,,,,<na>,,15.0,7.87,7.13,,,1505,financial data present but missing supporting fields,remove_incomplete_rows
,,,,,,,<na>,,324.0,8.65,64.5,,,1509,financial data present but missing supporting fields,remove_incomplete_rows
,,,,,,,<na>,,570.0,472.73,97.27,,,1513,financial data present but missing supporting fields,remove_incomplete_rows
,,,,,,,<na>,,44.0,40.04,3.96,,,1517,financial data present but missing supporting fields,remove_incomplete_rows
,,,,,,,<na>,,303.52,17.0,-36.48,,,1521,financial data present but missing supporting fields,remove_incomplete_rows
,,,,,,,<na>,,45.75,33.75,12.0,,,1526,financial data present but missing supporting fields,remove_incomplete_rows
,,,,,,,<na>,,60.0,20.56,18.88,,,1530,financial data present but missing supporting fields,remove_incomplete_rows
,,,,,,,<na>,,60.0,20.56,18.88,,,1534,financial data present but missing supporting fields,remove_incomplete_rows
,,,,,,,<na>,,465.6,232.96,114.42,,,1543,financial data present but missing supporting fields,remove_incomplete_rows
,,,,,,,<na>,,129.75,49.95,15.61,,,1548,financial data present but missing supporting fields,remove_incomplete_rows
,,,,,,,<na>,,130.0,65.0,65.0,,,1552,financial data present but missing supporting fields,remove_incomplete_rows
,,,,,,,<na>,,312.48,23.5,147.98,,,1556,financial data present but missing supporting fields,remove_incomplete_rows
,,,,,,,<na>,,155.0,34.59,16.62,,,1560,financial data present but missing supporting fields,remove_incomplete_rows
,,,,,,,<na>,,170.0,30.54,17.3,,,1564,financial data present but missing supporting fields,remove_incomplete_rows
,,,,,,,<na>,,21.0,21.09,-0.09,,,1568,financial data present but missing supporting fields,remove_incomplete_rows
,,,,,,,<na>,,49.25,44.2,5.05,,,1572,financial data present but missing supporting fields,remove_incomplete_rows
,,,,,,,<na>,,921.75,470.67,133.62,,,1581,financial data present but missing supporting fields,remove_incomplete_rows
,,,,,,,<na>,,49.75,42.82,6.93,,,1585,financial data present but missing supporting fields,remove_incomplete_rows
,,,,,,,<na>,,67.0,53.65,13.35,,,1589,financial data present but missing supporting fields,remove_incomplete_rows
,,,,,,,<na>,,92.93,77.44,15.49,,,1593,financial data present but missing supporting fields,remove_incomplete_rows
,,,,,,,<na>,,49.6,3.3,26.4,,,1599,financial data present but missing supporting fields,remove_incomplete_rows
,,,,,,,<na>,,92.5,86.63,5.88,,,1603,financial data present but missing supporting fields,remove_incomplete_rows
,,,,,,,<na>,,230.5,32.84,33.35,,,1609,financial data present but missing supporting fields,remove_incomplete_rows
,,,,,,,<na>,,85.0,7.53,9.7,,,1613,financial data present but missing supporting fields,remove_incomplete_rows
,,,,,,,<na>,,66.5,42.58,6.92,,,1618,financial data present but missing supporting fields,remove_incomplete_rows
,,,,,,,<na>,,58.0,18.0,40.0,,,1622,financial data present but missing supporting fields,remove_incomplete_rows
,,,,,,,<na>,,104.0,65.0,39.0,,,1626,financial data present but missing supporting fields,remove_incomplete_rows
,,,,,,,<na>,,13.5,3.27,6.96,,,1630,financial data present but missing supporting fields,remove_incomplete_rows
,,,,,,,<na>,,329.0,141.27,179.67,,,1636,financial data present but missing supporting fields,remove_incomplete_rows
,,,,,,,<na>,,172.3,149.86,22.44,,,1640,financial data present but missing supporting fields,remove_incomplete_rows
,,,,,,,<na>,,196.62,65.91,67.53,,,1653,financial data present but missing supporting fields,remove_incomplete_rows
,,,,,,,<na>,,104.4,113.21,-8.81,,,1657,financial data present but missing supporting fields,remove_incomplete_rows
,,,,,,,<na>,,121.54,54.45,12.64,,,1661,financial data present but missing supporting fields,remove_incomplete_rows
,,,,,,,<na>,,138.0,61.36,54.71,,,1666,financial data present but missing supporting fields,remove_incomplete_rows
,,,,,,,<na>,,38.0,31.28,6.72,,,1670,financial data present but missing supporting fields,remove_incomplete_rows
,,,,,,,<na>,,1624.5,73.13,464.23,,,1680,financial data present but missing supporting fields,remove_incomplete_rows
,,,,,,,<na>,,61.38,54.33,7.05,,,1685,financial data present but missing supporting fields,remove_incomplete_rows
,,,,,,,<na>,,114.88,41.52,27.04,,,1694,financial data present but missing supporting fields,remove_incomplete_rows
,,,,,,,<na>,,196.32,107.29,63.03,,,1705,financial data present but missing supporting fields,remove_incomplete_rows
,,,,,,,<na>,,23.0,17.52,5.48,,,1709,financial data present but missing supporting fields,remove_incomplete_rows
,,,,,,,<na>,,54.0,11.93,6.29,,,1713,financial data present but missing supporting fields,remove_incomplete_rows
,,,,,,,<na>,,132.96,35.6,69.36,,,1718,financial data present but missing supporting fields,remove_incomplete_rows
,,,,,,,<na>,,346.5,128.87,53.89,,,1725,financial data present but missing supporting fields,remove_incomplete_rows
,,,,,,,<na>,,53.0,25.26,2.48,,,1729,financial data present but missing supporting fields,remove_incomplete_rows
,,,,,,,<na>,,108.0,89.25,18.75,,,1733,financial data present but missing supporting fields,remove_incomplete_rows
,,,,,,,<na>,,187.75,44.32,99.93,,,1739,financial data present but missing supporting fields,remove_incomplete_rows
,,,,,,,<na>,,118.21,27.5,57.68,,,1744,financial data present but missing supporting fields,remove_incomplete_rows
,,,,,,,<na>,,72.0,32.4,7.2,,,1748,financial data present but missing supporting fields,remove_incomplete_rows
,,,,,,,<na>,,13.0,11.7,1.3,,,1752,financial data present but missing supporting fields,remove_incomplete_rows
,,,,,,,<na>,,296.7,65.44,29.82,,,1757,financial data present but missing supporting fields,remove_incomplete_rows
,,,,,,,<na>,,32.75,29.75,3.0,,,1761,financial data present but missing supporting fields,remove_incomplete_rows
,,,,,,,<na>,,42.0,43.16,-1.16,,,1766,financial data present but missing supporting fields,remove_incomplete_rows
,,,,,,,<na>,,49.25,44.2,5.05,,,1770,financial data present but missing supporting fields,remove_incomplete_rows
,,,,,,,<na>,,80.0,3.57,8.6,,,1774,financial data present but missing supporting fields,remove_incomplete_rows
,,,,,,,<na>,,328.0,72.21,-33.05,,,1778,financial data present but missing supporting fields,remove_incomplete_rows
,,,,,,,<na>,,17.5,15.6,1.9,,,1782,financial data present but missing supporting fields,remove_incomplete_rows
,,,,,,,<na>,,170.0,148.01,22.0,,,1787,financial data present but missing supporting fields,remove_incomplete_rows
,,,,,,,<na>,,69.0,53.33,15.67,,,1791,financial data present but missing supporting fields,remove_incomplete_rows
,,,,,,,<na>,,29.2,5.83,17.54,,,1795,financial data present but missing supporting fields,remove_incomplete_rows
,,,,,,,<na>,,30.0,0.42,25.76,,,1799,financial data present but missing supporting fields,remove_incomplete_rows
,,,,,,,<na>,,134.4,2.0,92.4,,,1803,financial data present but missing supporting fields,remove_incomplete_rows
,,,,,,,<na>,,68.5,20.16,17.86,,,1808,financial data present but missing supporting fields,remove_incomplete_rows
,,,,,,,<na>,,22.0,1.47,16.1,,,1812,financial data present but missing supporting fields,remove_incomplete_rows
,,,,,,,<na>,,174.1,86.68,22.36,,,1818,financial data present but missing supporting fields,remove_incomplete_rows
,,,,,,,<na>,,59.0,49.8,9.2,,,1822,financial data present but missing supporting fields,remove_incomplete_rows
,,,,,,,<na>,,33.12,3.67,18.44,,,1826,financial data present but missing supporting fields,remove_incomplete_rows
,,,,,,,<na>,,40.59,2.21,18.49,,,1832,financial data present but missing supporting fields,remove_incomplete_rows
,,,,,,,<na>,,64.25,39.6,10.04,,,1837,financial data present but missing supporting fields,remove_incomplete_rows
,,,,,,,<na>,,158.07,82.01,50.06,,,1846,financial data present but missing supporting fields,remove_incomplete_rows
,,,,,,,<na>,,42.0,1.66,25.4,,,1851,financial data present but missing supporting fields,remove_incomplete_rows
,,,,,,,<na>,,333.97,286.37,47.6,,,1857,financial data present but missing supporting fields,remove_incomplete_rows
,,,,,,,<na>,,276.0,230.04,45.96,,,1862,financial data present but missing supporting fields,remove_incomplete_rows
,,,,,,,<na>,,45.0,18.0,27.0,,,1866,financial data present but missing supporting fields,remove_incomplete_rows
,,,,,,,<na>,,66.96,30.0,36.96,,,1870,financial data present but missing supporting fields,remove_incomplete_rows
,,,,,,,<na>,,448.71,407.92,40.79,,,1874,financial data present but missing supporting fields,remove_incomplete_rows
,,,,,,,<na>,,150.0,24.0,30.0,,,1878,financial data present but missing supporting fields,remove_incomplete_rows
,,,,,,,<na>,,538.15,153.59,69.47,,,1886,financial data present but missing supporting fields,remove_incomplete_rows
,,,,,,,<na>,,30.0,20.56,9.44,,,1890,financial data present but missing supporting fields,remove_incomplete_rows
,,,,,,,<na>,,89.75,96.11,-6.36,,,1895,financial data present but missing supporting fields,remove_incomplete_rows
,,,,,,,<na>,,661.0,547.98,113.02,,,1900,financial data present but missing supporting fields,remove_incomplete_rows
,,,,,,,<na>,,11.0,6.0,5.0,,,1904,financial data present but missing supporting fields,remove_incomplete_rows
,,,,,,,<na>,,159.25,144.6,14.65,,,1908,financial data present but missing supporting fields,remove_incomplete_rows
,,,,,,,<na>,,121.95,78.07,13.74,,,1914,financial data present but missing supporting fields,remove_incomplete_rows
,,,,,,,<na>,,569.1,17.0,59.1,,,1919,financial data present but missing supporting fields,remove_incomplete_rows
,,,,,,,<na>,,57.5,54.03,3.47,,,1925,financial data present but missing supporting fields,remove_incomplete_rows
,,,,,,,<na>,,596.43,62.05,133.43,,,1930,financial data present but missing supporting fields,remove_incomplete_rows
,,,,,,,<na>,,108.0,31.27,35.61,,,1935,financial data present but missing supporting fields,remove_incomplete_rows
,,,,,,,<na>,,2.5,1.29,1.21,,,1939,financial data present but missing supporting fields,remove_incomplete_rows
,,,,,,,<na>,,117.05,19.28,20.67,,,1943,financial data present but missing supporting fields,remove_incomplete_rows
,,,,,,,<na>,,201.0,167.59,33.41,,,1947,financial data present but missing supporting fields,remove_incomplete_rows
,,,,,,,<na>,,502.2,15.22,45.66,,,1952,financial data present but missing supporting fields,remove_incomplete_rows
,,,,,,,<na>,,385.0,250.0,135.0,,,1956,financial data present but missing supporting fields,remove_incomplete_rows
,,,,,,,<na>,,30.0,20.56,9.44,,,1960,financial data present but missing supporting fields,remove_incomplete_rows
,,,,,,,<na>,,40.0,14.0,26.0,,,1964,financial data present but missing supporting fields,remove_incomplete_rows
,,,,,,,<na>,,107.0,48.44,10.12,,,1968,financial data present but missing supporting fields,remove_incomplete_rows
,,,,,,,<na>,,85.5,25.57,8.8,,,1972,financial data present but missing supporting fields,remove_incomplete_rows
,,,,,,,<na>,,1138.2,17.0,118.2,,,1977,financial data present but missing supporting fields,remove_incomplete_rows
,,,,,,,<na>,,875.0,700.0,175.0,,,1981,financial data present but missing supporting fields,remove_incomplete_rows
,,,,,,,<na>,,75.5,62.06,13.44,,,1986,financial data present but missing supporting fields,remove_incomplete_rows
,,,,,,,<na>,,150.8,65.47,37.33,,,1991,financial data present but missing supporting fields,remove_incomplete_rows
,,,,,,,<na>,,556.0,404.17,53.32,,,1997,financial data present but missing supporting fields,remove_incomplete_rows
,,,,,,,<na>,,53.5,24.07,5.37,,,2001,financial data present but missing supporting fields,remove_incomplete_rows
,,,,,,,<na>,,332.14,31.08,-62.54,,,2006,financial data present but missing supporting fields,remove_incomplete_rows
,,,,,,,<na>,,438.75,59.38,45.57,,,2011,financial data present but missing supporting fields,remove_incomplete_rows
,,,,,,,<na>,,135.0,3.2,83.0,,,2016,financial data present but missing supporting fields,remove_incomplete_rows
,,,,,2020-01-01,,<na>,,147.75,123.12,24.63,,,2020,financial data present but missing supporting fields,remove_incomplete_rows
,,,,,2024-01-01,,<na>,,36.0,29.7,6.3,,,2024,financial data present but missing supporting fields,remove_incomplete_rows
,,,,,2028-01-01,,<na>,,16.74,15.22,1.52,,,2028,financial data present but missing supporting fields,remove_incomplete_rows
,,,,,2032-01-01,,<na>,,106.5,30.91,13.78,,,2032,financial data present but missing supporting fields,remove_incomplete_rows
,,,,,2039-01-01,,<na>,,124.6,83.75,26.57,,,2039,financial data present but missing supporting fields,remove_incomplete_rows
,,,,,2043-01-01,,<na>,,35.0,5.66,6.7,,,2043,financial data present but missing supporting fields,remove_incomplete_rows
,,,,,,,<na>,,67.5,3.27,34.8,,,2047,financial data present but missing supporting fields,remove_incomplete_rows
,,,,,,,<na>,,768.25,487.81,280.44,,,2054,financial data present but missing supporting fields,remove_incomplete_rows
,,,,,,,<na>,,1210.4,886.9,323.5,,,2062,financial data present but missing supporting fields,remove_incomplete_rows
,,,,,,,<na>,,1184.5,992.77,167.98,,,2067,financial data present but missing supporting fields,remove_incomplete_rows
,,,,,,,<na>,,104.0,46.37,11.26,,,2071,financial data present but missing supporting fields,remove_incomplete_rows
,,,,,,,<na>,,856.75,192.36,124.39,,,2077,financial data present but missing supporting fields,remove_incomplete_rows
,,,,,,,<na>,,53.5,48.44,5.06,,,2081,financial data present but missing supporting fields,remove_incomplete_rows
,,,,,,,<na>,,48.5,40.33,8.17,,,2085,financial data present but missing supporting fields,remove_incomplete_rows
,,,,,,,<na>,,92.5,86.63,5.88,,,2089,financial data present but missing supporting fields,remove_incomplete_rows
,,,,,,,<na>,,156.75,141.79,14.96,,,2094,financial data present but missing supporting fields,remove_incomplete_rows
,,,,,,,<na>,,68.75,48.14,8.12,,,2099,financial data present but missing supporting fields,remove_incomplete_rows
,,,,,,,<na>,,444.5,16.45,239.77,,,2108,financial data present but missing supporting fields,remove_incomplete_rows
,,,,,,,<na>,,207.82,123.65,58.17,,,2119,financial data present but missing supporting fields,remove_incomplete_rows
,,,,,,,<na>,,40.18,30.0,10.18,,,2123,financial data present but missing supporting fields,remove_incomplete_rows
,,,,,,,<na>,,60.0,0.85,34.5,,,2127,financial data present but missing supporting fields,remove_incomplete_rows
,,,,,,,<na>,,42.0,32.08,9.92,,,2131,financial data present but missing supporting fields,remove_incomplete_rows
,,,,,,,<na>,,92.5,37.0,55.5,,,2135,financial data present but missing supporting fields,remove_incomplete_rows
,,,,,,,<na>,,483.84,37.6,-42.59,,,2140,financial data present but missing supporting fields,remove_incomplete_rows
,,,,,,,<na>,,15.0,7.87,7.13,,,2144,financial data present but missing supporting fields,remove_incomplete_rows
,,,,,,,<na>,,385.0,250.0,135.0,,,2148,financial data present but missing supporting fields,remove_incomplete_rows
,,,,,,,<na>,,171.12,132.26,38.86,,,2154,financial data present but missing supporting fields,remove_incomplete_rows
,,,,,,,<na>,,672.0,60.42,-47.76,,,2159,financial data present but missing supporting fields,remove_incomplete_rows
,,,,,,,<na>,,52.9,46.01,6.89,,,2163,financial data present but missing supporting fields,remove_incomplete_rows
,,,,,,,<na>,,13.0,11.7,1.3,,,2167,financial data present but missing supporting fields,remove_incomplete_rows
,,,,,,,<na>,,56.0,46.95,9.05,,,2171,financial data present but missing supporting fields,remove_incomplete_rows
,,,,,,,<na>,,46.5,20.87,4.77,,,2175,financial data present but missing supporting fields,remove_incomplete_rows
,,,,,,,<na>,,18.0,0.42,15.46,,,2179,financial data present but missing supporting fields,remove_incomplete_rows
,,,,,,,<na>,,30.0,20.56,9.44,,,2183,financial data present but missing supporting fields,remove_incomplete_rows
,,,,,,,<na>,,23.25,15.02,8.23,,,2188,financial data present but missing supporting fields,remove_incomplete_rows
,,,,,,,<na>,,21.75,17.95,3.8,,,2192,financial data present but missing supporting fields,remove_incomplete_rows
,,,,,,,<na>,,217.8,76.01,26.81,,,2197,financial data present but missing supporting fields,remove_incomplete_rows
,,,,,,,<na>,,114.1,10.12,43.23,,,2203,financial data present but missing supporting fields,remove_incomplete_rows
,,,,,,,<na>,,192.5,14.6,29.17,,,2208,financial data present but missing supporting fields,remove_incomplete_rows
,,,,,,,<na>,,80.0,14.0,52.0,,,2212,financial data present but missing supporting fields,remove_incomplete_rows
,,,,,,,<na>,,256.7,23.0,26.7,,,2217,financial data present but missing supporting fields,remove_incomplete_rows
,,,,,,,<na>,,119.5,96.3,23.2,,,2221,financial data present but missing supporting fields,remove_incomplete_rows
,,,,,,,<na>,,31.0,23.96,6.08,,,2226,financial data present but missing supporting fields,remove_incomplete_rows
,,,,,,,<na>,,69.0,60.85,8.15,,,2230,financial data present but missing supporting fields,remove_incomplete_rows
,,,,,,,<na>,,20.0,3.57,2.15,,,2234,financial data present but missing supporting fields,remove_incomplete_rows
,,,,,,,<na>,,70.5,31.67,7.16,,,2238,financial data present but missing supporting fields,remove_incomplete_rows
,,,,,,,<na>,,30.0,20.56,9.44,,,2242,financial data present but missing supporting fields,remove_incomplete_rows
,,,,,,,<na>,,1377.0,41.34,136.72,,,2246,financial data present but missing supporting fields,remove_incomplete_rows
,,,,,,,<na>,,48.5,23.0,25.5,,,2251,financial data present but missing supporting fields,remove_incomplete_rows
,,,,,,,<na>,,1171.95,861.74,239.5,,,2262,financial data present but missing supporting fields,remove_incomplete_rows
,,,,,,,<na>,,35.72,13.0,9.72,,,2266,financial data present but missing supporting fields,remove_incomplete_rows
,,,,,,,<na>,,1538.32,101.02,168.23,,,2273,financial data present but missing supporting fields,remove_incomplete_rows
,,,,,,,<na>,,198.0,35.32,21.4,,,2277,financial data present but missing supporting fields,remove_incomplete_rows
,,,,,,,<na>,,453.5,54.15,106.0,,,2283,financial data present but missing supporting fields,remove_incomplete_rows
,,,,,,,<na>,,15.0,7.87,7.13,,,2287,financial data present but missing supporting fields,remove_incomplete_rows
,,,,,,,<na>,,52.9,46.01,6.89,,,2291,financial data present but missing supporting fields,remove_incomplete_rows
,,,,,,,<na>,,134.25,97.94,35.31,,,2298,financial data present but missing supporting fields,remove_incomplete_rows
,,,,,,,<na>,,225.0,10.0,25.08,,,2302,financial data present but missing supporting fields,remove_incomplete_rows
,,,,,,,<na>,,49.25,44.2,5.05,,,2306,financial data present but missing supporting fields,remove_incomplete_rows
,,,,,,,<na>,,144.8,78.44,15.42,,,2311,financial data present but missing supporting fields,remove_incomplete_rows
,,,,,,,<na>,,121.43,58.0,63.43,,,2315,financial data present but missing supporting fields,remove_incomplete_rows
,,,,,,,<na>,,1661.25,458.69,201.39,,,2324,financial data present but missing supporting fields,remove_incomplete_rows
,,,,,,,<na>,,167.0,137.46,29.54,,,2328,financial data present but missing supporting fields,remove_incomplete_rows
,,,,,,,<na>,,45.5,48.65,-3.15,,,2333,financial data present but missing supporting fields,remove_incomplete_rows
,,,,,,,<na>,,109.25,90.56,18.69,,,2337,financial data present but missing supporting fields,remove_incomplete_rows
,,,,,,,<na>,,492.0,36.76,-59.35,,,2341,financial data present but missing supporting fields,remove_incomplete_rows
,,,,,,,<na>,,94.5,78.55,15.95,,,2345,financial data present but missing supporting fields,remove_incomplete_rows
,,,,,,,<na>,,188.75,164.5,24.25,,,2350,financial data present but missing supporting fields,remove_incomplete_rows
,,,,,,,<na>,,19.67,5.99,10.34,,,2355,financial data present but missing supporting fields,remove_incomplete_rows
,,,,,,,<na>,,32.7,9.35,4.65,,,2359,financial data present but missing supporting fields,remove_incomplete_rows
,,,,,,,<na>,,32.5,14.61,3.28,,,2363,financial data present but missing supporting fields,remove_incomplete_rows
,,,,,,,<na>,,134.4,24.0,38.4,,,2367,financial data present but missing supporting fields,remove_incomplete_rows
,,,,,,,<na>,,211.57,130.44,55.13,,,2377,financial data present but missing supporting fields,remove_incomplete_rows
,,,,,,,<na>,,26.0,22.81,3.19,,,2382,financial data present but missing supporting fields,remove_incomplete_rows
,,,,,,,<na>,,43.0,9.53,4.9,,,2386,financial data present but missing supporting fields,remove_incomplete_rows
,,,,,,,<na>,,135.25,122.15,13.11,,,2391,financial data present but missing supporting fields,remove_incomplete_rows
,,,,,,,<na>,,36.0,32.4,3.6,,,2395,financial data present but missing supporting fields,remove_incomplete_rows
,,,,,,,<na>,,49.25,44.2,5.05,,,2399,financial data present but missing supporting fields,remove_incomplete_rows
,,,,,,,<na>,,30.0,20.56,9.44,,,2403,financial data present but missing supporting fields,remove_incomplete_rows
,,,,,,,<na>,,114.0,70.01,15.45,,,2408,financial data present but missing supporting fields,remove_incomplete_rows
,,,,,,,<na>,,854.25,348.46,75.49,,,2413,financial data present but missing supporting fields,remove_incomplete_rows
,,,,,,,<na>,,686.4,608.06,74.5,,,2418,financial data present but missing supporting fields,remove_incomplete_rows
,,,,,,,<na>,,7771.39,6800.0,971.39,,,2423,financial data present but missing supporting fields,remove_incomplete_rows
,,,,,,,<na>,,201.6,24.0,57.6,,,2428,financial data present but missing supporting fields,remove_incomplete_rows
,,,,,,,<na>,,78.25,60.25,18.0,,,2433,financial data present but missing supporting fields,remove_incomplete_rows
,,,,,,,<na>,,142.5,21.25,15.0,,,2437,financial data present but missing supporting fields,remove_incomplete_rows
,,,,,,,<na>,,30.0,0.65,23.5,,,2441,financial data present but missing supporting fields,remove_incomplete_rows
,,,,,,,<na>,,118.0,46.14,25.72,,,2446,financial data present but missing supporting fields,remove_incomplete_rows
,,,,,,,<na>,,333.75,189.16,70.18,,,2453,financial data present but missing supporting fields,remove_incomplete_rows
,,,,,,,<na>,,13.0,11.7,1.3,,,2457,financial data present but missing supporting fields,remove_incomplete_rows
,,,,,,,<na>,,669.68,114.67,123.65,,,2465,financial data present but missing supporting fields,remove_incomplete_rows
,,,,,,,<na>,,438.0,117.44,55.22,,,2470,financial data present but missing supporting fields,remove_incomplete_rows
,,,,,,,<na>,,179.06,47.1,34.72,,,2476,financial data present but missing supporting fields,remove_incomplete_rows
,,,,,,,<na>,,437.5,28.89,33.04,,,2480,financial data present but missing supporting fields,remove_incomplete_rows
,,,,,,,<na>,,20.0,0.5,15.0,,,2484,financial data present but missing supporting fields,remove_incomplete_rows
,,,,,,,<na>,,58.4,5.81,33.21,,,2489,financial data present but missing supporting fields,remove_incomplete_rows
,,,,,,,<na>,,50.0,0.0,50.0,,,2493,financial data present but missing supporting fields,remove_incomplete_rows
,,,,,,,<na>,,52.0,46.37,5.63,,,2497,financial data present but missing supporting fields,remove_incomplete_rows
,,,,,,,<na>,,24.5,27.56,-3.06,,,2501,financial data present but missing supporting fields,remove_incomplete_rows
,,,,,,,<na>,,1046.15,109.34,89.07,,,2507,financial data present but missing supporting fields,remove_incomplete_rows
,,,,,,,<na>,,158.25,117.0,41.25,,,2512,financial data present but missing supporting fields,remove_incomplete_rows
,,,,,,,<na>,,29.3,26.41,2.89,,,2517,financial data present but missing supporting fields,remove_incomplete_rows
,,,,,,,<na>,,679.4,59.07,89.93,,,2522,financial data present but missing supporting fields,remove_incomplete_rows
,,,,,,,<na>,,154.0,140.72,13.28,,,2526,financial data present but missing supporting fields,remove_incomplete_rows
,,,,,,,<na>,,21.0,0.42,18.03,,,2530,financial data present but missing supporting fields,remove_incomplete_rows
,,,,,,,<na>,,343.75,55.0,68.75,,,2534,financial data present but missing supporting fields,remove_incomplete_rows
,,,,,,,<na>,,78.75,74.37,4.38,,,2538,financial data present but missing supporting fields,remove_incomplete_rows
,,,,,,,<na>,,776.7,25.92,-0.9,,,2542,financial data present but missing supporting fields,remove_incomplete_rows
,,,,,,,<na>,,488.0,428.0,60.0,,,2546,financial data present but missing supporting fields,remove_incomplete_rows
,,,,,,,<na>,,329.95,224.68,24.27,,,2553,financial data present but missing supporting fields,remove_incomplete_rows
,,,,,,,<na>,,125.0,5.45,15.91,,,2557,financial data present but missing supporting fields,remove_incomplete_rows
,,,,,,,<na>,,20.0,3.57,2.15,,,2561,financial data present but missing supporting fields,remove_incomplete_rows
,,,,,,,<na>,,125.0,25.47,23.12,,,2565,financial data present but missing supporting fields,remove_incomplete_rows
,,,,,,,<na>,,70.0,1.69,46.38,,,2569,financial data present but missing supporting fields,remove_incomplete_rows
,,,,,,,<na>,,98.8,38.26,11.26,,,2574,financial data present but missing supporting fields,remove_incomplete_rows
,,,,,,,<na>,,1768.2,55.44,453.76,,,2581,financial data present but missing supporting fields,remove_incomplete_rows
,,,,,,,<na>,,85.0,17.0,51.0,,,2585,financial data present but missing supporting fields,remove_incomplete_rows
,,,,,,,<na>,,303.1,65.91,95.36,,,2598,financial data present but missing supporting fields,remove_incomplete_rows
,,,,,,,<na>,,198.96,30.15,18.08,,,2604,financial data present but missing supporting fields,remove_incomplete_rows
,,,,,,,<na>,,53.5,48.44,5.06,,,2608,financial data present but missing supporting fields,remove_incomplete_rows
,,,,,,,<na>,,95.0,82.07,12.93,,,2613,financial data present but missing supporting fields,remove_incomplete_rows
,,,,,,,<na>,,124.0,34.59,-14.38,,,2617,financial data present but missing supporting fields,remove_incomplete_rows
,,,,,,,<na>,,52.9,46.01,6.89,,,2621,financial data present but missing supporting fields,remove_incomplete_rows
,,,,,,,<na>,,57.55,48.37,9.18,,,2627,financial data present but missing supporting fields,remove_incomplete_rows
,,,,,,,<na>,,282.0,22.97,128.8,,,2632,financial data present but missing supporting fields,remove_incomplete_rows
,,,,,,,<na>,,45.5,41.36,4.14,,,2636,financial data present but missing supporting fields,remove_incomplete_rows
,,,,,,,<na>,,600.71,186.1,172.59,,,2650,financial data present but missing supporting fields,remove_incomplete_rows
,,,,,,,<na>,,102.88,40.92,21.04,,,2658,financial data present but missing supporting fields,remove_incomplete_rows
,,,,,,,<na>,,295.0,22.67,68.3,,,2662,financial data present but missing supporting fields,remove_incomplete_rows
,,,,,,,<na>,,36.25,31.9,4.35,,,2666,financial data present but missing supporting fields,remove_incomplete_rows
,,,,,,,<na>,,18.0,10.71,7.29,,,2670,financial data present but missing supporting fields,remove_incomplete_rows
,,,,,,,<na>,,141.5,58.91,23.68,,,2674,financial data present but missing supporting fields,remove_incomplete_rows
,,,,,,,<na>,,8.75,7.43,1.32,,,2678,financial data present but missing supporting fields,remove_incomplete_rows
,,,,,,,<na>,,270.6,8.86,137.67,,,2684,financial data present but missing supporting fields,remove_incomplete_rows
,,,,,,,<na>,,435.76,261.54,52.47,,,2689,financial data present but missing supporting fields,remove_incomplete_rows
,,,,,,,<na>,,203.6,88.5,26.6,,,2693,financial data present but missing supporting fields,remove_incomplete_rows
,,,,,,,<na>,,100.0,83.89,16.11,,,2697,financial data present but missing supporting fields,remove_incomplete_rows
,,,,,,,<na>,,230.8,255.41,-24.61,,,2702,financial data present but missing supporting fields,remove_incomplete_rows
,,,,,,,<na>,,2495.33,439.25,549.08,,,2710,financial data present but missing supporting fields,remove_incomplete_rows
,,,,,,,<na>,,264.0,231.75,32.25,,,2715,financial data present but missing supporting fields,remove_incomplete_rows
,,,,,,,<na>,,1296.0,19.38,133.2,,,2719,financial data present but missing supporting fields,remove_incomplete_rows
,,,,,,,<na>,,440.0,401.76,38.24,,,2723,financial data present but missing supporting fields,remove_incomplete_rows
,,,,,,,<na>,,49.6,11.13,5.09,,,2727,financial data present but missing supporting fields,remove_incomplete_rows
,,,,,,,<na>,,793.75,78.75,171.25,,,2732,financial data present but missing supporting fields,remove_incomplete_rows
,,,,,,,<na>,,13.0,11.7,1.3,,,2736,financial data present but missing supporting fields,remove_incomplete_rows
,,,,,,,<na>,,46.0,37.7,8.3,,,2740,financial data present but missing supporting fields,remove_incomplete_rows
,,,,,,,<na>,,16.5,7.15,2.19,,,2744,financial data present but missing supporting fields,remove_incomplete_rows
,,,,,,,<na>,,937.5,113.08,94.25,,,2750,financial data present but missing supporting fields,remove_incomplete_rows
,,,,,,,<na>,,669.6,10.0,69.6,,,2754,financial data present but missing supporting fields,remove_incomplete_rows
,,,,,,,<na>,,494.0,19.0,247.0,,,2758,financial data present but missing supporting fields,remove_incomplete_rows
,,,,,,,<na>,,257.6,224.02,33.58,,,2762,financial data present but missing supporting fields,remove_incomplete_rows
,,,,,,,<na>,,37.25,30.71,6.54,,,2766,financial data present but missing supporting fields,remove_incomplete_rows
,,,,,,,<na>,,50.0,0.0,50.0,,,2770,financial data present but missing supporting fields,remove_incomplete_rows
,,,,,,,<na>,,352.4,107.9,186.0,,,2777,financial data present but missing supporting fields,remove_incomplete_rows
,,,,,,,<na>,,20.0,1.29,9.68,,,2781,financial data present but missing supporting fields,remove_incomplete_rows
,,,,,,,<na>,,2155.16,146.57,-113.12,,,2794,financial data present but missing supporting fields,remove_incomplete_rows
,,,,,,,<na>,,100.0,10.0,60.0,,,2798,financial data present but missing supporting fields,remove_incomplete_rows
,,,,,,,<na>,,92.5,86.63,5.88,,,2802,financial data present but missing supporting fields,remove_incomplete_rows
,,,,,,,<na>,,100.0,0.0,100.0,,,2806,financial data present but missing supporting fields,remove_incomplete_rows
,,,,,,,<na>,,66.75,52.85,5.04,,,2812,financial data present but missing supporting fields,remove_incomplete_rows
,,,,,,,<na>,,810.0,71.04,99.59,,,2818,financial data present but missing supporting fields,remove_incomplete_rows
,,,,,,,<na>,,50.0,35.0,15.0,,,2822,financial data present but missing supporting fields,remove_incomplete_rows
,,,,,,,<na>,,40.0,25.0,15.0,,,2826,financial data present but missing supporting fields,remove_incomplete_rows
,,,,,,,<na>,,100.0,2.55,74.5,,,2830,financial data present but missing supporting fields,remove_incomplete_rows
,,,,,,,<na>,,3200.0,2000.0,1200.0,,,2834,financial data present but missing supporting fields,remove_incomplete_rows
,,,,,,,<na>,,-247.2,-18.64,32.34,,,2842,financial data present but missing supporting fields,remove_incomplete_rows
,,,,,,,<na>,,14.75,12.81,1.94,,,2846,financial data present but missing supporting fields,remove_incomplete_rows
,,,,,,,<na>,,93.0,20.87,9.54,,,2850,financial data present but missing supporting fields,remove_incomplete_rows
,,,,,,,<na>,,280.36,73.08,86.34,,,2860,financial data present but missing supporting fields,remove_incomplete_rows
,,,,,,,<na>,,125.0,45.0,45.0,,,2865,financial data present but missing supporting fields,remove_incomplete_rows
,,,,,,,<na>,,174.4,38.94,10.87,,,2871,financial data present but missing supporting fields,remove_incomplete_rows
,,,,,,,<na>,,34.5,6.16,3.68,,,2875,financial data present but missing supporting fields,remove_incomplete_rows
,,,,,,,<na>,,10.5,4.72,1.07,,,2879,financial data present but missing supporting fields,remove_incomplete_rows
,,,,,,,<na>,,166.0,150.8,15.2,,,2884,financial data present but missing supporting fields,remove_incomplete_rows
,,,,,,,<na>,,13.0,11.7,1.3,,,2888,financial data present but missing supporting fields,remove_incomplete_rows
,,,,,,,<na>,,196.32,107.29,63.03,,,2899,financial data present but missing supporting fields,remove_incomplete_rows
,,,,,,,<na>,,151.0,128.42,22.58,,,2904,financial data present but missing supporting fields,remove_incomplete_rows
,,,,,,,<na>,,161.0,133.8,27.2,,,2909,financial data present but missing supporting fields,remove_incomplete_rows
,,,,,,,<na>,,539.0,477.02,61.98,,,2913,financial data present but missing supporting fields,remove_incomplete_rows
,,,,,,,<na>,,144.0,54.01,14.58,,,2918,financial data present but missing supporting fields,remove_incomplete_rows
,,,,,,,<na>,,31.5,24.28,7.22,,,2922,financial data present but missing supporting fields,remove_incomplete_rows
,,,,,,,<na>,,33.5,22.8,10.7,,,2927,financial data present but missing supporting fields,remove_incomplete_rows
,,,,,,,<na>,,455.0,37.9,76.02,,,2931,financial data present but missing supporting fields,remove_incomplete_rows
,,,,,,,<na>,,142.5,10.6,30.54,,,2936,financial data present but missing supporting fields,remove_incomplete_rows
,,,,,,,<na>,,77.0,1.47,56.36,,,2940,financial data present but missing supporting fields,remove_incomplete_rows
,,,,,,,<na>,,1026.8,23.0,-123.2,,,2944,financial data present but missing supporting fields,remove_incomplete_rows
,,,,,,,<na>,,3004.8,109.31,-210.23,,,2951,financial data present but missing supporting fields,remove_incomplete_rows
,,,,,,,<na>,,201.6,3.35,101.1,,,2955,financial data present but missing supporting fields,remove_incomplete_rows
,,,,,,,<na>,,154.5,136.8,17.7,,,2960,financial data present but missing supporting fields,remove_incomplete_rows
,,,,,,,<na>,,29771.3,19000.0,10771.3,,,2966,financial data present but missing supporting fields,remove_incomplete_rows
,,,,,,,<na>,,164.25,148.05,16.2,,,2970,financial data present but missing supporting fields,remove_incomplete_rows
,,,,,,,<na>,,643.7,73.44,101.34,,,2977,financial data present but missing supporting fields,remove_incomplete_rows
,,,,,,,<na>,,1387.68,29.3,508.68,,,2983,financial data present but missing supporting fields,remove_incomplete_rows
,,,,,,,<na>,,66.96,37.0,29.96,,,2987,financial data present but missing supporting fields,remove_incomplete_rows
,,,,,,,<na>,,151.0,14.0,33.0,,,2992,financial data present but missing supporting fields,remove_incomplete_rows
,,,,,,,<na>,,225.2,44.77,15.58,,,2997,financial data present but missing supporting fields,remove_incomplete_rows
,,,,,,,<na>,,258.75,14.23,45.3,,,3001,financial data present but missing supporting fields,remove_incomplete_rows
,,,,,,,<na>,,47.5,4.05,7.0,,,3005,financial data present but missing supporting fields,remove_incomplete_rows
,,,,,,,<na>,,75.19,54.06,11.13,,,3010,financial data present but missing supporting fields,remove_incomplete_rows
,,,,,,,<na>,,656.25,12.0,404.22,,,3014,financial data present but missing supporting fields,remove_incomplete_rows
,,,,,,,<na>,,15.0,7.87,7.13,,,3018,financial data present but missing supporting fields,remove_incomplete_rows
,,,,,,,<na>,,2527.0,135.16,185.08,,,3023,financial data present but missing supporting fields,remove_incomplete_rows
,,,,,,,<na>,,90.0,3.6,54.0,,,3027,financial data present but missing supporting fields,remove_incomplete_rows
,,,,,,,<na>,,65.0,56.79,8.21,,,3031,financial data present but missing supporting fields,remove_incomplete_rows
,,,,,,,<na>,,52.5,4.72,5.33,,,3035,financial data present but missing supporting fields,remove_incomplete_rows
,,,,,,,<na>,,245.5,209.65,35.85,,,3041,financial data present but missing supporting fields,remove_incomplete_rows
,,,,,,,<na>,,94.5,8.44,10.14,,,3045,financial data present but missing supporting fields,remove_incomplete_rows
,,,,,,,<na>,,50.0,45.1,4.9,,,3050,financial data present but missing supporting fields,remove_incomplete_rows
,,,,,,,<na>,,156.25,142.0,14.25,,,3054,financial data present but missing supporting fields,remove_incomplete_rows
,,,,,,,<na>,,5.0,1.29,2.42,,,3058,financial data present but missing supporting fields,remove_incomplete_rows
,,,,,,,<na>,,66.0,55.08,10.92,,,3062,financial data present but missing supporting fields,remove_incomplete_rows
,,,,,,,<na>,,97.34,44.86,35.37,,,3070,financial data present but missing supporting fields,remove_incomplete_rows
,,,,,,,<na>,,150.0,24.0,30.0,,,3074,financial data present but missing supporting fields,remove_incomplete_rows
,,,,,,,<na>,,99.0,90.0,9.0,,,3078,financial data present but missing supporting fields,remove_incomplete_rows
,,,,,,,<na>,,191.5,176.63,14.88,,,3083,financial data present but missing supporting fields,remove_incomplete_rows
,,,,,,,<na>,,79.5,9.16,30.68,,,3088,financial data present but missing supporting fields,remove_incomplete_rows
,,,,,,,<na>,,35.0,1.2,23.0,,,3092,financial data present but missing supporting fields,remove_incomplete_rows
,,,,,,,<na>,,255.8,207.83,47.97,,,3097,financial data present but missing supporting fields,remove_incomplete_rows
,,,,,,,<na>,,106.0,87.7,18.3,,,3102,financial data present but missing supporting fields,remove_incomplete_rows
,,,,,,,<na>,,150.5,9.94,51.12,,,3107,financial data present but missing supporting fields,remove_incomplete_rows
,,,,,,,<na>,,178.12,28.77,34.28,,,3116,financial data present but missing supporting fields,remove_incomplete_rows
,,,,,,,<na>,,18.0,8.02,1.96,,,3120,financial data present but missing supporting fields,remove_incomplete_rows
,,,,,,,<na>,,101.0,63.95,23.64,,,3125,financial data present but missing supporting fields,remove_incomplete_rows
,,,,,,,<na>,,12.0,4.67,2.66,,,3129,financial data present but missing supporting fields,remove_incomplete_rows
,,,,,,,<na>,,395.2,33.47,-44.29,,,3134,financial data present but missing supporting fields,remove_incomplete_rows
,,,,,,,<na>,,30.0,16.0,14.0,,,3138,financial data present but missing supporting fields,remove_incomplete_rows
,,,,,,,<na>,,34.0,7.53,3.88,,,3142,financial data present but missing supporting fields,remove_incomplete_rows
,,,,,,,<na>,,117.0,69.0,48.0,,,3146,financial data present but missing supporting fields,remove_incomplete_rows
,,,,,,,<na>,,17.5,15.6,1.9,,,3150,financial data present but missing supporting fields,remove_incomplete_rows
,,,,,,,<na>,,22.5,10.0,2.51,,,3154,financial data present but missing supporting fields,remove_incomplete_rows
,,,,,,,<na>,,22.5,6.5,3.0,,,3158,financial data present but missing supporting fields,remove_incomplete_rows
,,,,,,,<na>,,13.0,11.7,1.3,,,3162,financial data present but missing supporting fields,remove_incomplete_rows
,,,,,,,<na>,,31.75,24.99,6.76,,,3166,financial data present but missing supporting fields,remove_incomplete_rows
,,,,,,,<na>,,78.0,4.26,54.56,,,3171,financial data present but missing supporting fields,remove_incomplete_rows
,,,,,,,<na>,,565.2,32.84,60.44,,,3178,financial data present but missing supporting fields,remove_incomplete_rows
,,,,,,,<na>,,49.75,42.82,6.93,,,3182,financial data present but missing supporting fields,remove_incomplete_rows
,,,,,,,<na>,,44.0,40.04,3.96,,,3186,financial data present but missing supporting fields,remove_incomplete_rows
,,,,,,,<na>,,1728.0,24.0,288.0,,,3190,financial data present but missing supporting fields,remove_incomplete_rows
,,,,,,,<na>,,24.0,4.0,16.0,,,3194,financial data present but missing supporting fields,remove_incomplete_rows
,,,,,,,<na>,,1395.0,302.5,457.5,,,3200,financial data present but missing supporting fields,remove_incomplete_rows
,,,,,,,<na>,,40.0,1.69,26.5,,,3204,financial data present but missing supporting fields,remove_incomplete_rows
,,,,,,,<na>,,55.5,48.65,6.85,,,3209,financial data present but missing supporting fields,remove_incomplete_rows
,,,,,,,<na>,,101.2,34.65,10.5,,,3214,financial data present but missing supporting fields,remove_incomplete_rows
,,,,,,,<na>,,53.5,24.07,5.37,,,3218,financial data present but missing supporting fields,remove_incomplete_rows
,,,,,,,<na>,,114.75,94.06,20.69,,,3223,financial data present but missing supporting fields,remove_incomplete_rows
,,,,,,,<na>,,199.0,145.64,53.36,,,3227,financial data present but missing supporting fields,remove_incomplete_rows
,,,,,,,<na>,,41.48,18.76,3.96,,,3231,financial data present but missing supporting fields,remove_incomplete_rows
,,,,,,,<na>,,291.75,262.4,29.35,,,3235,financial data present but missing supporting fields,remove_incomplete_rows
,,,,,,,<na>,,45.0,38.55,6.45,,,3239,financial data present but missing supporting fields,remove_incomplete_rows
,,,,,,,<na>,,67.5,11.61,9.43,,,3244,financial data present but missing supporting fields,remove_incomplete_rows
,,,,,,,<na>,,121.74,58.86,36.11,,,3253,financial data present but missing supporting fields,remove_incomplete_rows
,,,,,,,<na>,,118.5,53.79,10.92,,,3257,financial data present but missing supporting fields,remove_incomplete_rows
,,,,,,,<na>,,111.6,7.7,34.6,,,3261,financial data present but missing supporting fields,remove_incomplete_rows
,,,,,,,<na>,,185.5,157.31,28.2,,,3267,financial data present but missing supporting fields,remove_incomplete_rows
,,,,,,,<na>,,154.0,139.8,14.2,,,3271,financial data present but missing supporting fields,remove_incomplete_rows
,,,,,,,<na>,,976.8,4.45,585.2,,,3275,financial data present but missing supporting fields,remove_incomplete_rows
,,,,,,,<na>,,582.48,452.0,130.48,,,3280,financial data present but missing supporting fields,remove_incomplete_rows
,,,,,,,<na>,,14.0,11.86,2.14,,,3284,financial data present but missing supporting fields,remove_incomplete_rows
,,,,,,,<na>,,9.9,1.3,6.0,,,3289,financial data present but missing supporting fields,remove_incomplete_rows
,,,,,,,<na>,,493.25,433.76,59.49,,,3295,financial data present but missing supporting fields,remove_incomplete_rows
,,,,,,,<na>,,133.75,24.07,13.42,,,3299,financial data present but missing supporting fields,remove_incomplete_rows
,,,,,,,<na>,,74.0,35.58,8.44,,,3304,financial data present but missing supporting fields,remove_incomplete_rows
,,,,,,,<na>,,31.0,24.57,6.43,,,3308,financial data present but missing supporting fields,remove_incomplete_rows
,,,,,,,<na>,,94.5,78.55,15.95,,,3312,financial data present but missing supporting fields,remove_incomplete_rows
,,,,,,,<na>,,17.5,3.92,12.3,,,3317,financial data present but missing supporting fields,remove_incomplete_rows
,,,,,,,<na>,,34.5,6.16,3.68,,,3321,financial data present but missing supporting fields,remove_incomplete_rows
,,,,,,,<na>,,249.82,155.72,68.1,,,3333,financial data present but missing supporting fields,remove_incomplete_rows
,,,,,,,<na>,,66.96,37.0,29.96,,,3337,financial data present but missing supporting fields,remove_incomplete_rows
,,,,,,,<na>,,281.5,68.95,89.8,,,3345,financial data present but missing supporting fields,remove_incomplete_rows
,,,,,,,<na>,,275.0,231.35,43.65,,,3351,financial data present but missing supporting fields,remove_incomplete_rows
,,,,,,,<na>,,25.6,8.98,7.64,,,3355,financial data present but missing supporting fields,remove_incomplete_rows
,,,,,,,<na>,,11.0,6.0,5.0,,,3359,financial data present but missing supporting fields,remove_incomplete_rows
,,,,,,,<na>,,13.0,11.7,1.3,,,3363,financial data present but missing supporting fields,remove_incomplete_rows
,,,,,,,<na>,,61.2,27.52,6.16,,,3367,financial data present but missing supporting fields,remove_incomplete_rows
,,,,,,,<na>,,49.6,11.13,5.09,,,3371,financial data present but missing supporting fields,remove_incomplete_rows
,,,,,,,<na>,,15.0,7.87,7.13,,,3375,financial data present but missing supporting fields,remove_incomplete_rows
,,,,,,,<na>,,1198.98,247.86,354.72,,,3383,financial data present but missing supporting fields,remove_incomplete_rows
,,,,,,,<na>,,36.0,10.71,14.57,,,3387,financial data present but missing supporting fields,remove_incomplete_rows
,,,,,,,<na>,,397.5,53.0,238.5,,,3391,financial data present but missing supporting fields,remove_incomplete_rows
,,,,,,,<na>,,77.0,66.14,10.86,,,3396,financial data present but missing supporting fields,remove_incomplete_rows
,,,,,,,<na>,,44.0,31.95,12.05,,,3400,financial data present but missing supporting fields,remove_incomplete_rows
,,,,,,,<na>,,186.25,110.8,62.18,,,3405,financial data present but missing supporting fields,remove_incomplete_rows
,,,,,,,<na>,,60.0,0.42,51.52,,,3409,financial data present but missing supporting fields,remove_incomplete_rows
,,,,,,,<na>,,67.0,60.6,6.4,,,3413,financial data present but missing supporting fields,remove_incomplete_rows
,,,,,,,<na>,,412.61,362.23,20.16,,,3418,financial data present but missing supporting fields,remove_incomplete_rows
,,,,,,,<na>,,72.0,10.71,29.14,,,3422,financial data present but missing supporting fields,remove_incomplete_rows
,,,,,,,<na>,,89.0,80.12,8.88,,,3427,financial data present but missing supporting fields,remove_incomplete_rows
,,,,,,,<na>,,131.25,98.0,13.26,,,3432,financial data present but missing supporting fields,remove_incomplete_rows
,,,,,,,<na>,,455.28,17.0,-54.72,,,3437,financial data present but missing supporting fields,remove_incomplete_rows
,,,,,,,<na>,,27.0,24.4,2.6,,,3441,financial data present but missing supporting fields,remove_incomplete_rows
,,,,,,,<na>,,266.25,44.24,45.05,,,3445,financial data present but missing supporting fields,remove_incomplete_rows
,,,,,,,<na>,,995.0,82.7,167.98,,,3451,financial data present but missing supporting fields,remove_incomplete_rows
,,,,,,,<na>,,224.0,2.0,168.0,,,3455,financial data present but missing supporting fields,remove_incomplete_rows
,,,,,,,<na>,,17.0,15.35,1.65,,,3459,financial data present but missing supporting fields,remove_incomplete_rows
,,,,,,,<na>,,17.0,15.35,1.65,,,3463,financial data present but missing supporting fields,remove_incomplete_rows
,,,,,,,<na>,,462.5,35.72,105.3,,,3468,financial data present but missing supporting fields,remove_incomplete_rows
,,,,,,,<na>,,103.75,19.06,8.45,,,3472,financial data present but missing supporting fields,remove_incomplete_rows
,,,,,,,<na>,,350.0,250.0,100.0,,,3476,financial data present but missing supporting fields,remove_incomplete_rows
,,,,,,,<na>,,30.0,16.0,14.0,,,3480,financial data present but missing supporting fields,remove_incomplete_rows
,,,,,,,<na>,,20.0,4.43,2.28,,,3484,financial data present but missing supporting fields,remove_incomplete_rows
,,,,,,,<na>,,432.5,196.75,39.0,,,3488,financial data present but missing supporting fields,remove_incomplete_rows
,,,,,,,<na>,,729.6,13.0,313.6,,,3492,financial data present but missing supporting fields,remove_incomplete_rows
,,,,,,,<na>,,50.5,45.75,4.75,,,3496,financial data present but missing supporting fields,remove_incomplete_rows
,,,,,,,<na>,,153.25,122.5,30.75,,,3500,financial data present but missing supporting fields,remove_incomplete_rows
,,,,,,,<na>,,1820.7,291.74,508.88,,,3510,financial data present but missing supporting fields,remove_incomplete_rows
,,,,,,,<na>,,132.5,11.85,14.01,,,3515,financial data present but missing supporting fields,remove_incomplete_rows
,,,,,,,<na>,,30.0,16.0,14.0,,,3519,financial data present but missing supporting fields,remove_incomplete_rows
,,,,,,,<na>,,164.75,98.47,10.81,,,3526,financial data present but missing supporting fields,remove_incomplete_rows
,,,,,,,<na>,,30.25,27.12,3.13,,,3530,financial data present but missing supporting fields,remove_incomplete_rows
,,,,,,,<na>,,108.5,110.16,-1.66,,,3535,financial data present but missing supporting fields,remove_incomplete_rows
,,,,,,,<na>,,83.5,36.33,12.57,,,3540,financial data present but missing supporting fields,remove_incomplete_rows
,,,,,,,<na>,,66.0,30.23,5.55,,,3544,financial data present but missing supporting fields,remove_incomplete_rows
,,,,,,,<na>,,28.0,6.32,-35.17,,,3548,financial data present but missing supporting fields,remove_incomplete_rows
,,,,,,,<na>,,58.0,5.8,34.8,,,3552,financial data present but missing supporting fields,remove_incomplete_rows
,,,,,,,<na>,,195.0,28.43,73.41,,,3557,financial data present but missing supporting fields,remove_incomplete_rows
,,,,,,,<na>,,55.5,23.04,9.42,,,3561,financial data present but missing supporting fields,remove_incomplete_rows
,,,,,,,<na>,,885.58,156.02,240.08,,,3573,financial data present but missing supporting fields,remove_incomplete_rows
,,,,,,,<na>,,103.5,48.0,55.5,,,3577,financial data present but missing supporting fields,remove_incomplete_rows
,,,,,,,<na>,,12.5,0.96,7.7,,,3581,financial data present but missing supporting fields,remove_incomplete_rows
,,,,,,,<na>,,724.75,360.5,126.25,,,3586,financial data present but missing supporting fields,remove_incomplete_rows
,,,,,,,<na>,,124.0,67.02,43.33,,,3592,financial data present but missing supporting fields,remove_incomplete_rows
,,,,,,,<na>,,384.0,8.98,114.64,,,3596,financial data present but missing supporting fields,remove_incomplete_rows
,,,,,,,<na>,,16.0,3.57,1.72,,,3600,financial data present but missing supporting fields,remove_incomplete_rows
,,,,,,,<na>,,41.75,37.86,3.89,,,3604,financial data present but missing supporting fields,remove_incomplete_rows
,,,,,,,<na>,,15.0,7.87,7.13,,,3608,financial data present but missing supporting fields,remove_incomplete_rows
,,,,,,,<na>,,15.0,7.87,7.13,,,3612,financial data present but missing supporting fields,remove_incomplete_rows
,,,,,,,<na>,,13.0,11.7,1.3,,,3616,financial data present but missing supporting fields,remove_incomplete_rows
,,,,,,,<na>,,189.7,17.0,19.7,,,3620,financial data present but missing supporting fields,remove_incomplete_rows
,,,,,,,<na>,,54.0,11.93,6.29,,,3624,financial data present but missing supporting fields,remove_incomplete_rows
,,,,,,,<na>,,160.5,48.44,15.19,,,3628,financial data present but missing supporting fields,remove_incomplete_rows
,,,,,,,<na>,,434.0,34.83,80.7,,,3634,financial data present but missing supporting fields,remove_incomplete_rows
,,,,,,,<na>,,47.7,4.72,5.25,,,3639,financial data present but missing supporting fields,remove_incomplete_rows
,,,,,,,<na>,,621.61,552.0,69.61,,,3644,financial data present but missing supporting fields,remove_incomplete_rows
,,,,,,,<na>,,8.0,3.57,0.86,,,3648,financial data present but missing supporting fields,remove_incomplete_rows
,,,,,,,<na>,,4.46,2.26,2.2,,,3652,financial data present but missing supporting fields,remove_incomplete_rows
,,,,,,,<na>,,31.0,27.94,3.06,,,3656,financial data present but missing supporting fields,remove_incomplete_rows
,,,,,,,<na>,,314.0,23.66,81.44,,,3662,financial data present but missing supporting fields,remove_incomplete_rows
,,,,,,,<na>,,48.0,18.69,7.05,,,3667,financial data present but missing supporting fields,remove_incomplete_rows
,,,,,,,<na>,,1269.6,71.16,-69.2,,,3673,financial data present but missing supporting fields,remove_incomplete_rows
,,,,,,,<na>,,600.0,50.0,100.0,,,3677,financial data present but missing supporting fields,remove_incomplete_rows
,,,,,,,<na>,,43.5,18.87,5.76,,,3681,financial data present but missing supporting fields,remove_incomplete_rows
,,,,,,,<na>,,36.0,10.71,14.57,,,3685,financial data present but missing supporting fields,remove_incomplete_rows
,,,,,,,<na>,,312.0,46.37,33.78,,,3689,financial data present but missing supporting fields,remove_incomplete_rows
,,,,,,,<na>,,43.25,44.56,-1.31,,,3694,financial data present but missing supporting fields,remove_incomplete_rows
,,,,,,,<na>,,90.75,70.55,20.2,,,3699,financial data present but missing supporting fields,remove_incomplete_rows
,,,,,,,<na>,,79.25,64.63,14.62,,,3705,financial data present but missing supporting fields,remove_incomplete_rows
,,,,,,,<na>,,540.0,44.86,91.4,,,3709,financial data present but missing supporting fields,remove_incomplete_rows
,,,,,,,<na>,,1414.29,147.09,230.06,,,3715,financial data present but missing supporting fields,remove_incomplete_rows
,,,,,,,<na>,,30.0,16.0,14.0,,,3719,financial data present but missing supporting fields,remove_incomplete_rows
,,,,,,,<na>,,1380.75,92.39,207.92,,,3724,financial data present but missing supporting fields,remove_incomplete_rows
,,,,,,,<na>,,630.0,16.7,129.0,,,3728,financial data present but missing supporting fields,remove_incomplete_rows
,,,,,,,<na>,,229.1,15.1,121.15,,,3735,financial data present but missing supporting fields,remove_incomplete_rows
,,,,,,,<na>,,96.5,81.24,15.26,,,3739,financial data present but missing supporting fields,remove_incomplete_rows
,,,,,,,<na>,,280.0,18.21,32.9,,,3744,financial data present but missing supporting fields,remove_incomplete_rows
,,,,,,,<na>,,218.0,4.02,137.67,,,3749,financial data present but missing supporting fields,remove_incomplete_rows
,,,,,,,<na>,,700.0,71.51,284.49,,,3756,financial data present but missing supporting fields,remove_incomplete_rows
,,,,,,,<na>,,25.74,5.99,13.76,,,3762,financial data present but missing supporting fields,remove_incomplete_rows
,,,,,,,<na>,,69.36,38.26,-3.5,,,3767,financial data present but missing supporting fields,remove_incomplete_rows
,,,,,,,<na>,,13.0,2.45,8.1,,,3771,financial data present but missing supporting fields,remove_incomplete_rows
,,,,,,,<na>,,113.0,126.79,-13.79,,,3776,financial data present but missing supporting fields,remove_incomplete_rows
,,,,,,,<na>,,80.0,3.57,8.6,,,3780,financial data present but missing supporting fields,remove_incomplete_rows
,,,,,,,<na>,,237.25,66.14,31.34,,,3786,financial data present but missing supporting fields,remove_incomplete_rows
,,,,,,,<na>,,196.0,77.91,-35.54,,,3793,financial data present but missing supporting fields,remove_incomplete_rows
,,,,,,,<na>,,333.25,309.19,24.06,,,3797,financial data present but missing supporting fields,remove_incomplete_rows
,,,,,,,<na>,,222.75,110.85,35.7,,,3802,financial data present but missing supporting fields,remove_incomplete_rows
,,,,,,,<na>,,225.0,7.87,106.95,,,3806,financial data present but missing supporting fields,remove_incomplete_rows
,,,,,,,<na>,,119.0,102.66,16.34,,,3810,financial data present but missing supporting fields,remove_incomplete_rows
,,,,,,,<na>,,92.5,86.63,5.88,,,3814,financial data present but missing supporting fields,remove_incomplete_rows
,,,,,,,<na>,,13.0,3.99,8.16,,,3819,financial data present but missing supporting fields,remove_incomplete_rows
,,,,,,,<na>,,127.0,104.25,22.75,,,3823,financial data present but missing supporting fields,remove_incomplete_rows
,,,,,,,<na>,,123.75,107.62,16.13,,,3830,financial data present but missing supporting fields,remove_incomplete_rows
,,,,,,,<na>,,36.25,31.9,4.35,,,3834,financial data present but missing supporting fields,remove_incomplete_rows
,,,,,,,<na>,,37.5,15.0,22.5,,,3838,financial data present but missing supporting fields,remove_incomplete_rows
,,,,,,,<na>,,59.7,24.89,18.15,,,3845,financial data present but missing supporting fields,remove_incomplete_rows
,,,,,,,<na>,,189.7,17.0,19.7,,,3849,financial data present but missing supporting fields,remove_incomplete_rows
,,,,,,,<na>,,10.0,1.29,4.84,,,3853,financial data present but missing supporting fields,remove_incomplete_rows
,,,,,,,<na>,,34.0,7.53,3.88,,,3857,financial data present but missing supporting fields,remove_incomplete_rows
,,,,,,,<na>,,444.5,16.45,239.77,,,3866,financial data present but missing supporting fields,remove_incomplete_rows
,,,,,,,<na>,,22.0,6.0,10.0,,,3870,financial data present but missing supporting fields,remove_incomplete_rows
,,,,,,,<na>,,682.0,636.53,45.47,,,3874,financial data present but missing supporting fields,remove_incomplete_rows
,,,,,,,<na>,,13.0,11.7,1.3,,,3878,financial data present but missing supporting fields,remove_incomplete_rows
,,,,,,,<na>,,22.5,10.0,2.51,,,3882,financial data present but missing supporting fields,remove_incomplete_rows
,,,,,,,<na>,,246.25,30.36,36.65,,,3887,financial data present but missing supporting fields,remove_incomplete_rows
,,,,,,,<na>,,750.0,86.06,61.52,,,3891,financial data present but missing supporting fields,remove_incomplete_rows
,,,,,,,<na>,,12.6,5.66,1.28,,,3895,financial data present but missing supporting fields,remove_incomplete_rows
,,,,,,,<na>,,100.0,1.29,48.4,,,3899,financial data present but missing supporting fields,remove_incomplete_rows
,,,,,,,<na>,,64.25,58.35,5.9,,,3904,financial data present but missing supporting fields,remove_incomplete_rows
,,,,,,,<na>,,40.0,3.57,4.3,,,3908,financial data present but missing supporting fields,remove_incomplete_rows
,,,,,,,<na>,,52.5,4.72,5.33,,,3912,financial data present but missing supporting fields,remove_incomplete_rows
,,,,,,,<na>,,273.5,95.6,32.3,,,3918,financial data present but missing supporting fields,remove_incomplete_rows
,,,,,,,<na>,,309.5,21.17,72.27,,,3923,financial data present but missing supporting fields,remove_incomplete_rows
,,,,,,,<na>,,149.2,79.77,15.91,,,3929,financial data present but missing supporting fields,remove_incomplete_rows
,,,,,,,<na>,,227.0,25.38,27.2,,,3934,financial data present but missing supporting fields,remove_incomplete_rows
,,,,,,,<na>,,407.0,86.45,54.68,,,3940,financial data present but missing supporting fields,remove_incomplete_rows
,,,,,,,<na>,,173.5,138.27,10.57,,,3945,financial data present but missing supporting fields,remove_incomplete_rows
,,,,,,,<na>,,369.2,321.03,48.17,,,3949,financial data present but missing supporting fields,remove_incomplete_rows
,,,,,,,<na>,,39.0,35.25,3.75,,,3953,financial data present but missing supporting fields,remove_incomplete_rows
,,,,,,,<na>,,1120.0,800.0,320.0,,,3957,financial data present but missing supporting fields,remove_incomplete_rows
,,,,,,,<na>,,62.0,12.8,10.8,,,3961,financial data present but missing supporting fields,remove_incomplete_rows
,,,,,,,<na>,,18.0,4.79,8.05,,,3966,financial data present but missing supporting fields,remove_incomplete_rows
,,,,,,,<na>,,71.75,17.95,53.8,,,3971,financial data present but missing supporting fields,remove_incomplete_rows
,,,,,,,<na>,,11.0,4.7,1.6,,,3975,financial data present but missing supporting fields,remove_incomplete_rows
,,,,,,,<na>,,246.0,41.48,-2.88,,,3979,financial data present but missing supporting fields,remove_incomplete_rows
,,,,,,,<na>,,262.28,59.25,112.99,,,3985,financial data present but missing supporting fields,remove_incomplete_rows
,,,,,,,<na>,,1434.85,937.14,166.24,,,4005,financial data present but missing supporting fields,remove_incomplete_rows
,,,,,,,<na>,,5672.8,108.6,794.3,,,4018,financial data present but missing supporting fields,remove_incomplete_rows
,,,,,,,<na>,,139.2,1.5,94.2,,,4022,financial data present but missing supporting fields,remove_incomplete_rows
,,,,,,,<na>,,33.92,4.7,19.52,,,4027,financial data present but missing supporting fields,remove_incomplete_rows
,,,,,,,<na>,,80.0,3.57,8.6,,,4031,financial data present but missing supporting fields,remove_incomplete_rows
,,,,,,,<na>,,17.5,15.6,1.9,,,4035,financial data present but missing supporting fields,remove_incomplete_rows
,,,,,,,<na>,,20.4,3.34,10.38,,,4039,financial data present but missing supporting fields,remove_incomplete_rows
,,,,,,,<na>,,72.0,3.6,36.0,,,4043,financial data present but missing supporting fields,remove_incomplete_rows
,,,,,,,<na>,,108.0,87.96,20.04,,,4047,financial data present but missing supporting fields,remove_incomplete_rows
,,,,,,,<na>,,97.25,26.05,12.7,,,4052,financial data present but missing supporting fields,remove_incomplete_rows
,,,,,,,<na>,,69.63,11.0,36.63,,,4056,financial data present but missing supporting fields,remove_incomplete_rows
,,,,,,,<na>,,-125.0,-5.45,-15.91,,,4060,financial data present but missing supporting fields,remove_incomplete_rows
,,,,,,,<na>,,1092.5,150.13,290.49,,,4077,financial data present but missing supporting fields,remove_incomplete_rows
,,,,,,,<na>,,170.0,30.54,17.3,,,4081,financial data present but missing supporting fields,remove_incomplete_rows
,,,,,,,<na>,,278.23,90.01,-67.9,,,4086,financial data present but missing supporting fields,remove_incomplete_rows
,,,,,,,<na>,,153.44,38.26,0.38,,,4091,financial data present but missing supporting fields,remove_incomplete_rows
,,,,,,,<na>,,184.86,65.91,53.05,,,4104,financial data present but missing supporting fields,remove_incomplete_rows
,,,,,,,<na>,,26.75,24.07,2.68,,,4108,financial data present but missing supporting fields,remove_incomplete_rows
,,,,,,,<na>,,43.5,36.21,7.29,,,4112,financial data present but missing supporting fields,remove_incomplete_rows
,,,,,,,<na>,,57.6,34.41,9.79,,,4118,financial data present but missing supporting fields,remove_incomplete_rows
,,,,,,,<na>,,30.0,16.0,14.0,,,4122,financial data present but missing supporting fields,remove_incomplete_rows
,,,,,,,<na>,,246.4,14.23,-38.2,,,4126,financial data present but missing supporting fields,remove_incomplete_rows
,,,,,,,<na>,,125.0,5.45,15.91,,,4130,financial data present but missing supporting fields,remove_incomplete_rows
,,,,,,,<na>,,160.0,6.22,35.67,,,4134,financial data present but missing supporting fields,remove_incomplete_rows
,,,,,,,<na>,,61.0,9.87,33.03,,,4141,financial data present but missing supporting fields,remove_incomplete_rows
,,,,,,,<na>,,16.5,1.47,12.08,,,4145,financial data present but missing supporting fields,remove_incomplete_rows
,,,,,,,<na>,,73.0,5.83,43.85,,,4149,financial data present but missing supporting fields,remove_incomplete_rows
,,,,,,,<na>,,5.3,4.72,0.58,,,4153,financial data present but missing supporting fields,remove_incomplete_rows
,,,,,,,<na>,,135.0,24.52,12.4,,,4157,financial data present but missing supporting fields,remove_incomplete_rows
,,,,,,,<na>,,178.12,28.77,34.28,,,4166,financial data present but missing supporting fields,remove_incomplete_rows
,,,,,,,<na>,,89.0,61.2,24.65,,,4171,financial data present but missing supporting fields,remove_incomplete_rows
,,,,,,,<na>,,72.0,62.88,9.12,,,4176,financial data present but missing supporting fields,remove_incomplete_rows
,,,,,,,<na>,,15.0,7.87,7.13,,,4180,financial data present but missing supporting fields,remove_incomplete_rows
,,,,,,,<na>,,46.0,42.44,3.56,,,4184,financial data present but missing supporting fields,remove_incomplete_rows
,,,,,,,<na>,,96.5,81.24,15.26,,,4188,financial data present but missing supporting fields,remove_incomplete_rows
,,,,,,,<na>,,567.0,1.53,352.8,,,4193,financial data present but missing supporting fields,remove_incomplete_rows
,,,,,,,<na>,,82.5,33.0,49.5,,,4197,financial data present but missing supporting fields,remove_incomplete_rows
,,,,,,,<na>,,258.9,201.91,24.86,,,4203,financial data present but missing supporting fields,remove_incomplete_rows
,,,,,,,<na>,,72.5,5.8,43.5,,,4207,financial data present but missing supporting fields,remove_incomplete_rows
,,,,,,,<na>,,23.75,21.25,2.5,,,4211,financial data present but missing supporting fields,remove_incomplete_rows
,,,,,,,<na>,,13.0,11.7,1.3,,,4215,financial data present but missing supporting fields,remove_incomplete_rows
,,,,,,,<na>,,519.0,446.1,72.9,,,4225,financial data present but missing supporting fields,remove_incomplete_rows
,,,,,,,<na>,,169.9,134.29,34.97,,,4231,financial data present but missing supporting fields,remove_incomplete_rows
,,,,,,,<na>,,260.0,111.37,55.89,,,4236,financial data present but missing supporting fields,remove_incomplete_rows
,,,,,,,<na>,,49.5,14.15,7.06,,,4240,financial data present but missing supporting fields,remove_incomplete_rows
,,,,,,,<na>,,108.0,89.25,18.75,,,4244,financial data present but missing supporting fields,remove_incomplete_rows
,,,,,,,<na>,,316.8,220.0,96.8,,,4248,financial data present but missing supporting fields,remove_incomplete_rows
,,,,,,,<na>,,18.0,10.71,7.29,,,4252,financial data present but missing supporting fields,remove_incomplete_rows
,,,,,,,<na>,,51.75,43.24,8.51,,,4256,financial data present but missing supporting fields,remove_incomplete_rows
,,,,,,,<na>,,74.85,52.01,13.54,,,4261,financial data present but missing supporting fields,remove_incomplete_rows
,,,,,,,<na>,,91.5,77.65,13.85,,,4266,financial data present but missing supporting fields,remove_incomplete_rows
,,,,,,,<na>,,33.0,7.15,4.38,,,4270,financial data present but missing supporting fields,remove_incomplete_rows
,,,,,,,<na>,,85.75,59.33,24.72,,,4275,financial data present but missing supporting fields,remove_incomplete_rows
,,,,,,,<na>,,4132.5,2858.33,1274.17,,,4279,financial data present but missing supporting fields,remove_incomplete_rows
,,,,,,,<na>,,142.52,95.69,18.43,,,4284,financial data present but missing supporting fields,remove_incomplete_rows
,,,,,,,<na>,,287.0,25.2,61.63,,,4289,financial data present but missing supporting fields,remove_incomplete_rows
,,,,,,,<na>,,95.5,33.0,62.5,,,4294,financial data present but missing supporting fields,remove_incomplete_rows
,,,,,,,<na>,,104.34,63.76,32.15,,,4304,financial data present but missing supporting fields,remove_incomplete_rows
,,,,,,,<na>,,53.5,24.07,5.37,,,4308,financial data present but missing supporting fields,remove_incomplete_rows
,,,,,,,<na>,,34.5,27.56,6.94,,,4312,financial data present but missing supporting fields,remove_incomplete_rows
,,,,,,,<na>,,154.27,72.09,56.18,,,4321,financial data present but missing supporting fields,remove_incomplete_rows
,,,,,,,<na>,,586.36,12.81,297.26,,,4328,financial data present but missing supporting fields,remove_incomplete_rows
,,,,,,,<na>,,118.56,42.37,29.02,,,4338,financial data present but missing supporting fields,remove_incomplete_rows
,,,,,,,<na>,,15.0,7.87,7.13,,,4342,financial data present but missing supporting fields,remove_incomplete_rows
,,,,,,,<na>,,5421.7,808.5,383.59,,,4350,financial data present but missing supporting fields,remove_incomplete_rows
,,,,,,,<na>,,1557.0,34.71,106.29,,,4355,financial data present but missing supporting fields,remove_incomplete_rows
,,,,,,,<na>,,119.42,83.05,13.0,,,4360,financial data present but missing supporting fields,remove_incomplete_rows
,,,,,,,<na>,,130.0,117.0,13.0,,,4364,financial data present but missing supporting fields,remove_incomplete_rows
,,,,,,,<na>,,317.5,20.31,114.45,,,4369,financial data present but missing supporting fields,remove_incomplete_rows
,,,,,,,<na>,,36.75,30.77,5.98,,,4373,financial data present but missing supporting fields,remove_incomplete_rows
,,,,,,,<na>,,20.25,3.27,10.44,,,4377,financial data present but missing supporting fields,remove_incomplete_rows
,,,,,,,<na>,,600.0,414.16,114.59,,,4384,financial data present but missing supporting fields,remove_incomplete_rows
,,,,,,,<na>,,32.0,3.57,3.44,,,4388,financial data present but missing supporting fields,remove_incomplete_rows
,,,,,,,<na>,,507.76,43.28,99.18,,,4393,financial data present but missing supporting fields,remove_incomplete_rows
,,,,,,,<na>,,94.0,3.75,56.5,,,4397,financial data present but missing supporting fields,remove_incomplete_rows
,,,,,,,<na>,,10.5,4.72,1.07,,,4401,financial data present but missing supporting fields,remove_incomplete_rows
,,,,,,,<na>,,13.0,11.7,1.3,,,4405,financial data present but missing supporting fields,remove_incomplete_rows
,,,,,,,<na>,,49.6,11.13,5.09,,,4409,financial data present but missing supporting fields,remove_incomplete_rows
,,,,,,,<na>,,11.0,6.0,5.0,,,4413,financial data present but missing supporting fields,remove_incomplete_rows
,,,,,,,<na>,,810.25,39.83,194.45,,,4418,financial data present but missing supporting fields,remove_incomplete_rows
,,,,,,,<na>,,70.0,1.69,46.38,,,4422,financial data present but missing supporting fields,remove_incomplete_rows
,,,,,,,<na>,,34.88,29.07,5.81,,,4426,financial data present but missing supporting fields,remove_incomplete_rows
,,,,,,,<na>,,168.02,151.37,16.65,,,4430,financial data present but missing supporting fields,remove_incomplete_rows
,,,,,,,<na>,,42.75,17.87,10.57,,,4435,financial data present but missing supporting fields,remove_incomplete_rows
,,,,,,,<na>,,52.5,4.72,5.33,,,4439,financial data present but missing supporting fields,remove_incomplete_rows
,,,,,,,<na>,,92.5,84.04,8.46,,,4443,financial data present but missing supporting fields,remove_incomplete_rows
,,,,,,,<na>,,20.0,8.65,2.7,,,4447,financial data present but missing supporting fields,remove_incomplete_rows
,,,,,,,<na>,,256.7,23.0,26.7,,,4452,financial data present but missing supporting fields,remove_incomplete_rows
,,,,,,,<na>,,420.0,16.7,86.0,,,4456,financial data present but missing supporting fields,remove_incomplete_rows
,,,,,,,<na>,,854.0,29.0,238.0,,,4461,financial data present but missing supporting fields,remove_incomplete_rows
,,,,,,,<na>,,44.0,40.96,3.04,,,4466,financial data present but missing supporting fields,remove_incomplete_rows
,,,,,,,<na>,,18.0,10.71,7.29,,,4470,financial data present but missing supporting fields,remove_incomplete_rows
,,,,,,,<na>,,55.37,29.12,9.5,,,4476,financial data present but missing supporting fields,remove_incomplete_rows
,,,,,,,<na>,,610.0,76.02,109.35,,,4482,financial data present but missing supporting fields,remove_incomplete_rows
,,,,,,,<na>,,150.0,24.0,30.0,,,4486,financial data present but missing supporting fields,remove_incomplete_rows
,,,,,,,<na>,,600.0,650.0,-50.0,,,4490,financial data present but missing supporting fields,remove_incomplete_rows
,,,,,,,<na>,,52.87,44.06,8.81,,,4494,financial data present but missing supporting fields,remove_incomplete_rows
,,,,,,,<na>,,52.9,46.01,6.89,,,4498,financial data present but missing supporting fields,remove_incomplete_rows
,,,,,,,<na>,,15.0,7.87,7.13,,,4502,financial data present but missing supporting fields,remove_incomplete_rows
,,,,,,,<na>,,15.0,7.87,7.13,,,4506,financial data present but missing supporting fields,remove_incomplete_rows
,,,,,,,<na>,,15.0,7.87,7.13,,,4510,financial data present but missing supporting fields,remove_incomplete_rows
,,,,,,,<na>,,218.6,92.04,70.9,,,4517,financial data present but missing supporting fields,remove_incomplete_rows
,,,,,,,<na>,,14.75,13.4,1.35,,,4521,financial data present but missing supporting fields,remove_incomplete_rows
,,,,,,,<na>,,15.0,7.87,7.13,,,4525,financial data present but missing supporting fields,remove_incomplete_rows
,,,,,,,<na>,,2700.0,14.68,1232.0,,,4530,financial data present but missing supporting fields,remove_incomplete_rows
,,,,,,,<na>,,85.0,1.9,66.02,,,4535,financial data present but missing supporting fields,remove_incomplete_rows
,,,,,,,<na>,,20.0,13.0,7.0,,,4539,financial data present but missing supporting fields,remove_incomplete_rows
,,,,,,,<na>,,70.5,62.07,8.43,,,4543,financial data present but missing supporting fields,remove_incomplete_rows
,,,,,,,<na>,,69.0,60.85,8.15,,,4547,financial data present but missing supporting fields,remove_incomplete_rows
,,,,,,,<na>,,527.51,107.46,50.94,,,4560,financial data present but missing supporting fields,remove_incomplete_rows
,,,,,,,<na>,,706.25,373.3,109.57,,,4570,financial data present but missing supporting fields,remove_incomplete_rows
,,,,,,,<na>,,303.28,27.89,-56.62,,,4576,financial data present but missing supporting fields,remove_incomplete_rows
,,,,,,,<na>,,235.75,190.55,45.2,,,4582,financial data present but missing supporting fields,remove_incomplete_rows
,,,,,,,<na>,,128.0,25.34,26.64,,,4586,financial data present but missing supporting fields,remove_incomplete_rows
,,,,,,,<na>,,155.0,86.71,54.92,,,4591,financial data present but missing supporting fields,remove_incomplete_rows
,,,,,,,<na>,,15.0,0.42,12.88,,,4595,financial data present but missing supporting fields,remove_incomplete_rows
,,,,,,,<na>,,162.5,55.0,107.5,,,4599,financial data present but missing supporting fields,remove_incomplete_rows
,,,,,,,<na>,,22.0,1.47,16.1,,,4603,financial data present but missing supporting fields,remove_incomplete_rows
,,,,,,,<na>,,77.8,3.3,49.0,,,4608,financial data present but missing supporting fields,remove_incomplete_rows
,,,,,,,<na>,,77.0,62.56,14.44,,,4613,financial data present but missing supporting fields,remove_incomplete_rows
,,,,,,,<na>,,191.83,115.72,48.11,,,4623,financial data present but missing supporting fields,remove_incomplete_rows
,,,,,,,<na>,,121.43,58.0,63.43,,,4627,financial data present but missing supporting fields,remove_incomplete_rows
,,,,,,,<na>,,26.25,4.72,2.67,,,4631,financial data present but missing supporting fields,remove_incomplete_rows
,,,,,,,<na>,,50.7,6.75,30.45,,,4636,financial data present but missing supporting fields,remove_incomplete_rows
,,,,,,,<na>,,113.0,30.98,34.66,,,4641,financial data present but missing supporting fields,remove_incomplete_rows
,,,,,,,<na>,,294.0,32.34,-29.43,,,4646,financial data present but missing supporting fields,remove_incomplete_rows
,,,,,,,<na>,,86.75,51.76,32.59,,,4651,financial data present but missing supporting fields,remove_incomplete_rows
,,,,,,,<na>,,58.2,45.9,12.3,,,4655,financial data present but missing supporting fields,remove_incomplete_rows
,,,,,,,<na>,,239.0,89.63,4.62,,,4660,financial data present but missing supporting fields,remove_incomplete_rows
,,,,,,,<na>,,32.5,13.71,5.09,,,4664,financial data present but missing supporting fields,remove_incomplete_rows
,,,,,,,<na>,,3079.15,128.74,691.51,,,4677,financial data present but missing supporting fields,remove_incomplete_rows
,,,,,,,<na>,,98.0,17.85,15.96,,,4682,financial data present but missing supporting fields,remove_incomplete_rows
,,,,,,,<na>,,39.25,35.65,3.6,,,4686,financial data present but missing supporting fields,remove_incomplete_rows
,,,,,,,<na>,,13.0,11.7,1.3,,,4690,financial data present but missing supporting fields,remove_incomplete_rows
,,,,,,,<na>,,52.0,44.99,7.01,,,4694,financial data present but missing supporting fields,remove_incomplete_rows
,,,,,,,<na>,,83.0,64.52,18.48,,,4699,financial data present but missing supporting fields,remove_incomplete_rows
,,,,,,,<na>,,220.5,103.31,28.69,,,4704,financial data present but missing supporting fields,remove_incomplete_rows
,,,,,,,<na>,,65.0,53.81,11.19,,,4708,financial data present but missing supporting fields,remove_incomplete_rows
,,,,,,,<na>,,300.5,181.12,65.02,,,4714,financial data present but missing supporting fields,remove_incomplete_rows
,,,,,,,<na>,,140.0,8.0,28.0,,,4718,financial data present but missing supporting fields,remove_incomplete_rows
,,,,,,,<na>,,37.0,13.87,17.13,,,4723,financial data present but missing supporting fields,remove_incomplete_rows
,,,,,,,<na>,,259.8,7.8,25.91,,,4727,financial data present but missing supporting fields,remove_incomplete_rows
,,,,,,,<na>,,71.75,60.7,11.05,,,4733,financial data present but missing supporting fields,remove_incomplete_rows
,,,,,,,<na>,,167.75,77.5,65.6,,,4738,financial data present but missing supporting fields,remove_incomplete_rows
,,,,,,,<na>,,341.0,307.75,33.25,,,4743,financial data present but missing supporting fields,remove_incomplete_rows
,,,,,,,<na>,,689.25,84.75,158.75,,,4749,financial data present but missing supporting fields,remove_incomplete_rows
,,,,,,,<na>,,360.0,15.3,54.0,,,4753,financial data present but missing supporting fields,remove_incomplete_rows
,,,,,,,<na>,,24.0,4.0,16.0,,,4757,financial data present but missing supporting fields,remove_incomplete_rows
,,,,,,,<na>,,48.75,41.97,6.78,,,4762,financial data present but missing supporting fields,remove_incomplete_rows
,,,,,,,<na>,,66.0,30.23,5.55,,,4766,financial data present but missing supporting fields,remove_incomplete_rows
,,,,,,,<na>,,80.0,2.0,60.0,,,4770,financial data present but missing supporting fields,remove_incomplete_rows
,,,,,,,<na>,,16.0,2.0,12.0,,,4774,financial data present but missing supporting fields,remove_incomplete_rows
,,,,,,,<na>,,96.11,64.41,27.72,,,4785,financial data present but missing supporting fields,remove_incomplete_rows
,,,,,,,<na>,,105.34,60.32,19.15,,,4790,financial data present but missing supporting fields,remove_incomplete_rows
,,,,,,,<na>,,30.0,16.0,14.0,,,4794,financial data present but missing supporting fields,remove_incomplete_rows
,,,,,,,<na>,,92.7,4.3,54.0,,,4798,financial data present but missing supporting fields,remove_incomplete_rows
,,,,,,,<na>,,163.0,67.01,44.68,,,4804,financial data present but missing supporting fields,remove_incomplete_rows
,,,,,,,<na>,,281.52,12.77,71.92,,,4812,financial data present but missing supporting fields,remove_incomplete_rows
,,,,,,,<na>,,53.0,11.88,5.48,,,4816,financial data present but missing supporting fields,remove_incomplete_rows
,,,,,,,<na>,,40.0,3.57,4.3,,,4821,financial data present but missing supporting fields,remove_incomplete_rows
,,,,,,,<na>,,,,,,,0,all important fields empty,remove_incomplete_rows
,,,,,,,<na>,,,,,,,3,all important fields empty,remove_incomplete_rows
,,,,,,,<na>,,,,,,,4,all important fields empty,remove_incomplete_rows
,,,,,,,<na>,,,,,,,8,all important fields empty,remove_incomplete_rows
,,,,,,,<na>,,,,,,,9,all important fields empty,remove_incomplete_rows
,,,,,,,<na>,,,,,,,12,all important fields empty,remove_incomplete_rows
,,,,,,,<na>,,,,,,,13,all important fields empty,remove_incomplete_rows
,,,,,,,<na>,,,,,,,25,all important fields empty,remove_incomplete_rows
,,,,,,,<na>,,,,,,,26,all important fields empty,remove_incomplete_rows
,,,,,,,<na>,,,,,,,32,all important fields empty,remove_incomplete_rows
,,,,,,,<na>,,,,,,,33,all important fields empty,remove_incomplete_rows
,,,,,,,<na>,,,,,,,36,all important fields empty,remove_incomplete_rows
,,,,,,,<na>,,,,,,,37,all important fields empty,remove_incomplete_rows
,,,,,,,<na>,,,,,,,41,all important fields empty,remove_incomplete_rows
,,,,,,,<na>,,,,,,,42,all important fields empty,remove_incomplete_rows
,,,,,,,<na>,,,,,,,45,all important fields empty,remove_incomplete_rows
,,,,,,,<na>,,,,,,,46,all important fields empty,remove_incomplete_rows
,,,,,,,<na>,,,,,,,49,all important fields empty,remove_incomplete_rows
,,,,,,,<na>,,,,,,,50,all important fields empty,remove_incomplete_rows
,,,,,,,<na>,,,,,,,54,all important fields empty,remove_incomplete_rows
,,,,,,,<na>,,,,,,,55,all important fields empty,remove_incomplete_rows
,,,,,,,<na>,,,,,,,58,all important fields empty,remove_incomplete_rows
,,,,,,,<na>,,,,,,,59,all important fields empty,remove_incomplete_rows
,,,,,,,<na>,,,,,,,62,all important fields empty,remove_incomplete_rows
,,,,,,,<na>,,,,,,,63,all important fields empty,remove_incomplete_rows
,,,,,,,<na>,,,,,,,66,all important fields empty,remove_incomplete_rows
,,,,,,,<na>,,,,,,,67,all important fields empty,remove_incomplete_rows
,,,,,,,<na>,,,,,,,70,all important fields empty,remove_incomplete_rows
,,,,,,,<na>,,,,,,,71,all important fields empty,remove_incomplete_rows
,,,,,,,<na>,,,,,,,76,all important fields empty,remove_incomplete_rows
,,,,,,,<na>,,,,,,,77,all important fields empty,remove_incomplete_rows
,,,,,,,<na>,,,,,,,80,all important fields empty,remove_incomplete_rows
,,,,,,,<na>,,,,,,,81,all important fields empty,remove_incomplete_rows
,,,,,,,<na>,,,,,,,84,all important fields empty,remove_incomplete_rows
,,,,,,,<na>,,,,,,,85,all important fields empty,remove_incomplete_rows
,,,,,,,<na>,,,,,,,88,all important fields empty,remove_incomplete_rows
,,,,,,,<na>,,,,,,,89,all important fields empty,remove_incomplete_rows
,,,,,,,<na>,,,,,,,92,all important fields empty,remove_incomplete_rows
,,,,,,,<na>,,,,,,,93,all important fields empty,remove_incomplete_rows
,,,,,,,<na>,,,,,,,96,all important fields empty,remove_incomplete_rows
,,,,,,,<na>,,,,,,,97,all important fields empty,remove_incomplete_rows
,,,,,,,<na>,,,,,,,105,all important fields empty,remove_incomplete_rows
,,,,,,,<na>,,,,,,,106,all important fields empty,remove_incomplete_rows
,,,,,,,<na>,,,,,,,109,all important fields empty,remove_incomplete_rows
,,,,,,,<na>,,,,,,,110,all important fields empty,remove_incomplete_rows
,,,,,,,<na>,,,,,,,113,all important fields empty,remove_incomplete_rows
,,,,,,,<na>,,,,,,,114,all important fields empty,remove_incomplete_rows
,,,,,,,<na>,,,,,,,117,all important fields empty,remove_incomplete_rows
,,,,,,,<na>,,,,,,,118,all important fields empty,remove_incomplete_rows
,,,,,,,<na>,,,,,,,121,all important fields empty,remove_incomplete_rows
,,,,,,,<na>,,,,,,,122,all important fields empty,remove_incomplete_rows
,,,,,,,<na>,,,,,,,128,all important fields empty,remove_incomplete_rows
,,,,,,,<na>,,,,,,,129,all important fields empty,remove_incomplete_rows
,,,,,,,<na>,,,,,,,132,all important fields empty,remove_incomplete_rows
,,,,,,,<na>,,,,,,,133,all important fields empty,remove_incomplete_rows
,,,,,,,<na>,,,,,,,136,all important fields empty,remove_incomplete_rows
,,,,,,,<na>,,,,,,,137,all important fields empty,remove_incomplete_rows
,,,,,,,<na>,,,,,,,140,all important fields empty,remove_incomplete_rows
,,,,,,,<na>,,,,,,,141,all important fields empty,remove_incomplete_rows
,,,,,,,<na>,,,,,,,144,all important fields empty,remove_incomplete_rows
,,,,,,,<na>,,,,,,,145,all important fields empty,remove_incomplete_rows
,,,,,,,<na>,,,,,,,150,all important fields empty,remove_incomplete_rows
,,,,,,,<na>,,,,,,,151,all important fields empty,remove_incomplete_rows
,,,,,,,<na>,,,,,,,155,all important fields empty,remove_incomplete_rows
,,,,,,,<na>,,,,,,,156,all important fields empty,remove_incomplete_rows
,,,,,,,<na>,,,,,,,161,all important fields empty,remove_incomplete_rows
,,,,,,,<na>,,,,,,,162,all important fields empty,remove_incomplete_rows
,,,,,,,<na>,,,,,,,165,all important fields empty,remove_incomplete_rows
,,,,,,,<na>,,,,,,,166,all important fields empty,remove_incomplete_rows
,,,,,,,<na>,,,,,,,169,all important fields empty,remove_incomplete_rows
,,,,,,,<na>,,,,,,,170,all important fields empty,remove_incomplete_rows
,,,,,,,<na>,,,,,,,173,all important fields empty,remove_incomplete_rows
,,,,,,,<na>,,,,,,,174,all important fields empty,remove_incomplete_rows
,,,,,,,<na>,,,,,,,177,all important fields empty,remove_incomplete_rows
,,,,,,,<na>,,,,,,,178,all important fields empty,remove_incomplete_rows
,,,,,,,<na>,,,,,,,181,all important fields empty,remove_incomplete_rows
,,,,,,,<na>,,,,,,,182,all important fields empty,remove_incomplete_rows
,,,,,,,<na>,,,,,,,186,all important fields empty,remove_incomplete_rows
,,,,,,,<na>,,,,,,,187,all important fields empty,remove_incomplete_rows
,,,,,,,<na>,,,,,,,191,all important fields empty,remove_incomplete_rows
,,,,,,,<na>,,,,,,,192,all important fields empty,remove_incomplete_rows
,,,,,,,<na>,,,,,,,195,all important fields empty,remove_incomplete_rows
,,,,,,,<na>,,,,,,,196,all important fields empty,remove_incomplete_rows
,,,,,,,<na>,,,,,,,202,all important fields empty,remove_incomplete_rows
,,,,,,,<na>,,,,,,,203,all important fields empty,remove_incomplete_rows
,,,,,,,<na>,,,,,,,213,all important fields empty,remove_incomplete_rows
,,,,,,,<na>,,,,,,,214,all important fields empty,remove_incomplete_rows
,,,,,,,<na>,,,,,,,219,all important fields empty,remove_incomplete_rows
,,,,,,,<na>,,,,,,,220,all important fields empty,remove_incomplete_rows
,,,,,,,<na>,,,,,,,223,all important fields empty,remove_incomplete_rows
,,,,,,,<na>,,,,,,,224,all important fields empty,remove_incomplete_rows
,,,,,,,<na>,,,,,,,227,all important fields empty,remove_incomplete_rows
,,,,,,,<na>,,,,,,,228,all important fields empty,remove_incomplete_rows
,,,,,,,<na>,,,,,,,231,all important fields empty,remove_incomplete_rows
,,,,,,,<na>,,,,,,,232,all important fields empty,remove_incomplete_rows
,,,,,,,<na>,,,,,,,235,all important fields empty,remove_incomplete_rows
,,,,,,,<na>,,,,,,,236,all important fields empty,remove_incomplete_rows
,,,,,,,<na>,,,,,,,239,all important fields empty,remove_incomplete_rows
,,,,,,,<na>,,,,,,,240,all important fields empty,remove_incomplete_rows
,,,,,,,<na>,,,,,,,246,all important fields empty,remove_incomplete_rows
,,,,,,,<na>,,,,,,,247,all important fields empty,remove_incomplete_rows
,,,,,,,<na>,,,,,,,253,all important fields empty,remove_incomplete_rows
,,,,,,,<na>,,,,,,,254,all important fields empty,remove_incomplete_rows
,,,,,,,<na>,,,,,,,257,all important fields empty,remove_incomplete_rows
,,,,,,,<na>,,,,,,,258,all important fields empty,remove_incomplete_rows
,,,,,,,<na>,,,,,,,261,all important fields empty,remove_incomplete_rows
,,,,,,,<na>,,,,,,,262,all important fields empty,remove_incomplete_rows
,,,,,,,<na>,,,,,,,265,all important fields empty,remove_incomplete_rows
,,,,,,,<na>,,,,,,,266,all important fields empty,remove_incomplete_rows
,,,,,,,<na>,,,,,,,269,all important fields empty,remove_incomplete_rows
,,,,,,,<na>,,,,,,,270,all important fields empty,remove_incomplete_rows
,,,,,,,<na>,,,,,,,273,all important fields empty,remove_incomplete_rows
,,,,,,,<na>,,,,,,,274,all important fields empty,remove_incomplete_rows
,,,,,,,<na>,,,,,,,277,all important fields empty,remove_incomplete_rows
,,,,,,,<na>,,,,,,,278,all important fields empty,remove_incomplete_rows
,,,,,,,<na>,,,,,,,282,all important fields empty,remove_incomplete_rows
,,,,,,,<na>,,,,,,,283,all important fields empty,remove_incomplete_rows
,,,,,,,<na>,,,,,,,287,all important fields empty,remove_incomplete_rows
,,,,,,,<na>,,,,,,,288,all important fields empty,remove_incomplete_rows
,,,,,,,<na>,,,,,,,291,all important fields empty,remove_incomplete_rows
,,,,,,,<na>,,,,,,,292,all important fields empty,remove_incomplete_rows
,,,,,,,<na>,,,,,,,296,all important fields empty,remove_incomplete_rows
,,,,,,,<na>,,,,,,,297,all important fields empty,remove_incomplete_rows
,,,,,,,<na>,,,,,,,300,all important fields empty,remove_incomplete_rows
,,,,,,,<na>,,,,,,,301,all important fields empty,remove_incomplete_rows
,,,,,,,<na>,,,,,,,304,all important fields empty,remove_incomplete_rows
,,,,,,,<na>,,,,,,,305,all important fields empty,remove_incomplete_rows
,,,,,,,<na>,,,,,,,309,all important fields empty,remove_incomplete_rows
,,,,,,,<na>,,,,,,,310,all important fields empty,remove_incomplete_rows
,,,,,,,<na>,,,,,,,313,all important fields empty,remove_incomplete_rows
,,,,,,,<na>,,,,,,,314,all important fields empty,remove_incomplete_rows
,,,,,,,<na>,,,,,,,317,all important fields empty,remove_incomplete_rows
,,,,,,,<na>,,,,,,,318,all important fields empty,remove_incomplete_rows
,,,,,,,<na>,,,,,,,322,all important fields empty,remove_incomplete_rows
,,,,,,,<na>,,,,,,,323,all important fields empty,remove_incomplete_rows
,,,,,,,<na>,,,,,,,326,all important fields empty,remove_incomplete_rows
,,,,,,,<na>,,,,,,,327,all important fields empty,remove_incomplete_rows
,,,,,,,<na>,,,,,,,332,all important fields empty,remove_incomplete_rows
,,,,,,,<na>,,,,,,,333,all important fields empty,remove_incomplete_rows
,,,,,,,<na>,,,,,,,336,all important fields empty,remove_incomplete_rows
,,,,,,,<na>,,,,,,,337,all important fields empty,remove_incomplete_rows
,,,,,,,<na>,,,,,,,340,all important fields empty,remove_incomplete_rows
,,,,,,,<na>,,,,,,,341,all important fields empty,remove_incomplete_rows
,,,,,,,<na>,,,,,,,346,all important fields empty,remove_incomplete_rows
,,,,,,,<na>,,,,,,,347,all important fields empty,remove_incomplete_rows
,,,,,,,<na>,,,,,,,350,all important fields empty,remove_incomplete_rows
,,,,,,,<na>,,,,,,,351,all important fields empty,remove_incomplete_rows
,,,,,,,<na>,,,,,,,354,all important fields empty,remove_incomplete_rows
,,,,,,,<na>,,,,,,,355,all important fields empty,remove_incomplete_rows
,,,,,,,<na>,,,,,,,359,all important fields empty,remove_incomplete_rows
,,,,,,,<na>,,,,,,,360,all important fields empty,remove_incomplete_rows
,,,,,,,<na>,,,,,,,364,all important fields empty,remove_incomplete_rows
,,,,,,,<na>,,,,,,,365,all important fields empty,remove_incomplete_rows
,,,,,,,<na>,,,,,,,368,all important fields empty,remove_incomplete_rows
,,,,,,,<na>,,,,,,,369,all important fields empty,remove_incomplete_rows
,,,,,,,<na>,,,,,,,377,all important fields empty,remove_incomplete_rows
,,,,,,,<na>,,,,,,,378,all important fields empty,remove_incomplete_rows
,,,,,,,<na>,,,,,,,381,all important fields empty,remove_incomplete_rows
,,,,,,,<na>,,,,,,,382,all important fields empty,remove_incomplete_rows
,,,,,,,<na>,,,,,,,385,all important fields empty,remove_incomplete_rows
,,,,,,,<na>,,,,,,,386,all important fields empty,remove_incomplete_rows
,,,,,,,<na>,,,,,,,389,all important fields empty,remove_incomplete_rows
,,,,,,,<na>,,,,,,,390,all important fields empty,remove_incomplete_rows
,,,,,,,<na>,,,,,,,393,all important fields empty,remove_incomplete_rows
,,,,,,,<na>,,,,,,,394,all important fields empty,remove_incomplete_rows
,,,,,,,<na>,,,,,,,398,all important fields empty,remove_incomplete_rows
,,,,,,,<na>,,,,,,,399,all important fields empty,remove_incomplete_rows
,,,,,,,<na>,,,,,,,402,all important fields empty,remove_incomplete_rows
,,,,,,,<na>,,,,,,,403,all important fields empty,remove_incomplete_rows
,,,,,,,<na>,,,,,,,407,all important fields empty,remove_incomplete_rows
,,,,,,,<na>,,,,,,,408,all important fields empty,remove_incomplete_rows
,,,,,,,<na>,,,,,,,412,all important fields empty,remove_incomplete_rows
,,,,,,,<na>,,,,,,,413,all important fields empty,remove_incomplete_rows
,,,,,,,<na>,,,,,,,416,all important fields empty,remove_incomplete_rows
,,,,,,,<na>,,,,,,,417,all important fields empty,remove_incomplete_rows
,,,,,,,<na>,,,,,,,424,all important fields empty,remove_incomplete_rows
,,,,,,,<na>,,,,,,,425,all important fields empty,remove_incomplete_rows
,,,,,,,<na>,,,,,,,428,all important fields empty,remove_incomplete_rows
,,,,,,,<na>,,,,,,,429,all important fields empty,remove_incomplete_rows
,,,,,,,<na>,,,,,,,432,all important fields empty,remove_incomplete_rows
,,,,,,,<na>,,,,,,,433,all important fields empty,remove_incomplete_rows
,,,,,,,<na>,,,,,,,436,all important fields empty,remove_incomplete_rows
,,,,,,,<na>,,,,,,,437,all important fields empty,remove_incomplete_rows
,,,,,,,<na>,,,,,,,440,all important fields empty,remove_incomplete_rows
,,,,,,,<na>,,,,,,,441,all important fields empty,remove_incomplete_rows
,,,,,,,<na>,,,,,,,444,all important fields empty,remove_incomplete_rows
,,,,,,,<na>,,,,,,,445,all important fields empty,remove_incomplete_rows
,,,,,,,<na>,,,,,,,448,all important fields empty,remove_incomplete_rows
,,,,,,,<na>,,,,,,,449,all important fields empty,remove_incomplete_rows
,,,,,,,<na>,,,,,,,452,all important fields empty,remove_incomplete_rows
,,,,,,,<na>,,,,,,,453,all important fields empty,remove_incomplete_rows
,,,,,,,<na>,,,,,,,456,all important fields empty,remove_incomplete_rows
,,,,,,,<na>,,,,,,,457,all important fields empty,remove_incomplete_rows
,,,,,,,<na>,,,,,,,461,all important fields empty,remove_incomplete_rows
,,,,,,,<na>,,,,,,,462,all important fields empty,remove_incomplete_rows
,,,,,,,<na>,,,,,,,465,all important fields empty,remove_incomplete_rows
,,,,,,,<na>,,,,,,,466,all important fields empty,remove_incomplete_rows
,,,,,,,<na>,,,,,,,470,all important fields empty,remove_incomplete_rows
,,,,,,,<na>,,,,,,,471,all important fields empty,remove_incomplete_rows
,,,,,,,<na>,,,,,,,474,all important fields empty,remove_incomplete_rows
,,,,,,,<na>,,,,,,,475,all important fields empty,remove_incomplete_rows
,,,,,,,<na>,,,,,,,478,all important fields empty,remove_incomplete_rows
,,,,,,,<na>,,,,,,,479,all important fields empty,remove_incomplete_rows
,,,,,,,<na>,,,,,,,482,all important fields empty,remove_incomplete_rows
,,,,,,,<na>,,,,,,,483,all important fields empty,remove_incomplete_rows
,,,,,,,<na>,,,,,,,486,all important fields empty,remove_incomplete_rows
,,,,,,,<na>,,,,,,,487,all important fields empty,remove_incomplete_rows
,,,,,,,<na>,,,,,,,491,all important fields empty,remove_incomplete_rows
,,,,,,,<na>,,,,,,,492,all important fields empty,remove_incomplete_rows
,,,,,,,<na>,,,,,,,495,all important fields empty,remove_incomplete_rows
,,,,,,,<na>,,,,,,,496,all important fields empty,remove_incomplete_rows
,,,,,,,<na>,,,,,,,499,all important fields empty,remove_incomplete_rows
,,,,,,,<na>,,,,,,,500,all important fields empty,remove_incomplete_rows
,,,,,,,<na>,,,,,,,503,all important fields empty,remove_incomplete_rows
,,,,,,,<na>,,,,,,,504,all important fields empty,remove_incomplete_rows
,,,,,,,<na>,,,,,,,509,all important fields empty,remove_incomplete_rows
,,,,,,,<na>,,,,,,,510,all important fields empty,remove_incomplete_rows
,,,,,,,<na>,,,,,,,516,all important fields empty,remove_incomplete_rows
,,,,,,,<na>,,,,,,,517,all important fields empty,remove_incomplete_rows
,,,,,,,<na>,,,,,,,520,all important fields empty,remove_incomplete_rows
,,,,,,,<na>,,,,,,,521,all important fields empty,remove_incomplete_rows
,,,,,,,<na>,,,,,,,524,all important fields empty,remove_incomplete_rows
,,,,,,,<na>,,,,,,,525,all important fields empty,remove_incomplete_rows
,,,,,,,<na>,,,,,,,533,all important fields empty,remove_incomplete_rows
,,,,,,,<na>,,,,,,,534,all important fields empty,remove_incomplete_rows
,,,,,,,<na>,,,,,,,537,all important fields empty,remove_incomplete_rows
,,,,,,,<na>,,,,,,,538,all important fields empty,remove_incomplete_rows
,,,,,,,<na>,,,,,,,543,all important fields empty,remove_incomplete_rows
,,,,,,,<na>,,,,,,,544,all important fields empty,remove_incomplete_rows
,,,,,,,<na>,,,,,,,547,all important fields empty,remove_incomplete_rows
,,,,,,,<na>,,,,,,,548,all important fields empty,remove_incomplete_rows
,,,,,,,<na>,,,,,,,553,all important fields empty,remove_incomplete_rows
,,,,,,,<na>,,,,,,,554,all important fields empty,remove_incomplete_rows
,,,,,,,<na>,,,,,,,560,all important fields empty,remove_incomplete_rows
,,,,,,,<na>,,,,,,,561,all important fields empty,remove_incomplete_rows
,,,,,,,<na>,,,,,,,568,all important fields empty,remove_incomplete_rows
,,,,,,,<na>,,,,,,,569,all important fields empty,remove_incomplete_rows
,,,,,,,<na>,,,,,,,573,all important fields empty,remove_incomplete_rows
,,,,,,,<na>,,,,,,,574,all important fields empty,remove_incomplete_rows
,,,,,,,<na>,,,,,,,577,all important fields empty,remove_incomplete_rows
,,,,,,,<na>,,,,,,,578,all important fields empty,remove_incomplete_rows
,,,,,,,<na>,,,,,,,583,all important fields empty,remove_incomplete_rows
,,,,,,,<na>,,,,,,,584,all important fields empty,remove_incomplete_rows
,,,,,,,<na>,,,,,,,587,all important fields empty,remove_incomplete_rows
,,,,,,,<na>,,,,,,,588,all important fields empty,remove_incomplete_rows
,,,,,,,<na>,,,,,,,593,all important fields empty,remove_incomplete_rows
,,,,,,,<na>,,,,,,,594,all important fields empty,remove_incomplete_rows
,,,,,,,<na>,,,,,,,597,all important fields empty,remove_incomplete_rows
,,,,,,,<na>,,,,,,,598,all important fields empty,remove_incomplete_rows
,,,,,,,<na>,,,,,,,601,all important fields empty,remove_incomplete_rows
,,,,,,,<na>,,,,,,,602,all important fields empty,remove_incomplete_rows
,,,,,,,<na>,,,,,,,605,all important fields empty,remove_incomplete_rows
,,,,,,,<na>,,,,,,,606,all important fields empty,remove_incomplete_rows
,,,,,,,<na>,,,,,,,609,all important fields empty,remove_incomplete_rows
,,,,,,,<na>,,,,,,,610,all important fields empty,remove_incomplete_rows
,,,,,,,<na>,,,,,,,613,all important fields empty,remove_incomplete_rows
,,,,,,,<na>,,,,,,,614,all important fields empty,remove_incomplete_rows
,,,,,,,<na>,,,,,,,617,all important fields empty,remove_incomplete_rows
,,,,,,,<na>,,,,,,,618,all important fields empty,remove_incomplete_rows
,,,,,,,<na>,,,,,,,621,all important fields empty,remove_incomplete_rows
,,,,,,,<na>,,,,,,,622,all important fields empty,remove_incomplete_rows
,,,,,,,<na>,,,,,,,627,all important fields empty,remove_incomplete_rows
,,,,,,,<na>,,,,,,,628,all important fields empty,remove_incomplete_rows
,,,,,,,<na>,,,,,,,631,all important fields empty,remove_incomplete_rows
,,,,,,,<na>,,,,,,,632,all important fields empty,remove_incomplete_rows
,,,,,,,<na>,,,,,,,635,all important fields empty,remove_incomplete_rows
,,,,,,,<na>,,,,,,,636,all important fields empty,remove_incomplete_rows
,,,,,,,<na>,,,,,,,639,all important fields empty,remove_incomplete_rows
,,,,,,,<na>,,,,,,,640,all important fields empty,remove_incomplete_rows
,,,,,,,<na>,,,,,,,643,all important fields empty,remove_incomplete_rows
,,,,,,,<na>,,,,,,,644,all important fields empty,remove_incomplete_rows
,,,,,,,<na>,,,,,,,647,all important fields empty,remove_incomplete_rows
,,,,,,,<na>,,,,,,,648,all important fields empty,remove_incomplete_rows
,,,,,,,<na>,,,,,,,657,all important fields empty,remove_incomplete_rows
,,,,,,,<na>,,,,,,,658,all important fields empty,remove_incomplete_rows
,,,,,,,<na>,,,,,,,662,all important fields empty,remove_incomplete_rows
,,,,,,,<na>,,,,,,,663,all important fields empty,remove_incomplete_rows
,,,,,,,<na>,,,,,,,673,all important fields empty,remove_incomplete_rows
,,,,,,,<na>,,,,,,,674,all important fields empty,remove_incomplete_rows
,,,,,,,<na>,,,,,,,677,all important fields empty,remove_incomplete_rows
,,,,,,,<na>,,,,,,,678,all important fields empty,remove_incomplete_rows
,,,,,,,<na>,,,,,,,681,all important fields empty,remove_incomplete_rows
,,,,,,,<na>,,,,,,,682,all important fields empty,remove_incomplete_rows
,,,,,,,<na>,,,,,,,685,all important fields empty,remove_incomplete_rows
,,,,,,,<na>,,,,,,,686,all important fields empty,remove_incomplete_rows
,,,,,,,<na>,,,,,,,690,all important fields empty,remove_incomplete_rows
,,,,,,,<na>,,,,,,,691,all important fields empty,remove_incomplete_rows
,,,,,,,<na>,,,,,,,694,all important fields empty,remove_incomplete_rows
,,,,,,,<na>,,,,,,,695,all important fields empty,remove_incomplete_rows
,,,,,,,<na>,,,,,,,698,all important fields empty,remove_incomplete_rows
,,,,,,,<na>,,,,,,,699,all important fields empty,remove_incomplete_rows
,,,,,,,<na>,,,,,,,702,all important fields empty,remove_incomplete_rows
,,,,,,,<na>,,,,,,,703,all important fields empty,remove_incomplete_rows
,,,,,,,<na>,,,,,,,706,all important fields empty,remove_incomplete_rows
,,,,,,,<na>,,,,,,,707,all important fields empty,remove_incomplete_rows
,,,,,,,<na>,,,,,,,711,all important fields empty,remove_incomplete_rows
,,,,,,,<na>,,,,,,,712,all important fields empty,remove_incomplete_rows
,,,,,,,<na>,,,,,,,715,all important fields empty,remove_incomplete_rows
,,,,,,,<na>,,,,,,,716,all important fields empty,remove_incomplete_rows
,,,,,,,<na>,,,,,,,720,all important fields empty,remove_incomplete_rows
,,,,,,,<na>,,,,,,,721,all important fields empty,remove_incomplete_rows
,,,,,,,<na>,,,,,,,724,all important fields empty,remove_incomplete_rows
,,,,,,,<na>,,,,,,,725,all important fields empty,remove_incomplete_rows
,,,,,,,<na>,,,,,,,734,all important fields empty,remove_incomplete_rows
,,,,,,,<na>,,,,,,,735,all important fields empty,remove_incomplete_rows
,,,,,,,<na>,,,,,,,738,all important fields empty,remove_incomplete_rows
,,,,,,,<na>,,,,,,,739,all important fields empty,remove_incomplete_rows
,,,,,,,<na>,,,,,,,742,all important fields empty,remove_incomplete_rows
,,,,,,,<na>,,,,,,,743,all important fields empty,remove_incomplete_rows
,,,,,,,<na>,,,,,,,746,all important fields empty,remove_incomplete_rows
,,,,,,,<na>,,,,,,,747,all important fields empty,remove_incomplete_rows
,,,,,,,<na>,,,,,,,754,all important fields empty,remove_incomplete_rows
,,,,,,,<na>,,,,,,,755,all important fields empty,remove_incomplete_rows
,,,,,,,<na>,,,,,,,758,all important fields empty,remove_incomplete_rows
,,,,,,,<na>,,,,,,,759,all important fields empty,remove_incomplete_rows
,,,,,,,<na>,,,,,,,762,all important fields empty,remove_incomplete_rows
,,,,,,,<na>,,,,,,,763,all important fields empty,remove_incomplete_rows
,,,,,,,<na>,,,,,,,767,all important fields empty,remove_incomplete_rows
,,,,,,,<na>,,,,,,,768,all important fields empty,remove_incomplete_rows
,,,,,,,<na>,,,,,,,771,all important fields empty,remove_incomplete_rows
,,,,,,,<na>,,,,,,,772,all important fields empty,remove_incomplete_rows
,,,,,,,<na>,,,,,,,775,all important fields empty,remove_incomplete_rows
,,,,,,,<na>,,,,,,,776,all important fields empty,remove_incomplete_rows
,,,,,,,<na>,,,,,,,780,all important fields empty,remove_incomplete_rows
,,,,,,,<na>,,,,,,,781,all important fields empty,remove_incomplete_rows
,,,,,,,<na>,,,,,,,784,all important fields empty,remove_incomplete_rows
,,,,,,,<na>,,,,,,,785,all important fields empty,remove_incomplete_rows
,,,,,,,<na>,,,,,,,788,all important fields empty,remove_incomplete_rows
,,,,,,,<na>,,,,,,,789,all important fields empty,remove_incomplete_rows
,,,,,,,<na>,,,,,,,792,all important fields empty,remove_incomplete_rows
,,,,,,,<na>,,,,,,,793,all important fields empty,remove_incomplete_rows
,,,,,,,<na>,,,,,,,796,all important fields empty,remove_incomplete_rows
,,,,,,,<na>,,,,,,,797,all important fields empty,remove_incomplete_rows
,,,,,,,<na>,,,,,,,801,all important fields empty,remove_incomplete_rows
,,,,,,,<na>,,,,,,,802,all important fields empty,remove_incomplete_rows
,,,,,,,<na>,,,,,,,805,all important fields empty,remove_incomplete_rows
,,,,,,,<na>,,,,,,,806,all important fields empty,remove_incomplete_rows
,,,,,,,<na>,,,,,,,810,all important fields empty,remove_incomplete_rows
,,,,,,,<na>,,,,,,,811,all important fields empty,remove_incomplete_rows
,,,,,,,<na>,,,,,,,814,all important fields empty,remove_incomplete_rows
,,,,,,,<na>,,,,,,,815,all important fields empty,remove_incomplete_rows
,,,,,,,<na>,,,,,,,820,all important fields empty,remove_incomplete_rows
,,,,,,,<na>,,,,,,,821,all important fields empty,remove_incomplete_rows
,,,,,,,<na>,,,,,,,824,all important fields empty,remove_incomplete_rows
,,,,,,,<na>,,,,,,,825,all important fields empty,remove_incomplete_rows
,,,,,,,<na>,,,,,,,830,all important fields empty,remove_incomplete_rows
,,,,,,,<na>,,,,,,,831,all important fields empty,remove_incomplete_rows
,,,,,,,<na>,,,,,,,834,all important fields empty,remove_incomplete_rows
,,,,,,,<na>,,,,,,,835,all important fields empty,remove_incomplete_rows
,,,,,,,<na>,,,,,,,839,all important fields empty,remove_incomplete_rows
,,,,,,,<na>,,,,,,,840,all important fields empty,remove_incomplete_rows
,,,,,,,<na>,,,,,,,843,all important fields empty,remove_incomplete_rows
,,,,,,,<na>,,,,,,,844,all important fields empty,remove_incomplete_rows
,,,,,,,<na>,,,,,,,847,all important fields empty,remove_incomplete_rows
,,,,,,,<na>,,,,,,,848,all important fields empty,remove_incomplete_rows
,,,,,,,<na>,,,,,,,851,all important fields empty,remove_incomplete_rows
,,,,,,,<na>,,,,,,,852,all important fields empty,remove_incomplete_rows
,,,,,,,<na>,,,,,,,855,all important fields empty,remove_incomplete_rows
,,,,,,,<na>,,,,,,,856,all important fields empty,remove_incomplete_rows
,,,,,,,<na>,,,,,,,861,all important fields empty,remove_incomplete_rows
,,,,,,,<na>,,,,,,,862,all important fields empty,remove_incomplete_rows
,,,,,,,<na>,,,,,,,866,all important fields empty,remove_incomplete_rows
,,,,,,,<na>,,,,,,,867,all important fields empty,remove_incomplete_rows
,,,,,,,<na>,,,,,,,870,all important fields empty,remove_incomplete_rows
,,,,,,,<na>,,,,,,,871,all important fields empty,remove_incomplete_rows
,,,,,,,<na>,,,,,,,878,all important fields empty,remove_incomplete_rows
,,,,,,,<na>,,,,,,,879,all important fields empty,remove_incomplete_rows
,,,,,,,<na>,,,,,,,882,all important fields empty,remove_incomplete_rows
,,,,,,,<na>,,,,,,,883,all important fields empty,remove_incomplete_rows
,,,,,,,<na>,,,,,,,886,all important fields empty,remove_incomplete_rows
,,,,,,,<na>,,,,,,,887,all important fields empty,remove_incomplete_rows
,,,,,,,<na>,,,,,,,890,all important fields empty,remove_incomplete_rows
,,,,,,,<na>,,,,,,,891,all important fields empty,remove_incomplete_rows
,,,,,,,<na>,,,,,,,894,all important fields empty,remove_incomplete_rows
,,,,,,,<na>,,,,,,,895,all important fields empty,remove_incomplete_rows
,,,,,,,<na>,,,,,,,898,all important fields empty,remove_incomplete_rows
,,,,,,,<na>,,,,,,,899,all important fields empty,remove_incomplete_rows
,,,,,,,<na>,,,,,,,902,all important fields empty,remove_incomplete_rows
,,,,,,,<na>,,,,,,,903,all important fields empty,remove_incomplete_rows
,,,,,,,<na>,,,,,,,914,all important fields empty,remove_incomplete_rows
,,,,,,,<na>,,,,,,,915,all important fields empty,remove_incomplete_rows
,,,,,,,<na>,,,,,,,919,all important fields empty,remove_incomplete_rows
,,,,,,,<na>,,,,,,,920,all important fields empty,remove_incomplete_rows
,,,,,,,<na>,,,,,,,923,all important fields empty,remove_incomplete_rows
,,,,,,,<na>,,,,,,,924,all important fields empty,remove_incomplete_rows
,,,,,,,<na>,,,,,,,927,all important fields empty,remove_incomplete_rows
,,,,,,,<na>,,,,,,,928,all important fields empty,remove_incomplete_rows
,,,,,,,<na>,,,,,,,931,all important fields empty,remove_incomplete_rows
,,,,,,,<na>,,,,,,,932,all important fields empty,remove_incomplete_rows
,,,,,,,<na>,,,,,,,938,all important fields empty,remove_incomplete_rows
,,,,,,,<na>,,,,,,,939,all important fields empty,remove_incomplete_rows
,,,,,,,<na>,,,,,,,943,all important fields empty,remove_incomplete_rows
,,,,,,,<na>,,,,,,,944,all important fields empty,remove_incomplete_rows
,,,,,,,<na>,,,,,,,949,all important fields empty,remove_incomplete_rows
,,,,,,,<na>,,,,,,,950,all important fields empty,remove_incomplete_rows
,,,,,,,<na>,,,,,,,953,all important fields empty,remove_incomplete_rows
,,,,,,,<na>,,,,,,,954,all important fields empty,remove_incomplete_rows
,,,,,,,<na>,,,,,,,957,all important fields empty,remove_incomplete_rows
,,,,,,,<na>,,,,,,,958,all important fields empty,remove_incomplete_rows
,,,,,,,<na>,,,,,,,961,all important fields empty,remove_incomplete_rows
,,,,,,,<na>,,,,,,,962,all important fields empty,remove_incomplete_rows
,,,,,,,<na>,,,,,,,965,all important fields empty,remove_incomplete_rows
,,,,,,,<na>,,,,,,,966,all important fields empty,remove_incomplete_rows
,,,,,,,<na>,,,,,,,970,all important fields empty,remove_incomplete_rows
,,,,,,,<na>,,,,,,,971,all important fields empty,remove_incomplete_rows
,,,,,,,<na>,,,,,,,974,all important fields empty,remove_incomplete_rows
,,,,,,,<na>,,,,,,,975,all important fields empty,remove_incomplete_rows
,,,,,,,<na>,,,,,,,978,all important fields empty,remove_incomplete_rows
,,,,,,,<na>,,,,,,,979,all important fields empty,remove_incomplete_rows
,,,,,,,<na>,,,,,,,982,all important fields empty,remove_incomplete_rows
,,,,,,,<na>,,,,,,,983,all important fields empty,remove_incomplete_rows
,,,,,,,<na>,,,,,,,987,all important fields empty,remove_incomplete_rows
,,,,,,,<na>,,,,,,,988,all important fields empty,remove_incomplete_rows
,,,,,,,<na>,,,,,,,996,all important fields empty,remove_incomplete_rows
,,,,,,,<na>,,,,,,,997,all important fields empty,remove_incomplete_rows
,,,,,,,<na>,,,,,,,1000,all important fields empty,remove_incomplete_rows
,,,,,,,<na>,,,,,,,1001,all important fields empty,remove_incomplete_rows
,,,,,,,<na>,,,,,,,1004,all important fields empty,remove_incomplete_rows
,,,,,,,<na>,,,,,,,1005,all important fields empty,remove_incomplete_rows
,,,,,,,<na>,,,,,,,1008,all important fields empty,remove_incomplete_rows
,,,,,,,<na>,,,,,,,1009,all important fields empty,remove_incomplete_rows
,,,,,,,<na>,,,,,,,1012,all important fields empty,remove_incomplete_rows
,,,,,,,<na>,,,,,,,1013,all important fields empty,remove_incomplete_rows
,,,,,,,<na>,,,,,,,1016,all important fields empty,remove_incomplete_rows
,,,,,,,<na>,,,,,,,1017,all important fields empty,remove_incomplete_rows
,,,,,,,<na>,,,,,,,1020,all important fields empty,remove_incomplete_rows
,,,,,,,<na>,,,,,,,1021,all important fields empty,remove_incomplete_rows
,,,,,,,<na>,,,,,,,1025,all important fields empty,remove_incomplete_rows
,,,,,,,<na>,,,,,,,1026,all important fields empty,remove_incomplete_rows
,,,,,,,<na>,,,,,,,1030,all important fields empty,remove_incomplete_rows
,,,,,,,<na>,,,,,,,1031,all important fields empty,remove_incomplete_rows
,,,,,,,<na>,,,,,,,1034,all important fields empty,remove_incomplete_rows
,,,,,,,<na>,,,,,,,1035,all important fields empty,remove_incomplete_rows
,,,,,,,<na>,,,,,,,1038,all important fields empty,remove_incomplete_rows
,,,,,,,<na>,,,,,,,1039,all important fields empty,remove_incomplete_rows
,,,,,,,<na>,,,,,,,1042,all important fields empty,remove_incomplete_rows
,,,,,,,<na>,,,,,,,1043,all important fields empty,remove_incomplete_rows
,,,,,,,<na>,,,,,,,1047,all important fields empty,remove_incomplete_rows
,,,,,,,<na>,,,,,,,1048,all important fields empty,remove_incomplete_rows
,,,,,,,<na>,,,,,,,1051,all important fields empty,remove_incomplete_rows
,,,,,,,<na>,,,,,,,1052,all important fields empty,remove_incomplete_rows
,,,,,,,<na>,,,,,,,1055,all important fields empty,remove_incomplete_rows
,,,,,,,<na>,,,,,,,1056,all important fields empty,remove_incomplete_rows
,,,,,,,<na>,,,,,,,1059,all important fields empty,remove_incomplete_rows
,,,,,,,<na>,,,,,,,1060,all important fields empty,remove_incomplete_rows
,,,,,,,<na>,,,,,,,1065,all important fields empty,remove_incomplete_rows
,,,,,,,<na>,,,,,,,1066,all important fields empty,remove_incomplete_rows
,,,,,,,<na>,,,,,,,1069,all important fields empty,remove_incomplete_rows
,,,,,,,<na>,,,,,,,1070,all important fields empty,remove_incomplete_rows
,,,,,,,<na>,,,,,,,1073,all important fields empty,remove_incomplete_rows
,,,,,,,<na>,,,,,,,1074,all important fields empty,remove_incomplete_rows
,,,,,,,<na>,,,,,,,1077,all important fields empty,remove_incomplete_rows
,,,,,,,<na>,,,,,,,1078,all important fields empty,remove_incomplete_rows
,,,,,,,<na>,,,,,,,1086,all important fields empty,remove_incomplete_rows
,,,,,,,<na>,,,,,,,1087,all important fields empty,remove_incomplete_rows
,,,,,,,<na>,,,,,,,1090,all important fields empty,remove_incomplete_rows
,,,,,,,<na>,,,,,,,1091,all important fields empty,remove_incomplete_rows
,,,,,,,<na>,,,,,,,1094,all important fields empty,remove_incomplete_rows
,,,,,,,<na>,,,,,,,1095,all important fields empty,remove_incomplete_rows
,,,,,,,<na>,,,,,,,1100,all important fields empty,remove_incomplete_rows
,,,,,,,<na>,,,,,,,1101,all important fields empty,remove_incomplete_rows
,,,,,,,<na>,,,,,,,1104,all important fields empty,remove_incomplete_rows
,,,,,,,<na>,,,,,,,1105,all important fields empty,remove_incomplete_rows
,,,,,,,<na>,,,,,,,1108,all important fields empty,remove_incomplete_rows
,,,,,,,<na>,,,,,,,1109,all important fields empty,remove_incomplete_rows
,,,,,,,<na>,,,,,,,1112,all important fields empty,remove_incomplete_rows
,,,,,,,<na>,,,,,,,1113,all important fields empty,remove_incomplete_rows
,,,,,,,<na>,,,,,,,1116,all important fields empty,remove_incomplete_rows
,,,,,,,<na>,,,,,,,1117,all important fields empty,remove_incomplete_rows
,,,,,,,<na>,,,,,,,1120,all important fields empty,remove_incomplete_rows
,,,,,,,<na>,,,,,,,1121,all important fields empty,remove_incomplete_rows
,,,,,,,<na>,,,,,,,1124,all important fields empty,remove_incomplete_rows
,,,,,,,<na>,,,,,,,1125,all important fields empty,remove_incomplete_rows
,,,,,,,<na>,,,,,,,1131,all important fields empty,remove_incomplete_rows
,,,,,,,<na>,,,,,,,1132,all important fields empty,remove_incomplete_rows
,,,,,,,<na>,,,,,,,1137,all important fields empty,remove_incomplete_rows
,,,,,,,<na>,,,,,,,1138,all important fields empty,remove_incomplete_rows
,,,,,,,<na>,,,,,,,1141,all important fields empty,remove_incomplete_rows
,,,,,,,<na>,,,,,,,1142,all important fields empty,remove_incomplete_rows
,,,,,,,<na>,,,,,,,1145,all important fields empty,remove_incomplete_rows
,,,,,,,<na>,,,,,,,1146,all important fields empty,remove_incomplete_rows
,,,,,,,<na>,,,,,,,1149,all important fields empty,remove_incomplete_rows
,,,,,,,<na>,,,,,,,1150,all important fields empty,remove_incomplete_rows
,,,,,,,<na>,,,,,,,1153,all important fields empty,remove_incomplete_rows
,,,,,,,<na>,,,,,,,1154,all important fields empty,remove_incomplete_rows
,,,,,,,<na>,,,,,,,1158,all important fields empty,remove_incomplete_rows
,,,,,,,<na>,,,,,,,1159,all important fields empty,remove_incomplete_rows
,,,,,,,<na>,,,,,,,1162,all important fields empty,remove_incomplete_rows
,,,,,,,<na>,,,,,,,1163,all important fields empty,remove_incomplete_rows
,,,,,,,<na>,,,,,,,1166,all important fields empty,remove_incomplete_rows
,,,,,,,<na>,,,,,,,1167,all important fields empty,remove_incomplete_rows
,,,,,,,<na>,,,,,,,1173,all important fields empty,remove_incomplete_rows
,,,,,,,<na>,,,,,,,1174,all important fields empty,remove_incomplete_rows
,,,,,,,<na>,,,,,,,1179,all important fields empty,remove_incomplete_rows
,,,,,,,<na>,,,,,,,1180,all important fields empty,remove_incomplete_rows
,,,,,,,<na>,,,,,,,1183,all important fields empty,remove_incomplete_rows
,,,,,,,<na>,,,,,,,1184,all important fields empty,remove_incomplete_rows
,,,,,,,<na>,,,,,,,1187,all important fields empty,remove_incomplete_rows
,,,,,,,<na>,,,,,,,1188,all important fields empty,remove_incomplete_rows
,,,,,,,<na>,,,,,,,1196,all important fields empty,remove_incomplete_rows
,,,,,,,<na>,,,,,,,1197,all important fields empty,remove_incomplete_rows
,,,,,,,<na>,,,,,,,1200,all important fields empty,remove_incomplete_rows
,,,,,,,<na>,,,,,,,1201,all important fields empty,remove_incomplete_rows
,,,,,,,<na>,,,,,,,1204,all important fields empty,remove_incomplete_rows
,,,,,,,<na>,,,,,,,1205,all important fields empty,remove_incomplete_rows
,,,,,,,<na>,,,,,,,1208,all important fields empty,remove_incomplete_rows
,,,,,,,<na>,,,,,,,1209,all important fields empty,remove_incomplete_rows
,,,,,,,<na>,,,,,,,1212,all important fields empty,remove_incomplete_rows
,,,,,,,<na>,,,,,,,1213,all important fields empty,remove_incomplete_rows
,,,,,,,<na>,,,,,,,1216,all important fields empty,remove_incomplete_rows
,,,,,,,<na>,,,,,,,1217,all important fields empty,remove_incomplete_rows
,,,,,,,<na>,,,,,,,1221,all important fields empty,remove_incomplete_rows
,,,,,,,<na>,,,,,,,1222,all important fields empty,remove_incomplete_rows
,,,,,,,<na>,,,,,,,1225,all important fields empty,remove_incomplete_rows
,,,,,,,<na>,,,,,,,1226,all important fields empty,remove_incomplete_rows
,,,,,,,<na>,,,,,,,1229,all important fields empty,remove_incomplete_rows
,,,,,,,<na>,,,,,,,1230,all important fields empty,remove_incomplete_rows
,,,,,,,<na>,,,,,,,1233,all important fields empty,remove_incomplete_rows
,,,,,,,<na>,,,,,,,1234,all important fields empty,remove_incomplete_rows
,,,,,,,<na>,,,,,,,1237,all important fields empty,remove_incomplete_rows
,,,,,,,<na>,,,,,,,1238,all important fields empty,remove_incomplete_rows
,,,,,,,<na>,,,,,,,1241,all important fields empty,remove_incomplete_rows
,,,,,,,<na>,,,,,,,1242,all important fields empty,remove_incomplete_rows
,,,,,,,<na>,,,,,,,1252,all important fields empty,remove_incomplete_rows
,,,,,,,<na>,,,,,,,1253,all important fields empty,remove_incomplete_rows
,,,,,,,<na>,,,,,,,1256,all important fields empty,remove_incomplete_rows
,,,,,,,<na>,,,,,,,1257,all important fields empty,remove_incomplete_rows
,,,,,,,<na>,,,,,,,1260,all important fields empty,remove_incomplete_rows
,,,,,,,<na>,,,,,,,1261,all important fields empty,remove_incomplete_rows
,,,,,,,<na>,,,,,,,1265,all important fields empty,remove_incomplete_rows
,,,,,,,<na>,,,,,,,1266,all important fields empty,remove_incomplete_rows
,,,,,,,<na>,,,,,,,1269,all important fields empty,remove_incomplete_rows
,,,,,,,<na>,,,,,,,1270,all important fields empty,remove_incomplete_rows
,,,,,,,<na>,,,,,,,1273,all important fields empty,remove_incomplete_rows
,,,,,,,<na>,,,,,,,1274,all important fields empty,remove_incomplete_rows
,,,,,,,<na>,,,,,,,1278,all important fields empty,remove_incomplete_rows
,,,,,,,<na>,,,,,,,1279,all important fields empty,remove_incomplete_rows
,,,,,,,<na>,,,,,,,1283,all important fields empty,remove_incomplete_rows
,,,,,,,<na>,,,,,,,1284,all important fields empty,remove_incomplete_rows
,,,,,,,<na>,,,,,,,1287,all important fields empty,remove_incomplete_rows
,,,,,,,<na>,,,,,,,1288,all important fields empty,remove_incomplete_rows
,,,,,,,<na>,,,,,,,1291,all important fields empty,remove_incomplete_rows
,,,,,,,<na>,,,,,,,1292,all important fields empty,remove_incomplete_rows
,,,,,,,<na>,,,,,,,1295,all important fields empty,remove_incomplete_rows
,,,,,,,<na>,,,,,,,1296,all important fields empty,remove_incomplete_rows
,,,,,,,<na>,,,,,,,1300,all important fields empty,remove_incomplete_rows
,,,,,,,<na>,,,,,,,1301,all important fields empty,remove_incomplete_rows
,,,,,,,<na>,,,,,,,1304,all important fields empty,remove_incomplete_rows
,,,,,,,<na>,,,,,,,1305,all important fields empty,remove_incomplete_rows
,,,,,,,<na>,,,,,,,1308,all important fields empty,remove_incomplete_rows
,,,,,,,<na>,,,,,,,1309,all important fields empty,remove_incomplete_rows
,,,,,,,<na>,,,,,,,1320,all important fields empty,remove_incomplete_rows
,,,,,,,<na>,,,,,,,1321,all important fields empty,remove_incomplete_rows
,,,,,,,<na>,,,,,,,1329,all important fields empty,remove_incomplete_rows
,,,,,,,<na>,,,,,,,1330,all important fields empty,remove_incomplete_rows
,,,,,,,<na>,,,,,,,1334,all important fields empty,remove_incomplete_rows
,,,,,,,<na>,,,,,,,1335,all important fields empty,remove_incomplete_rows
,,,,,,,<na>,,,,,,,1338,all important fields empty,remove_incomplete_rows
,,,,,,,<na>,,,,,,,1339,all important fields empty,remove_incomplete_rows
,,,,,,,<na>,,,,,,,1342,all important fields empty,remove_incomplete_rows
,,,,,,,<na>,,,,,,,1343,all important fields empty,remove_incomplete_rows
,,,,,,,<na>,,,,,,,1347,all important fields empty,remove_incomplete_rows
,,,,,,,<na>,,,,,,,1348,all important fields empty,remove_incomplete_rows
,,,,,,,<na>,,,,,,,1351,all important fields empty,remove_incomplete_rows
,,,,,,,<na>,,,,,,,1352,all important fields empty,remove_incomplete_rows
,,,,,,,<na>,,,,,,,1356,all important fields empty,remove_incomplete_rows
,,,,,,,<na>,,,,,,,1357,all important fields empty,remove_incomplete_rows
,,,,,,,<na>,,,,,,,1360,all important fields empty,remove_incomplete_rows
,,,,,,,<na>,,,,,,,1361,all important fields empty,remove_incomplete_rows
,,,,,,,<na>,,,,,,,1364,all important fields empty,remove_incomplete_rows
,,,,,,,<na>,,,,,,,1365,all important fields empty,remove_incomplete_rows
,,,,,,,<na>,,,,,,,1368,all important fields empty,remove_incomplete_rows
,,,,,,,<na>,,,,,,,1369,all important fields empty,remove_incomplete_rows
,,,,,,,<na>,,,,,,,1373,all important fields empty,remove_incomplete_rows
,,,,,,,<na>,,,,,,,1374,all important fields empty,remove_incomplete_rows
,,,,,,,<na>,,,,,,,1377,all important fields empty,remove_incomplete_rows
,,,,,,,<na>,,,,,,,1378,all important fields empty,remove_incomplete_rows
,,,,,,,<na>,,,,,,,1381,all important fields empty,remove_incomplete_rows
,,,,,,,<na>,,,,,,,1382,all important fields empty,remove_incomplete_rows
,,,,,,,<na>,,,,,,,1387,all important fields empty,remove_incomplete_rows
,,,,,,,<na>,,,,,,,1388,all important fields empty,remove_incomplete_rows
,,,,,,,<na>,,,,,,,1393,all important fields empty,remove_incomplete_rows
,,,,,,,<na>,,,,,,,1394,all important fields empty,remove_incomplete_rows
,,,,,,,<na>,,,,,,,1397,all important fields empty,remove_incomplete_rows
,,,,,,,<na>,,,,,,,1398,all important fields empty,remove_incomplete_rows
,,,,,,,<na>,,,,,,,1401,all important fields empty,remove_incomplete_rows
,,,,,,,<na>,,,,,,,1402,all important fields empty,remove_incomplete_rows
,,,,,,,<na>,,,,,,,1405,all important fields empty,remove_incomplete_rows
,,,,,,,<na>,,,,,,,1406,all important fields empty,remove_incomplete_rows
,,,,,,,<na>,,,,,,,1410,all important fields empty,remove_incomplete_rows
,,,,,,,<na>,,,,,,,1411,all important fields empty,remove_incomplete_rows
,,,,,,,<na>,,,,,,,1417,all important fields empty,remove_incomplete_rows
,,,,,,,<na>,,,,,,,1418,all important fields empty,remove_incomplete_rows
,,,,,,,<na>,,,,,,,1424,all important fields empty,remove_incomplete_rows
,,,,,,,<na>,,,,,,,1425,all important fields empty,remove_incomplete_rows
,,,,,,,<na>,,,,,,,1428,all important fields empty,remove_incomplete_rows
,,,,,,,<na>,,,,,,,1429,all important fields empty,remove_incomplete_rows
,,,,,,,<na>,,,,,,,1433,all important fields empty,remove_incomplete_rows
,,,,,,,<na>,,,,,,,1434,all important fields empty,remove_incomplete_rows
,,,,,,,<na>,,,,,,,1437,all important fields empty,remove_incomplete_rows
,,,,,,,<na>,,,,,,,1438,all important fields empty,remove_incomplete_rows
,,,,,,,<na>,,,,,,,1441,all important fields empty,remove_incomplete_rows
,,,,,,,<na>,,,,,,,1442,all important fields empty,remove_incomplete_rows
,,,,,,,<na>,,,,,,,1445,all important fields empty,remove_incomplete_rows
,,,,,,,<na>,,,,,,,1446,all important fields empty,remove_incomplete_rows
,,,,,,,<na>,,,,,,,1449,all important fields empty,remove_incomplete_rows
,,,,,,,<na>,,,,,,,1450,all important fields empty,remove_incomplete_rows
,,,,,,,<na>,,,,,,,1453,all important fields empty,remove_incomplete_rows
,,,,,,,<na>,,,,,,,1454,all important fields empty,remove_incomplete_rows
,,,,,,,<na>,,,,,,,1459,all important fields empty,remove_incomplete_rows
,,,,,,,<na>,,,,,,,1460,all important fields empty,remove_incomplete_rows
,,,,,,,<na>,,,,,,,1463,all important fields empty,remove_incomplete_rows
,,,,,,,<na>,,,,,,,1464,all important fields empty,remove_incomplete_rows
,,,,,,,<na>,,,,,,,1467,all important fields empty,remove_incomplete_rows
,,,,,,,<na>,,,,,,,1468,all important fields empty,remove_incomplete_rows
,,,,,,,<na>,,,,,,,1471,all important fields empty,remove_incomplete_rows
,,,,,,,<na>,,,,,,,1472,all important fields empty,remove_incomplete_rows
,,,,,,,<na>,,,,,,,1475,all important fields empty,remove_incomplete_rows
,,,,,,,<na>,,,,,,,1476,all important fields empty,remove_incomplete_rows
,,,,,,,<na>,,,,,,,1479,all important fields empty,remove_incomplete_rows
,,,,,,,<na>,,,,,,,1480,all important fields empty,remove_incomplete_rows
,,,,,,,<na>,,,,,,,1483,all important fields empty,remove_incomplete_rows
,,,,,,,<na>,,,,,,,1484,all important fields empty,remove_incomplete_rows
,,,,,,,<na>,,,,,,,1487,all important fields empty,remove_incomplete_rows
,,,,,,,<na>,,,,,,,1488,all important fields empty,remove_incomplete_rows
,,,,,,,<na>,,,,,,,1493,all important fields empty,remove_incomplete_rows
,,,,,,,<na>,,,,,,,1494,all important fields empty,remove_incomplete_rows
,,,,,,,<na>,,,,,,,1498,all important fields empty,remove_incomplete_rows
,,,,,,,<na>,,,,,,,1499,all important fields empty,remove_incomplete_rows
,,,,,,,<na>,,,,,,,1502,all important fields empty,remove_incomplete_rows
,,,,,,,<na>,,,,,,,1503,all important fields empty,remove_incomplete_rows
,,,,,,,<na>,,,,,,,1506,all important fields empty,remove_incomplete_rows
,,,,,,,<na>,,,,,,,1507,all important fields empty,remove_incomplete_rows
,,,,,,,<na>,,,,,,,1510,all important fields empty,remove_incomplete_rows
,,,,,,,<na>,,,,,,,1511,all important fields empty,remove_incomplete_rows
,,,,,,,<na>,,,,,,,1514,all important fields empty,remove_incomplete_rows
,,,,,,,<na>,,,,,,,1515,all important fields empty,remove_incomplete_rows
,,,,,,,<na>,,,,,,,1518,all important fields empty,remove_incomplete_rows
,,,,,,,<na>,,,,,,,1519,all important fields empty,remove_incomplete_rows
,,,,,,,<na>,,,,,,,1522,all important fields empty,remove_incomplete_rows
,,,,,,,<na>,,,,,,,1523,all important fields empty,remove_incomplete_rows
,,,,,,,<na>,,,,,,,1527,all important fields empty,remove_incomplete_rows
,,,,,,,<na>,,,,,,,1528,all important fields empty,remove_incomplete_rows
,,,,,,,<na>,,,,,,,1531,all important fields empty,remove_incomplete_rows
,,,,,,,<na>,,,,,,,1532,all important fields empty,remove_incomplete_rows
,,,,,,,<na>,,,,,,,1535,all important fields empty,remove_incomplete_rows
,,,,,,,<na>,,,,,,,1536,all important fields empty,remove_incomplete_rows
,,,,,,,<na>,,,,,,,1544,all important fields empty,remove_incomplete_rows
,,,,,,,<na>,,,,,,,1545,all important fields empty,remove_incomplete_rows
,,,,,,,<na>,,,,,,,1549,all important fields empty,remove_incomplete_rows
,,,,,,,<na>,,,,,,,1550,all important fields empty,remove_incomplete_rows
,,,,,,,<na>,,,,,,,1553,all important fields empty,remove_incomplete_rows
,,,,,,,<na>,,,,,,,1554,all important fields empty,remove_incomplete_rows
,,,,,,,<na>,,,,,,,1557,all important fields empty,remove_incomplete_rows
,,,,,,,<na>,,,,,,,1558,all important fields empty,remove_incomplete_rows
,,,,,,,<na>,,,,,,,1561,all important fields empty,remove_incomplete_rows
,,,,,,,<na>,,,,,,,1562,all important fields empty,remove_incomplete_rows
,,,,,,,<na>,,,,,,,1565,all important fields empty,remove_incomplete_rows
,,,,,,,<na>,,,,,,,1566,all important fields empty,remove_incomplete_rows
,,,,,,,<na>,,,,,,,1569,all important fields empty,remove_incomplete_rows
,,,,,,,<na>,,,,,,,1570,all important fields empty,remove_incomplete_rows
,,,,,,,<na>,,,,,,,1573,all important fields empty,remove_incomplete_rows
,,,,,,,<na>,,,,,,,1574,all important fields empty,remove_incomplete_rows
,,,,,,,<na>,,,,,,,1582,all important fields empty,remove_incomplete_rows
,,,,,,,<na>,,,,,,,1583,all important fields empty,remove_incomplete_rows
,,,,,,,<na>,,,,,,,1586,all important fields empty,remove_incomplete_rows
,,,,,,,<na>,,,,,,,1587,all important fields empty,remove_incomplete_rows
,,,,,,,<na>,,,,,,,1590,all important fields empty,remove_incomplete_rows
,,,,,,,<na>,,,,,,,1591,all important fields empty,remove_incomplete_rows
,,,,,,,<na>,,,,,,,1594,all important fields empty,remove_incomplete_rows
,,,,,,,<na>,,,,,,,1595,all important fields empty,remove_incomplete_rows
,,,,,,,<na>,,,,,,,1600,all important fields empty,remove_incomplete_rows
,,,,,,,<na>,,,,,,,1601,all important fields empty,remove_incomplete_rows
,,,,,,,<na>,,,,,,,1604,all important fields empty,remove_incomplete_rows
,,,,,,,<na>,,,,,,,1605,all important fields empty,remove_incomplete_rows
,,,,,,,<na>,,,,,,,1610,all important fields empty,remove_incomplete_rows
,,,,,,,<na>,,,,,,,1611,all important fields empty,remove_incomplete_rows
,,,,,,,<na>,,,,,,,1614,all important fields empty,remove_incomplete_rows
,,,,,,,<na>,,,,,,,1615,all important fields empty,remove_incomplete_rows
,,,,,,,<na>,,,,,,,1619,all important fields empty,remove_incomplete_rows
,,,,,,,<na>,,,,,,,1620,all important fields empty,remove_incomplete_rows
,,,,,,,<na>,,,,,,,1623,all important fields empty,remove_incomplete_rows
,,,,,,,<na>,,,,,,,1624,all important fields empty,remove_incomplete_rows
,,,,,,,<na>,,,,,,,1627,all important fields empty,remove_incomplete_rows
,,,,,,,<na>,,,,,,,1628,all important fields empty,remove_incomplete_rows
,,,,,,,<na>,,,,,,,1631,all important fields empty,remove_incomplete_rows
,,,,,,,<na>,,,,,,,1632,all important fields empty,remove_incomplete_rows
,,,,,,,<na>,,,,,,,1637,all important fields empty,remove_incomplete_rows
,,,,,,,<na>,,,,,,,1638,all important fields empty,remove_incomplete_rows
,,,,,,,<na>,,,,,,,1641,all important fields empty,remove_incomplete_rows
,,,,,,,<na>,,,,,,,1642,all important fields empty,remove_incomplete_rows
,,,,,,,<na>,,,,,,,1654,all important fields empty,remove_incomplete_rows
,,,,,,,<na>,,,,,,,1655,all important fields empty,remove_incomplete_rows
,,,,,,,<na>,,,,,,,1658,all important fields empty,remove_incomplete_rows
,,,,,,,<na>,,,,,,,1659,all important fields empty,remove_incomplete_rows
,,,,,,,<na>,,,,,,,1662,all important fields empty,remove_incomplete_rows
,,,,,,,<na>,,,,,,,1663,all important fields empty,remove_incomplete_rows
,,,,,,,<na>,,,,,,,1667,all important fields empty,remove_incomplete_rows
,,,,,,,<na>,,,,,,,1668,all important fields empty,remove_incomplete_rows
,,,,,,,<na>,,,,,,,1671,all important fields empty,remove_incomplete_rows
,,,,,,,<na>,,,,,,,1672,all important fields empty,remove_incomplete_rows
,,,,,,,<na>,,,,,,,1681,all important fields empty,remove_incomplete_rows
,,,,,,,<na>,,,,,,,1682,all important fields empty,remove_incomplete_rows
,,,,,,,<na>,,,,,,,1686,all important fields empty,remove_incomplete_rows
,,,,,,,<na>,,,,,,,1687,all important fields empty,remove_incomplete_rows
,,,,,,,<na>,,,,,,,1695,all important fields empty,remove_incomplete_rows
,,,,,,,<na>,,,,,,,1696,all important fields empty,remove_incomplete_rows
,,,,,,,<na>,,,,,,,1706,all important fields empty,remove_incomplete_rows
,,,,,,,<na>,,,,,,,1707,all important fields empty,remove_incomplete_rows
,,,,,,,<na>,,,,,,,1710,all important fields empty,remove_incomplete_rows
,,,,,,,<na>,,,,,,,1711,all important fields empty,remove_incomplete_rows
,,,,,,,<na>,,,,,,,1714,all important fields empty,remove_incomplete_rows
,,,,,,,<na>,,,,,,,1715,all important fields empty,remove_incomplete_rows
,,,,,,,<na>,,,,,,,1719,all important fields empty,remove_incomplete_rows
,,,,,,,<na>,,,,,,,1720,all important fields empty,remove_incomplete_rows
,,,,,,,<na>,,,,,,,1726,all important fields empty,remove_incomplete_rows
,,,,,,,<na>,,,,,,,1727,all important fields empty,remove_incomplete_rows
,,,,,,,<na>,,,,,,,1730,all important fields empty,remove_incomplete_rows
,,,,,,,<na>,,,,,,,1731,all important fields empty,remove_incomplete_rows
,,,,,,,<na>,,,,,,,1734,all important fields empty,remove_incomplete_rows
,,,,,,,<na>,,,,,,,1735,all important fields empty,remove_incomplete_rows
,,,,,,,<na>,,,,,,,1740,all important fields empty,remove_incomplete_rows
,,,,,,,<na>,,,,,,,1741,all important fields empty,remove_incomplete_rows
,,,,,,,<na>,,,,,,,1745,all important fields empty,remove_incomplete_rows
,,,,,,,<na>,,,,,,,1746,all important fields empty,remove_incomplete_rows
,,,,,,,<na>,,,,,,,1749,all important fields empty,remove_incomplete_rows
,,,,,,,<na>,,,,,,,1750,all important fields empty,remove_incomplete_rows
,,,,,,,<na>,,,,,,,1753,all important fields empty,remove_incomplete_rows
,,,,,,,<na>,,,,,,,1754,all important fields empty,remove_incomplete_rows
,,,,,,,<na>,,,,,,,1758,all important fields empty,remove_incomplete_rows
,,,,,,,<na>,,,,,,,1759,all important fields empty,remove_incomplete_rows
,,,,,,,<na>,,,,,,,1762,all important fields empty,remove_incomplete_rows
,,,,,,,<na>,,,,,,,1763,all important fields empty,remove_incomplete_rows
,,,,,,,<na>,,,,,,,1767,all important fields empty,remove_incomplete_rows
,,,,,,,<na>,,,,,,,1768,all important fields empty,remove_incomplete_rows
,,,,,,,<na>,,,,,,,1771,all important fields empty,remove_incomplete_rows
,,,,,,,<na>,,,,,,,1772,all important fields empty,remove_incomplete_rows
,,,,,,,<na>,,,,,,,1775,all important fields empty,remove_incomplete_rows
,,,,,,,<na>,,,,,,,1776,all important fields empty,remove_incomplete_rows
,,,,,,,<na>,,,,,,,1779,all important fields empty,remove_incomplete_rows
,,,,,,,<na>,,,,,,,1780,all important fields empty,remove_incomplete_rows
,,,,,,,<na>,,,,,,,1783,all important fields empty,remove_incomplete_rows
,,,,,,,<na>,,,,,,,1784,all important fields empty,remove_incomplete_rows
,,,,,,,<na>,,,,,,,1788,all important fields empty,remove_incomplete_rows
,,,,,,,<na>,,,,,,,1789,all important fields empty,remove_incomplete_rows
,,,,,,,<na>,,,,,,,1792,all important fields empty,remove_incomplete_rows
,,,,,,,<na>,,,,,,,1793,all important fields empty,remove_incomplete_rows
,,,,,,,<na>,,,,,,,1796,all important fields empty,remove_incomplete_rows
,,,,,,,<na>,,,,,,,1797,all important fields empty,remove_incomplete_rows
,,,,,,,<na>,,,,,,,1800,all important fields empty,remove_incomplete_rows
,,,,,,,<na>,,,,,,,1801,all important fields empty,remove_incomplete_rows
,,,,,,,<na>,,,,,,,1804,all important fields empty,remove_incomplete_rows
,,,,,,,<na>,,,,,,,1805,all important fields empty,remove_incomplete_rows
,,,,,,,<na>,,,,,,,1809,all important fields empty,remove_incomplete_rows
,,,,,,,<na>,,,,,,,1810,all important fields empty,remove_incomplete_rows
,,,,,,,<na>,,,,,,,1813,all important fields empty,remove_incomplete_rows
,,,,,,,<na>,,,,,,,1814,all important fields empty,remove_incomplete_rows
,,,,,,,<na>,,,,,,,1819,all important fields empty,remove_incomplete_rows
,,,,,,,<na>,,,,,,,1820,all important fields empty,remove_incomplete_rows
,,,,,,,<na>,,,,,,,1823,all important fields empty,remove_incomplete_rows
,,,,,,,<na>,,,,,,,1824,all important fields empty,remove_incomplete_rows
,,,,,,,<na>,,,,,,,1827,all important fields empty,remove_incomplete_rows
,,,,,,,<na>,,,,,,,1828,all important fields empty,remove_incomplete_rows
,,,,,,,<na>,,,,,,,1833,all important fields empty,remove_incomplete_rows
,,,,,,,<na>,,,,,,,1834,all important fields empty,remove_incomplete_rows
,,,,,,,<na>,,,,,,,1838,all important fields empty,remove_incomplete_rows
,,,,,,,<na>,,,,,,,1839,all important fields empty,remove_incomplete_rows
,,,,,,,<na>,,,,,,,1847,all important fields empty,remove_incomplete_rows
,,,,,,,<na>,,,,,,,1848,all important fields empty,remove_incomplete_rows
,,,,,,,<na>,,,,,,,1852,all important fields empty,remove_incomplete_rows
,,,,,,,<na>,,,,,,,1853,all important fields empty,remove_incomplete_rows
,,,,,,,<na>,,,,,,,1858,all important fields empty,remove_incomplete_rows
,,,,,,,<na>,,,,,,,1859,all important fields empty,remove_incomplete_rows
,,,,,,,<na>,,,,,,,1863,all important fields empty,remove_incomplete_rows
,,,,,,,<na>,,,,,,,1864,all important fields empty,remove_incomplete_rows
,,,,,,,<na>,,,,,,,1867,all important fields empty,remove_incomplete_rows
,,,,,,,<na>,,,,,,,1868,all important fields empty,remove_incomplete_rows
,,,,,,,<na>,,,,,,,1871,all important fields empty,remove_incomplete_rows
,,,,,,,<na>,,,,,,,1872,all important fields empty,remove_incomplete_rows
,,,,,,,<na>,,,,,,,1875,all important fields empty,remove_incomplete_rows
,,,,,,,<na>,,,,,,,1876,all important fields empty,remove_incomplete_rows
,,,,,,,<na>,,,,,,,1879,all important fields empty,remove_incomplete_rows
,,,,,,,<na>,,,,,,,1880,all important fields empty,remove_incomplete_rows
,,,,,,,<na>,,,,,,,1887,all important fields empty,remove_incomplete_rows
,,,,,,,<na>,,,,,,,1888,all important fields empty,remove_incomplete_rows
,,,,,,,<na>,,,,,,,1891,all important fields empty,remove_incomplete_rows
,,,,,,,<na>,,,,,,,1892,all important fields empty,remove_incomplete_rows
,,,,,,,<na>,,,,,,,1896,all important fields empty,remove_incomplete_rows
,,,,,,,<na>,,,,,,,1897,all important fields empty,remove_incomplete_rows
,,,,,,,<na>,,,,,,,1901,all important fields empty,remove_incomplete_rows
,,,,,,,<na>,,,,,,,1902,all important fields empty,remove_incomplete_rows
,,,,,,,<na>,,,,,,,1905,all important fields empty,remove_incomplete_rows
,,,,,,,<na>,,,,,,,1906,all important fields empty,remove_incomplete_rows
,,,,,,,<na>,,,,,,,1909,all important fields empty,remove_incomplete_rows
,,,,,,,<na>,,,,,,,1910,all important fields empty,remove_incomplete_rows
,,,,,,,<na>,,,,,,,1915,all important fields empty,remove_incomplete_rows
,,,,,,,<na>,,,,,,,1916,all important fields empty,remove_incomplete_rows
,,,,,,,<na>,,,,,,,1920,all important fields empty,remove_incomplete_rows
,,,,,,,<na>,,,,,,,1921,all important fields empty,remove_incomplete_rows
,,,,,,,<na>,,,,,,,1926,all important fields empty,remove_incomplete_rows
,,,,,,,<na>,,,,,,,1927,all important fields empty,remove_incomplete_rows
,,,,,,,<na>,,,,,,,1931,all important fields empty,remove_incomplete_rows
,,,,,,,<na>,,,,,,,1932,all important fields empty,remove_incomplete_rows
,,,,,,,<na>,,,,,,,1936,all important fields empty,remove_incomplete_rows
,,,,,,,<na>,,,,,,,1937,all important fields empty,remove_incomplete_rows
,,,,,,,<na>,,,,,,,1940,all important fields empty,remove_incomplete_rows
,,,,,,,<na>,,,,,,,1941,all important fields empty,remove_incomplete_rows
,,,,,,,<na>,,,,,,,1944,all important fields empty,remove_incomplete_rows
,,,,,,,<na>,,,,,,,1945,all important fields empty,remove_incomplete_rows
,,,,,,,<na>,,,,,,,1948,all important fields empty,remove_incomplete_rows
,,,,,,,<na>,,,,,,,1949,all important fields empty,remove_incomplete_rows
,,,,,,,<na>,,,,,,,1953,all important fields empty,remove_incomplete_rows
,,,,,,,<na>,,,,,,,1954,all important fields empty,remove_incomplete_rows
,,,,,,,<na>,,,,,,,1957,all important fields empty,remove_incomplete_rows
,,,,,,,<na>,,,,,,,1958,all important fields empty,remove_incomplete_rows
,,,,,,,<na>,,,,,,,1961,all important fields empty,remove_incomplete_rows
,,,,,,,<na>,,,,,,,1962,all important fields empty,remove_incomplete_rows
,,,,,,,<na>,,,,,,,1965,all important fields empty,remove_incomplete_rows
,,,,,,,<na>,,,,,,,1966,all important fields empty,remove_incomplete_rows
,,,,,,,<na>,,,,,,,1969,all important fields empty,remove_incomplete_rows
,,,,,,,<na>,,,,,,,1970,all important fields empty,remove_incomplete_rows
,,,,,,,<na>,,,,,,,1973,all important fields empty,remove_incomplete_rows
,,,,,,,<na>,,,,,,,1974,all important fields empty,remove_incomplete_rows
,,,,,,,<na>,,,,,,,1978,all important fields empty,remove_incomplete_rows
,,,,,,,<na>,,,,,,,1979,all important fields empty,remove_incomplete_rows
,,,,,,,<na>,,,,,,,1982,all important fields empty,remove_incomplete_rows
,,,,,,,<na>,,,,,,,1983,all important fields empty,remove_incomplete_rows
,,,,,,,<na>,,,,,,,1987,all important fields empty,remove_incomplete_rows
,,,,,,,<na>,,,,,,,1988,all important fields empty,remove_incomplete_rows
,,,,,,,<na>,,,,,,,1992,all important fields empty,remove_incomplete_rows
,,,,,,,<na>,,,,,,,1993,all important fields empty,remove_incomplete_rows
,,,,,,,<na>,,,,,,,1998,all important fields empty,remove_incomplete_rows
,,,,,,,<na>,,,,,,,1999,all important fields empty,remove_incomplete_rows
,,,,,,,<na>,,,,,,,2002,all important fields empty,remove_incomplete_rows
,,,,,,,<na>,,,,,,,2003,all important fields empty,remove_incomplete_rows
,,,,,,,<na>,,,,,,,2007,all important fields empty,remove_incomplete_rows
,,,,,,,<na>,,,,,,,2008,all important fields empty,remove_incomplete_rows
,,,,,,,<na>,,,,,,,2012,all important fields empty,remove_incomplete_rows
,,,,,,,<na>,,,,,,,2013,all important fields empty,remove_incomplete_rows
,,,,,,,<na>,,,,,,,2017,all important fields empty,remove_incomplete_rows
,,,,,,,<na>,,,,,,,2018,all important fields empty,remove_incomplete_rows
,,,,,2021-01-01,,<na>,,,,,,,2021,all important fields empty,remove_incomplete_rows
,,,,,2022-01-01,,<na>,,,,,,,2022,all important fields empty,remove_incomplete_rows
,,,,,2025-01-01,,<na>,,,,,,,2025,all important fields empty,remove_incomplete_rows
,,,,,2026-01-01,,<na>,,,,,,,2026,all important fields empty,remove_incomplete_rows
,,,,,2029-01-01,,<na>,,,,,,,2029,all important fields empty,remove_incomplete_rows
,,,,,2030-01-01,,<na>,,,,,,,2030,all important fields empty,remove_incomplete_rows
,,,,,2033-01-01,,<na>,,,,,,,2033,all important fields empty,remove_incomplete_rows
,,,,,2034-01-01,,<na>,,,,,,,2034,all important fields empty,remove_incomplete_rows
,,,,,2040-01-01,,<na>,,,,,,,2040,all important fields empty,remove_incomplete_rows
,,,,,2041-01-01,,<na>,,,,,,,2041,all important fields empty,remove_incomplete_rows
,,,,,2044-01-01,,<na>,,,,,,,2044,all important fields empty,remove_incomplete_rows
,,,,,2045-01-01,,<na>,,,,,,,2045,all important fields empty,remove_incomplete_rows
,,,,,,,<na>,,,,,,,2048,all important fields empty,remove_incomplete_rows
,,,,,,,<na>,,,,,,,2049,all important fields empty,remove_incomplete_rows
,,,,,,,<na>,,,,,,,2055,all important fields empty,remove_incomplete_rows
,,,,,,,<na>,,,,,,,2056,all important fields empty,remove_incomplete_rows
,,,,,,,<na>,,,,,,,2063,all important fields empty,remove_incomplete_rows
,,,,,,,<na>,,,,,,,2064,all important fields empty,remove_incomplete_rows
,,,,,,,<na>,,,,,,,2068,all important fields empty,remove_incomplete_rows
,,,,,,,<na>,,,,,,,2069,all important fields empty,remove_incomplete_rows
,,,,,,,<na>,,,,,,,2072,all important fields empty,remove_incomplete_rows
,,,,,,,<na>,,,,,,,2073,all important fields empty,remove_incomplete_rows
,,,,,,,<na>,,,,,,,2078,all important fields empty,remove_incomplete_rows
,,,,,,,<na>,,,,,,,2079,all important fields empty,remove_incomplete_rows
,,,,,,,<na>,,,,,,,2082,all important fields empty,remove_incomplete_rows
,,,,,,,<na>,,,,,,,2083,all important fields empty,remove_incomplete_rows
,,,,,,,<na>,,,,,,,2086,all important fields empty,remove_incomplete_rows
,,,,,,,<na>,,,,,,,2087,all important fields empty,remove_incomplete_rows
,,,,,,,<na>,,,,,,,2090,all important fields empty,remove_incomplete_rows
,,,,,,,<na>,,,,,,,2091,all important fields empty,remove_incomplete_rows
,,,,,,,<na>,,,,,,,2095,all important fields empty,remove_incomplete_rows
,,,,,,,<na>,,,,,,,2096,all important fields empty,remove_incomplete_rows
,,,,,,,<na>,,,,,,,2100,all important fields empty,remove_incomplete_rows
,,,,,,,<na>,,,,,,,2101,all important fields empty,remove_incomplete_rows
,,,,,,,<na>,,,,,,,2109,all important fields empty,remove_incomplete_rows
,,,,,,,<na>,,,,,,,2110,all important fields empty,remove_incomplete_rows
,,,,,,,<na>,,,,,,,2120,all important fields empty,remove_incomplete_rows
,,,,,,,<na>,,,,,,,2121,all important fields empty,remove_incomplete_rows
,,,,,,,<na>,,,,,,,2124,all important fields empty,remove_incomplete_rows
,,,,,,,<na>,,,,,,,2125,all important fields empty,remove_incomplete_rows
,,,,,,,<na>,,,,,,,2128,all important fields empty,remove_incomplete_rows
,,,,,,,<na>,,,,,,,2129,all important fields empty,remove_incomplete_rows
,,,,,,,<na>,,,,,,,2132,all important fields empty,remove_incomplete_rows
,,,,,,,<na>,,,,,,,2133,all important fields empty,remove_incomplete_rows
,,,,,,,<na>,,,,,,,2136,all important fields empty,remove_incomplete_rows
,,,,,,,<na>,,,,,,,2137,all important fields empty,remove_incomplete_rows
,,,,,,,<na>,,,,,,,2141,all important fields empty,remove_incomplete_rows
,,,,,,,<na>,,,,,,,2142,all important fields empty,remove_incomplete_rows
,,,,,,,<na>,,,,,,,2145,all important fields empty,remove_incomplete_rows
,,,,,,,<na>,,,,,,,2146,all important fields empty,remove_incomplete_rows
,,,,,,,<na>,,,,,,,2149,all important fields empty,remove_incomplete_rows
,,,,,,,<na>,,,,,,,2150,all important fields empty,remove_incomplete_rows
,,,,,,,<na>,,,,,,,2155,all important fields empty,remove_incomplete_rows
,,,,,,,<na>,,,,,,,2156,all important fields empty,remove_incomplete_rows
,,,,,,,<na>,,,,,,,2160,all important fields empty,remove_incomplete_rows
,,,,,,,<na>,,,,,,,2161,all important fields empty,remove_incomplete_rows
,,,,,,,<na>,,,,,,,2164,all important fields empty,remove_incomplete_rows
,,,,,,,<na>,,,,,,,2165,all important fields empty,remove_incomplete_rows
,,,,,,,<na>,,,,,,,2168,all important fields empty,remove_incomplete_rows
,,,,,,,<na>,,,,,,,2169,all important fields empty,remove_incomplete_rows
,,,,,,,<na>,,,,,,,2172,all important fields empty,remove_incomplete_rows
,,,,,,,<na>,,,,,,,2173,all important fields empty,remove_incomplete_rows
,,,,,,,<na>,,,,,,,2176,all important fields empty,remove_incomplete_rows
,,,,,,,<na>,,,,,,,2177,all important fields empty,remove_incomplete_rows
,,,,,,,<na>,,,,,,,2180,all important fields empty,remove_incomplete_rows
,,,,,,,<na>,,,,,,,2181,all important fields empty,remove_incomplete_rows
,,,,,,,<na>,,,,,,,2184,all important fields empty,remove_incomplete_rows
,,,,,,,<na>,,,,,,,2185,all important fields empty,remove_incomplete_rows
,,,,,,,<na>,,,,,,,2189,all important fields empty,remove_incomplete_rows
,,,,,,,<na>,,,,,,,2190,all important fields empty,remove_incomplete_rows
,,,,,,,<na>,,,,,,,2193,all important fields empty,remove_incomplete_rows
,,,,,,,<na>,,,,,,,2194,all important fields empty,remove_incomplete_rows
,,,,,,,<na>,,,,,,,2198,all important fields empty,remove_incomplete_rows
,,,,,,,<na>,,,,,,,2199,all important fields empty,remove_incomplete_rows
,,,,,,,<na>,,,,,,,2204,all important fields empty,remove_incomplete_rows
,,,,,,,<na>,,,,,,,2205,all important fields empty,remove_incomplete_rows
,,,,,,,<na>,,,,,,,2209,all important fields empty,remove_incomplete_rows
,,,,,,,<na>,,,,,,,2210,all important fields empty,remove_incomplete_rows
,,,,,,,<na>,,,,,,,2213,all important fields empty,remove_incomplete_rows
,,,,,,,<na>,,,,,,,2214,all important fields empty,remove_incomplete_rows
,,,,,,,<na>,,,,,,,2218,all important fields empty,remove_incomplete_rows
,,,,,,,<na>,,,,,,,2219,all important fields empty,remove_incomplete_rows
,,,,,,,<na>,,,,,,,2222,all important fields empty,remove_incomplete_rows
,,,,,,,<na>,,,,,,,2223,all important fields empty,remove_incomplete_rows
,,,,,,,<na>,,,,,,,2227,all important fields empty,remove_incomplete_rows
,,,,,,,<na>,,,,,,,2228,all important fields empty,remove_incomplete_rows
,,,,,,,<na>,,,,,,,2231,all important fields empty,remove_incomplete_rows
,,,,,,,<na>,,,,,,,2232,all important fields empty,remove_incomplete_rows
,,,,,,,<na>,,,,,,,2235,all important fields empty,remove_incomplete_rows
,,,,,,,<na>,,,,,,,2236,all important fields empty,remove_incomplete_rows
,,,,,,,<na>,,,,,,,2239,all important fields empty,remove_incomplete_rows
,,,,,,,<na>,,,,,,,2240,all important fields empty,remove_incomplete_rows
,,,,,,,<na>,,,,,,,2243,all important fields empty,remove_incomplete_rows
,,,,,,,<na>,,,,,,,2244,all important fields empty,remove_incomplete_rows
,,,,,,,<na>,,,,,,,2247,all important fields empty,remove_incomplete_rows
,,,,,,,<na>,,,,,,,2248,all important fields empty,remove_incomplete_rows
,,,,,,,<na>,,,,,,,2252,all important fields empty,remove_incomplete_rows
,,,,,,,<na>,,,,,,,2253,all important fields empty,remove_incomplete_rows
,,,,,,,<na>,,,,,,,2263,all important fields empty,remove_incomplete_rows
,,,,,,,<na>,,,,,,,2264,all important fields empty,remove_incomplete_rows
,,,,,,,<na>,,,,,,,2267,all important fields empty,remove_incomplete_rows
,,,,,,,<na>,,,,,,,2268,all important fields empty,remove_incomplete_rows
,,,,,,,<na>,,,,,,,2274,all important fields empty,remove_incomplete_rows
,,,,,,,<na>,,,,,,,2275,all important fields empty,remove_incomplete_rows
,,,,,,,<na>,,,,,,,2278,all important fields empty,remove_incomplete_rows
,,,,,,,<na>,,,,,,,2279,all important fields empty,remove_incomplete_rows
,,,,,,,<na>,,,,,,,2284,all important fields empty,remove_incomplete_rows
,,,,,,,<na>,,,,,,,2285,all important fields empty,remove_incomplete_rows
,,,,,,,<na>,,,,,,,2288,all important fields empty,remove_incomplete_rows
,,,,,,,<na>,,,,,,,2289,all important fields empty,remove_incomplete_rows
,,,,,,,<na>,,,,,,,2292,all important fields empty,remove_incomplete_rows
,,,,,,,<na>,,,,,,,2293,all important fields empty,remove_incomplete_rows
,,,,,,,<na>,,,,,,,2299,all important fields empty,remove_incomplete_rows
,,,,,,,<na>,,,,,,,2300,all important fields empty,remove_incomplete_rows
,,,,,,,<na>,,,,,,,2303,all important fields empty,remove_incomplete_rows
,,,,,,,<na>,,,,,,,2304,all important fields empty,remove_incomplete_rows
,,,,,,,<na>,,,,,,,2307,all important fields empty,remove_incomplete_rows
,,,,,,,<na>,,,,,,,2308,all important fields empty,remove_incomplete_rows
,,,,,,,<na>,,,,,,,2312,all important fields empty,remove_incomplete_rows
,,,,,,,<na>,,,,,,,2313,all important fields empty,remove_incomplete_rows
,,,,,,,<na>,,,,,,,2316,all important fields empty,remove_incomplete_rows
,,,,,,,<na>,,,,,,,2317,all important fields empty,remove_incomplete_rows
,,,,,,,<na>,,,,,,,2325,all important fields empty,remove_incomplete_rows
,,,,,,,<na>,,,,,,,2326,all important fields empty,remove_incomplete_rows
,,,,,,,<na>,,,,,,,2329,all important fields empty,remove_incomplete_rows
,,,,,,,<na>,,,,,,,2330,all important fields empty,remove_incomplete_rows
,,,,,,,<na>,,,,,,,2334,all important fields empty,remove_incomplete_rows
,,,,,,,<na>,,,,,,,2335,all important fields empty,remove_incomplete_rows
,,,,,,,<na>,,,,,,,2338,all important fields empty,remove_incomplete_rows
,,,,,,,<na>,,,,,,,2339,all important fields empty,remove_incomplete_rows
,,,,,,,<na>,,,,,,,2342,all important fields empty,remove_incomplete_rows
,,,,,,,<na>,,,,,,,2343,all important fields empty,remove_incomplete_rows
,,,,,,,<na>,,,,,,,2346,all important fields empty,remove_incomplete_rows
,,,,,,,<na>,,,,,,,2347,all important fields empty,remove_incomplete_rows
,,,,,,,<na>,,,,,,,2351,all important fields empty,remove_incomplete_rows
,,,,,,,<na>,,,,,,,2352,all important fields empty,remove_incomplete_rows
,,,,,,,<na>,,,,,,,2356,all important fields empty,remove_incomplete_rows
,,,,,,,<na>,,,,,,,2357,all important fields empty,remove_incomplete_rows
,,,,,,,<na>,,,,,,,2360,all important fields empty,remove_incomplete_rows
,,,,,,,<na>,,,,,,,2361,all important fields empty,remove_incomplete_rows
,,,,,,,<na>,,,,,,,2364,all important fields empty,remove_incomplete_rows
,,,,,,,<na>,,,,,,,2365,all important fields empty,remove_incomplete_rows
,,,,,,,<na>,,,,,,,2368,all important fields empty,remove_incomplete_rows
,,,,,,,<na>,,,,,,,2369,all important fields empty,remove_incomplete_rows
,,,,,,,<na>,,,,,,,2378,all important fields empty,remove_incomplete_rows
,,,,,,,<na>,,,,,,,2379,all important fields empty,remove_incomplete_rows
,,,,,,,<na>,,,,,,,2383,all important fields empty,remove_incomplete_rows
,,,,,,,<na>,,,,,,,2384,all important fields empty,remove_incomplete_rows
,,,,,,,<na>,,,,,,,2387,all important fields empty,remove_incomplete_rows
,,,,,,,<na>,,,,,,,2388,all important fields empty,remove_incomplete_rows
,,,,,,,<na>,,,,,,,2392,all important fields empty,remove_incomplete_rows
,,,,,,,<na>,,,,,,,2393,all important fields empty,remove_incomplete_rows
,,,,,,,<na>,,,,,,,2396,all important fields empty,remove_incomplete_rows
,,,,,,,<na>,,,,,,,2397,all important fields empty,remove_incomplete_rows
,,,,,,,<na>,,,,,,,2400,all important fields empty,remove_incomplete_rows
,,,,,,,<na>,,,,,,,2401,all important fields empty,remove_incomplete_rows
,,,,,,,<na>,,,,,,,2404,all important fields empty,remove_incomplete_rows
,,,,,,,<na>,,,,,,,2405,all important fields empty,remove_incomplete_rows
,,,,,,,<na>,,,,,,,2409,all important fields empty,remove_incomplete_rows
,,,,,,,<na>,,,,,,,2410,all important fields empty,remove_incomplete_rows
,,,,,,,<na>,,,,,,,2414,all important fields empty,remove_incomplete_rows
,,,,,,,<na>,,,,,,,2415,all important fields empty,remove_incomplete_rows
,,,,,,,<na>,,,,,,,2419,all important fields empty,remove_incomplete_rows
,,,,,,,<na>,,,,,,,2420,all important fields empty,remove_incomplete_rows
,,,,,,,<na>,,,,,,,2424,all important fields empty,remove_incomplete_rows
,,,,,,,<na>,,,,,,,2425,all important fields empty,remove_incomplete_rows
,,,,,,,<na>,,,,,,,2429,all important fields empty,remove_incomplete_rows
,,,,,,,<na>,,,,,,,2430,all important fields empty,remove_incomplete_rows
,,,,,,,<na>,,,,,,,2434,all important fields empty,remove_incomplete_rows
,,,,,,,<na>,,,,,,,2435,all important fields empty,remove_incomplete_rows
,,,,,,,<na>,,,,,,,2438,all important fields empty,remove_incomplete_rows
,,,,,,,<na>,,,,,,,2439,all important fields empty,remove_incomplete_rows
,,,,,,,<na>,,,,,,,2442,all important fields empty,remove_incomplete_rows
,,,,,,,<na>,,,,,,,2443,all important fields empty,remove_incomplete_rows
,,,,,,,<na>,,,,,,,2447,all important fields empty,remove_incomplete_rows
,,,,,,,<na>,,,,,,,2448,all important fields empty,remove_incomplete_rows
,,,,,,,<na>,,,,,,,2454,all important fields empty,remove_incomplete_rows
,,,,,,,<na>,,,,,,,2455,all important fields empty,remove_incomplete_rows
,,,,,,,<na>,,,,,,,2458,all important fields empty,remove_incomplete_rows
,,,,,,,<na>,,,,,,,2459,all important fields empty,remove_incomplete_rows
,,,,,,,<na>,,,,,,,2466,all important fields empty,remove_incomplete_rows
,,,,,,,<na>,,,,,,,2467,all important fields empty,remove_incomplete_rows
,,,,,,,<na>,,,,,,,2471,all important fields empty,remove_incomplete_rows
,,,,,,,<na>,,,,,,,2472,all important fields empty,remove_incomplete_rows
,,,,,,,<na>,,,,,,,2477,all important fields empty,remove_incomplete_rows
,,,,,,,<na>,,,,,,,2478,all important fields empty,remove_incomplete_rows
,,,,,,,<na>,,,,,,,2481,all important fields empty,remove_incomplete_rows
,,,,,,,<na>,,,,,,,2482,all important fields empty,remove_incomplete_rows
,,,,,,,<na>,,,,,,,2485,all important fields empty,remove_incomplete_rows
,,,,,,,<na>,,,,,,,2486,all important fields empty,remove_incomplete_rows
,,,,,,,<na>,,,,,,,2490,all important fields empty,remove_incomplete_rows
,,,,,,,<na>,,,,,,,2491,all important fields empty,remove_incomplete_rows
,,,,,,,<na>,,,,,,,2494,all important fields empty,remove_incomplete_rows
,,,,,,,<na>,,,,,,,2495,all important fields empty,remove_incomplete_rows
,,,,,,,<na>,,,,,,,2498,all important fields empty,remove_incomplete_rows
,,,,,,,<na>,,,,,,,2499,all important fields empty,remove_incomplete_rows
,,,,,,,<na>,,,,,,,2502,all important fields empty,remove_incomplete_rows
,,,,,,,<na>,,,,,,,2503,all important fields empty,remove_incomplete_rows
,,,,,,,<na>,,,,,,,2508,all important fields empty,remove_incomplete_rows
,,,,,,,<na>,,,,,,,2509,all important fields empty,remove_incomplete_rows
,,,,,,,<na>,,,,,,,2513,all important fields empty,remove_incomplete_rows
,,,,,,,<na>,,,,,,,2514,all important fields empty,remove_incomplete_rows
,,,,,,,<na>,,,,,,,2518,all important fields empty,remove_incomplete_rows
,,,,,,,<na>,,,,,,,2519,all important fields empty,remove_incomplete_rows
,,,,,,,<na>,,,,,,,2523,all important fields empty,remove_incomplete_rows
,,,,,,,<na>,,,,,,,2524,all important fields empty,remove_incomplete_rows
,,,,,,,<na>,,,,,,,2527,all important fields empty,remove_incomplete_rows
,,,,,,,<na>,,,,,,,2528,all important fields empty,remove_incomplete_rows
,,,,,,,<na>,,,,,,,2531,all important fields empty,remove_incomplete_rows
,,,,,,,<na>,,,,,,,2532,all important fields empty,remove_incomplete_rows
,,,,,,,<na>,,,,,,,2535,all important fields empty,remove_incomplete_rows
,,,,,,,<na>,,,,,,,2536,all important fields empty,remove_incomplete_rows
,,,,,,,<na>,,,,,,,2539,all important fields empty,remove_incomplete_rows
,,,,,,,<na>,,,,,,,2540,all important fields empty,remove_incomplete_rows
,,,,,,,<na>,,,,,,,2543,all important fields empty,remove_incomplete_rows
,,,,,,,<na>,,,,,,,2544,all important fields empty,remove_incomplete_rows
,,,,,,,<na>,,,,,,,2547,all important fields empty,remove_incomplete_rows
,,,,,,,<na>,,,,,,,2548,all important fields empty,remove_incomplete_rows
,,,,,,,<na>,,,,,,,2554,all important fields empty,remove_incomplete_rows
,,,,,,,<na>,,,,,,,2555,all important fields empty,remove_incomplete_rows
,,,,,,,<na>,,,,,,,2558,all important fields empty,remove_incomplete_rows
,,,,,,,<na>,,,,,,,2559,all important fields empty,remove_incomplete_rows
,,,,,,,<na>,,,,,,,2562,all important fields empty,remove_incomplete_rows
,,,,,,,<na>,,,,,,,2563,all important fields empty,remove_incomplete_rows
,,,,,,,<na>,,,,,,,2566,all important fields empty,remove_incomplete_rows
,,,,,,,<na>,,,,,,,2567,all important fields empty,remove_incomplete_rows
,,,,,,,<na>,,,,,,,2570,all important fields empty,remove_incomplete_rows
,,,,,,,<na>,,,,,,,2571,all important fields empty,remove_incomplete_rows
,,,,,,,<na>,,,,,,,2575,all important fields empty,remove_incomplete_rows
,,,,,,,<na>,,,,,,,2576,all important fields empty,remove_incomplete_rows
,,,,,,,<na>,,,,,,,2582,all important fields empty,remove_incomplete_rows
,,,,,,,<na>,,,,,,,2583,all important fields empty,remove_incomplete_rows
,,,,,,,<na>,,,,,,,2586,all important fields empty,remove_incomplete_rows
,,,,,,,<na>,,,,,,,2587,all important fields empty,remove_incomplete_rows
,,,,,,,<na>,,,,,,,2599,all important fields empty,remove_incomplete_rows
,,,,,,,<na>,,,,,,,2600,all important fields empty,remove_incomplete_rows
,,,,,,,<na>,,,,,,,2605,all important fields empty,remove_incomplete_rows
,,,,,,,<na>,,,,,,,2606,all important fields empty,remove_incomplete_rows
,,,,,,,<na>,,,,,,,2609,all important fields empty,remove_incomplete_rows
,,,,,,,<na>,,,,,,,2610,all important fields empty,remove_incomplete_rows
,,,,,,,<na>,,,,,,,2614,all important fields empty,remove_incomplete_rows
,,,,,,,<na>,,,,,,,2615,all important fields empty,remove_incomplete_rows
,,,,,,,<na>,,,,,,,2618,all important fields empty,remove_incomplete_rows
,,,,,,,<na>,,,,,,,2619,all important fields empty,remove_incomplete_rows
,,,,,,,<na>,,,,,,,2622,all important fields empty,remove_incomplete_rows
,,,,,,,<na>,,,,,,,2623,all important fields empty,remove_incomplete_rows
,,,,,,,<na>,,,,,,,2628,all important fields empty,remove_incomplete_rows
,,,,,,,<na>,,,,,,,2629,all important fields empty,remove_incomplete_rows
,,,,,,,<na>,,,,,,,2633,all important fields empty,remove_incomplete_rows
,,,,,,,<na>,,,,,,,2634,all important fields empty,remove_incomplete_rows
,,,,,,,<na>,,,,,,,2637,all important fields empty,remove_incomplete_rows
,,,,,,,<na>,,,,,,,2638,all important fields empty,remove_incomplete_rows
,,,,,,,<na>,,,,,,,2651,all important fields empty,remove_incomplete_rows
,,,,,,,<na>,,,,,,,2652,all important fields empty,remove_incomplete_rows
,,,,,,,<na>,,,,,,,2659,all important fields empty,remove_incomplete_rows
,,,,,,,<na>,,,,,,,2660,all important fields empty,remove_incomplete_rows
,,,,,,,<na>,,,,,,,2663,all important fields empty,remove_incomplete_rows
,,,,,,,<na>,,,,,,,2664,all important fields empty,remove_incomplete_rows
,,,,,,,<na>,,,,,,,2667,all important fields empty,remove_incomplete_rows
,,,,,,,<na>,,,,,,,2668,all important fields empty,remove_incomplete_rows
,,,,,,,<na>,,,,,,,2671,all important fields empty,remove_incomplete_rows
,,,,,,,<na>,,,,,,,2672,all important fields empty,remove_incomplete_rows
,,,,,,,<na>,,,,,,,2675,all important fields empty,remove_incomplete_rows
,,,,,,,<na>,,,,,,,2676,all important fields empty,remove_incomplete_rows
,,,,,,,<na>,,,,,,,2679,all important fields empty,remove_incomplete_rows
,,,,,,,<na>,,,,,,,2680,all important fields empty,remove_incomplete_rows
,,,,,,,<na>,,,,,,,2685,all important fields empty,remove_incomplete_rows
,,,,,,,<na>,,,,,,,2686,all important fields empty,remove_incomplete_rows
,,,,,,,<na>,,,,,,,2690,all important fields empty,remove_incomplete_rows
,,,,,,,<na>,,,,,,,2691,all important fields empty,remove_incomplete_rows
,,,,,,,<na>,,,,,,,2694,all important fields empty,remove_incomplete_rows
,,,,,,,<na>,,,,,,,2695,all important fields empty,remove_incomplete_rows
,,,,,,,<na>,,,,,,,2698,all important fields empty,remove_incomplete_rows
,,,,,,,<na>,,,,,,,2699,all important fields empty,remove_incomplete_rows
,,,,,,,<na>,,,,,,,2703,all important fields empty,remove_incomplete_rows
,,,,,,,<na>,,,,,,,2704,all important fields empty,remove_incomplete_rows
,,,,,,,<na>,,,,,,,2711,all important fields empty,remove_incomplete_rows
,,,,,,,<na>,,,,,,,2712,all important fields empty,remove_incomplete_rows
,,,,,,,<na>,,,,,,,2716,all important fields empty,remove_incomplete_rows
,,,,,,,<na>,,,,,,,2717,all important fields empty,remove_incomplete_rows
,,,,,,,<na>,,,,,,,2720,all important fields empty,remove_incomplete_rows
,,,,,,,<na>,,,,,,,2721,all important fields empty,remove_incomplete_rows
,,,,,,,<na>,,,,,,,2724,all important fields empty,remove_incomplete_rows
,,,,,,,<na>,,,,,,,2725,all important fields empty,remove_incomplete_rows
,,,,,,,<na>,,,,,,,2728,all important fields empty,remove_incomplete_rows
,,,,,,,<na>,,,,,,,2729,all important fields empty,remove_incomplete_rows
,,,,,,,<na>,,,,,,,2733,all important fields empty,remove_incomplete_rows
,,,,,,,<na>,,,,,,,2734,all important fields empty,remove_incomplete_rows
,,,,,,,<na>,,,,,,,2737,all important fields empty,remove_incomplete_rows
,,,,,,,<na>,,,,,,,2738,all important fields empty,remove_incomplete_rows
,,,,,,,<na>,,,,,,,2741,all important fields empty,remove_incomplete_rows
,,,,,,,<na>,,,,,,,2742,all important fields empty,remove_incomplete_rows
,,,,,,,<na>,,,,,,,2745,all important fields empty,remove_incomplete_rows
,,,,,,,<na>,,,,,,,2746,all important fields empty,remove_incomplete_rows
,,,,,,,<na>,,,,,,,2751,all important fields empty,remove_incomplete_rows
,,,,,,,<na>,,,,,,,2752,all important fields empty,remove_incomplete_rows
,,,,,,,<na>,,,,,,,2755,all important fields empty,remove_incomplete_rows
,,,,,,,<na>,,,,,,,2756,all important fields empty,remove_incomplete_rows
,,,,,,,<na>,,,,,,,2759,all important fields empty,remove_incomplete_rows
,,,,,,,<na>,,,,,,,2760,all important fields empty,remove_incomplete_rows
,,,,,,,<na>,,,,,,,2763,all important fields empty,remove_incomplete_rows
,,,,,,,<na>,,,,,,,2764,all important fields empty,remove_incomplete_rows
,,,,,,,<na>,,,,,,,2767,all important fields empty,remove_incomplete_rows
,,,,,,,<na>,,,,,,,2768,all important fields empty,remove_incomplete_rows
,,,,,,,<na>,,,,,,,2771,all important fields empty,remove_incomplete_rows
,,,,,,,<na>,,,,,,,2772,all important fields empty,remove_incomplete_rows
,,,,,,,<na>,,,,,,,2778,all important fields empty,remove_incomplete_rows
,,,,,,,<na>,,,,,,,2779,all important fields empty,remove_incomplete_rows
,,,,,,,<na>,,,,,,,2782,all important fields empty,remove_incomplete_rows
,,,,,,,<na>,,,,,,,2783,all important fields empty,remove_incomplete_rows
,,,,,,,<na>,,,,,,,2795,all important fields empty,remove_incomplete_rows
,,,,,,,<na>,,,,,,,2796,all important fields empty,remove_incomplete_rows
,,,,,,,<na>,,,,,,,2799,all important fields empty,remove_incomplete_rows
,,,,,,,<na>,,,,,,,2800,all important fields empty,remove_incomplete_rows
,,,,,,,<na>,,,,,,,2803,all important fields empty,remove_incomplete_rows
,,,,,,,<na>,,,,,,,2804,all important fields empty,remove_incomplete_rows
,,,,,,,<na>,,,,,,,2807,all important fields empty,remove_incomplete_rows
,,,,,,,<na>,,,,,,,2808,all important fields empty,remove_incomplete_rows
,,,,,,,<na>,,,,,,,2813,all important fields empty,remove_incomplete_rows
,,,,,,,<na>,,,,,,,2814,all important fields empty,remove_incomplete_rows
,,,,,,,<na>,,,,,,,2819,all important fields empty,remove_incomplete_rows
,,,,,,,<na>,,,,,,,2820,all important fields empty,remove_incomplete_rows
,,,,,,,<na>,,,,,,,2823,all important fields empty,remove_incomplete_rows
,,,,,,,<na>,,,,,,,2824,all important fields empty,remove_incomplete_rows
,,,,,,,<na>,,,,,,,2827,all important fields empty,remove_incomplete_rows
,,,,,,,<na>,,,,,,,2828,all important fields empty,remove_incomplete_rows
,,,,,,,<na>,,,,,,,2831,all important fields empty,remove_incomplete_rows
,,,,,,,<na>,,,,,,,2832,all important fields empty,remove_incomplete_rows
,,,,,,,<na>,,,,,,,2835,all important fields empty,remove_incomplete_rows
,,,,,,,<na>,,,,,,,2836,all important fields empty,remove_incomplete_rows
,,,,,,,<na>,,,,,,,2839,all important fields empty,remove_incomplete_rows
,,,,,,,<na>,,,,,,,2840,all important fields empty,remove_incomplete_rows
,,,,,,,<na>,,,,,,,2843,all important fields empty,remove_incomplete_rows
,,,,,,,<na>,,,,,,,2844,all important fields empty,remove_incomplete_rows
,,,,,,,<na>,,,,,,,2847,all important fields empty,remove_incomplete_rows
,,,,,,,<na>,,,,,,,2848,all important fields empty,remove_incomplete_rows
,,,,,,,<na>,,,,,,,2851,all important fields empty,remove_incomplete_rows
,,,,,,,<na>,,,,,,,2852,all important fields empty,remove_incomplete_rows
,,,,,,,<na>,,,,,,,2861,all important fields empty,remove_incomplete_rows
,,,,,,,<na>,,,,,,,2862,all important fields empty,remove_incomplete_rows
,,,,,,,<na>,,,,,,,2866,all important fields empty,remove_incomplete_rows
,,,,,,,<na>,,,,,,,2867,all important fields empty,remove_incomplete_rows
,,,,,,,<na>,,,,,,,2872,all important fields empty,remove_incomplete_rows
,,,,,,,<na>,,,,,,,2873,all important fields empty,remove_incomplete_rows
,,,,,,,<na>,,,,,,,2876,all important fields empty,remove_incomplete_rows
,,,,,,,<na>,,,,,,,2877,all important fields empty,remove_incomplete_rows
,,,,,,,<na>,,,,,,,2880,all important fields empty,remove_incomplete_rows
,,,,,,,<na>,,,,,,,2881,all important fields empty,remove_incomplete_rows
,,,,,,,<na>,,,,,,,2885,all important fields empty,remove_incomplete_rows
,,,,,,,<na>,,,,,,,2886,all important fields empty,remove_incomplete_rows
,,,,,,,<na>,,,,,,,2889,all important fields empty,remove_incomplete_rows
,,,,,,,<na>,,,,,,,2890,all important fields empty,remove_incomplete_rows
,,,,,,,<na>,,,,,,,2900,all important fields empty,remove_incomplete_rows
,,,,,,,<na>,,,,,,,2901,all important fields empty,remove_incomplete_rows
,,,,,,,<na>,,,,,,,2905,all important fields empty,remove_incomplete_rows
,,,,,,,<na>,,,,,,,2906,all important fields empty,remove_incomplete_rows
,,,,,,,<na>,,,,,,,2910,all important fields empty,remove_incomplete_rows
,,,,,,,<na>,,,,,,,2911,all important fields empty,remove_incomplete_rows
,,,,,,,<na>,,,,,,,2914,all important fields empty,remove_incomplete_rows
,,,,,,,<na>,,,,,,,2915,all important fields empty,remove_incomplete_rows
,,,,,,,<na>,,,,,,,2919,all important fields empty,remove_incomplete_rows
,,,,,,,<na>,,,,,,,2920,all important fields empty,remove_incomplete_rows
,,,,,,,<na>,,,,,,,2923,all important fields empty,remove_incomplete_rows
,,,,,,,<na>,,,,,,,2924,all important fields empty,remove_incomplete_rows
,,,,,,,<na>,,,,,,,2928,all important fields empty,remove_incomplete_rows
,,,,,,,<na>,,,,,,,2929,all important fields empty,remove_incomplete_rows
,,,,,,,<na>,,,,,,,2932,all important fields empty,remove_incomplete_rows
,,,,,,,<na>,,,,,,,2933,all important fields empty,remove_incomplete_rows
,,,,,,,<na>,,,,,,,2937,all important fields empty,remove_incomplete_rows
,,,,,,,<na>,,,,,,,2938,all important fields empty,remove_incomplete_rows
,,,,,,,<na>,,,,,,,2941,all important fields empty,remove_incomplete_rows
,,,,,,,<na>,,,,,,,2942,all important fields empty,remove_incomplete_rows
,,,,,,,<na>,,,,,,,2945,all important fields empty,remove_incomplete_rows
,,,,,,,<na>,,,,,,,2946,all important fields empty,remove_incomplete_rows
,,,,,,,<na>,,,,,,,2952,all important fields empty,remove_incomplete_rows
,,,,,,,<na>,,,,,,,2953,all important fields empty,remove_incomplete_rows
,,,,,,,<na>,,,,,,,2956,all important fields empty,remove_incomplete_rows
,,,,,,,<na>,,,,,,,2957,all important fields empty,remove_incomplete_rows
,,,,,,,<na>,,,,,,,2961,all important fields empty,remove_incomplete_rows
,,,,,,,<na>,,,,,,,2962,all important fields empty,remove_incomplete_rows
,,,,,,,<na>,,,,,,,2967,all important fields empty,remove_incomplete_rows
,,,,,,,<na>,,,,,,,2968,all important fields empty,remove_incomplete_rows
,,,,,,,<na>,,,,,,,2971,all important fields empty,remove_incomplete_rows
,,,,,,,<na>,,,,,,,2972,all important fields empty,remove_incomplete_rows
,,,,,,,<na>,,,,,,,2978,all important fields empty,remove_incomplete_rows
,,,,,,,<na>,,,,,,,2979,all important fields empty,remove_incomplete_rows
,,,,,,,<na>,,,,,,,2984,all important fields empty,remove_incomplete_rows
,,,,,,,<na>,,,,,,,2985,all important fields empty,remove_incomplete_rows
,,,,,,,<na>,,,,,,,2988,all important fields empty,remove_incomplete_rows
,,,,,,,<na>,,,,,,,2989,all important fields empty,remove_incomplete_rows
,,,,,,,<na>,,,,,,,2993,all important fields empty,remove_incomplete_rows
,,,,,,,<na>,,,,,,,2994,all important fields empty,remove_incomplete_rows
,,,,,,,<na>,,,,,,,2998,all important fields empty,remove_incomplete_rows
,,,,,,,<na>,,,,,,,2999,all important fields empty,remove_incomplete_rows
,,,,,,,<na>,,,,,,,3002,all important fields empty,remove_incomplete_rows
,,,,,,,<na>,,,,,,,3003,all important fields empty,remove_incomplete_rows
,,,,,,,<na>,,,,,,,3006,all important fields empty,remove_incomplete_rows
,,,,,,,<na>,,,,,,,3007,all important fields empty,remove_incomplete_rows
,,,,,,,<na>,,,,,,,3011,all important fields empty,remove_incomplete_rows
,,,,,,,<na>,,,,,,,3012,all important fields empty,remove_incomplete_rows
,,,,,,,<na>,,,,,,,3015,all important fields empty,remove_incomplete_rows
,,,,,,,<na>,,,,,,,3016,all important fields empty,remove_incomplete_rows
,,,,,,,<na>,,,,,,,3019,all important fields empty,remove_incomplete_rows
,,,,,,,<na>,,,,,,,3020,all important fields empty,remove_incomplete_rows
,,,,,,,<na>,,,,,,,3024,all important fields empty,remove_incomplete_rows
,,,,,,,<na>,,,,,,,3025,all important fields empty,remove_incomplete_rows
,,,,,,,<na>,,,,,,,3028,all important fields empty,remove_incomplete_rows
,,,,,,,<na>,,,,,,,3029,all important fields empty,remove_incomplete_rows
,,,,,,,<na>,,,,,,,3032,all important fields empty,remove_incomplete_rows
,,,,,,,<na>,,,,,,,3033,all important fields empty,remove_incomplete_rows
,,,,,,,<na>,,,,,,,3036,all important fields empty,remove_incomplete_rows
,,,,,,,<na>,,,,,,,3037,all important fields empty,remove_incomplete_rows
,,,,,,,<na>,,,,,,,3042,all important fields empty,remove_incomplete_rows
,,,,,,,<na>,,,,,,,3043,all important fields empty,remove_incomplete_rows
,,,,,,,<na>,,,,,,,3046,all important fields empty,remove_incomplete_rows
,,,,,,,<na>,,,,,,,3047,all important fields empty,remove_incomplete_rows
,,,,,,,<na>,,,,,,,3051,all important fields empty,remove_incomplete_rows
,,,,,,,<na>,,,,,,,3052,all important fields empty,remove_incomplete_rows
,,,,,,,<na>,,,,,,,3055,all important fields empty,remove_incomplete_rows
,,,,,,,<na>,,,,,,,3056,all important fields empty,remove_incomplete_rows
,,,,,,,<na>,,,,,,,3059,all important fields empty,remove_incomplete_rows
,,,,,,,<na>,,,,,,,3060,all important fields empty,remove_incomplete_rows
,,,,,,,<na>,,,,,,,3063,all important fields empty,remove_incomplete_rows
,,,,,,,<na>,,,,,,,3064,all important fields empty,remove_incomplete_rows
,,,,,,,<na>,,,,,,,3071,all important fields empty,remove_incomplete_rows
,,,,,,,<na>,,,,,,,3072,all important fields empty,remove_incomplete_rows
,,,,,,,<na>,,,,,,,3075,all important fields empty,remove_incomplete_rows
,,,,,,,<na>,,,,,,,3076,all important fields empty,remove_incomplete_rows
,,,,,,,<na>,,,,,,,3079,all important fields empty,remove_incomplete_rows
,,,,,,,<na>,,,,,,,3080,all important fields empty,remove_incomplete_rows
,,,,,,,<na>,,,,,,,3084,all important fields empty,remove_incomplete_rows
,,,,,,,<na>,,,,,,,3085,all important fields empty,remove_incomplete_rows
,,,,,,,<na>,,,,,,,3089,all important fields empty,remove_incomplete_rows
,,,,,,,<na>,,,,,,,3090,all important fields empty,remove_incomplete_rows
,,,,,,,<na>,,,,,,,3093,all important fields empty,remove_incomplete_rows
,,,,,,,<na>,,,,,,,3094,all important fields empty,remove_incomplete_rows
,,,,,,,<na>,,,,,,,3098,all important fields empty,remove_incomplete_rows
,,,,,,,<na>,,,,,,,3099,all important fields empty,remove_incomplete_rows
,,,,,,,<na>,,,,,,,3103,all important fields empty,remove_incomplete_rows
,,,,,,,<na>,,,,,,,3104,all important fields empty,remove_incomplete_rows
,,,,,,,<na>,,,,,,,3108,all important fields empty,remove_incomplete_rows
,,,,,,,<na>,,,,,,,3109,all important fields empty,remove_incomplete_rows
,,,,,,,<na>,,,,,,,3117,all important fields empty,remove_incomplete_rows
,,,,,,,<na>,,,,,,,3118,all important fields empty,remove_incomplete_rows
,,,,,,,<na>,,,,,,,3121,all important fields empty,remove_incomplete_rows
,,,,,,,<na>,,,,,,,3122,all important fields empty,remove_incomplete_rows
,,,,,,,<na>,,,,,,,3126,all important fields empty,remove_incomplete_rows
,,,,,,,<na>,,,,,,,3127,all important fields empty,remove_incomplete_rows
,,,,,,,<na>,,,,,,,3130,all important fields empty,remove_incomplete_rows
,,,,,,,<na>,,,,,,,3131,all important fields empty,remove_incomplete_rows
,,,,,,,<na>,,,,,,,3135,all important fields empty,remove_incomplete_rows
,,,,,,,<na>,,,,,,,3136,all important fields empty,remove_incomplete_rows
,,,,,,,<na>,,,,,,,3139,all important fields empty,remove_incomplete_rows
,,,,,,,<na>,,,,,,,3140,all important fields empty,remove_incomplete_rows
,,,,,,,<na>,,,,,,,3143,all important fields empty,remove_incomplete_rows
,,,,,,,<na>,,,,,,,3144,all important fields empty,remove_incomplete_rows
,,,,,,,<na>,,,,,,,3147,all important fields empty,remove_incomplete_rows
,,,,,,,<na>,,,,,,,3148,all important fields empty,remove_incomplete_rows
,,,,,,,<na>,,,,,,,3151,all important fields empty,remove_incomplete_rows
,,,,,,,<na>,,,,,,,3152,all important fields empty,remove_incomplete_rows
,,,,,,,<na>,,,,,,,3155,all important fields empty,remove_incomplete_rows
,,,,,,,<na>,,,,,,,3156,all important fields empty,remove_incomplete_rows
,,,,,,,<na>,,,,,,,3159,all important fields empty,remove_incomplete_rows
,,,,,,,<na>,,,,,,,3160,all important fields empty,remove_incomplete_rows
,,,,,,,<na>,,,,,,,3163,all important fields empty,remove_incomplete_rows
,,,,,,,<na>,,,,,,,3164,all important fields empty,remove_incomplete_rows
,,,,,,,<na>,,,,,,,3167,all important fields empty,remove_incomplete_rows
,,,,,,,<na>,,,,,,,3168,all important fields empty,remove_incomplete_rows
,,,,,,,<na>,,,,,,,3172,all important fields empty,remove_incomplete_rows
,,,,,,,<na>,,,,,,,3173,all important fields empty,remove_incomplete_rows
,,,,,,,<na>,,,,,,,3179,all important fields empty,remove_incomplete_rows
,,,,,,,<na>,,,,,,,3180,all important fields empty,remove_incomplete_rows
,,,,,,,<na>,,,,,,,3183,all important fields empty,remove_incomplete_rows
,,,,,,,<na>,,,,,,,3184,all important fields empty,remove_incomplete_rows
,,,,,,,<na>,,,,,,,3187,all important fields empty,remove_incomplete_rows
,,,,,,,<na>,,,,,,,3188,all important fields empty,remove_incomplete_rows
,,,,,,,<na>,,,,,,,3191,all important fields empty,remove_incomplete_rows
,,,,,,,<na>,,,,,,,3192,all important fields empty,remove_incomplete_rows
,,,,,,,<na>,,,,,,,3195,all important fields empty,remove_incomplete_rows
,,,,,,,<na>,,,,,,,3196,all important fields empty,remove_incomplete_rows
,,,,,,,<na>,,,,,,,3201,all important fields empty,remove_incomplete_rows
,,,,,,,<na>,,,,,,,3202,all important fields empty,remove_incomplete_rows
,,,,,,,<na>,,,,,,,3205,all important fields empty,remove_incomplete_rows
,,,,,,,<na>,,,,,,,3206,all important fields empty,remove_incomplete_rows
,,,,,,,<na>,,,,,,,3210,all important fields empty,remove_incomplete_rows
,,,,,,,<na>,,,,,,,3211,all important fields empty,remove_incomplete_rows
,,,,,,,<na>,,,,,,,3215,all important fields empty,remove_incomplete_rows
,,,,,,,<na>,,,,,,,3216,all important fields empty,remove_incomplete_rows
,,,,,,,<na>,,,,,,,3219,all important fields empty,remove_incomplete_rows
,,,,,,,<na>,,,,,,,3220,all important fields empty,remove_incomplete_rows
,,,,,,,<na>,,,,,,,3224,all important fields empty,remove_incomplete_rows
,,,,,,,<na>,,,,,,,3225,all important fields empty,remove_incomplete_rows
,,,,,,,<na>,,,,,,,3228,all important fields empty,remove_incomplete_rows
,,,,,,,<na>,,,,,,,3229,all important fields empty,remove_incomplete_rows
,,,,,,,<na>,,,,,,,3232,all important fields empty,remove_incomplete_rows
,,,,,,,<na>,,,,,,,3233,all important fields empty,remove_incomplete_rows
,,,,,,,<na>,,,,,,,3236,all important fields empty,remove_incomplete_rows
,,,,,,,<na>,,,,,,,3237,all important fields empty,remove_incomplete_rows
,,,,,,,<na>,,,,,,,3240,all important fields empty,remove_incomplete_rows
,,,,,,,<na>,,,,,,,3241,all important fields empty,remove_incomplete_rows
,,,,,,,<na>,,,,,,,3245,all important fields empty,remove_incomplete_rows
,,,,,,,<na>,,,,,,,3246,all important fields empty,remove_incomplete_rows
,,,,,,,<na>,,,,,,,3254,all important fields empty,remove_incomplete_rows
,,,,,,,<na>,,,,,,,3255,all important fields empty,remove_incomplete_rows
,,,,,,,<na>,,,,,,,3258,all important fields empty,remove_incomplete_rows
,,,,,,,<na>,,,,,,,3259,all important fields empty,remove_incomplete_rows
,,,,,,,<na>,,,,,,,3262,all important fields empty,remove_incomplete_rows
,,,,,,,<na>,,,,,,,3263,all important fields empty,remove_incomplete_rows
,,,,,,,<na>,,,,,,,3268,all important fields empty,remove_incomplete_rows
,,,,,,,<na>,,,,,,,3269,all important fields empty,remove_incomplete_rows
,,,,,,,<na>,,,,,,,3272,all important fields empty,remove_incomplete_rows
,,,,,,,<na>,,,,,,,3273,all important fields empty,remove_incomplete_rows
,,,,,,,<na>,,,,,,,3276,all important fields empty,remove_incomplete_rows
,,,,,,,<na>,,,,,,,3277,all important fields empty,remove_incomplete_rows
,,,,,,,<na>,,,,,,,3281,all important fields empty,remove_incomplete_rows
,,,,,,,<na>,,,,,,,3282,all important fields empty,remove_incomplete_rows
,,,,,,,<na>,,,,,,,3285,all important fields empty,remove_incomplete_rows
,,,,,,,<na>,,,,,,,3286,all important fields empty,remove_incomplete_rows
,,,,,,,<na>,,,,,,,3290,all important fields empty,remove_incomplete_rows
,,,,,,,<na>,,,,,,,3291,all important fields empty,remove_incomplete_rows
,,,,,,,<na>,,,,,,,3296,all important fields empty,remove_incomplete_rows
,,,,,,,<na>,,,,,,,3297,all important fields empty,remove_incomplete_rows
,,,,,,,<na>,,,,,,,3300,all important fields empty,remove_incomplete_rows
,,,,,,,<na>,,,,,,,3301,all important fields empty,remove_incomplete_rows
,,,,,,,<na>,,,,,,,3305,all important fields empty,remove_incomplete_rows
,,,,,,,<na>,,,,,,,3306,all important fields empty,remove_incomplete_rows
,,,,,,,<na>,,,,,,,3309,all important fields empty,remove_incomplete_rows
,,,,,,,<na>,,,,,,,3310,all important fields empty,remove_incomplete_rows
,,,,,,,<na>,,,,,,,3313,all important fields empty,remove_incomplete_rows
,,,,,,,<na>,,,,,,,3314,all important fields empty,remove_incomplete_rows
,,,,,,,<na>,,,,,,,3318,all important fields empty,remove_incomplete_rows
,,,,,,,<na>,,,,,,,3319,all important fields empty,remove_incomplete_rows
,,,,,,,<na>,,,,,,,3322,all important fields empty,remove_incomplete_rows
,,,,,,,<na>,,,,,,,3323,all important fields empty,remove_incomplete_rows
,,,,,,,<na>,,,,,,,3334,all important fields empty,remove_incomplete_rows
,,,,,,,<na>,,,,,,,3335,all important fields empty,remove_incomplete_rows
,,,,,,,<na>,,,,,,,3338,all important fields empty,remove_incomplete_rows
,,,,,,,<na>,,,,,,,3339,all important fields empty,remove_incomplete_rows
,,,,,,,<na>,,,,,,,3346,all important fields empty,remove_incomplete_rows
,,,,,,,<na>,,,,,,,3347,all important fields empty,remove_incomplete_rows
,,,,,,,<na>,,,,,,,3352,all important fields empty,remove_incomplete_rows
,,,,,,,<na>,,,,,,,3353,all important fields empty,remove_incomplete_rows
,,,,,,,<na>,,,,,,,3356,all important fields empty,remove_incomplete_rows
,,,,,,,<na>,,,,,,,3357,all important fields empty,remove_incomplete_rows
,,,,,,,<na>,,,,,,,3360,all important fields empty,remove_incomplete_rows
,,,,,,,<na>,,,,,,,3361,all important fields empty,remove_incomplete_rows
,,,,,,,<na>,,,,,,,3364,all important fields empty,remove_incomplete_rows
,,,,,,,<na>,,,,,,,3365,all important fields empty,remove_incomplete_rows
,,,,,,,<na>,,,,,,,3368,all important fields empty,remove_incomplete_rows
,,,,,,,<na>,,,,,,,3369,all important fields empty,remove_incomplete_rows
,,,,,,,<na>,,,,,,,3372,all important fields empty,remove_incomplete_rows
,,,,,,,<na>,,,,,,,3373,all important fields empty,remove_incomplete_rows
,,,,,,,<na>,,,,,,,3376,all important fields empty,remove_incomplete_rows
,,,,,,,<na>,,,,,,,3377,all important fields empty,remove_incomplete_rows
,,,,,,,<na>,,,,,,,3384,all important fields empty,remove_incomplete_rows
,,,,,,,<na>,,,,,,,3385,all important fields empty,remove_incomplete_rows
,,,,,,,<na>,,,,,,,3388,all important fields empty,remove_incomplete_rows
,,,,,,,<na>,,,,,,,3389,all important fields empty,remove_incomplete_rows
,,,,,,,<na>,,,,,,,3392,all important fields empty,remove_incomplete_rows
,,,,,,,<na>,,,,,,,3393,all important fields empty,remove_incomplete_rows
,,,,,,,<na>,,,,,,,3397,all important fields empty,remove_incomplete_rows
,,,,,,,<na>,,,,,,,3398,all important fields empty,remove_incomplete_rows
,,,,,,,<na>,,,,,,,3401,all important fields empty,remove_incomplete_rows
,,,,,,,<na>,,,,,,,3402,all important fields empty,remove_incomplete_rows
,,,,,,,<na>,,,,,,,3406,all important fields empty,remove_incomplete_rows
,,,,,,,<na>,,,,,,,3407,all important fields empty,remove_incomplete_rows
,,,,,,,<na>,,,,,,,3410,all important fields empty,remove_incomplete_rows
,,,,,,,<na>,,,,,,,3411,all important fields empty,remove_incomplete_rows
,,,,,,,<na>,,,,,,,3414,all important fields empty,remove_incomplete_rows
,,,,,,,<na>,,,,,,,3415,all important fields empty,remove_incomplete_rows
,,,,,,,<na>,,,,,,,3419,all important fields empty,remove_incomplete_rows
,,,,,,,<na>,,,,,,,3420,all important fields empty,remove_incomplete_rows
,,,,,,,<na>,,,,,,,3423,all important fields empty,remove_incomplete_rows
,,,,,,,<na>,,,,,,,3424,all important fields empty,remove_incomplete_rows
,,,,,,,<na>,,,,,,,3428,all important fields empty,remove_incomplete_rows
,,,,,,,<na>,,,,,,,3429,all important fields empty,remove_incomplete_rows
,,,,,,,<na>,,,,,,,3433,all important fields empty,remove_incomplete_rows
,,,,,,,<na>,,,,,,,3434,all important fields empty,remove_incomplete_rows
,,,,,,,<na>,,,,,,,3438,all important fields empty,remove_incomplete_rows
,,,,,,,<na>,,,,,,,3439,all important fields empty,remove_incomplete_rows
,,,,,,,<na>,,,,,,,3442,all important fields empty,remove_incomplete_rows
,,,,,,,<na>,,,,,,,3443,all important fields empty,remove_incomplete_rows
,,,,,,,<na>,,,,,,,3446,all important fields empty,remove_incomplete_rows
,,,,,,,<na>,,,,,,,3447,all important fields empty,remove_incomplete_rows
,,,,,,,<na>,,,,,,,3452,all important fields empty,remove_incomplete_rows
,,,,,,,<na>,,,,,,,3453,all important fields empty,remove_incomplete_rows
,,,,,,,<na>,,,,,,,3456,all important fields empty,remove_incomplete_rows
,,,,,,,<na>,,,,,,,3457,all important fields empty,remove_incomplete_rows
,,,,,,,<na>,,,,,,,3460,all important fields empty,remove_incomplete_rows
,,,,,,,<na>,,,,,,,3461,all important fields empty,remove_incomplete_rows
,,,,,,,<na>,,,,,,,3464,all important fields empty,remove_incomplete_rows
,,,,,,,<na>,,,,,,,3465,all important fields empty,remove_incomplete_rows
,,,,,,,<na>,,,,,,,3469,all important fields empty,remove_incomplete_rows
,,,,,,,<na>,,,,,,,3470,all important fields empty,remove_incomplete_rows
,,,,,,,<na>,,,,,,,3473,all important fields empty,remove_incomplete_rows
,,,,,,,<na>,,,,,,,3474,all important fields empty,remove_incomplete_rows
,,,,,,,<na>,,,,,,,3477,all important fields empty,remove_incomplete_rows
,,,,,,,<na>,,,,,,,3478,all important fields empty,remove_incomplete_rows
,,,,,,,<na>,,,,,,,3481,all important fields empty,remove_incomplete_rows
,,,,,,,<na>,,,,,,,3482,all important fields empty,remove_incomplete_rows
,,,,,,,<na>,,,,,,,3485,all important fields empty,remove_incomplete_rows
,,,,,,,<na>,,,,,,,3486,all important fields empty,remove_incomplete_rows
,,,,,,,<na>,,,,,,,3489,all important fields empty,remove_incomplete_rows
,,,,,,,<na>,,,,,,,3490,all important fields empty,remove_incomplete_rows
,,,,,,,<na>,,,,,,,3493,all important fields empty,remove_incomplete_rows
,,,,,,,<na>,,,,,,,3494,all important fields empty,remove_incomplete_rows
,,,,,,,<na>,,,,,,,3497,all important fields empty,remove_incomplete_rows
,,,,,,,<na>,,,,,,,3498,all important fields empty,remove_incomplete_rows
,,,,,,,<na>,,,,,,,3501,all important fields empty,remove_incomplete_rows
,,,,,,,<na>,,,,,,,3502,all important fields empty,remove_incomplete_rows
,,,,,,,<na>,,,,,,,3511,all important fields empty,remove_incomplete_rows
,,,,,,,<na>,,,,,,,3512,all important fields empty,remove_incomplete_rows
,,,,,,,<na>,,,,,,,3516,all important fields empty,remove_incomplete_rows
,,,,,,,<na>,,,,,,,3517,all important fields empty,remove_incomplete_rows
,,,,,,,<na>,,,,,,,3520,all important fields empty,remove_incomplete_rows
,,,,,,,<na>,,,,,,,3521,all important fields empty,remove_incomplete_rows
,,,,,,,<na>,,,,,,,3527,all important fields empty,remove_incomplete_rows
,,,,,,,<na>,,,,,,,3528,all important fields empty,remove_incomplete_rows
,,,,,,,<na>,,,,,,,3531,all important fields empty,remove_incomplete_rows
,,,,,,,<na>,,,,,,,3532,all important fields empty,remove_incomplete_rows
,,,,,,,<na>,,,,,,,3536,all important fields empty,remove_incomplete_rows
,,,,,,,<na>,,,,,,,3537,all important fields empty,remove_incomplete_rows
,,,,,,,<na>,,,,,,,3541,all important fields empty,remove_incomplete_rows
,,,,,,,<na>,,,,,,,3542,all important fields empty,remove_incomplete_rows
,,,,,,,<na>,,,,,,,3545,all important fields empty,remove_incomplete_rows
,,,,,,,<na>,,,,,,,3546,all important fields empty,remove_incomplete_rows
,,,,,,,<na>,,,,,,,3549,all important fields empty,remove_incomplete_rows
,,,,,,,<na>,,,,,,,3550,all important fields empty,remove_incomplete_rows
,,,,,,,<na>,,,,,,,3553,all important fields empty,remove_incomplete_rows
,,,,,,,<na>,,,,,,,3554,all important fields empty,remove_incomplete_rows
,,,,,,,<na>,,,,,,,3558,all important fields empty,remove_incomplete_rows
,,,,,,,<na>,,,,,,,3559,all important fields empty,remove_incomplete_rows
,,,,,,,<na>,,,,,,,3562,all important fields empty,remove_incomplete_rows
,,,,,,,<na>,,,,,,,3563,all important fields empty,remove_incomplete_rows
,,,,,,,<na>,,,,,,,3574,all important fields empty,remove_incomplete_rows
,,,,,,,<na>,,,,,,,3575,all important fields empty,remove_incomplete_rows
,,,,,,,<na>,,,,,,,3578,all important fields empty,remove_incomplete_rows
,,,,,,,<na>,,,,,,,3579,all important fields empty,remove_incomplete_rows
,,,,,,,<na>,,,,,,,3582,all important fields empty,remove_incomplete_rows
,,,,,,,<na>,,,,,,,3583,all important fields empty,remove_incomplete_rows
,,,,,,,<na>,,,,,,,3587,all important fields empty,remove_incomplete_rows
,,,,,,,<na>,,,,,,,3588,all important fields empty,remove_incomplete_rows
,,,,,,,<na>,,,,,,,3593,all important fields empty,remove_incomplete_rows
,,,,,,,<na>,,,,,,,3594,all important fields empty,remove_incomplete_rows
,,,,,,,<na>,,,,,,,3597,all important fields empty,remove_incomplete_rows
,,,,,,,<na>,,,,,,,3598,all important fields empty,remove_incomplete_rows
,,,,,,,<na>,,,,,,,3601,all important fields empty,remove_incomplete_rows
,,,,,,,<na>,,,,,,,3602,all important fields empty,remove_incomplete_rows
,,,,,,,<na>,,,,,,,3605,all important fields empty,remove_incomplete_rows
,,,,,,,<na>,,,,,,,3606,all important fields empty,remove_incomplete_rows
,,,,,,,<na>,,,,,,,3609,all important fields empty,remove_incomplete_rows
,,,,,,,<na>,,,,,,,3610,all important fields empty,remove_incomplete_rows
,,,,,,,<na>,,,,,,,3613,all important fields empty,remove_incomplete_rows
,,,,,,,<na>,,,,,,,3614,all important fields empty,remove_incomplete_rows
,,,,,,,<na>,,,,,,,3617,all important fields empty,remove_incomplete_rows
,,,,,,,<na>,,,,,,,3618,all important fields empty,remove_incomplete_rows
,,,,,,,<na>,,,,,,,3621,all important fields empty,remove_incomplete_rows
,,,,,,,<na>,,,,,,,3622,all important fields empty,remove_incomplete_rows
,,,,,,,<na>,,,,,,,3625,all important fields empty,remove_incomplete_rows
,,,,,,,<na>,,,,,,,3626,all important fields empty,remove_incomplete_rows
,,,,,,,<na>,,,,,,,3629,all important fields empty,remove_incomplete_rows
,,,,,,,<na>,,,,,,,3630,all important fields empty,remove_incomplete_rows
,,,,,,,<na>,,,,,,,3635,all important fields empty,remove_incomplete_rows
,,,,,,,<na>,,,,,,,3636,all important fields empty,remove_incomplete_rows
,,,,,,,<na>,,,,,,,3640,all important fields empty,remove_incomplete_rows
,,,,,,,<na>,,,,,,,3641,all important fields empty,remove_incomplete_rows
,,,,,,,<na>,,,,,,,3645,all important fields empty,remove_incomplete_rows
,,,,,,,<na>,,,,,,,3646,all important fields empty,remove_incomplete_rows
,,,,,,,<na>,,,,,,,3649,all important fields empty,remove_incomplete_rows
,,,,,,,<na>,,,,,,,3650,all important fields empty,remove_incomplete_rows
,,,,,,,<na>,,,,,,,3653,all important fields empty,remove_incomplete_rows
,,,,,,,<na>,,,,,,,3654,all important fields empty,remove_incomplete_rows
,,,,,,,<na>,,,,,,,3657,all important fields empty,remove_incomplete_rows
,,,,,,,<na>,,,,,,,3658,all important fields empty,remove_incomplete_rows
,,,,,,,<na>,,,,,,,3663,all important fields empty,remove_incomplete_rows
,,,,,,,<na>,,,,,,,3664,all important fields empty,remove_incomplete_rows
,,,,,,,<na>,,,,,,,3668,all important fields empty,remove_incomplete_rows
,,,,,,,<na>,,,,,,,3669,all important fields empty,remove_incomplete_rows
,,,,,,,<na>,,,,,,,3674,all important fields empty,remove_incomplete_rows
,,,,,,,<na>,,,,,,,3675,all important fields empty,remove_incomplete_rows
,,,,,,,<na>,,,,,,,3678,all important fields empty,remove_incomplete_rows
,,,,,,,<na>,,,,,,,3679,all important fields empty,remove_incomplete_rows
,,,,,,,<na>,,,,,,,3682,all important fields empty,remove_incomplete_rows
,,,,,,,<na>,,,,,,,3683,all important fields empty,remove_incomplete_rows
,,,,,,,<na>,,,,,,,3686,all important fields empty,remove_incomplete_rows
,,,,,,,<na>,,,,,,,3687,all important fields empty,remove_incomplete_rows
,,,,,,,<na>,,,,,,,3690,all important fields empty,remove_incomplete_rows
,,,,,,,<na>,,,,,,,3691,all important fields empty,remove_incomplete_rows
,,,,,,,<na>,,,,,,,3695,all important fields empty,remove_incomplete_rows
,,,,,,,<na>,,,,,,,3696,all important fields empty,remove_incomplete_rows
,,,,,,,<na>,,,,,,,3700,all important fields empty,remove_incomplete_rows
,,,,,,,<na>,,,,,,,3701,all important fields empty,remove_incomplete_rows
,,,,,,,<na>,,,,,,,3706,all important fields empty,remove_incomplete_rows
,,,,,,,<na>,,,,,,,3707,all important fields empty,remove_incomplete_rows
,,,,,,,<na>,,,,,,,3710,all important fields empty,remove_incomplete_rows
,,,,,,,<na>,,,,,,,3711,all important fields empty,remove_incomplete_rows
,,,,,,,<na>,,,,,,,3716,all important fields empty,remove_incomplete_rows
,,,,,,,<na>,,,,,,,3717,all important fields empty,remove_incomplete_rows
,,,,,,,<na>,,,,,,,3720,all important fields empty,remove_incomplete_rows
,,,,,,,<na>,,,,,,,3721,all important fields empty,remove_incomplete_rows
,,,,,,,<na>,,,,,,,3725,all important fields empty,remove_incomplete_rows
,,,,,,,<na>,,,,,,,3726,all important fields empty,remove_incomplete_rows
,,,,,,,<na>,,,,,,,3729,all important fields empty,remove_incomplete_rows
,,,,,,,<na>,,,,,,,3730,all important fields empty,remove_incomplete_rows
,,,,,,,<na>,,,,,,,3736,all important fields empty,remove_incomplete_rows
,,,,,,,<na>,,,,,,,3737,all important fields empty,remove_incomplete_rows
,,,,,,,<na>,,,,,,,3740,all important fields empty,remove_incomplete_rows
,,,,,,,<na>,,,,,,,3741,all important fields empty,remove_incomplete_rows
,,,,,,,<na>,,,,,,,3745,all important fields empty,remove_incomplete_rows
,,,,,,,<na>,,,,,,,3746,all important fields empty,remove_incomplete_rows
,,,,,,,<na>,,,,,,,3750,all important fields empty,remove_incomplete_rows
,,,,,,,<na>,,,,,,,3751,all important fields empty,remove_incomplete_rows
,,,,,,,<na>,,,,,,,3757,all important fields empty,remove_incomplete_rows
,,,,,,,<na>,,,,,,,3758,all important fields empty,remove_incomplete_rows
,,,,,,,<na>,,,,,,,3763,all important fields empty,remove_incomplete_rows
,,,,,,,<na>,,,,,,,3764,all important fields empty,remove_incomplete_rows
,,,,,,,<na>,,,,,,,3768,all important fields empty,remove_incomplete_rows
,,,,,,,<na>,,,,,,,3769,all important fields empty,remove_incomplete_rows
,,,,,,,<na>,,,,,,,3772,all important fields empty,remove_incomplete_rows
,,,,,,,<na>,,,,,,,3773,all important fields empty,remove_incomplete_rows
,,,,,,,<na>,,,,,,,3777,all important fields empty,remove_incomplete_rows
,,,,,,,<na>,,,,,,,3778,all important fields empty,remove_incomplete_rows
,,,,,,,<na>,,,,,,,3781,all important fields empty,remove_incomplete_rows
,,,,,,,<na>,,,,,,,3782,all important fields empty,remove_incomplete_rows
,,,,,,,<na>,,,,,,,3787,all important fields empty,remove_incomplete_rows
,,,,,,,<na>,,,,,,,3788,all important fields empty,remove_incomplete_rows
,,,,,,,<na>,,,,,,,3794,all important fields empty,remove_incomplete_rows
,,,,,,,<na>,,,,,,,3795,all important fields empty,remove_incomplete_rows
,,,,,,,<na>,,,,,,,3798,all important fields empty,remove_incomplete_rows
,,,,,,,<na>,,,,,,,3799,all important fields empty,remove_incomplete_rows
,,,,,,,<na>,,,,,,,3803,all important fields empty,remove_incomplete_rows
,,,,,,,<na>,,,,,,,3804,all important fields empty,remove_incomplete_rows
,,,,,,,<na>,,,,,,,3807,all important fields empty,remove_incomplete_rows
,,,,,,,<na>,,,,,,,3808,all important fields empty,remove_incomplete_rows
,,,,,,,<na>,,,,,,,3811,all important fields empty,remove_incomplete_rows
,,,,,,,<na>,,,,,,,3812,all important fields empty,remove_incomplete_rows
,,,,,,,<na>,,,,,,,3815,all important fields empty,remove_incomplete_rows
,,,,,,,<na>,,,,,,,3816,all important fields empty,remove_incomplete_rows
,,,,,,,<na>,,,,,,,3820,all important fields empty,remove_incomplete_rows
,,,,,,,<na>,,,,,,,3821,all important fields empty,remove_incomplete_rows
,,,,,,,<na>,,,,,,,3824,all important fields empty,remove_incomplete_rows
,,,,,,,<na>,,,,,,,3825,all important fields empty,remove_incomplete_rows
,,,,,,,<na>,,,,,,,3831,all important fields empty,remove_incomplete_rows
,,,,,,,<na>,,,,,,,3832,all important fields empty,remove_incomplete_rows
,,,,,,,<na>,,,,,,,3835,all important fields empty,remove_incomplete_rows
,,,,,,,<na>,,,,,,,3836,all important fields empty,remove_incomplete_rows
,,,,,,,<na>,,,,,,,3839,all important fields empty,remove_incomplete_rows
,,,,,,,<na>,,,,,,,3840,all important fields empty,remove_incomplete_rows
,,,,,,,<na>,,,,,,,3846,all important fields empty,remove_incomplete_rows
,,,,,,,<na>,,,,,,,3847,all important fields empty,remove_incomplete_rows
,,,,,,,<na>,,,,,,,3850,all important fields empty,remove_incomplete_rows
,,,,,,,<na>,,,,,,,3851,all important fields empty,remove_incomplete_rows
,,,,,,,<na>,,,,,,,3854,all important fields empty,remove_incomplete_rows
,,,,,,,<na>,,,,,,,3855,all important fields empty,remove_incomplete_rows
,,,,,,,<na>,,,,,,,3858,all important fields empty,remove_incomplete_rows
,,,,,,,<na>,,,,,,,3859,all important fields empty,remove_incomplete_rows
,,,,,,,<na>,,,,,,,3867,all important fields empty,remove_incomplete_rows
,,,,,,,<na>,,,,,,,3868,all important fields empty,remove_incomplete_rows
,,,,,,,<na>,,,,,,,3871,all important fields empty,remove_incomplete_rows
,,,,,,,<na>,,,,,,,3872,all important fields empty,remove_incomplete_rows
,,,,,,,<na>,,,,,,,3875,all important fields empty,remove_incomplete_rows
,,,,,,,<na>,,,,,,,3876,all important fields empty,remove_incomplete_rows
,,,,,,,<na>,,,,,,,3879,all important fields empty,remove_incomplete_rows
,,,,,,,<na>,,,,,,,3880,all important fields empty,remove_incomplete_rows
,,,,,,,<na>,,,,,,,3883,all important fields empty,remove_incomplete_rows
,,,,,,,<na>,,,,,,,3884,all important fields empty,remove_incomplete_rows
,,,,,,,<na>,,,,,,,3888,all important fields empty,remove_incomplete_rows
,,,,,,,<na>,,,,,,,3889,all important fields empty,remove_incomplete_rows
,,,,,,,<na>,,,,,,,3892,all important fields empty,remove_incomplete_rows
,,,,,,,<na>,,,,,,,3893,all important fields empty,remove_incomplete_rows
,,,,,,,<na>,,,,,,,3896,all important fields empty,remove_incomplete_rows
,,,,,,,<na>,,,,,,,3897,all important fields empty,remove_incomplete_rows
,,,,,,,<na>,,,,,,,3900,all important fields empty,remove_incomplete_rows
,,,,,,,<na>,,,,,,,3901,all important fields empty,remove_incomplete_rows
,,,,,,,<na>,,,,,,,3905,all important fields empty,remove_incomplete_rows
,,,,,,,<na>,,,,,,,3906,all important fields empty,remove_incomplete_rows
,,,,,,,<na>,,,,,,,3909,all important fields empty,remove_incomplete_rows
,,,,,,,<na>,,,,,,,3910,all important fields empty,remove_incomplete_rows
,,,,,,,<na>,,,,,,,3913,all important fields empty,remove_incomplete_rows
,,,,,,,<na>,,,,,,,3914,all important fields empty,remove_incomplete_rows
,,,,,,,<na>,,,,,,,3919,all important fields empty,remove_incomplete_rows
,,,,,,,<na>,,,,,,,3920,all important fields empty,remove_incomplete_rows
,,,,,,,<na>,,,,,,,3924,all important fields empty,remove_incomplete_rows
,,,,,,,<na>,,,,,,,3925,all important fields empty,remove_incomplete_rows
,,,,,,,<na>,,,,,,,3930,all important fields empty,remove_incomplete_rows
,,,,,,,<na>,,,,,,,3931,all important fields empty,remove_incomplete_rows
,,,,,,,<na>,,,,,,,3935,all important fields empty,remove_incomplete_rows
,,,,,,,<na>,,,,,,,3936,all important fields empty,remove_incomplete_rows
,,,,,,,<na>,,,,,,,3941,all important fields empty,remove_incomplete_rows
,,,,,,,<na>,,,,,,,3942,all important fields empty,remove_incomplete_rows
,,,,,,,<na>,,,,,,,3946,all important fields empty,remove_incomplete_rows
,,,,,,,<na>,,,,,,,3947,all important fields empty,remove_incomplete_rows
,,,,,,,<na>,,,,,,,3950,all important fields empty,remove_incomplete_rows
,,,,,,,<na>,,,,,,,3951,all important fields empty,remove_incomplete_rows
,,,,,,,<na>,,,,,,,3954,all important fields empty,remove_incomplete_rows
,,,,,,,<na>,,,,,,,3955,all important fields empty,remove_incomplete_rows
,,,,,,,<na>,,,,,,,3958,all important fields empty,remove_incomplete_rows
,,,,,,,<na>,,,,,,,3959,all important fields empty,remove_incomplete_rows
,,,,,,,<na>,,,,,,,3962,all important fields empty,remove_incomplete_rows
,,,,,,,<na>,,,,,,,3963,all important fields empty,remove_incomplete_rows
,,,,,,,<na>,,,,,,,3967,all important fields empty,remove_incomplete_rows
,,,,,,,<na>,,,,,,,3968,all important fields empty,remove_incomplete_rows
,,,,,,,<na>,,,,,,,3972,all important fields empty,remove_incomplete_rows
,,,,,,,<na>,,,,,,,3973,all important fields empty,remove_incomplete_rows
,,,,,,,<na>,,,,,,,3976,all important fields empty,remove_incomplete_rows
,,,,,,,<na>,,,,,,,3977,all important fields empty,remove_incomplete_rows
,,,,,,,<na>,,,,,,,3980,all important fields empty,remove_incomplete_rows
,,,,,,,<na>,,,,,,,3981,all important fields empty,remove_incomplete_rows
,,,,,,,<na>,,,,,,,3986,all important fields empty,remove_incomplete_rows
,,,,,,,<na>,,,,,,,3987,all important fields empty,remove_incomplete_rows
,,,,,,,<na>,,,,,,,3996,all important fields empty,remove_incomplete_rows
,,,,,,,<na>,,,,,,,3997,all important fields empty,remove_incomplete_rows
,,,,,,,<na>,,,,,,,4006,all important fields empty,remove_incomplete_rows
,,,,,,,<na>,,,,,,,4007,all important fields empty,remove_incomplete_rows
,,,,,,,<na>,,,,,,,4019,all important fields empty,remove_incomplete_rows
,,,,,,,<na>,,,,,,,4020,all important fields empty,remove_incomplete_rows
,,,,,,,<na>,,,,,,,4023,all important fields empty,remove_incomplete_rows
,,,,,,,<na>,,,,,,,4024,all important fields empty,remove_incomplete_rows
,,,,,,,<na>,,,,,,,4028,all important fields empty,remove_incomplete_rows
,,,,,,,<na>,,,,,,,4029,all important fields empty,remove_incomplete_rows
,,,,,,,<na>,,,,,,,4032,all important fields empty,remove_incomplete_rows
,,,,,,,<na>,,,,,,,4033,all important fields empty,remove_incomplete_rows
,,,,,,,<na>,,,,,,,4036,all important fields empty,remove_incomplete_rows
,,,,,,,<na>,,,,,,,4037,all important fields empty,remove_incomplete_rows
,,,,,,,<na>,,,,,,,4040,all important fields empty,remove_incomplete_rows
,,,,,,,<na>,,,,,,,4041,all important fields empty,remove_incomplete_rows
,,,,,,,<na>,,,,,,,4044,all important fields empty,remove_incomplete_rows
,,,,,,,<na>,,,,,,,4045,all important fields empty,remove_incomplete_rows
,,,,,,,<na>,,,,,,,4048,all important fields empty,remove_incomplete_rows
,,,,,,,<na>,,,,,,,4049,all important fields empty,remove_incomplete_rows
,,,,,,,<na>,,,,,,,4053,all important fields empty,remove_incomplete_rows
,,,,,,,<na>,,,,,,,4054,all important fields empty,remove_incomplete_rows
,,,,,,,<na>,,,,,,,4057,all important fields empty,remove_incomplete_rows
,,,,,,,<na>,,,,,,,4058,all important fields empty,remove_incomplete_rows
,,,,,,,<na>,,,,,,,4061,all important fields empty,remove_incomplete_rows
,,,,,,,<na>,,,,,,,4062,all important fields empty,remove_incomplete_rows
,,,,,,,<na>,,,,,,,4078,all important fields empty,remove_incomplete_rows
,,,,,,,<na>,,,,,,,4079,all important fields empty,remove_incomplete_rows
,,,,,,,<na>,,,,,,,4082,all important fields empty,remove_incomplete_rows
,,,,,,,<na>,,,,,,,4083,all important fields empty,remove_incomplete_rows
,,,,,,,<na>,,,,,,,4087,all important fields empty,remove_incomplete_rows
,,,,,,,<na>,,,,,,,4088,all important fields empty,remove_incomplete_rows
,,,,,,,<na>,,,,,,,4092,all important fields empty,remove_incomplete_rows
,,,,,,,<na>,,,,,,,4093,all important fields empty,remove_incomplete_rows
,,,,,,,<na>,,,,,,,4105,all important fields empty,remove_incomplete_rows
,,,,,,,<na>,,,,,,,4106,all important fields empty,remove_incomplete_rows
,,,,,,,<na>,,,,,,,4109,all important fields empty,remove_incomplete_rows
,,,,,,,<na>,,,,,,,4110,all important fields empty,remove_incomplete_rows
,,,,,,,<na>,,,,,,,4113,all important fields empty,remove_incomplete_rows
,,,,,,,<na>,,,,,,,4114,all important fields empty,remove_incomplete_rows
,,,,,,,<na>,,,,,,,4119,all important fields empty,remove_incomplete_rows
,,,,,,,<na>,,,,,,,4120,all important fields empty,remove_incomplete_rows
,,,,,,,<na>,,,,,,,4123,all important fields empty,remove_incomplete_rows
,,,,,,,<na>,,,,,,,4124,all important fields empty,remove_incomplete_rows
,,,,,,,<na>,,,,,,,4127,all important fields empty,remove_incomplete_rows
,,,,,,,<na>,,,,,,,4128,all important fields empty,remove_incomplete_rows
,,,,,,,<na>,,,,,,,4131,all important fields empty,remove_incomplete_rows
,,,,,,,<na>,,,,,,,4132,all important fields empty,remove_incomplete_rows
,,,,,,,<na>,,,,,,,4135,all important fields empty,remove_incomplete_rows
,,,,,,,<na>,,,,,,,4136,all important fields empty,remove_incomplete_rows
,,,,,,,<na>,,,,,,,4142,all important fields empty,remove_incomplete_rows
,,,,,,,<na>,,,,,,,4143,all important fields empty,remove_incomplete_rows
,,,,,,,<na>,,,,,,,4146,all important fields empty,remove_incomplete_rows
,,,,,,,<na>,,,,,,,4147,all important fields empty,remove_incomplete_rows
,,,,,,,<na>,,,,,,,4150,all important fields empty,remove_incomplete_rows
,,,,,,,<na>,,,,,,,4151,all important fields empty,remove_incomplete_rows
,,,,,,,<na>,,,,,,,4154,all important fields empty,remove_incomplete_rows
,,,,,,,<na>,,,,,,,4155,all important fields empty,remove_incomplete_rows
,,,,,,,<na>,,,,,,,4158,all important fields empty,remove_incomplete_rows
,,,,,,,<na>,,,,,,,4159,all important fields empty,remove_incomplete_rows
,,,,,,,<na>,,,,,,,4167,all important fields empty,remove_incomplete_rows
,,,,,,,<na>,,,,,,,4168,all important fields empty,remove_incomplete_rows
,,,,,,,<na>,,,,,,,4172,all important fields empty,remove_incomplete_rows
,,,,,,,<na>,,,,,,,4173,all important fields empty,remove_incomplete_rows
,,,,,,,<na>,,,,,,,4177,all important fields empty,remove_incomplete_rows
,,,,,,,<na>,,,,,,,4178,all important fields empty,remove_incomplete_rows
,,,,,,,<na>,,,,,,,4181,all important fields empty,remove_incomplete_rows
,,,,,,,<na>,,,,,,,4182,all important fields empty,remove_incomplete_rows
,,,,,,,<na>,,,,,,,4185,all important fields empty,remove_incomplete_rows
,,,,,,,<na>,,,,,,,4186,all important fields empty,remove_incomplete_rows
,,,,,,,<na>,,,,,,,4189,all important fields empty,remove_incomplete_rows
,,,,,,,<na>,,,,,,,4190,all important fields empty,remove_incomplete_rows
,,,,,,,<na>,,,,,,,4194,all important fields empty,remove_incomplete_rows
,,,,,,,<na>,,,,,,,4195,all important fields empty,remove_incomplete_rows
,,,,,,,<na>,,,,,,,4198,all important fields empty,remove_incomplete_rows
,,,,,,,<na>,,,,,,,4199,all important fields empty,remove_incomplete_rows
,,,,,,,<na>,,,,,,,4204,all important fields empty,remove_incomplete_rows
,,,,,,,<na>,,,,,,,4205,all important fields empty,remove_incomplete_rows
,,,,,,,<na>,,,,,,,4208,all important fields empty,remove_incomplete_rows
,,,,,,,<na>,,,,,,,4209,all important fields empty,remove_incomplete_rows
,,,,,,,<na>,,,,,,,4212,all important fields empty,remove_incomplete_rows
,,,,,,,<na>,,,,,,,4213,all important fields empty,remove_incomplete_rows
,,,,,,,<na>,,,,,,,4216,all important fields empty,remove_incomplete_rows
,,,,,,,<na>,,,,,,,4217,all important fields empty,remove_incomplete_rows
,,,,,,,<na>,,,,,,,4226,all important fields empty,remove_incomplete_rows
,,,,,,,<na>,,,,,,,4227,all important fields empty,remove_incomplete_rows
,,,,,,,<na>,,,,,,,4232,all important fields empty,remove_incomplete_rows
,,,,,,,<na>,,,,,,,4233,all important fields empty,remove_incomplete_rows
,,,,,,,<na>,,,,,,,4237,all important fields empty,remove_incomplete_rows
,,,,,,,<na>,,,,,,,4238,all important fields empty,remove_incomplete_rows
,,,,,,,<na>,,,,,,,4241,all important fields empty,remove_incomplete_rows
,,,,,,,<na>,,,,,,,4242,all important fields empty,remove_incomplete_rows
,,,,,,,<na>,,,,,,,4245,all important fields empty,remove_incomplete_rows
,,,,,,,<na>,,,,,,,4246,all important fields empty,remove_incomplete_rows
,,,,,,,<na>,,,,,,,4249,all important fields empty,remove_incomplete_rows
,,,,,,,<na>,,,,,,,4250,all important fields empty,remove_incomplete_rows
,,,,,,,<na>,,,,,,,4253,all important fields empty,remove_incomplete_rows
,,,,,,,<na>,,,,,,,4254,all important fields empty,remove_incomplete_rows
,,,,,,,<na>,,,,,,,4257,all important fields empty,remove_incomplete_rows
,,,,,,,<na>,,,,,,,4258,all important fields empty,remove_incomplete_rows
,,,,,,,<na>,,,,,,,4262,all important fields empty,remove_incomplete_rows
,,,,,,,<na>,,,,,,,4263,all important fields empty,remove_incomplete_rows
,,,,,,,<na>,,,,,,,4267,all important fields empty,remove_incomplete_rows
,,,,,,,<na>,,,,,,,4268,all important fields empty,remove_incomplete_rows
,,,,,,,<na>,,,,,,,4271,all important fields empty,remove_incomplete_rows
,,,,,,,<na>,,,,,,,4272,all important fields empty,remove_incomplete_rows
,,,,,,,<na>,,,,,,,4276,all important fields empty,remove_incomplete_rows
,,,,,,,<na>,,,,,,,4277,all important fields empty,remove_incomplete_rows
,,,,,,,<na>,,,,,,,4280,all important fields empty,remove_incomplete_rows
,,,,,,,<na>,,,,,,,4281,all important fields empty,remove_incomplete_rows
,,,,,,,<na>,,,,,,,4285,all important fields empty,remove_incomplete_rows
,,,,,,,<na>,,,,,,,4286,all important fields empty,remove_incomplete_rows
,,,,,,,<na>,,,,,,,4290,all important fields empty,remove_incomplete_rows
,,,,,,,<na>,,,,,,,4291,all important fields empty,remove_incomplete_rows
,,,,,,,<na>,,,,,,,4295,all important fields empty,remove_incomplete_rows
,,,,,,,<na>,,,,,,,4296,all important fields empty,remove_incomplete_rows
,,,,,,,<na>,,,,,,,4305,all important fields empty,remove_incomplete_rows
,,,,,,,<na>,,,,,,,4306,all important fields empty,remove_incomplete_rows
,,,,,,,<na>,,,,,,,4309,all important fields empty,remove_incomplete_rows
,,,,,,,<na>,,,,,,,4310,all important fields empty,remove_incomplete_rows
,,,,,,,<na>,,,,,,,4313,all important fields empty,remove_incomplete_rows
,,,,,,,<na>,,,,,,,4314,all important fields empty,remove_incomplete_rows
,,,,,,,<na>,,,,,,,4322,all important fields empty,remove_incomplete_rows
,,,,,,,<na>,,,,,,,4323,all important fields empty,remove_incomplete_rows
,,,,,,,<na>,,,,,,,4329,all important fields empty,remove_incomplete_rows
,,,,,,,<na>,,,,,,,4330,all important fields empty,remove_incomplete_rows
,,,,,,,<na>,,,,,,,4339,all important fields empty,remove_incomplete_rows
,,,,,,,<na>,,,,,,,4340,all important fields empty,remove_incomplete_rows
,,,,,,,<na>,,,,,,,4343,all important fields empty,remove_incomplete_rows
,,,,,,,<na>,,,,,,,4344,all important fields empty,remove_incomplete_rows
,,,,,,,<na>,,,,,,,4351,all important fields empty,remove_incomplete_rows
,,,,,,,<na>,,,,,,,4352,all important fields empty,remove_incomplete_rows
,,,,,,,<na>,,,,,,,4356,all important fields empty,remove_incomplete_rows
,,,,,,,<na>,,,,,,,4357,all important fields empty,remove_incomplete_rows
,,,,,,,<na>,,,,,,,4361,all important fields empty,remove_incomplete_rows
,,,,,,,<na>,,,,,,,4362,all important fields empty,remove_incomplete_rows
,,,,,,,<na>,,,,,,,4365,all important fields empty,remove_incomplete_rows
,,,,,,,<na>,,,,,,,4366,all important fields empty,remove_incomplete_rows
,,,,,,,<na>,,,,,,,4370,all important fields empty,remove_incomplete_rows
,,,,,,,<na>,,,,,,,4371,all important fields empty,remove_incomplete_rows
,,,,,,,<na>,,,,,,,4374,all important fields empty,remove_incomplete_rows
,,,,,,,<na>,,,,,,,4375,all important fields empty,remove_incomplete_rows
,,,,,,,<na>,,,,,,,4378,all important fields empty,remove_incomplete_rows
,,,,,,,<na>,,,,,,,4379,all important fields empty,remove_incomplete_rows
,,,,,,,<na>,,,,,,,4385,all important fields empty,remove_incomplete_rows
,,,,,,,<na>,,,,,,,4386,all important fields empty,remove_incomplete_rows
,,,,,,,<na>,,,,,,,4389,all important fields empty,remove_incomplete_rows
,,,,,,,<na>,,,,,,,4390,all important fields empty,remove_incomplete_rows
,,,,,,,<na>,,,,,,,4394,all important fields empty,remove_incomplete_rows
,,,,,,,<na>,,,,,,,4395,all important fields empty,remove_incomplete_rows
,,,,,,,<na>,,,,,,,4398,all important fields empty,remove_incomplete_rows
,,,,,,,<na>,,,,,,,4399,all important fields empty,remove_incomplete_rows
,,,,,,,<na>,,,,,,,4402,all important fields empty,remove_incomplete_rows
,,,,,,,<na>,,,,,,,4403,all important fields empty,remove_incomplete_rows
,,,,,,,<na>,,,,,,,4406,all important fields empty,remove_incomplete_rows
,,,,,,,<na>,,,,,,,4407,all important fields empty,remove_incomplete_rows
,,,,,,,<na>,,,,,,,4410,all important fields empty,remove_incomplete_rows
,,,,,,,<na>,,,,,,,4411,all important fields empty,remove_incomplete_rows
,,,,,,,<na>,,,,,,,4414,all important fields empty,remove_incomplete_rows
,,,,,,,<na>,,,,,,,4415,all important fields empty,remove_incomplete_rows
,,,,,,,<na>,,,,,,,4419,all important fields empty,remove_incomplete_rows
,,,,,,,<na>,,,,,,,4420,all important fields empty,remove_incomplete_rows
,,,,,,,<na>,,,,,,,4423,all important fields empty,remove_incomplete_rows
,,,,,,,<na>,,,,,,,4424,all important fields empty,remove_incomplete_rows
,,,,,,,<na>,,,,,,,4427,all important fields empty,remove_incomplete_rows
,,,,,,,<na>,,,,,,,4428,all important fields empty,remove_incomplete_rows
,,,,,,,<na>,,,,,,,4431,all important fields empty,remove_incomplete_rows
,,,,,,,<na>,,,,,,,4432,all important fields empty,remove_incomplete_rows
,,,,,,,<na>,,,,,,,4436,all important fields empty,remove_incomplete_rows
,,,,,,,<na>,,,,,,,4437,all important fields empty,remove_incomplete_rows
,,,,,,,<na>,,,,,,,4440,all important fields empty,remove_incomplete_rows
,,,,,,,<na>,,,,,,,4441,all important fields empty,remove_incomplete_rows
,,,,,,,<na>,,,,,,,4444,all important fields empty,remove_incomplete_rows
,,,,,,,<na>,,,,,,,4445,all important fields empty,remove_incomplete_rows
,,,,,,,<na>,,,,,,,4448,all important fields empty,remove_incomplete_rows
,,,,,,,<na>,,,,,,,4449,all important fields empty,remove_incomplete_rows
,,,,,,,<na>,,,,,,,4453,all important fields empty,remove_incomplete_rows
,,,,,,,<na>,,,,,,,4454,all important fields empty,remove_incomplete_rows
,,,,,,,<na>,,,,,,,4457,all important fields empty,remove_incomplete_rows
,,,,,,,<na>,,,,,,,4458,all important fields empty,remove_incomplete_rows
,,,,,,,<na>,,,,,,,4462,all important fields empty,remove_incomplete_rows
,,,,,,,<na>,,,,,,,4463,all important fields empty,remove_incomplete_rows
,,,,,,,<na>,,,,,,,4467,all important fields empty,remove_incomplete_rows
,,,,,,,<na>,,,,,,,4468,all important fields empty,remove_incomplete_rows
,,,,,,,<na>,,,,,,,4471,all important fields empty,remove_incomplete_rows
,,,,,,,<na>,,,,,,,4472,all important fields empty,remove_incomplete_rows
,,,,,,,<na>,,,,,,,4477,all important fields empty,remove_incomplete_rows
,,,,,,,<na>,,,,,,,4478,all important fields empty,remove_incomplete_rows
,,,,,,,<na>,,,,,,,4483,all important fields empty,remove_incomplete_rows
,,,,,,,<na>,,,,,,,4484,all important fields empty,remove_incomplete_rows
,,,,,,,<na>,,,,,,,4487,all important fields empty,remove_incomplete_rows
,,,,,,,<na>,,,,,,,4488,all important fields empty,remove_incomplete_rows
,,,,,,,<na>,,,,,,,4491,all important fields empty,remove_incomplete_rows
,,,,,,,<na>,,,,,,,4492,all important fields empty,remove_incomplete_rows
,,,,,,,<na>,,,,,,,4495,all important fields empty,remove_incomplete_rows
,,,,,,,<na>,,,,,,,4496,all important fields empty,remove_incomplete_rows
,,,,,,,<na>,,,,,,,4499,all important fields empty,remove_incomplete_rows
,,,,,,,<na>,,,,,,,4500,all important fields empty,remove_incomplete_rows
,,,,,,,<na>,,,,,,,4503,all important fields empty,remove_incomplete_rows
,,,,,,,<na>,,,,,,,4504,all important fields empty,remove_incomplete_rows
,,,,,,,<na>,,,,,,,4507,all important fields empty,remove_incomplete_rows
,,,,,,,<na>,,,,,,,4508,all important fields empty,remove_incomplete_rows
,,,,,,,<na>,,,,,,,4511,all important fields empty,remove_incomplete_rows
,,,,,,,<na>,,,,,,,4512,all important fields empty,remove_incomplete_rows
,,,,,,,<na>,,,,,,,4518,all important fields empty,remove_incomplete_rows
,,,,,,,<na>,,,,,,,4519,all important fields empty,remove_incomplete_rows
,,,,,,,<na>,,,,,,,4522,all important fields empty,remove_incomplete_rows
,,,,,,,<na>,,,,,,,4523,all important fields empty,remove_incomplete_rows
,,,,,,,<na>,,,,,,,4526,all important fields empty,remove_incomplete_rows
,,,,,,,<na>,,,,,,,4527,all important fields empty,remove_incomplete_rows
,,,,,,,<na>,,,,,,,4531,all important fields empty,remove_incomplete_rows
,,,,,,,<na>,,,,,,,4532,all important fields empty,remove_incomplete_rows
,,,,,,,<na>,,,,,,,4536,all important fields empty,remove_incomplete_rows
,,,,,,,<na>,,,,,,,4537,all important fields empty,remove_incomplete_rows
,,,,,,,<na>,,,,,,,4540,all important fields empty,remove_incomplete_rows
,,,,,,,<na>,,,,,,,4541,all important fields empty,remove_incomplete_rows
,,,,,,,<na>,,,,,,,4544,all important fields empty,remove_incomplete_rows
,,,,,,,<na>,,,,,,,4545,all important fields empty,remove_incomplete_rows
,,,,,,,<na>,,,,,,,4548,all important fields empty,remove_incomplete_rows
,,,,,,,<na>,,,,,,,4549,all important fields empty,remove_incomplete_rows
,,,,,,,<na>,,,,,,,4561,all important fields empty,remove_incomplete_rows
,,,,,,,<na>,,,,,,,4562,all important fields empty,remove_incomplete_rows
,,,,,,,<na>,,,,,,,4571,all important fields empty,remove_incomplete_rows
,,,,,,,<na>,,,,,,,4572,all important fields empty,remove_incomplete_rows
,,,,,,,<na>,,,,,,,4577,all important fields empty,remove_incomplete_rows
,,,,,,,<na>,,,,,,,4578,all important fields empty,remove_incomplete_rows
,,,,,,,<na>,,,,,,,4583,all important fields empty,remove_incomplete_rows
,,,,,,,<na>,,,,,,,4584,all important fields empty,remove_incomplete_rows
,,,,,,,<na>,,,,,,,4587,all important fields empty,remove_incomplete_rows
,,,,,,,<na>,,,,,,,4588,all important fields empty,remove_incomplete_rows
,,,,,,,<na>,,,,,,,4592,all important fields empty,remove_incomplete_rows
,,,,,,,<na>,,,,,,,4593,all important fields empty,remove_incomplete_rows
,,,,,,,<na>,,,,,,,4596,all important fields empty,remove_incomplete_rows
,,,,,,,<na>,,,,,,,4597,all important fields empty,remove_incomplete_rows
,,,,,,,<na>,,,,,,,4600,all important fields empty,remove_incomplete_rows
,,,,,,,<na>,,,,,,,4601,all important fields empty,remove_incomplete_rows
,,,,,,,<na>,,,,,,,4604,all important fields empty,remove_incomplete_rows
,,,,,,,<na>,,,,,,,4605,all important fields empty,remove_incomplete_rows
,,,,,,,<na>,,,,,,,4609,all important fields empty,remove_incomplete_rows
,,,,,,,<na>,,,,,,,4610,all important fields empty,remove_incomplete_rows
,,,,,,,<na>,,,,,,,4614,all important fields empty,remove_incomplete_rows
,,,,,,,<na>,,,,,,,4615,all important fields empty,remove_incomplete_rows
,,,,,,,<na>,,,,,,,4624,all important fields empty,remove_incomplete_rows
,,,,,,,<na>,,,,,,,4625,all important fields empty,remove_incomplete_rows
,,,,,,,<na>,,,,,,,4628,all important fields empty,remove_incomplete_rows
,,,,,,,<na>,,,,,,,4629,all important fields empty,remove_incomplete_rows
,,,,,,,<na>,,,,,,,4632,all important fields empty,remove_incomplete_rows
,,,,,,,<na>,,,,,,,4633,all important fields empty,remove_incomplete_rows
,,,,,,,<na>,,,,,,,4637,all important fields empty,remove_incomplete_rows
,,,,,,,<na>,,,,,,,4638,all important fields empty,remove_incomplete_rows
,,,,,,,<na>,,,,,,,4642,all important fields empty,remove_incomplete_rows
,,,,,,,<na>,,,,,,,4643,all important fields empty,remove_incomplete_rows
,,,,,,,<na>,,,,,,,4647,all important fields empty,remove_incomplete_rows
,,,,,,,<na>,,,,,,,4648,all important fields empty,remove_incomplete_rows
,,,,,,,<na>,,,,,,,4652,all important fields empty,remove_incomplete_rows
,,,,,,,<na>,,,,,,,4653,all important fields empty,remove_incomplete_rows
,,,,,,,<na>,,,,,,,4656,all important fields empty,remove_incomplete_rows
,,,,,,,<na>,,,,,,,4657,all important fields empty,remove_incomplete_rows
,,,,,,,<na>,,,,,,,4661,all important fields empty,remove_incomplete_rows
,,,,,,,<na>,,,,,,,4662,all important fields empty,remove_incomplete_rows
,,,,,,,<na>,,,,,,,4665,all important fields empty,remove_incomplete_rows
,,,,,,,<na>,,,,,,,4666,all important fields empty,remove_incomplete_rows
,,,,,,,<na>,,,,,,,4678,all important fields empty,remove_incomplete_rows
,,,,,,,<na>,,,,,,,4679,all important fields empty,remove_incomplete_rows
,,,,,,,<na>,,,,,,,4683,all important fields empty,remove_incomplete_rows
,,,,,,,<na>,,,,,,,4684,all important fields empty,remove_incomplete_rows
,,,,,,,<na>,,,,,,,4687,all important fields empty,remove_incomplete_rows
,,,,,,,<na>,,,,,,,4688,all important fields empty,remove_incomplete_rows
,,,,,,,<na>,,,,,,,4691,all important fields empty,remove_incomplete_rows
,,,,,,,<na>,,,,,,,4692,all important fields empty,remove_incomplete_rows
,,,,,,,<na>,,,,,,,4695,all important fields empty,remove_incomplete_rows
,,,,,,,<na>,,,,,,,4696,all important fields empty,remove_incomplete_rows
,,,,,,,<na>,,,,,,,4700,all important fields empty,remove_incomplete_rows
,,,,,,,<na>,,,,,,,4701,all important fields empty,remove_incomplete_rows
,,,,,,,<na>,,,,,,,4705,all important fields empty,remove_incomplete_rows
,,,,,,,<na>,,,,,,,4706,all important fields empty,remove_incomplete_rows
,,,,,,,<na>,,,,,,,4709,all important fields empty,remove_incomplete_rows
,,,,,,,<na>,,,,,,,4710,all important fields empty,remove_incomplete_rows
,,,,,,,<na>,,,,,,,4715,all important fields empty,remove_incomplete_rows
,,,,,,,<na>,,,,,,,4716,all important fields empty,remove_incomplete_rows
,,,,,,,<na>,,,,,,,4719,all important fields empty,remove_incomplete_rows
,,,,,,,<na>,,,,,,,4720,all important fields empty,remove_incomplete_rows
,,,,,,,<na>,,,,,,,4724,all important fields empty,remove_incomplete_rows
,,,,,,,<na>,,,,,,,4725,all important fields empty,remove_incomplete_rows
,,,,,,,<na>,,,,,,,4728,all important fields empty,remove_incomplete_rows
,,,,,,,<na>,,,,,,,4729,all important fields empty,remove_incomplete_rows
,,,,,,,<na>,,,,,,,4734,all important fields empty,remove_incomplete_rows
,,,,,,,<na>,,,,,,,4735,all important fields empty,remove_incomplete_rows
,,,,,,,<na>,,,,,,,4739,all important fields empty,remove_incomplete_rows
,,,,,,,<na>,,,,,,,4740,all important fields empty,remove_incomplete_rows
,,,,,,,<na>,,,,,,,4744,all important fields empty,remove_incomplete_rows
,,,,,,,<na>,,,,,,,4745,all important fields empty,remove_incomplete_rows
,,,,,,,<na>,,,,,,,4750,all important fields empty,remove_incomplete_rows
,,,,,,,<na>,,,,,,,4751,all important fields empty,remove_incomplete_rows
,,,,,,,<na>,,,,,,,4754,all important fields empty,remove_incomplete_rows
,,,,,,,<na>,,,,,,,4755,all important fields empty,remove_incomplete_rows
,,,,,,,<na>,,,,,,,4758,all important fields empty,remove_incomplete_rows
,,,,,,,<na>,,,,,,,4759,all important fields empty,remove_incomplete_rows
,,,,,,,<na>,,,,,,,4763,all important fields empty,remove_incomplete_rows
,,,,,,,<na>,,,,,,,4764,all important fields empty,remove_incomplete_rows
,,,,,,,<na>,,,,,,,4767,all important fields empty,remove_incomplete_rows
,,,,,,,<na>,,,,,,,4768,all important fields empty,remove_incomplete_rows
,,,,,,,<na>,,,,,,,4771,all important fields empty,remove_incomplete_rows
,,,,,,,<na>,,,,,,,4772,all important fields empty,remove_incomplete_rows
,,,,,,,<na>,,,,,,,4775,all important fields empty,remove_incomplete_rows
,,,,,,,<na>,,,,,,,4776,all important fields empty,remove_incomplete_rows
,,,,,,,<na>,,,,,,,4786,all important fields empty,remove_incomplete_rows
,,,,,,,<na>,,,,,,,4787,all important fields empty,remove_incomplete_rows
,,,,,,,<na>,,,,,,,4791,all important fields empty,remove_incomplete_rows
,,,,,,,<na>,,,,,,,4792,all important fields empty,remove_incomplete_rows
,,,,,,,<na>,,,,,,,4795,all important fields empty,remove_incomplete_rows
,,,,,,,<na>,,,,,,,4796,all important fields empty,remove_incomplete_rows
,,,,,,,<na>,,,,,,,4799,all important fields empty,remove_incomplete_rows
,,,,,,,<na>,,,,,,,4800,all important fields empty,remove_incomplete_rows
,,,,,,,<na>,,,,,,,4805,all important fields empty,remove_incomplete_rows
,,,,,,,<na>,,,,,,,4806,all important fields empty,remove_incomplete_rows
,,,,,,,<na>,,,,,,,4813,all important fields empty,remove_incomplete_rows
,,,,,,,<na>,,,,,,,4814,all important fields empty,remove_incomplete_rows
,,,,,,,<na>,,,,,,,4817,all important fields empty,remove_incomplete_rows
,,,,,,,<na>,,,,,,,4818,all important fields empty,remove_incomplete_rows
,,,,,,,<na>,,,,,,,4820,all important fields empty,remove_incomplete_rows
,,,,,,,<na>,,,,,,,4822,all important fields empty,remove_incomplete_rows
,,,,,,,<na>,,,,,,,4823,all important fields empty,remove_incomplete_rows
2022-05-10 00:00:00,36,34.0,,,,0.0,pcs,0.0,0.0,0.0,0.0,0.00,,167,"placeholder/non-item row (e.g., header like ""Account : ..."")",remove_incomplete_rows
,36,34.0,,,,,<na>,,0.0,0.0,0.0,,,168,"placeholder/non-item row (e.g., header like ""Account : ..."")",remove_incomplete_rows
2022-05-11 00:00:00,113,38.0,,,,0.0,pcs,0.0,0.0,0.0,0.0,0.00,,379,"placeholder/non-item row (e.g., header like ""Account : ..."")",remove_incomplete_rows
,113,38.0,,,,,<na>,,0.0,0.0,0.0,,,380,"placeholder/non-item row (e.g., header like ""Account : ..."")",remove_incomplete_rows
2022-05-23 00:00:00,603,558.0,,,,0.0,pcs,0.0,0.0,0.0,0.0,0.00,,2837,"placeholder/non-item row (e.g., header like ""Account : ..."")",remove_incomplete_rows
,603,558.0,,,,,<na>,,0.0,0.0,0.0,,,2838,"placeholder/non-item row (e.g., header like ""Account : ..."")",remove_incomplete_rows
,603,558.0,,,,,<na>,,0.0,0.0,0.0,,,3995,"placeholder/non-item row (e.g., header like ""Account : ..."")",remove_incomplete_rows
2022-05-09 00:00:00,603,558.0,SD,Sales Discount Variance,,1.0,pcs,0.0,0.0,0.0,0.0,,,23,"non-item adjustment (e.g., Sales Discount/VOID/rounding)",remove_incomplete_rows
2022-05-10 00:00:00,603,558.0,SD,Sales Discount Variance,,1.0,pcs,0.0,0.0,0.0,0.0,,,200,"non-item adjustment (e.g., Sales Discount/VOID/rounding)",remove_incomplete_rows
2022-05-10 00:00:00,603,558.0,SD,Sales Discount Variance,,1.0,pcs,0.0,0.0,0.0,0.0,,,211,"non-item adjustment (e.g., Sales Discount/VOID/rounding)",remove_incomplete_rows
2022-05-10 00:00:00,603,558.0,SD,Sales Discount Variance,,1.0,pcs,0.0,0.0,0.0,0.0,,,217,"non-item adjustment (e.g., Sales Discount/VOID/rounding)",remove_incomplete_rows
2022-05-10 00:00:00,603,558.0,SD,Sales Discount Variance,,1.0,pcs,0.0,0.0,0.0,0.0,,,330,"non-item adjustment (e.g., Sales Discount/VOID/rounding)",remove_incomplete_rows
2022-05-10 00:00:00,603,558.0,SD,Sales Discount Variance,,1.0,pcs,0.0,0.0,0.0,0.0,,,362,"non-item adjustment (e.g., Sales Discount/VOID/rounding)",remove_incomplete_rows
2022-05-11 00:00:00,603,558.0,SD,Sales Discount Variance,,1.0,pcs,0.0,0.0,0.0,0.0,,,489,"non-item adjustment (e.g., Sales Discount/VOID/rounding)",remove_incomplete_rows
2022-05-11 00:00:00,603,558.0,SD,Sales Discount Variance,,1.0,pcs,0.0,0.0,0.0,0.0,,,507,"non-item adjustment (e.g., Sales Discount/VOID/rounding)",remove_incomplete_rows
2022-05-12 00:00:00,603,558.0,SD,Sales Discount Variance,,1.0,pcs,0.0,0.0,0.0,0.0,,,864,"non-item adjustment (e.g., Sales Discount/VOID/rounding)",remove_incomplete_rows
2022-05-13 00:00:00,603,558.0,SD,Sales Discount Variance,,1.0,pcs,0.0,0.0,0.0,0.0,,,994,"non-item adjustment (e.g., Sales Discount/VOID/rounding)",remove_incomplete_rows
2022-05-13 00:00:00,603,558.0,SD,Sales Discount Variance,,1.0,pcs,0.0,0.0,0.0,0.0,,,1023,"non-item adjustment (e.g., Sales Discount/VOID/rounding)",remove_incomplete_rows
2022-05-13 00:00:00,603,558.0,SD,Sales Discount Variance,,1.0,pcs,0.0,0.0,0.0,0.0,,,1028,"non-item adjustment (e.g., Sales Discount/VOID/rounding)",remove_incomplete_rows
2022-05-14 00:00:00,603,558.0,SD,Sales Discount Variance,,1.0,pcs,0.0,0.0,0.0,0.0,,,1098,"non-item adjustment (e.g., Sales Discount/VOID/rounding)",remove_incomplete_rows
2022-05-14 00:00:00,603,558.0,SD,Sales Discount Variance,,1.0,pcs,0.0,0.0,0.0,0.0,,,1129,"non-item adjustment (e.g., Sales Discount/VOID/rounding)",remove_incomplete_rows
2022-05-14 00:00:00,603,558.0,SD,Sales Discount Variance,,1.0,pcs,0.0,0.0,0.0,0.0,,,1298,"non-item adjustment (e.g., Sales Discount/VOID/rounding)",remove_incomplete_rows
2022-05-16 00:00:00,603,558.0,SD,Sales Discount Variance,,1.0,pcs,0.0,0.0,0.0,0.0,,,1408,"non-item adjustment (e.g., Sales Discount/VOID/rounding)",remove_incomplete_rows
2022-05-16 00:00:00,603,558.0,SD,Sales Discount Variance,,1.0,pcs,0.0,0.0,0.0,0.0,,,1598,"non-item adjustment (e.g., Sales Discount/VOID/rounding)",remove_incomplete_rows
2022-05-17 00:00:00,603,558.0,SD,Sales Discount Variance,,1.0,pcs,0.0,0.0,0.0,0.0,,,1652,"non-item adjustment (e.g., Sales Discount/VOID/rounding)",remove_incomplete_rows
2022-05-17 00:00:00,603,558.0,SD,Sales Discount Variance,,1.0,pcs,0.0,0.0,0.0,0.0,,,1693,"non-item adjustment (e.g., Sales Discount/VOID/rounding)",remove_incomplete_rows
2022-05-17 00:00:00,603,558.0,SD,Sales Discount Variance,,1.0,pcs,0.0,0.0,0.0,0.0,,,1831,"non-item adjustment (e.g., Sales Discount/VOID/rounding)",remove_incomplete_rows
2022-05-18 00:00:00,603,558.0,SD,Sales Discount Variance,,1.0,pcs,0.0,0.0,0.0,0.0,,,1913,"non-item adjustment (e.g., Sales Discount/VOID/rounding)",remove_incomplete_rows
2022-05-18 00:00:00,603,558.0,SD,Sales Discount Variance,,1.0,pcs,0.0,0.0,0.0,0.0,,,1918,"non-item adjustment (e.g., Sales Discount/VOID/rounding)",remove_incomplete_rows
2022-05-18 00:00:00,603,558.0,SD,Sales Discount Variance,,1.0,pcs,0.0,0.0,0.0,0.0,,,1951,"non-item adjustment (e.g., Sales Discount/VOID/rounding)",remove_incomplete_rows
2022-05-18 00:00:00,603,558.0,SD,Sales Discount Variance,,1.0,pcs,0.0,0.0,0.0,0.0,,,1976,"non-item adjustment (e.g., Sales Discount/VOID/rounding)",remove_incomplete_rows
2022-05-19 00:00:00,603,558.0,SD,Sales Discount Variance,,1.0,pcs,0.0,0.0,0.0,0.0,,,2139,"non-item adjustment (e.g., Sales Discount/VOID/rounding)",remove_incomplete_rows
2022-05-19 00:00:00,603,558.0,SD,Sales Discount Variance,,1.0,pcs,0.0,0.0,0.0,0.0,,,2202,"non-item adjustment (e.g., Sales Discount/VOID/rounding)",remove_incomplete_rows
2022-05-19 00:00:00,603,558.0,SD,Sales Discount Variance,,1.0,pcs,0.0,0.0,0.0,0.0,,,2216,"non-item adjustment (e.g., Sales Discount/VOID/rounding)",remove_incomplete_rows
2022-05-20 00:00:00,603,558.0,SD,Sales Discount Variance,,1.0,pcs,0.0,0.0,0.0,0.0,,,2422,"non-item adjustment (e.g., Sales Discount/VOID/rounding)",remove_incomplete_rows
2022-05-20 00:00:00,603,558.0,SD,Sales Discount Variance,,1.0,pcs,0.0,0.0,0.0,0.0,,,2427,"non-item adjustment (e.g., Sales Discount/VOID/rounding)",remove_incomplete_rows
2022-05-20 00:00:00,603,558.0,SD,Sales Discount Variance,,1.0,pcs,0.0,0.0,0.0,0.0,,,2597,"non-item adjustment (e.g., Sales Discount/VOID/rounding)",remove_incomplete_rows
2022-05-21 00:00:00,603,558.0,SD,Sales Discount Variance,,1.0,pcs,0.0,0.0,0.0,0.0,,,2649,"non-item adjustment (e.g., Sales Discount/VOID/rounding)",remove_incomplete_rows
2022-05-21 00:00:00,603,558.0,SD,Sales Discount Variance,,1.0,pcs,0.0,0.0,0.0,0.0,,,2657,"non-item adjustment (e.g., Sales Discount/VOID/rounding)",remove_incomplete_rows
2022-05-21 00:00:00,603,558.0,SD,Sales Discount Variance,,1.0,pcs,0.0,0.0,0.0,0.0,,,2709,"non-item adjustment (e.g., Sales Discount/VOID/rounding)",remove_incomplete_rows
2022-05-21 00:00:00,603,558.0,SD,Sales Discount Variance,,1.0,pcs,0.0,0.0,0.0,0.0,,,2776,"non-item adjustment (e.g., Sales Discount/VOID/rounding)",remove_incomplete_rows
2022-05-23 00:00:00,603,558.0,SD,Sales Discount Variance,,1.0,pcs,0.0,0.0,0.0,0.0,,,2965,"non-item adjustment (e.g., Sales Discount/VOID/rounding)",remove_incomplete_rows
2022-05-23 00:00:00,603,558.0,SD,Sales Discount Variance,,1.0,pcs,0.0,0.0,0.0,0.0,,,3115,"non-item adjustment (e.g., Sales Discount/VOID/rounding)",remove_incomplete_rows
2022-05-24 00:00:00,603,558.0,SD,Sales Discount Variance,,1.0,pcs,0.0,0.0,0.0,0.0,,,3288,"non-item adjustment (e.g., Sales Discount/VOID/rounding)",remove_incomplete_rows
2022-05-25 00:00:00,603,558.0,SD,Sales Discount Variance,,1.0,pcs,0.0,0.0,0.0,0.0,,,3436,"non-item adjustment (e.g., Sales Discount/VOID/rounding)",remove_incomplete_rows
2022-05-26 00:00:00,603,558.0,SD,Sales Discount Variance,,1.0,pcs,0.0,0.0,0.0,0.0,,,3638,"non-item adjustment (e.g., Sales Discount/VOID/rounding)",remove_incomplete_rows
2022-05-26 00:00:00,603,558.0,SD,Sales Discount Variance,,1.0,pcs,0.0,0.0,0.0,0.0,,,3761,"non-item adjustment (e.g., Sales Discount/VOID/rounding)",remove_incomplete_rows
2022-05-27 00:00:00,603,558.0,SD,Sales Discount Variance,,1.0,pcs,0.0,0.0,0.0,0.0,,,4017,"non-item adjustment (e.g., Sales Discount/VOID/rounding)",remove_incomplete_rows
2022-05-28 00:00:00,603,558.0,SD,Sales Discount Variance,,1.0,pcs,0.0,0.0,0.0,0.0,,,4103,"non-item adjustment (e.g., Sales Discount/VOID/rounding)",remove_incomplete_rows
2022-05-28 00:00:00,603,558.0,SD,Sales Discount Variance,,1.0,pcs,0.0,0.0,0.0,0.0,,,4117,"non-item adjustment (e.g., Sales Discount/VOID/rounding)",remove_incomplete_rows
2022-05-28 00:00:00,603,558.0,SD,Sales Discount Variance,,1.0,pcs,0.0,0.0,0.0,0.0,,,4165,"non-item adjustment (e.g., Sales Discount/VOID/rounding)",remove_incomplete_rows
2022-05-30 00:00:00,603,558.0,SD,Sales Discount Variance,,1.0,pcs,0.0,0.0,0.0,0.0,,,4337,"non-item adjustment (e.g., Sales Discount/VOID/rounding)",remove_incomplete_rows
2022-05-30 00:00:00,603,558.0,SD,Sales Discount Variance,,1.0,pcs,0.0,0.0,0.0,0.0,,,4451,"non-item adjustment (e.g., Sales Discount/VOID/rounding)",remove_incomplete_rows
2022-05-30 00:00:00,603,558.0,SD,Sales Discount Variance,,1.0,pcs,0.0,0.0,0.0,0.0,,,4475,"non-item adjustment (e.g., Sales Discount/VOID/rounding)",remove_incomplete_rows
2022-05-30 00:00:00,603,558.0,SD,Sales Discount Variance,,1.0,pcs,0.0,0.0,0.0,0.0,,,4516,"non-item adjustment (e.g., Sales Discount/VOID/rounding)",remove_incomplete_rows
2022-05-30 00:00:00,603,558.0,SD,Sales Discount Variance,,1.0,pcs,0.0,0.0,0.0,0.0,,,4575,"non-item adjustment (e.g., Sales Discount/VOID/rounding)",remove_incomplete_rows
2022-05-31 00:00:00,603,558.0,SD,Sales Discount Variance,,1.0,pcs,0.0,0.0,0.0,0.0,,,4622,"non-item adjustment (e.g., Sales Discount/VOID/rounding)",remove_incomplete_rows
2022-05-31 00:00:00,603,558.0,SD,Sales Discount Variance,,1.0,pcs,0.0,0.0,0.0,0.0,,,4635,"non-item adjustment (e.g., Sales Discount/VOID/rounding)",remove_incomplete_rows
2022-05-10 00:00:00,603,558.0,8904186000521,TRIMEBET (TRIMETAZIDINE) 35G TAB,,20.0,pcs,0.2,136.0,3.34,69.2,,,209,duplicate row,duplicates
2022-05-10 00:00:00,603,558.0,4806501283142,WHITE FLOWER C#4 2.5ML,,1.0,pcs,0.0,53.9,49.0,4.9,,,357,duplicate row,duplicates
2022-05-14 00:00:00,603,558.0,8851198028527,STREPSILS HONEY LEMON 8&#039;S,,1.0,pcs,0.0,69.0,60.85,8.15,,,1191,duplicate row,duplicates
2022-05-16 00:00:00,603,558.0,4801981107971,WILKINS PURE 500ML,,1.0,pcs,0.0,18.0,10.71,7.29,,,1525,duplicate row,duplicates
2022-05-16 00:00:00,603,558.0,4800047820182,GREENCROSS 70% W/ MOIST 500ML,,1.0,pcs,0.0,98.75,76.65,22.1,,,1579,duplicate row,duplicates
2022-05-16 00:00:00,603,558.0,4806527194088,ALLECUR (CETIRIZINE) 10MG TAB,,20.0,pcs,0.0,60.0,0.42,51.52,,,1634,duplicate row,duplicates
2022-05-17 00:00:00,603,558.0,8906005116253,HAIROS (SPIRONOLACTONE) 25MG TAB,,2.0,pcs,0.2,20.8,4.9,11.0,,,1692,duplicate row,duplicates
2022-05-17 00:00:00,603,558.0,4800488959328,NURSY BABY WIPES POWDER SCENT 66&#039;S,,1.0,pcs,0.0,68.5,57.0,11.5,,,1817,duplicate row,duplicates
2022-05-20 00:00:00,603,558.0,4800488958154,NURSY BABY WIPES UNSCENTED 30&#039;S,,1.0,pcs,0.0,42.75,35.52,7.23,,,2450,duplicate row,duplicates
2022-05-20 00:00:00,603,558.0,88124903602,MICROPORE 1 INCH,,1.0,pcs,0.0,50.0,35.0,15.0,,,2463,duplicate row,duplicates
2022-05-23 00:00:00,603,558.0,8996001600375,LE MINERALE 330ML,,1.0,pcs,0.0,11.0,6.0,5.0,,,2991,duplicate row,duplicates
2022-05-25 00:00:00,603,558.0,4800047820199,GREENCROSS 70% W/ MOIST 250ML,,1.0,pcs,0.0,51.75,43.24,8.51,,,3523,duplicate row,duplicates
2022-05-26 00:00:00,603,558.0,4806502163917,SANICARE CLEANSING WIPES - LAVENDER 15 SHEETS,,1.0,pcs,0.0,32.5,26.25,6.25,,,3828,duplicate row,duplicates
2022-05-30 00:00:00,603,558.0,8961100510023,CALIPTROL (ATORVASTATIN) 40MG,,2.0,pcs,0.2,10.4,2.45,5.5,,,4332,duplicate row,duplicates
2022-05-30 00:00:00,603,558.0,4801981107971,WILKINS PURE 500ML,,1.0,pcs,0.0,18.0,10.71,7.29,,,4434,duplicate row,duplicates
2022-05-31 00:00:00,603,558.0,1000200053,GOUTSAPH (COLCHICINE) 500MCG TAB,,15.0,pcs,0.0,48.0,1.26,29.1,,,4669,duplicate row,duplicates
2022-05-31 00:00:00,603,558.0,4801981107971,WILKINS PURE 500ML,,1.0,pcs,0.0,18.0,10.71,7.29,,,4698,duplicate row,duplicates
