Date,Receipt,SO,Item Code,Description,Expiration Date,Qty,Unit,Discount,Sales,Cost,Profit,Payment,Cashier ID,RowHash,TxnType
2023-05-01,18844,18836.0,4806502351901,SANICARE BATHROOM TISSUE 1&#039;S,<NA>,1.0,pcs,0.0,18.5,15.16,3.34,18.50,camille,8312126719666104864,SALE
2023-05-01,18845,18837.0,4800888151100,REXONA DEO LOTION PASSION 3ML,<NA>,1.0,pcs,0.0,8.0,6.6,1.4,321.75,camille,14515999720247284032,SALE
2023-05-01,18845,18837.0,4800488070283,CARESS ADULT DIAPER XL10,2025-02-01,1.0,pcs,0.0,313.75,285.05,28.7,,camille,15932151638429329034,SALE
2023-05-01,18846,18838.0,4029799118167,SINUPRET FORTE DRAGEES,2024-09-30,2.0,pcs,0.0,23.5,10.5,2.5,169.50,camille,16292878587719423742,SALE
2023-05-01,18846,18838.0,4800135011591,MYRA E (VITAMIN E) 12+2 SULIT PACK,2024-03-02,1.0,pcs,0.0,146.0,133.54,12.46,,camille,18135127782326962702,SALE
2023-05-01,18847,18839.0,8904172922233,MONTI PLUS (MONTELUKAST + LEVOCITIRIZINE) 10/5MG TAB,2023-09-30,4.0,pcs,0.0,106.0,23.73,11.08,106.00,camille,8777362412206696194,SALE
2023-05-01,18848,18840.0,4800140001082,BACTIDOL ORAL 60ML,2025-09-30,1.0,pcs,0.0,119.5,96.77,22.73,190.00,camille,8108926307632105998,SALE
2023-05-01,18848,18840.0,8851198078522,STREPSILS LOZ EXTRA STRONG 8s,2025-04-01,1.0,pcs,0.0,70.5,60.8,9.7,,camille,3428357730884069854,SALE
2023-05-01,18849,18841.0,4806502351901,SANICARE BATHROOM TISSUE 1&#039;S,<NA>,1.0,pcs,0.0,18.5,15.16,3.34,18.50,camille,9600802240818000406,SALE
2023-05-01,18850,18842.0,4800234406465,FORXIGA (DAPAGLIFLOZIN) 10MG,2024-09-30,1.0,pcs,0.2,33.6,32.08,1.52,120.98,camille,6133052078893941218,SALE
2023-05-01,18850,18842.0,8904159620923,FEBUDAY-40 (FEBUXOSTAT) 40MG TAB,2024-10-31,2.0,pcs,0.2,25.36,11.09,3.17,,camille,2868870396062633293,SALE
2023-05-01,18850,18842.0,1900010021,SAPHLOPID (CLOPIDOGREL) 75MG TAB,2025-07-01,3.0,pcs,0.2,13.92,1.11,10.58,,camille,13368604869650447149,SALE
2023-05-01,18850,18842.0,4806505140724,KARVIDOL (CARVEDILOL) 25MG TAB,2024-05-01,2.0,pcs,0.2,12.14,2.65,6.84,,camille,5763766704772790809,SALE
2023-05-01,18850,18842.0,25213478,SAPHORMIN T500 (METFORMIN HCL) 500MG TAB,2024-04-01,10.0,pcs,0.2,8.96,0.37,5.31,,camille,8878714568922871326,SALE
2023-05-01,18850,18842.0,1000200098,HARVIMIDE (LOPERAMIDE) 2MG CAP,<NA>,10.0,pcs,0.1,27.0,0.55,21.5,,camille,15613932563673295927,SALE
2023-05-01,18851,18843.0,4800348112726,NATRAVOX SUSP 228.5MG5ML 70ML,<NA>,1.0,pcs,0.2,163.03,166.8,-3.77,163.03,camille,4392216304261375287,SALE
2023-05-01,18852,18844.0,4800047860706,GREENCROSS 40% W/ MOIST 500ML,2025-05-31,1.0,pcs,0.0,75.0,56.79,18.21,243.00,camille,8387709203512768031,SALE
2023-05-01,18852,18844.0,4801010501312,JOHNSONS BABY OIL 125ML,2025-02-01,1.0,pcs,0.0,89.5,76.14,13.36,,camille,17554848097753312248,SALE
2023-05-01,18852,18844.0,4800011132938,EFFICASCENT EXTREME(METHYLSALICYLATE CHAMPOR + MENTHOL) 50ML,2027-10-31,1.0,pcs,0.0,78.5,69.87,8.63,,camille,11578530248576108252,SALE
2023-05-01,18853,18845.0,4800281329632,FLANAX FORTE 550MG TAB,<NA>,2.0,pcs,0.0,46.5,20.87,4.77,46.50,camille,13954265378213664329,SALE
2023-05-01,18854,18846.0,4806033300829,RM CLOPIDOGREL 75MG TAB,2024-03-30,15.0,pcs,0.2,227.28,15.01,2.14,"1,838.40",camille,4177121936002072367,SALE
2023-05-01,18854,18846.0,4806517790597,SPIROFAR (SPIRONOLACTONE) 25MG TAB,2025-04-30,30.0,pcs,0.2,330.0,10.5,15.0,,camille,8204726619125985588,SALE
2023-05-01,18854,18846.0,4807788403360,VESTAR (TRIMETAZIDINE) 35MG TAB,2023-10-01,30.0,pcs,0.2,501.6,19.73,-90.21,,camille,1437805726874374650,SALE
2023-05-01,18854,18846.0,8964001206484,TAMSOLIN (TAMSULOSIN) 400MCG TAB,<NA>,15.0,pcs,0.2,404.52,33.64,-100.08,,camille,2222746372613253925,SALE
2023-05-01,18854,18846.0,4800136060062,ESSENTIALE FORTE (PHOSPHOLIPIDS) CAP,<NA>,15.0,pcs,0.2,375.0,31.22,-93.35,,camille,15984733128998529930,SALE
2023-05-01,18855,18847.0,72355794,MUPISAPH (MUPIROCIN) 20MG/G 5G OINMENT,2025-04-01,1.0,pcs,0.0,162.5,48.0,114.5,162.50,camille,16197408461015266093,SALE
2023-05-01,18856,18848.0,8904179014702,NOVASARTAN (LOSARTAN K) 50MG FC TAB,2025-02-01,20.0,pcs,0.0,50.0,0.78,34.4,50.00,camille,18316176285209713614,SALE
2023-05-01,18857,18849.0,4800307101044,KLARYTH (CLARITHROMYCIN) 250MG/5ML SUSP 70ML,2024-11-30,1.0,pcs,0.0,1156.0,963.2,192.8,"1,156.00",camille,3497426567549406150,SALE
2023-05-01,18858,18850.0,8996001600269,LE MINERALE 600ML,<NA>,1.0,pcs,0.0,15.0,9.2,5.8,15.00,camille,4716411253243127919,SALE
2023-05-01,18859,18851.0,4807788535771,DECILONE FORTE 4MG TAB,<NA>,4.0,pcs,0.0,129.0,27.18,20.3,159.00,camille,12231926104525142111,SALE
2023-05-01,18859,18851.0,8996001600399,LE MINERALE 1.5ML,<NA>,1.0,pcs,0.0,30.0,17.6,12.4,,camille,810423165068396894,SALE
2023-05-01,18860,18852.0,77965633,HOSPITAL BED 2-CRANKS MANUAL,<NA>,1.0,pcs,0.2,13928.51,9856.0,4072.51,"15,140.51",camille,11929031163328238244,SALE
2023-05-01,18860,18852.0,4800488958116,NURSY BABY WIPES UNSCENTED 90&#039;S,2025-11-01,4.0,pcs,0.0,376.0,83.18,43.28,,camille,2924033005248234772,SALE
2023-05-01,18860,18852.0,4902430803724,SAFEGUARD LEMON 130G,2024-09-30,3.0,pcs,0.0,155.25,43.11,25.92,,camille,1437724192459643019,SALE
2023-05-01,18860,18852.0,4800021100262,NIVEA SAKURA ROLL-ON 50ML X2,<NA>,2.0,pcs,0.0,450.0,132.64,184.72,,camille,7814848051087816901,SALE
2023-05-01,18860,18852.0,4806789010003,FISSAN PRICKLY HEAT POWDER 50ML,2024-12-31,1.0,pcs,0.0,81.75,68.04,13.71,,camille,14767369422299091086,SALE
2023-05-01,18860,18852.0,4987176009678,VICKS VAPORUB 25G,2025-08-31,1.0,pcs,0.0,106.0,96.35,9.65,,camille,6020089073314269396,SALE
2023-05-01,18860,18852.0,4902430293402,WHISPER BREATHABLE COTTONY SOFT W/.WINGS 8&#039;S,<NA>,1.0,pcs,0.0,43.0,35.31,7.69,,camille,17417723798971394206,SALE
2023-05-01,18861,18853.0,4807788079466,KREMIL S (ALUMINUM HYDROXIDE + MAGNESIUM HYDROXIDE + SIMETICONE) TAB,2023-11-04,1.0,pcs,0.0,8.0,6.69,1.31,53.53,camille,11856021482259689362,SALE
2023-05-01,18861,18853.0,4800136400042,BUSCOPAN TAB,<NA>,1.0,pcs,0.0,26.75,23.41,3.34,,camille,1163254400797866431,SALE
2023-05-01,18861,18853.0,4807788410603,HYDRITE GRANULES (APPLE) SAC,<NA>,1.0,pcs,0.0,18.78,15.65,3.13,,camille,17951326154434247930,SALE
2023-05-01,18862,18854.0,57282039539,BIOPLUS PROBIOTICS,2024-02-01,7.0,pcs,0.0,235.2,24.0,67.2,290.70,camille,12383287432234062515,SALE
2023-05-01,18862,18854.0,4800046000752,VIVALYTE E-DRINK ORANGE 250ML,2025-12-15,1.0,pcs,0.0,55.5,46.22,9.28,,camille,9493983392889938785,SALE
2023-05-01,18863,18855.0,4801010194002,BAND AID PLASTIC STRIPS,2024-01-08,26.0,pcs,0.0,65.0,1.3,31.12,395.50,camille,13126923825444675330,SALE
2023-05-01,18863,18855.0,4807788524843,BACTIFREE 2% 20MG OINT TUBE,2024-10-05,1.0,pcs,0.0,304.5,269.69,34.81,,camille,1069559883139333901,SALE
2023-05-01,18863,18855.0,4800067551011,MEDIPLAST BANTAM PLASTIC STRIPS 12s,2027-03-21,1.0,pcs,0.0,26.0,20.7,5.3,,camille,694558520585424888,SALE
2023-05-01,18864,18856.0,4806502350171,SANICARE COTTON BUDS 200 STEM CAN,2026-08-26,1.0,pcs,0.0,26.5,21.22,5.28,26.50,camille,158728594060979447,SALE
2023-05-01,18865,18857.0,4806502163979,SANICARE PLAYTIME WIPES - CRISP CUCUMBER 35SHEETS,<NA>,1.0,pcs,0.0,54.0,44.63,9.37,54.00,camille,13604844666734664441,SALE
2023-05-01,18866,18858.0,8996001600399,LE MINERALE 1.5ML,<NA>,1.0,pcs,0.0,30.0,17.6,12.4,30.00,camille,2053063199478723366,SALE
2023-05-01,18867,18859.0,4800135000311,MYRA E 400 CAP,2024-02-03,4.0,pcs,0.0,50.0,11.13,5.48,50.00,camille,4758273541905266289,SALE
2023-05-01,18868,18860.0,4800304010219,CENTRUM SILVER ADV TAB 1s,2024-02-20,10.0,pcs,0.0,130.0,11.7,13.01,130.00,camille,2821211398781622982,SALE
2023-05-01,18869,18861.0,4806528271337,ALCLAV NEO (CO-AMOXICLAV) 625MG TAB,2024-06-30,0.0,pcs,0.0,0.0,0.0,0.0,0.00,jane,783676643773182291,SALE
2023-05-01,18869,18861.0,4807788545121,MEDICOL ADVANCE 400MG (IBUPROFEN,2023-09-18,0.0,pcs,0.0,0.0,0.0,0.0,,jane,2553028440364982982,SALE
2023-05-01,18869,18861.0,4800489114368,ARCOXIA (ETORICOXIB) 120MG TAB,2025-03-24,0.0,pcs,0.0,0.0,0.0,0.0,,jane,4706423234509456705,SALE
2023-05-01,18869,18861.0,4800021100262,NIVEA SAKURA ROLL-ON 50ML X2,<NA>,0.0,pcs,0.0,0.0,0.0,0.0,,jane,7812949542122731721,SALE
2023-05-01,18869,18861.0,4800011121543,CASINO FEMME 150ML,2028-01-31,0.0,pcs,0.0,0.0,0.0,0.0,,jane,11507655290869367210,SALE
2023-05-01,18870,18862.0,8904180801162,DICTAS (DICLOFENAC SODIUM) 50MG,2024-06-01,0.0,pcs,0.0,0.0,0.0,0.0,0.00,jane,9336094135469073014,SALE
2023-05-01,18870,18862.0,1000200053,GOUTSAPH (COLCHICINE) 500MCG TAB,2024-09-30,0.0,pcs,0.0,0.0,0.0,0.0,,jane,3189232849642640586,SALE
2023-05-01,18871,18863.0,4806508321205,CURAFEN (DICLOFENAC SODIUM) 100MG FC TAB,<NA>,0.0,pcs,0.0,0.0,0.0,0.0,0.00,jane,13358498716581791033,SALE
2023-05-01,18872,18864.0,4806528271337,ALCLAV NEO (CO-AMOXICLAV) 625MG TAB,2024-06-30,14.0,pcs,0.0,308.0,18.3,51.87,"1,165.50",camille,11018991123051214038,SALE
2023-05-01,18872,18864.0,4807788545121,MEDICOL ADVANCE 400MG (IBUPROFEN,2023-09-18,10.0,pcs,0.0,125.0,10.94,15.64,,camille,8564488885782758533,SALE
2023-05-01,18872,18864.0,4800489114368,ARCOXIA (ETORICOXIB) 120MG TAB,2025-03-24,5.0,pcs,0.0,408.75,74.72,35.17,,camille,15187676988579432672,SALE
2023-05-01,18872,18864.0,4800021100262,NIVEA SAKURA ROLL-ON 50ML X2,<NA>,1.0,pcs,0.0,225.0,132.64,92.36,,camille,736699125684258758,SALE
2023-05-01,18872,18864.0,4800011121543,CASINO FEMME 150ML,2027-07-01,1.0,pcs,0.0,36.75,30.77,5.98,,camille,13033024487865930945,SALE
2023-05-01,18872,18864.0,4806508321205,CURAFEN (DICLOFENAC SODIUM) 100MG FC TAB,<NA>,10.0,pcs,0.0,30.0,0.65,23.5,,camille,3503556991145391646,SALE
2023-05-01,18872,18864.0,1000200053,GOUTSAPH (COLCHICINE) 500MCG TAB,2024-09-30,10.0,pcs,0.0,32.0,1.26,19.4,,camille,10675876365349066680,SALE
2023-05-01,18873,18865.0,4800888158994,AXE ROLL-ON DARK TEMPTATION 25ML,2024-06-30,1.0,pcs,0.0,70.0,58.3,11.7,70.00,camille,2470213234781544415,SALE
2023-05-01,18874,18866.0,58289945,ATORSAPH-40 (ATORVASTATIN) 40MG FC TAB,2024-12-01,3.0,pcs,0.0,19.5,1.9,13.8,19.50,camille,15351174031921115824,SALE
2023-05-01,18875,18867.0,4800333162101,VIRLIX (CETIRIZINE) 10MG TAB,2026-02-22,2.0,pcs,0.0,63.0,26.94,9.12,81.00,camille,2357835288406558897,SALE
2023-05-01,18875,18867.0,4801981107971,WILKINS PURE 500ML,<NA>,1.0,pcs,0.0,18.0,8.37,9.63,,camille,13615494656591334113,SALE
2023-05-01,18876,18868.0,4800135000311,MYRA E 400 CAP,2024-02-03,2.0,pcs,0.0,25.0,11.13,2.74,25.00,camille,11394367739473542438,SALE
2023-05-01,18877,18869.0,4809012413039,KATINKO JAR 30G,2024-06-30,1.0,pcs,0.0,81.0,67.32,13.68,81.00,camille,3681567294250148928,SALE
2023-05-01,18878,18870.0,8850007371397,MODESS REGULAR NON WINGS 8&#039;S,<NA>,1.0,pcs,0.0,39.25,35.65,3.6,52.25,camille,4863084979131351175,SALE
2023-05-01,18878,18870.0,4800488100072,CHARMEE BREATHABLE PANTY LINER GREEN 8&#039;S,2025-08-24,1.0,pcs,0.0,13.0,11.0,2.0,,camille,3485510845940283418,SALE
2023-05-01,18879,18871.0,4806502850008,SYMDEX D TAB,2024-03-01,10.0,pcs,0.0,35.0,1.51,19.9,75.00,camille,6113227717567723513,SALE
2023-05-01,18879,18871.0,4809015596449,CETOZ-L (LEVOCETIRIZINE DIHYDROCHLORIDE) 5MG FCT,2024-07-01,10.0,pcs,0.0,40.0,1.82,21.8,,camille,7799196006179081076,SALE
2023-05-01,18880,18872.0,29253999,CEFUSAPH (CEFUROXIME AXETIL) 500MG FC TAB,2024-10-01,14.0,pcs,0.0,392.0,7.5,287.0,417.00,camille,10347571142559704596,SALE
2023-05-01,18880,18872.0,4806519380079,ANALMIN (MEFENAMIC ACID) 500MG CAP,<NA>,10.0,pcs,0.0,25.0,1.17,13.3,,camille,7155105878817575368,SALE
2023-05-01,18881,18873.0,4807788067067,HEMOSTAN (TRANEXAMIC ACID) 500MG CAP,2026-11-28,2.0,pcs,0.0,82.0,36.76,8.49,82.00,camille,14376579058255611590,SALE
2023-05-01,18882,18874.0,8961100510665,AURORA (ROSUVASTATIN) 10MG FC TAB,2023-08-01,13.0,pcs,0.0,127.4,3.9,76.7,127.40,camille,2443642179634420897,SALE
2023-05-01,18883,18875.0,8996001600399,LE MINERALE 1.5ML,<NA>,1.0,pcs,0.0,30.0,17.6,12.4,30.00,jane,12735261517861910659,SALE
2023-05-01,18884,18876.0,4807788551177,SUPRACID (SODIUM BICARBONATE) 650MG,2024-01-31,1.0,pcs,0.2,93.22,112.03,-18.81,179.47,jane,4599578107405034967,SALE
2023-05-01,18884,18876.0,4800308991491,FLUIMUCIL (ACETYLCYTEINE) 600MG TAB,2024-12-31,3.0,pcs,0.2,86.26,31.37,-7.87,,jane,3919750859142440100,SALE
2023-05-01,18884,18876.0,SD,Sales Discount Variance,<NA>,1.0,pcs,0.0,-0.01,0.0,-0.01,,jane,279020337208780747,ADJUSTMENT
2023-05-01,18885,18877.0,6100010004,GAUZE PAD 4X4 TRUCARE,2026-11-01,22.0,pcs,0.0,98.12,1.78,58.96,127.12,jane,8965329858027761471,SALE
2023-05-01,18885,18877.0,4987176092267,GILLETE RAZOR BLUE 2 FLEXI,<NA>,1.0,pcs,0.0,29.0,25.33,3.67,,jane,8877262484716252056,SALE
2023-05-01,18886,18878.0,4800602020934,WILKINS DISTILLED 500ML,<NA>,4.0,pcs,0.0,72.0,13.58,17.68,72.00,jane,1799628634402242857,SALE
2023-05-01,18887,18879.0,85204614,SAPHLODINE 50/5 (LOSARTAN K + AMLODIPINE) 50MG/5MG TAB,2025-01-01,10.0,pcs,0.0,105.0,4.75,57.5,105.00,jane,8363357918731067334,SALE
2023-05-02,18888,18880.0,29682409253,ELASTIC BANDAGE 4x5,2027-06-01,1.0,pcs,0.0,40.0,25.0,15.0,40.00,jane,1515806097683545912,SALE
2023-05-02,18889,18881.0,4806032201004,POTEN CEE PLUS ZINC (ASCORBIC ACID + ZINC,2023-10-01,0.0,pcs,0.0,0.0,0.0,0.0,0.00,jane,12598230507404107085,SALE
2023-05-02,18890,18882.0,4800204005612,POTEN CEE SUGAR COATED 500MG TAB,<NA>,10.0,pcs,0.0,70.0,5.21,17.92,70.00,jane,15931604450311673162,SALE
2023-05-02,18891,18883.0,4807788562432,CARVID (CARVEDILOL) 6.25MG TAB,2024-02-03,5.0,pcs,0.0,58.5,10.79,4.56,68.50,jane,5664544248014977263,SALE
2023-05-02,18891,18883.0,4806524772906,AMLOTHIX (AMLODIPINE) 5MG TAB,2026-01-08,5.0,pcs,0.0,10.0,0.35,8.25,,jane,8541578980858546865,SALE
2023-05-02,18892,18884.0,8906076770101,BETTERVENT (SALBUTAMOL) 1MG/ML (2.5MG/2.5ML) SOL&#039;N,<NA>,5.0,pcs,0.0,75.0,5.17,49.17,166.00,jane,13039987599910871566,SALE
2023-05-02,18892,18884.0,4807788050236,DUAVENT P-NEB 500MCG (IPRATROPRIUM + SALBUTAMOL,2024-03-30,2.0,pcs,0.0,91.0,41.69,7.62,,jane,9259486923471105984,SALE
2023-05-02,18893,18885.0,4807788402202,GLUMET (METFORMIN HCI) 500MG TAB,2024-02-18,30.0,pcs,0.0,360.0,9.19,84.41,360.00,jane,6504958562252643799,SALE
2023-05-02,18894,18886.0,48040693,JOHNSONS BLOSSOMS BABY POWDER 25G,2025-11-01,1.0,pcs,0.0,15.0,13.64,1.36,15.00,jane,13200504139241095247,SALE
2023-05-02,18895,18887.0,43182085938,GLOMED LATEX GLOVES MEDIUM,2027-07-06,1.0,pcs,0.0,339.28,220.0,119.28,394.28,jane,8506121266057153779,SALE
2023-05-02,18895,18887.0,4806502359914,FEMME INTERFOLDED PAPER TOWEL 1PLY,<NA>,1.0,pcs,0.0,55.0,45.75,9.25,,jane,14291903859333987172,SALE
2023-05-02,18896,18888.0,4801010501213,JOHNSONS BABY OIL 50ML,2025-05-14,1.0,pcs,0.0,45.0,35.12,9.88,45.00,jane,2650341175659135920,SALE
2023-05-02,18897,18889.0,4801288820504,HAPPY ABSORBENT COTTON 40G,2025-11-30,1.0,pcs,0.0,26.0,17.56,8.44,26.00,jane,17656640620556026496,SALE
2023-05-02,18898,18890.0,4800064630023,LADY PILLS (ETHINYL ESTRADIOL + LEVONORGESTEROL,2024-11-05,1.0,pcs,0.0,48.5,40.33,8.17,48.50,jane,12891534381830288030,SALE
2023-05-02,18899,18891.0,92232709,VERTISAPH (BETAHISTINE DIHYDROCHLORIDE) 16MG TAB,2024-08-01,5.0,pcs,0.0,36.25,2.85,22.0,48.75,jane,1157062460071966611,SALE
2023-05-02,18899,18891.0,1000200078,VERTEX (CINNARIZINE) 25MG TAB,2025-04-01,5.0,pcs,0.0,12.5,0.65,9.25,,jane,6239774521930982279,SALE
2023-05-02,18900,18892.0,4806503540007,HYGEEN COTTON BALLS 50s,<NA>,1.0,pcs,0.0,15.5,12.87,2.63,15.50,jane,9436455030798477984,SALE
2023-05-02,18901,18893.0,48038065,JOHNSONS BABY OIL ALOE VERA 25ML,2025-02-16,1.0,pcs,0.0,28.25,23.35,4.9,61.25,jane,7601009720839244332,SALE
2023-05-02,18901,18893.0,4807788048462,DIATABS (LOPERAMIDE) CAP,2027-01-03,4.0,pcs,0.0,33.0,7.15,4.38,,jane,809326591326175516,SALE
2023-05-02,18902,18894.0,4806033302731,RM COLCHICINE 500MG,2023-08-31,1.0,pcs,0.0,4.02,3.35,0.67,12.52,jane,4494918575226405830,SALE
2023-05-02,18902,18894.0,4800369000071,ALLURASE TAB 100MG TAB,<NA>,1.0,pcs,0.0,8.5,7.1,1.4,,jane,8458515494296936581,SALE
2023-05-02,18903,18895.0,8964001206033,CELCOXX (CELECOXIB) 200MG CAP,2024-07-01,4.0,pcs,0.0,125.0,28.64,10.44,165.20,jane,4393925832251250973,SALE
2023-05-02,18903,18895.0,4806033302731,RM COLCHICINE 500MG,2023-08-31,10.0,pcs,0.0,40.2,3.35,6.71,,jane,16177255616053812358,SALE
2023-05-02,18904,18896.0,4801962202770,CANESTEN 5G,2024-06-30,1.0,pcs,0.0,197.0,175.36,21.64,197.00,jane,3946673433358173176,SALE
2023-05-02,18905,18897.0,4806505140144,RANITEIN (RANITIDINE) 150MG TAB,<NA>,20.0,pcs,0.0,66.0,1.3,40.0,66.00,jane,3056655911056748630,SALE
2023-05-02,18906,18898.0,4806033300201,RM AMLODIPINE 5MG,2023-07-31,2.0,pcs,0.2,10.72,4.98,0.75,49.74,jane,11711366705450868391,SALE
2023-05-02,18906,18898.0,4806033302830,RM METFORMIN 500MG TAB,2023-09-03,2.0,pcs,0.2,6.4,2.71,0.97,,jane,9179755183151245260,SALE
2023-05-02,18906,18898.0,4806033305480,RM LOSARTAN 50MG TAB,2024-01-31,2.0,pcs,0.2,20.48,8.98,2.52,,jane,18140995082762573741,SALE
2023-05-02,18906,18898.0,4806505140724,KARVIDOL (CARVEDILOL) 25MG TAB,2024-05-01,2.0,pcs,0.2,12.14,2.65,6.84,,jane,1023988062498135564,SALE
2023-05-02,18907,18899.0,1900010113,INHIBITA (OMEPRAZOLE) 40MG EC TAB,2024-04-01,1.0,pcs,0.0,9.0,3.6,5.4,9.00,jane,5729616696068673319,SALE
2023-05-02,18908,18900.0,4806517790450,NUVERT (BETAHISTINE HCL) 16MG FC TAB,2024-04-30,15.0,pcs,0.0,315.0,16.1,73.5,315.00,jane,17013492621465628258,SALE
2023-05-02,18909,18901.0,4807788407375,DOLFENAL (MEFENAMIC ACID) 500MG,2027-01-20,2.0,pcs,0.0,62.0,29.34,3.32,62.00,jane,6366004789655281878,SALE
2023-05-02,18910,18902.0,4806503650263,SLEEPWELL (MELATONIN) 3MG CAP,2024-09-01,10.0,pcs,0.0,182.5,16.07,21.79,182.50,jane,17366450417437911766,SALE
2023-05-02,18911,18903.0,8906005112705,FINAPROS (FINASTERIDE) 5MG FC TAB,2023-12-01,2.0,pcs,0.2,20.43,5.7,9.03,20.43,jane,16481056472621757809,SALE
2023-05-02,18912,18904.0,4806504260614,APPEVIT (BUCLIZINE HCL+B-COMPLEX+IRON) CAP,2024-09-01,60.0,pcs,0.0,900.0,13.5,90.0,900.00,jane,6044592975056334784,SALE
2023-05-02,18913,18905.0,4806033302731,RM COLCHICINE 500MG,2023-08-31,12.0,pcs,0.0,48.24,3.35,8.05,48.24,jane,10215140167953400885,SALE
2023-05-02,18914,18906.0,4807788561688,BIOGESIC (PARACETAMOL) 500MG TAB,2026-03-01,10.0,pcs,0.0,42.5,3.65,6.01,42.50,jane,5276476091414713280,SALE
2023-05-02,18915,18907.0,4806524149708,CITCOLE (CITICOLINE) 500MG TAB,<NA>,20.0,pcs,0.2,436.0,12.33,189.4,"1,687.36",jane,1986257642543042251,SALE
2023-05-02,18915,18907.0,4806517790238,CETADOL (PARACETAMOL + TRAMADOL HCL) 325MG/37.5MG FC TAB,2025-04-24,15.0,pcs,0.2,291.0,18.55,12.75,,jane,7368790201295236885,SALE
2023-05-02,18915,18907.0,4800307854315,VIBEE (B-COMPLEX) TAB,<NA>,10.0,pcs,0.2,112.48,12.78,-15.34,,jane,12043200504852708696,SALE
2023-05-02,18915,18907.0,4806504652587,ALANERV 920MG CAP,<NA>,10.0,pcs,0.05,847.88,81.0,37.88,,jane,9392136432736909163,SALE
2023-05-02,18915,18907.0,SD,Sales Discount Variance,<NA>,1.0,pcs,0.0,-0.01,0.0,-0.01,,jane,10629686306357989889,ADJUSTMENT
2023-05-02,18916,18908.0,8996001600269,LE MINERALE 600ML,<NA>,1.0,pcs,0.0,15.0,9.2,5.8,15.00,jane,16667665245198749843,SALE
2023-05-02,18917,18909.0,4800204001713,BETADINE GARGLE 60ML,2025-09-30,1.0,pcs,0.0,115.0,106.28,8.72,115.00,jane,819661350180664514,SALE
2023-05-02,18918,18910.0,4806521160591,FENOSTAT (ATORVASTIN + FENOFIBRATE) 10MG/160MG TAB,2024-05-31,14.0,pcs,0.0,374.5,24.29,34.38,410.68,jane,11644203422757939998,SALE
2023-05-02,18918,18910.0,4806033302731,RM COLCHICINE 500MG,2023-08-31,9.0,pcs,0.0,36.18,3.35,6.03,,jane,7139886379109160585,SALE
2023-05-02,18919,18911.0,92232709,VERTISAPH (BETAHISTINE DIHYDROCHLORIDE) 16MG TAB,2024-08-01,6.0,pcs,0.0,43.5,2.85,26.4,43.50,jane,10383117485701113240,SALE
2023-05-02,18920,18912.0,4807788079466,KREMIL S (ALUMINUM HYDROXIDE + MAGNESIUM HYDROXIDE + SIMETICONE) TAB,2023-11-04,1.0,pcs,0.0,8.0,6.69,1.31,8.00,jane,16839948689239580028,SALE
2023-05-02,18921,18913.0,4806030400676,HYPACE (ENALAPRIL MALEATE) 5MG TAB,<NA>,10.0,pcs,0.0,107.5,8.94,18.1,107.50,jane,14148230716426411258,SALE
2023-05-02,18922,18914.0,4806506318856,SISTERS NIGHT PLUS 8&#039;S W/ WINGS,2025-09-01,1.0,pcs,0.0,31.0,22.07,8.93,31.00,jane,8767471296570143017,SALE
2023-05-02,18923,18915.0,38218316,CHERIFER PGM CAP,2024-09-18,5.0,pcs,0.0,100.0,15.98,20.1,323.75,jane,2339557790981537868,SALE
2023-05-02,18923,18915.0,4800318002415,CALTRATE ADVANCE TAB,2024-03-01,10.0,pcs,0.0,90.0,8.06,9.4,,jane,13838890527884459196,SALE
2023-05-02,18923,18915.0,4806032201004,POTEN CEE PLUS ZINC (ASCORBIC ACID + ZINC,2023-10-01,10.0,pcs,0.0,80.0,6.22,17.84,,jane,17052459794379238088,SALE
2023-05-02,18923,18915.0,4800153302220,CENTRUM(ADVANCE)TAB,2024-01-12,5.0,pcs,0.0,53.75,9.53,6.12,,jane,17004961914577997845,SALE
2023-05-02,18924,18916.0,4806517790054,PROVASC 5 (AMLODIPINE BESILATE) 5MG TAB,2024-04-30,7.0,pcs,0.2,56.0,7.53,3.33,450.60,jane,1313710760669586710,SALE
2023-05-02,18924,18916.0,8964001206422,ROVISTA (ROSUVASTATIN) 10MG TAB,2024-01-08,7.0,pcs,0.2,145.6,21.49,-4.83,,jane,13962866739443466228,SALE
2023-05-02,18924,18916.0,4807788559593,NEOZEP FORTE (PHENYLEPHRINE HCL + PARACETAMOL) TAB,2025-07-29,10.0,pcs,0.0,57.5,5.19,5.6,,jane,3886520099733406216,SALE
2023-05-02,18924,18916.0,4807788561688,BIOGESIC (PARACETAMOL) 500MG TAB,2026-03-01,10.0,pcs,0.0,42.5,3.65,6.01,,jane,2363236575239028282,SALE
2023-05-02,18924,18916.0,8935196509315-1,SALONPAS PLASTER 20s,2025-06-30,1.0,pcs,0.0,108.0,93.24,14.76,,jane,12979272409710153390,SALE
2023-05-02,18924,18916.0,4806501283159,WHITE FLOWER AC#5 1.5ML,2027-07-31,1.0,pcs,0.0,41.0,35.73,5.27,,jane,12818317621161586402,SALE
2023-05-02,18925,18917.0,4806502352380,SANICARE CLEANSING WIPES - ALOE 80 SHEETS,2024-07-27,1.0,pcs,0.0,108.0,89.25,18.75,108.00,jane,12654609872654906566,SALE
2023-05-02,18926,18918.0,9314057007990,CALADRYL (CALAMINE + ZINC OXIDE) 30ML LOTION,2026-11-01,1.0,pcs,0.0,138.0,119.05,18.95,138.00,jane,10613574768013922700,SALE
2023-05-02,18927,18919.0,4800047820250,GREENCROSS 70% W/ MOIST 60ML,2025-09-30,1.0,pcs,0.0,22.5,16.72,5.78,63.00,jane,8377791673308773569,SALE
2023-05-02,18927,18919.0,79206034723,MICROPORE 1/2 INCH,2026-05-01,1.0,pcs,0.0,25.0,17.5,7.5,,jane,9758664691473873549,SALE
2023-05-02,18927,18919.0,4806503540007,HYGEEN COTTON BALLS 50s,<NA>,1.0,pcs,0.0,15.5,12.87,2.63,,jane,12370162162759357397,SALE
2023-05-02,18928,18920.0,29253999,CEFUSAPH (CEFUROXIME AXETIL) 500MG FC TAB,2024-10-01,7.0,pcs,0.0,196.0,7.5,143.5,595.80,jane,4097496159685915986,SALE
2023-05-02,18928,18920.0,4806518661209,KETESSE (DEXKETOPROFEN) 25MG TAB,2024-09-01,7.0,pcs,0.0,237.3,28.69,36.46,,jane,15123443106654366960,SALE
2023-05-02,18928,18920.0,72355794,MUPISAPH (MUPIROCIN) 20MG/G 5G OINMENT,2025-04-01,1.0,pcs,0.0,162.5,48.0,114.5,,jane,661736245296000822,SALE
2023-05-02,18929,18921.0,4806504260614,APPEVIT (BUCLIZINE HCL+B-COMPLEX+IRON) CAP,2024-09-01,14.0,pcs,0.0,210.0,13.5,21.0,648.70,jane,15911189071959742141,SALE
2023-05-02,18929,18921.0,8904159620923,FEBUDAY-40 (FEBUXOSTAT) 40MG TAB,2024-10-31,14.0,pcs,0.0,248.5,11.09,93.19,,jane,5658234723014642018,SALE
2023-05-02,18929,18921.0,4806033305480,RM LOSARTAN 50MG TAB,2024-03-30,14.0,pcs,0.0,179.2,8.98,53.5,,jane,2155928476812002887,SALE
2023-05-02,18929,18921.0,8996001600375,LE MINERALE 330ML,<NA>,1.0,pcs,0.0,11.0,6.33,4.67,,jane,9374539350285151789,SALE
2023-05-02,18930,18922.0,4800067642696,SEBO DE MACHO 25G,2025-03-31,1.0,pcs,0.0,44.0,44.81,-0.81,44.00,jane,3882955608340413099,SALE
2023-05-02,18931,18923.0,4806033302731,RM COLCHICINE 500MG,2023-08-31,10.0,pcs,0.0,40.2,3.35,6.71,40.20,jane,7670316195157670685,SALE
2023-05-02,18932,18924.0,40811509252,INSULIN SYRINGE TERUMO 29GX1/2G 1/21CC,<NA>,10.0,pcs,0.0,130.0,6.5,65.0,130.00,jane,10001236746974651924,SALE
2023-05-02,18933,18925.0,4809015142035,OHHIRAs PROPOLIS 600MG CAP,2024-10-02,10.0,pcs,0.0,672.0,56.0,112.0,683.00,jane,7155420763163567951,SALE
2023-05-02,18934,18926.0,4806503540007,HYGEEN COTTON BALLS 50s,<NA>,1.0,pcs,0.0,15.5,12.87,2.63,15.50,jane,3942476084801919331,SALE
2023-05-02,18935,18927.0,4800488070016,CARESS ADULT DIAPER M10+1,2025-05-12,1.0,pcs,0.0,180.0,163.55,16.45,283.00,jane,1869352026954458761,SALE
2023-05-02,18935,18927.0,4800067070758,BBFLO PETROLEUM JELLY POWDERY FRESH 50G,<NA>,1.0,pcs,0.0,73.0,61.5,11.5,,jane,10320419104339064884,SALE
2023-05-02,18935,18927.0,8996001600399,LE MINERALE 1.5ML,<NA>,1.0,pcs,0.0,30.0,17.6,12.4,,jane,14879208880509233016,SALE
2023-05-02,18936,18928.0,4806524772906,AMLOTHIX (AMLODIPINE) 5MG TAB,2026-08-01,20.0,pcs,0.0,40.0,0.35,33.0,350.00,camille,13737968632779938669,SALE
2023-05-02,18936,18928.0,4806522630642,INTERPHIL (IRBESARTAN) 300MG TAB,2024-02-01,20.0,pcs,0.0,310.0,7.75,155.0,,camille,5742605697799780670,SALE
2023-05-02,18937,18929.0,480778853619,ALAXAN FR (IBUPROFEN + PARACETAMOL) CAP,2025-04-29,2.0,pcs,0.0,17.0,7.94,1.11,17.00,camille,3929661133660241087,SALE
2023-05-02,18938,18930.0,4800047820199,GREENCROSS 70% W/ MOIST 250ML,2025-06-01,1.0,pcs,0.0,51.75,43.21,8.54,51.75,camille,9125644102774723318,SALE
2023-05-02,18939,18931.0,4807788519948,ALLERKID (CETIRIZINE DIHYDROCHLORIDE) 2.5MG 10ML DROPS,2024-02-01,1.0,pcs,0.0,165.0,149.11,15.89,315.00,camille,13244485086335290230,SALE
2023-05-02,18939,18931.0,8906076770101,BETTERVENT (SALBUTAMOL) 1MG/ML (2.5MG/2.5ML) SOL&#039;N,<NA>,10.0,pcs,0.0,150.0,5.17,98.33,,camille,12166687552646530340,SALE
2023-05-02,18940,18932.0,4806520350917,VENTOMAX (SALBUTAMOL) 4MG TAB,<NA>,10.0,pcs,0.0,30.0,0.45,25.5,65.00,camille,7065345827941396717,SALE
2023-05-02,18940,18932.0,4806534570240,CETRINOVA (CETIRIZINE) 10MG FC TAB,<NA>,5.0,pcs,0.0,15.0,0.36,13.2,,camille,4852783551981864935,SALE
2023-05-02,18940,18932.0,8995227502234,LOLA REMEDIOS,2023-11-18,2.0,pcs,0.0,20.0,8.65,2.7,,camille,14375120299402269165,SALE
2023-05-02,18941,18933.0,4800301902821,NATRAZOL (LOSARTAN) 100MG TAB,2024-01-01,30.0,pcs,0.2,120.0,2.0,60.0,162.96,camille,10432826486805624797,SALE
2023-05-02,18941,18933.0,4806524772913,AMLOTHIX (AMLODIPINE) 10MG TAB,2026-11-01,30.0,pcs,0.2,42.96,0.37,31.76,,camille,13029692640208418321,SALE
2023-05-02,18942,18934.0,4807788561688,BIOGESIC (PARACETAMOL) 500MG TAB,2026-03-01,20.0,pcs,0.0,85.0,3.65,12.01,200.00,camille,7501726063937271614,SALE
2023-05-02,18942,18934.0,4807788571373,REXIDOL FORTE (PARACETAMOL+CAFFEINE) TAB,<NA>,20.0,pcs,0.0,115.0,4.72,20.66,,camille,4839822663787060405,SALE
2023-05-02,18943,18935.0,22695376,GREAT STERILE LATEX SURGICAL GLOVES 8,<NA>,1.0,pcs,0.0,27.75,15.0,12.75,67.93,camille,18421364345244437934,SALE
2023-05-02,18943,18935.0,80777277749,FOLEY CATH 12,<NA>,1.0,pcs,0.0,40.18,30.0,10.18,,camille,15596564533843314081,SALE
2023-05-02,18944,18936.0,500010221,SITICARE DISP SYRINGE 5CC,<NA>,2.0,pcs,0.0,12.5,2.5,7.5,37.50,camille,3898300276650625821,SALE
2023-05-02,18944,18936.0,4806524149166,SURE-GUARD LATEX SURGICAL GLOVES 7.0 PAIR,2025-03-19,1.0,pcs,0.0,25.0,15.6,9.4,,camille,8257443417951956931,SALE
2023-05-02,18945,18937.0,4807788526762,BIOFLU (PENYLEPHINE + CHLORPHENAMINE + PARACETAMOL) TAB,2024-01-01,5.0,pcs,0.0,40.0,6.37,8.16,40.00,camille,13185831079605800095,SALE
2023-05-02,18946,18938.0,4806528271337,ALCLAV NEO (CO-AMOXICLAV) 625MG TAB,2024-06-30,14.0,pcs,0.0,308.0,18.3,51.87,308.00,camille,7417328459434851173,SALE
2023-05-02,18947,18939.0,4806504260614,APPEVIT (BUCLIZINE HCL+B-COMPLEX+IRON) CAP,2024-09-01,15.0,pcs,0.0,225.0,13.5,22.5,225.00,camille,11254785822385033522,SALE
2023-05-02,18948,18940.0,8886451003812,ENSURE GOLD VANILLA 400G,2024-04-21,1.0,pcs,0.0,918.6,798.09,120.51,918.60,camille,12072338805443809039,SALE
2023-05-02,18949,18941.0,4806504260614,APPEVIT (BUCLIZINE HCL+B-COMPLEX+IRON) CAP,2024-09-01,30.0,pcs,0.2,360.0,13.5,-45.0,464.40,camille,215216188602212057,SALE
2023-05-02,18949,18941.0,4807788551177,SUPRACID (SODIUM BICARBONATE) 650MG,2024-01-31,1.0,pcs,0.2,104.4,112.03,-7.63,,camille,3280255752397416950,SALE
2023-05-02,18950,18942.0,4809014128672,KOJIESAN CLASSIC 3s 65G,2024-08-16,1.0,pcs,0.0,72.5,69.3,3.2,309.50,camille,7875868055840059905,SALE
2023-05-02,18950,18942.0,4800021100262,NIVEA SAKURA ROLL-ON 50ML X2,<NA>,1.0,pcs,0.0,225.0,132.64,92.36,,camille,2651793489779475996,SALE
2023-05-02,18950,18942.0,4800488100058,CHARMEE UNSCENTED BREATHABLE PANTY LINER PINK 8&#039;S,<NA>,1.0,pcs,0.0,12.0,10.75,1.25,,camille,2004525785035663979,SALE
2023-05-02,18951,18943.0,4801962207997,SARIDON TRIPLE ACTION (PARACETAMOL PROPYPHENAZONE CAFFEINE) TAB,2025-03-31,4.0,pcs,0.0,23.0,4.74,4.02,23.00,camille,4653886097087138851,SALE
2023-05-02,18952,18944.0,4807788563095,DOXOFIX (DOXOFYLLINE) 400MG TAB,2024-04-01,10.0,pcs,0.2,158.96,20.23,-43.34,705.44,camille,5975257970819275659,SALE
2023-05-02,18952,18944.0,4806521160584,TAMPLUS (TAMSULOSIN + FINASTERIDE) 400MCG/5MG CAP,2024-11-01,15.0,pcs,0.2,546.48,42.92,-97.27,,camille,8790984058150314273,SALE
2023-05-02,18953,18945.0,8850006320518,COLGATE AMINO POWDER 74G,2025-08-01,1.0,pcs,0.0,73.5,61.8,11.7,73.50,camille,871508117847885893,SALE
2023-05-02,18954,18946.0,4800488070283,CARESS ADULT DIAPER XL10,2025-02-01,1.0,pcs,0.05,298.06,285.05,13.01,298.06,camille,5973084484713683392,SALE
2023-05-03,18955,18947.0,8850360410016,STREPSILS LOZ CHESTY COUGH (AMBROXOL HCL) 6s,<NA>,1.0,pcs,0.0,75.0,61.77,13.23,130.00,camille,13561763053330223138,SALE
2023-05-03,18955,18947.0,4806502359914,FEMME INTERFOLDED PAPER TOWEL 1PLY,<NA>,1.0,pcs,0.0,55.0,45.75,9.25,,camille,16708591265646174319,SALE
2023-05-03,18956,18948.0,29314057013711,DEQUADIN LOZENGES (DEQUALINIUM CHLORIDE) ORANGE,2025-08-31,4.0,pcs,0.0,22.0,4.76,2.96,22.00,camille,1641091824793961168,SALE
2023-05-03,18957,18949.0,4806505141387,FORMET (METFORMIN) 500MG TAB,2024-10-01,30.0,pcs,0.0,52.5,0.75,30.0,469.50,camille,5209693683646457069,SALE
2023-05-03,18957,18949.0,1900010134,PROMETIN (METOPROLOL) 50MG TAB,2025-02-01,30.0,pcs,0.0,45.0,0.6,27.0,,camille,8664579413117377316,SALE
2023-05-03,18957,18949.0,8904179014702,NOVASARTAN (LOSARTAN K) 50MG FC TAB,2025-02-01,20.0,pcs,0.0,50.0,0.78,34.4,,camille,15723050273967533374,SALE
2023-05-03,18957,18949.0,45817663,ROSUSAPH-20 (ROSUVASTATIN) 20MG FC TAB,2025-04-01,10.0,pcs,0.0,145.0,2.58,119.2,,camille,13665075992932978306,SALE
2023-05-03,18957,18949.0,4806518900391,ROBUST TAB 550MG,<NA>,1.0,pcs,0.0,130.0,117.0,13.0,,camille,10369706363728132911,SALE
2023-05-03,18957,18949.0,4029799118167,SINUPRET FORTE DRAGEES,2024-09-01,4.0,pcs,0.0,47.0,11.32,1.71,,camille,9227550088228491059,SALE
2023-05-03,18958,18950.0,8850360410016,STREPSILS LOZ CHESTY COUGH (AMBROXOL HCL) 6s,<NA>,1.0,pcs,0.0,75.0,61.77,13.23,75.00,camille,16928156121947740849,SALE
2023-05-03,18959,18951.0,4800602020934,WILKINS DISTILLED 500ML,<NA>,1.0,pcs,0.0,18.0,13.58,4.42,18.00,camille,6881136946962662578,SALE
2023-05-03,18960,18952.0,4800488114772,CHARMEE PANTYLINER GO GIRL 20+2,2025-04-13,1.0,pcs,0.0,19.75,16.36,3.39,19.75,camille,12758098127837107178,SALE
2023-05-03,18961,18953.0,4300010002,PROHEALTH PULSE OXIMETER,<NA>,1.0,pcs,0.2,892.86,650.0,242.86,892.86,camille,15751939347919149967,SALE
2023-05-03,18962,18954.0,4800286231718,SERC (BETAHISTINE DIHYDROCHLORIDE) 16MG TAB,2025-02-28,3.0,pcs,0.0,198.0,58.01,23.97,238.50,camille,17165568857606266623,SALE
2023-05-03,18962,18954.0,4800304810130,BONAMINE (MECLYCINE HYDROCLHORIDE) CHEW (ADULT) 25MG TAB,2026-01-31,3.0,pcs,0.0,40.5,11.91,4.77,,camille,3302168796401457892,SALE
2023-05-03,18963,18955.0,54021235,GLOBISAPH (KETOANALOGUE) 630MG TAB,2025-02-01,65.0,pcs,0.2,988.0,6.5,565.5,988.00,camille,13622068297941421741,SALE
2023-05-03,18964,18956.0,4800346000179,IMODIUM (LOPERAMIDE) 2MG CAP,2027-06-30,1.0,pcs,0.0,16.5,14.2,2.3,16.50,camille,13250402676168254489,SALE
2023-05-03,18965,18957.0,4800333160824,DERMOVATE (CLOBETASOL PROPIONATE) 5G CREAM,2025-06-30,1.0,pcs,0.0,349.0,322.69,26.31,349.00,camille,14243467667972506862,SALE
2023-05-03,18966,18958.0,4807788408853,ALNIX (CETIRIZINE) 10MG TAB,2025-03-27,7.0,pcs,0.2,152.99,27.52,-39.65,152.99,camille,12400990591541242665,SALE
2023-05-03,18967,18959.0,4800308100473,BACTIV (CO-AMOXICLAV) 457MG/5ML 70ML,2025-03-31,1.0,pcs,0.0,336.75,280.51,56.24,336.75,camille,13351010346963791326,SALE
2023-05-03,18968,18960.0,4807788658975,DECOLGEN NO DROWSE (PHENYLEPROPANOLAMINE HCI + PARACETAMOL,<NA>,10.0,pcs,0.0,75.0,6.38,11.2,75.00,camille,17134853939719826092,SALE
2023-05-03,18969,18961.0,4806524772906,AMLOTHIX (AMLODIPINE) 5MG TAB,2026-08-01,100.0,pcs,0.0,200.0,0.35,165.0,200.00,camille,1107847104154515674,SALE
2023-05-03,18970,18962.0,4809015705421,TRAPADIX (PARACETAMOL+TRAMADOL) 325MG/37.5MG TAB,2023-12-01,10.0,pcs,0.2,57.12,3.56,21.52,261.12,camille,5909001163844967003,SALE
2023-05-03,18970,18962.0,8904186000521,TRIMEBET (TRIMETAZIDINE) 35G TAB,2024-05-01,30.0,pcs,0.2,204.0,3.34,103.8,,camille,4019764930150498125,SALE
2023-05-03,18971,18963.0,4807788562593,IMMUNPRO 500MG TAB,2024-09-01,10.0,pcs,0.2,70.0,7.44,-4.44,70.00,camille,4017753672523178227,SALE
2023-05-03,18972,18964.0,4806531820744,BACIFLORA PROBIOTIC DIETARY SUPP 5ML,2024-01-18,2.0,pcs,0.0,64.0,25.34,13.32,64.00,camille,13492664872611260170,SALE
2023-05-03,18973,18965.0,4800304010219,CENTRUM SILVER ADV TAB 1s,2024-02-20,1.0,pcs,0.0,13.0,11.7,1.3,13.00,camille,13640910651209568276,SALE
2023-05-03,18974,18966.0,4807788402646,SOLMUX (CARBOCISTEINE) 500MG CAP,2027-02-13,10.0,pcs,0.0,115.0,10.16,13.35,245.50,camille,3534364638758669404,SALE
2023-05-03,18974,18966.0,4800047820199,GREENCROSS 70% W/ MOIST 250ML,2025-06-01,1.0,pcs,0.0,51.75,43.21,8.54,,camille,17852807197340727114,SALE
2023-05-03,18974,18966.0,4800318570082,SCOTT&#039;S CHEWY VIT-C MIXED BERRIES 15s,2024-02-08,1.0,pcs,0.0,78.75,70.29,8.46,,camille,7578453198954104679,SALE
2023-05-03,18975,18967.0,4800333227923,ANORO ELLIPTA 62.5/25MCG,2024-01-13,1.0,pcs,0.0,2865.0,2597.82,267.18,0.00,camille,15454860983805025649,SALE
2023-05-03,18976,18968.0,4987176035585,VICKS INHALER TWIN PACK 0.5MLX2,2024-12-13,1.0,pcs,0.0,160.5,158.44,2.06,160.50,camille,10431443913138719067,SALE
2023-05-03,18977,18969.0,4806033304131,RM MEFENAMIC ACID 500MG TAB,2023-07-21,1.0,pcs,0.0,6.75,3.7,3.05,6.75,camille,1349938198472476296,SALE
2023-05-03,18978,18970.0,480778853619,ALAXAN FR (IBUPROFEN + PARACETAMOL) CAP,2025-04-29,3.0,pcs,0.0,25.5,7.94,1.67,25.50,camille,1834840486149876646,SALE
2023-05-03,18979,18971.0,4806517790429,NORMAX (METFORMIN HYDROCHLORIDE) 500MG ER TAB,2025-02-28,1.0,pcs,0.0,8.25,6.3,1.95,32.00,camille,2659041676203109618,SALE
2023-05-03,18979,18971.0,4806517790139,CLOVIX (CLOPIDOGREL) 75MG FC TAB,2024-02-29,1.0,pcs,0.0,23.75,18.12,5.63,,camille,1821697810678258404,SALE
2023-05-03,18980,18972.0,99875334642,OXYGEN TANK 15LBS,<NA>,1.0,pcs,0.2,3839.98,6337.5,-2497.52,"8,018.82",camille,8222912784839742559,SALE
2023-05-03,18980,18972.0,4300010005,WHEELCHAIR BLACK ECONO,<NA>,1.0,pcs,0.2,3107.13,2800.0,307.13,,camille,16515892561087238526,SALE
2023-05-03,18980,18972.0,28924852,CLOOK CARE (OXYGEN REGULATOR,<NA>,1.0,pcs,0.2,1035.71,750.0,285.71,,camille,2954544239994485936,SALE
2023-05-03,18980,18972.0,4800602020934,WILKINS DISTILLED 500ML,<NA>,2.0,pcs,0.0,36.0,13.58,8.84,,camille,10426964425819592343,SALE
2023-05-03,18981,18973.0,4806523431804,NURAMINE VITAMIN B-COMPLEX AMP,<NA>,5.0,pcs,0.0,75.0,15.0,0.0,75.00,camille,11962640027725387564,SALE
2023-05-03,18982,18974.0,71528104703,PROHEALTHCARE DISP. MASK,2025-05-01,1.0,pcs,0.0,120.0,56.0,64.0,120.00,camille,12324919714894249483,SALE
2023-05-03,18983,18975.0,4809013427011,SEREMAX FORTE (PREGABALIN + MECOBALAMIN + ALPHA LIPOIC ACID) 75MG/750MCG/100MG CAP,2024-04-01,30.0,pcs,0.2,990.0,34.38,-41.25,"4,735.60",camille,14981934202788078156,SALE
2023-05-03,18983,18975.0,4807788547071,ALGESIA (PARACETAMOL + TRAMADOL) 37.5/325 MG TAB,2024-01-26,30.0,pcs,0.2,1284.0,48.44,-169.15,,camille,4957621727751545777,SALE
2023-05-03,18983,18975.0,45817663,ROSUSAPH-20 (ROSUVASTATIN) 20MG FC TAB,2025-04-01,30.0,pcs,0.2,348.0,2.58,270.6,,camille,16692846065612481767,SALE
2023-05-03,18983,18975.0,4807788402172,GLUBITOR OD (GLICLAZIDE) 30MG TAB,<NA>,60.0,pcs,0.2,492.0,9.17,-58.2,,camille,4297331012123954165,SALE
2023-05-03,18983,18975.0,4809015142035,OHHIRAs PROPOLIS 600MG CAP,2024-10-02,30.0,pcs,0.2,1612.8,56.0,-67.2,,camille,12749694952759535200,SALE
2023-05-03,18983,18975.0,8996001600375,LE MINERALE 330ML,<NA>,1.0,pcs,0.2,8.8,6.33,2.47,,camille,3142102376605826716,SALE
2023-05-03,18984,18976.0,4806520352621,CLODIN (CLONIDINE) 75MCG TAB,2025-04-30,3.0,pcs,0.2,25.2,4.15,12.75,25.20,camille,3161894049246327191,SALE
2023-05-03,18985,18977.0,92232709,VERTISAPH (BETAHISTINE DIHYDROCHLORIDE) 16MG TAB,2024-08-01,10.0,pcs,0.0,72.5,2.85,44.0,200.50,camille,4604128934678724907,SALE
2023-05-03,18985,18977.0,4806033305480,RM LOSARTAN 50MG TAB,2024-03-30,10.0,pcs,0.0,128.0,8.98,38.21,,camille,14083535979567401538,SALE
2023-05-03,18986,18978.0,4800047820182,GREENCROSS 70% W/ MOIST 500ML,2024-08-01,1.0,pcs,0.0,98.75,76.55,22.2,98.75,camille,6571695587658448792,SALE
2023-05-03,18987,18979.0,8994388106275,STIMUNO 25MG/5ML SYRUP 100ML,2024-12-31,2.0,pcs,0.0,1032.0,389.91,252.18,"1,341.75",camille,13999578527267117537,SALE
2023-05-03,18987,18979.0,4800369000286,ASFRENON (SALBUTAMOL) 2MG 60ML SYR,2024-03-31,1.0,pcs,0.0,93.5,81.34,12.16,,camille,10655706395703832253,SALE
2023-05-03,18987,18979.0,4800333900031,VENTOLIN (SALBUTAMOL) NEBULES 2.5MG/2.5ML 20,2025-10-07,5.0,pcs,0.0,216.25,39.31,19.68,,camille,14253555018507637470,SALE
2023-05-03,18988,18980.0,4800308991491,FLUIMUCIL (ACETYLCYTEINE) 600MG TAB,2024-12-31,0.0,pcs,0.0,0.0,0.0,0.0,0.00,camille,7676104924139655087,SALE
2023-05-03,18988,18980.0,4806524781854,NEPHROMIN (KETOANALOGUES+ESSENTIAL AMINO ACIDS) TAB,2024-08-01,0.0,pcs,0.0,0.0,0.0,0.0,,camille,14178892550390693760,SALE
2023-05-03,18989,18981.0,4806524781854,NEPHROMIN (KETOANALOGUES+ESSENTIAL AMINO ACIDS) TAB,2024-08-01,15.0,pcs,0.2,240.0,14.0,30.0,240.00,camille,4160526056265529970,SALE
2023-05-03,18990,18982.0,4806033302731,RM COLCHICINE 500MG,2023-08-31,1.0,pcs,0.0,4.02,3.35,0.67,298.77,camille,994630056681804832,SALE
2023-05-03,18990,18982.0,4806033304131,RM MEFENAMIC ACID 500MG TAB,2023-07-21,7.0,pcs,0.0,47.25,3.7,21.33,,camille,1298995352672417673,SALE
2023-05-03,18990,18982.0,4806524140477,CYFROX (CIPROFLOXACIN) 500MG TAB,2023-12-01,14.0,pcs,0.0,70.0,1.65,46.9,,camille,14252975825890452683,SALE
2023-05-03,18990,18982.0,8904159620923,FEBUDAY-40 (FEBUXOSTAT) 40MG TAB,2024-10-31,10.0,pcs,0.0,177.5,11.09,66.56,,camille,4611160253260008808,SALE
2023-05-03,18991,18983.0,4806518661209,KETESSE (DEXKETOPROFEN) 25MG TAB,2024-09-01,10.0,pcs,0.0,339.0,28.9,50.02,744.00,camille,7180016811669975727,SALE
2023-05-03,18991,18983.0,4800324090277,MYONAL (EPERISONE HYDROCHLORIDE) TAB,2025-08-31,15.0,pcs,0.0,405.0,23.73,49.05,,camille,7791183322695667452,SALE
2023-05-03,18992,18984.0,4800348112740,NATRAVOX (CO-AMOXICLAV) 457MG/5ML 70ML,2024-09-01,1.0,pcs,0.0,367.5,510.36,-142.86,367.50,camille,9785325140881436473,SALE
2023-05-03,18993,18985.0,38119798,ATORSAPH-20 (ATORVASTATIN) 20MG FC TAB,<NA>,15.0,pcs,0.0,52.5,0.95,38.25,90.00,camille,6567917070037454250,SALE
2023-05-03,18993,18985.0,8904179014702,NOVASARTAN (LOSARTAN K) 50MG FC TAB,2025-02-01,15.0,pcs,0.0,37.5,0.78,25.8,,camille,9411734939103282334,SALE
2023-05-03,18994,18986.0,8996001600269,LE MINERALE 600ML,<NA>,4.0,pcs,0.0,60.0,9.2,23.2,60.00,camille,3772962275747593836,SALE
2023-05-03,18995,18987.0,8964001206651,FORTRA (BUDESONIDE+FORMETROL FUMARATE DIHYDRATE) 200MCG/6MCG CANISTER,2024-10-30,1.0,pcs,0.0,616.0,509.15,106.85,688.00,camille,1833242068664631996,SALE
2023-05-03,18995,18987.0,4800363081151,PROLIX (PREDNISONE) 20MG TAB,2024-06-30,9.0,pcs,0.0,72.0,6.9,9.9,,camille,8114377115327500610,SALE
2023-05-03,18996,18988.0,4806519380079,ANALMIN (MEFENAMIC ACID) 500MG CAP,<NA>,10.0,pcs,0.0,25.0,1.17,13.3,25.00,camille,14997779204188989304,SALE
2023-05-03,18997,18989.0,480778853619,ALAXAN FR (IBUPROFEN + PARACETAMOL) CAP,2025-04-29,4.0,pcs,0.0,34.0,7.94,2.22,34.00,camille,16469494778281728670,SALE
2023-05-03,18998,18990.0,4809015705421,TRAPADIX (PARACETAMOL+TRAMADOL) 325MG/37.5MG TAB,2023-12-01,6.0,pcs,0.2,34.27,3.56,12.91,44.27,camille,11860091725076313002,SALE
2023-05-03,18998,18990.0,4806520351105,FUSEDEX (FUROSEMIDE) 40MG TAB,<NA>,5.0,pcs,0.2,10.0,0.42,7.9,,camille,8479258599359203164,SALE
2023-05-03,18999,18991.0,4807788560438,NAFARIN A (PHENYLEPROPANOLAMINE HCI + CHLORPHENAMINE MALEATE + PARACETAMOL) TAB,2024-07-01,10.0,pcs,0.0,75.0,6.69,8.05,75.00,camille,3611130521586018411,SALE
2023-05-03,19000,18992.0,8996001600399,LE MINERALE 1.5ML,<NA>,1.0,pcs,0.0,30.0,17.6,12.4,30.00,camille,6161522306860380147,SALE
2023-05-03,19001,18993.0,4806035205429,REGIVASC (AMLODIPINE BESILATE) 10MG TAB,2024-01-03,10.0,pcs,0.0,25.0,0.39,21.1,102.50,jane,15604315755444852460,SALE
2023-05-03,19001,18993.0,86544771,ROSUSAPH-10 (ROSUVASTATIN) 10MG FC TAB,2025-03-01,10.0,pcs,0.0,77.5,3.1,46.5,,jane,15471173987716855566,SALE
2023-05-03,19002,18994.0,4987176035585,VICKS INHALER TWIN PACK 0.5MLX2,2024-12-13,1.0,pcs,0.0,160.5,158.44,2.06,160.50,jane,9027605725743237868,SALE
2023-05-03,19003,18995.0,4800136590026,FLAGYL ORALSUSP 60ML,2024-07-31,2.0,pcs,0.0,288.0,107.14,73.72,288.00,jane,438605149395930849,SALE
2023-05-03,19004,18996.0,8906070820499,RENO DIET-HP 32G,2024-02-01,1.0,pcs,0.05,64.6,61.0,3.6,64.60,jane,17666600132611796646,SALE
2023-05-03,19005,18997.0,4807788559593,NEOZEP FORTE (PHENYLEPHRINE HCL + PARACETAMOL) TAB,2025-07-29,5.0,pcs,0.0,28.75,5.19,2.8,28.75,jane,2597552329842906820,SALE
2023-05-03,19006,18998.0,4807788402202,GLUMET (METFORMIN HCI) 500MG TAB,2024-02-18,54.0,pcs,0.0,648.0,9.19,151.94,"1,098.00",jane,18069404501820458225,SALE
2023-05-03,19006,18998.0,4806504260614,APPEVIT (BUCLIZINE HCL+B-COMPLEX+IRON) CAP,2024-09-01,30.0,pcs,0.0,450.0,13.5,45.0,,jane,5510040250791705285,SALE
2023-05-03,19007,18999.0,4987072081808,KOOL FEVER BABY 2&#039;S,2024-11-30,1.0,pcs,0.0,53.0,46.68,6.32,175.00,jane,8935195564301254377,SALE
2023-05-03,19007,18999.0,4800011179049,DR. S WONG&#039;S SULFUR SOAP 80G,<NA>,1.0,pcs,0.0,37.0,33.42,3.58,,jane,16814299841278604984,SALE
2023-05-03,19007,18999.0,4807788561688,BIOGESIC (PARACETAMOL) 500MG TAB,2026-03-01,20.0,pcs,0.0,85.0,3.65,12.01,,jane,4696046735931912558,SALE
2023-05-03,19008,19000.0,8904179014702,NOVASARTAN (LOSARTAN K) 50MG FC TAB,2025-02-01,20.0,pcs,0.0,50.0,0.78,34.4,90.00,jane,13972851463400733280,SALE
2023-05-03,19008,19000.0,4806524772906,AMLOTHIX (AMLODIPINE) 5MG TAB,2026-08-01,20.0,pcs,0.0,40.0,0.35,33.0,,jane,14399113778044093220,SALE
2023-05-03,19009,19001.0,4800064610414,TRUST PILLS,2025-08-22,1.0,pcs,0.0,49.25,44.2,5.05,49.25,jane,8343995619486405157,SALE
2023-05-03,19010,19002.0,4800064630061,ALTHEA PILLS (CYPROTERONE ACETATE + ETHINYLESTRADIOL,2024-09-01,1.0,pcs,0.0,433.0,392.93,40.07,433.00,jane,10430529449417847346,SALE
2023-05-03,19011,19003.0,4806502850008,SYMDEX D TAB,2024-03-01,3.0,pcs,0.0,10.5,1.51,5.97,10.50,jane,16858903483198553851,SALE
2023-05-03,19012,19004.0,4806524141092,PHILSTAT (SIMVASTATIN) 20MG FILM COATED TAB,2023-06-01,30.0,pcs,0.0,105.0,0.7,84.0,240.00,jane,2355379905827746781,SALE
2023-05-03,19012,19004.0,4806524772906,AMLOTHIX (AMLODIPINE) 5MG TAB,2026-08-01,30.0,pcs,0.0,60.0,0.35,49.5,,jane,10315946642936733401,SALE
2023-05-03,19012,19004.0,8904179014702,NOVASARTAN (LOSARTAN K) 50MG FC TAB,2025-02-01,30.0,pcs,0.0,75.0,0.78,51.6,,jane,9566066386828041566,SALE
2023-05-03,19013,19005.0,4807788561688,BIOGESIC (PARACETAMOL) 500MG TAB,2026-03-01,20.0,pcs,0.0,85.0,3.65,12.01,85.00,jane,8108686917596670508,SALE
2023-05-03,19014,19006.0,480778853619,ALAXAN FR (IBUPROFEN + PARACETAMOL) CAP,2025-04-29,2.0,pcs,0.0,17.0,7.94,1.11,17.00,jane,15754748032840487895,SALE
2023-05-03,19015,19007.0,4800064610704,TRUST CONDOM STRAWBERRY,2027-03-31,2.0,pcs,0.0,58.0,22.1,13.8,58.00,jane,558345938373571572,SALE
2023-05-03,19016,19008.0,4807788522283,REVICON FORTE (MULTIVITAMINS + MINERALS + AMINO ACIDS) TAB,2023-10-26,10.0,pcs,0.0,53.0,4.47,8.27,73.00,jane,1417592983719895008,SALE
2023-05-03,19016,19008.0,8995227502234,LOLA REMEDIOS,2023-11-18,2.0,pcs,0.0,20.0,8.65,2.7,,jane,16533405092975733948,SALE
2023-05-03,19017,19009.0,4806035208246,SELCEE (ASCORBIC ACID) 500MG,2024-09-01,20.0,pcs,0.2,28.64,0.5,18.64,414.16,jane,11474188575935929888,SALE
2023-05-03,19017,19009.0,85441781,B-PLEX (VIT B1+B6+B12) CAP,2025-02-01,10.0,pcs,0.2,37.52,2.85,9.02,,jane,16126068154731906174,SALE
2023-05-03,19017,19009.0,4806037100029,IRBEQ 150 (IRBESARTAN) 150MG TAB,<NA>,30.0,pcs,0.2,264.0,4.45,130.5,,jane,10183601605312700746,SALE
2023-05-03,19017,19009.0,38119798,ATORSAPH-20 (ATORVASTATIN) 20MG FC TAB,<NA>,30.0,pcs,0.2,84.0,0.95,55.5,,jane,5333680357264806071,SALE
2023-05-03,19018,19010.0,4800064610414,TRUST PILLS,2025-08-22,1.0,pcs,0.0,49.25,44.2,5.05,49.25,jane,7939990680535705339,SALE
2023-05-03,19019,19011.0,8427030007571,GLUCERNA VANILLA 400G,2024-05-01,3.0,pcs,0.05,3392.93,1082.27,146.12,"3,756.93",jane,16285325569831462713,SALE
2023-05-03,19019,19011.0,4800488959878,NURSY BABY WIPES SCENTED 90,2025-03-18,4.0,pcs,0.0,364.0,84.11,27.56,,jane,10633778596737508014,SALE
2023-05-03,19020,19012.0,4800281329632,FLANAX FORTE 550MG TAB,<NA>,4.0,pcs,0.0,93.0,20.87,9.54,93.00,jane,9348159264267279871,SALE
2023-05-04,19021,19013.0,4800064630023,LADY PILLS,2025-09-01,1.0,pcs,0.0,48.5,40.33,8.17,194.50,jane,15072405304464860389,SALE
2023-05-04,19021,19013.0,4800135011591,MYRA E (VITAMIN E) 12+2 SULIT PACK,2024-03-02,1.0,pcs,0.0,146.0,133.54,12.46,,jane,7172344980453675898,SALE
2023-05-04,19022,19014.0,8996001600269,LE MINERALE 600ML,<NA>,1.0,pcs,0.0,15.0,9.2,5.8,15.00,jane,1011625470065042930,SALE
2023-05-04,19023,19015.0,4806517790238,CETADOL (PARACETAMOL + TRAMADOL HCL) 325MG/37.5MG FC TAB,2025-04-24,10.0,pcs,0.0,242.5,18.55,57.0,242.50,jane,6408256771904735649,SALE
2023-05-04,19024,19016.0,4806529710057,GETZAR (LOSARTAN POTASSIUM) 50MG TAB,2024-06-01,0.0,pcs,0.0,0.0,0.0,0.0,0.00,jane,9612956911870093756,SALE
2023-05-04,19024,19016.0,4806504850075,ZANIDIP (LERCANIDIPINE) 10MG TAB,2025-01-31,0.0,pcs,0.0,0.0,0.0,0.0,,jane,14216730801520192248,SALE
2023-05-04,19024,19016.0,4807788414021,PLOGREL (CLOPIDOGREL) 75MG TAB,2023-08-01,0.0,pcs,0.0,0.0,0.0,0.0,,jane,3753211155471684878,SALE
2023-05-04,19024,19016.0,4800153302169,CENTRUM SILVER ADV TAB 30,2024-01-01,0.0,pcs,0.0,0.0,0.0,0.0,,jane,8511045998732904318,SALE
2023-05-04,19024,19016.0,4806520890680,BEWELL-C ZINC PROTECT 10s,2024-11-30,0.0,pcs,0.0,0.0,0.0,0.0,,jane,16791540787689136547,SALE
2023-05-04,19025,19017.0,4807788414021,PLOGREL (CLOPIDOGREL) 75MG TAB,2023-08-01,3.0,pcs,0.2,108.0,37.36,-4.07,894.00,jane,8620497094007833307,SALE
2023-05-04,19025,19017.0,4806504850075,ZANIDIP (LERCANIDIPINE) 10MG TAB,2025-01-31,5.0,pcs,0.2,129.0,25.19,3.04,,jane,12184234532429754529,SALE
2023-05-04,19025,19017.0,4806529710057,GETZAR (LOSARTAN POTASSIUM) 50MG TAB,2024-06-01,20.0,pcs,0.2,192.0,10.0,-8.0,,jane,6514836032078304125,SALE
2023-05-04,19025,19017.0,4800153302169,CENTRUM SILVER ADV TAB 30,2024-03-22,1.0,pcs,0.0,390.0,330.75,59.25,,jane,101213692185235753,SALE
2023-05-04,19025,19017.0,4806520890680,BEWELL-C ZINC PROTECT 10s,2024-11-30,1.0,pcs,0.0,75.0,6.45,68.55,,jane,12895588336139476568,SALE
2023-05-04,19026,19018.0,4806512430016,PAU LINIMENT 30ML,2024-03-31,1.0,pcs,0.0,81.25,70.2,11.05,81.25,jane,14792075691756399837,SALE
2023-05-04,19027,19019.0,8904179014702,NOVASARTAN (LOSARTAN K) 50MG FC TAB,2025-02-01,100.0,pcs,0.0,250.0,0.78,172.0,336.50,jane,15088191333096735287,SALE
2023-05-04,19027,19019.0,4800253243836,NEUROBION (VITAMIN B1 + B6 + B12) TAB,2024-12-01,2.0,pcs,0.0,47.5,21.13,5.24,,jane,13407478438856772865,SALE
2023-05-04,19027,19019.0,4800304010219,CENTRUM SILVER ADV TAB 1s,2024-02-20,3.0,pcs,0.0,39.0,11.7,3.9,,jane,9632335055382093321,SALE
2023-05-04,19028,19020.0,4806502352588,FEMME FACIAL TISSUE UNSCENTED,<NA>,1.0,pcs,0.0,27.75,23.04,4.71,82.25,jane,9961271047708337075,SALE
2023-05-04,19028,19020.0,4806502350034,SANICARE COTTON BUDS 200 STEM,<NA>,1.0,pcs,0.0,19.5,16.18,3.32,,jane,14136861317006673078,SALE
2023-05-04,19028,19020.0,4809012413046,KATINKO TINS 10G,2024-10-30,1.0,pcs,0.0,35.0,29.24,5.76,,jane,2074064024145708847,SALE
2023-05-04,19029,19021.0,4806508830318,ASTEROL (PROPANOLOL HYDROCHLORIDE) 40MG TAB,<NA>,10.0,pcs,0.1,52.2,1.05,41.7,181.18,jane,3436408765484905607,SALE
2023-05-04,19029,19021.0,8944164010272,CARVIDA (CARVEDILOL) 6.25MG TAB,2024-06-01,5.0,pcs,0.1,41.4,3.0,26.4,,jane,14899624134704451749,SALE
2023-05-04,19029,19021.0,25213478,SAPHORMIN T500 (METFORMIN HCL) 500MG TAB,2024-04-01,10.0,pcs,0.1,10.08,0.37,6.43,,jane,7818850375681879036,SALE
2023-05-04,19029,19021.0,8002660031594,ISOPTIN (VERAPAMIL) 40MG TAB,2024-02-29,2.0,pcs,0.0,77.5,34.59,8.31,,jane,4367986626954961388,SALE
2023-05-04,19030,19022.0,4807788402646,SOLMUX (CARBOCISTEINE) 500MG CAP,2027-02-13,2.0,pcs,0.0,23.0,10.16,2.67,53.00,jane,4682283498199108092,SALE
2023-05-04,19030,19022.0,4807788559593,NEOZEP FORTE (PHENYLEPHRINE HCL + PARACETAMOL) TAB,2025-01-31,3.0,pcs,0.0,17.25,5.19,1.68,,jane,13791227941120487771,SALE
2023-05-04,19030,19022.0,4807788561688,BIOGESIC (PARACETAMOL) 500MG TAB,2026-03-01,3.0,pcs,0.0,12.75,3.65,1.8,,jane,7865102300299857547,SALE
2023-05-04,19031,19023.0,4800333162446,DUODART 500/400MCGCAP,<NA>,5.0,pcs,0.2,325.0,74.79,-48.94,"1,144.60",jane,838999446495818637,SALE
2023-05-04,19031,19023.0,4806521160584,TAMPLUS (TAMSULOSIN + FINASTERIDE) 400MCG/5MG CAP,2024-11-30,10.0,pcs,0.2,364.32,42.92,-64.85,,jane,12879880749108941813,SALE
2023-05-04,19031,19023.0,8904184004972,PERGLIM M-2 (GLIMEPERIDE METFORMIN HCl) 2MG/500MG TAB,2023-09-30,30.0,pcs,0.2,455.28,17.0,-54.72,,jane,12447830633033871972,SALE
2023-05-04,19032,19024.0,58289945,ATORSAPH-40 (ATORVASTATIN) 40MG FC TAB,2024-12-01,2.0,pcs,0.0,13.0,1.9,9.2,13.00,jane,11643321434039564717,SALE
2023-05-04,19033,19025.0,4807788580931,ALGINA (SODIUM ALGINATE) SUS,2024-04-29,1.0,pcs,0.0,27.0,25.74,1.26,27.00,jane,13092059133177014832,SALE
2023-05-04,19034,19026.0,4807788558466,HEMARATE FA (IRON + FOLIC ACID + VITAMIN B-COMPLEX) TAB,2024-03-07,5.0,pcs,0.0,119.7,20.59,16.75,119.70,jane,12965357774834957536,SALE
2023-05-04,19035,19027.0,8886451003812,ENSURE GOLD VANILLA 400G,2024-04-21,1.0,pcs,0.0,918.6,798.09,120.51,"1,235.65",jane,1946397954159786465,SALE
2023-05-04,19035,19027.0,4806502351901,SANICARE BATHROOM TISSUE 1&#039;S,<NA>,1.0,pcs,0.0,18.5,15.16,3.34,,jane,15772105000699286567,SALE
2023-05-04,19035,19027.0,4800135003244,MYRA CLASSIC WHITENING LOTION 50ML,2024-04-28,1.0,pcs,0.0,62.75,52.17,10.58,,jane,3254650555286856541,SALE
2023-05-04,19035,19027.0,4902430945554,SAFEGUARD PURE WHITE 60G,<NA>,1.0,pcs,0.0,19.8,17.13,2.67,,jane,15165460967093549275,SALE
2023-05-04,19035,19027.0,4806507832481,SILKA ORANGE PAPAYA SOAP 65G,2025-09-30,1.0,pcs,0.0,17.0,15.44,1.56,,jane,110575882667745282,SALE
2023-05-04,19035,19027.0,4800021003891,NIVEA MEN SILVER PROTECT ROLL-ON 50ML X2,<NA>,1.0,pcs,0.0,199.0,132.69,66.31,,jane,10798991327550045807,SALE
2023-05-04,19036,19028.0,4801962207997,SARIDON TRIPLE ACTION (PARACETAMOL PROPYPHENAZONE CAFFEINE) TAB,2025-03-31,0.0,pcs,0.0,0.0,0.0,0.0,0.00,camille,7984573609621241449,SALE
2023-05-04,19036,19028.0,4807788561688,BIOGESIC (PARACETAMOL) 500MG TAB,2026-03-01,0.0,pcs,0.0,0.0,0.0,0.0,,camille,2380421995690826442,SALE
2023-05-04,19036,19028.0,4806505141387,FORMET (METFORMIN) 500MG TAB,2024-10-01,0.0,pcs,0.0,0.0,0.0,0.0,,camille,5985492702630087888,SALE
2023-05-04,19037,19029.0,8996001600375,LE MINERALE 330ML,<NA>,0.0,pcs,0.0,0.0,0.0,0.0,0.00,camille,3386681414328056727,SALE
2023-05-04,19038,19030.0,92232709,VERTISAPH (BETAHISTINE DIHYDROCHLORIDE) 16MG TAB,2024-08-01,0.0,pcs,0.0,0.0,0.0,0.0,0.00,camille,11518847858383440709,SALE
2023-05-04,19039,19031.0,92232709,VERTISAPH (BETAHISTINE DIHYDROCHLORIDE) 16MG TAB,2024-08-01,9.0,pcs,0.0,65.25,2.85,39.6,65.25,jane,17672636660245956066,SALE
2023-05-04,19040,19032.0,4801962207997,SARIDON TRIPLE ACTION (PARACETAMOL PROPYPHENAZONE CAFFEINE) TAB,2025-03-31,1.0,pcs,0.0,5.75,4.74,1.01,76.75,jane,13622620617345909354,SALE
2023-05-04,19040,19032.0,4807788561688,BIOGESIC (PARACETAMOL) 500MG TAB,2026-05-22,10.0,pcs,0.0,42.5,3.65,6.01,,jane,12885692524679419229,SALE
2023-05-04,19040,19032.0,4806505141387,FORMET (METFORMIN) 500MG TAB,2024-10-01,10.0,pcs,0.0,17.5,0.75,10.0,,jane,18044473735829734437,SALE
2023-05-04,19040,19032.0,8996001600375,LE MINERALE 330ML,<NA>,1.0,pcs,0.0,11.0,6.33,4.67,,jane,17992711140504525691,SALE
2023-05-04,19041,19033.0,8850006321133,COLGATE AMINO POWDER 37G,2025-12-31,1.0,pcs,0.0,50.0,45.82,4.18,112.00,jane,17457441360253834718,SALE
2023-05-04,19041,19033.0,4808888431222,PALMOLIVE SILKY STRAIGHT OLIVE OIL & KERATIN (VIOLET) 90ML,<NA>,1.0,pcs,0.0,62.0,49.02,12.98,,jane,8140646776944930099,SALE
2023-05-04,19042,19034.0,1900010113,INHIBITA (OMEPRAZOLE) 40MG EC TAB,2024-04-01,11.0,pcs,0.0,99.0,3.6,59.4,99.00,jane,11779700295488819320,SALE
2023-05-04,19043,19035.0,4807788519948,ALLERKID 2.5MG DROPS 10ML,2024-02-01,1.0,pcs,0.0,165.0,149.11,15.89,389.00,jane,18332339769157188229,SALE
2023-05-04,19043,19035.0,4807788519900,NEOZEP SYRUP 60ML,2024-04-06,1.0,pcs,0.0,120.5,100.06,20.44,,jane,7732264284505787391,SALE
2023-05-04,19043,19035.0,4809014678030,PLEMEX KIDS 300MG/5ML 60ML,2025-04-30,1.0,pcs,0.0,103.5,89.96,13.54,,jane,3715495069880159642,SALE
2023-05-04,19044,19036.0,4800304010219,CENTRUM SILVER ADV TAB 1s,2024-02-20,1.0,pcs,0.0,13.0,11.7,1.3,13.00,jane,8982737204491707326,SALE
2023-05-04,19045,19037.0,4800067644843,APOLLO PETROLEUM JELLY 50G,<NA>,0.0,pcs,0.0,0.0,0.0,0.0,0.00,jane,6761598713469101497,SALE
2023-05-04,19046,19038.0,4987176092267,GILLETE RAZOR BLUE 2 FLEXI,<NA>,1.0,pcs,0.0,29.0,25.33,3.67,29.00,jane,8914861601593800585,SALE
2023-05-04,19047,19039.0,4800067642580,APOLLO PETROLEUM JELLY 100G,<NA>,1.0,pcs,0.0,126.0,96.23,29.77,126.00,jane,16015081796694877417,SALE
2023-05-04,19048,19040.0,4800318120027,AMOXIL (AMOXICILLIN) 500MG CAP,2024-06-30,0.0,pcs,0.0,0.0,0.0,0.0,0.00,jane,15892127500635977024,SALE
2023-05-04,19049,19041.0,4800318120027,AMOXIL (AMOXICILLIN) 500MG CAP,2024-06-30,11.0,pcs,0.0,170.5,14.62,9.68,170.50,jane,12280612344242132619,SALE
2023-05-04,19050,19042.0,4807788527639,ZENITH (AZITHROMYCIN) 500MG TAB,2024-08-01,0.0,pcs,0.0,0.0,0.0,0.0,0.00,jane,9450679806737375776,SALE
2023-05-04,19050,19042.0,4800350107024,MEPTIN (PROCATEROL HYDROCHLORIDE) 25MG TAB,<NA>,0.0,pcs,0.0,0.0,0.0,0.0,,jane,4558865329463455540,SALE
2023-05-04,19050,19042.0,4807788520838,ALNIX PLUS (CETIRIZINE+PHENYLEPHRINE) 5MG/10MG TAB,2024-01-03,0.0,pcs,0.0,0.0,0.0,0.0,,jane,2702629066208878741,SALE
2023-05-04,19050,19042.0,4807788558381,EXFLEM (ACETYLCYSTEINE) 600MG SACH,<NA>,0.0,pcs,0.0,0.0,0.0,0.0,,jane,16000903845908557263,SALE
2023-05-04,19050,19042.0,89808283,PILL CUTTER,<NA>,0.0,pcs,0.0,0.0,0.0,0.0,,jane,8386428191094414646,SALE
2023-05-04,19051,19043.0,4807788527639,ZENITH (AZITHROMYCIN) 500MG TAB,2024-08-01,4.0,pcs,0.0,601.0,136.54,54.85,"1,357.20",jane,9425849743289701970,SALE
2023-05-04,19051,19043.0,4800350107024,MEPTIN (PROCATEROL HYDROCHLORIDE) 25MG TAB,<NA>,14.0,pcs,0.0,203.0,12.81,23.66,,jane,12992020088005214960,SALE
2023-05-04,19051,19043.0,4807788520838,ALNIX PLUS (CETIRIZINE+PHENYLEPHRINE) 5MG/10MG TAB,2024-01-03,7.0,pcs,0.0,158.2,21.79,5.69,,jane,5184236796025973095,SALE
2023-05-04,19051,19043.0,4807788558381,EXFLEM (ACETYLCYSTEINE) 600MG SACH,<NA>,6.0,pcs,0.0,267.0,36.96,45.24,,jane,525515303841854865,SALE
2023-05-04,19051,19043.0,89808283,PILL CUTTER,<NA>,1.0,pcs,0.0,128.0,80.0,48.0,,jane,9032119008440548984,SALE
2023-05-04,19052,19044.0,4806527190189,ALLECUR (CETIRIZINE) 5MG/5MML 60ML SYR,2024-03-01,2.0,pcs,0.0,68.0,20.0,28.0,68.00,jane,508521372885279358,SALE
2023-05-04,19053,19045.0,4800067551165,MEDIPLAST BANTAM PLASTIC STRIPS,<NA>,2.0,pcs,0.0,4.0,0.94,2.12,4.00,jane,9196836023371440555,SALE
2023-05-04,19054,19046.0,4800067551165,MEDIPLAST BANTAM PLASTIC STRIPS,<NA>,3.0,pcs,0.0,6.0,0.94,3.18,6.00,jane,12908368237023851996,SALE
2023-05-04,19055,19047.0,8904179014702,NOVASARTAN (LOSARTAN K) 50MG FC TAB,2025-02-01,20.0,pcs,0.0,50.0,0.78,34.4,95.00,jane,4977502937754171805,SALE
2023-05-04,19055,19047.0,1900010113,INHIBITA (OMEPRAZOLE) 40MG EC TAB,2024-04-01,5.0,pcs,0.0,45.0,3.6,27.0,,jane,10060573434415813932,SALE
2023-05-04,19056,19048.0,8996001600269,LE MINERALE 600ML,<NA>,2.0,pcs,0.0,30.0,9.2,11.6,30.00,jane,16141899906058074225,SALE
2023-05-04,19057,19049.0,1000200053,GOUTSAPH (COLCHICINE) 500MCG TAB,2024-09-30,25.0,pcs,0.0,80.0,1.26,48.5,80.00,jane,17953799363226454483,SALE
2023-05-04,19058,19050.0,4801962113106,DIANE 35 (CYPROTERONE ACETATE + ETHINYLESTRADIOL) TAB,2024-08-31,1.0,pcs,0.0,682.0,30.31,651.69,773.80,jane,1825248349718903965,SALE
2023-05-04,19058,19050.0,4807788408853,ALNIX (CETIRIZINE) 10MG TAB,2025-03-27,3.0,pcs,0.0,91.8,27.52,9.24,,jane,5377748085731754665,SALE
2023-05-04,19059,19051.0,8906045886284,PANTO PLUS (PANTOPRAZOLE + DOMPERIDONE) 40MG/30MG TAB 30,2024-04-30,2.0,pcs,0.0,118.0,48.61,20.78,130.50,jane,15791123997920211070,SALE
2023-05-04,19059,19051.0,4806505141240,METO (METOCLOPRAMIDE) 10MG TAB,<NA>,5.0,pcs,0.0,12.5,0.8,8.5,,jane,808458178658947840,SALE
2023-05-04,19060,19052.0,4806504652587,ALANERV 920MG CAP,<NA>,10.0,pcs,0.0,892.5,81.0,82.5,908.50,jane,12901704664550103251,SALE
2023-05-04,19060,19052.0,4807788526762,BIOFLU (PENYLEPHINE + CHLORPHENAMINE + PARACETAMOL) TAB,2024-01-01,2.0,pcs,0.0,16.0,6.37,3.26,,jane,6753655299519964374,SALE
2023-05-04,19061,19053.0,4806032201004,POTEN CEE PLUS ZINC (ASCORBIC ACID + ZINC,2023-10-01,30.0,pcs,0.0,240.0,6.22,53.51,250.00,jane,5886832931843064915,SALE
2023-05-04,19061,19053.0,4806520351938,DRUGMAKER (MEBENDAZOLE) 500MG TAB,2023-11-01,1.0,pcs,0.0,10.0,3.0,7.0,,jane,4200776376817215740,SALE
2023-05-04,19062,19054.0,8904179014702,NOVASARTAN (LOSARTAN K) 50MG FC TAB,2025-02-01,20.0,pcs,0.0,50.0,0.78,34.4,50.00,jane,1019236705826846183,SALE
2023-05-04,19063,19055.0,4800306591013,DIAMICRON MR (GLICAZIDE) 60MG TAB,2024-10-31,10.0,pcs,0.2,230.0,26.55,-35.49,0.00,jane,18359202806866266010,SALE
2023-05-04,19063,19055.0,4800319015155,GALVUSMET (VILDAGLIPTIN + METFORMIN) 50/500MG TAB,2023-06-01,20.0,pcs,0.2,552.0,28.02,-8.31,,jane,10917467984453074116,SALE
2023-05-04,19063,19055.0,4806517790276,ITORVAZ 40 (ATORVASTATIN) 40MG FC TAB,2024-04-30,15.0,pcs,0.2,237.0,15.05,11.25,,jane,12234252429108731527,SALE
2023-05-04,19063,19055.0,4800314100122,NORGESIC FORTE (ORPHENADRINE CITRATE + PARACETAMOL) TAB,<NA>,10.0,pcs,0.2,274.96,33.48,-59.84,,jane,4040489838440650181,SALE
2023-05-04,19064,19056.0,8996001600269,LE MINERALE 600ML,<NA>,1.0,pcs,0.0,15.0,9.2,5.8,15.00,jane,11129477378639625890,SALE
2023-05-04,19065,19057.0,4800286242646,DUPHASTON(DYDROGESTERONE) 10MG TAB,2026-06-30,10.0,pcs,0.0,792.5,75.05,42.0,792.50,camille,1830781857672183639,SALE
2023-05-04,19066,19058.0,4809015142035,OHHIRAs PROPOLIS 600MG CAP,2024-10-02,47.0,pcs,0.05,3000.48,56.0,368.48,"3,000.48",camille,1782230982946212711,SALE
2023-05-04,19067,19059.0,4800488070283,CARESS ADULT DIAPER XL10,2025-07-07,1.0,pcs,0.05,298.06,285.05,13.01,298.06,camille,4524216791292594923,SALE
2023-05-04,19068,19060.0,4806502359914,FEMME INTERFOLDED PAPER TOWEL 1PLY,<NA>,2.0,pcs,0.0,110.0,45.75,18.5,110.00,camille,11780839146513704544,SALE
2023-05-04,19069,19061.0,4800153300677,ADVIL LIQUIGEL (IBUPROFEN) CAP,2024-10-31,2.0,pcs,0.0,17.2,7.67,1.86,17.20,camille,16374603878068603491,SALE
2023-05-04,19070,19062.0,4807788561688,BIOGESIC (PARACETAMOL) 500MG TAB,2026-03-01,10.0,pcs,0.0,42.5,3.65,6.01,141.50,camille,9884597927617448797,SALE
2023-05-04,19070,19062.0,4800350108878,POCARI SWEAT ION DRINK 900ML,<NA>,1.0,pcs,0.0,99.0,78.42,20.58,,camille,6604688638221449606,SALE
2023-05-04,19071,19063.0,4807788545121,MEDICOL ADVANCE 400MG (IBUPROFEN,2023-09-18,2.0,pcs,0.0,25.0,10.94,3.13,92.50,camille,6675498419379776994,SALE
2023-05-04,19071,19063.0,4800369000675,MUCOTUSS FORTE (PHENYLPROPANOLAMINE HCL + CHLORPHENIRAMINE MALEATE + PARACETAMOL + DEXTROMETHORPHAN,<NA>,10.0,pcs,0.0,67.5,5.98,7.7,,camille,16516077408430253562,SALE
2023-05-04,19072,19064.0,4807788541239,GLUMET XR 500MG (METFORMIN HCI) TAB,2024-12-16,2.0,pcs,0.0,25.0,11.35,2.31,25.00,camille,14998171891551724106,SALE
2023-05-04,19073,19065.0,4800304810062,BONAMINE (MECLYCINE HYDROCLHORIDE) CHEW (KIDS) 12.5MG TAB,2025-07-31,4.0,pcs,0.0,41.6,9.22,4.72,41.60,camille,11658985349403180800,SALE
2023-05-04,19074,19066.0,8996001600269,LE MINERALE 600ML,<NA>,1.0,pcs,0.0,15.0,9.2,5.8,15.00,camille,10852242041845925650,SALE
2023-05-04,19075,19067.0,4809010332769,KATIALIS S 5G,2023-11-01,1.0,pcs,0.0,23.0,18.87,4.13,74.25,camille,4434978995455003921,SALE
2023-05-04,19075,19067.0,87241044,SINUTAB (PARACETAMOL + PHENYLEPHRINE) COLD TAB,<NA>,5.0,pcs,0.0,51.25,8.46,8.95,,camille,6170734488469650175,SALE
2023-05-04,19076,19068.0,480778853619,ALAXAN FR (IBUPROFEN + PARACETAMOL) CAP,2025-04-29,10.0,pcs,0.0,85.0,7.94,5.56,85.00,camille,844320048183148877,SALE
2023-05-04,19077,19069.0,4800417005256,BENCH ATLANTIS 100ML BODY SPRAY,2023-08-01,1.0,pcs,0.0,128.0,109.25,18.75,198.00,camille,6822370452867629241,SALE
2023-05-04,19077,19069.0,4800888158994,AXE ROLL-ON DARK TEMPTATION 25ML,2024-06-30,1.0,pcs,0.0,70.0,58.3,11.7,,camille,6808393945775664612,SALE
2023-05-05,19078,19070.0,4806502351901,SANICARE BATHROOM TISSUE 1&#039;S,<NA>,1.0,pcs,0.0,18.5,15.16,3.34,18.50,camille,15081851218158742783,SALE
2023-05-05,19079,19071.0,4800428888817,BIGUERLAI (SENNA GLYCOSIDE) SLIMMING TEA,2025-07-31,10.0,pcs,0.0,77.5,5.0,27.5,77.50,camille,3692838042400560157,SALE
2023-05-05,19080,19072.0,4800153300677,ADVIL LIQUIGEL (IBUPROFEN) CAP,2024-10-31,6.0,pcs,0.0,51.6,7.67,5.58,221.10,camille,3635800999971180706,SALE
2023-05-05,19080,19072.0,8995201800479,TEMPRA 120MG SYRUP 60ML (ORANGE,2025-01-18,1.0,pcs,0.0,99.0,90.25,8.75,,camille,16808058625134980691,SALE
2023-05-05,19080,19072.0,8851198078522,STREPSILS LOZ EXTRA STRONG 8s,2025-04-01,1.0,pcs,0.0,70.5,60.8,9.7,,camille,16546882354732033384,SALE
2023-05-05,19081,19073.0,4809014678023,PLEMEX KIDS 300MG 120ML,<NA>,1.0,pcs,0.0,139.25,120.83,18.42,139.25,camille,773719113204729121,SALE
2023-05-05,19082,19074.0,4807788519184,BIOGESIC 120MG/5ML OR SYR 60ML,2024-05-10,1.0,pcs,0.0,93.0,77.44,15.56,152.00,camille,14859948292984918599,SALE
2023-05-05,19082,19074.0,6922748503015,BL CREAM 7G,2025-02-01,1.0,pcs,0.0,35.0,33.0,2.0,,camille,3752522139345484848,SALE
2023-05-05,19082,19074.0,4807788526762,BIOFLU (PENYLEPHINE + CHLORPHENAMINE + PARACETAMOL) TAB,2024-01-01,3.0,pcs,0.0,24.0,6.37,4.9,,camille,11243010054572943584,SALE
2023-05-05,19083,19075.0,8851198048525,STREPSILS COOL 8s,2025-02-09,1.0,pcs,0.0,70.5,62.07,8.43,70.50,camille,12234397505863637385,SALE
2023-05-05,19084,19076.0,4800153300677,ADVIL LIQUIGEL (IBUPROFEN) CAP,2024-10-31,10.0,pcs,0.0,86.0,7.67,9.3,213.50,camille,13289386187642584984,SALE
2023-05-05,19084,19076.0,4800253240668,EUTHYROX (LEVOTHYROXINE) 50MCG TAB,2024-02-29,10.0,pcs,0.0,92.5,8.54,7.07,,camille,6839747041318605958,SALE
2023-05-05,19084,19076.0,4809012413046,KATINKO TINS 10G,2024-10-30,1.0,pcs,0.0,35.0,29.24,5.76,,camille,5746722157519814565,SALE
2023-05-05,19085,19077.0,80844341,ANEROID SPHYGMO W/ STET (PROHEALTH,<NA>,1.0,pcs,0.0,900.0,430.0,470.0,900.00,camille,16111793027153611076,SALE
2023-05-05,19086,19078.0,78901964,AZISAPH (AZITHROMYCIN) 500MG TAB,2024-09-01,5.0,pcs,0.0,88.75,5.0,63.75,523.50,camille,13713274167458456818,SALE
2023-05-05,19086,19078.0,15147035,CYSAPHTEINE (ACETYLCYSTEINE) 600MG SACH,<NA>,5.0,pcs,0.0,105.0,10.5,52.5,,camille,13077841134141544430,SALE
2023-05-05,19086,19078.0,4800140001099,BACTIDOL ORAL 120ML,2025-01-31,1.0,pcs,0.0,204.25,169.64,34.61,,camille,7729384308507447265,SALE
2023-05-05,19086,19078.0,4806505341084,NASATHERA CAP,<NA>,10.0,pcs,0.0,55.0,4.52,9.8,,camille,7444693208476549565,SALE
2023-05-05,19086,19078.0,8851198048525,STREPSILS COOL 8s,2025-02-09,1.0,pcs,0.0,70.5,62.07,8.43,,camille,15536142040782684891,SALE
2023-05-05,19087,19079.0,4806502351901,SANICARE BATHROOM TISSUE 1&#039;S,<NA>,1.0,pcs,0.0,18.5,15.16,3.34,18.50,camille,8761551526434952605,SALE
2023-05-05,19088,19080.0,4806502352397,SANICARE CLEANSING WIPES - ALOE 15 SHEETS,2024-02-14,1.0,pcs,0.0,34.5,27.56,6.94,34.50,camille,15140205682001972877,SALE
2023-05-05,19089,19081.0,4806517790313,CARDIPRES (CARVEDILOL) 12.5MG FC TAB,2024-03-31,10.0,pcs,0.2,80.0,7.7,3.0,451.00,camille,7904788843258027570,SALE
2023-05-05,19089,19081.0,58289945,ATORSAPH-40 (ATORVASTATIN) 40MG FC TAB,2024-12-01,30.0,pcs,0.2,156.0,1.9,99.0,,camille,12929775919131388917,SALE
2023-05-05,19089,19081.0,4800153302220,CENTRUM(ADVANCE)TAB,2024-01-12,20.0,pcs,0.0,215.0,9.53,24.49,,camille,10856707636147459266,SALE
2023-05-05,19090,19082.0,8944164010272,CARVIDA (CARVEDILOL) 6.25MG TAB,2024-06-01,1.0,pcs,0.0,9.2,3.0,6.2,24.20,camille,2960402363741623555,SALE
2023-05-05,19090,19082.0,8996001600269,LE MINERALE 600ML,<NA>,1.0,pcs,0.0,15.0,9.2,5.8,,camille,17015413546600925178,SALE
2023-05-05,19091,19083.0,8944164010272,CARVIDA (CARVEDILOL) 6.25MG TAB,2024-06-01,19.0,pcs,0.0,174.8,3.0,117.8,174.80,camille,1073527246745108146,SALE
2023-05-05,19092,19084.0,8851198048525,STREPSILS COOL 8s,2025-02-09,1.0,pcs,0.0,70.5,62.07,8.43,70.50,camille,13825080430497347086,SALE
2023-05-05,19093,19085.0,4806506315435,LAMPEIN JUMBO PACK XL 48s,2025-08-01,1.0,pcs,0.0,398.0,361.0,37.0,796.00,camille,7130684971517625641,SALE
2023-05-05,19093,19085.0,4806506315428,LAMPEIN JUMBO PACK L 54S,2025-02-07,1.0,pcs,0.0,398.0,361.0,37.0,,camille,4341375257283830273,SALE
2023-05-05,19094,19086.0,86544771,ROSUSAPH-10 (ROSUVASTATIN) 10MG FC TAB,2025-03-01,30.0,pcs,0.0,232.5,3.1,139.5,307.50,camille,7973967383658267965,SALE
2023-05-05,19094,19086.0,8904179014702,NOVASARTAN (LOSARTAN K) 50MG FC TAB,2025-02-01,30.0,pcs,0.0,75.0,0.78,51.6,,camille,2270630718165751533,SALE
2023-05-05,19095,19087.0,4800234406465,FORXIGA (DAPAGLIFLOZIN) 10MG,2024-09-30,5.0,pcs,0.2,168.0,32.08,7.62,499.16,camille,12806684186944286987,SALE
2023-05-05,19095,19087.0,8904159620923,FEBUDAY-40 (FEBUXOSTAT) 40MG TAB,2024-10-31,5.0,pcs,0.2,63.4,11.09,7.93,,camille,8117696018277260129,SALE
2023-05-05,19095,19087.0,4806505140724,KARVIDOL (CARVEDILOL) 25MG TAB,2024-05-01,5.0,pcs,0.2,30.36,2.65,17.11,,camille,9037349739169850543,SALE
2023-05-05,19095,19087.0,8906041275778,SPIRODEN (SPIRONOLACTONE) 25MG TAB,2024-04-30,5.0,pcs,0.2,46.44,2.95,31.69,,camille,7534336105783702005,SALE
2023-05-05,19095,19087.0,4806523431033,GIRAN-8 (CANDESARTAN) 8MG TAB,2024-04-01,5.0,pcs,0.2,46.0,4.34,24.3,,camille,3001664731917068603,SALE
2023-05-05,19095,19087.0,1900010021,SAPHLOPID (CLOPIDOGREL) 75MG TAB,2025-07-01,5.0,pcs,0.2,23.2,1.11,17.63,,camille,6888323920516093081,SALE
2023-05-05,19095,19087.0,8904186000521,TRIMEBET (TRIMETAZIDINE) 35MG TAB,2024-08-01,10.0,pcs,0.2,68.0,3.34,34.6,,camille,3757336181108752039,SALE
2023-05-05,19095,19087.0,25213478,SAPHORMIN T500 (METFORMIN HCL) 500MG TAB,2024-04-01,10.0,pcs,0.2,8.96,0.37,5.31,,camille,8284590651389984916,SALE
2023-05-05,19095,19087.0,8944164010272,CARVIDA (CARVEDILOL) 6.25MG TAB,2024-06-01,5.0,pcs,0.2,36.8,3.0,21.8,,camille,16120488176413440492,SALE
2023-05-05,19095,19087.0,4806524772906,AMLOTHIX (AMLODIPINE) 5MG TAB,2026-08-01,5.0,pcs,0.2,8.0,0.35,6.25,,camille,5523008037630400806,SALE
2023-05-05,19096,19088.0,4807788561688,BIOGESIC (PARACETAMOL) 500MG TAB,2026-03-01,10.0,pcs,0.0,42.5,3.65,6.01,77.50,camille,1333105381016581934,SALE
2023-05-05,19097,19089.0,4800304010219,CENTRUM SILVER ADV TAB 1s,2024-02-20,1.0,pcs,0.0,13.0,11.7,1.3,13.00,camille,17482973167017718859,SALE
2023-05-05,19098,19090.0,1000200078,VERTEX (CINNARIZINE) 25MG TAB,2025-04-01,20.0,pcs,0.0,50.0,0.65,37.0,50.00,camille,10000141806483746575,SALE
2023-05-05,19099,19091.0,4807788562593,IMMUNPRO 500MG TAB,2024-09-01,10.0,pcs,0.0,87.5,7.44,13.06,386.25,camille,13013238769107216121,SALE
2023-05-05,19099,19091.0,4800304010219,CENTRUM SILVER ADV TAB 1s,2024-02-20,10.0,pcs,0.0,130.0,11.7,13.01,,camille,14204254730512070344,SALE
2023-05-05,19099,19091.0,4800888140869,SUNSILK SMOOTH & MANAGEABLE SHAMPOO 180ML,2024-05-17,1.0,pcs,0.0,117.0,93.7,23.3,,camille,8275224957614813982,SALE
2023-05-05,19099,19091.0,4902430803724,SAFEGUARD LEMON 130G,2024-09-30,1.0,pcs,0.0,51.75,43.11,8.64,,camille,10999810953018380917,SALE
2023-05-05,19100,19092.0,4806504653348,CORVELAM 800MG (SEVELAMER CARBONATE) TAB,2024-05-01,4.0,pcs,0.0,170.0,30.54,47.84,170.00,camille,3985350428452405858,SALE
2023-05-05,19101,19093.0,4800067122068,CLEENE CLIO TBRUSH ECONOMY,2032-02-20,1.0,pcs,0.0,15.0,11.25,3.75,15.00,camille,17164567637164550858,SALE
2023-05-05,19102,19094.0,4800489114368,ARCOXIA (ETORICOXIB) 120MG TAB,2025-03-24,8.0,pcs,0.0,654.0,74.72,56.28,654.00,camille,1544029276010212948,SALE
2023-05-05,19103,19095.0,4800067126905,CLEENE (ETHYL ALCOHOL) 70% SOLUTION 150ML,2025-09-01,1.0,pcs,0.0,35.0,29.03,5.98,35.00,camille,2850927096863565487,SALE
2023-05-05,19104,19096.0,480778853619,ALAXAN FR (IBUPROFEN + PARACETAMOL) CAP,2025-04-29,4.0,pcs,0.0,34.0,7.94,2.22,34.00,camille,221546074917416951,SALE
2023-05-05,19105,19097.0,4806523302289,LEUKOREX (MONTELUKAST SODIUM) 10MG FC TAB,2024-01-01,7.0,pcs,0.0,49.0,2.8,29.4,49.00,camille,7697401831939431341,SALE
2023-05-05,19106,19098.0,4800292103047,CATAPRES TAB (ETHYL ALC) 75MCG,2024-11-30,1.0,pcs,0.0,38.0,30.2,7.8,38.00,camille,10353511818041536391,SALE
2023-05-05,19107,19099.0,4807788562548,RM AMOXICILLIN 500MG CAP,<NA>,21.0,pcs,0.0,157.5,5.6,39.9,225.00,camille,7706708359297347443,SALE
2023-05-05,19107,19099.0,4806033304131,RM MEFENAMIC ACID 500MG TAB,2023-07-21,10.0,pcs,0.0,67.5,3.7,30.47,,camille,152044867858129376,SALE
2023-05-05,19108,19100.0,745110103516,ALCOSURE ISOPROPYL ALC 70% 3.7L,2024-02-01,2.0,pcs,0.0,770.0,250.0,270.0,770.00,camille,11812247458017019428,SALE
2023-05-05,19109,19101.0,8996001600269,LE MINERALE 600ML,<NA>,1.0,pcs,0.0,15.0,9.2,5.8,15.00,camille,761258126848743757,SALE
2023-05-05,19110,19102.0,4807788525574,OBIMIN PLUS (MULTIVITAMINS + MINERALS + DHA+ EPA) CAP,2023-10-30,12.0,pcs,0.0,231.0,17.3,23.44,231.00,camille,11261111886972665470,SALE
2023-05-05,19111,19103.0,4807788519344,FERLIN LIQ 120ML,<NA>,1.0,pcs,0.0,376.5,313.75,62.75,376.50,camille,9704040752349519703,SALE
2023-05-05,19112,19104.0,8996001600269,LE MINERALE 600ML,<NA>,1.0,pcs,0.0,15.0,9.2,5.8,15.00,camille,6504017555284365992,SALE
2023-05-05,19113,19105.0,4800067122068,CLEENE CLIO TBRUSH ECONOMY,2023-11-30,1.0,pcs,0.0,15.0,11.25,3.75,15.00,camille,4605882801342880214,SALE
2023-05-05,19114,19106.0,8904172926156,BIXOCOT (ETORICOXIB) 120MG FCT,2024-06-01,5.0,pcs,0.2,245.52,55.0,-29.48,245.52,camille,2464479940466506567,SALE
2023-05-05,19115,19107.0,4800046000738,VIVALYTE E-DRINK APPLE 250ML,2025-06-22,1.0,pcs,0.0,50.0,41.47,8.53,114.00,camille,8633481015891461526,SALE
2023-05-05,19115,19107.0,4806531820744,BACIFLORA PROBIOTIC DIETARY SUPP 5ML,2024-01-18,2.0,pcs,0.0,64.0,25.34,13.32,,camille,2379780488555676127,SALE
2023-05-05,19116,19108.0,4809013160369,MEMO PLUS GOLD CAP,<NA>,7.0,pcs,0.0,112.0,12.76,22.68,112.00,camille,16209987905373197244,SALE
2023-05-05,19117,19109.0,4801962207997,SARIDON TRIPLE ACTION (PARACETAMOL PROPYPHENAZONE CAFFEINE) TAB,2025-03-31,3.0,pcs,0.0,17.25,4.74,3.02,17.25,camille,14818477687594628234,SALE
2023-05-05,19118,19110.0,4809015142035,OHHIRAs PROPOLIS 600MG CAP,2024-10-02,6.0,pcs,0.0,403.2,56.0,67.2,403.20,camille,14605444940835285607,SALE
2023-05-05,19119,19111.0,8996001600375,LE MINERALE 330ML,<NA>,1.0,pcs,0.0,11.0,6.33,4.67,11.00,camille,15884660207341329574,SALE
2023-05-05,19120,19112.0,745110103516,ALCOSURE ISOPROPYL ALC 70% 3.7L,2024-02-01,2.0,pcs,0.0,770.0,250.0,270.0,770.00,camille,11270089847291940046,SALE
2023-05-05,19121,19113.0,4807788526762,BIOFLU (PENYLEPHINE + CHLORPHENAMINE + PARACETAMOL) TAB,2024-01-01,10.0,pcs,0.0,80.0,6.37,16.32,80.00,camille,11340357862364383457,SALE
2023-05-05,19122,19114.0,4807788416759,ALLERTA (LORATADINE) 10MG TAB,2024-04-24,5.0,pcs,0.0,126.1,21.02,21.02,323.60,camille,13056288255084204260,SALE
2023-05-05,19122,19114.0,4807788561688,BIOGESIC (PARACETAMOL) 500MG TAB,2026-03-01,10.0,pcs,0.0,42.5,3.65,6.01,,camille,4423206511758234142,SALE
2023-05-05,19122,19114.0,4807788526762,BIOFLU (PENYLEPHINE + CHLORPHENAMINE + PARACETAMOL) TAB,2024-01-01,10.0,pcs,0.0,80.0,6.37,16.32,,camille,7208697773867216096,SALE
2023-05-05,19122,19114.0,4807788560438,NAFARIN A (PHENYLEPROPANOLAMINE HCI + CHLORPHENAMINE MALEATE + PARACETAMOL) TAB,2024-07-01,10.0,pcs,0.0,75.0,6.69,8.05,,camille,10559106268182660872,SALE
2023-05-05,19123,19115.0,4807788417206,MEDICOL ADVANCE SOFTGEL (IBUPROFEN) CAP,2024-02-25,2.0,pcs,0.0,12.6,5.66,1.28,12.60,camille,3175630944499448761,SALE
2023-05-05,19124,19116.0,4806524781854,NEPHROMIN (KETOANALOGUES+ESSENTIAL AMINO ACIDS) TAB,2024-08-01,10.0,pcs,0.2,160.0,14.0,20.0,286.00,camille,2824106489327113911,SALE
2023-05-05,19124,19116.0,4806502351901,SANICARE BATHROOM TISSUE 1&#039;S,<NA>,3.0,pcs,0.0,55.5,15.16,10.02,,camille,14000101193240317198,SALE
2023-05-05,19125,19117.0,4987176009678,VICKS VAPORUB 25G,2025-08-31,1.0,pcs,0.0,106.0,96.35,9.65,106.00,camille,5301770261377628991,SALE
2023-05-05,19126,19118.0,4800253243850,DOLO NEUROBION(PARACETAMOL + VITAMIN B1+ VITAMIN B6 + VITAMIN B12) TAB,2024-12-24,10.0,pcs,0.0,259.5,24.78,11.7,259.50,camille,8921478069182564534,SALE
2023-05-05,19127,19119.0,4801010105206,JOHNSONS BLOSSOMS BABY POWDER 100G,<NA>,1.0,pcs,0.0,55.0,45.14,9.86,143.00,camille,14988632376277015071,SALE
2023-05-05,19127,19119.0,4808888413594,PALMOLIVE INTENSIVE MOISTURE 90ML,<NA>,1.0,pcs,0.0,62.0,50.01,11.99,,camille,12528646395160081865,SALE
2023-05-05,19127,19119.0,4801288820504,HAPPY ABSORBENT COTTON 40G,2025-11-30,1.0,pcs,0.0,26.0,17.56,8.44,,camille,10244508474029634778,SALE
2023-05-05,19128,19120.0,8935196509315-1,SALONPAS PLASTER 20s,2024-11-01,1.0,pcs,0.0,108.0,93.24,14.76,108.00,camille,10915208407581969741,SALE
2023-05-05,19129,19121.0,8996001600399,LE MINERALE 1.5ML,<NA>,1.0,pcs,0.0,30.0,17.6,12.4,30.00,camille,11211921282738508463,SALE
2023-05-05,19130,19122.0,4809014128672,KOJIESAN CLASSIC 3s 65G,2024-08-16,1.0,pcs,0.0,72.5,69.3,3.2,72.50,camille,11029304615465978968,SALE
2023-05-05,19131,19123.0,4806504260614,APPEVIT (BUCLIZINE HCL+B-COMPLEX+IRON) CAP,2024-09-01,10.0,pcs,0.2,107.12,13.5,-27.88,107.12,camille,13593476064900954913,SALE
2023-05-05,19132,19124.0,4809012413046,KATINKO TINS 10G,2024-10-30,1.0,pcs,0.0,35.0,29.24,5.76,35.00,camille,10726430392799925392,SALE
2023-05-05,19133,19125.0,4807788561688,BIOGESIC (PARACETAMOL) 500MG TAB,2026-03-01,2.0,pcs,0.0,8.5,3.65,1.2,8.50,camille,11378622345337934579,SALE
2023-05-05,19134,19126.0,4800136400042,BUSCOPAN TAB,<NA>,1.0,pcs,0.0,26.75,23.41,3.34,26.75,camille,4285025260928918963,SALE
2023-05-05,19135,19127.0,4800488958581,CHARMEE DRY NET NON WINGS 8&#039;S,2025-05-01,1.0,pcs,0.0,23.0,18.46,4.54,23.00,camille,5436470833702722340,SALE
2023-05-05,19136,19128.0,4800318570082,SCOTT&#039;S CHEWY VIT-C MIXED BERRIES 15s,2024-02-01,1.0,pcs,0.0,78.75,70.29,8.46,78.75,camille,12115422226281102024,SALE
2023-05-05,19137,19129.0,8850006320518,COLGATE AMINO POWDER 74G,2025-08-01,1.0,pcs,0.0,73.5,61.8,11.7,73.50,camille,1930106147026927645,SALE
2023-05-05,19138,19130.0,4806510690580,PEDZINC PLUS SYR 240ML,2024-04-06,1.0,pcs,0.0,243.0,211.18,31.82,553.25,camille,14603701361136800731,SALE
2023-05-05,19138,19130.0,4807788519177,BIOGESIC (PARACETAMOL) 250MG/5ML ORANGE 60ML,<NA>,1.0,pcs,0.0,134.0,121.74,12.26,,camille,9341955877941067668,SALE
2023-05-05,19138,19130.0,4807788523648,CEELIN PLUS SYR 120ML,2024-10-16,1.0,pcs,0.0,176.25,146.79,29.46,,camille,18144624880247408473,SALE
2023-05-06,19139,19131.0,4806517790450,NUVERT (BETAHISTINE HCL) 16MG FC TAB,2024-04-30,10.0,pcs,0.0,210.0,16.1,49.0,318.00,camille,8095184549572139095,SALE
2023-05-06,19139,19131.0,8935196509315-1,SALONPAS PLASTER 20s,2024-11-01,1.0,pcs,0.0,108.0,93.24,14.76,,camille,12530209711286727328,SALE
2023-05-06,19140,19132.0,40219530,PREGABASAPH-75 (PREGABALIN) 75MG CAP,2025-02-01,30.0,pcs,0.2,171.36,3.5,66.36,224.61,camille,5651345370066889358,SALE
2023-05-06,19140,19132.0,4809010332127,KATIALIS SOAP 90G,2025-02-28,1.0,pcs,0.0,53.25,48.14,5.11,,camille,5529775116158827703,SALE
2023-05-06,19141,19133.0,4807788048462,DIATABS (LOPERAMIDE) CAP,2027-01-03,2.0,pcs,0.0,16.5,7.15,2.19,16.50,camille,16144591805662897251,SALE
2023-05-06,19142,19134.0,4806524772913,AMLOTHIX (AMLODIPINE) 10MG TAB,2026-11-01,20.0,pcs,0.0,35.8,0.37,28.34,35.80,camille,4120340921323200742,SALE
2023-05-06,19143,19135.0,4806524772913,AMLOTHIX (AMLODIPINE) 10MG TAB,2026-11-01,10.0,pcs,0.0,17.9,0.37,14.17,17.90,camille,1974308167827121313,SALE
2023-05-06,19144,19136.0,4806503540007,HYGEEN COTTON BALLS 50s,<NA>,1.0,pcs,0.0,15.5,12.87,2.63,15.50,camille,5599080276632596435,SALE
2023-05-06,19145,19137.0,4800350108878,POCARI SWEAT ION DRINK 900ML,<NA>,1.0,pcs,0.0,99.0,78.42,20.58,99.00,camille,13661546503717500726,SALE
2023-05-06,19146,19138.0,8996001600269,LE MINERALE 600ML,<NA>,1.0,pcs,0.0,15.0,9.2,5.8,15.00,camille,9197440454522180751,SALE
2023-05-06,19147,19139.0,4807788526762,BIOFLU (PENYLEPHINE + CHLORPHENAMINE + PARACETAMOL) TAB,2024-01-01,10.0,pcs,0.0,80.0,6.37,16.32,121.25,camille,13074857547898555973,SALE
2023-05-06,19147,19139.0,4807788048462,DIATABS (LOPERAMIDE) CAP,2027-01-03,5.0,pcs,0.0,41.25,7.15,5.48,,camille,15304892097514524380,SALE
2023-05-06,19148,19140.0,4800140001082,BACTIDOL ORAL 60ML,2025-09-30,1.0,pcs,0.0,119.5,96.77,22.73,119.50,camille,432518528690510407,SALE
2023-05-06,19149,19141.0,4807788519559,TRIZOLE SYR 60ML,<NA>,1.0,pcs,0.0,310.75,258.12,52.63,317.05,camille,15123754578431366154,SALE
2023-05-06,19149,19141.0,90392780266,DROPPER,<NA>,1.0,pcs,0.0,6.3,3.0,3.3,,camille,5879829201193901224,SALE
2023-05-06,19150,19142.0,8996001600269,LE MINERALE 600ML,<NA>,1.0,pcs,0.0,15.0,9.2,5.8,15.00,camille,13738622254961759693,SALE
2023-05-06,19151,19143.0,4806504260614,APPEVIT (BUCLIZINE HCL+B-COMPLEX+IRON) CAP,2024-09-01,10.0,pcs,0.2,107.12,13.5,-27.88,107.12,camille,13564139973766342515,SALE
2023-05-06,19152,19144.0,8906011513497,SANIX (CEFIXIME) 200MG TAB,2025-08-01,14.0,pcs,0.2,140.0,4.5,77.0,240.00,camille,10337327890592882575,SALE
2023-05-06,19152,19144.0,29314057013407,VALDA PASTILLES MENTHOL ZIP POUCH 20G,2024-04-14,1.0,pcs,0.0,56.5,51.73,4.77,,camille,13993479268203638573,SALE
2023-05-06,19152,19144.0,4800488070702,NURSY BABY WIPES POWDER SCENT 30&#039;S,2025-06-01,1.0,pcs,0.0,43.5,36.21,7.29,,camille,6304712957524321781,SALE
2023-05-06,19153,19145.0,29314057013711,DEQUADIN LOZENGES (DEQUALINIUM CHLORIDE) ORANGE,2025-08-31,10.0,pcs,0.0,55.0,4.76,7.39,55.00,camille,12273475014945690325,SALE
2023-05-06,19154,19146.0,4800136400011,BUSCOPAN VENUS (HYOSCINE BUTYLBROMIDE) 10MG500MG TAB,2025-02-28,2.0,pcs,0.0,63.0,29.93,3.14,63.00,camille,10430699471067292660,SALE
2023-05-06,19155,19147.0,4807788519184,BIOGESIC 120MG/5ML OR SYR 60ML,2024-05-10,1.0,pcs,0.0,93.0,77.44,15.56,157.93,camille,12790022436304335888,SALE
2023-05-06,19155,19147.0,4807788561688,BIOGESIC (PARACETAMOL) 500MG TAB,2026-03-01,4.0,pcs,0.0,17.0,3.65,2.4,,camille,2576849290036249032,SALE
2023-05-06,19155,19147.0,78901964,AZISAPH (AZITHROMYCIN) 500MG TAB,2024-09-01,3.0,pcs,0.1,47.93,5.0,32.93,,camille,15351499632415948807,SALE
2023-05-06,19156,19148.0,4800253240644,EUTHYROX (LEVOTHYROXINE) 25MCG TAB,2025-03-31,6.0,pcs,0.0,40.5,6.6,0.92,248.75,camille,3448457779402683093,SALE
2023-05-06,19156,19148.0,8944164010272,CARVIDA (CARVEDILOL) 6.25MG TAB,2024-06-01,10.0,pcs,0.0,92.0,3.0,62.0,,camille,17153637763683071954,SALE
2023-05-06,19156,19148.0,8002660031594,ISOPTIN (VERAPAMIL) 40MG TAB,2024-02-29,3.0,pcs,0.0,116.25,34.59,12.47,,camille,16677157391855623782,SALE
2023-05-06,19157,19149.0,4800047820182,GREENCROSS 70% W/ MOIST 500ML,2025-05-01,1.0,pcs,0.0,98.75,76.55,22.2,98.75,camille,1902351410024346666,SALE
2023-05-06,19158,19150.0,4807788568090,TIKI-TIKI 120ML SYR,2024-03-16,1.0,pcs,0.0,125.0,113.81,11.19,125.00,camille,5054584841705867274,SALE
2023-05-06,19159,19151.0,4800234406465,FORXIGA (DAPAGLIFLOZIN) 10MG,2024-09-30,3.0,pcs,0.2,100.8,32.08,4.57,128.66,camille,11778368154564022662,SALE
2023-05-06,19159,19151.0,8906041275778,SPIRODEN (SPIRONOLACTONE) 25MG TAB,2024-04-30,3.0,pcs,0.2,27.86,2.95,19.01,,camille,17439154955220769102,SALE
2023-05-06,19160,19152.0,8904172922233,MONTI PLUS (MONTELUKAST + LEVOCITIRIZINE) 10/5MG TAB,2023-09-30,6.0,pcs,0.0,159.0,23.73,16.62,159.00,camille,3427432319462214449,SALE
2023-05-06,19161,19153.0,4800253240668,EUTHYROX (LEVOTHYROXINE) 50MCG TAB,2024-02-29,15.0,pcs,0.0,138.75,8.54,10.6,327.75,camille,2452795050808662240,SALE
2023-05-06,19161,19153.0,4800253240644,EUTHYROX (LEVOTHYROXINE) 25MCG TAB,2025-03-31,15.0,pcs,0.0,101.25,6.6,2.29,,camille,16670643302469169193,SALE
2023-05-06,19161,19153.0,8964001206033,CELCOXX (CELECOXIB) 200MG CAP,2024-07-01,1.0,pcs,0.0,31.25,28.64,2.61,,camille,15995239444009455116,SALE
2023-05-06,19162,19154.0,4807788048462,DIATABS (LOPERAMIDE) CAP,2027-01-03,2.0,pcs,0.0,16.5,7.15,2.19,16.50,camille,14112262038842801533,SALE
2023-05-06,19163,19155.0,37474317,SOUTH MOON FABRIC BANDAGES 5X4.5CM,<NA>,4.0,pcs,0.0,20.0,3.05,7.81,20.00,camille,12567300474967245347,SALE
2023-05-06,19164,19156.0,4800204022411,SENOKOT FORTE (CALCIUM SENNOSIDES) 17.54MG TAB,2025-03-31,10.0,pcs,0.0,220.0,19.54,24.6,865.75,camille,2260548524001265418,SALE
2023-05-06,19164,19156.0,8964001206293,MONTIGET (MONTELUKAST SODIUM) 10MG TAB,2025-04-30,14.0,pcs,0.0,514.5,3.21,469.5,,camille,3426178583699003823,SALE
2023-05-06,19164,19156.0,4806506749223,ORAHEX ALCOHOL FREE 120ML,<NA>,1.0,pcs,0.0,131.25,109.33,21.92,,camille,16720962403545232691,SALE
2023-05-06,19165,19157.0,8850360390028,STREPSILS LOZ DRY COUGH 6s,<NA>,1.0,pcs,0.0,75.0,67.93,7.07,75.00,camille,6591443147592952720,SALE
2023-05-06,19166,19158.0,4987176092267,GILLETE RAZOR BLUE 2 FLEXI,<NA>,1.0,pcs,0.0,29.0,25.33,3.67,29.00,camille,716285182389722696,SALE
2023-05-06,19167,19159.0,4806520890680,BEWELL-C ZINC PROTECT 10s,2024-11-30,1.0,pcs,0.0,75.0,6.45,68.55,75.00,camille,5370964935553287839,SALE
2023-05-06,19168,19160.0,8906043320209,BIOXAL (SALBUTAMOL) 2MG TAB,<NA>,10.0,pcs,0.0,15.0,0.18,13.23,15.00,camille,17351907218918802810,SALE
2023-05-06,19169,19161.0,4800067551011,MEDIPLAST BANTAM PLASTIC STRIPS 12s,2027-03-21,1.0,pcs,0.0,26.0,20.7,5.3,41.50,camille,15570941677555578427,SALE
2023-05-06,19169,19161.0,4806503540007,HYGEEN COTTON BALLS 50s,<NA>,1.0,pcs,0.0,15.5,12.87,2.63,,camille,5723938876518548078,SALE
2023-05-06,19170,19162.0,8995201800530,TEMPRA FORTE (ORANGE) 60ML,2024-01-03,1.0,pcs,0.0,150.0,130.56,19.44,551.25,camille,5395278721209972099,SALE
2023-05-06,19170,19162.0,4806511300273,HOVICOR (HYDROCORTISONE) CREAM 15G,2024-01-01,1.0,pcs,0.0,225.0,90.0,135.0,,camille,10312822721486953120,SALE
2023-05-06,19170,19162.0,4807788523648,CEELIN PLUS (ASCORBIC ACID + ZINC) 120ML SYR,2024-10-16,1.0,pcs,0.0,176.25,146.79,29.46,,camille,879264082176213538,SALE
2023-05-06,19171,19163.0,8996001600269,LE MINERALE 600ML,<NA>,1.0,pcs,0.0,15.0,9.2,5.8,15.00,camille,5046143264949704765,SALE
2023-05-06,19172,19164.0,71528104703,PROHEALTHCARE DISP. MASK,2027-06-24,1.0,pcs,0.0,120.0,56.0,64.0,120.00,camille,5283991050057248541,SALE
2023-05-06,19173,19165.0,4800067056004,BBFLO GENTLE BUDS PLASTIC 36TIP,2026-01-18,1.0,pcs,0.0,11.25,8.63,2.63,11.25,camille,17334498940443813497,SALE
2023-05-06,19174,19166.0,4807788526762,BIOFLU (PENYLEPHINE + CHLORPHENAMINE + PARACETAMOL) TAB,2024-01-01,10.0,pcs,0.0,80.0,6.37,16.32,80.00,camille,18021039906904910623,SALE
2023-05-06,19175,19167.0,4800304010219,CENTRUM SILVER ADV TAB 1s,2024-02-20,1.0,pcs,0.0,13.0,11.7,1.3,13.00,camille,14894922275777147722,SALE
2023-05-06,19176,19168.0,4806524772913,AMLOTHIX (AMLODIPINE) 10MG TAB,2026-11-01,10.0,pcs,0.0,17.9,0.37,14.17,17.90,camille,6096908723635570273,SALE
2023-05-06,19177,19169.0,29253999,CEFUSAPH (CEFUROXIME AXETIL) 500MG FC TAB,2024-10-01,14.0,pcs,0.0,392.0,7.5,287.0,392.00,camille,12193011555648844628,SALE
2023-05-06,19178,19170.0,8906041275778,SPIRODEN (SPIRONOLACTONE) 25MG TAB,2024-04-30,10.0,pcs,0.2,92.88,2.95,63.38,"2,446.59",camille,15579676100975845214,SALE
2023-05-06,19178,19170.0,4807788554734,FENOFLEX (FENOFIBRATE) 160MG,2025-03-17,10.0,pcs,0.2,328.0,36.57,-37.69,,camille,9101599742667071084,SALE
2023-05-06,19178,19170.0,4807788050236,DUAVENT P-NEB 500MCG (IPRATROPRIUM + SALBUTAMOL,2024-03-30,10.0,pcs,0.2,324.96,41.69,-91.92,,camille,5877308819576564355,SALE
2023-05-06,19178,19170.0,4807788561688,BIOGESIC (PARACETAMOL) 500MG TAB,2026-03-01,30.0,pcs,0.0,127.5,3.65,18.02,,camille,14224882283124163353,SALE
2023-05-06,19178,19170.0,4806516030052,TRAMAL (TRAMADOL) 50MG CAP,2024-06-30,10.0,pcs,0.0,512.5,41.48,97.7,,camille,13999464838528264595,SALE
2023-05-06,19178,19170.0,4800324090277,MYONAL (EPERISONE HYDROCHLORIDE) TAB,2025-08-31,30.0,pcs,0.0,810.0,23.73,98.1,,camille,16759904553882987962,SALE
2023-05-06,19178,19170.0,4800221736827,PEDIALYTE MILD 30 500ML (ORAL REHYDRATION SALTS) GRAPES,2024-05-01,1.0,pcs,0.0,139.75,114.68,25.07,,camille,9724861880449067932,SALE
2023-05-06,19178,19170.0,4800046000752,VIVALYTE E-DRINK ORANGE 250ML,2025-08-01,2.0,pcs,0.0,111.0,46.22,18.55,,camille,11454156047600029053,SALE
2023-05-06,19179,19171.0,4806534570240,CETRINOVA (CETIRIZINE) 10MG FC TAB,<NA>,10.0,pcs,0.0,30.0,0.36,26.4,30.00,camille,4378790802314162883,SALE
2023-05-06,19180,19172.0,4800324090277,MYONAL (EPERISONE HYDROCHLORIDE) TAB,2025-08-31,2.0,pcs,0.2,38.58,23.73,-8.88,529.62,camille,6677999107956282370,SALE
2023-05-06,19180,19172.0,8904172926156,BIXOCOT (ETORICOXIB) 120MG FCT,2024-06-01,10.0,pcs,0.2,491.04,55.0,-58.96,,camille,4959442170320659886,SALE
2023-05-06,19181,19173.0,4806528271337,ALCLAV NEO (CO-AMOXICLAV) 625MG TAB,2024-06-30,14.0,pcs,0.0,308.0,18.3,51.87,488.00,camille,9732826738423439636,SALE
2023-05-06,19181,19173.0,4800488070016,CARESS ADULT DIAPER M10+1,2025-05-12,1.0,pcs,0.0,180.0,163.55,16.45,,camille,8311509145804787940,SALE
2023-05-06,19182,19174.0,4800488100119,CHARMEE COTTONY HEAVY FLOW NIGHT 8s+1,<NA>,1.0,pcs,0.0,26.0,21.26,4.74,26.00,camille,16445905501339353508,SALE
2023-05-06,19183,19175.0,4902430720212,PAMPERS BABY BASIC M22,<NA>,1.0,pcs,0.0,213.25,185.4,27.85,339.75,camille,15544415082005870367,SALE
2023-05-06,19183,19175.0,4806502352380,SANICARE CLEANSING WIPES - ALOE 80 SHEETS,2024-07-27,1.0,pcs,0.0,108.0,89.25,18.75,,camille,5428504565098341442,SALE
2023-05-06,19183,19175.0,4806502351901,SANICARE BATHROOM TISSUE 1&#039;S,<NA>,1.0,pcs,0.0,18.5,15.16,3.34,,camille,10320445809834963883,SALE
2023-05-06,19184,19176.0,4807788519733,ASMALINÂ® 2MG 60ML (SALBUTAMOL) 2MG SYR 60ML,2024-07-31,1.0,pcs,0.0,134.0,121.61,12.39,730.75,camille,4030975968204886328,SALE
2023-05-06,19184,19176.0,4806532560199,NEOPRED 20MG/5ML 60ML SYRUP,2025-02-28,1.0,pcs,0.0,313.0,271.7,41.3,,camille,6813649720460027271,SALE
2023-05-06,19184,19176.0,4800348112757,NATRAVOX 457MG/5ML 35ML SUSP,2024-09-01,1.0,pcs,0.0,283.75,236.39,47.36,,camille,408583910129246596,SALE
2023-05-06,19185,19177.0,4806502352588,FEMME FACIAL TISSUE UNSCENTED,<NA>,1.0,pcs,0.0,27.75,23.04,4.71,27.75,camille,17336830576973456634,SALE
2023-05-06,19186,19178.0,4807788559593,NEOZEP FORTE (PHENYLEPHRINE HCL + PARACETAMOL) TAB,2025-08-29,2.0,pcs,0.0,11.5,5.19,1.12,11.50,camille,2936503657473932014,SALE
2023-05-06,19187,19179.0,4800153300677,ADVIL LIQUIGEL (IBUPROFEN) CAP,2024-10-31,20.0,pcs,0.0,172.0,7.67,18.6,828.50,camille,11224231015521408579,SALE
2023-05-06,19187,19179.0,4801002903568,GAVISCON (ALUMINUM HYDROXIDE + MAGNESIUM TRISILICATE) TABLET,<NA>,16.0,pcs,0.0,260.0,13.71,40.7,,camille,6291260534845989844,SALE
2023-05-06,19187,19179.0,4806501131016,PEDIAFORTAN AS 120ML (MULTIVITAMINS + BUCLIZINE HCL + LYSINE HCL) SYR,2026-01-31,1.0,pcs,0.0,371.5,266.78,104.72,,camille,507153920045021149,SALE
2023-05-06,19187,19179.0,4806524148800,PHILPARA (PARACETAMOL) 500MG TAB,2025-03-01,10.0,pcs,0.0,25.0,0.47,20.3,,camille,530493667201640713,SALE
2023-05-06,19188,19180.0,4800140001099,BACTIDOL ORAL120ML,2025-01-01,1.0,pcs,0.0,204.25,169.64,34.61,204.25,camille,16224394040950751984,SALE
2023-05-06,19189,19181.0,4800369001252,XIPRO (CIPROFLOXACIN) TAB 500MG,<NA>,14.0,pcs,0.0,556.5,31.54,115.01,556.50,camille,8460272261682202981,SALE
2023-05-06,19190,19182.0,4806524147131,EMICOX (CELECOXIB) 200MG,2023-08-01,10.0,pcs,0.0,55.0,1.47,40.26,105.00,camille,14248806431455616879,SALE
2023-05-06,19190,19182.0,4806524140835,DERPSON (PREDNISONE) 5MG TAB,<NA>,20.0,pcs,0.0,50.0,0.5,40.0,,camille,11465081507159202562,SALE
2023-05-06,19191,19183.0,4806506319730,LAMPEIN L 4S,2025-03-17,1.0,pcs,0.0,29.14,26.36,2.78,29.14,camille,12944765913342031043,SALE
2023-05-06,19192,19184.0,4806504260614,APPEVIT (BUCLIZINE HCL+B-COMPLEX+IRON) CAP,2024-09-01,5.0,pcs,0.2,60.0,13.5,-7.5,124.60,camille,10010671792446140234,SALE
2023-05-06,19192,19184.0,8906070820499,RENO DIET-HP 32G,2024-02-01,1.0,pcs,0.05,64.6,61.0,3.6,,camille,7796405044470547838,SALE
2023-05-06,19193,19185.0,4806521902467,TOPRADONE (PANTOPRAZOLE+DOMPERIDONE) 40MG/30MG CAP,<NA>,2.0,pcs,0.2,48.0,20.0,8.0,48.00,camille,14545363945390497582,SALE
2023-05-06,19194,19186.0,4809015142035,OHHIRAs PROPOLIS 600MG CAP,2024-10-02,15.0,pcs,0.0,1008.0,56.0,168.0,"1,008.00",camille,12500295312152969847,SALE
2023-05-07,19195,19187.0,8996001600269,LE MINERALE 600ML,<NA>,1.0,pcs,0.0,15.0,9.2,5.8,15.00,jane,11524462211503497745,SALE
2023-05-07,19196,19188.0,4806502351901,SANICARE BATHROOM TISSUE 1&#039;S,<NA>,1.0,pcs,0.0,18.5,15.16,3.34,18.50,jane,16369963107124068752,SALE
2023-05-07,19197,19189.0,4800488099758,CARESS UNDERPADS L8,2025-01-01,1.0,pcs,0.0,161.5,146.73,14.77,189.75,jane,17645464414235129257,SALE
2023-05-07,19197,19189.0,48038065,JOHNSONS BABY OIL ALOE VERA 25ML,2025-02-16,1.0,pcs,0.0,28.25,23.35,4.9,,jane,11319350594298577326,SALE
2023-05-07,19198,19190.0,4807788407375,DOLFENAL (MEFENAMIC ACID) 500MG,2027-01-20,1.0,pcs,0.0,31.0,29.34,1.66,31.00,jane,11819839361113597909,SALE
2023-05-07,19199,19191.0,4807788519696,SOLMUX FORTE 60ML SUSP,<NA>,1.0,pcs,0.0,135.0,123.06,11.94,135.00,jane,15894899514055490441,SALE
2023-05-07,19200,19192.0,8996001600375,LE MINERALE 330ML,<NA>,1.0,pcs,0.0,11.0,6.33,4.67,11.00,jane,7120621325948046592,SALE
2023-05-07,19201,19193.0,4800067122068,CLEENE CLIO TBRUSH ECONOMY,2032-02-20,1.0,pcs,0.0,15.0,11.25,3.75,15.00,jane,2530471109167214159,SALE
2023-05-07,19202,19194.0,4807788658975,DECOLGEN NO DROWSE,<NA>,5.0,pcs,0.0,37.5,6.38,5.6,37.50,jane,11597669219240679416,SALE
2023-05-07,19203,19195.0,4800488100058,CHARMEE UNSCENTED BREATHABLE PANTY LINER PINK 8&#039;S,<NA>,1.0,pcs,0.0,12.0,10.75,1.25,83.75,jane,16463207035618554130,SALE
2023-05-07,19203,19195.0,4806506318955,SISTERS DRY MAXI NO WINGS,2025-07-01,1.0,pcs,0.0,24.25,17.61,6.64,,jane,13658870508460736974,SALE
2023-05-07,19203,19195.0,4800253243836,NEUROBION (VITAMIN B1 + B6 + B12) TAB,2026-02-06,2.0,pcs,0.0,47.5,21.13,5.24,,jane,14824792731689530708,SALE
2023-05-07,19204,19196.0,10870188414,GLOMED LATEX GLOVES LARGE,<NA>,1.0,pcs,0.0,339.28,273.57,65.71,507.03,jane,1460367281893133115,SALE
2023-05-07,19204,19196.0,4800488958888,CARESS UNDERPADS XL8,2025-06-01,1.0,pcs,0.0,167.75,152.34,15.41,,jane,5550018988028082033,SALE
2023-05-07,19205,19197.0,4800488958116,NURSY BABY WIPES UNSCENTED 90&#039;S,2025-11-01,1.0,pcs,0.0,94.0,83.18,10.82,94.00,jane,4825146422015169400,SALE
2023-05-07,19206,19198.0,4800064630023,LADY PILLS,2025-09-01,1.0,pcs,0.0,48.5,40.33,8.17,98.50,jane,17288937735061016649,SALE
2023-05-07,19206,19198.0,4800135000311,MYRA E 400 CAP,2024-04-21,4.0,pcs,0.0,50.0,11.13,5.48,,jane,991713979883195761,SALE
2023-05-07,19207,19199.0,48031813,OFF OVERTIME SACHET 6ML,2025-12-20,1.0,pcs,0.0,9.5,7.55,1.95,9.50,jane,8197078532134839853,SALE
2023-05-07,19208,19200.0,8996001600375,LE MINERALE 330ML,<NA>,1.0,pcs,0.0,11.0,6.33,4.67,11.00,jane,12579137773023846891,SALE
2023-05-07,19209,19201.0,4800153302541,CLUSIVOL PLUS (MULTIVITAMINS + ZINC + COPPER) TAB,2024-04-01,30.0,pcs,0.0,217.5,6.13,33.75,729.75,jane,17519137588814004099,SALE
2023-05-07,19209,19201.0,4806528271337,ALCLAV NEO (CO-AMOXICLAV) 625MG TAB,2024-06-30,14.0,pcs,0.0,308.0,18.3,51.87,,jane,15119233138243712544,SALE
2023-05-07,19209,19201.0,4800140001099,BACTIDOL ORAL 120ML,2025-01-31,1.0,pcs,0.0,204.25,169.64,34.61,,jane,2043667605676437200,SALE
2023-05-07,19210,19202.0,4801288822003,HAPPY ABSORBENT COTTON 150G,<NA>,3.0,pcs,0.0,240.0,65.44,43.68,240.00,jane,3317210720615311977,SALE
2023-05-07,19211,19203.0,4800304010219,CENTRUM SILVER ADV TAB 1s,2024-02-20,1.0,pcs,0.0,13.0,11.7,1.3,13.00,jane,9117947117464236404,SALE
2023-05-07,19212,19204.0,31338332,WALKER WITH WHEELS,<NA>,1.0,pcs,0.0,2200.0,1300.0,900.0,"2,295.00",jane,4322935114142334387,SALE
2023-05-07,19212,19204.0,41720005175,PLASTIC URINAL,<NA>,1.0,pcs,0.0,95.0,45.0,50.0,,jane,5596574475047525850,SALE
2023-05-07,19213,19205.0,8995201800479,TEMPRA 120MG SYRUP 60ML (ORANGE,2025-01-18,1.0,pcs,0.0,99.0,90.25,8.75,99.00,jane,9480902145583655889,SALE
2023-05-07,19214,19206.0,4806501283159,WHITE FLOWER AC#5 1.5ML,2027-07-31,1.0,pcs,0.0,41.0,35.73,5.27,41.00,jane,3995731022228098852,SALE
2023-05-07,19215,19207.0,48038164,ESKINOL SPOT-LESS GLOW FC CALAMANSI 75ML,2024-12-23,1.0,pcs,0.0,50.0,38.31,11.69,57.00,jane,6270574864127300894,SALE
2023-05-07,19215,19207.0,4801288820153,HAPPY ABSORBENT COTTON 10G,2026-10-01,1.0,pcs,0.0,7.0,4.45,2.55,,jane,14843387248978556248,SALE
2023-05-07,19216,19208.0,4800304810062,BONAMINE (MECLYCINE HYDROCLHORIDE) CHEW (KIDS) 12.5MG TAB,2025-07-31,2.0,pcs,0.0,20.8,9.22,2.36,20.80,jane,3065963754986552662,SALE
2023-05-07,19217,19209.0,9314057002629,DIFFLAM LOZENGES (BENZYDAMINE HYDROCHLORIDE) 3MG,2024-11-30,0.0,pcs,0.0,0.0,0.0,0.0,0.00,jane,3537967666878440264,SALE
2023-05-07,19217,19209.0,4800153302398,STRESSTABS WIRON TAB,2024-01-11,0.0,pcs,0.0,0.0,0.0,0.0,,jane,8983901700047887300,SALE
2023-05-07,19218,19210.0,4800131592759,BIOGENIC (ISOPROPYL ALCOHOL) 70% 50ML SPRAY,2025-11-01,1.0,pcs,0.0,33.75,28.0,5.75,113.75,jane,15718423670181650707,SALE
2023-05-07,19218,19210.0,4801288822003,HAPPY ABSORBENT COTTON 150G,<NA>,1.0,pcs,0.0,80.0,65.44,14.56,,jane,18216031521225034380,SALE
2023-05-07,19219,19211.0,9314057002629,DIFFLAM LOZENGES (BENZYDAMINE HYDROCHLORIDE) 3MG,2024-11-30,8.0,pcs,0.0,280.0,26.74,66.07,313.75,jane,3258432345245568726,SALE
2023-05-07,19219,19211.0,4800153302398,STRESSTABS WIRON TAB,2024-01-11,3.0,pcs,0.0,33.75,9.85,4.2,,jane,1877359096325204205,SALE
2023-05-08,19220,19212.0,4806520351211,CLODIN (CLONIDINE) 150MG TAB,2023-10-01,7.0,pcs,0.2,52.64,3.75,26.39,457.76,camille,6382154465616990688,SALE
2023-05-08,19220,19212.0,8904179014702,NOVASARTAN (LOSARTAN K) 50MG FC TAB,2025-02-01,30.0,pcs,0.2,60.0,0.78,36.6,,camille,6355673140327754880,SALE
2023-05-08,19220,19212.0,8944164010272,CARVIDA (CARVEDILOL) 6.25MG TAB,2024-06-01,30.0,pcs,0.2,220.8,3.0,130.8,,camille,5313376385283018715,SALE
2023-05-08,19220,19212.0,4806520351105,FUSEDEX (FUROSEMIDE) 40MG TAB,<NA>,30.0,pcs,0.2,60.0,0.43,47.1,,camille,8572419746338665304,SALE
2023-05-08,19220,19212.0,4806529430337,FERLUM PLUS (FERROUS SULFATE + FOLIC ACID) 186MG/400MCG CAP,2024-07-01,30.0,pcs,0.2,64.32,0.55,47.82,,camille,8481757985127207624,SALE
2023-05-08,19221,19213.0,4800064630023,LADY PILLS (ETHINYL ESTRADIOL + LEVONORGESTEROL,2024-11-05,1.0,pcs,0.0,48.5,40.33,8.17,48.50,camille,16319120279137003526,SALE
2023-05-08,19222,19214.0,4806506318955,SISTERS DRY MAXI NO WINGS,2025-07-01,1.0,pcs,0.0,24.25,17.61,6.64,24.25,camille,12863353491749166784,SALE
2023-05-08,19223,19215.0,8885015220122,EYE MO RED EYE FORMULA (HYPROMELLOS) 7.5ML,2024-10-01,1.0,pcs,0.0,94.5,78.55,15.95,94.50,camille,7738997173944958456,SALE
2023-05-08,19224,19216.0,4800119131680,STYLEX STRONG HOLD (CLEAR) 125G,2025-06-30,1.0,pcs,0.0,33.5,26.17,7.34,85.50,camille,17235511423370870269,SALE
2023-05-08,19224,19216.0,4987176600776,VICKS VAPORUB 10G,2024-06-30,1.0,pcs,0.0,52.0,44.99,7.01,,camille,10953562737297463401,SALE
2023-05-08,19225,19217.0,4807788519580,CEELIN (ASCORBIC ACID) 100MG 60ML SYR,2025-02-02,1.0,pcs,0.0,75.6,63.0,12.6,75.60,camille,1521570198047976634,SALE
2023-05-08,19226,19218.0,4806534570240,CETRINOVA (CETIRIZINE) 10MG FC TAB,<NA>,2.0,pcs,0.0,6.0,0.36,5.28,6.00,camille,516929272128848394,SALE
2023-05-08,19227,19219.0,8851198028527,STREPSILS HONEY LEMON 8s,2026-01-19,1.0,pcs,0.0,70.5,62.24,8.26,70.50,camille,10976188196721951895,SALE
2023-05-08,19228,19220.0,4807788563095,DOXOFIX (DOXOFYLLINE) 400MG TAB,2024-04-01,10.0,pcs,0.2,158.96,20.23,-43.34,887.60,camille,12917823693757644582,SALE
2023-05-08,19228,19220.0,4806521160584,TAMPLUS (TAMSULOSIN + FINASTERIDE) 400MCG/5MG CAP,2024-11-30,20.0,pcs,0.2,728.64,42.92,-129.69,,camille,9697078980669956767,SALE
2023-05-08,19229,19221.0,4806502163931,SANICARE CLEANSING WIPES - LAVENDER 80 SHEETS,2024-06-24,4.0,pcs,0.0,432.0,89.25,75.0,491.75,camille,2233894543243811944,SALE
2023-05-08,19229,19221.0,4800488114772,CHARMEE PANTYLINER GO GIRL 20+2,2025-04-13,1.0,pcs,0.0,19.75,16.36,3.39,,camille,18387845085124827580,SALE
2023-05-08,19229,19221.0,4800011178745,DR. S WONG&#039;S SULFUR W/ ALOE VERA SOAP 80G,<NA>,1.0,pcs,0.0,40.0,36.31,3.69,,camille,7351314924662772869,SALE
2023-05-08,19230,19222.0,8806472023811,URSOMAX (URSODEOXYCHOLIC ACID) 300MG TAB,2024-11-22,20.0,pcs,0.2,992.8,63.0,-267.2,992.80,camille,1850350398680012946,SALE
2023-05-08,19231,19223.0,4806514620026,TAPDIN (METHIMAZOLE) 5MG TAB,2024-01-11,10.0,pcs,0.0,67.5,5.42,13.26,67.50,camille,15330929268052904939,SALE
2023-05-08,19232,19224.0,8996001600269,LE MINERALE 600ML,<NA>,1.0,pcs,0.0,15.0,9.2,5.8,15.00,camille,7098010402899226121,SALE
2023-05-08,19233,19225.0,4807788654045,SUMAPEN (PHENOXYMETHYL-PENICILLIN POTASSIUM) 500MG CAP,2023-06-01,3.0,pcs,0.0,55.59,16.85,5.05,360.71,camille,1311888082736630138,SALE
2023-05-08,19233,19225.0,4807788562593,IMMUNPRO 500MG TAB,2024-09-01,10.0,pcs,0.0,87.5,7.44,13.06,,camille,17948793746428083890,SALE
2023-05-08,19233,19225.0,4806502350072,SANICARE COTTON BALLS 150s,<NA>,1.0,pcs,0.0,43.25,34.81,8.44,,camille,5393824254369704304,SALE
2023-05-08,19233,19225.0,4806789440008,ESKINOL PIMPLE FIGHTING 135ML,<NA>,1.0,pcs,0.0,78.12,59.1,19.02,,camille,9488001931383367508,SALE
2023-05-08,19233,19225.0,8717644190494,DOVE WHITE BEAUTY BAR 100G,2025-02-28,1.0,pcs,0.0,61.0,48.57,12.43,,camille,2690422469939768635,SALE
2023-05-08,19233,19225.0,4902430495073,SAFEGUARD PURE WHITE 85G,2025-04-29,1.0,pcs,0.0,35.25,31.66,3.59,,camille,8012115267298924775,SALE
2023-05-08,19234,19226.0,0189061125300878,MEOXICLAV-D5 (CO-AMOXICLAV) 457MG/5ML SUSP,2024-06-01,1.0,pcs,0.0,257.0,135.0,122.0,257.00,camille,3149051635876880172,SALE
2023-05-08,19235,19227.0,4806520352621,CLODIN (CLONIDINE) 75MCG TAB,2025-04-30,0.0,pcs,0.0,0.0,0.0,0.0,0.00,camille,15361966124464523480,SALE
2023-05-08,19235,19227.0,4806524772906,AMLOTHIX (AMLODIPINE) 5MG TAB,2026-01-08,0.0,pcs,0.0,0.0,0.0,0.0,,camille,5598504203383845064,SALE
2023-05-08,19236,19228.0,4806520351211,CLODIN (CLONIDINE) 150MG TAB,2023-10-01,20.0,pcs,0.2,150.4,3.75,75.4,179.04,camille,5675922405537239271,SALE
2023-05-08,19236,19228.0,4806524772913,AMLOTHIX (AMLODIPINE) 10MG TAB,2026-11-01,20.0,pcs,0.2,28.64,0.37,21.18,,camille,13973107735079259370,SALE
2023-05-08,19237,19229.0,4806520351211,CLODIN (CLONIDINE) 150MG TAB,2023-10-01,3.0,pcs,0.2,22.56,3.75,11.31,22.56,camille,305246657438024265,SALE
2023-05-08,19238,19230.0,39572141,ADVAN PREGNANCY TEST,2024-03-01,1.0,pcs,0.0,40.0,9.6,30.4,40.00,camille,6134288505668713280,SALE
2023-05-08,19239,19231.0,4806504653164,RENAKULT CAP(PROBIOTIC,2024-03-01,30.0,pcs,0.05,769.5,24.0,49.5,769.50,camille,5892098937178224154,SALE
2023-05-08,19240,19232.0,4806505141387,FORMET (METFORMIN) 500MG TAB,2024-10-01,30.0,pcs,0.0,52.5,0.75,30.0,954.75,camille,17245617491551896053,SALE
2023-05-08,19240,19232.0,4800047820199,GREENCROSS 70% W/ MOIST 250ML,2025-06-01,1.0,pcs,0.0,51.75,43.21,8.54,,camille,1254994160436736984,SALE
2023-05-08,19240,19232.0,4806031903398,PHAREX VITAMIN (VITAMIN B1+B6+B12) 17+3 TAB NS,2023-10-31,2.0,pcs,0.0,144.5,65.64,13.23,,camille,10987941759056282581,SALE
2023-05-08,19240,19232.0,45817663,ROSUSAPH-20 (ROSUVASTATIN) 20MG FC TAB,2025-04-01,30.0,pcs,0.0,435.0,2.58,357.6,,camille,14407907755391323578,SALE
2023-05-08,19240,19232.0,4806533601525,SILDIAZ 10MG/G 1% 20G,<NA>,1.0,pcs,0.0,180.0,56.0,124.0,,camille,617921756197185994,SALE
2023-05-08,19240,19232.0,4806524142822,SURE-GUARD GAUZE BANDAGE ROLL 4X10,2027-09-01,1.0,pcs,0.0,50.0,12.5,37.5,,camille,17537492670020555462,SALE
2023-05-08,19240,19232.0,4806501283159,WHITE FLOWER AC5 1.5ML,2027-02-28,1.0,pcs,0.0,41.0,35.73,5.27,,camille,13328726891398803282,SALE
2023-05-08,19241,19233.0,4801288820504,HAPPY ABSORBENT COTTON 40G,2025-11-30,1.0,pcs,0.0,26.0,17.56,8.44,26.00,camille,14925393267514278596,SALE
2023-05-08,19242,19234.0,4800314100122,NORGESIC FORTE (ORPHENADRINE CITRATE + PARACETAMOL) TAB,2026-03-01,15.0,pcs,0.2,412.44,36.21,-130.71,412.44,camille,2657062385331615456,SALE
2023-05-08,19243,19235.0,4987176092267,GILLETE RAZOR BLUE 2 FLEXI,<NA>,1.0,pcs,0.0,29.0,25.33,3.67,29.00,camille,650327746130228296,SALE
2023-05-08,19244,19236.0,4807788417206,MEDICOL ADVANCE SOFTGEL (IBUPROFEN) CAP,2024-02-25,5.0,pcs,0.0,31.5,5.66,3.2,73.50,camille,18080904537082760230,SALE
2023-05-08,19244,19236.0,4806517790450,NUVERT (BETAHISTINE HCL) 16MG FC TAB,2024-04-30,2.0,pcs,0.0,42.0,16.1,9.8,,camille,13088638378799834058,SALE
2023-05-08,19245,19237.0,4800333162446,DUODART (DUTASTERIDE TAMSULOSIN HCL) 500/400MCGCAP,2024-05-01,10.0,pcs,0.2,728.0,74.79,-19.88,"1,591.28",camille,13302287578743473990,SALE
2023-05-08,19245,19237.0,4806521160584,TAMPLUS (TAMSULOSIN + FINASTERIDE) 400MCG/5MG CAP,2024-11-30,10.0,pcs,0.2,408.0,42.92,-21.17,,camille,4033264534129116286,SALE
2023-05-08,19245,19237.0,8904184004972,PERGLIM M-2 (GLIMEPERIDE METFORMIN HCl) 2MG/500MG TAB,2023-09-30,30.0,pcs,0.2,455.28,17.0,-54.72,,camille,9626375524773857778,SALE
2023-05-08,19246,19238.0,8996001600269,LE MINERALE 600ML,<NA>,1.0,pcs,0.0,15.0,9.2,5.8,15.00,camille,8538661012005612764,SALE
2023-05-08,19247,19239.0,4807788530691,ALNIX PLUS (CETIRIZINE+PHENYLEPHRINE) 5MG 60ML SYR,2024-05-29,1.0,pcs,0.0,311.5,292.4,19.1,366.00,camille,8020108513273971187,SALE
2023-05-08,19247,19239.0,4807788673015,TUSERAN PPA 5+1 CAP,<NA>,1.0,pcs,0.0,54.5,49.53,4.97,,camille,11459686502876848478,SALE
2023-05-08,19248,19240.0,4800136730019,ERCEFLORA (BASILLUS CLAUSII) ORAL SOLUTION 5ML,2024-03-31,28.0,pcs,0.0,1148.0,37.81,89.32,"2,197.50",camille,7115310973868084346,SALE
2023-05-08,19248,19240.0,4800348114423,KELTICAN (URIDINE + VIT. B12 + FOLIC ACID) CAP,2024-12-30,10.0,pcs,0.0,280.0,25.14,28.6,,camille,164666384785380356,SALE
2023-05-08,19248,19240.0,4806517790627,LUSTATIN 20 (ROSUVASTATIN CALCIUM) 20MG TAB,2024-04-30,10.0,pcs,0.0,227.5,17.5,52.5,,camille,14147478727700861736,SALE
2023-05-08,19248,19240.0,4806517790214,TMZ-MR (TRIMETAZIDINE HCL) 35MG TAB,2025-02-28,10.0,pcs,0.0,155.0,11.9,36.0,,camille,7294655184149526877,SALE
2023-05-08,19248,19240.0,4800046000752,VIVALYTE E-DRINK ORANGE 250ML,2025-08-01,6.0,pcs,0.0,333.0,46.22,55.66,,camille,17895554047163453592,SALE
2023-05-08,19248,19240.0,40382295926,POCARI SWEAT ION DRINK 500ML,<NA>,1.0,pcs,0.0,54.0,45.38,8.63,,camille,4303470053917273810,SALE
2023-05-08,19249,19241.0,4800333162491,AUGMENTIN 625MG TAB,2023-10-31,14.0,pcs,0.0,784.0,53.45,35.72,"1,002.75",camille,6565192785763596906,SALE
2023-05-08,19249,19241.0,4800308560857,ZYKAST (MONTELUKAST NA + LEVOCETIRIZINE HCL) TAB 10MG/5MG,2024-10-01,7.0,pcs,0.0,218.75,25.47,40.46,,camille,3562464558421718340,SALE
2023-05-08,19250,19242.0,8996001600269,LE MINERALE 600ML,<NA>,1.0,pcs,0.0,15.0,9.2,5.8,15.00,camille,16592876710998858298,SALE
2023-05-08,19251,19243.0,4806502351901,SANICARE BATHROOM TISSUE 1&#039;S,<NA>,1.0,pcs,0.0,18.5,15.16,3.34,18.50,camille,11287585619888249365,SALE
2023-05-08,19252,19244.0,8996001600399,LE MINERALE 1.5ML,<NA>,1.0,pcs,0.0,30.0,17.6,12.4,30.00,camille,17465198969448305858,SALE
2023-05-08,19253,19245.0,24830461,PROHEALTH NEBULIZER VMNB03,<NA>,1.0,pcs,0.2,1103.99,695.0,408.99,"3,223.99",camille,12326730171759521378,SALE
2023-05-08,19253,19245.0,60183859,PROHEALTHCARE AUTOMATIC BLOOD PRESSURE MONITOR VM600,<NA>,1.0,pcs,0.2,960.0,630.0,330.0,,camille,7000480983839146298,SALE
2023-05-08,19253,19245.0,28924852,CLOOK CARE (OXYGEN REGULATOR,<NA>,1.0,pcs,0.2,1160.0,750.0,410.0,,camille,15956614220997805987,SALE
2023-05-08,19254,19246.0,4800011179049,DR. S WONG&#039;S SULFUR SOAP 80G,<NA>,1.0,pcs,0.0,37.0,33.42,3.58,96.25,camille,9418998986912388868,SALE
2023-05-08,19254,19246.0,4800067453513,RHEA HYDROGEN PEROXIDE 10VOL 120ML,2025-08-31,1.0,pcs,0.0,31.0,24.47,6.53,,camille,15909796039168931428,SALE
2023-05-08,19254,19246.0,48038065,JOHNSONS BABY OIL ALOE VERA 25ML,2025-02-16,1.0,pcs,0.0,28.25,23.35,4.9,,camille,2760905656093177072,SALE
2023-05-08,19255,19247.0,4806502163849,SANICARE CLEANSING WIPES - ALOE 35+5 SH FREE,2024-02-15,1.0,pcs,0.0,65.0,53.81,11.19,80.00,camille,15350247049019785999,SALE
2023-05-08,19255,19247.0,4800067122068,CLEENE CLIO TBRUSH ECONOMY,2032-02-20,1.0,pcs,0.0,15.0,11.25,3.75,,camille,2729364120913606925,SALE
2023-05-08,19256,19248.0,4807788561688,BIOGESIC (PARACETAMOL) 500MG TAB,2026-03-01,10.0,pcs,0.0,42.5,3.65,6.01,42.50,camille,2966780385208058900,SALE
2023-05-08,19257,19249.0,58289945,ATORSAPH-40 (ATORVASTATIN) 40MG FC TAB,2024-12-01,0.0,pcs,0.0,0.0,0.0,0.0,0.00,camille,3000282385258183285,SALE
2023-05-08,19258,19250.0,58289945,ATORSAPH-40 (ATORVASTATIN) 40MG FC TAB,2024-12-01,0.0,pcs,0.0,0.0,0.0,0.0,0.00,camille,14934873151199613072,SALE
2023-05-08,19259,19251.0,38119798,ATORSAPH-20 (ATORVASTATIN) 20MG FC TAB,<NA>,10.0,pcs,0.0,35.0,0.95,25.5,35.00,camille,15954044386946324878,SALE
2023-05-08,19260,19252.0,4809010508898,MILCU DEO POWDER 40G,2026-03-01,1.0,pcs,0.0,54.75,80.05,-25.3,54.75,camille,5397486541361683238,SALE
2023-05-08,19261,19253.0,4806030400683,HYPACE TAB 10MG,<NA>,2.0,pcs,0.0,26.5,10.69,5.12,205.00,camille,1733153891174729719,SALE
2023-05-08,19261,19253.0,4806504652587,ALANERV 920MG CAP,<NA>,2.0,pcs,0.0,178.5,81.0,16.5,,camille,14614210055317865867,SALE
2023-05-08,19262,19254.0,92785007,WALKER W/O WHEELS,<NA>,1.0,pcs,0.0,1799.99,1000.0,799.99,"1,799.99",camille,6907110861895632471,SALE
2023-05-08,19263,19255.0,4800573055195,HIVENT PLUS (SALBUTAMOL+IPRATROPIUM BROMIDE) 2.5MG+500MCG/2.5ML AMP,2025-01-01,21.0,pcs,0.0,651.0,12.17,395.5,988.75,camille,15043106199335048424,SALE
2023-05-08,19263,19255.0,15147035,CYSAPHTEINE (ACETYLCYSTEINE) 600MG SACH,<NA>,7.0,pcs,0.0,147.0,10.5,73.5,,camille,11125909555812518430,SALE
2023-05-08,19263,19255.0,4806521160294,CO-ALTRIA (MONTELUKAST SODIUM + LEVOCITIRIZINE DEHYDROCHLORIDE) 10MG/5MG TAB,2025-06-30,7.0,pcs,0.0,190.75,24.45,19.6,,camille,18113340640163062382,SALE
2023-05-08,19264,19256.0,4800417005232,BENCH B20 BODY SPRAY 100ML,<NA>,1.0,pcs,0.0,121.0,109.25,11.75,156.00,camille,17048730947798034059,SALE
2023-05-08,19264,19256.0,4809012413046,KATINKO TINS 10G,2024-10-30,1.0,pcs,0.0,35.0,29.24,5.76,,camille,11295665243338329327,SALE
2023-05-08,19265,19257.0,8906070820499,RENO DIET-HP 32G,2024-02-01,1.0,pcs,0.2,54.4,61.0,-6.6,54.40,camille,17347771447098821325,SALE
2023-05-08,19266,19258.0,4807788561688,BIOGESIC (PARACETAMOL) 500MG TAB,2026-10-29,10.0,pcs,0.0,42.5,3.65,6.01,148.50,camille,4854114627761782948,SALE
2023-05-08,19266,19258.0,4800153953828,ROBITUSSIN L-GEL (GUAIFENESIN) 200MG CAP,2024-06-30,8.0,pcs,0.0,106.0,10.78,19.76,,camille,4775783533332277771,SALE
2023-05-08,19267,19259.0,4801981107971,WILKINS PURE 500ML,2033-01-01,1.0,pcs,0.0,18.0,8.37,9.63,18.00,camille,8577682751536872920,SALE
2023-05-08,19268,19260.0,4800301902364,MOXYLOR (AMOXICILLIN) 250MG/5ML 60ML SUSP,2037-01-01,3.0,pcs,0.0,124.5,21.75,59.25,124.50,camille,4412677317021747848,SALE
2023-05-08,19269,19261.0,4807788526762,BIOFLU (PENYLEPHINE + CHLORPHENAMINE + PARACETAMOL) TAB,2024-01-01,2.0,pcs,0.0,16.0,6.37,3.26,39.00,camille,4606286622072924510,SALE
2023-05-08,19269,19261.0,4807788402646,SOLMUX (CARBOCISTEINE) 500MG CAP,2027-02-13,2.0,pcs,0.0,23.0,10.16,2.67,,camille,15328879417151518978,SALE
2023-05-08,19270,19262.0,4806501130125,MEDIFORTAN-AS (MULTIVITAMINS + BUCLIZINE HCI ) CAP,2025-02-28,10.0,pcs,0.0,235.5,19.63,39.23,235.50,camille,6251270930734238067,SALE
2023-05-08,19271,19263.0,4800136620174,MAALOX PLUS SUSP 250ML,2024-09-01,1.0,pcs,0.2,420.54,515.41,-94.87,773.76,camille,2274849361691277792,SALE
2023-05-08,19271,19263.0,8994388193930,VOMETA (DOMPERIDONE) 5MG/5ML SUSPENSION 60ML,2024-05-31,1.0,pcs,0.2,244.29,279.0,-34.71,,camille,15307400386306692523,SALE
2023-05-08,19271,19263.0,4800046000738,VIVALYTE E-DRINK APPLE 250ML,2025-06-22,1.0,pcs,0.2,35.71,41.47,-5.76,,camille,15848592054047364359,SALE
2023-05-08,19271,19263.0,4800136730019,ERCEFLORA (BASILLUS CLAUSII) ORAL SOLUTION 5ML,2024-03-31,2.0,pcs,0.0,73.22,37.81,-2.4,,camille,17282052927573432819,SALE
2023-05-08,19272,19264.0,4800286242646,DUPHASTON(DYDROGESTERONE) 10MG TAB,2026-06-30,1.0,pcs,0.0,79.25,75.05,4.2,79.25,camille,2426130545343934500,SALE
2023-05-08,19273,19265.0,4800286242646,DUPHASTON(DYDROGESTERONE) 10MG TAB,2026-06-30,6.0,pcs,0.0,475.5,75.05,25.2,475.50,camille,8565734831133611843,SALE
2023-05-08,19274,19266.0,4806521160584,TAMPLUS (TAMSULOSIN + FINASTERIDE) 400MCG/5MG CAP,2024-11-01,5.0,pcs,0.2,204.0,42.92,-10.58,204.00,camille,11661352525031355585,SALE
2023-05-08,19275,19267.0,4800067642696,APOLLO SEBO DE MACHO 25G,2025-04-30,1.0,pcs,0.0,44.0,44.81,-0.81,59.00,camille,6306001814097283086,SALE
2023-05-08,19275,19267.0,8996001600269,LE MINERALE 600ML,<NA>,1.0,pcs,0.0,15.0,9.2,5.8,,camille,4131210683763084307,SALE
2023-05-08,19276,19268.0,4806502352397,SANICARE CLEANSING WIPES - ALOE 15 SHEETS,2024-02-14,1.0,pcs,0.0,34.5,27.56,6.94,34.50,camille,10879550592368304459,SALE
2023-05-08,19277,19269.0,4806525173566,UNICIL (SULTAMICILLIN TOSILATE) 750MG FC TAB,2024-02-01,4.0,pcs,0.1,160.7,23.5,66.7,515.70,camille,7947800476759742049,SALE
2023-05-08,19277,19269.0,4806534770008,DANZEDIN 80000 EC TAB,<NA>,7.0,pcs,0.0,245.0,27.27,54.11,,camille,7459285148188988908,SALE
2023-05-08,19277,19269.0,8904172926149,BIXOCOT (ETORICOXIB) 90MG,<NA>,2.0,pcs,0.0,110.0,44.0,22.0,,camille,3790426955261624286,SALE
2023-05-08,19278,19270.0,4800067702321,BBFLO GENTLE BUDS WHITE 200s TIPS+36 TIPS,<NA>,1.0,pcs,0.0,32.0,26.78,5.23,71.25,camille,11838771547274988219,SALE
2023-05-08,19278,19270.0,8850007371403,MODESS REGULAR W/WINGS 8s,2024-06-01,1.0,pcs,0.0,39.25,35.36,3.89,,camille,10316969312573926317,SALE
2023-05-08,19279,19271.0,4806516030052,TRAMAL (TRAMADOL) 50MG CAP,2024-06-30,10.0,pcs,0.2,410.0,41.48,-4.8,410.00,camille,1671835448923577365,SALE
2023-05-08,19280,19272.0,745110103516,ALCOSURE ISOPROPYL ALC 70% 3.7L,2024-02-01,1.0,pcs,0.0,385.0,250.0,135.0,385.00,camille,10993697804464786377,SALE
2023-05-08,19281,19273.0,69853920,ASCORSAPH ZEE(ASCORBIC ACID+ZN)500MG/10MG CAP,2023-09-01,100.0,pcs,0.0,200.0,0.84,115.76,200.00,camille,4364075733613173841,SALE
2023-05-08,19282,19274.0,4806503540007,HYGEEN COTTON BALLS 50s,<NA>,2.0,pcs,0.0,31.0,12.87,5.25,81.00,camille,13043530377260434919,SALE
2023-05-08,19282,19274.0,8850006321133,COLGATE AMINO POWDER 37G,2025-12-31,1.0,pcs,0.0,50.0,45.82,4.18,,camille,15148470638965809617,SALE
2023-05-08,19283,19275.0,77965633,HOSPITAL BED 2-CRANKS MANUAL,<NA>,1.0,pcs,0.2,13928.51,9856.0,4072.51,"13,928.51",camille,4131075084071317975,SALE
2023-05-08,19284,19276.0,58289945,ATORSAPH-40 (ATORVASTATIN) 40MG FC TAB,2024-12-01,20.0,pcs,0.0,130.0,1.9,92.0,130.00,jane,3167156615851238376,SALE
2023-05-08,19285,19277.0,4806504260614,APPEVIT (BUCLIZINE HCL+B-COMPLEX+IRON) CAP,2024-09-01,30.0,pcs,0.2,360.0,13.5,-45.0,360.00,jane,9341770387869143283,SALE
2023-05-08,19286,19278.0,8902269016674,ALCLAV (CO-AMOXICLAV) 625MG TAB,2023-06-01,7.0,pcs,0.0,154.0,7.84,99.12,361.00,jane,16616280672749203983,SALE
2023-05-08,19286,19278.0,4807788050236,DUAVENT P-NEB 500MCG (IPRATROPRIUM + SALBUTAMOL,2024-03-30,2.0,pcs,0.0,91.0,41.69,7.62,,jane,3237669417240365550,SALE
2023-05-08,19286,19278.0,8906044713802,BUDEXA (BUDESONIDE) 250MCG/ML RESP,2024-02-01,2.0,pcs,0.0,116.0,25.0,66.0,,jane,4346722391855495881,SALE
2023-05-08,19287,19279.0,4987176600769,VICKS VAPORUB 5G,2024-09-30,1.0,pcs,0.0,31.0,28.62,2.38,46.00,jane,15401242863125305512,SALE
2023-05-08,19288,19280.0,4800136111047,LACTACYD BABY BATH 60ML,2024-07-13,1.0,pcs,0.0,87.0,78.58,8.43,161.50,jane,2632369097522067645,SALE
2023-05-08,19288,19280.0,4806506318856,SISTERS NIGHT PLUS 8&#039;S W/ WINGS,2025-09-01,1.0,pcs,0.0,31.0,22.07,8.93,,jane,11819009170248084957,SALE
2023-05-08,19288,19280.0,4800488070702,NURSY BABY WIPES POWDER SCENT 30&#039;S,2025-06-01,1.0,pcs,0.0,43.5,36.21,7.29,,jane,17540025747056029605,SALE
2023-05-08,19289,19281.0,4800204031512,PROPAN W/. IRON (BUCLIZINE HCL + MULTIVITAMINS + MINERALS) CAP,2025-07-31,5.0,pcs,0.0,132.5,23.99,12.55,132.50,jane,397814884753789572,SALE
2023-05-08,19290,19282.0,4800047820250,GREENCROSS 70% W/ MOIST 60ML,2025-09-30,1.0,pcs,0.0,22.5,16.72,5.78,22.50,jane,1270145610554916003,SALE
2023-05-08,19291,19283.0,4800308560857,ZYKAST (MONTELUKAST NA + LEVOCETIRIZINE HCL) TAB 10MG/5MG,2024-10-01,2.0,pcs,0.0,62.5,25.47,11.56,62.50,jane,3511182821680893645,SALE
2023-05-08,19292,19284.0,4806032201004,POTEN CEE PLUS ZINC (ASCORBIC ACID + ZINC,2023-10-01,30.0,pcs,0.0,240.0,6.22,53.51,240.00,jane,9434209248399648651,SALE
2023-05-08,19293,19285.0,4806502351901,SANICARE BATHROOM TISSUE 1&#039;S,<NA>,1.0,pcs,0.0,18.5,15.16,3.34,18.50,jane,15149937233215789903,SALE
2023-05-08,19294,19286.0,4800253243850,DOLO NEUROBION(PARACETAMOL + VITAMIN B1+ VITAMIN B6 + VITAMIN B12) TAB,2024-12-24,2.0,pcs,0.0,51.9,24.78,2.34,156.90,jane,3640522931757258447,SALE
2023-05-08,19294,19286.0,4806503650263,SLEEPWELL (MELATONIN) 3MG CAP,2024-09-01,2.0,pcs,0.0,36.5,16.07,4.36,,jane,13205112412317544960,SALE
2023-05-08,19294,19286.0,4800488959328,NURSY BABY WIPES SCENTED 66&#039;S,2025-03-18,1.0,pcs,0.0,68.5,59.35,9.15,,jane,16140663593286530152,SALE
2023-05-08,19295,19287.0,4987176009678,VICKS VAPORUB 25G,2025-08-31,1.0,pcs,0.0,106.0,96.35,9.65,106.00,jane,3281096673948454033,SALE
2023-05-08,19296,19288.0,4800204044727,POTEN CEE NON-ACIDIC (SODIUM ASCORBATE) 562.50MG CAP,<NA>,10.0,pcs,0.0,62.5,5.45,7.96,62.50,jane,15836954955523148715,SALE
2023-05-08,19297,19289.0,4809013160369,MEMO PLUS GOLD CAP,<NA>,7.0,pcs,0.0,112.0,12.76,22.68,112.00,jane,6172087094552413373,SALE
2023-05-08,19298,19290.0,4800488070276,CHARMEE COTTONY SULIT PACK 20s,2026-01-03,1.0,pcs,0.0,50.0,40.59,9.41,50.00,jane,9119732763086776820,SALE
2023-05-09,19299,19291.0,72355794,MUPISAPH (MUPIROCIN) 20MG/G 5G OINMENT,2025-04-01,1.0,pcs,0.0,162.5,48.0,114.5,162.50,jane,2307929685575202010,SALE
2023-05-09,19300,19292.0,4800119131680,STYLEX STRONG HOLD (CLEAR) 125G,2025-06-30,1.0,pcs,0.0,33.5,26.17,7.34,33.50,jane,17434345367572742763,SALE
2023-05-09,19301,19293.0,4801010105107,JOHNSONS BLOSSOMS BABY POWDER 50G,2025-09-01,1.0,pcs,0.0,23.25,25.42,-2.17,60.25,jane,10331240027446941948,SALE
2023-05-09,19301,19293.0,4800488100058,CHARMEE UNSCENTED BREATHABLE PANTY LINER PINK 8&#039;S,<NA>,1.0,pcs,0.0,12.0,10.75,1.25,,jane,13442225805648426598,SALE
2023-05-09,19301,19293.0,4800135000311,MYRA E 400 CAP,2024-02-03,2.0,pcs,0.0,25.0,11.13,2.74,,jane,10477280137252020901,SALE
2023-05-09,19302,19294.0,4800488958970,EQ DRY L 32+2,<NA>,1.0,pcs,0.0,314.0,287.12,26.88,314.00,jane,17341910703770201565,SALE
2023-05-09,19303,19295.0,4800046000752,VIVALYTE E-DRINK ORANGE 250ML,2025-08-01,1.0,pcs,0.0,55.5,46.22,9.28,79.25,jane,7526808588437894294,SALE
2023-05-09,19303,19295.0,4800253243836,NEUROBION (VITAMIN B1 + B6 + B12) TAB,2024-12-01,1.0,pcs,0.0,23.75,21.13,2.62,,jane,17288521540726363493,SALE
2023-05-09,19304,19296.0,4806501283159,WHITE FLOWER AC#5 1.5ML,2027-07-31,1.0,pcs,0.0,41.0,35.73,5.27,41.00,jane,7057280755726525033,SALE
2023-05-09,19305,19297.0,4807788673015,TUSERAN PPA 5+1 CAP,<NA>,1.0,pcs,0.0,54.5,49.53,4.97,54.50,jane,16506268381714760045,SALE
2023-05-09,19306,19298.0,8851198078522,STREPSILS LOZ EXTRA STRONG 8s,2025-04-01,1.0,pcs,0.0,70.5,60.8,9.7,70.50,jane,8882858283624714056,SALE
2023-05-09,19307,19299.0,8904179014702,NOVASARTAN (LOSARTAN K) 50MG FC TAB,2025-02-01,15.0,pcs,0.2,30.0,0.78,18.3,342.40,jane,6463910212888350026,SALE
2023-05-09,19307,19299.0,69853920,ASCORSAPH ZEE(ASCORBIC ACID+ZN)500MG/10MG CAP,2023-09-01,20.0,pcs,0.2,32.0,0.84,15.15,,jane,6174540083353908001,SALE
2023-05-09,19307,19299.0,61229488,CALCIFESAPH ( CALCIUM+VITAMIN D3) TAB,2024-04-01,12.0,pcs,0.2,38.4,1.45,21.0,,jane,3497951609852481251,SALE
2023-05-09,19307,19299.0,4806534570660,FOLINOVA (FOLIC ACID) 5MG TAB,<NA>,8.0,pcs,0.2,16.0,0.95,8.4,,jane,6267836062164183735,SALE
2023-05-09,19307,19299.0,4806524140835,DERPSON (PREDNISONE) 5MG TAB,<NA>,20.0,pcs,0.2,40.0,0.5,30.0,,jane,14624496344463604621,SALE
2023-05-09,19307,19299.0,10000200185,APTRADOL (TRAMADOL HYDROCHLORIDE) 50MG CAP,2024-07-31,7.0,pcs,0.2,56.0,2.55,38.15,,jane,4903770185226259190,SALE
2023-05-09,19307,19299.0,72355794,MUPISAPH (MUPIROCIN) 20MG/G 5G OINMENT,2025-04-01,1.0,pcs,0.2,130.0,48.0,82.0,,jane,12028336214867441956,SALE
2023-05-09,19308,19300.0,80475628042,ELASTIC BANDAGE 3x5,2025-02-01,1.0,pcs,0.0,29.0,18.0,11.0,29.00,jane,6140938767566576524,SALE
2023-05-09,19309,19301.0,8906041275778,SPIRODEN (SPIRONOLACTONE) 25MG TAB,2024-04-30,2.0,pcs,0.2,18.58,2.95,12.68,100.10,jane,10061492561012297091,SALE
2023-05-09,19309,19301.0,4800234406465,FORXIGA (DAPAGLIFLOZIN) 10MG,2024-09-30,2.0,pcs,0.2,67.2,32.08,3.05,,jane,8333381496668328008,SALE
2023-05-09,19309,19301.0,4806524772913,AMLOTHIX (AMLODIPINE) 10MG TAB,2026-11-01,10.0,pcs,0.2,14.32,0.37,10.59,,jane,12797470897434275336,SALE
2023-05-09,19310,19302.0,4800204031512,PROPAN W/. IRON (BUCLIZINE HCL + MULTIVITAMINS + MINERALS) CAP,2025-03-01,5.0,pcs,0.2,106.0,23.99,-13.95,106.00,jane,7228392251172869778,SALE
2023-05-09,19311,19303.0,4800046000738,VIVALYTE 250ML APPLE,2025-06-17,2.0,pcs,0.0,100.0,41.47,17.06,100.00,jane,12299605705000104666,SALE
2023-05-09,19312,19304.0,4300010005,WHEELCHAIR BLACK ECONO,<NA>,1.0,pcs,0.1,3915.0,2800.0,1115.0,"3,915.00",jane,17599285054662490567,SALE
2023-05-09,19313,19305.0,8851198048525,STREPSILS COOL (DICHLOROBENZYL ALCOHOL + AMYLMETACRESOL + ASCORBIC ACID,2025-02-09,1.0,pcs,0.0,70.5,62.07,8.43,70.50,jane,980902176035493768,SALE
2023-05-09,19314,19306.0,29253999,CEFUSAPH (CEFUROXIME AXETIL) 500MG FC TAB,2024-10-01,14.0,pcs,0.0,392.0,7.5,287.0,663.20,jane,3049755541376594522,SALE
2023-05-09,19314,19306.0,4806518661209,KETESSE (DEXKETOPROFEN) 25MG TAB,2024-09-01,8.0,pcs,0.0,271.2,28.9,40.01,,jane,3753304947626824544,SALE
2023-05-09,19315,19307.0,4800012130308,FAKTU (POLICRESULEN + CINCHOCAINE HCL) 20G OINTMENT,2026-01-10,1.0,pcs,0.0,958.0,984.7,-26.7,958.00,jane,17382487157281745643,SALE
2023-05-09,19316,19308.0,4806504260614,APPEVIT (BUCLIZINE HCL+B-COMPLEX+IRON) CAP,2024-09-01,20.0,pcs,0.0,300.0,13.5,30.0,300.00,jane,1102389680029349475,SALE
2023-05-09,19317,19309.0,5415062354940,ZITHROMAX (AZITHROMYCIN) 500MG,2024-06-01,5.0,pcs,0.0,791.25,66.65,458.02,"1,849.25",jane,10214112855288049936,SALE
2023-05-09,19317,19309.0,4800136340010,MUCOSOLVAN 75MG CAP,<NA>,7.0,pcs,0.0,325.5,41.47,35.2,,jane,10131229361346263518,SALE
2023-05-09,19317,19309.0,4800332151168,CELEBREX (CELOCOXIB) 200MG CAP,2024-03-31,10.0,pcs,0.0,732.5,66.28,69.68,,jane,9087405128910742949,SALE
2023-05-09,19318,19310.0,4801962122269,BEROCCA (MULTIVITAMINS & MINERALS) TAB 1,2024-04-30,5.0,pcs,0.0,111.25,19.55,13.49,111.25,jane,4379192032490612976,SALE
2023-05-09,19319,19311.0,4800489114368,ARCOXIA (ETORICOXIB) 120MG TAB,2025-03-24,5.0,pcs,0.0,408.75,74.72,35.17,408.75,jane,17804987100127874971,SALE
2023-05-09,19320,19312.0,4806524781854,NEPHROMIN (KETOANALOGUES+ESSENTIAL AMINO ACIDS) TAB,2024-08-01,120.0,pcs,0.2,1920.0,14.0,240.0,"1,920.00",jane,15689771387946299265,SALE
2023-05-09,19321,19313.0,8996001600399,LE MINERALE 1.5ML,<NA>,1.0,pcs,0.0,30.0,17.6,12.4,53.00,jane,16116037356936504400,SALE
2023-05-09,19321,19313.0,4807788402646,SOLMUX (CARBOCISTEINE) 500MG CAP,2027-02-13,2.0,pcs,0.0,23.0,10.16,2.67,,jane,3680278520800188889,SALE
2023-05-09,19322,19314.0,4807788079466,KREMIL S (ALUMINUM HYDROXIDE + MAGNESIUM HYDROXIDE + SIMETICONE) TAB,2023-11-04,1.0,pcs,0.0,8.0,6.69,1.31,8.00,jane,17977337974608208691,SALE
2023-05-09,19323,19315.0,4800488070023,CARESS ADULT DIAPER M1,<NA>,1.0,pcs,0.0,20.0,17.29,2.71,20.00,jane,9399496670619270110,SALE
2023-05-09,19324,19316.0,72355794,MUPISAPH (MUPIROCIN) 20MG/G 5G OINMENT,2025-04-01,1.0,pcs,0.0,162.5,48.0,114.5,162.50,jane,3136111942924169464,SALE
2023-05-09,19325,19317.0,8996001600399,LE MINERALE 1.5ML,<NA>,1.0,pcs,0.0,30.0,17.6,12.4,30.00,jane,10122501569117331071,SALE
2023-05-09,19326,19318.0,4987072081808,KOOL FEVER BABY 2,2024-10-26,3.0,pcs,0.0,159.0,46.68,18.97,231.25,jane,4101939053158360712,SALE
2023-05-09,19326,19318.0,4807788550668,BIOGESIC 100MG ORANGE 15ML DRP,2024-05-24,1.0,pcs,0.0,72.25,65.49,6.76,,jane,14388237226961514887,SALE
2023-05-09,19327,19319.0,4806524772906,AMLOTHIX (AMLODIPINE) 5MG TAB,2026-01-08,10.0,pcs,0.0,20.0,0.35,16.5,79.25,jane,11678507620857744955,SALE
2023-05-09,19327,19319.0,4807788561688,BIOGESIC (PARACETAMOL) 500MG TAB,2026-03-01,10.0,pcs,0.0,42.5,3.65,6.01,,jane,893766051624647537,SALE
2023-05-09,19327,19319.0,48033121,IPI SALICYLIC ACID 25ML,2024-09-01,1.0,pcs,0.0,16.75,15.09,1.66,,jane,8351826205132086373,SALE
2023-05-09,19328,19320.0,4800204049838,POTEN CEE NON-ACIDIC (SODIUM ASCORBATE) 500MG TAB,<NA>,10.0,pcs,0.0,65.0,6.37,1.26,65.00,jane,13460529860952965545,SALE
2023-05-09,19329,19321.0,8996001600399,LE MINERALE 1.5ML,<NA>,5.0,pcs,0.0,150.0,17.6,62.0,150.00,jane,5216044185988679699,SALE
2023-05-09,19330,19322.0,4806534570240,CETRINOVA (CETIRIZINE) 10MG FC TAB,<NA>,10.0,pcs,0.0,30.0,0.36,26.4,108.75,jane,5346346662623915632,SALE
2023-05-09,19330,19322.0,4806506319075,SUPER TWINS BABY PANTS XL 8S,2024-02-18,1.0,pcs,0.0,78.75,71.49,7.26,,jane,11624270387626939093,SALE
2023-05-09,19331,19323.0,8996001600764,LE MINERALE 5L,<NA>,2.0,pcs,0.0,170.0,68.4,33.2,170.00,jane,15280920936251964133,SALE
2023-05-09,19332,19324.0,4806502850008,SYMDEX D TAB,2024-03-01,15.0,pcs,0.0,52.5,1.51,29.85,470.75,jane,12487010225091928220,SALE
2023-05-09,19332,19324.0,15147035,CYSAPHTEINE (ACETYLCYSTEINE) 600MG SACH,<NA>,14.0,pcs,0.0,294.0,10.5,147.0,,jane,13776847595996201102,SALE
2023-05-09,19332,19324.0,78901964,AZISAPH (AZITHROMYCIN) 500MG TAB,2024-09-01,7.0,pcs,0.0,124.25,5.0,89.25,,jane,4197610087508581291,SALE
2023-05-09,19333,19325.0,8996001600269,LE MINERALE 600ML,<NA>,1.0,pcs,0.0,15.0,9.2,5.8,15.00,jane,7206318373449932095,SALE
2023-05-09,19334,19326.0,8996001600269,LE MINERALE 600ML,<NA>,1.0,pcs,0.0,15.0,9.2,5.8,15.00,jane,3520706930283650091,SALE
2023-05-09,19335,19327.0,4806502352397,SANICARE CLEANSING WIPES - ALOE 15 SHEETS,2024-02-14,1.0,pcs,0.0,34.5,27.56,6.94,34.50,jane,1176162256684536857,SALE
2023-05-09,19336,19328.0,8935196509315-1,SALONPAS PLASTER 20s,2024-11-01,1.0,pcs,0.0,108.0,93.24,14.76,108.00,jane,5103517536960599384,SALE
2023-05-09,19337,19329.0,4807788526762,BIOFLU (PENYLEPHINE + CHLORPHENAMINE + PARACETAMOL) TAB,2024-01-01,4.0,pcs,0.0,32.0,6.37,6.53,98.50,jane,8718375837177403345,SALE
2023-05-09,19337,19329.0,4800204506027,PHAREX VIT BCOMPLEX (VITAMIN B1 + B6 + B12,2023-08-01,14.0,pcs,0.0,66.5,3.86,12.46,,jane,7062187799968580582,SALE
2023-05-09,19338,19330.0,8851198028527,STREPSILS HONEY LEMON (DICHLOROBENZYL ALCOHOL + AMYLMETACRESOL + ASCORBIC ACID) 8,2025-03-14,1.0,pcs,0.0,70.5,62.24,8.26,156.25,jane,2693581558887380428,SALE
2023-05-09,19338,19330.0,8992870565081,SALONPAS GEL 15G,<NA>,1.0,pcs,0.0,85.75,71.35,14.4,,jane,14937629786394899835,SALE
2023-05-09,19339,19331.0,8851198028527,STREPSILS HONEY LEMON (DICHLOROBENZYL ALCOHOL + AMYLMETACRESOL + ASCORBIC ACID) 8,2025-03-14,1.0,pcs,0.0,70.5,62.24,8.26,70.50,jane,11905787731556822945,SALE
2023-05-09,19340,19332.0,8850360390028,STREPSILS LOZ DRY COUGH 6s,<NA>,1.0,pcs,0.0,75.0,67.93,7.07,75.00,jane,6663332127733771075,SALE
2023-05-09,19341,19333.0,4800135006542,PH CARE NATURAL PROTECTION 50ML,2024-06-05,1.0,pcs,0.0,59.5,49.54,9.96,122.50,jane,528101653563571736,SALE
2023-05-09,19341,19333.0,4806506318900,SISTERS OVERNIGHT DRY 4+1 W/ WINGS,2025-09-01,2.0,pcs,0.0,63.0,25.08,12.83,,jane,9645108179586849642,SALE
2023-05-09,19342,19334.0,480778853619,ALAXAN FR (IBUPROFEN + PARACETAMOL) CAP,2025-04-29,2.0,pcs,0.0,17.0,7.94,1.11,17.00,jane,14245152461558619541,SALE
2023-05-09,19343,19335.0,4800292173026,GLYXAMBI FC TAB 25MG/5MG,<NA>,4.0,pcs,0.2,310.4,87.4,-39.2,310.40,jane,659859595426119886,SALE
2023-05-09,19344,19336.0,4806508321885,K-LYTE (POTASSIUM CHLORIDE) 600MG TAB,2023-12-31,3.0,pcs,0.0,69.0,11.99,33.02,69.00,jane,5961217696868919947,SALE
2023-05-09,19345,19337.0,4800136400042,BUSCOPAN TAB,<NA>,0.0,pcs,0.0,0.0,0.0,0.0,0.00,jane,16493264457043249327,SALE
2023-05-09,19346,19338.0,4800136400011,BUSCOPAN VENUS (HYOSCINE BUTYLBROMIDE) 10MG500MG TAB,2025-02-28,1.0,pcs,0.0,31.5,29.93,1.57,31.50,jane,11697588424670297571,SALE
2023-05-09,19347,19339.0,4806526304730,PARTNERS BLOOD GLUCOMETER CBPC-73,<NA>,1.0,pcs,0.2,688.0,391.0,297.0,"1,251.25",jane,17209542853201645686,RETURN
2023-05-09,19347,19339.0,4806526304747,PARTNERS GLUCOSE STRIPS 25&#039;S CBPC-73,2023-06-08,1.0,pcs,0.2,320.0,172.32,147.68,,jane,4845382507265797567,RETURN
2023-05-09,19347,19339.0,500010220,KING MED LANCETS 200&#039;S STERILE 23G,<NA>,1.0,pcs,0.2,120.0,60.0,60.0,,jane,8851908873456363532,SALE
2023-05-09,19347,19339.0,4806502350072,SANICARE COTTON BALLS 150s,<NA>,1.0,pcs,0.0,43.25,34.81,8.44,,jane,8252384641479279077,SALE
2023-05-09,19347,19339.0,745110103509,ALCOSURE ISOPROPYL ALC 70% 500ML,<NA>,1.0,pcs,0.0,80.0,55.0,25.0,,jane,4709921646754605776,SALE
2023-05-09,19348,19340.0,4800281329632,FLANAX FORTE 550MG TAB,<NA>,2.0,pcs,0.0,46.5,20.87,4.77,62.50,jane,1789653787879117784,SALE
2023-05-09,19348,19340.0,4807788526762,BIOFLU (PENYLEPHINE + CHLORPHENAMINE + PARACETAMOL) TAB,2024-01-01,2.0,pcs,0.0,16.0,6.37,3.26,,jane,2414612112780665203,SALE
2023-05-09,19349,19341.0,4800304051496,ISORDIL SUBL TAB 5MG,<NA>,4.0,pcs,0.0,92.6,20.83,9.28,133.60,jane,4329681119663217769,SALE
2023-05-09,19349,19341.0,4806501283159,WHITE FLOWER AC5 1.5ML,2026-11-30,1.0,pcs,0.0,41.0,35.73,5.27,,jane,11875540624682723979,SALE
2023-05-09,19350,19342.0,4800234406465,FORXIGA (DAPAGLIFLOZIN) 10MG,2024-09-30,10.0,pcs,0.0,420.0,32.08,99.24,445.50,jane,4205457380927484049,SALE
2023-05-09,19350,19342.0,480778853619,ALAXAN FR (IBUPROFEN + PARACETAMOL) CAP,2025-04-29,3.0,pcs,0.0,25.5,7.94,1.67,,jane,2854386138653770788,SALE
2023-05-09,19351,19343.0,4806534570240,CETRINOVA (CETIRIZINE) 10MG FC TAB,<NA>,10.0,pcs,0.0,30.0,0.36,26.4,30.00,jane,1129401692365552245,SALE
2023-05-09,19352,19344.0,4806504654802,QUATROFOL (METHYLTETRAHYDROFOLIC ACID) CAPS,2023-10-31,10.0,pcs,0.0,210.0,15.19,58.1,"1,110.50",jane,5339984841476480018,SALE
2023-05-09,19352,19344.0,4800435199432,B-PRIME (VIT B-COMPLEX) CAP,<NA>,10.0,pcs,0.0,108.0,8.65,21.5,,jane,2109359474019249186,SALE
2023-05-09,19352,19344.0,4800286242646,DUPHASTON(DYDROGESTERONE) 10MG TAB,2026-06-30,10.0,pcs,0.0,792.5,75.05,42.0,,jane,5123080242165646736,SALE
2023-05-09,19353,19345.0,4800286242646,DUPHASTON(DYDROGESTERONE) 10MG TAB,2026-06-30,5.0,pcs,0.0,396.25,75.05,21.0,396.25,jane,4143566723442905371,SALE
2023-05-09,19354,19346.0,4807788048462,DIATABS (LOPERAMIDE) CAP,2027-01-03,5.0,pcs,0.0,41.25,7.15,5.48,41.25,jane,10043815059552078918,SALE
2023-05-09,19355,19347.0,4807788562593,IMMUNPRO 500MG TAB,2024-09-01,10.0,pcs,0.0,87.5,7.44,13.06,87.50,jane,12007820511493551857,SALE
2023-05-09,19356,19348.0,4807788562593,IMMUNPRO 500MG TAB,2024-09-01,10.0,pcs,0.0,87.5,7.44,13.06,87.50,jane,7774065475969447494,SALE
2023-05-09,19357,19349.0,4809012413039,KATINKO JAR 30G,2024-06-30,1.0,pcs,0.0,81.0,67.32,13.68,122.00,jane,2648043829206048084,SALE
2023-05-09,19357,19349.0,4800011132921,EFFICASCENT OIL EXTREME25ML,2027-10-31,1.0,pcs,0.0,41.0,36.02,4.98,,jane,16595910999561624539,SALE
2023-05-09,19358,19350.0,10000200185,APTRADOL (TRAMADOL HYDROCHLORIDE) 50MG CAP,2024-07-31,10.0,pcs,0.0,100.0,2.55,74.5,100.00,jane,17441464948315747637,SALE
2023-05-09,19359,19351.0,4987176600776,VICKS VAPORUB 10G,2024-06-30,1.0,pcs,0.0,52.0,44.99,7.01,52.00,jane,6047590576639375313,SALE
2023-05-09,19360,19352.0,4800136730019,ERCEFLORA (BASILLUS CLAUSII) ORAL SOLUTION 5ML,2024-03-31,10.0,pcs,0.0,410.0,37.81,31.9,410.00,jane,7211299564147582127,SALE
2023-05-09,19361,19353.0,4806524147926,DIACURE (LOPERAMIDE) 2MG CAP,<NA>,10.0,pcs,0.0,30.0,0.32,26.8,30.00,jane,899261440912259807,SALE
2023-05-09,19362,19354.0,4300010005,WHEELCHAIR BLACK ECONO,<NA>,1.0,pcs,0.2,3480.0,2800.0,680.0,"3,480.00",jane,7263381998156348631,SALE
2023-05-09,19363,19355.0,4800021003891,NIVEA MEN SILVER PROTECT ROLL-ON 50ML X2,<NA>,1.0,pcs,0.0,199.0,132.69,66.31,272.50,jane,4132460574970659683,SALE
2023-05-09,19363,19355.0,8850006320518,COLGATE AMINO POWDER 74G,2025-08-01,1.0,pcs,0.0,73.5,61.8,11.7,,jane,14431106527253000862,SALE
2023-05-09,19364,19356.0,4800135010853,GYNEPRO 60ML +MODESS SET,2023-12-30,1.0,pcs,0.0,75.0,67.39,7.61,128.00,jane,9879568235343097987,SALE
2023-05-09,19364,19356.0,4806517213096,AFICIONADO COOL FANCY RED 55ML,2026-03-03,1.0,pcs,0.0,53.0,44.19,8.81,,jane,3495047922260387279,SALE
2023-05-09,19365,19357.0,37474317,SOUTH MOON FABRIC BANDAGES 5X4.5CM,<NA>,2.0,pcs,0.0,10.0,3.05,3.91,167.70,jane,2897834023422663187,SALE
2023-05-09,19365,19357.0,4806033302731,RM COLCHICINE 500MG,2023-08-31,10.0,pcs,0.0,40.2,3.35,6.71,,jane,14467978808870901861,SALE
2023-05-09,19365,19357.0,4800289821510,NEOFORM 500MG TAB,2024-08-31,10.0,pcs,0.0,33.5,3.06,2.9,,jane,1531288708794096324,SALE
2023-05-09,19365,19357.0,4800067122068,CLEENE CLIO TBRUSH ECONOMY,2032-02-20,1.0,pcs,0.0,15.0,11.25,3.75,,jane,6341673756612069911,SALE
2023-05-09,19365,19357.0,4800360302204,ENERVON TAB,<NA>,10.0,pcs,0.0,69.0,6.16,7.36,,jane,4494205595787980421,SALE
2023-05-09,19366,19358.0,8996001600399,LE MINERALE 1.5ML,<NA>,1.0,pcs,0.0,30.0,17.6,12.4,30.00,jane,17211500705647795202,SALE
2023-05-10,19367,19359.0,4807788079466,KREMIL S (ALUMINUM HYDROXIDE + MAGNESIUM HYDROXIDE + SIMETICONE) TAB,2023-11-04,1.0,pcs,0.0,8.0,6.69,1.31,8.00,camille,13402958512888328682,SALE
2023-05-10,19368,19360.0,4800488959236,CARESS ADULT DIAPER L2,<NA>,1.0,pcs,0.0,45.5,41.36,4.14,45.50,camille,5664077388191880113,SALE
2023-05-10,19369,19361.0,4806524140477,CYFROX (CIPROFLOXACIN) 500MG TAB,2023-12-01,14.0,pcs,0.0,70.0,1.65,46.9,70.00,camille,12741494978865813565,SALE
2023-05-10,19370,19362.0,4806517790450,NUVERT (BETAHISTINE HCL) 16MG FC TAB,2024-04-30,1.0,pcs,0.0,21.0,16.1,4.9,21.00,camille,14825015636439541646,SALE
2023-05-10,19371,19363.0,480778853619,ALAXAN FR (IBUPROFEN + PARACETAMOL) CAP,2025-04-29,3.0,pcs,0.0,25.5,7.94,1.67,25.50,camille,6987073216520774830,SALE
2023-05-10,19372,19364.0,4807788550958,KREMIL S ADVANCE (FAMOTIDINE + CALCIUM CARBONATE + MAGNESIUM HYDROXIDE) TAB,2024-03-26,4.0,pcs,0.0,87.0,18.87,11.53,87.00,camille,9381794212741865838,SALE
2023-05-10,19373,19365.0,4806502352588,FEMME FACIAL TISSUE UNSCENTED,<NA>,1.0,pcs,0.0,27.75,23.04,4.71,223.75,camille,16195926299675208545,SALE
2023-05-10,19373,19365.0,4800204001713,BETADINE GARGLE 60ML,2025-09-30,1.0,pcs,0.0,115.0,106.28,8.72,,camille,8177475341854059346,SALE
2023-05-10,19373,19365.0,4800011139418,EFFICASCENT RELAXSCENT OIL 6ML,2026-01-31,1.0,pcs,0.0,81.0,74.09,6.91,,camille,5300503269078629246,SALE
2023-05-10,19374,19366.0,22695376,GREAT STERILE LATEX SURGICAL GLOVES 8,<NA>,1.0,pcs,0.0,27.75,15.0,12.75,27.75,camille,17883877003304668940,SALE
2023-05-10,19375,19367.0,8996001600399,LE MINERALE 1.5ML,<NA>,1.0,pcs,0.0,30.0,17.6,12.4,57.75,camille,7267491561454892236,SALE
2023-05-10,19375,19367.0,4806502352588,FEMME FACIAL TISSUE UNSCENTED,<NA>,1.0,pcs,0.0,27.75,23.04,4.71,,camille,3248110753734381119,SALE
2023-05-10,19376,19368.0,4807788561688,BIOGESIC (PARACETAMOL) 500MG TAB,2026-03-01,6.0,pcs,0.0,25.5,3.65,3.6,78.40,camille,8320012740219785106,SALE
2023-05-10,19376,19368.0,4800011139401,EFFICASCENT RELAXSCENT OIL 3ML,2026-01-31,1.0,pcs,0.0,52.9,46.01,6.89,,camille,16093018523970659325,SALE
2023-05-10,19377,19369.0,4806502163849,SANICARE CLEANSING WIPES - ALOE 35+5 SH FREE,2024-02-15,1.0,pcs,0.0,65.0,53.81,11.19,65.00,camille,7034003412194753191,SALE
2023-05-10,19378,19370.0,4806502359914,FEMME INTERFOLDED PAPER TOWEL 1PLY,<NA>,2.0,pcs,0.0,110.0,45.75,18.5,110.00,camille,9689333115196116895,SALE
2023-05-10,19379,19371.0,4806503540007,HYGEEN COTTON BALLS 50s,<NA>,1.0,pcs,0.0,15.5,12.87,2.63,15.50,camille,1642266612459383059,SALE
2023-05-10,19380,19372.0,4806504260614,APPEVIT (BUCLIZINE HCL+B-COMPLEX+IRON) CAP,2024-09-01,20.0,pcs,0.2,214.24,13.5,-55.76,374.94,camille,11008358325259370831,SALE
2023-05-10,19380,19372.0,4809013625004,MX3 CAP,2025-05-12,10.0,pcs,0.0,160.7,15.13,9.37,,camille,18341681198923230275,SALE
2023-05-10,19381,19373.0,4800047820250,GREENCROSS 70% W/ MOIST 60ML,2025-09-30,1.0,pcs,0.0,22.5,16.72,5.78,37.50,camille,804319052845557345,SALE
2023-05-10,19381,19373.0,48040693,JOHNSONS BLOSSOMS BABY POWDER 25G,2025-11-01,1.0,pcs,0.0,15.0,13.64,1.36,,camille,16982843921386814370,SALE
2023-05-10,19382,19374.0,4806502352397,SANICARE CLEANSING WIPES - ALOE 15 SHEETS,2024-02-14,0.0,pcs,0.0,0.0,0.0,0.0,0.00,jane,2915433710884439688,SALE
2023-05-10,19383,19375.0,4800153953231,ROBITUSSIN EXPECTORANT (GUAIFENESIN) 60ML,2024-12-31,0.0,pcs,0.0,0.0,0.0,0.0,0.00,jane,18384466278339996357,SALE
2023-05-10,19384,19376.0,4800153953439,ROBITUSSIN DM 60ML,<NA>,0.0,pcs,0.0,0.0,0.0,0.0,0.00,jane,16481009380965936358,SALE
2023-05-10,19385,19377.0,8996001600399,LE MINERALE 1.5ML,<NA>,0.0,pcs,0.0,0.0,0.0,0.0,0.00,jane,17127796216602135841,SALE
2023-05-10,19386,19378.0,4800318001883,ROBITUSSIN DM 120ML,<NA>,0.0,pcs,0.0,0.0,0.0,0.0,0.00,jane,10903729801831029263,SALE
2023-05-10,19387,19379.0,4800488958154,NURSY BABY WIPES UNSCENTED 30&#039;S,2025-08-16,0.0,pcs,0.0,0.0,0.0,0.0,0.00,jane,964271620057622601,SALE
2023-05-10,19387,19379.0,4800350108878,POCARI SWEAT ION DRINK 900ML,<NA>,0.0,pcs,0.0,0.0,0.0,0.0,,jane,2077911448878760123,SALE
2023-05-10,19388,19380.0,4806502352397,SANICARE CLEANSING WIPES - ALOE 15 SHEETS,2024-02-14,1.0,pcs,0.0,34.5,27.56,6.94,657.50,camille,15442994923021320897,SALE
2023-05-10,19388,19380.0,4800153953439,ROBITUSSIN DM 60ML,<NA>,1.0,pcs,0.0,135.0,109.02,25.98,,camille,564602539752376374,SALE
2023-05-10,19388,19380.0,8996001600399,LE MINERALE 1.5ML,<NA>,4.0,pcs,0.0,120.0,17.6,49.6,,camille,4913246323803534014,SALE
2023-05-10,19388,19380.0,4800318001883,ROBITUSSIN DM 120ML,<NA>,1.0,pcs,0.0,183.5,164.98,18.52,,camille,15426134638440778992,SALE
2023-05-10,19388,19380.0,4800488958154,NURSY BABY WIPES UNSCENTED 30,2025-08-16,2.0,pcs,0.0,85.5,37.15,11.2,,camille,294733997072014818,SALE
2023-05-10,19388,19380.0,4800350108878,POCARI SWEAT ION DRINK 900ML,<NA>,1.0,pcs,0.0,99.0,78.42,20.58,,camille,11256798623635404505,SALE
2023-05-10,19389,19381.0,8996001600269,LE MINERALE 600ML,<NA>,1.0,pcs,0.0,15.0,9.2,5.8,15.00,camille,6820383696126534474,SALE
2023-05-10,19390,19382.0,4800067702321,BBFLO GENTLE BUDS WHITE 200s TIPS+36 TIPS,<NA>,1.0,pcs,0.0,32.0,26.78,5.23,32.00,camille,8993619740273164235,SALE
2023-05-10,19391,19383.0,4800067122068,CLEENE CLIO TBRUSH ECONOMY,2032-02-20,1.0,pcs,0.0,15.0,11.25,3.75,15.00,camille,10253524566737787229,SALE
2023-05-10,19392,19384.0,4800136730019,ERCEFLORA (BASILLUS CLAUSII) ORAL SOLUTION 5ML,2024-03-31,4.0,pcs,0.0,164.0,37.81,12.76,164.00,camille,12385500974575939065,SALE
2023-05-10,19393,19385.0,29314057013711,DEQUADIN LOZENGES (DEQUALINIUM CHLORIDE) ORANGE,2025-08-31,10.0,pcs,0.0,55.0,4.76,7.39,55.00,camille,2188580971383204871,SALE
2023-05-10,19394,19386.0,25213478,SAPHORMIN T500 (METFORMIN HCL) 500MG TAB,2024-04-01,30.0,pcs,0.0,33.6,0.37,22.65,33.60,camille,3518632744297799024,SALE
2023-05-10,19395,19387.0,4806502351901,SANICARE BATHROOM TISSUE 1&#039;S,<NA>,1.0,pcs,0.0,18.5,15.16,3.34,18.50,camille,5363988502555107261,SALE
2023-05-10,19396,19388.0,4807788566409,FLOTERA (LACTOBACILLUS REUTERI) CHEWABLE TAB,2024-01-09,7.0,pcs,0.0,243.25,34.53,1.54,813.30,camille,12553110947260167245,SALE
2023-05-10,19396,19388.0,4806514633576,PANTOR 40MG (PANTOPRAZOLE SODIUM) TAB,2023-08-01,7.0,pcs,0.0,356.3,48.55,16.42,,camille,10147651570864603794,SALE
2023-05-10,19396,19388.0,4801288820504,HAPPY ABSORBENT COTTON 40G,2025-11-30,1.0,pcs,0.0,26.0,17.56,8.44,,camille,2690208813660424778,SALE
2023-05-10,19396,19388.0,4800888143389,REXONA MEN ROLL ON ICE COOL 50ML,2025-05-31,1.0,pcs,0.0,120.0,105.55,14.45,,camille,15223511841428580084,SALE
2023-05-10,19396,19388.0,48035156,EFFICASCENT OIL EXTRA STRENGTH 25ML,2027-10-31,1.0,pcs,0.0,34.0,29.5,4.5,,camille,7335187326910306460,SALE
2023-05-10,19396,19388.0,4800047820250,GREENCROSS 70% W/ MOIST 60ML,2025-09-30,1.0,pcs,0.0,22.5,16.72,5.78,,camille,7593612357550181680,SALE
2023-05-10,19396,19388.0,4800067056004,BBFLO GENTLE BUDS PLASTIC 36TIP,2026-01-18,1.0,pcs,0.0,11.25,8.63,2.63,,camille,14154361845089325943,SALE
2023-05-10,19397,19389.0,4806502351901,SANICARE BATHROOM TISSUE 1&#039;S,<NA>,2.0,pcs,0.0,37.0,15.16,6.68,37.00,camille,12283366489415024740,SALE
2023-05-10,19398,19390.0,4800488070474,EQ COLOR XL 4&#039;S,<NA>,1.0,pcs,0.0,36.75,30.48,6.27,36.75,camille,13516563608692312866,SALE
2023-05-10,19399,19391.0,8996001600269,LE MINERALE 600ML,<NA>,1.0,pcs,0.0,15.0,9.2,5.8,15.00,camille,9387426028593881050,SALE
2023-05-10,19400,19392.0,4801962207997,SARIDON TRIPLE ACTION (PARACETAMOL PROPYPHENAZONE CAFFEINE) TAB,2025-03-31,2.0,pcs,0.0,11.5,4.74,2.01,11.50,camille,10069761571240204844,SALE
2023-05-10,19401,19393.0,4801962202763,CANESTEN (CLOTRIMAZOLE) 3G CREAM,2023-09-30,1.0,pcs,0.0,120.0,108.28,11.72,871.25,camille,12200175650212835375,SALE
2023-05-10,19401,19393.0,4806519386057,VALERI (BETAMETHASONE) 1MG/G (0.1%W/W) TOPICAL CREAM,<NA>,1.0,pcs,0.0,95.0,35.0,60.0,,camille,10755324205009918731,SALE
2023-05-10,19401,19393.0,4800346000261,STUGERON FORTE (CINNARIZINE) 75MG TAB,2024-05-01,5.0,pcs,0.0,656.25,119.2,60.25,,camille,6995696249068706841,SALE
2023-05-10,19402,19394.0,4800346002647,DOLCET (TRAMADOL HCI + PARACETAMOL) 37.5/325MG TAB,2024-11-30,1.0,pcs,0.0,57.8,50.3,7.5,57.80,camille,7656181320462274573,SALE
2023-05-10,19403,19395.0,4800488958116,NURSY BABY WIPES UNSCENTED 90&#039;S,2025-11-01,1.0,pcs,0.0,94.0,83.18,10.82,94.00,camille,14485630999170120830,SALE
2023-05-10,19404,19396.0,4809012413466,KATINKO INHALER,2025-02-28,1.0,pcs,0.0,66.0,55.08,10.92,66.00,camille,8853307342422894643,SALE
2023-05-10,19405,19397.0,1900010217,OSCIVIT (CALCIUM CARBONATE + VIT D3,<NA>,10.0,pcs,0.0,49.0,1.95,29.5,489.50,camille,12002175975924346434,SALE
2023-05-10,19405,19397.0,4806033306081,RM TRIMETAZIDINE 35MG TAB,2024-02-03,10.0,pcs,0.0,150.0,10.43,45.71,,camille,1854835096192077508,SALE
2023-05-10,19405,19397.0,4806033300386,RM ATORVASTATIN 20MG TAB,2023-10-31,10.0,pcs,0.0,162.5,12.7,35.46,,camille,11533292049101771534,SALE
2023-05-10,19405,19397.0,4806033305480,RM LOSARTAN 50MG TAB,2024-01-31,10.0,pcs,0.0,128.0,8.98,38.21,,camille,14968492264634876665,SALE
2023-05-10,19406,19398.0,8964001206378,RISEK (OMEPRAZOLE) 20MG CAP,<NA>,28.0,pcs,0.2,715.01,28.64,-86.91,"1,484.51",camille,14983515676809885074,SALE
2023-05-10,19406,19398.0,4800488960379,HYPANTS ADULT DIAPER LARGE 10s,2026-06-01,3.0,pcs,0.05,769.5,245.09,34.23,,camille,4205315671784023195,SALE
2023-05-10,19407,19399.0,4800488070283,CARESS ADULT DIAPER XL10,2025-02-01,1.0,pcs,0.05,298.06,285.05,13.01,298.06,jane,12031629330465297679,SALE
2023-05-10,19408,19400.0,8851198028527,STREPSILS HONEY LEMON 8s,2026-01-19,1.0,pcs,0.0,70.5,62.24,8.26,189.75,jane,5428573016661380054,SALE
2023-05-10,19408,19400.0,4800011133447,EFFICASCENT OIL EXTRA STRENGTH 100ML,<NA>,1.0,pcs,0.0,119.25,103.68,15.57,,jane,17906376490826120971,SALE
2023-05-10,19409,19401.0,4800369000071,ALLURASE(ALLOPURINOL) 100MG TAB,<NA>,10.0,pcs,0.0,85.0,7.1,14.0,332.00,jane,901989710111215741,SALE
2023-05-10,19409,19401.0,4800346000179,IMODIUM (LOPERAMIDE) 2MG CAP,2027-06-30,10.0,pcs,0.0,165.0,14.2,22.95,,jane,6354969349780342331,SALE
2023-05-10,19409,19401.0,4800136730019,ERCEFLORA (BASILLUS CLAUSII) ORAL SOLUTION 5ML,2024-03-31,2.0,pcs,0.0,82.0,37.81,6.38,,jane,12296890547329591486,SALE
2023-05-10,19410,19402.0,4800369000286,ASFRENON (SALBUTAMOL) 2MG 60ML SYR,2024-03-31,1.0,pcs,0.0,93.5,81.34,12.16,93.50,jane,6393702345336440978,SALE
2023-05-10,19411,19403.0,4807788560438,NAFARIN A (PHENYLEPROPANOLAMINE HCI + CHLORPHENAMINE MALEATE + PARACETAMOL) TAB,2024-07-01,6.0,pcs,0.0,45.0,6.69,4.83,45.00,jane,2894990846253557798,SALE
2023-05-10,19412,19404.0,4806037100029,IRBEQ 150 (IRBESARTAN) 150MG TAB,<NA>,5.0,pcs,0.0,55.0,4.45,32.75,200.45,jane,17287529014375276236,SALE
2023-05-10,19412,19404.0,25213478,SAPHORMIN T500 (METFORMIN HCL) 500MG TAB,2024-04-01,10.0,pcs,0.0,11.2,0.37,7.55,,jane,10851165328163022000,SALE
2023-05-10,19412,19404.0,4806524781113,PREDU-XL (TRIMETAZIDINE) 35MG MR TAB,2024-06-01,10.0,pcs,0.0,85.0,2.2,63.0,,jane,10603539697419526944,SALE
2023-05-10,19412,19404.0,4800064610414,TRUST PILLS,2025-11-14,1.0,pcs,0.0,49.25,45.47,3.78,,jane,10333344496691807550,SALE
2023-05-10,19413,19405.0,4806502351901,SANICARE BATHROOM TISSUE 1&#039;S,<NA>,1.0,pcs,0.0,18.5,15.16,3.34,18.50,jane,7168383564426411300,SALE
2023-05-10,19414,19406.0,4800153302220,CENTRUM(ADVANCE)TAB,2024-01-12,7.0,pcs,0.0,75.25,9.53,8.57,453.25,jane,826351280850491014,SALE
2023-05-10,19414,19406.0,4800318002415,CALTRATE ADVANCE TAB,2024-03-01,14.0,pcs,0.0,126.0,8.06,13.16,,jane,1359977793292056356,SALE
2023-05-10,19414,19406.0,38218316,CHERIFER PGM CAP,2024-09-18,7.0,pcs,0.0,140.0,17.29,18.97,,jane,8469745904085450258,SALE
2023-05-10,19414,19406.0,4806032201004,POTEN CEE PLUS ZINC (ASCORBIC ACID + ZINC,2023-10-01,14.0,pcs,0.0,112.0,6.22,24.97,,jane,12066561784992616367,SALE
2023-05-10,19415,19407.0,8996001600764,LE MINERALE 5L,<NA>,1.0,pcs,0.0,85.0,68.4,16.6,85.00,jane,11205405070228696587,SALE
2023-05-10,19416,19408.0,4806504260614,APPEVIT (BUCLIZINE HCL+B-COMPLEX+IRON) CAP,2024-09-01,10.0,pcs,0.05,142.5,13.5,7.5,142.50,jane,7344528899394939049,SALE
2023-05-10,19417,19409.0,4806512430009,PAU LINIMENT 60ML,2024-01-31,1.0,pcs,0.0,134.0,115.2,18.8,212.00,jane,18385523840544657727,SALE
2023-05-10,19417,19409.0,4806512431860,PAU MASAJE ORANGE 60ML,<NA>,1.0,pcs,0.0,78.0,70.5,7.5,,jane,8050925231391607353,SALE
2023-05-10,19418,19410.0,8885015220115,EYE MO BLUE,2025-09-30,0.0,pcs,0.0,0.0,0.0,0.0,0.00,jane,6075093415643423178,SALE
2023-05-10,19419,19411.0,4800292103047,CATAPRES TAB (ETHYL ALC) 75MCG,2024-11-30,2.0,pcs,0.0,76.0,30.2,15.6,76.00,jane,10823021749537475639,SALE
2023-05-10,19420,19412.0,4800136390039,DULCOLAX SUPP ADULT 10MG,<NA>,1.0,pcs,0.0,61.0,55.2,5.8,61.00,jane,1870036407026642827,SALE
2023-05-10,19421,19413.0,4806501283159,WHITE FLOWER AC#5 1.5ML,2027-07-31,1.0,pcs,0.0,41.0,35.73,5.27,41.00,jane,12707261309091465416,SALE
2023-05-10,19422,19414.0,4800343860769,CLOVIMED (CO-AMOXICLAV) 250MG/62.50MG SUSP 60ML,<NA>,1.0,pcs,0.1,175.95,115.0,60.95,202.45,jane,4019152705249259396,SALE
2023-05-10,19422,19414.0,4806523302487,MYREX SYR 60ML,2024-07-01,1.0,pcs,0.0,26.5,13.25,13.25,,jane,6810225164854020073,SALE
2023-05-10,19423,19415.0,8850360390028,STREPSILS LOZ DRY COUGH 6s,<NA>,1.0,pcs,0.0,75.0,67.93,7.07,112.50,jane,3874018088338550453,SALE
2023-05-10,19423,19415.0,4807788560438,NAFARIN A (PHENYLEPROPANOLAMINE HCI + CHLORPHENAMINE MALEATE + PARACETAMOL) TAB,2024-07-01,5.0,pcs,0.0,37.5,6.69,4.03,,jane,17347592164850115134,SALE
2023-05-10,19424,19416.0,1076597085,JELLY PLUMPING WATER TINT [#01 DEEP RED],<NA>,1.0,pcs,0.7,76.47,190.28,-113.81,76.47,jane,18265607683311976605,SALE
2023-05-10,19425,19417.0,4800307854315,VIBEE (B-COMPLEX) TAB,<NA>,14.0,pcs,0.0,196.84,12.78,17.89,"1,359.59",jane,6384345804887842224,SALE
2023-05-10,19425,19417.0,4806517790580,ITORVAZ 20 (ATORVASTATIN) 20MG FC TAB,2024-04-30,14.0,pcs,0.0,192.5,10.5,45.5,,jane,11419994658265590097,SALE
2023-05-10,19425,19417.0,4806517790177,OMEGA GOLD CAP,2025-05-22,14.0,pcs,0.0,455.0,26.54,83.44,,jane,6874320457313635521,SALE
2023-05-10,19425,19417.0,4801010504306,JOHNSONS BABY OIL ALOE VERA 125ML,2025-10-14,1.0,pcs,0.0,99.25,94.79,4.46,,jane,3277495266827989551,SALE
2023-05-10,19425,19417.0,4807788541239,GLUMET XR 500MG (METFORMIN HCI) TAB,2025-03-21,28.0,pcs,0.0,350.0,11.35,32.27,,jane,4265072856549808288,SALE
2023-05-10,19425,19417.0,4809012413466,KATINKO INHALER,2025-02-28,1.0,pcs,0.0,66.0,55.08,10.92,,jane,421546387859206866,SALE
2023-05-10,19426,19418.0,4800135011591,MYRA E (VITAMIN E) 12+2 SULIT PACK,2024-03-02,1.0,pcs,0.0,146.0,133.54,12.46,227.00,jane,18136297162391570185,SALE
2023-05-10,19426,19418.0,4809012413039,KATINKO JAR 30G,2024-06-30,1.0,pcs,0.0,81.0,67.32,13.68,,jane,15299453005824531959,SALE
2023-05-11,19427,19419.0,4809012413039,KATINKO JAR 30G,2024-06-30,1.0,pcs,0.0,81.0,67.32,13.68,246.00,jane,6167167180334771695,SALE
2023-05-11,19427,19419.0,4987176009678,VICKS VAPORUB 25G,2025-08-31,1.0,pcs,0.0,106.0,96.35,9.65,,jane,13317279752425203091,SALE
2023-05-11,19427,19419.0,8906045886284,PANTO PLUS (PANTOPRAZOLE + DOMPERIDONE) 40MG/30MG TAB 30,2024-04-30,1.0,pcs,0.0,59.0,48.61,10.39,,jane,12579360415278037177,SALE
2023-05-11,19428,19420.0,4800011139401,EFFICASCENT RELAXSCENT OIL 3ML,2026-01-31,1.0,pcs,0.0,52.9,46.01,6.89,52.90,jane,14662683287110283789,SALE
2023-05-11,19429,19421.0,8904172926156,BIXOCOT (ETORICOXIB) 120MG FCT,2024-06-01,2.0,pcs,0.0,137.5,55.0,27.5,137.50,jane,11210890916109477179,SALE
2023-05-11,19430,19422.0,4800488959236,CARESS ADULT DIAPER L2,<NA>,2.0,pcs,0.0,91.0,41.36,8.28,91.00,jane,6792210456208856210,SALE
2023-05-11,19431,19423.0,4806506318856,SISTERS NIGHT PLUS 8&#039;S W/ WINGS,2025-09-01,1.0,pcs,0.0,31.0,22.07,8.93,31.00,jane,3716527762716800656,SALE
2023-05-11,19432,19424.0,4807788561688,BIOGESIC (PARACETAMOL) 500MG TAB,2026-03-01,5.0,pcs,0.0,21.25,3.65,3.0,21.25,jane,16584308840541525652,SALE
2023-05-11,19433,19425.0,4806521902467,TOPRADONE (PANTOPRAZOLE+DOMPERIDONE) 40MG/30MG CAP,<NA>,5.0,pcs,0.2,120.0,20.0,20.0,345.60,jane,8198340120678351647,SALE
2023-05-11,19433,19425.0,4806520351211,CLODIN (CLONIDINE) 150MG TAB,2023-10-01,30.0,pcs,0.2,225.6,3.75,113.1,,jane,8352413409686530557,SALE
2023-05-11,19434,19426.0,4800488070276,CHARMEE COTTONY SULIT PACK 20s,2026-01-03,1.0,pcs,0.0,50.0,40.59,9.41,50.00,jane,3124817698663164176,SALE
2023-05-11,19435,19427.0,4800067123133,APOLLO LIPBALM PINK 7G,2025-02-01,1.0,pcs,0.0,60.5,54.0,6.5,60.50,jane,4772235164792167292,SALE
2023-05-11,19436,19428.0,22695376,GREAT STERILE LATEX SURGICAL GLOVES 8,<NA>,1.0,pcs,0.0,27.75,15.0,12.75,27.75,jane,6479171283144393071,SALE
2023-05-11,19437,19429.0,1900010113,INHIBITA (OMEPRAZOLE) 40MG EC TAB,2024-04-01,4.0,pcs,0.0,36.0,3.6,21.6,85.50,jane,3037273125590057467,SALE
2023-05-11,19437,19429.0,4807788048462,DIATABS (LOPERAMIDE) CAP,2027-01-03,6.0,pcs,0.0,49.5,7.15,6.57,,jane,7594962923419684548,SALE
2023-05-11,19438,19430.0,4029799118167,SINUPRET FORTE DRAGEES,2024-09-01,12.0,pcs,0.2,100.7,11.32,-35.17,694.79,jane,17142665563427346478,SALE
2023-05-11,19438,19430.0,4800204001614,APLOSYN OTIC DROP 5ML,2024-09-05,1.0,pcs,0.2,289.29,361.0,-71.71,,jane,6666133147251416139,SALE
2023-05-11,19438,19430.0,4806525170701,KLARITHIX (CLARITHROMYCIN) 500MG FCT,2023-09-01,11.0,pcs,0.2,272.8,10.33,159.17,,jane,16279970187863475060,SALE
2023-05-11,19438,19430.0,4806524772906,AMLOTHIX (AMLODIPINE) 5MG TAB,2026-01-08,20.0,pcs,0.2,32.0,0.35,25.0,,jane,2288123609332438523,SALE
2023-05-11,19439,19431.0,8996001600399,LE MINERALE 1.5ML,<NA>,2.0,pcs,0.0,60.0,17.6,24.8,60.00,jane,14913533733450907850,SALE
2023-05-11,19440,19432.0,4807788550958,KREMIL S ADVANCE (FAMOTIDINE + CALCIUM CARBONATE + MAGNESIUM HYDROXIDE) TAB,2024-03-26,4.0,pcs,0.0,87.0,18.87,11.53,504.50,jane,5404761410786031977,SALE
2023-05-11,19440,19432.0,4807788561688,BIOGESIC (PARACETAMOL) 500MG TAB,2026-03-01,10.0,pcs,0.0,42.5,3.65,6.01,,jane,11667572905034065564,SALE
2023-05-11,19440,19432.0,4800281329632,FLANAX FORTE (NAPROXEN) 550MG TAB,<NA>,6.0,pcs,0.0,139.5,20.87,14.31,,jane,12600446680416647069,SALE
2023-05-11,19440,19432.0,4807788407375,DOLFENAL (MEFENAMIC ACID) 500MG,2027-01-20,6.0,pcs,0.0,186.0,29.34,9.97,,jane,1690704341839858482,SALE
2023-05-11,19441,19433.0,4807788519207,CEELIN DROP 30ML,2024-05-15,1.0,pcs,0.0,137.0,123.77,13.23,235.00,jane,4185377522708202918,SALE
2023-05-11,19441,19433.0,4807788568083,TIKI-TIKI 30ML DRP BOT,2023-12-09,1.0,pcs,0.0,98.0,81.67,16.33,,jane,5479655744317427560,SALE
2023-05-11,RC0,19434.0,4806534570240,CETRINOVA (CETIRIZINE) 10MG FC TAB,<NA>,5.0,pcs,0.0,15.0,0.3,13.5,0.00,8001,9323584829285411816,SALE
2023-05-11,19442,19435.0,4806523302241,FLAGEX (METRONIDAZOLE) 500MG TAB,<NA>,21.0,pcs,0.0,50.4,0.95,30.45,496.40,jane,12418831703880888577,SALE
2023-05-11,19442,19435.0,4806531820744,BACIFLORA PROBIOTIC DIETARY SUPP 5ML,2024-01-18,6.0,pcs,0.0,192.0,25.34,39.96,,jane,12166945045994083666,SALE
2023-05-11,19442,19435.0,4800136730019,ERCEFLORA (BASILLUS CLAUSII) ORAL SOLUTION 5ML,2024-03-31,4.0,pcs,0.0,164.0,37.81,12.76,,jane,11046387937743985594,SALE
2023-05-11,19442,19435.0,62959100,HYOSWELL (HYOSCINE-N-BUTYLBROMIDE) 10MG TAB,2024-01-09,15.0,pcs,0.0,90.0,2.2,57.0,,jane,1975362020593125533,SALE
2023-05-11,19443,19436.0,4806534570240,CETRINOVA (CETIRIZINE) 10MG FC TAB,<NA>,5.0,pcs,0.0,15.0,0.36,13.2,15.00,jane,3696213264503315796,SALE
2023-05-11,19444,19437.0,4800136390084,DULCOLAX (BISACODYL) TAB,2025-02-28,1.0,pcs,0.0,23.0,20.5,2.5,36.50,jane,15373846354153046870,SALE
2023-05-11,19444,19437.0,4800304810130,BONAMINE (MECLYCINE HYDROCLHORIDE) CHEW (ADULT) 25MG TAB,2026-01-31,1.0,pcs,0.0,13.5,11.91,1.59,,jane,38071422550712081,SALE
2023-05-11,19445,19438.0,8996001600269,LE MINERALE 600ML,<NA>,1.0,pcs,0.0,15.0,9.2,5.8,15.00,jane,9708814434196914497,SALE
2023-05-11,19446,19439.0,500001000123,I-SHIELD ICE BAG 6&#039;,<NA>,1.0,pcs,0.0,144.9,69.0,75.9,219.90,jane,16853003179747321978,SALE
2023-05-11,19446,19439.0,8850360390028,STREPSILS LOZ DRY COUGH 6s,<NA>,1.0,pcs,0.0,75.0,67.93,7.07,,jane,9668898207773695023,SALE
2023-05-11,19447,19440.0,8996001600269,LE MINERALE 600ML,<NA>,1.0,pcs,0.0,15.0,9.2,5.8,15.00,jane,8366661278776390360,SALE
2023-05-11,19448,19441.0,4800333900437,AUGMENTIN (CO-AMOXICLAV) 457MG 70ML,2024-04-30,1.0,pcs,0.0,417.75,348.06,69.69,692.75,jane,8511216054608234822,SALE
2023-05-11,19448,19441.0,4807788547194,ALLERZET (LEVOCETIRIZINE + DIHYDROCHLORIDE) 2.5MG/5ML SYR 60ML,2024-09-26,1.0,pcs,0.0,275.0,229.15,45.85,,jane,14751951258867422120,SALE
2023-05-11,19449,19442.0,40382295926,POCARI SWEAT ION DRINK 500ML,<NA>,1.0,pcs,0.0,54.0,45.38,8.63,54.00,jane,15816917044397637158,SALE
2023-05-11,19450,19443.0,4806032200281,POTEN CEE + C COLLAGEN 10S PACK,<NA>,1.0,pcs,0.0,197.5,177.27,20.23,197.50,jane,12393584317952980756,SALE
2023-05-11,19451,19444.0,4800067702321,BBFLO GENTLE BUDS WHITE 200s TIPS+36 TIPS,<NA>,1.0,pcs,0.0,32.0,26.78,5.23,47.00,jane,17595662391981860049,SALE
2023-05-11,19451,19444.0,4800067122068,CLEENE CLIO TBRUSH ECONOMY,2032-02-20,1.0,pcs,0.0,15.0,11.25,3.75,,jane,4791101723021562237,SALE
2023-05-11,19452,19445.0,4806513103018,HAILEY TAWAS SOFT & SCENTED,2025-03-01,2.0,pcs,0.0,31.0,12.95,5.1,97.00,jane,1463835229802225491,SALE
2023-05-11,19452,19445.0,4809012413466,KATINKO INHALER,2025-02-28,1.0,pcs,0.0,66.0,55.08,10.92,,jane,4638420401335225299,SALE
2023-05-11,19453,19446.0,29253999,CEFUSAPH (CEFUROXIME AXETIL) 500MG FC TAB,2024-10-01,14.0,pcs,0.2,280.0,7.5,175.0,625.03,jane,13871801450476338948,SALE
2023-05-11,19453,19446.0,4806524147131,EMICOX (CELECOXIB) 200MG,2023-08-01,4.0,pcs,0.2,15.71,1.47,9.81,,jane,18404097894649945802,SALE
2023-05-11,19453,19446.0,4800324090277,MYONAL (EPERISONE HYDROCHLORIDE) TAB,2025-08-31,15.0,pcs,0.2,289.32,23.73,-66.63,,jane,4587442266864470064,SALE
2023-05-11,19453,19446.0,8904179014702,NOVASARTAN (LOSARTAN K) 50MG FC TAB,2025-02-01,20.0,pcs,0.2,40.0,0.78,24.4,,jane,67868382793511229,SALE
2023-05-11,19454,19447.0,4800488959328,NURSY BABY WIPES SCENTED 66&#039;S,2025-03-18,1.0,pcs,0.0,68.5,59.35,9.15,68.50,jane,6020147952065718846,SALE
2023-05-11,19455,19448.0,8996001600269,LE MINERALE 600ML,<NA>,1.0,pcs,0.0,15.0,9.2,5.8,15.00,jane,4155175106330661749,SALE
2023-05-11,19456,19449.0,745110103516,ALCOSURE ISOPROPYL ALC 70% 3.7L,2025-01-11,1.0,pcs,0.09,350.35,250.0,100.35,350.35,jane,1240270337708201535,SALE
2023-05-11,19457,19450.0,47137530,GLOMED STERILE POWDER FREE GLOVES 6.5,<NA>,2.0,pcs,0.0,50.0,15.0,20.0,50.00,jane,13934989721428460746,SALE
2023-05-11,19458,19451.0,4800064610414,TRUST PILLS,2025-11-14,1.0,pcs,0.0,49.25,45.47,3.78,49.25,jane,7060428577573960668,SALE
2023-05-11,19459,19452.0,4807788079466,KREMIL S (ALUMINUM HYDROXIDE + MAGNESIUM HYDROXIDE + SIMETICONE) TAB,2023-11-04,2.0,pcs,0.0,16.0,6.69,2.62,16.00,jane,16240038119113300903,SALE
2023-05-11,19460,19453.0,8996001600269,LE MINERALE 600ML,<NA>,1.0,pcs,0.0,15.0,9.2,5.8,15.00,jane,9138030691457744075,SALE
2023-05-11,19461,19454.0,4800261123755,ISORE OPHTALMIC SOLUTION 5ML,<NA>,1.0,pcs,0.0,172.5,93.0,79.5,659.00,jane,14005933464022295063,SALE
2023-05-11,19461,19454.0,4806528271337,ALCLAV NEO (CO-AMOXICLAV) 625MG TAB,2024-06-30,14.0,pcs,0.0,308.0,18.3,51.87,,jane,2310682784405045588,SALE
2023-05-11,19461,19454.0,4806524147131,EMICOX (CELECOXIB) 200MG,2023-08-01,10.0,pcs,0.0,55.0,1.47,40.26,,jane,16008279050425648015,SALE
2023-05-11,19461,19454.0,4800369000286,ASFRENONSYR 2MG 60ML SYR,2024-11-30,1.0,pcs,0.0,93.5,81.34,12.16,,jane,4648519539517912326,SALE
2023-05-11,19461,19454.0,4806534570240,CETRINOVA (CETIRIZINE) 10MG FC TAB,<NA>,10.0,pcs,0.0,30.0,0.36,26.4,,jane,9896288815898293834,SALE
2023-05-11,19462,19455.0,4800488958826,EQ DRY NB 4&#039;S,<NA>,1.0,pcs,0.0,33.0,27.74,5.26,33.00,jane,15583535789099032430,SALE
2023-05-11,19463,19456.0,4806523302241,FLAGEX (METRONIDAZOLE) 500MG TAB,<NA>,10.0,pcs,0.0,24.0,0.95,14.5,49.00,jane,268364623564342111,SALE
2023-05-11,19463,19456.0,4806524140477,CYFROX (CIPROFLOXACIN) 500MG TAB,2023-12-01,5.0,pcs,0.0,25.0,1.65,16.75,,jane,17578714151733318761,SALE
2023-05-11,19464,19457.0,746876000705,CALMOSEPTINE (ZINC OXIDE+ CALAMINE) 3.5G OINT SAC,2025-07-31,1.0,pcs,0.0,36.0,32.4,3.6,36.00,jane,1560805054640167914,SALE
2023-05-11,19465,19458.0,4806502850008,SYMDEX D TAB,2024-03-01,2.0,pcs,0.0,7.0,1.51,3.98,7.00,jane,6709044876583443767,SALE
2023-05-11,19466,19459.0,4807788559593,NEOZEP FORTE (PHENYLEPHRINE HCL + PARACETAMOL) TAB,2025-08-29,4.0,pcs,0.0,23.0,5.19,2.24,23.00,jane,14226145072499928147,SALE
2023-05-11,19467,19460.0,8885015220115,EYE MO BLUE (HYPROMELLOS,2025-07-31,1.0,pcs,0.0,103.75,90.86,12.89,103.75,jane,13494746672403096084,SALE
2023-05-11,19468,19461.0,8964001206033,CELCOXX (CELECOXIB) 200MG CAP,2024-07-01,3.0,pcs,0.0,93.75,28.64,7.83,223.75,jane,16232944239117455436,SALE
2023-05-11,19468,19461.0,4807788550958,KREMIL S ADVANCE (FAMOTIDINE + CALCIUM CARBONATE + MAGNESIUM HYDROXIDE) TAB,2024-03-26,5.0,pcs,0.0,108.75,18.87,14.41,,jane,2907618668171288367,SALE
2023-05-11,19468,19461.0,4807788561688,BIOGESIC (PARACETAMOL) 500MG TAB,2026-03-01,5.0,pcs,0.0,21.25,3.65,3.0,,jane,13334517902130983199,SALE
2023-05-11,19469,19462.0,4806502351901,SANICARE BATHROOM TISSUE 1&#039;S,<NA>,1.0,pcs,0.0,18.5,15.16,3.34,18.50,jane,10857049617468568717,SALE
2023-05-11,19470,19463.0,39572141,ADVAN PREGNANCY TEST,2024-03-01,1.0,pcs,0.0,40.0,9.6,30.4,40.00,jane,6910932157706168359,SALE
2023-05-11,19471,19464.0,4987176009678,VICKS VAPORUB 25G,2024-12-01,1.0,pcs,0.0,106.0,96.35,9.65,106.00,jane,11316908210685883113,SALE
2023-05-11,19472,19465.0,4809014258249,TOOTHACHE DROPS (LAR,2024-08-31,1.0,pcs,0.0,22.0,18.01,3.99,22.00,jane,2562210009853224491,SALE
2023-05-11,19473,19466.0,25213478,SAPHORMIN T500 (METFORMIN HCL) 500MG TAB,2024-04-01,10.0,pcs,0.0,11.2,0.37,7.55,143.90,jane,2662264134750229961,SALE
2023-05-11,19473,19466.0,8944164010272,CARVIDA (CARVEDILOL) 6.25MG TAB,2024-06-01,6.0,pcs,0.0,55.2,3.0,37.2,,jane,15387884121673931126,SALE
2023-05-11,19473,19466.0,8002660031594,ISOPTIN (VERAPAMIL) 40MG TAB,2024-02-29,2.0,pcs,0.0,77.5,34.59,8.31,,jane,6078814174683545725,SALE
2023-05-11,19474,19467.0,4807788079466,KREMIL S (ALUMINUM HYDROXIDE + MAGNESIUM HYDROXIDE + SIMETICONE) TAB,2023-11-04,1.0,pcs,0.0,8.0,6.69,1.31,8.00,jane,4982297115771108197,SALE
2023-05-11,19475,19468.0,4807788058034,FERLIN DROPS 15ML,<NA>,1.0,pcs,0.0,154.0,128.32,25.68,154.00,jane,7753936930787535869,SALE
2023-05-11,19476,19469.0,8996001600269,LE MINERALE 600ML,<NA>,3.0,pcs,0.0,45.0,9.2,17.4,130.00,jane,12498726632856938002,SALE
2023-05-11,19476,19469.0,8996001600399,LE MINERALE 1.5ML,<NA>,1.0,pcs,0.0,30.0,17.6,12.4,,jane,13204259567966840849,SALE
2023-05-11,19476,19469.0,4806502359914,FEMME INTERFOLDED PAPER TOWEL 1PLY,<NA>,1.0,pcs,0.0,55.0,45.75,9.25,,jane,2716461374574724774,SALE
2023-05-11,19477,19470.0,4800067051689,BBFLO BOTTLE TRANSPA HEXA 4OZ,<NA>,2.0,pcs,0.0,150.0,66.5,17.0,150.00,camille,17512395600428579336,SALE
2023-05-11,19478,19471.0,8996001600399,LE MINERALE 1.5ML,<NA>,3.0,pcs,0.0,90.0,17.6,37.2,90.00,camille,12411584674631251414,SALE
2023-05-11,19479,19472.0,4801981164714,WILKINS DISTILLED 7L,<NA>,1.0,pcs,0.0,92.5,71.43,21.07,92.50,camille,18343204138035462066,SALE
2023-05-11,19480,19473.0,4800064630023,LADY PILLS (ETHINYL ESTRADIOL + LEVONORGESTEROL,2024-11-05,1.0,pcs,0.0,48.5,40.33,8.17,48.50,camille,17154047596439489179,SALE
2023-05-11,19481,19474.0,8996001600399,LE MINERALE 1.5ML,<NA>,1.0,pcs,0.0,30.0,17.6,12.4,30.00,camille,1124774237385860169,SALE
2023-05-11,19482,19475.0,4800360081727,SALINASE MAX (SODIUM CHLORIDE .65% + XYLITOL 2.5%) 30ML,2024-02-29,1.0,pcs,0.0,118.8,99.0,19.8,118.80,camille,14040567283520133722,SALE
2023-05-11,19483,19476.0,4800135002278,MYRA ULTIMATE (ASTAXANTHIN + LYCOPENE + VITAMIN E) CAP,2024-02-08,5.0,pcs,0.0,103.75,18.18,12.85,103.75,camille,6667388078778241974,SALE
2023-05-11,19484,19477.0,4800602087937,WILKINS DISTILLED 1L,<NA>,3.0,pcs,0.0,90.0,23.33,20.01,90.00,camille,11846392126993953651,SALE
2023-05-11,19485,19478.0,4800308765108,SILGRAM (SULTAMICILLIN) 750MG CAP,2025-01-01,14.0,pcs,0.0,763.0,45.21,130.05,763.00,camille,1802245520824000021,SALE
2023-05-11,19486,19479.0,4807788519177,BIOGESIC (PARACETAMOL) 250MG/5ML ORANGE 60ML,<NA>,1.0,pcs,0.0,134.0,121.74,12.26,134.00,camille,3520298531582373528,SALE
2023-05-11,19487,19480.0,4809014678047,PLEMEX FORTE 600MG/5ML 120ML,2025-05-01,1.0,pcs,0.0,180.0,146.33,33.67,180.00,camille,13213500636912529094,SALE
2023-05-11,19488,19481.0,4800888151100,REXONA DEO LOTION PASSION 3ML,<NA>,2.0,pcs,0.0,16.0,6.6,2.8,16.00,camille,16464175271576689829,SALE
2023-05-11,19489,19482.0,4807788519160,BIOGESIC (PARACETAMOL)250MG/5ML STRAW 60ML,2024-01-12,1.0,pcs,0.0,134.0,121.74,12.26,134.00,camille,7371855817228571331,SALE
2023-05-11,19490,19483.0,4800234406465,FORXIGA (DAPAGLIFLOZIN) 10MG,2024-09-30,1.0,pcs,0.2,33.6,32.08,1.52,98.08,camille,10951318506570392385,SALE
2023-05-11,19490,19483.0,8904159620923,FEBUDAY-40 (FEBUXOSTAT) 40MG TAB,2024-10-31,1.0,pcs,0.2,12.68,11.09,1.59,,camille,17384812885037612548,SALE
2023-05-11,19490,19483.0,8906041275778,SPIRODEN (SPIRONOLACTONE) 25MG TAB,2024-04-30,1.0,pcs,0.2,9.29,2.95,6.34,,camille,7015080771774836706,SALE
2023-05-11,19490,19483.0,4806523431033,GIRAN-8 (CANDESARTAN) 8MG TAB,2024-01-04,1.0,pcs,0.2,9.2,4.34,4.86,,camille,18046045752662578843,SALE
2023-05-11,19490,19483.0,8904186000521,TRIMEBET (TRIMETAZIDINE) 35G TAB,2024-05-01,2.0,pcs,0.2,13.6,3.34,6.92,,camille,4730106245973617306,SALE
2023-05-11,19490,19483.0,1900010021,SAPHLOPID (CLOPIDOGREL) 75MG TAB,2025-07-01,1.0,pcs,0.2,4.64,1.11,3.53,,camille,10489556715028855371,SALE
2023-05-11,19490,19483.0,4806505140724,KARVIDOL (CARVEDILOL) 25MG TAB,2024-05-01,1.0,pcs,0.2,6.07,2.65,3.42,,camille,7146819758465350480,SALE
2023-05-11,19490,19483.0,4800153302398,STRESSTABS WIRON TAB,2023-11-29,1.0,pcs,0.2,9.0,9.85,-0.85,,camille,11705422714868262981,SALE
2023-05-11,19491,19484.0,4800350108878,POCARI SWEAT ION DRINK 900ML,<NA>,1.0,pcs,0.0,99.0,78.42,20.58,99.00,camille,482846065072035152,SALE
2023-05-11,19492,19485.0,4807788519696,SOLMUX FORTE 60ML SUSP,<NA>,1.0,pcs,0.0,135.0,123.06,11.94,450.00,camille,58834258770173252,SALE
2023-05-11,19492,19485.0,4807788532022,ALLERKID 5MG SYR 60ML,2024-11-24,1.0,pcs,0.0,315.0,238.32,76.68,,camille,13897594840640336131,SALE
2023-05-11,19493,19486.0,4807788561688,BIOGESIC (PARACETAMOL) 500MG TAB,2026-03-01,20.0,pcs,0.0,85.0,3.65,12.01,85.00,camille,5257092186664155117,SALE
2023-05-11,19494,19487.0,4801962608169,OPIGESIC SUPP 250MG,<NA>,2.0,pcs,0.0,45.0,20.74,3.51,45.00,camille,10280536866448005263,SALE
2023-05-11,19495,19488.0,4800292138087,MICARDIS PLUS (TELMISARTAN + HYDROCHLOROTHIAZIDE) 40MG TAB,2024-09-30,15.0,pcs,0.2,318.0,23.84,-39.6,457.47,camille,16324562346867043110,SALE
2023-05-11,19495,19488.0,10000200185,APTRADOL (TRAMADOL HYDROCHLORIDE) 50MG CAP,2024-07-31,5.0,pcs,0.2,35.72,2.55,22.97,,camille,16287155225691613905,SALE
2023-05-11,19495,19488.0,8885015220115,EYE MO BLUE,2025-09-30,1.0,pcs,0.0,103.75,90.86,12.89,,camille,15547147863140718730,SALE
2023-05-11,19496,19489.0,480778853619,ALAXAN FR (IBUPROFEN + PARACETAMOL) CAP,2025-04-29,2.0,pcs,0.0,17.0,7.94,1.11,17.00,camille,17657908273606732764,SALE
2023-05-11,19497,19490.0,4800338594365,XYCLOVIRAX (ACICLOVIR) 400MG TABLET,2024-03-01,14.0,pcs,0.2,145.04,6.5,54.04,277.17,camille,14764390687785932224,SALE
2023-05-11,19497,19490.0,4806524147131,EMICOX (CELECOXIB) 200MG,2023-08-01,14.0,pcs,0.2,54.99,1.47,34.35,,camille,801391734652297311,SALE
2023-05-11,19497,19490.0,746876000705,CALMOSEPTINE (ZINC OXIDE+ CALAMINE) 3.5G OINT SAC,2025-07-31,3.0,pcs,0.2,77.14,32.4,-20.06,,camille,11572263219958509177,SALE
2023-05-12,19498,19491.0,4807788519184,BIOGESIC (PARACETAMOL) 120MG/5ML OR SYR 60ML,2024-02-24,1.0,pcs,0.0,93.0,77.44,15.56,93.00,camille,9394363725523018824,SALE
2023-05-12,19499,19492.0,71528104703,PROHEALTHCARE DISP. MASK,2025-05-01,1.0,pcs,0.0,120.0,56.0,64.0,120.00,camille,2173592748500491080,SALE
2023-05-12,19500,19493.0,4806531820744,BACIFLORA PROBIOTIC DIETARY SUPP 5ML,2024-01-18,1.0,pcs,0.0,32.0,25.34,6.66,40.25,camille,3164072183213449234,SALE
2023-05-12,19500,19493.0,4807788048462,DIATABS (LOPERAMIDE) CAP,2027-01-03,1.0,pcs,0.0,8.25,7.15,1.1,,camille,14043689885817078550,SALE
2023-05-12,19501,19494.0,4800488959236,CARESS ADULT DIAPER L2,<NA>,1.0,pcs,0.0,45.5,41.36,4.14,45.50,camille,17870939828236161608,SALE
2023-05-12,19502,19495.0,4806523302067,KATHREX (COTRIMOXAZOLE) 960MG TAB,2025-02-01,14.0,pcs,0.0,112.0,1.25,94.5,155.50,camille,3476261128710498267,SALE
2023-05-12,19502,19495.0,4800488070702,NURSY BABY WIPES POWDER SCENT 30&#039;S,2025-06-01,1.0,pcs,0.0,43.5,36.21,7.29,,camille,5923758540779266485,SALE
2023-05-12,19503,19496.0,4800234406465,FORXIGA (DAPAGLIFLOZIN) 10MG,2024-09-30,3.0,pcs,0.2,100.8,32.08,4.57,128.66,camille,646753179967229852,SALE
2023-05-12,19503,19496.0,8906041275778,SPIRODEN (SPIRONOLACTONE) 25MG TAB,2024-04-30,3.0,pcs,0.2,27.86,2.95,19.01,,camille,7239795362363377454,SALE
2023-05-12,19504,19497.0,4807788402646,SOLMUX (CARBOCISTEINE) 500MG CAP,2027-02-13,3.0,pcs,0.0,34.5,10.16,4.01,51.75,camille,2777637989450664830,SALE
2023-05-12,19504,19497.0,4807788559593,NEOZEP FORTE (PHENYLEPHRINE HCL + PARACETAMOL) TAB,2025-01-31,3.0,pcs,0.0,17.25,5.19,1.68,,camille,14380386056261122766,SALE
2023-05-12,19505,19498.0,4800350108878,POCARI SWEAT ION DRINK 900ML,<NA>,1.0,pcs,0.0,99.0,78.42,20.58,198.50,camille,14617408450080397428,SALE
2023-05-12,19505,19498.0,4806534570240,CETRINOVA (CETIRIZINE) 10MG FC TAB,<NA>,4.0,pcs,0.0,12.0,0.36,10.56,,camille,2449809961490581788,SALE
2023-05-12,19505,19498.0,4807788562593,IMMUNPRO 500MG TAB,2024-09-01,10.0,pcs,0.0,87.5,7.44,13.06,,camille,4898274929090965977,SALE
2023-05-12,19506,19499.0,4801010194002,BAND AID PLASTIC STRIPS,2024-01-08,1.0,pcs,0.0,2.5,1.24,1.26,2.50,camille,11030961554561034643,SALE
2023-05-12,19507,19500.0,8996001600764,LE MINERALE 5L,<NA>,1.0,pcs,0.0,85.0,68.4,16.6,85.00,camille,9296967447612715432,SALE
2023-05-12,19508,19501.0,4806518970462,HEPATEK (CARNITINE OROTATE+SILYMARIN+VIT B+ZINC) CAP,2024-10-01,10.0,pcs,0.0,297.5,24.64,51.07,297.50,camille,5687521527912779228,SALE
2023-05-12,19509,19502.0,4800136390039,DULCOLAX SUPP ADULT 10MG,<NA>,2.0,pcs,0.0,122.0,55.2,11.59,122.00,camille,5772937329394748902,SALE
2023-05-12,19510,19503.0,8996001600269,LE MINERALE 600ML,<NA>,1.0,pcs,0.0,15.0,9.2,5.8,15.00,camille,12729752763711081040,SALE
2023-05-12,19511,19504.0,4806506318870,SISTERS PANTYLINER BLUE 8S,2025-09-01,1.0,pcs,0.0,10.0,9.03,0.98,10.00,camille,388193730309330369,SALE
2023-05-12,19512,19505.0,8996001600399,LE MINERALE 1.5ML,<NA>,4.0,pcs,0.0,120.0,17.6,49.6,120.00,camille,4137453819766060764,SALE
2023-05-12,19513,19506.0,4800332237633,DALACIN C (CLINDAMYCIN) 300MG CAP,2024-07-31,3.0,pcs,0.0,281.25,86.06,23.07,281.25,camille,9731673554091041129,SALE
2023-05-12,19514,19507.0,4806501130125,MEDIFORTAN-AS (MULTIVITAMINS + BUCLIZINE HCI ) CAP,2025-01-02,10.0,pcs,0.2,168.24,19.63,-28.03,168.24,camille,17301659216024056110,SALE
2023-05-12,19515,19508.0,9314057002629,DIFFLAM LOZENGES (BENZYDAMINE HYDROCHLORIDE) 3MG,2024-11-30,1.0,pcs,0.0,35.0,26.74,8.26,35.00,camille,2594559673647225942,SALE
2023-05-12,19516,19509.0,71528104703,PROHEALTHCARE DISP. MASK,2025-05-01,0.0,pcs,0.0,0.0,0.0,0.0,0.00,jane,11214368621455436007,SALE
2023-05-12,19517,19510.0,4809014678054,PLEMEX FORTE 600MG/5ML 60ML,<NA>,1.0,pcs,0.0,127.0,105.84,21.16,127.00,camille,5035204857134015271,SALE
2023-05-12,19518,19511.0,4806502850008,SYMDEX D TAB,2024-03-01,3.0,pcs,0.0,10.5,1.51,5.97,10.50,camille,8463846430387248278,SALE
2023-05-12,19519,19512.0,4806030400676,HYPACE (ENALAPRIL MALEATE) 5MG TAB,2026-09-01,18.0,pcs,0.0,193.5,8.94,32.58,193.50,camille,14226173130268050353,SALE
2023-05-12,19520,19513.0,4801288820153,HAPPY ABSORBENT COTTON 10G,2026-10-01,1.0,pcs,0.0,7.0,4.45,2.55,23.75,camille,14780766682230632801,SALE
2023-05-12,19520,19513.0,48033121,IPI SALICYLIC ACID 25ML,2025-08-31,1.0,pcs,0.0,16.75,15.09,1.66,,camille,12387058448968347850,SALE
2023-05-12,19521,19514.0,71528104703,PROHEALTHCARE DISP. MASK,2027-06-24,1.0,pcs,0.0,120.0,56.0,64.0,120.00,camille,4954010199787343454,SALE
2023-05-12,19522,19515.0,8996001600269,LE MINERALE 600ML,<NA>,1.0,pcs,0.0,15.0,9.2,5.8,15.00,camille,15587689955514738020,SALE
2023-05-12,19523,19516.0,4801010105107,JOHNSONS BLOSSOMS BABY POWDER 50G,2025-09-01,1.0,pcs,0.0,23.25,25.42,-2.17,23.25,camille,7882205897973825516,SALE
2023-05-12,19524,19517.0,4800350108878,POCARI SWEAT ION DRINK 900ML,<NA>,1.0,pcs,0.0,99.0,78.42,20.58,99.00,camille,5669183762787544791,SALE
2023-05-12,19525,19518.0,8996001600399,LE MINERALE 1.5ML,<NA>,1.0,pcs,0.0,30.0,17.6,12.4,30.00,camille,1335829574392143999,SALE
2023-05-12,19526,19519.0,8996001600269,LE MINERALE 600ML,<NA>,4.0,pcs,0.0,60.0,9.2,23.2,60.00,camille,7722818960286404828,SALE
2023-05-12,19527,19520.0,4806524781854,NEPHROMIN (KETOANALOGUES+ESSENTIAL AMINO ACIDS) TAB,2024-08-01,90.0,pcs,0.2,1440.0,14.0,180.0,"5,454.00",camille,8704289453990543274,SALE
2023-05-12,19527,19520.0,4806504653348,CORVELAM 800MG (SEVELAMER CARBONATE) TAB,2024-05-01,60.0,pcs,0.2,2040.0,30.54,207.6,,camille,5969848858274430931,SALE
2023-05-12,19527,19520.0,4806504653164,RENAKULT CAP(PROBIOTIC,2024-03-01,90.0,pcs,0.2,1944.0,24.0,-216.0,,camille,1362697950660394795,SALE
2023-05-12,19527,19520.0,4801981119981,WILKINS PURE 1L,<NA>,1.0,pcs,0.0,30.0,14.26,15.74,,camille,12812408360548649095,SALE
2023-05-12,19528,19521.0,4806503122197,SQCEF (CEFUROXIME) 250MG/5ML 50ML SUSP,2024-08-01,2.0,pcs,0.0,550.0,92.0,366.0,718.00,camille,4463680352473249620,SALE
2023-05-12,19528,19521.0,4806527190189,ALLECUR (CETIRIZINE) 5MG/5MML 60ML SYR,2024-03-01,1.0,pcs,0.0,34.0,20.0,14.0,,camille,15133761652933674074,SALE
2023-05-12,19528,19521.0,4807788519733,ASMALINÂ® 2MG SYR 60ML,2024-07-31,1.0,pcs,0.0,134.0,121.61,12.39,,camille,937460563958921374,SALE
2023-05-12,19529,19522.0,4806504652587,ALANERV 920MG CAP,<NA>,10.0,pcs,0.2,637.52,81.0,-172.48,637.52,camille,11597456873729803499,SALE
2023-05-12,19530,19523.0,4806524772906,AMLOTHIX (AMLODIPINE) 5MG TAB,2026-01-08,1.0,pcs,0.0,2.0,0.35,1.65,32.00,camille,11265877749259240641,SALE
2023-05-12,19530,19523.0,8996001600399,LE MINERALE 1.5ML,<NA>,1.0,pcs,0.0,30.0,17.6,12.4,,camille,8741756827271866529,SALE
2023-05-12,19531,19524.0,4806511300273,HOVICOR (HYDROCORTISONE) CREAM 15G,2024-01-01,2.0,pcs,0.2,360.0,90.0,180.0,"1,376.56",camille,10163470112183466841,SALE
2023-05-12,19531,19524.0,8904159620923,FEBUDAY-40 (FEBUXOSTAT) 40MG TAB,2024-10-31,30.0,pcs,0.2,426.0,11.09,93.19,,camille,16995204541793259685,SALE
2023-05-12,19531,19524.0,10000200185,APTRADOL (TRAMADOL HYDROCHLORIDE) 50MG CAP,2024-07-31,6.0,pcs,0.2,48.0,2.55,32.7,,camille,3992690402066729770,SALE
2023-05-12,19531,19524.0,4806529430528,LUMAR ORS 6G SACHET ORANGE,2024-04-01,10.0,pcs,0.2,48.0,2.11,26.9,,camille,3035336500576386601,SALE
2023-05-12,19531,19524.0,29253999,CEFUSAPH (CEFUROXIME AXETIL) 500MG FC TAB,2024-10-01,14.0,pcs,0.2,313.6,7.5,208.6,,camille,9516622010891701260,SALE
2023-05-12,19531,19524.0,4806524772913,AMLOTHIX (AMLODIPINE) 10MG TAB,2026-11-01,30.0,pcs,0.2,42.96,0.37,31.76,,camille,13830008772373558028,SALE
2023-05-12,19531,19524.0,4806508321885,K-LYTE (POTASSIUM CHLORIDE) 600MG TAB,2023-12-31,6.0,pcs,0.0,138.0,11.99,66.04,,camille,769277537857304747,SALE
2023-05-12,19532,19525.0,8885015220115,EYE MO BLUE (HYPROMELLOS,2024-07-01,1.0,pcs,0.0,103.75,90.86,12.89,103.75,camille,6778113280110268090,SALE
2023-05-12,19533,19526.0,4800488959328,NURSY BABY WIPES SCENTED 66,2025-03-18,1.0,pcs,0.0,68.5,59.35,9.15,584.75,camille,4259296820877276148,SALE
2023-05-12,19533,19526.0,4806506749223,ORAHEX ALCOHOL FREE 120ML,<NA>,1.0,pcs,0.0,131.25,109.33,21.92,,camille,18351205952457771805,SALE
2023-05-12,19533,19526.0,745110103516,ALCOSURE ISOPROPYL ALC 70% 3.7L,2024-02-01,1.0,pcs,0.0,385.0,250.0,135.0,,camille,17608963632360688570,SALE
2023-05-12,19534,19527.0,4800304050031,NORVASC (AMLODIPINE BESYLATE) 5MG TAB,2024-09-30,7.0,pcs,0.0,148.75,19.96,9.01,148.75,camille,9976674059864946281,SALE
2023-05-12,19535,19528.0,53953971,TOURNIQUET FLAT BLUE,<NA>,1.0,pcs,0.0,15.0,7.13,7.87,15.00,camille,1502742917219760685,SALE
2023-05-12,19536,19529.0,50808076,"TOPCARE TONGUE DEPRESSOR 6"" STERILE",2027-01-04,25.0,pcs,0.0,75.0,1.1,47.5,75.00,camille,15097105552559735951,SALE
2023-05-12,19537,19530.0,4806502350126,B.T. TISYU 4&#039;S 400SH 2P,<NA>,1.0,pcs,0.0,60.5,50.25,10.25,287.50,camille,2243675791347647270,SALE
2023-05-12,19537,19530.0,4800488070030,CARESS ADULT DIAPER L10+1,2025-09-25,1.0,pcs,0.0,227.0,206.31,20.69,,camille,7916667526782877642,SALE
2023-05-12,19538,19531.0,8964001206033,CELCOXX (CELECOXIB) 200MG CAP,2024-07-01,14.0,pcs,0.0,437.5,28.64,36.54,915.50,camille,10494576272725708191,SALE
2023-05-12,19538,19531.0,4809030034025,PARTNERS GAUZE BANDAGE ROLL 4X10,<NA>,2.0,pcs,0.0,100.0,11.68,76.64,,camille,3899265994123443504,RETURN
2023-05-12,19538,19531.0,4800047820014,GREENCROSS 70% 500ML,2025-05-31,1.0,pcs,0.0,97.5,74.48,23.02,,camille,4561000076534158027,SALE
2023-05-12,19538,19531.0,4800047820199,GREENCROSS 70% W/ MOIST 250ML,2025-06-01,1.0,pcs,0.0,51.75,43.21,8.54,,camille,932228177293225258,SALE
2023-05-12,19538,19531.0,48035880,BETADINE (POVIDONE IODINE) WOUND SOLUTION 7.5ML,2026-12-31,1.0,pcs,0.0,36.75,34.4,2.35,,camille,12130104985080621579,SALE
2023-05-12,19538,19531.0,6582773211,STRESS BALL,<NA>,1.0,pcs,0.0,30.0,25.0,5.0,,camille,11580303485520916894,SALE
2023-05-12,19538,19531.0,40382295926,POCARI SWEAT ION DRINK 500ML,<NA>,3.0,pcs,0.0,162.0,45.38,25.88,,camille,14697190304299982512,SALE
2023-05-12,19539,19532.0,4800602087937,WILKINS DISTILLED 1L,<NA>,1.0,pcs,0.0,30.0,23.33,6.67,582.90,camille,10454613831749612001,SALE
2023-05-12,19539,19532.0,4809013625080,MX3 COFFEE,2024-08-20,10.0,pcs,0.0,180.0,16.02,19.8,,camille,1167512298416203186,SALE
2023-05-12,19539,19532.0,4800011736020,OMEGA PAIN KILLER 30ML,2025-12-31,1.0,pcs,0.0,34.75,30.38,4.37,,camille,7218957215725240870,SALE
2023-05-12,19539,19532.0,4806512431860,PAU MASAJE ORANGE 60ML,<NA>,1.0,pcs,0.0,78.0,70.5,7.5,,camille,3437582206321027340,SALE
2023-05-12,19539,19532.0,4806501283142,WHITE FLOWER C#4 2.5ML,2027-04-01,1.0,pcs,0.0,53.9,45.7,8.2,,camille,6323946698655727349,SALE
2023-05-12,19539,19532.0,4800047860706,GREENCROSS 40% W/ MOIST 500ML,2025-05-31,1.0,pcs,0.0,75.0,56.79,18.21,,camille,2743717818051709945,SALE
2023-05-12,19540,19533.0,8851198078522,STREPSILS LOZ EXTRA STRONG 8s,2025-04-01,1.0,pcs,0.0,70.5,60.8,9.7,70.50,camille,15326975904438074217,SALE
2023-05-12,19541,19534.0,99786007,TROMBOCIL (CILOSTAZOL) 50MG,2024-05-01,10.0,pcs,0.2,354.0,26.67,87.3,527.20,camille,1701332680821920309,SALE
2023-05-12,19541,19534.0,4806517790238,CETADOL (PARACETAMOL + TRAMADOL HCL) 325MG/37.5MG FC TAB,2025-04-24,10.0,pcs,0.2,173.2,18.55,-12.3,,camille,11122683392030705609,SALE
2023-05-12,19542,19535.0,4809015142035,OHHIRAs PROPOLIS 600MG CAP,2024-10-02,20.0,pcs,0.05,1276.8,56.0,156.8,"1,276.80",jane,3778501425303060107,SALE
2023-05-12,19543,19536.0,4806517790450,NUVERT (BETAHISTINE HCL) 16MG FC TAB,2024-04-30,10.0,pcs,0.0,210.0,16.1,49.0,210.00,jane,8885381321888401260,SALE
2023-05-12,19544,19537.0,86544771,ROSUSAPH-10 (ROSUVASTATIN) 10MG FC TAB,2025-03-01,0.0,pcs,0.0,0.0,0.0,0.0,0.00,jane,1729273067765482906,SALE
2023-05-12,19544,19537.0,4806524772913,AMLOTHIX (AMLODIPINE) 10MG TAB,2026-11-01,0.0,pcs,0.0,0.0,0.0,0.0,,jane,8234259196873519703,SALE
2023-05-12,19544,19537.0,8904179014702,NOVASARTAN (LOSARTAN K) 50MG FC TAB,2025-02-01,0.0,pcs,0.0,0.0,0.0,0.0,,jane,17364225874068242402,SALE
2023-05-12,19544,19537.0,4800308991491,FLUIMUCIL (ACETYLCYTEINE) 600MG TAB,2024-12-31,0.0,pcs,0.0,0.0,0.0,0.0,,jane,4547971415587248065,SALE
2023-05-12,19545,19538.0,9314057002629,DIFFLAM LOZENGES (BENZYDAMINE HYDROCHLORIDE) 3MG,2024-11-30,10.0,pcs,0.0,350.0,26.74,82.59,558.00,jane,13179687204288839106,SALE
2023-05-12,19545,19538.0,4807788561688,BIOGESIC (PARACETAMOL) 500MG TAB,2026-03-01,10.0,pcs,0.0,42.5,3.65,6.01,,jane,12811711081962882168,SALE
2023-05-12,19545,19538.0,4807788571373,REXIDOL FORTE (PARACETAMOL+CAFFEINE) TAB,<NA>,10.0,pcs,0.0,57.5,4.72,10.33,,jane,8790261389248067801,SALE
2023-05-12,19545,19538.0,8935196509315-1,SALONPAS PLASTER 20s,2024-11-01,1.0,pcs,0.0,108.0,93.24,14.76,,jane,5428797459780081480,SALE
2023-05-12,19546,19539.0,8904179014702,NOVASARTAN (LOSARTAN K) 50MG FC TAB,2025-02-01,30.0,pcs,0.2,60.0,0.78,36.6,377.96,jane,1479837361448753920,SALE
2023-05-12,19546,19539.0,86544771,ROSUSAPH-10 (ROSUVASTATIN) 10MG FC TAB,2025-03-01,30.0,pcs,0.2,186.0,3.1,93.0,,jane,8680933086177838233,SALE
2023-05-12,19546,19539.0,4807788558381,EXFLEM (ACETYLCYSTEINE) 600MG SACH,<NA>,2.0,pcs,0.0,89.0,36.96,15.08,,jane,7850529157453102701,SALE
2023-05-12,19547,19540.0,4800318002392,CALTRATE ADVANCE TAB 30s,2024-08-16,1.0,pcs,0.0,248.0,236.24,11.76,739.50,jane,8087123763188739496,SALE
2023-05-12,19547,19540.0,4800153302374,STRESSTABS W/. IRON TAB 30&#039;S,2025-05-24,1.0,pcs,0.0,315.0,279.3,35.7,,jane,10291327704649570151,SALE
2023-05-12,19547,19540.0,4806534570240,CETRINOVA (CETIRIZINE) 10MG FC TAB,<NA>,20.0,pcs,0.0,60.0,0.36,52.8,,jane,18240924206844565764,SALE
2023-05-12,19547,19540.0,4807788561688,BIOGESIC (PARACETAMOL) 500MG TAB,2026-03-01,20.0,pcs,0.0,85.0,3.65,12.01,,jane,4141263599827551423,SALE
2023-05-12,19547,19540.0,4807788417206,MEDICOL ADVANCE SOFTGEL (IBUPROFEN) CAP,2024-02-25,5.0,pcs,0.0,31.5,5.66,3.2,,jane,5116598449846886342,SALE
2023-05-12,19548,19541.0,8935196509315-1,SALONPAS PLASTER 20s,2025-06-30,1.0,pcs,0.0,108.0,93.24,14.76,108.00,jane,9693440505788562592,SALE
2023-05-12,19549,19542.0,38119798,ATORSAPH-20 (ATORVASTATIN) 20MG FC TAB,<NA>,1.0,pcs,0.0,3.5,0.95,2.55,3.50,jane,7279266809472330461,SALE
2023-05-12,19550,19543.0,4800292103047,CATAPRES TAB (ETHYL ALC) 75MCG,2024-11-30,1.0,pcs,0.0,38.0,30.2,7.8,38.00,jane,14097270920548484855,SALE
2023-05-13,19551,19544.0,4800602087937,WILKINS DISTILLED 1L,<NA>,1.0,pcs,0.0,30.0,23.33,6.67,30.00,camille,1541797662248029711,SALE
2023-05-13,19552,19545.0,4801981164714,WILKINS DISTILLED 7L,<NA>,1.0,pcs,0.0,92.5,71.43,21.07,92.50,camille,14002306067069022050,SALE
2023-05-13,19553,19546.0,72414791587,SPECIMEN COLLECTION KIT,<NA>,2.0,pcs,0.0,24.0,4.0,16.0,24.00,camille,206763303278441660,SALE
2023-05-13,19554,19547.0,40382295926,POCARI SWEAT ION DRINK 500ML,<NA>,1.0,pcs,0.0,54.0,45.38,8.63,77.25,camille,2100243449703653937,SALE
2023-05-13,19554,19547.0,4801010105107,JOHNSONS BLOSSOMS BABY POWDER 50G,2025-09-01,1.0,pcs,0.0,23.25,25.42,-2.17,,camille,17407809292532714864,SALE
2023-05-13,19555,19548.0,4806519380079,ANALMIN 500MG CAP,<NA>,6.0,pcs,0.2,10.7,1.17,3.68,10.70,camille,1929123483160829549,SALE
2023-05-13,19556,19549.0,24019699,SANITARY BALM (CAMPHOR+MENTHOL) 32G,2027-08-31,1.0,pcs,0.0,53.0,44.17,8.83,53.00,camille,9620358513251632862,SALE
2023-05-13,19557,19550.0,4800488070283,CARESS ADULT DIAPER XL10,2025-08-01,3.0,pcs,0.0,941.25,285.05,86.1,"1,148.25",camille,13949189061608905298,SALE
2023-05-13,19557,19550.0,4800047820199,GREENCROSS 70% W/ MOIST 250ML,2025-06-01,4.0,pcs,0.0,207.0,43.21,34.14,,camille,687180267210776352,SALE
2023-05-13,19558,19551.0,8851198078522,STREPSILS LOZ EXTRA STRONG 8s,2025-04-01,1.0,pcs,0.0,70.5,60.8,9.7,80.00,camille,4265755225833484899,SALE
2023-05-13,19558,19551.0,4800204506027,PHAREX VIT BCOMPLEX (VITAMIN B1 + B6 + B12,2023-08-01,2.0,pcs,0.0,9.5,3.86,1.78,,camille,14640366189876420110,SALE
2023-05-13,19559,19552.0,4800602087937,WILKINS DISTILLED 1L,<NA>,3.0,pcs,0.0,90.0,23.33,20.01,373.00,camille,17062178855140469531,SALE
2023-05-13,19559,19552.0,8935196509315-1,SALONPAS PLASTER 20s,2024-11-01,1.0,pcs,0.0,108.0,93.24,14.76,,camille,3229199251279159841,SALE
2023-05-13,19559,19552.0,40382295926,POCARI SWEAT ION DRINK 500ML,<NA>,2.0,pcs,0.0,108.0,45.38,17.25,,camille,14056587813900075383,SALE
2023-05-13,19559,19552.0,8850007814290,LISTERINE COOL MINT 100ML,2025-10-10,1.0,pcs,0.0,67.0,53.15,13.85,,camille,5702449935820623857,SALE
2023-05-13,19560,19553.0,4806501283159,WHITE FLOWER AC#5 1.5ML,2027-07-31,1.0,pcs,0.0,41.0,35.73,5.27,59.00,camille,7510446624901583310,SALE
2023-05-13,19560,19553.0,4800602020934,WILKINS DISTILLED 500ML,<NA>,1.0,pcs,0.0,18.0,13.58,4.42,,camille,1140562391912864019,SALE
2023-05-13,19561,19554.0,4807788560438,NAFARIN A (PHENYLEPROPANOLAMINE HCI + CHLORPHENAMINE MALEATE + PARACETAMOL) TAB,2024-07-01,10.0,pcs,0.0,75.0,6.69,8.05,108.75,camille,12549918541728117465,SALE
2023-05-13,19561,19554.0,4806033304131,RM MEFENAMIC ACID 500MG TAB,2023-07-21,5.0,pcs,0.0,33.75,3.7,15.23,,camille,3961089507902896266,SALE
2023-05-13,19562,19555.0,4807788519702,SOLMUX PED TR 200MG (CARBOCISTEINE) 60ML SYR,2024-05-01,1.0,pcs,0.0,118.75,107.89,10.86,118.75,camille,1414085708478244214,SALE
2023-05-13,19563,19556.0,4807788580931,ALGINA (SODIUM ALGINATE) SUS,2024-04-29,15.0,pcs,0.0,405.0,25.74,18.86,405.00,camille,12555290317180964170,SALE
2023-05-13,19564,19557.0,4806526304747,PARTNERS GLUCOSE STRIPS 25&#039;S CBPC-73,2024-08-01,1.0,pcs,0.0,400.0,172.32,227.68,"1,260.00",camille,2831082368031379281,RETURN
2023-05-13,19564,19557.0,4806526304730,PARTNERS BLOOD GLUCOMETER CBPC-73,<NA>,1.0,pcs,0.0,860.0,391.0,469.0,,camille,13513941439088558521,RETURN
2023-05-13,19565,19558.0,4800488961468,EQ PANTS L 4&#039;S,<NA>,1.0,pcs,0.0,32.5,29.52,2.98,32.50,camille,8326196690394524761,SALE
2023-05-13,19566,19559.0,4800011121543,CASINO FEMME 150ML,2028-01-31,1.0,pcs,0.0,36.75,30.77,5.98,165.75,camille,18095458719764812724,SALE
2023-05-13,19566,19559.0,4800888143365,REXONA MEN ROLL ON ICE COOL 25ML,2024-05-31,1.0,pcs,0.0,65.5,54.6,10.9,,camille,12374431771193721388,SALE
2023-05-13,19566,19559.0,4800119131680,STYLEX STRONG HOLD (CLEAR) 125G,2025-06-30,1.0,pcs,0.0,33.5,26.17,7.34,,camille,3029546447087198514,SALE
2023-05-13,19566,19559.0,8996001600399,LE MINERALE 1.5ML,<NA>,1.0,pcs,0.0,30.0,17.6,12.4,,camille,12710847032189285975,SALE
2023-05-13,19567,19560.0,8996001600399,LE MINERALE 1.5ML,<NA>,1.0,pcs,0.0,30.0,17.6,12.4,30.00,camille,11327168701380097575,SALE
2023-05-13,19568,19561.0,39572141,ADVAN PREGNANCY TEST,2024-03-01,1.0,pcs,0.0,40.0,9.6,30.4,40.00,camille,32992954962197994,SALE
2023-05-13,19569,19562.0,39572141,ADVAN PREGNANCY TEST,2024-03-01,2.0,pcs,0.0,80.0,9.6,60.8,80.00,camille,16057621504693951414,SALE
2023-05-13,19570,19563.0,4809014206110,OMX PROBIOTIC CAP,<NA>,6.0,pcs,0.0,360.0,50.0,60.0,546.00,camille,16736199382952985614,SALE
2023-05-13,19570,19563.0,4800046000844,VIVALYTE PLUS APPLE 4.8G SACHET,2024-06-15,5.0,pcs,0.0,75.0,11.66,16.7,,camille,6539212189749714840,SALE
2023-05-13,19570,19563.0,4800046000752,VIVALYTE E-DRINK ORANGE 250ML,2025-12-15,2.0,pcs,0.0,111.0,46.22,18.55,,camille,1931483385916461025,SALE
2023-05-13,19571,19564.0,4800064610674,TRUST CONDOM REGULAR,<NA>,2.0,pcs,0.0,51.5,19.7,12.1,51.50,camille,5963209347232348497,SALE
2023-05-13,19572,19565.0,4800153300677,ADVIL LIQUIGEL (IBUPROFEN) CAP,2024-10-31,2.0,pcs,0.0,17.2,7.67,1.86,22.20,camille,5815486234226622584,SALE
2023-05-13,19572,19565.0,4801010194002,BAND AID PLASTIC STRIPS,2024-01-08,2.0,pcs,0.0,5.0,1.24,2.53,,camille,13670204660778335770,SALE
2023-05-13,19573,19566.0,4800489114344,ARCOXIA (ETORICOXIB) 90MG TAB,2024-09-01,3.0,pcs,0.0,197.1,57.93,23.32,197.10,camille,133025599884066939,SALE
2023-05-13,19574,19567.0,4801288820504,HAPPY ABSORBENT COTTON 40G,2025-11-30,1.0,pcs,0.0,26.0,17.56,8.44,26.00,camille,2490101666943803756,SALE
2023-05-13,19575,19568.0,4806508841376,DEHYDROSOL (ORS-75 REPLACEMENT) ORAL SOLUTION,<NA>,4.0,pcs,0.0,24.0,2.4,14.4,60.00,camille,10140702501523385331,SALE
2023-05-13,19575,19568.0,4806529430528,LUMAR ORS 6G SACHET,2024-04-01,6.0,pcs,0.0,36.0,2.11,23.34,,camille,15194549516843725841,SALE
2023-05-13,19576,19569.0,4806033305480,RM LOSARTAN 50MG TAB,2024-01-31,13.0,pcs,0.0,166.4,8.98,49.68,166.40,camille,1982747965118752852,SALE
2023-05-13,19577,19570.0,4807788417206,MEDICOL ADVANCE SOFTGEL (IBUPROFEN) CAP,2024-02-25,2.0,pcs,0.0,12.6,5.66,1.28,12.60,camille,10814522228475869257,SALE
2023-05-13,19578,19571.0,8996001600269,LE MINERALE 600ML,<NA>,1.0,pcs,0.0,15.0,9.2,5.8,15.00,camille,2555160369375191027,SALE
2023-05-13,19579,19572.0,4806504269921,PREND (PREDNISONE) 20MG TAB,2023-09-01,9.0,pcs,0.2,35.35,2.3,14.65,92.47,camille,1829590304737508471,SALE
2023-05-13,19579,19572.0,4809015596449,CETOZ-L (LEVOCETIRIZINE DIHYDROCHLORIDE) 5MG FCT,2024-07-01,20.0,pcs,0.2,57.12,1.82,20.72,,camille,11863771781232237075,SALE
2023-05-13,19580,19573.0,4806032200281,POTEN CEE + C COLLAGEN 10S PACK,<NA>,1.0,pcs,0.0,197.5,177.27,20.23,197.50,camille,9933096005942146699,SALE
2023-05-13,19581,19574.0,4806517242294,RESTOR-F (MULTIVITAMINS + MINERALS) CAPSULE,2024-12-07,15.0,pcs,0.2,289.32,19.71,-6.33,"2,451.27",camille,9165131915606925519,SALE
2023-05-13,19581,19574.0,4809015142035,OHHIRAs PROPOLIS 600MG CAP,2024-10-02,30.0,pcs,0.05,1915.2,56.0,235.2,,camille,9703154409539154304,SALE
2023-05-13,19581,19574.0,8850007371397,MODESS REGULAR NON WINGS 8&#039;S,<NA>,1.0,pcs,0.0,39.25,35.65,3.6,,camille,164523198032870730,SALE
2023-05-13,19581,19574.0,4807788401465,APPEBON W/ IRON (VITAMINS-B COMPLEX + IRON + BUCLIZINE HCI) CAP,<NA>,10.0,pcs,0.0,207.5,19.06,16.9,,camille,10894371104882888420,SALE
2023-05-13,19582,19575.0,4806506318856,SISTERS NIGHT PLUS 8&#039;S W/ WINGS,2025-09-01,1.0,pcs,0.0,31.0,22.07,8.93,31.00,camille,18125667165528085127,SALE
2023-05-13,19583,19576.0,1900010113,INHIBITA (OMEPRAZOLE) 40MG EC TAB,2024-04-01,5.0,pcs,0.0,45.0,3.6,27.0,45.00,camille,7662670283403612552,SALE
2023-05-13,19584,19577.0,4806517790252,ICOX (CELCOXIB) 200MG CAP,2025-05-31,2.0,pcs,0.0,48.0,18.38,11.25,48.00,camille,13360857036612752273,SALE
2023-05-13,19585,19578.0,4800284162120,ROWATINEX CAP,2026-04-30,6.0,pcs,0.0,198.0,28.62,26.27,198.00,camille,15623154278807609275,SALE
2023-05-13,19586,19579.0,54021235,GLOBISAPH (KETOANALOGUE) 630MG TAB,2025-02-01,11.0,pcs,0.0,209.0,6.5,137.5,209.00,camille,1105615940833062913,SALE
2023-05-13,19587,19580.0,4807788561688,BIOGESIC (PARACETAMOL) 500MG TAB,2026-05-22,10.0,pcs,0.0,42.5,3.65,6.01,42.50,camille,10439933840910520244,SALE
2023-05-13,19588,19581.0,4800308560857,ZYKAST (MONTELUKAST NA + LEVOCETIRIZINE HCL) TAB 10MG/5MG,2024-10-01,2.0,pcs,0.0,62.5,25.47,11.56,62.50,camille,16449257020516506048,SALE
2023-05-13,19589,19582.0,4800489426577,JANUMET (SITAGLIPTIN + METFORMIN) 50/1000MG TAB,<NA>,14.0,pcs,0.2,316.4,25.1,-35.0,316.40,camille,8376566003715651997,SALE
2023-05-13,19590,19583.0,4800136650027,LASIX TAB 40MG,<NA>,3.0,pcs,0.2,63.6,23.8,-7.8,63.60,camille,7837175553209631972,SALE
2023-05-13,19591,19584.0,4807788558466,HEMARATE FA (IRON + FOLIC ACID + VITAMIN B-COMPLEX) TAB,2024-03-07,6.0,pcs,0.0,143.64,20.59,20.1,143.64,camille,15978246604443326524,SALE
2023-05-13,19592,19585.0,4806522630642,INTERPHIL (IRBESARTAN) 300MG TAB,2024-02-01,10.0,pcs,0.2,124.0,7.75,46.5,218.00,camille,11105834280596881979,SALE
2023-05-13,19592,19585.0,4806524781045,FELOSTAL ER-10 (FELODIPINE) 10MG ER TAB,2024-05-01,10.0,pcs,0.2,94.0,5.25,41.5,,camille,12561656632503676586,SALE
2023-05-13,19593,19586.0,45817663,ROSUSAPH-20 (ROSUVASTATIN) 20MG FC TAB,2025-04-01,5.0,pcs,0.0,72.5,2.58,59.6,72.50,camille,12039677727900951748,SALE
2023-05-13,19594,19587.0,4800488100119,CHARMEE COTTONY HEAVY FLOW NIGHT 8s+1,<NA>,1.0,pcs,0.0,26.0,21.26,4.74,26.00,,6517642882831481061,SALE
2023-05-13,19595,19588.0,4806524142327,OMEPHIL-20 (OMEPRAZOLE) 20MG CAP,2023-11-01,10.0,pcs,0.0,65.0,0.75,57.5,65.00,,13487263062345631253,SALE
2023-05-13,19596,19589.0,48031813,OFF OVERTIME SACHET 6ML,2025-12-20,1.0,pcs,0.0,9.5,7.55,1.95,9.50,,11845734662737608483,SALE
2023-05-13,19597,19590.0,4806529431112,COUXIN (AMBROXOL HCI) 30MG TAB,2025-01-01,3.0,pcs,0.0,6.0,0.48,4.56,66.00,,758252797830005874,SALE
2023-05-13,19597,19590.0,4806521902467,TOPRADONE (PANTOPRAZOLE+DOMPERIDONE) 40MG/30MG CAP,<NA>,2.0,pcs,0.0,60.0,20.0,20.0,,,6941178286581177714,SALE
2023-05-13,19598,19591.0,4807788526762,BIOFLU (PENYLEPHINE + CHLORPHENAMINE + PARACETAMOL) TAB,2024-01-01,10.0,pcs,0.0,80.0,6.37,16.32,80.00,,8561347012072351658,SALE
2023-05-13,19599,19592.0,4807788558381,EXFLEM (ACETYLCYSTEINE) 600MG SACH,<NA>,1.0,pcs,0.0,44.5,36.96,7.54,102.50,,12818519669560494734,SALE
2023-05-13,19599,19592.0,8996001600375,LE MINERALE 330ML,<NA>,1.0,pcs,0.0,11.0,6.33,4.67,,,2374000893716090087,SALE
2023-05-13,19599,19592.0,4029799118167,SINUPRET FORTE DRAGEES,2024-09-01,4.0,pcs,0.0,47.0,11.32,1.71,,,14178676141110331133,SALE
2023-05-13,19600,19593.0,8885015220122,EYE MO RED EYE FORMULA 7.5ML,2025-07-31,1.0,pcs,0.0,94.5,78.55,15.95,94.50,,2410811746426693657,SALE
2023-05-13,19601,19594.0,4800234406465,FORXIGA (DAPAGLIFLOZIN) 10MG,2024-09-30,1.0,pcs,0.2,33.6,32.08,1.52,103.80,,6712046037399290349,SALE
2023-05-13,19601,19594.0,8904159620923,FEBUDAY-40 (FEBUXOSTAT) 40MG TAB,2024-10-31,1.0,pcs,0.2,12.68,11.09,1.59,,,9529846772143837742,SALE
2023-05-13,19601,19594.0,4806523431033,GIRAN-8 (CANDESARTAN) 8MG TAB,2024-04-01,1.0,pcs,0.2,9.2,4.34,4.86,,,1068480412671990744,SALE
2023-05-13,19601,19594.0,4806505140724,KARVIDOL (CARVEDILOL) 25MG TAB,2024-05-01,1.0,pcs,0.2,6.07,2.65,3.42,,,10780258426817019777,SALE
2023-05-13,19601,19594.0,8904186000521,TRIMEBET (TRIMETAZIDINE) 35G TAB,2024-05-01,2.0,pcs,0.2,13.6,3.34,6.92,,,2639970751464432148,SALE
2023-05-13,19601,19594.0,1900010021,SAPHLOPID (CLOPIDOGREL) 75MG TAB,2025-07-01,1.0,pcs,0.2,4.64,1.11,3.53,,,17841947428459085452,SALE
2023-05-13,19601,19594.0,8906041275778,SPIRODEN (SPIRONOLACTONE) 25MG TAB,2024-04-30,1.0,pcs,0.2,9.29,2.95,6.34,,,18189204876531843131,SALE
2023-05-13,19601,19594.0,8944164010272,CARVIDA (CARVEDILOL) 6.25MG TAB,2024-06-01,2.0,pcs,0.2,14.72,3.0,8.72,,,1340684289868487675,SALE
2023-05-13,19602,19595.0,4800602020934,WILKINS DISTILLED 500ML,<NA>,1.0,pcs,0.0,18.0,13.58,4.42,18.00,,10952657860318455003,SALE
2023-05-14,19603,19596.0,4806534570240,CETRINOVA (CETIRIZINE) 10MG FC TAB,<NA>,5.0,pcs,0.0,15.0,0.36,13.2,15.00,jane,3442984553420043948,SALE
2023-05-14,19604,19597.0,15291549203,FOLEY CATH 16,2024-06-01,1.0,pcs,0.0,49.11,35.0,14.11,49.11,jane,13478827265041084853,SALE
2023-05-14,19605,19598.0,4806032201004,POTEN CEE PLUS ZINC (ASCORBIC ACID + ZINC,2023-10-01,2.0,pcs,0.0,16.0,6.22,3.57,56.00,jane,15451868540681829395,SALE
2023-05-14,19605,19598.0,4807788526762,BIOFLU (PENYLEPHINE + CHLORPHENAMINE + PARACETAMOL) TAB,2024-01-01,5.0,pcs,0.0,40.0,6.37,8.16,,jane,9347488672602202567,SALE
2023-05-14,19606,19599.0,4800136390084,DULCOLAX (BISACODYL) TAB,2025-02-28,2.0,pcs,0.0,46.0,20.5,5.0,46.00,jane,12371146036680243425,SALE
2023-05-14,19607,19600.0,4800304810130,BONAMINE (MECLYCINE HYDROCLHORIDE) CHEW (ADULT) 25MG TAB,2026-01-31,14.0,pcs,0.0,189.0,11.91,22.26,189.00,jane,18281706771062701802,SALE
2023-05-14,19608,19601.0,4800135000311,MYRA E 400 CAP,2024-04-21,4.0,pcs,0.0,50.0,11.13,5.48,50.00,jane,80432037408204223,SALE
2023-05-14,19609,19602.0,4800602020934,WILKINS DISTILLED 500ML,<NA>,2.0,pcs,0.0,36.0,13.58,8.84,36.00,jane,12990255049710790126,SALE
2023-05-14,19610,19603.0,4800417005218,BENCH EIGHT BODY SPRAY 75ML,<NA>,1.0,pcs,0.0,92.0,83.6,8.4,92.00,jane,6994200874821812787,SALE
2023-05-14,19611,19604.0,4806528271337,ALCLAV NEO (CO-AMOXICLAV) 625MG TAB,2024-06-30,1.0,pcs,0.1,17.68,18.3,-0.62,17.68,jane,7668828777364130474,SALE
2023-05-14,19612,19605.0,4806521160782,ATENURIX (FEBUXOSTAT) 40MG FCT,2025-02-28,10.0,pcs,0.2,190.0,20.31,-13.1,566.80,jane,10550784150338508228,SALE
2023-05-14,19612,19605.0,4806504260614,APPEVIT (BUCLIZINE HCL+B-COMPLEX+IRON) CAP,2024-09-01,10.0,pcs,0.2,120.0,13.5,-15.0,,jane,13541344476884748109,SALE
2023-05-14,19612,19605.0,4807788547071,ALGESIA (PARACETAMOL + TRAMADOL) 37.5/325 MG TAB,2024-01-26,6.0,pcs,0.2,256.8,48.44,-33.83,,jane,8065240646098031732,SALE
2023-05-14,19613,19606.0,4800153151255,BONAKID 1+ 350G,2023-09-01,1.0,pcs,0.0,242.0,230.0,12.0,242.00,jane,6573171831612994452,SALE
2023-05-14,19614,19607.0,4800602020934,WILKINS DISTILLED 500ML,<NA>,2.0,pcs,0.0,36.0,13.58,8.84,36.00,jane,4778572966678462587,SALE
2023-05-14,19615,19608.0,4800234406465,FORXIGA (DAPAGLIFLOZIN) 10MG,2024-09-30,0.0,pcs,0.0,0.0,0.0,0.0,0.00,jane,1817442606416365161,SALE
2023-05-14,19615,19608.0,1900010021,SAPHLOPID (CLOPIDOGREL) 75MG TAB,2024-10-01,0.0,pcs,0.0,0.0,0.0,0.0,,jane,3617629219514477345,SALE
2023-05-14,19615,19608.0,8904186000521,TRIMEBET (TRIMETAZIDINE) 35G TAB,2024-05-01,0.0,pcs,0.0,0.0,0.0,0.0,,jane,14308884917513880092,SALE
2023-05-14,19615,19608.0,8906041275778,SPIRODEN (SPIRONOLACTONE) 25MG TAB,2024-04-30,0.0,pcs,0.0,0.0,0.0,0.0,,jane,14629602313331202666,SALE
2023-05-14,19615,19608.0,4807788417169,CARVID (CARVEDILOL) 25MG TAB,2024-03-01,0.0,pcs,0.0,0.0,0.0,0.0,,jane,16905251983656724279,SALE
2023-05-14,19615,19608.0,4806524142891,MULTIVIT-PLUS (MULTIVITAMINS) CAP,<NA>,0.0,pcs,0.0,0.0,0.0,0.0,,jane,14968735875140315687,SALE
2023-05-14,19615,19608.0,58289945,ATORSAPH-40 (ATORVASTATIN) 40MG FC TAB,2024-12-01,0.0,pcs,0.0,0.0,0.0,0.0,,jane,11953482565693106752,SALE
2023-05-14,19615,19608.0,4800153302398,STRESSTABS WIRON TAB,2024-01-11,0.0,pcs,0.0,0.0,0.0,0.0,,jane,12910643432742168063,SALE
2023-05-14,19615,19608.0,4800304810062,BONAMINE (MECLYCINE HYDROCLHORIDE) CHEW (KIDS) 12.5MG TAB,2025-07-31,0.0,pcs,0.0,0.0,0.0,0.0,,jane,13432431806180860725,SALE
2023-05-14,19615,19608.0,4987176600776,VICKS VAPORUB 10G,2024-06-30,0.0,pcs,0.0,0.0,0.0,0.0,,jane,11492239655098191231,SALE
2023-05-14,19615,19608.0,4800047820243,GREENCROSS 70% SOLUTION W/ MOIST 150ML,2025-05-31,0.0,pcs,0.0,0.0,0.0,0.0,,jane,15534960920542742483,SALE
2023-05-14,19615,19608.0,8996001600375,LE MINERALE 330ML,<NA>,0.0,pcs,0.0,0.0,0.0,0.0,,jane,12377009096026933901,SALE
2023-05-14,19615,19608.0,4807788568106,TIKI-TIKI 60ML BOT SYR,2024-03-16,0.0,pcs,0.0,0.0,0.0,0.0,,jane,6454653025688083047,SALE
2023-05-14,19615,19608.0,4806033304131,RM MEFENAMIC ACID 500MG TAB,2023-07-21,0.0,pcs,0.0,0.0,0.0,0.0,,jane,8512640955798485769,SALE
2023-05-14,19616,19609.0,4800304010219,CENTRUM SILVER ADV TAB 1s,2024-02-20,3.0,pcs,0.0,39.0,11.7,3.9,39.00,jane,9061122417120137858,SALE
2023-05-14,19617,19610.0,4800304010219,CENTRUM SILVER ADV TAB 1s,2024-02-20,4.0,pcs,0.0,52.0,11.7,5.21,52.00,jane,15541976032248281569,SALE
2023-05-14,19618,19611.0,4800234406465,FORXIGA (DAPAGLIFLOZIN) 10MG,2024-09-30,5.0,pcs,0.2,168.0,32.08,7.62,552.69,jane,5352896793389799182,SALE
2023-05-14,19618,19611.0,1900010021,SAPHLOPID (CLOPIDOGREL) 75MG TAB,2024-10-01,5.0,pcs,0.2,23.2,1.11,17.63,,jane,11870471222114693051,SALE
2023-05-14,19618,19611.0,8904186000521,TRIMEBET (TRIMETAZIDINE) 35G TAB,2024-05-01,5.0,pcs,0.2,34.0,3.34,17.3,,jane,12297631305518421760,SALE
2023-05-14,19618,19611.0,8906041275778,SPIRODEN (SPIRONOLACTONE) 25MG TAB,2024-04-30,5.0,pcs,0.2,46.44,2.95,31.69,,jane,2943406158427516553,SALE
2023-05-14,19618,19611.0,4806524142891,MULTIVIT-PLUS (MULTIVITAMINS) CAP,<NA>,5.0,pcs,0.2,10.0,0.49,7.55,,jane,4395284240633199932,SALE
2023-05-14,19618,19611.0,58289945,ATORSAPH-40 (ATORVASTATIN) 40MG FC TAB,2024-12-01,5.0,pcs,0.2,26.0,1.9,16.5,,jane,15884292988654161741,SALE
2023-05-14,19618,19611.0,4800153302398,STRESSTABS WIRON TAB,2024-01-11,2.0,pcs,0.0,22.5,9.85,2.8,,jane,15694203389548960865,SALE
2023-05-14,19618,19611.0,4800304810062,BONAMINE (MECLYCINE HYDROCLHORIDE) CHEW (KIDS) 12.5MG TAB,2025-07-31,2.0,pcs,0.0,20.8,9.22,2.36,,jane,8804948206253391146,SALE
2023-05-14,19618,19611.0,4987176600776,VICKS VAPORUB 10G,2024-06-30,1.0,pcs,0.0,52.0,44.99,7.01,,jane,13542110174224500990,SALE
2023-05-14,19618,19611.0,4800047820243,GREENCROSS 70% SOLUTION W/ MOIST. 150ML,2025-05-31,1.0,pcs,0.0,37.75,29.41,8.34,,jane,18046718073242574782,SALE
2023-05-14,19618,19611.0,8996001600375,LE MINERALE 330ML,<NA>,1.0,pcs,0.0,11.0,6.33,4.67,,jane,7045051211631466346,SALE
2023-05-14,19618,19611.0,4807788568106,TIKI-TIKI (MULTIVITAMINS) 60ML BOT SYR,2024-03-16,1.0,pcs,0.0,74.0,61.47,12.53,,jane,2260289038784277146,SALE
2023-05-14,19618,19611.0,4806033304131,RM MEFENAMIC ACID 500MG TAB,2023-07-21,4.0,pcs,0.0,27.0,3.7,12.19,,jane,9483313956118438559,SALE
2023-05-14,19619,19612.0,4800602020934,WILKINS DISTILLED 500ML,<NA>,1.0,pcs,0.0,18.0,13.58,4.42,18.00,jane,9052070792036427778,SALE
2023-05-14,19620,19613.0,4800602020934,WILKINS DISTILLED 500ML,<NA>,1.0,pcs,0.0,18.0,13.58,4.42,18.00,jane,10484562489460667180,SALE
2023-05-14,19621,19614.0,4806517790450,NUVERT (BETAHISTINE HCL) 16MG FC TAB,2024-04-30,6.0,pcs,0.0,126.0,16.1,29.4,126.00,jane,10120187851613394038,SALE
2023-05-15,19622,19615.0,48033053,IPI (ACEITE DE MANZANILLA) 25ML,<NA>,1.0,pcs,0.0,14.75,13.14,1.61,14.75,camille,2092067819661006708,SALE
2023-05-15,19623,19616.0,8935196509315-1,SALONPAS PLASTER 20s,2024-11-01,1.0,pcs,0.0,108.0,93.24,14.76,108.00,camille,17612571485688826241,SALE
2023-05-15,19624,19617.0,4807788561688,BIOGESIC (PARACETAMOL) 500MG TAB,2026-03-01,5.0,pcs,0.0,21.25,3.65,3.0,21.25,camille,1553217314270658262,SALE
2023-05-15,19625,19618.0,48040693,JOHNSONS BLOSSOMS BABY POWDER 25G,2025-11-01,1.0,pcs,0.0,15.0,13.64,1.36,15.00,camille,14512724497616019542,SALE
2023-05-15,19626,19619.0,4800253240668,EUTHYROX (LEVOTHYROXINE) 50MCG TAB,2024-04-30,10.0,pcs,0.0,92.5,8.54,7.07,92.50,camille,4033149299057431950,SALE
2023-05-15,19627,19620.0,4800064630023,LADY PILLS (ETHINYL ESTRADIOL + LEVONORGESTEROL,2024-11-05,1.0,pcs,0.0,48.5,40.33,8.17,48.50,camille,17376124564677633838,SALE
2023-05-15,19628,19621.0,4807788563095,DOXOFIX (DOXOFYLLINE) 400MG TAB,2024-04-01,3.0,pcs,0.2,47.69,20.23,-13.0,"1,941.41",camille,10933120955890421274,SALE
2023-05-15,19628,19621.0,4807788558381,EXFLEM (ACETYLCYSTEINE) 600MG SACH,<NA>,30.0,pcs,0.2,953.52,36.96,-155.28,,camille,8804767865240885368,SALE
2023-05-15,19628,19621.0,78901964,AZISAPH (AZITHROMYCIN) 500MG TAB,2024-09-01,15.0,pcs,0.2,190.2,5.0,115.2,,camille,10331056036408280085,SALE
2023-05-15,19628,19621.0,4806534770008,DANZEDIN (SERRAPEPTASE) 80000 EC TAB,<NA>,30.0,pcs,0.2,750.0,27.27,-68.08,,camille,12814161081208114635,SALE
2023-05-15,19629,19622.0,8964001206651,FORTRA (BUDESONIDE+FORMETROL FUMARATE DIHYDRATE) 200MCG/6MCG CANISTER,2024-10-30,1.0,pcs,0.2,440.0,509.15,-69.15,"3,267.32",camille,17078155604230991600,SALE
2023-05-15,19629,19622.0,4807788403360,VESTAR (TRIMETAZIDINE) 35MG TAB,2023-10-01,30.0,pcs,0.2,501.6,20.32,-107.94,,camille,2578919642238419175,SALE
2023-05-15,19629,19622.0,4800136310020,APROVASC (IRBESARTAN + AMLODIPINE) 150MG/5MG TAB,2025-03-01,30.0,pcs,0.2,876.0,28.36,25.2,,camille,13779429014903127646,SALE
2023-05-15,19629,19622.0,8944164010272,CARVIDA (CARVEDILOL) 6.25MG TAB,2025-06-01,30.0,pcs,0.2,220.8,3.0,130.8,,camille,4874601658964015907,SALE
2023-05-15,19629,19622.0,4800136060062,ESSENTIALE FORTE (PHOSPHOLIPIDS) CAP,<NA>,30.0,pcs,0.2,750.0,31.22,-186.69,,camille,14747834333315284789,SALE
2023-05-15,19629,19622.0,4806517790597,SPIROFAR (SPIRONOLACTONE) 25MG TAB,2025-04-30,30.0,pcs,0.2,330.0,10.5,15.0,,camille,14308819941248747409,SALE
2023-05-15,19629,19622.0,1900010021,SAPHLOPID (CLOPIDOGREL) 75MG TAB,2024-10-01,15.0,pcs,0.2,69.6,1.11,52.88,,camille,14086134477013893538,SALE
2023-05-15,19629,19622.0,4806524840018,LANOXIN (DIGOXIN) TAB 0.25MG,<NA>,15.0,pcs,0.2,64.32,5.06,-11.58,,camille,5392135136086349253,SALE
2023-05-15,19629,19622.0,4800067122068,CLEENE CLIO TBRUSH ECONOMY,2032-02-20,1.0,pcs,0.0,15.0,11.25,3.75,,camille,6803837954998330687,SALE
2023-05-15,19630,19623.0,8944164010272,CARVIDA (CARVEDILOL) 6.25MG TAB,2024-06-01,2.0,pcs,0.0,18.4,3.0,12.4,35.40,camille,4815566976174365113,SALE
2023-05-15,19630,19623.0,8904186000521,TRIMEBET (TRIMETAZIDINE) 35G TAB,2024-05-01,2.0,pcs,0.0,17.0,3.34,10.32,,camille,7421872074807759385,SALE
2023-05-15,19631,19624.0,4806502351901,SANICARE BATHROOM TISSUE 1&#039;S,<NA>,1.0,pcs,0.0,18.5,15.16,3.34,18.50,camille,11254721370654846033,SALE
2023-05-15,19632,19625.0,4806504260614,APPEVIT (BUCLIZINE HCL+B-COMPLEX+IRON) CAP,2024-09-01,2.0,pcs,0.0,30.0,13.5,3.0,30.00,camille,15796898003573200981,SALE
2023-05-15,19633,19626.0,8902269016674,ALCLAV (CO-AMOXICLAV) 625MG TAB,2023-06-01,4.0,pcs,0.2,62.85,7.84,31.49,70.70,camille,15031015508719646650,SALE
2023-05-15,19633,19626.0,4806524147131,EMICOX (CELECOXIB) 200MG,2023-08-01,2.0,pcs,0.2,7.86,1.47,4.91,,camille,16151378070714230606,SALE
2023-05-15,19633,19626.0,SD,Sales Discount Variance,<NA>,1.0,pcs,0.0,-0.01,0.0,-0.01,,camille,737584213287142275,ADJUSTMENT
2023-05-15,19634,19627.0,4800488958949,EQ DRY M 36+2,<NA>,1.0,pcs,0.0,347.5,294.81,52.69,347.50,camille,9444090108149642959,SALE
2023-05-15,19635,19628.0,4800304010219,CENTRUM SILVER ADV TAB 1s,2024-07-10,1.0,pcs,0.0,13.0,11.7,1.3,26.25,camille,9279334710535771490,SALE
2023-05-15,19635,19628.0,4800153953828,ROBITUSSIN L-GEL (GUAIFENESIN) 200MG CAP,2024-02-29,1.0,pcs,0.0,13.25,10.78,2.47,,camille,3216030645864706972,SALE
2023-05-15,19636,19629.0,29682409253,ELASTIC BANDAGE 4x5,2025-02-01,3.0,pcs,0.0,120.0,25.0,45.0,120.00,camille,690061846063880394,SALE
2023-05-15,19637,19630.0,4806521190400,DARYL (METRONIDAZOLE) 125MG/5ML 60ML,<NA>,1.0,pcs,0.0,44.8,16.75,28.05,44.80,camille,13949586700386190495,SALE
2023-05-15,19638,19631.0,4807788048462,DIATABS (LOPERAMIDE) CAP,2027-01-03,2.0,pcs,0.0,16.5,7.15,2.19,16.50,camille,13120490658603879831,SALE
2023-05-15,19639,19632.0,4807788048462,DIATABS (LOPERAMIDE) CAP,2027-01-03,4.0,pcs,0.0,33.0,7.15,4.38,33.00,camille,14153219831092406201,SALE
2023-05-15,19640,19633.0,819412021653,WILCARE PORTABLE MESH NEBULIZER AIR PRO II,<NA>,0.0,pcs,0.0,0.0,0.0,0.0,0.00,camille,6736356984730580124,SALE
2023-05-15,19641,19634.0,4806506740022,ORAHEX REGULAR 120ML,2025-08-01,1.0,pcs,0.0,131.25,109.33,21.92,201.75,camille,6776702558805925447,SALE
2023-05-15,19641,19634.0,8851198028527,STREPSILS HONEY LEMON 8s,2026-01-19,1.0,pcs,0.0,70.5,62.24,8.26,,camille,7163907382937626574,SALE
2023-05-15,19642,19635.0,4806529710057,GETZAR (LOSARTAN POTASSIUM) 50MG TAB,2024-06-30,10.0,pcs,0.2,96.0,10.0,-4.0,557.71,camille,5415410471521099342,SALE
2023-05-15,19642,19635.0,4807788561688,BIOGESIC (PARACETAMOL) 500MG TAB,2026-05-22,20.0,pcs,0.2,60.64,3.65,-12.35,,camille,12356260485570596312,SALE
2023-05-15,19642,19635.0,4806520890208,BEWELL-C 500MG CAP 10s,2024-12-31,1.0,pcs,0.2,41.07,46.75,-5.68,,camille,9736460469233591083,SALE
2023-05-15,19642,19635.0,4807788414021,PLOGREL (CLOPIDOGREL) 75MG TAB,2023-08-01,10.0,pcs,0.2,360.0,37.36,-13.56,,camille,11495189144397686576,SALE
2023-05-15,19643,19636.0,8851198078522,STREPSILS LOZ EXTRA STRONG 8s,2025-04-01,1.0,pcs,0.0,70.5,60.8,9.7,70.50,camille,11027964756946413545,SALE
2023-05-15,19644,19637.0,4801010194002,BAND AID PLASTIC STRIPS,2024-01-08,50.0,pcs,0.0,125.0,1.24,63.22,125.00,camille,18031502371397332910,SALE
2023-05-15,19645,19638.0,4800602087937,WILKINS DISTILLED 1L,<NA>,1.0,pcs,0.0,30.0,23.33,6.67,48.00,camille,17517429483097242780,SALE
2023-05-15,19645,19638.0,4800602020934,WILKINS DISTILLED 500ML,<NA>,1.0,pcs,0.0,18.0,13.58,4.42,,camille,14365846029533371937,SALE
2023-05-15,19646,19639.0,4807788526762,BIOFLU (PENYLEPHINE + CHLORPHENAMINE + PARACETAMOL) TAB,2024-07-27,3.0,pcs,0.0,24.0,6.37,4.9,24.00,camille,9725904570711098968,SALE
2023-05-15,19647,19640.0,8995227502234,LOLA REMEDIOS,2023-11-18,2.0,pcs,0.0,20.0,8.65,2.7,20.00,camille,3911252793866592192,SALE
2023-05-15,19648,19641.0,4806506319075,SUPER TWINS BABY PANTS XL 8S,2024-02-18,1.0,pcs,0.0,78.75,71.49,7.26,78.75,camille,14724868748479357987,SALE
2023-05-15,19649,19642.0,4800333162491,AUGMENTIN 625MG TAB,2023-07-28,4.0,pcs,0.0,224.0,47.24,35.05,349.00,camille,3951464371432478856,SALE
2023-05-15,19649,19642.0,8964001206033,CELCOXX (CELECOXIB) 200MG CAP,2024-07-01,4.0,pcs,0.0,125.0,28.64,10.44,,camille,11234457887238555367,SALE
2023-05-15,19650,19643.0,98480117895,PROTECT PLUS 70% ISOP ALC. 1G,<NA>,1.0,pcs,0.0,170.0,170.0,0.0,170.00,camille,5497649479465111462,SALE
2023-05-15,19651,19644.0,8996001600269,LE MINERALE 600ML,<NA>,1.0,pcs,0.0,15.0,9.2,5.8,15.00,camille,3327686706107550619,SALE
2023-05-15,19652,19645.0,1900010021,SAPHLOPID (CLOPIDOGREL) 75MG TAB,2024-10-01,10.0,pcs,0.2,46.4,1.11,35.25,269.28,camille,13807369436527937063,SALE
2023-05-15,19652,19645.0,86544771,ROSUSAPH-10 (ROSUVASTATIN) 10MG FC TAB,2025-03-01,10.0,pcs,0.2,62.0,3.1,31.0,,camille,9315481201128114771,SALE
2023-05-15,19652,19645.0,8904186000521,TRIMEBET (TRIMETAZIDINE) 35G TAB,2024-05-01,10.0,pcs,0.2,68.0,3.34,34.6,,camille,3791642840548917703,SALE
2023-05-15,19652,19645.0,8906041275778,SPIRODEN (SPIRONOLACTONE) 25MG TAB,2024-04-30,10.0,pcs,0.2,92.88,2.95,63.38,,camille,5221689573972941755,SALE
2023-05-15,19653,19646.0,4807788535771,DECILONE FORTE 4MG TAB,<NA>,5.0,pcs,0.0,161.25,27.18,25.37,426.45,camille,7737189825698422306,SALE
2023-05-15,19653,19646.0,4807788562593,IMMUNPRO 500MG TAB,2024-09-01,10.0,pcs,0.0,87.5,7.44,13.06,,camille,3314420465179258718,SALE
2023-05-15,19653,19646.0,4806523302289,LEUKOREX (MONTELUKAST SODIUM) 10MG FC TAB,2024-01-01,10.0,pcs,0.0,70.0,2.8,42.0,,camille,12417258723396073691,SALE
2023-05-15,19653,19646.0,4800369000675,MUCOTUSS FORTE (PHENYLPROPANOLAMINE HCL + CHLORPHENIRAMINE MALEATE + PARACETAMOL + DEXTROMETHORPHAN,<NA>,10.0,pcs,0.0,67.5,5.98,7.7,,camille,150170263744428424,SALE
2023-05-15,19653,19646.0,4806033302731,RM COLCHICINE 500MG,2023-08-31,10.0,pcs,0.0,40.2,3.35,6.71,,camille,3272871029784053799,SALE
2023-05-15,19654,19647.0,29253999,CEFUSAPH (CEFUROXIME AXETIL) 500MG FC TAB,2024-10-01,14.0,pcs,0.4,210.0,7.5,105.0,261.00,camille,1127044210991404352,SALE
2023-05-15,19654,19647.0,8904186000521,TRIMEBET (TRIMETAZIDINE) 35G TAB,2024-05-01,10.0,pcs,0.4,51.0,3.34,17.6,,camille,8369019575111083270,SALE
2023-05-15,19655,19648.0,4807788526762,BIOFLU (PENYLEPHINE + CHLORPHENAMINE + PARACETAMOL) TAB,2024-01-01,3.0,pcs,0.0,24.0,6.37,4.9,47.25,camille,711411323850522120,SALE
2023-05-15,19655,19648.0,4801010105107,JOHNSONS BLOSSOMS BABY POWDER 50G,2025-09-01,1.0,pcs,0.0,23.25,25.42,-2.17,,camille,17681301383341583102,SALE
2023-05-15,19656,19649.0,4806502352588,FEMME FACIAL TISSUE UNSCENTED,<NA>,1.0,pcs,0.0,27.75,23.04,4.71,27.75,camille,11526514735828878955,SALE
2023-05-15,19657,19650.0,4800602020934,WILKINS DISTILLED 500ML,<NA>,1.0,pcs,0.0,18.0,13.58,4.42,18.00,camille,11539352695958611330,SALE
2023-05-15,19658,19651.0,8851198028527,STREPSILS HONEY LEMON 8s,2026-01-19,1.0,pcs,0.0,70.5,62.24,8.26,70.50,camille,4816214954611315106,SALE
2023-05-15,19659,19652.0,480778853619,ALAXAN FR (IBUPROFEN + PARACETAMOL) CAP,2026-11-29,5.0,pcs,0.0,42.5,7.94,2.78,42.50,camille,18117467533734785807,SALE
2023-05-15,19660,19653.0,4806501130156,MEDIFORTAN CAP,<NA>,5.0,pcs,0.0,57.5,9.47,10.15,57.50,camille,4942375119134625617,SALE
2023-05-15,19661,19654.0,4807788561688,BIOGESIC (PARACETAMOL) 500MG TAB,2026-03-01,4.0,pcs,0.0,17.0,3.65,2.4,58.00,camille,17290616749488595612,SALE
2023-05-15,19661,19654.0,4806502351901,SANICARE BATHROOM TISSUE 1&#039;S,<NA>,1.0,pcs,0.0,18.5,15.16,3.34,,camille,2556442732257679004,SALE
2023-05-15,19661,19654.0,4800047820250,GREENCROSS 70% W/ MOIST 60ML,2025-09-30,1.0,pcs,0.0,22.5,16.72,5.78,,camille,2179200288333038854,SALE
2023-05-15,19662,19655.0,4801962207997,SARIDON TRIPLE ACTION (PARACETAMOL PROPYPHENAZONE CAFFEINE) TAB,2025-03-31,1.0,pcs,0.0,5.75,4.74,1.01,5.75,camille,580577495597692054,SALE
2023-05-15,19663,19656.0,4806517790207,GLIMESYN (GLIMEPIRIDE) 2MG TAB,2025-09-30,10.0,pcs,0.0,92.5,7.0,22.5,467.50,camille,13674680773341851678,SALE
2023-05-15,19663,19656.0,4807788541239,GLUMET XR 500MG (METFORMIN HCI) TAB,2024-12-16,30.0,pcs,0.0,375.0,11.35,34.58,,camille,15251268509436320141,SALE
2023-05-15,19664,19657.0,4800602020934,WILKINS DISTILLED 500ML,<NA>,1.0,pcs,0.0,18.0,13.58,4.42,18.00,camille,7443252767997532261,SALE
2023-05-15,19665,19658.0,4800348112740,NATRAVOX (CO-AMOXICLAV) 457MG/5ML 70ML,2024-09-01,1.0,pcs,0.0,367.5,510.36,-142.86,610.75,camille,4058266534215389075,SALE
2023-05-15,19665,19658.0,4807788566409,FLOTERA (LACTOBACILLUS REUTERI) CHEWABLE TAB,2024-01-09,7.0,pcs,0.0,243.25,34.53,1.54,,camille,12936686255141605859,SALE
2023-05-15,19666,19659.0,4987176092267,GILLETE RAZOR BLUE 2 FLEXI,<NA>,1.0,pcs,0.0,29.0,25.33,3.67,29.00,camille,972335856468682193,SALE
2023-05-15,19667,19660.0,4800047820243,GREENCROSS 70% SOLUTION W/ MOIST 150ML,2025-05-31,1.0,pcs,0.0,37.75,29.41,8.34,37.75,camille,14809018523456680881,SALE
2023-05-15,19668,19661.0,4800067123133,APOLLO LIPBALM PINK 7G,2025-02-01,1.0,pcs,0.0,60.5,49.29,11.21,193.00,camille,11523498736177623745,SALE
2023-05-15,19668,19661.0,9310059050071,LISTERINE COOL MINT 250ML,2025-10-31,1.0,pcs,0.0,132.5,123.21,9.29,,camille,14349418930078176208,SALE
2023-05-15,19669,19662.0,4800602020934,WILKINS DISTILLED 500ML,<NA>,6.0,pcs,0.0,108.0,13.58,26.53,108.00,camille,5014394601261604223,SALE
2023-05-15,19670,19663.0,8964001206330,NEBIL 5MG (NEBIVOLOL) TAB,2023-08-01,14.0,pcs,0.0,294.0,14.88,85.68,294.00,camille,8263419449181729844,SALE
2023-05-15,19671,19664.0,8964001206385,RISEK (OMEPRAZOLE) 40MG CAP 14,2025-01-30,15.0,pcs,0.0,757.5,40.91,143.85,872.50,camille,9315787887342826997,SALE
2023-05-15,19671,19664.0,4800136880035,PLASIL TAB 10MG,<NA>,2.0,pcs,0.0,35.0,15.86,3.28,,camille,4339269708264553892,SALE
2023-05-15,19671,19664.0,39572141,ADVAN PREGNANCY TEST,2024-03-01,2.0,pcs,0.0,80.0,9.6,60.8,,camille,10992498885415467080,SALE
2023-05-15,19672,19665.0,4800346000179,IMODIUM (LOPERAMIDE) 2MG CAP,2027-06-30,1.0,pcs,0.0,16.5,14.2,2.3,16.50,camille,7672300387802294663,SALE
2023-05-15,19673,19666.0,4806523302067,KATHREX (COTRIMOXAZOLE) 960MG TAB,2025-02-01,14.0,pcs,0.0,112.0,1.25,94.5,112.00,camille,18218761926148883623,SALE
2023-05-15,19674,19667.0,4800489114344,ARCOXIA (ETORICOXIB) 90MG TAB,2024-10-06,1.0,pcs,0.0,65.7,57.93,7.77,73.74,camille,18240177823635895497,SALE
2023-05-15,19674,19667.0,4806033302731,RM COLCHICINE 500MG,2023-12-31,2.0,pcs,0.0,8.04,3.35,1.34,,camille,7505065949781117088,SALE
2023-05-15,19675,19668.0,4806524781854,NEPHROMIN (KETOANALOGUES+ESSENTIAL AMINO ACIDS) TAB,2024-08-01,42.0,pcs,0.2,672.0,14.0,84.0,702.02,camille,13230930909135128620,SALE
2023-05-15,19675,19668.0,4806527651321,APPENTANYX (BUCLIZINE HCL+B-COMPLEX+IRON) CAP,2024-12-01,7.0,pcs,0.2,30.02,2.8,10.42,,camille,492316618893038995,SALE
2023-05-15,19676,19669.0,4800324090277,MYONAL (EPERISONE HYDROCHLORIDE) TAB,2025-08-31,6.0,pcs,0.0,162.0,23.73,19.62,835.00,camille,15442052084525096016,SALE
2023-05-15,19676,19669.0,8904159620923,FEBUDAY-40 (FEBUXOSTAT) 40MG TAB,2024-10-31,15.0,pcs,0.0,266.25,11.09,99.84,,camille,14341257493979399441,SALE
2023-05-15,19676,19669.0,4806031903398,PHAREX VITAMIN (VITAMIN B1+B6+B12) 17+3 TAB NS,2024-08-30,3.0,pcs,0.0,216.75,65.64,19.84,,camille,15889961405734456607,SALE
2023-05-15,19676,19669.0,4806519380079,ANALMIN (MEFENAMIC ACID) 500MG CAP,<NA>,10.0,pcs,0.0,25.0,1.17,13.3,,camille,11668042420220253672,SALE
2023-05-15,19676,19669.0,4809013427011,SEREMAX FORTE (PREGABALIN + MECOBALAMIN + ALPHA LIPOIC ACID) 75MG/750MCG/100MG CAP,2024-04-01,4.0,pcs,0.0,165.0,34.38,27.5,,camille,9202522980055802124,SALE
2023-05-15,19677,19670.0,4801010194002,BAND AID PLASTIC STRIPS,2024-01-08,8.0,pcs,0.0,20.0,1.24,10.12,20.00,camille,14988940690807568924,SALE
2023-05-15,19678,19671.0,4801962413152,BEROCCA EFF TAB ORANGE 15&#039;,2024-11-01,1.0,pcs,0.0,280.0,256.67,23.33,280.00,camille,8623220113501623150,SALE
2023-05-15,19679,19672.0,4800304940011,LOMOTIL (LOPERAMIDE HCI) TAB,2025-01-05,3.0,pcs,0.0,32.7,9.35,4.65,81.70,camille,16252791453891739861,SALE
2023-05-15,19679,19672.0,4806502850008,SYMDEX D TAB,2024-03-01,14.0,pcs,0.0,49.0,1.51,27.86,,camille,16218170823404178923,SALE
2023-05-15,19680,19673.0,8964001206293,MONTIGET (MONTELUKAST SODIUM) 10MG TAB,2025-04-30,10.0,pcs,0.0,367.5,3.21,335.36,466.25,camille,7638570509116398124,SALE
2023-05-15,19680,19673.0,4800047820182,GREENCROSS 70% W/ MOIST 500ML,2025-05-01,1.0,pcs,0.0,98.75,76.55,22.2,,camille,152763930093034526,SALE
2023-05-15,19681,19674.0,4806502350034,SANICARE COTTON BUDS 200 STEM,<NA>,1.0,pcs,0.0,19.5,16.18,3.32,19.50,camille,7494608799540211166,SALE
2023-05-15,19682,19675.0,4800011178769,DR. S WONG&#039;S SULFUR W/ ALOE VERA SOAP 135G,2027-04-30,1.0,pcs,0.0,54.5,48.45,6.05,54.50,camille,5123661562366963487,SALE
2023-05-15,19683,19676.0,4800369001252,XIPRO TAB 500MG,<NA>,6.0,pcs,0.2,170.35,31.54,-18.86,227.47,jane,12073747932912483825,SALE
2023-05-15,19683,19676.0,4809015705421,TRAPADIX (PARACETAMOL+TRAMADOL) 325MG/37.5MG TAB,2023-12-01,10.0,pcs,0.2,57.12,3.56,21.52,,jane,2007425019967013488,SALE
2023-05-15,19684,19677.0,4807788048462,DIATABS (LOPERAMIDE) CAP,2027-01-03,4.0,pcs,0.0,33.0,7.15,4.38,33.00,jane,10614283888861213203,SALE
2023-05-15,19685,19678.0,4800281329632,FLANAX FORTE 550MG TAB,<NA>,1.0,pcs,0.0,23.25,20.87,2.38,23.25,jane,15249213924890494452,SALE
2023-05-15,19686,19679.0,78901964,AZISAPH (AZITHROMYCIN) 500MG TAB,2024-09-01,3.0,pcs,0.1,47.93,5.0,32.93,85.49,jane,11803325322075451880,SALE
2023-05-15,19686,19679.0,4807788410603,HYDRITE GRANULES (APPLE) SAC,<NA>,2.0,pcs,0.0,37.56,15.65,6.27,,jane,3905052938113174148,SALE
2023-05-15,19687,19680.0,4800602087937,WILKINS DISTILLED 1L,<NA>,3.0,pcs,0.0,90.0,23.33,20.01,90.00,jane,13733907395142498038,SALE
2023-05-15,19688,19681.0,4806504652587,ALANERV 920MG CAP,<NA>,3.0,pcs,0.05,254.36,81.0,11.36,254.36,jane,5422382233415254716,SALE
2023-05-15,19689,19682.0,48035156,EFFICASCENT OIL EXTRA STRENGTH (METHYLSALICYLATE CHAMPOR + MENTHOL) 25ML,2027-10-31,1.0,pcs,0.0,34.0,29.5,4.5,586.65,jane,4993780041676212410,SALE
2023-05-15,19689,19682.0,4807788562593,IMMUNPRO 500MG TAB,2024-09-01,8.0,pcs,0.0,70.0,7.44,10.45,,jane,13384129513525035592,SALE
2023-05-15,19689,19682.0,4800136730019,ERCEFLORA (BASILLUS CLAUSII) ORAL SOLUTION 5ML,2024-03-31,2.0,pcs,0.0,82.0,37.81,6.38,,jane,11754019907218206680,SALE
2023-05-15,19689,19682.0,4806502161241,SANICARE BABY WIPES 80 SHEETS,<NA>,1.0,pcs,0.0,109.25,90.56,18.69,,jane,10168841274016043090,SALE
2023-05-15,19689,19682.0,4987176600776,VICKS VAPORUB 10G,2024-06-30,1.0,pcs,0.0,52.0,44.99,7.01,,jane,16297234907980053652,SALE
2023-05-15,19689,19682.0,4807788556370,SKELAN (NAPROXEN SODIUM) 550MG CAP,<NA>,10.0,pcs,0.0,199.2,17.94,19.8,,jane,10210384721531670258,SALE
2023-05-15,19690,19683.0,4806524149708,CITCOLE (CITICOLINE) 500MG TAB,<NA>,10.0,pcs,0.2,218.0,12.33,94.7,358.24,jane,5027637716155275979,SALE
2023-05-15,19690,19683.0,40219530,PREGABASAPH-75 (PREGABALIN) 75MG CAP,2025-02-01,20.0,pcs,0.2,114.24,3.5,44.24,,jane,2077503499048477824,SALE
2023-05-15,19690,19683.0,58289945,ATORSAPH-40 (ATORVASTATIN) 40MG FC TAB,2024-12-01,5.0,pcs,0.2,26.0,1.9,16.5,,jane,9366944772520501324,SALE
2023-05-15,19691,19684.0,4806506318856,SISTER NIGHT PLUS 8,2025-07-01,1.0,pcs,0.0,31.0,22.07,8.93,649.55,jane,2189045561161498855,SALE
2023-05-15,19691,19684.0,4806506318931,SISTERS PANTYLINER PINK 8S,<NA>,1.0,pcs,0.0,11.55,10.45,1.1,,jane,8965698786622335096,SALE
2023-05-15,19691,19684.0,4807788658975,DECOLGEN NO DROWSE (PHENYLEPROPANOLAMINE HCI + PARACETAMOL,<NA>,10.0,pcs,0.0,75.0,6.38,11.2,,jane,751413097116601597,SALE
2023-05-15,19691,19684.0,1000200078,VERTEX (CINNARIZINE) 25MG TAB,2025-04-01,10.0,pcs,0.0,25.0,0.65,18.5,,jane,18149337560837497355,SALE
2023-05-15,19691,19684.0,4807788522283,REVICON FORTE (MULTIVITAMINS + MINERALS + AMINO ACIDS) TAB,2023-10-26,10.0,pcs,0.0,53.0,4.47,8.27,,jane,3497205132750449384,SALE
2023-05-15,19691,19684.0,8995227502234,LOLA REMEDIOS,2023-11-18,2.0,pcs,0.0,20.0,8.65,2.7,,jane,2683922890354166655,SALE
2023-05-15,19691,19684.0,4801962122269,BEROCCA (MULTIVITAMINS & MINERALS) TAB 1,2024-04-30,2.0,pcs,0.0,44.5,19.55,5.4,,jane,4105820227911109251,SALE
2023-05-15,19691,19684.0,4800281329632,FLANAX FORTE 550MG TAB,<NA>,2.0,pcs,0.0,46.5,20.87,4.77,,jane,1852088245469211977,SALE
2023-05-15,19691,19684.0,4807788523631,CEELIN PLUS (ASCORBIC ACID + ZINC) 60ML SYR,2024-02-24,1.0,pcs,0.0,86.0,71.74,14.26,,jane,6858004449688756215,SALE
2023-05-15,19691,19684.0,4800308560857,ZYKAST (MONTELUKAST NA + LEVOCETIRIZINE HCL) TAB 10MG/5MG,2024-10-01,3.0,pcs,0.0,93.75,25.47,17.34,,jane,10305057291665189837,SALE
2023-05-15,19691,19684.0,1900010113,INHIBITA (OMEPRAZOLE) 40MG EC TAB,2024-04-01,4.0,pcs,0.0,36.0,3.6,21.6,,jane,10361284876638626732,SALE
2023-05-15,19692,19685.0,8944164010272,CARVIDA (CARVEDILOL) 6.25MG TAB,2024-06-01,5.0,pcs,0.0,46.0,3.0,31.0,84.75,jane,16004041391007768719,SALE
2023-05-15,19692,19685.0,8002660031594,ISOPTIN (VERAPAMIL) 40MG TAB,2024-02-29,1.0,pcs,0.0,38.75,34.59,4.16,,jane,1666251219762695051,SALE
2023-05-15,19693,19686.0,4800348125610,HERACLENE FORTE CAP 3MG,<NA>,2.0,pcs,0.0,102.6,20.52,61.56,119.80,jane,13886307689028219716,SALE
2023-05-15,19693,19686.0,4800153300677,ADVIL LIQUIGEL (IBUPROFEN) CAP,2024-10-31,2.0,pcs,0.0,17.2,7.67,1.86,,jane,6224976376499090843,SALE
2023-05-16,19694,19687.0,4800253240675,EUTHYROX TAB 100MCG,2024-05-31,5.0,pcs,0.0,81.25,14.61,8.2,81.25,jane,17273005072557400177,SALE
2023-05-16,19695,19688.0,4806503540007,HYGEEN COTTON BALLS 50s,<NA>,1.0,pcs,0.0,15.5,12.87,2.63,15.50,jane,13864411224489105413,SALE
2023-05-16,19696,19689.0,8809381291234,INSULIN SYRINGE TERUMO 29GX1/2G 1CC,<NA>,2.0,pcs,0.0,30.0,7.0,16.0,30.00,jane,11495010441249255403,SALE
2023-05-16,19697,19690.0,4807788402646,SOLMUX (CARBOCISTEINE) 500MG CAP,2027-02-13,10.0,pcs,0.0,115.0,10.16,13.35,172.50,jane,3395257362165123971,SALE
2023-05-16,19697,19690.0,4807788559593,NEOZEP FORTE (PHENYLEPHRINE HCL + PARACETAMOL) TAB,2025-01-31,10.0,pcs,0.0,57.5,5.19,5.6,,jane,12817449132404292285,SALE
2023-05-16,19698,19691.0,4806517242362,FOLART (FOLIC ACID) CAP,2026-02-28,10.0,pcs,0.0,97.5,8.86,8.87,97.50,jane,9478603242761342582,SALE
2023-05-16,19699,19692.0,4807788526762,BIOFLU (PENYLEPHINE + CHLORPHENAMINE + PARACETAMOL) TAB,2024-01-01,10.0,pcs,0.0,80.0,6.37,16.32,80.00,jane,1209739388720651501,SALE
2023-05-16,19700,19693.0,4807788417206,MEDICOL ADVANCE SOFTGEL (IBUPROFEN) CAP,2024-02-25,3.0,pcs,0.0,18.9,5.66,1.92,18.90,jane,1933651987368837962,SALE
2023-05-16,19701,19694.0,8996001600399,LE MINERALE 1.5ML,<NA>,1.0,pcs,0.0,30.0,17.6,12.4,30.00,jane,15497035146406840357,SALE
2023-05-16,19702,19695.0,4807788522283,REVICON FORTE (MULTIVITAMINS + MINERALS + AMINO ACIDS) TAB,2023-10-26,3.0,pcs,0.0,15.9,4.47,2.48,15.90,jane,9947697866170312974,SALE
2023-05-16,19703,19696.0,8902269001182,ZOCEF (CEFUROXIME) 500MG TAB,2024-04-30,14.0,pcs,0.0,437.5,13.0,255.5,"1,991.50",jane,6248891060912526713,SALE
2023-05-16,19703,19696.0,4800562050118,CO-ALEVA (EBASTINE BETAMITASONE) 10MG/.5MG TAB,2024-12-01,7.0,pcs,0.0,231.0,30.32,18.79,,jane,12689506083241087109,SALE
2023-05-16,19703,19696.0,4806501130095,MUCOBRON FORTE CAP,2026-02-28,15.0,pcs,0.0,228.75,12.53,40.83,,jane,13267394406752115690,SALE
2023-05-16,19703,19696.0,5415062362440,ELIQUIS (APIXABAN) 2.5MG FC TAB,2025-01-31,10.0,pcs,0.0,825.0,63.38,191.19,,jane,8699427062447592303,SALE
2023-05-16,19703,19696.0,4806033306081,RM TRIMETAZIDINE 35MG TAB,2024-02-03,10.0,pcs,0.0,150.0,10.43,45.71,,jane,5011037599809020717,SALE
2023-05-16,19703,19696.0,4800011133447,EFFICASCENT OIL EXTRA STRENGTH 100ML,<NA>,1.0,pcs,0.0,119.25,103.68,15.57,,jane,14982937843451822849,SALE
2023-05-16,19704,19697.0,4800602020934,WILKINS DISTILLED 500ML,<NA>,1.0,pcs,0.0,18.0,13.58,4.42,18.00,jane,5172165014601814489,SALE
2023-05-16,19705,19698.0,4807788561688,BIOGESIC (PARACETAMOL) 500MG TAB,2026-03-01,20.0,pcs,0.0,85.0,3.65,12.01,165.00,jane,9131885817907122393,SALE
2023-05-16,19705,19698.0,4807788526762,BIOFLU (PENYLEPHINE + CHLORPHENAMINE + PARACETAMOL) TAB,2024-01-01,10.0,pcs,0.0,80.0,6.37,16.32,,jane,14332893847052042915,SALE
2023-05-16,19706,19699.0,8996001600375,LE MINERALE 330ML,<NA>,1.0,pcs,0.0,11.0,6.33,4.67,11.00,jane,2210939184820659211,SALE
2023-05-16,19707,19700.0,4809015596449,CETOZ-L (LEVOCETIRIZINE DIHYDROCHLORIDE) 5MG FCT,2024-07-01,10.0,pcs,0.0,40.0,1.82,21.8,40.00,jane,3290382819450996345,SALE
2023-05-16,19708,19701.0,71528104703,PROHEALTHCARE DISP. MASK,2025-05-01,1.0,pcs,0.0,120.0,56.0,64.0,278.00,jane,11218872673681483499,SALE
2023-05-16,19708,19701.0,4806512430856,PAU MASAJE CLASSIC 60ML,<NA>,1.0,pcs,0.0,80.0,72.5,7.5,,jane,16799546322252372964,SALE
2023-05-16,19708,19701.0,4806512431457,PAU MASAJE FLORAL 60ML,<NA>,1.0,pcs,0.0,78.0,70.5,7.5,,jane,8761201083451350298,SALE
2023-05-16,19709,19702.0,4806513103018,HAILEY TAWAS SOFT & SCENTED,2025-03-01,2.0,pcs,0.0,31.0,12.95,5.1,31.00,jane,10612513779499539306,SALE
2023-05-16,19710,19703.0,4800067453513,RHEA HYDROGEN PEROXIDE 10VOL 120ML,2025-08-31,1.0,pcs,0.0,31.0,24.47,6.53,65.00,jane,8905700387703839950,SALE
2023-05-16,19710,19703.0,480778853619,ALAXAN FR (IBUPROFEN + PARACETAMOL) CAP,2025-04-29,4.0,pcs,0.0,34.0,7.94,2.22,,jane,1041641588190305150,SALE
2023-05-16,19711,19704.0,4801010105107,JOHNSONS BLOSSOMS BABY POWDER 50G,2025-09-01,1.0,pcs,0.0,23.25,25.42,-2.17,23.25,jane,11444672573985799263,SALE
2023-05-16,19712,19705.0,4800304010219,CENTRUM SILVER ADV TAB 1s,2024-07-10,1.0,pcs,0.0,13.0,11.7,1.3,49.50,jane,4302240645246522025,SALE
2023-05-16,19712,19705.0,4800153953828,ROBITUSSIN L-GEL (GUAIFENESIN) 200MG CAP,2024-02-29,1.0,pcs,0.0,13.25,10.78,2.47,,jane,16131663704367033289,SALE
2023-05-16,19712,19705.0,4800281329632,FLANAX FORTE 550MG TAB,<NA>,1.0,pcs,0.0,23.25,20.87,2.38,,jane,3541056179273940046,SALE
2023-05-16,19713,19706.0,4800153300677,ADVIL LIQUIGEL (IBUPROFEN) CAP,2024-10-31,10.0,pcs,0.0,86.0,7.67,9.3,194.00,jane,8667378604182102773,SALE
2023-05-16,19713,19706.0,40382295926,POCARI SWEAT ION DRINK 500ML,<NA>,2.0,pcs,0.0,108.0,45.38,17.25,,jane,13888669392915982387,SALE
2023-05-16,19714,19707.0,8996001600269,LE MINERALE 600ML,<NA>,1.0,pcs,0.0,15.0,9.2,5.8,15.00,jane,12688997019478940467,SALE
2023-05-16,19715,19708.0,4800140000771,PONSTAN SF 500MG (MEFENAMIC ACID) CAP,2025-10-31,2.0,pcs,0.0,79.8,37.59,4.62,79.80,jane,13930176646885637962,SALE
2023-05-16,19716,19709.0,4800204031512,PROPAN W/. IRON (BUCLIZINE HCL + MULTIVITAMINS + MINERALS) CAP,2025-07-31,5.0,pcs,0.0,132.5,23.99,12.55,132.50,jane,12117296764248978749,SALE
2023-05-16,19717,19710.0,4800360081727,SALINASE MAX (SODIUM CHLORIDE .65% + XYLITOL 2.5%) 30ML,2024-02-29,1.0,pcs,0.0,118.8,99.0,19.8,431.30,jane,8941909460276931162,SALE
2023-05-16,19717,19710.0,4800308560857,ZYKAST (MONTELUKAST NA + LEVOCETIRIZINE HCL) TAB 10MG/5MG,2024-10-01,10.0,pcs,0.0,312.5,25.47,57.8,,jane,3294386618454410698,SALE
2023-05-16,19718,19711.0,8996001600269,LE MINERALE 600ML,<NA>,1.0,pcs,0.0,15.0,9.2,5.8,15.00,jane,12418982998129548836,SALE
2023-05-16,19719,19712.0,4800304990252,PROVERA 10MG TAB,2026-08-01,2.0,pcs,0.0,172.0,82.02,7.96,172.00,jane,8459459406413773047,SALE
2023-05-16,19720,19713.0,4800318570082,SCOTT&#039;S CHEWY VIT-C MIXED BERRIES 15s,2024-02-01,1.0,pcs,0.0,78.75,70.29,8.46,108.75,jane,2659978355675636389,SALE
2023-05-16,19720,19713.0,8996001600399,LE MINERALE 1.5ML,<NA>,1.0,pcs,0.0,30.0,17.6,12.4,,jane,9071472553586230753,SALE
2023-05-16,19721,19714.0,4800363204239,ASPEC EC (ASPIRIN) TAB,2024-02-29,2.0,pcs,0.0,5.5,2.13,1.24,78.00,jane,783314302896130692,SALE
2023-05-16,19721,19714.0,4800306590931,COVERSYL (PERINDOPRIL) 5MG TAB,2023-11-30,2.0,pcs,0.0,72.5,30.13,12.24,,jane,17807882537756189635,SALE
2023-05-16,19722,19715.0,4806521902467,TOPRADONE (PANTOPRAZOLE+DOMPERIDONE) 40MG/30MG CAP,<NA>,4.0,pcs,0.0,120.0,20.0,40.0,228.00,jane,3750195675563594102,SALE
2023-05-16,19722,19715.0,8935196509315-1,SALONPAS PLASTER 20s,2025-06-30,1.0,pcs,0.0,108.0,93.24,14.76,,jane,3302762569665979333,SALE
2023-05-16,19723,19716.0,8904172922233,MONTI PLUS (MONTELUKAST + LEVOCITIRIZINE) 10/5MG TAB,2023-09-30,4.0,pcs,0.0,106.0,23.73,11.08,106.00,camille,6478420536085372897,SALE
2023-05-16,19724,19717.0,4806534570066,MERIDON (DOMPERIDONE) 10MG FC TAB,2024-03-01,3.0,pcs,0.0,6.69,0.62,4.83,"1,533.09",camille,4558581628579387205,SALE
2023-05-16,19724,19717.0,8964001206255,LILAC (LACTULOSE) SYR 60ML,2024-06-01,1.0,pcs,0.0,171.43,160.0,11.43,,camille,4275326318531549928,SALE
2023-05-16,19724,19717.0,4800136390039,DULCOLAX SUPP ADULT 10MG,<NA>,2.0,pcs,0.0,108.92,55.2,-1.49,,camille,17875819437751697572,SALE
2023-05-16,19724,19717.0,4800324090277,MYONAL (EPERISONE HYDROCHLORIDE) TAB,2025-08-31,15.0,pcs,0.0,361.65,23.73,5.7,,camille,13694142664091382053,SALE
2023-05-16,19724,19717.0,4800346002647,DOLCET (TRAMADOL HCI + PARACETAMOL) 37.5/325MG TAB,2024-11-30,10.0,pcs,0.0,516.1,50.3,13.1,,camille,14829614216492206947,SALE
2023-05-16,19724,19717.0,4809013427011,SEREMAX FORTE (PREGABALIN + MECOBALAMIN + ALPHA LIPOIC ACID) 75MG/750MCG/100MG CAP,2024-04-01,10.0,pcs,0.0,368.3,34.38,24.55,,camille,10319125197432669742,SALE
2023-05-16,19725,19718.0,4800011133430,EFFICASCENT OIL EXTRA STRENGTH 50ML,2027-10-31,1.0,pcs,0.0,65.0,56.79,8.21,65.00,camille,17983496055985366786,SALE
2023-05-16,19726,19719.0,4800135005699,PH CARE COOLING COMFORT 150ML,2024-11-29,1.0,pcs,0.0,141.9,118.23,23.67,141.90,camille,14126456360329780181,SALE
2023-05-16,19727,19720.0,4806504850136,HIDRASEC 100MG CAP,2025-04-01,6.0,pcs,0.0,289.5,43.69,27.36,289.50,camille,1170469869259455815,SALE
2023-05-16,RC0,19721.0,4807788079466,KREMIL S (ALUMINUM HYDROXIDE + MAGNESIUM HYDROXIDE + SIMETICONE) TAB,2023-11-04,15.0,pcs,0.0,120.0,6.8,18.0,0.00,8001,14950411314458226338,SALE
2023-05-16,19728,19722.0,4800119213461,VITRESS HAIR CUTICLE COAT CLASSIC 30ML,2025-08-01,1.0,pcs,0.0,75.5,62.84,12.66,75.50,camille,7326280171775796643,SALE
2023-05-16,19729,19723.0,4806530870108,DIGITAL THERMOMETER (INDOPLAS,<NA>,1.0,pcs,0.0,104.0,65.0,39.0,104.00,camille,6435107202750065454,SALE
2023-05-16,19730,19724.0,4800488960768,HYPANTS ADULT DIAPER XL 10s,<NA>,1.0,pcs,0.0,316.0,287.64,28.36,510.25,camille,10959787091220244397,SALE
2023-05-16,19730,19724.0,33019724961,SUCTION CATH F 14,<NA>,15.0,pcs,0.0,194.25,8.0,74.25,,camille,4462500202340504459,SALE
2023-05-16,19731,19725.0,4806524772913,AMLOTHIX (AMLODIPINE) 10MG TAB,2026-11-01,20.0,pcs,0.0,35.8,0.37,28.34,35.80,jane,6925602816393369145,SALE
2023-05-16,19732,19726.0,4806534570660,FOLINOVA (FOLIC ACID) 5MG TAB,2025-06-01,30.0,pcs,0.2,53.52,0.95,25.02,93.50,jane,1152961280547491290,SALE
2023-05-16,19732,19726.0,4809015705421,TRAPADIX (PARACETAMOL+TRAMADOL) 325MG/37.5MG TAB,2023-12-01,7.0,pcs,0.2,39.98,3.56,15.06,,jane,11158911042948714893,SALE
2023-05-16,19733,19727.0,4806534570240,CETRINOVA (CETIRIZINE) 10MG FC TAB,<NA>,10.0,pcs,0.0,30.0,0.36,26.4,30.00,camille,660058848652857332,SALE
2023-05-16,19734,19728.0,6922748503015,BL (KETOCONAZOLE CLOBETASOLE PROPIONATE) 7G CREAM,2023-12-31,2.0,pcs,0.0,70.0,33.0,4.0,70.00,camille,16154406861373882248,SALE
2023-05-16,19735,19729.0,4807788560438,NAFARIN A (PHENYLEPROPANOLAMINE HCI + CHLORPHENAMINE MALEATE + PARACETAMOL) TAB,2024-07-01,5.0,pcs,0.0,37.5,6.69,4.03,37.50,camille,11380160976026916061,SALE
2023-05-16,19736,19730.0,4807788561688,BIOGESIC (PARACETAMOL) 500MG TAB,2026-03-01,10.0,pcs,0.0,42.5,3.65,6.01,117.50,camille,1964506719397056973,SALE
2023-05-16,19736,19730.0,4807788560438,NAFARIN A (PHENYLEPROPANOLAMINE HCI + CHLORPHENAMINE MALEATE + PARACETAMOL) TAB,2024-07-01,10.0,pcs,0.0,75.0,6.69,8.05,,camille,4980956024289922784,SALE
2023-05-16,19737,19731.0,4806504260614,APPEVIT (BUCLIZINE HCL+B-COMPLEX+IRON) CAP,2024-09-01,7.0,pcs,0.0,105.0,13.5,10.5,313.25,camille,3944483899250683406,SALE
2023-05-16,19737,19731.0,4806529710057,GETZAR (LOSARTAN POTASSIUM) 50MG TAB,2024-06-01,7.0,pcs,0.0,84.0,10.0,14.0,,camille,1631303331285540660,SALE
2023-05-16,19737,19731.0,8904159620923,FEBUDAY-40 (FEBUXOSTAT) 40MG TAB,2024-10-31,7.0,pcs,0.0,124.25,11.09,46.59,,camille,18335352125407787032,SALE
2023-05-16,19738,19732.0,4806528271337,ALCLAV NEO (CO-AMOXICLAV) 625MG TAB,2024-06-30,3.0,pcs,0.2,47.14,18.3,-7.75,61.78,camille,16171924748293260379,SALE
2023-05-16,19738,19732.0,73682899,SAPHLECOX 400 (CELECOXIB) 400MG CAP,<NA>,2.0,pcs,0.2,14.64,5.65,3.34,,camille,9075359859072741912,SALE
2023-05-16,19739,19733.0,4806504260614,APPEVIT (BUCLIZINE HCL+B-COMPLEX+IRON) CAP,2024-09-01,15.0,pcs,0.0,225.0,13.5,22.5,350.50,camille,10375074055816426714,SALE
2023-05-16,19739,19733.0,4807788572097,TUSERAN FORTE (DEXTROMETHORPAN HBR + PHENYLEPROPANOLAMINE HCI + PARACETAMOL) CAP,2024-05-18,5.0,pcs,0.0,55.0,9.43,7.85,,camille,6520674739046581336,SALE
2023-05-16,19739,19733.0,8851198078522,STREPSILS LOZ EXTRA STRONG 8s,2025-04-01,1.0,pcs,0.0,70.5,60.8,9.7,,camille,10511141982978536322,SALE
2023-05-16,19740,19734.0,4807788561688,BIOGESIC (PARACETAMOL) 500MG TAB,2026-05-22,10.0,pcs,0.0,42.5,3.65,6.01,135.00,camille,2805764044561306948,SALE
2023-05-16,19740,19734.0,4800308991491,FLUIMUCIL (ACETYLCYTEINE) 600MG TAB,2024-12-31,2.0,pcs,0.0,80.5,31.37,17.75,,camille,10448777761538859355,SALE
2023-05-16,19740,19734.0,4809015596449,CETOZ-L (LEVOCETIRIZINE DIHYDROCHLORIDE) 5MG FCT,2024-07-01,3.0,pcs,0.0,12.0,1.82,6.54,,camille,851196811668115266,SALE
2023-05-16,19742,19735.0,4806504269921,PREND (PREDNISONE) 20MG TAB,2023-09-01,10.0,pcs,0.0,55.0,2.3,32.0,55.00,camille,17540473545641857499,SALE
2023-05-16,19741,19736.0,8964001206033,CELCOXX (CELECOXIB) 200MG CAP,2026-01-31,5.0,pcs,0.0,156.25,28.64,13.05,262.00,camille,2961904973620988632,SALE
2023-05-16,19741,19736.0,48035880,BETADINE (POVIDONE IODINE) WOUND SOLUTION 7.5ML,2027-10-30,1.0,pcs,0.0,36.75,34.4,2.35,,camille,5572352368346788445,SALE
2023-05-16,19741,19736.0,4800067453513,RHEA HYDROGEN PEROXIDE 10VOL 120ML,2025-08-31,1.0,pcs,0.0,31.0,24.47,6.53,,camille,15689013774302537740,SALE
2023-05-16,19741,19736.0,4800047820250,GREENCROSS 70% W/ MOIST 60ML,2025-09-30,1.0,pcs,0.0,22.5,16.72,5.78,,camille,7398272692913133985,SALE
2023-05-16,19741,19736.0,4806503540007,HYGEEN COTTON BALLS 50s,<NA>,1.0,pcs,0.0,15.5,12.87,2.63,,camille,18101072864242929834,SALE
2023-05-16,19743,19737.0,4807788402646,SOLMUX (CARBOCISTEINE) 500MG CAP,2027-02-13,9.0,pcs,0.0,103.5,10.16,12.02,171.00,camille,5795009273833140520,SALE
2023-05-16,19743,19737.0,4807788556738,DECOLGEN FORTE (PHENYLEPROPANOLAMINE HCI + CHLORPHENAMINE MALEATE + PARACETAMOL,2025-12-29,10.0,pcs,0.0,67.5,6.13,6.18,,camille,8812407390869578713,SALE
2023-05-16,19744,19738.0,4809014128672,KOJIESAN CLASSIC 3s 65G,2024-08-16,1.0,pcs,0.0,72.5,69.3,3.2,107.75,camille,7766554308938212703,SALE
2023-05-16,19744,19738.0,4902430381789,SAFEGUARD IVORY WHITE CARE 85G,<NA>,1.0,pcs,0.0,35.25,29.51,5.74,,camille,11081869221502832275,SALE
2023-05-16,19745,19739.0,4800046000738,VIVALYTE E-DRINK APPLE 250ML,2025-06-22,1.0,pcs,0.0,50.0,41.47,8.53,269.50,camille,16890152225097361674,SALE
2023-05-16,19745,19739.0,4800046000752,VIVALYTE E-DRINK ORANGE 250ML,2025-12-15,1.0,pcs,0.0,55.5,46.22,9.28,,camille,14499363385135540715,SALE
2023-05-16,19745,19739.0,4800136730019,ERCEFLORA (BASILLUS CLAUSII) ORAL SOLUTION 5ML,2024-03-31,4.0,pcs,0.0,164.0,37.81,12.76,,camille,9624145836441174413,SALE
2023-05-16,19746,19740.0,4806531820744,BACIFLORA PROBIOTIC DIETARY SUPP 5ML,2024-01-18,1.0,pcs,0.0,32.0,25.34,6.66,32.00,camille,194329524068452198,SALE
2023-05-16,19747,19741.0,4806502352397,SANICARE CLEANSING WIPES - ALOE 15 SHEETS,2024-02-14,1.0,pcs,0.0,34.5,27.56,6.94,34.50,camille,7664804492489787567,SALE
2023-05-16,19748,19742.0,4806502350072,SANICARE COTTON BALLS 150s,<NA>,1.0,pcs,0.0,43.25,34.81,8.44,43.25,camille,5829346613524543341,SALE
2023-05-16,19749,19743.0,4806033305480,RM LOSARTAN 50MG TAB,2024-01-31,20.0,pcs,0.0,256.0,8.98,76.43,514.00,camille,5643753064546979792,SALE
2023-05-16,19749,19743.0,4806033300195,RM AMLODIPINE 10MG,2023-07-31,20.0,pcs,0.0,170.0,6.93,31.39,,camille,2776394696002286767,SALE
2023-05-16,19749,19743.0,4806528271337,ALCLAV NEO (CO-AMOXICLAV) 625MG TAB,2024-06-30,4.0,pcs,0.0,88.0,18.3,14.82,,camille,13091947326470792193,SALE
2023-05-16,19750,19744.0,8994388100563,STIMUNO 25MG/5ML SYRUP 60ML,2025-11-30,1.0,pcs,0.0,342.0,259.09,82.91,476.00,camille,16305687835519844344,SALE
2023-05-16,19750,19744.0,4807788519733,ASMALINÂ® 2MG SYR 60ML,2024-07-31,1.0,pcs,0.0,134.0,121.61,12.39,,camille,7958817328291844630,SALE
2023-05-16,19751,19745.0,8904179014702,NOVASARTAN (LOSARTAN K) 50MG FC TAB,2025-02-01,30.0,pcs,0.0,75.0,0.78,51.6,"1,350.00",camille,11766329529162009328,SALE
2023-05-16,19751,19745.0,1900010074,ATORSAPH-10 (ATORVASTATIN) 10MG FC TAB,2024-03-31,30.0,pcs,0.0,75.0,0.95,46.5,,camille,11043725976246869513,SALE
2023-05-16,19751,19745.0,60183859,PROHEALTHCARE AUTOMATIC BLOOD PRESSURE MONITOR VM600,<NA>,1.0,pcs,0.0,1200.0,630.0,570.0,,camille,3567612613978064619,SALE
2023-05-16,19752,19746.0,4800064630061,ALTHEA PILLS (CYPROTERONE ACETATE + ETHINYLESTRADIOL,2024-09-01,1.0,pcs,0.0,433.0,412.87,20.13,593.00,camille,12387567615577100277,SALE
2023-05-16,19752,19746.0,4801962202763,CANESTEN (CLOTRIMAZOLE) 3G CREAM,2023-09-30,1.0,pcs,0.0,120.0,108.28,11.72,,camille,146321751856849868,SALE
2023-05-16,19752,19746.0,4807788526762,BIOFLU (PENYLEPHINE + CHLORPHENAMINE + PARACETAMOL) TAB,2024-01-01,5.0,pcs,0.0,40.0,6.37,8.16,,camille,7905406037652244464,SALE
2023-05-16,19753,19747.0,4800292103047,CATAPRES TAB (ETHYL ALC) 75MCG,2024-11-30,4.0,pcs,0.0,152.0,30.2,31.2,152.00,camille,10051607160955435003,SALE
2023-05-16,19754,19748.0,4807788560438,NAFARIN A (PHENYLEPROPANOLAMINE HCI + CHLORPHENAMINE MALEATE + PARACETAMOL) TAB,2024-07-01,8.0,pcs,0.0,60.0,6.69,6.44,60.00,camille,15416862169484679916,SALE
2023-05-16,19755,19749.0,4806516401005,PROPAN TLC DROPS 15ML,<NA>,1.0,pcs,0.0,93.5,77.43,16.07,93.50,camille,4661730581502859735,SALE
2023-05-16,19756,19750.0,4806518661377,BILAXTEN 20MG TAB,<NA>,1.0,pcs,0.0,32.5,26.94,5.56,32.50,camille,3521207254290050198,SALE
2023-05-17,19757,19751.0,4800602087937,WILKINS DISTILLED 1L,<NA>,2.0,pcs,0.0,60.0,23.33,13.34,122.00,camille,10577534364329955681,SALE
2023-05-17,19757,19751.0,4800067453513,RHEA HYDROGEN PEROXIDE 10VOL 120ML,2025-08-31,2.0,pcs,0.0,62.0,24.47,13.06,,camille,17791669761140215776,SALE
2023-05-17,19758,19752.0,4800067122068,CLEENE CLIO TBRUSH ECONOMY,2032-02-20,1.0,pcs,0.0,15.0,11.25,3.75,15.00,camille,3142712955441528576,SALE
2023-05-17,19759,19753.0,4800488961475,CHARMEE ALL NIGHT LONG W/ WINGS 10s,<NA>,1.0,pcs,0.0,69.75,57.94,11.81,69.75,camille,7024022905668455143,SALE
2023-05-17,19760,19754.0,4800304051496,ISORDIL SUBL TAB 5MG,<NA>,5.0,pcs,0.0,115.75,20.83,11.6,115.75,camille,7405256650120397127,SALE
2023-05-17,19761,19755.0,4801002903568,GAVISCON TABLET,<NA>,2.0,pcs,0.0,32.5,13.71,5.09,32.50,camille,7992449282261613485,SALE
2023-05-17,19762,19756.0,4005808336029,NIVEA SUN PROTECT & MOISTURE SPF50 75ML,2025-06-20,1.0,pcs,0.0,520.0,473.14,46.86,593.50,camille,17007924927841970415,SALE
2023-05-17,19762,19756.0,8850006320518,COLGATE AMINO POWDER 74G,2025-08-01,1.0,pcs,0.0,73.5,61.8,11.7,,camille,13581610853387518860,SALE
2023-05-17,19763,19757.0,4807788561688,BIOGESIC (PARACETAMOL) 500MG TAB,2026-05-22,10.0,pcs,0.0,42.5,3.65,6.01,42.50,camille,17840453267407467837,SALE
2023-05-17,19764,19758.0,4806504260614,APPEVIT (BUCLIZINE HCL+B-COMPLEX+IRON) CAP,2024-09-01,10.0,pcs,0.2,107.12,13.5,-27.88,107.12,camille,4924826587097732751,SALE
2023-05-17,19765,19759.0,8944164010272,CARVIDA (CARVEDILOL) 6.25MG TAB,2024-06-01,3.0,pcs,0.0,27.6,3.0,18.6,124.50,camille,10303933190277336995,SALE
2023-05-17,19765,19759.0,4806524840018,LANOXIN TAB 0.25MG,<NA>,3.0,pcs,0.0,18.0,5.06,2.82,,camille,11288546081365386723,SALE
2023-05-17,19765,19759.0,1900010021,SAPHLOPID (CLOPIDOGREL) 75MG TAB,2024-10-01,3.0,pcs,0.0,17.4,1.11,14.06,,camille,3611984286823805290,SALE
2023-05-17,19765,19759.0,4800204005612,POTEN CEE SUGAR COATED 500MG TAB,<NA>,3.0,pcs,0.0,21.0,5.21,5.38,,camille,6017317133017366088,SALE
2023-05-17,19765,19759.0,710535105469,XANTHONE PLUS CAP,<NA>,3.0,pcs,0.0,40.5,11.7,5.4,,camille,8625855291770265459,SALE
2023-05-17,19766,19760.0,4800281329632,FLANAX FORTE 550MG TAB,<NA>,5.0,pcs,0.0,116.25,20.87,11.92,116.25,camille,11537609489846935554,SALE
2023-05-17,19767,19761.0,8996001600375,LE MINERALE 330ML,<NA>,1.0,pcs,0.0,11.0,6.33,4.67,11.00,camille,2072638920021770483,SALE
2023-05-17,19768,19762.0,4806033300379,RM ATORVASTATIN 10MG TAB,2023-10-31,10.0,pcs,0.0,120.0,10.01,19.9,568.75,camille,2733577455320163067,SALE
2023-05-17,19768,19762.0,4800253243836,NEUROBION (VITAMIN B1 + B6 + B12) TAB,2025-07-01,5.0,pcs,0.0,118.75,21.13,13.09,,camille,1688663499057015716,SALE
2023-05-17,19768,19762.0,4800286231718,SERC (BETAHISTINE DIHYDROCHLORIDE) 16MG TAB,2023-12-01,5.0,pcs,0.0,330.0,60.8,25.98,,camille,1694838311959142045,SALE
2023-05-17,19769,19763.0,4806504260614,APPEVIT (BUCLIZINE HCL+B-COMPLEX+IRON) CAP,2024-09-01,1.0,pcs,0.0,15.0,13.5,1.5,15.00,camille,13345873075895657870,SALE
2023-05-17,19770,19764.0,4800135011591,MYRA E (VITAMIN E) 12+2 SULIT PACK,2024-03-02,1.0,pcs,0.0,146.0,133.54,12.46,331.00,camille,6821083011482085853,SALE
2023-05-17,19770,19764.0,4800135003268,MYRA CLASSIC WHITENING LOTION 200ML,2024-03-23,1.0,pcs,0.0,185.0,158.52,26.48,,camille,12470192236844681488,SALE
2023-05-17,19771,19765.0,41720005175,PLASTIC URINAL,<NA>,1.0,pcs,0.0,95.0,45.0,50.0,117.30,camille,7133013861367493662,SALE
2023-05-17,19771,19765.0,6100010004,GAUZE PAD 4X4 TRUCARE,2026-11-01,5.0,pcs,0.0,22.3,1.78,13.4,,camille,16235754916703630795,SALE
2023-05-17,19772,19766.0,4806502850008,SYMDEX D TAB,2024-03-01,30.0,pcs,0.0,105.0,1.51,59.7,105.00,camille,1015870586692151484,SALE
2023-05-17,19773,19767.0,4806502351901,SANICARE BATHROOM TISSUE 1&#039;S,<NA>,4.0,pcs,0.0,74.0,15.16,13.36,128.00,camille,11174988851504728517,SALE
2023-05-17,19773,19767.0,4806502163979,SANICARE PLAYTIME WIPES - CRISP CUCUMBER 35SHEETS,<NA>,1.0,pcs,0.0,54.0,44.63,9.37,,camille,125635199671256469,SALE
2023-05-17,19774,19768.0,4800047820250,GREENCROSS 70% W/ MOIST 60ML,2025-09-30,1.0,pcs,0.0,22.5,16.72,5.78,22.50,camille,4262151126221193834,SALE
2023-05-17,19775,19769.0,22695376,GREAT STERILE LATEX SURGICAL GLOVES 8,<NA>,1.0,pcs,0.0,27.75,15.0,12.75,27.75,camille,6999112244421687420,SALE
2023-05-17,19776,19770.0,8995201800479,TEMPRA 120MG SYRUP 60ML (ORANGE,2025-01-18,1.0,pcs,0.0,99.0,90.25,8.75,99.00,camille,1354094933220786969,SALE
2023-05-17,19777,19771.0,4806524772906,AMLOTHIX (AMLODIPINE) 5MG TAB,2026-01-08,10.0,pcs,0.0,20.0,0.35,16.5,306.25,camille,13501920444805261801,SALE
2023-05-17,19777,19771.0,38119798,ATORSAPH-20 (ATORVASTATIN) 20MG FC TAB,<NA>,10.0,pcs,0.0,35.0,0.95,25.5,,camille,10972067322913227432,SALE
2023-05-17,19777,19771.0,4806522630642,INTERPHIL (IRBESARTAN) 300MG TAB,2024-02-01,10.0,pcs,0.0,155.0,7.75,77.5,,camille,2283941626919730356,SALE
2023-05-17,19777,19771.0,4807788559593,NEOZEP FORTE (PHENYLEPHRINE HCL + PARACETAMOL) TAB,2025-07-29,5.0,pcs,0.0,28.75,5.19,2.8,,camille,12079233891125111554,SALE
2023-05-17,19777,19771.0,4800369000675,MUCOTUSS FORTE (PHENYLPROPANOLAMINE HCL + CHLORPHENIRAMINE MALEATE + PARACETAMOL + DEXTROMETHORPHAN,<NA>,10.0,pcs,0.0,67.5,5.98,7.7,,camille,7776601249353681949,SALE
2023-05-17,19778,19772.0,4800318570082,SCOTT&#039;S CHEWY VIT-C MIXED BERRIES 15s,2024-02-08,1.0,pcs,0.0,78.75,70.29,8.46,78.75,camille,8494767653567815427,SALE
2023-05-17,19779,19773.0,4800369001252,XIPRO TAB 500MG,<NA>,8.0,pcs,0.0,318.0,31.54,65.72,318.00,camille,17034411785418957421,SALE
2023-05-17,19780,19774.0,4800369001252,XIPRO TAB 500MG,<NA>,6.0,pcs,0.0,238.5,31.54,49.29,238.50,camille,10365017275627309184,SALE
2023-05-17,19781,19775.0,4807788559593,NEOZEP FORTE (PHENYLEPHRINE HCL + PARACETAMOL) TAB,2025-07-29,10.0,pcs,0.0,57.5,5.19,5.6,57.50,camille,15779327548267634917,SALE
2023-05-17,19782,19776.0,4800488114772,CHARMEE PANTYLINER GO GIRL 20+2,2025-04-13,1.0,pcs,0.0,19.75,16.36,3.39,19.75,camille,15238611394298992280,SALE
2023-05-17,19783,19777.0,4800304810130,BONAMINE (MECLYCINE HYDROCLHORIDE) CHEW (ADULT) 25MG TAB,2026-01-31,5.0,pcs,0.0,67.5,11.91,7.95,92.50,camille,5857501525104546508,SALE
2023-05-17,19783,19777.0,1000200078,VERTEX (CINNARIZINE) 25MG TAB,2025-04-01,10.0,pcs,0.0,25.0,0.65,18.5,,camille,8655518294457250197,SALE
2023-05-17,19784,19778.0,6922748503015,BL (KETOCONAZOLE CLOBETASOLE PROPIONATE) 7G CREAM,2023-12-31,1.0,pcs,0.0,35.0,33.0,2.0,35.00,camille,17257963781917649568,SALE
2023-05-17,19785,19779.0,4806517790580,ITORVAZ 20 (ATORVASTATIN) 20MG FC TAB,2024-04-30,30.0,pcs,0.0,412.5,10.5,97.5,"1,583.20",camille,3752810491676687411,SALE
2023-05-17,19785,19779.0,4806514633576,PANTOR 40MG (PANTOPRAZOLE SODIUM) TAB,2023-08-01,23.0,pcs,0.0,1170.7,48.55,53.95,,camille,13041099298561085685,SALE
2023-05-17,19786,19780.0,4806528271337,ALCLAV NEO (CO-AMOXICLAV) 625MG TAB,2024-06-30,14.0,pcs,0.0,308.0,18.3,51.87,700.25,camille,279325311010611010,SALE
2023-05-17,19786,19780.0,4807788557384,SOLMUX BRONCHO (SALBUTAMOL SULFATE + CARBOCISTEINE) CAP,<NA>,15.0,pcs,0.0,195.0,11.71,19.35,,camille,1398981834020169705,SALE
2023-05-17,19786,19780.0,4806032401336,VONWELT PREDNISONE 10MG TAB,2024-04-30,10.0,pcs,0.0,37.5,0.86,28.9,,camille,18352690387033516064,SALE
2023-05-17,19786,19780.0,4806524148800,PHILPARA (PARACETAMOL) 500MG TAB,2025-03-01,15.0,pcs,0.0,37.5,0.47,30.45,,camille,3663860706786407404,SALE
2023-05-17,19786,19780.0,4806501283159,WHITE FLOWER AC#5 1.5ML,2027-07-31,1.0,pcs,0.0,41.0,35.73,5.27,,camille,2485455174161914425,SALE
2023-05-17,19786,19780.0,4806512430016,PAU LINIMENT 30ML,2024-03-31,1.0,pcs,0.0,81.25,70.2,11.05,,camille,13348127296286946744,SALE
2023-05-17,19787,19781.0,8902269016674,ALCLAV (CO-AMOXICLAV) 625MG TAB,2023-06-01,14.0,pcs,0.0,308.0,7.84,198.24,449.50,camille,16591645381001652523,SALE
2023-05-17,19787,19781.0,4807788557384,SOLMUX BRONCHO (SALBUTAMOL SULFATE + CARBOCISTEINE) CAP,<NA>,8.0,pcs,0.0,104.0,11.71,10.32,,camille,3891163321193518534,SALE
2023-05-17,19788,19782.0,8964001206309,MONTIGET (MONTELUKAST SODIUM) 4MG TAB,2024-04-30,14.0,pcs,0.0,283.5,16.32,55.02,578.00,camille,12764773496718108372,SALE
2023-05-17,19788,19782.0,4807788519818,ALNIX (CETIRIZINE) 5MG/5ML SYR 60ML,2024-02-01,1.0,pcs,0.0,294.5,236.53,57.97,,camille,13915765414030011044,SALE
2023-05-17,RC0,19783.0,4807788079466,KREMIL S (ALUMINUM HYDROXIDE + MAGNESIUM HYDROXIDE + SIMETICONE) TAB,2023-11-04,10.0,pcs,0.0,80.0,6.8,12.0,0.00,8001,12121013077493972117,SALE
2023-05-17,RC0,19784.0,4800292161016,TRAJENTA (LINAGLIPTIN) 5MG TAB,2024-11-30,10.0,pcs,0.0,560.0,44.05,119.5,0.00,8001,10643987703775380834,SALE
2023-05-17,RC0,19784.0,SDI,Senior Discount,<NA>,1.0,pcs,0.0,-112.0,0.0,-112.0,,8001,8377681436899245223,ADJUSTMENT
2023-05-17,19789,19785.0,4800308991491,FLUIMUCIL (ACETYLCYTEINE) 600MG TAB,2025-03-31,2.0,pcs,0.0,80.5,31.37,17.75,80.50,camille,11657291952452277134,SALE
2023-05-17,RC0,19786.0,4806526304730,PARTNERS BLOOD GLUCOMETER CBPC-73,<NA>,1.0,pcs,0.0,860.0,391.0,469.0,0.00,8001,5167744287141120100,RETURN
2023-05-17,RC0,19786.0,500010220,KING MED LANCETS 200&#039;S STERILE 23G,<NA>,1.0,pcs,0.0,150.0,168.0,-18.0,,8001,3864013527120807061,SALE
2023-05-17,RC0,19786.0,4806526304747,PARTNERS GLUCOSE STRIPS 25&#039;S CBPC-73,2023-06-08,1.0,pcs,0.0,400.0,173.6,226.4,,8001,2972225822554071145,RETURN
2023-05-17,RC0,19786.0,4300010005,WHEELCHAIR BLACK ECONO,<NA>,1.0,pcs,0.0,4350.0,2800.0,1550.0,,8001,16766177216574855957,SALE
2023-05-17,RC0,19786.0,SDI,Senior Discount,<NA>,1.0,pcs,0.0,-1152.0,0.0,-1152.0,,8001,12088719783103419069,ADJUSTMENT
2023-05-17,RC0,19787.0,4806526304730,PARTNERS BLOOD GLUCOMETER CBPC-73,<NA>,1.0,pcs,0.0,860.0,391.0,469.0,0.00,8001,6448185232908294381,RETURN
2023-05-17,RC0,19787.0,60412941002,LANCET 100&#039;S,<NA>,1.0,pcs,0.0,252.0,120.0,132.0,,8001,10549261117858367559,SALE
2023-05-17,RC0,19787.0,SDI,Senior Discount,<NA>,1.0,pcs,0.0,-1172.4,0.0,-1172.4,,8001,16267663361897804081,ADJUSTMENT
2023-05-17,19790,19788.0,4806504260614,APPEVIT (BUCLIZINE HCL+B-COMPLEX+IRON) CAP,2024-09-01,30.0,pcs,0.2,321.36,13.5,-83.64,321.36,camille,10163228186533538119,SALE
2023-05-17,19791,19789.0,4807788408853,ALNIX (CETIRIZINE) 10MG TAB,2025-03-27,4.0,pcs,0.0,122.4,27.52,12.32,133.40,camille,6150626279170529560,SALE
2023-05-17,19791,19789.0,8996001600375,LE MINERALE 330ML,<NA>,1.0,pcs,0.0,11.0,6.33,4.67,,camille,8549848568216425480,SALE
2023-05-17,19792,19790.0,4800153953828,ROBITUSSIN L-GEL (GUAIFENESIN) 200MG CAP,2024-02-29,1.0,pcs,0.0,13.25,10.78,2.47,13.25,camille,10382601517437893464,SALE
2023-05-17,19793,19791.0,22695376,GREAT STERILE LATEX SURGICAL GLOVES 8,<NA>,2.0,pcs,0.0,55.5,15.0,25.5,55.50,camille,2828105258342347759,SALE
2023-05-17,19794,19792.0,4806502352380,SANICARE CLEANSING WIPES - ALOE 80 SHEETS,2024-07-27,1.0,pcs,0.0,108.0,89.25,18.75,108.00,camille,13001668914687910553,SALE
2023-05-17,19795,19793.0,4800318002415,CALTRATE ADVANCE TAB,2024-03-01,6.0,pcs,0.0,54.0,8.06,5.64,255.75,jane,15930157449290694901,SALE
2023-05-17,19795,19793.0,38218316,CHERIFER PGM CAP,2024-11-01,5.0,pcs,0.0,100.0,17.29,13.55,,jane,17873357806263630024,SALE
2023-05-17,19795,19793.0,4800153302220,CENTRUM(ADVANCE)TAB,2024-01-12,5.0,pcs,0.0,53.75,9.53,6.12,,jane,9545409922952145570,SALE
2023-05-17,19795,19793.0,4806032201004,POTEN CEE PLUS ZINC (ASCORBIC ACID + ZINC,2023-10-01,6.0,pcs,0.0,48.0,6.22,10.7,,jane,13207634642233806747,SALE
2023-05-17,19796,19794.0,4987072081808,KOOL FEVER BABY 2&#039;S,2024-11-30,1.0,pcs,0.0,53.0,46.68,6.32,53.00,jane,12704993277772760320,SALE
2023-05-17,19797,19795.0,8427030007588,GLUCERNA VANILLA 900G,2023-12-07,2.0,pcs,0.05,4818.4,1924.08,970.23,"4,818.40",jane,18130236579904743090,SALE
2023-05-17,19798,19796.0,8850006321522,COLGATE TRIPLE ACTION 193G (145ML,<NA>,1.0,pcs,0.0,124.5,113.1,11.4,124.50,jane,524375512849108008,SALE
2023-05-17,19799,19797.0,8996001600764,LE MINERALE 5L,<NA>,1.0,pcs,0.0,85.0,68.4,16.6,85.00,jane,15804456603537718483,SALE
2023-05-17,19800,19798.0,4800021100262,NIVEA SAKURA ROLL-ON 50ML X2,<NA>,1.0,pcs,0.0,225.0,132.64,92.36,225.00,jane,9315038285962859868,SALE
2023-05-17,19801,19799.0,8964001206330,NEBIL 5MG (NEBIVOLOL) TAB,2023-08-01,2.0,pcs,0.0,42.0,14.88,12.24,269.75,jane,589336924352985754,SALE
2023-05-17,19801,19799.0,4800602087937,WILKINS DISTILLED 1L,<NA>,2.0,pcs,0.0,60.0,23.33,13.34,,jane,4934227399871107574,SALE
2023-05-17,19801,19799.0,4800488958888,CARESS UNDERPADS XL8,2025-10-31,1.0,pcs,0.0,167.75,152.34,15.41,,jane,16916647775953338092,SALE
2023-05-17,19802,19800.0,8935196509315-1,SALONPAS PLASTER 20s,2025-06-30,1.0,pcs,0.0,108.0,93.24,14.76,108.00,jane,14790180309254014415,SALE
2023-05-17,19803,19801.0,8935196509315-1,SALONPAS PLASTER 20s,2025-06-30,1.0,pcs,0.0,108.0,93.24,14.76,108.00,jane,17757827160557758732,SALE
2023-05-17,19804,19802.0,4806520351105,FUSEDEX (FUROSEMIDE) 40MG TAB,<NA>,0.0,pcs,0.0,0.0,0.0,0.0,0.00,jane,1092963018499635546,SALE
2023-05-17,19804,19802.0,1900010021,SAPHLOPID (CLOPIDOGREL) 75MG TAB,2024-10-01,0.0,pcs,0.0,0.0,0.0,0.0,,jane,11410153039513315274,SALE
2023-05-17,19804,19802.0,38119798,ATORSAPH-20 (ATORVASTATIN) 20MG FC TAB,<NA>,0.0,pcs,0.0,0.0,0.0,0.0,,jane,2865063484302998277,SALE
2023-05-17,19804,19802.0,8904186000521,TRIMEBET (TRIMETAZIDINE) 35G TAB,2024-05-01,0.0,pcs,0.0,0.0,0.0,0.0,,jane,17261514857761757482,SALE
2023-05-17,19804,19802.0,8906041275778,SPIRODEN (SPIRONOLACTONE) 25MG TAB,2024-04-30,0.0,pcs,0.0,0.0,0.0,0.0,,jane,6852208479525265009,SALE
2023-05-17,19804,19802.0,4806524781854,NEPHROMIN (KETOANALOGUES+ESSENTIAL AMINO ACIDS) TAB,2024-08-01,0.0,pcs,0.0,0.0,0.0,0.0,,jane,11616038333249626869,SALE
2023-05-17,19804,19802.0,4800488959878,NURSY BABY WIPES SCENTED 90&#039;S,2025-06-01,0.0,pcs,0.0,0.0,0.0,0.0,,jane,6601029100052573391,SALE
2023-05-17,19804,19802.0,1900010134,PROMETIN (METOPROLOL) 50MG TAB,2025-02-01,0.0,pcs,0.0,0.0,0.0,0.0,,jane,9621203187424124107,SALE
2023-05-17,19805,19803.0,4806520351105,FUSEDEX (FUROSEMIDE) 40MG TAB,<NA>,60.0,pcs,0.0,150.0,0.43,124.2,"2,774.74",jane,5123684640033136290,SALE
2023-05-17,19805,19803.0,1900010021,SAPHLOPID (CLOPIDOGREL) 75MG TAB,2024-10-01,30.0,pcs,0.0,174.0,1.11,140.55,,jane,6914026538427077906,SALE
2023-05-17,19805,19803.0,58289945,ATORSAPH-40 (ATORVASTATIN) 40MG FC TAB,2024-12-01,30.0,pcs,0.0,195.0,1.9,138.0,,jane,941163055541596980,SALE
2023-05-17,19805,19803.0,8904186000521,TRIMEBET (TRIMETAZIDINE) 35G TAB,2024-05-01,60.0,pcs,0.0,510.0,3.34,309.6,,jane,10692233288181406734,SALE
2023-05-17,19805,19803.0,8906041275778,SPIRODEN (SPIRONOLACTONE) 25MG TAB,2024-04-30,34.0,pcs,0.0,394.74,2.95,294.44,,jane,17996953264831936632,SALE
2023-05-17,19805,19803.0,4806524781854,NEPHROMIN (KETOANALOGUES+ESSENTIAL AMINO ACIDS) TAB,2024-08-01,60.0,pcs,0.0,1200.0,14.0,360.0,,jane,9754283017020038584,SALE
2023-05-17,19805,19803.0,4800488959878,NURSY BABY WIPES SCENTED 90,2025-06-01,1.0,pcs,0.0,91.0,84.11,6.89,,jane,8874684327036628028,SALE
2023-05-17,19805,19803.0,1900010134,PROMETIN (METOPROLOL) 50MG TAB,2025-02-01,40.0,pcs,0.0,60.0,0.6,36.0,,jane,13402966722358595062,SALE
2023-05-17,19806,19804.0,8902269016674,ALCLAV (CO-AMOXICLAV) 625MG TAB,2023-11-30,1.0,pcs,0.1,17.68,7.84,9.84,23.43,jane,13252893673743420085,SALE
2023-05-17,19806,19804.0,4801962207997,SARIDON TRIPLE ACTION (PARACETAMOL PROPYPHENAZONE CAFFEINE) TAB,2025-03-31,1.0,pcs,0.0,5.75,4.74,1.01,,jane,16456065639824517423,SALE
2023-05-17,19807,19805.0,4800011122229,CASINO FEMME DUAL MOIST 250ML,2026-01-31,1.0,pcs,0.0,55.5,45.29,10.21,55.50,jane,6261614216933529196,SALE
2023-05-18,19808,19806.0,4806502352588,FEMME FACIAL TISSUE UNSCENTED,<NA>,1.0,pcs,0.0,27.75,23.04,4.71,27.75,jane,12398253928126184823,SALE
2023-05-18,19809,19807.0,4806520351105,FUSEDEX (FUROSEMIDE) 40MG TAB,<NA>,20.0,pcs,0.0,50.0,0.43,41.4,238.00,jane,11323039619116806161,SALE
2023-05-18,19809,19807.0,4806520351211,CLODIN (CLONIDINE) 150MG TAB,2023-10-01,20.0,pcs,0.0,188.0,3.75,113.0,,jane,16423511203494408861,SALE
2023-05-18,19810,19808.0,8851198048525,STREPSILS COOL 8s,2025-02-09,1.0,pcs,0.0,70.5,62.07,8.43,70.50,jane,2043586206671052004,SALE
2023-05-18,19811,19809.0,8904179014702,NOVASARTAN (LOSARTAN K) 50MG FC TAB,2025-02-01,200.0,pcs,0.0,500.0,0.78,344.0,500.00,jane,14420079764563902748,SALE
2023-05-18,19812,19810.0,48040693,JOHNSONS BLOSSOMS BABY POWDER 25G,2025-11-01,1.0,pcs,0.0,15.0,13.64,1.36,15.00,jane,7497810279480840060,SALE
2023-05-18,19813,19811.0,4800046000738,VIVALYTE E-DRINK APPLE 250ML,2025-06-22,2.0,pcs,0.0,100.0,41.47,17.06,100.00,jane,15870246748915412100,SALE
2023-05-18,19814,19812.0,4800067123133,APOLLO LIPBALM PINK 7G,2024-11-01,1.0,pcs,0.0,60.5,49.29,11.21,60.50,jane,8662377530998918847,SALE
2023-05-18,19815,19813.0,4806502359914,FEMME INTERFOLDED PAPER TOWEL 1PLY,<NA>,3.0,pcs,0.0,165.0,45.75,27.75,831.00,jane,14716298186116340017,SALE
2023-05-18,19815,19813.0,4806502352380,SANICARE CLEANSING WIPES - ALOE 80 SHEETS,2024-07-27,3.0,pcs,0.0,324.0,89.25,56.25,,jane,10351305362702961670,SALE
2023-05-18,19815,19813.0,71528104703,PROHEALTHCARE DISP. MASK,2027-06-24,3.0,pcs,0.05,342.0,56.0,174.0,,jane,11505070011058635993,SALE
2023-05-18,19816,19814.0,4806031903398,PHAREX VITAMIN (VITAMIN B1+B6+B12) 17+3 TAB NS,2024-08-30,1.0,pcs,0.0,72.25,65.64,6.61,72.25,jane,10092214218733465915,SALE
2023-05-18,19817,19815.0,4800136400042,BUSCOPAN (HYOSCINE BUTYLBROMIDE) TAB,<NA>,3.0,pcs,0.0,80.25,23.41,10.02,99.75,jane,13883873778508620860,SALE
2023-05-18,19817,19815.0,4806524142327,OMEPHIL-20 (OMEPRAZOLE) 20MG CAP,2023-11-01,3.0,pcs,0.0,19.5,0.75,17.25,,jane,2071432146790972727,SALE
2023-05-18,19818,19816.0,71528104703,PROHEALTHCARE DISP. MASK,2025-05-01,1.0,pcs,0.0,120.0,56.0,64.0,120.00,jane,2831995545383461506,SALE
2023-05-18,19819,19817.0,4807788048462,DIATABS (LOPERAMIDE) CAP,2027-01-03,1.0,pcs,0.0,8.25,7.15,1.1,72.25,jane,523460422120202378,SALE
2023-05-18,19819,19817.0,4806531820744,BACIFLORA PROBIOTIC DIETARY SUPP 5ML,2024-01-18,2.0,pcs,0.0,64.0,25.34,13.32,,jane,1263044412891123892,SALE
2023-05-18,19820,19818.0,4801981164714,WILKINS DISTILLED 7L,<NA>,1.0,pcs,0.0,92.5,71.43,21.07,112.30,jane,7321703335291293129,SALE
2023-05-18,19820,19818.0,4902430945554,SAFEGUARD PURE WHITE 60G,<NA>,1.0,pcs,0.0,19.8,17.13,2.67,,jane,17564620100201622238,SALE
2023-05-18,19821,19819.0,4801288820153,HAPPY ABSORBENT COTTON 10G,2026-10-01,1.0,pcs,0.0,7.0,4.45,2.55,7.00,jane,7467753211222504154,SALE
2023-05-18,19822,19820.0,8902269016674,ALCLAV (CO-AMOXICLAV) 625MG TAB,2023-06-01,14.0,pcs,0.0,308.0,7.84,198.24,308.00,jane,2271036186756991233,SALE
2023-05-18,19823,19821.0,4800304010219,CENTRUM SILVER ADV TAB 1s,2024-02-20,1.0,pcs,0.0,13.0,11.7,1.3,26.25,jane,14929341845973903072,SALE
2023-05-18,19823,19821.0,4800153953828,ROBITUSSIN L-GEL (GUAIFENESIN) 200MG CAP,2024-02-29,1.0,pcs,0.0,13.25,10.78,2.47,,jane,14139964047656121089,SALE
2023-05-18,19824,19822.0,8996001600269,LE MINERALE 600ML,<NA>,1.0,pcs,0.0,15.0,9.2,5.8,15.00,jane,252573979618490901,SALE
2023-05-18,19825,19823.0,72414791587,SPECIMEN COLLECTION KIT,<NA>,2.0,pcs,0.0,24.0,4.0,16.0,24.00,jane,5927155656848763622,SALE
2023-05-18,19826,19824.0,40382295926,POCARI SWEAT ION DRINK 500ML,<NA>,2.0,pcs,0.0,108.0,45.38,17.25,108.00,jane,10011223126267509156,SALE
2023-05-18,19827,19825.0,4806519380079,ANALMIN (MEFENAMIC ACID) 500MG CAP,<NA>,10.0,pcs,0.0,25.0,1.17,13.3,74.50,jane,7510085520684584549,SALE
2023-05-18,19827,19825.0,4806524147131,EMICOX (CELECOXIB) 200MG,2023-08-01,10.0,pcs,0.1,49.5,1.47,34.76,,jane,14784314948619983812,SALE
2023-05-18,19828,19826.0,4807788547071,ALGESIA (PARACETAMOL + TRAMADOL) 37.5/325 MG TAB,2024-01-26,7.0,pcs,0.0,374.5,51.89,11.29,374.50,jane,10335790862432911366,SALE
2023-05-18,19829,19827.0,8904179014702,NOVASARTAN (LOSARTAN K) 50MG FC TAB,2025-02-01,100.0,pcs,0.0,250.0,0.78,172.0,450.00,jane,6738652625035175475,SALE
2023-05-18,19829,19827.0,4806524772906,AMLOTHIX (AMLODIPINE) 5MG TAB,2026-01-08,100.0,pcs,0.0,200.0,0.35,165.0,,jane,8275184985255955481,SALE
2023-05-18,19830,19828.0,4801981107971,WILKINS PURE 500ML,<NA>,1.0,pcs,0.0,18.0,8.37,9.63,18.00,jane,3873423916959192752,SALE
2023-05-18,19831,19829.0,4801981107971,WILKINS PURE 500ML,<NA>,1.0,pcs,0.0,18.0,8.37,9.63,18.00,jane,13961320119444175507,SALE
2023-05-18,19832,19830.0,4801981164714,WILKINS DISTILLED 7L,<NA>,1.0,pcs,0.0,92.5,71.43,21.07,92.50,jane,9716327140812711133,SALE
2023-05-18,19833,19831.0,4800135011591,MYRA E (VITAMIN E) 12+2 SULIT PACK,2024-03-02,1.0,pcs,0.0,146.0,133.54,12.46,146.00,jane,18271371006521101723,SALE
2023-05-18,19834,19832.0,8850007371403,MODESS REGULAR W/WINGS 8s,2024-06-01,1.0,pcs,0.0,39.25,35.36,3.89,39.25,jane,14934505232789334316,SALE
2023-05-18,19835,19833.0,4800489114368,ARCOXIA (ETORICOXIB) 120MG TAB,2025-03-24,0.0,pcs,0.0,0.0,0.0,0.0,0.00,jane,2950765225972892080,SALE
2023-05-18,19836,19834.0,8904172926156,BIXOCOT (ETORICOXIB) 120MG FCT,2024-06-01,5.0,pcs,0.0,343.75,55.0,68.75,343.75,jane,3394593942312772146,SALE
2023-05-18,19837,19835.0,8850007371403,MODESS REGULAR W/WINGS 8s,2024-06-01,1.0,pcs,0.0,39.25,35.36,3.89,39.25,jane,11790796561497126728,SALE
2023-05-18,19838,19836.0,89647612573,URINE COLLECTOR,<NA>,1.0,pcs,0.0,6.75,3.2,3.55,6.75,jane,10383412415597110478,SALE
2023-05-18,19839,19837.0,4800067132548,CLEENE CLIO TBRUSH KIDDIE,2032-02-08,1.0,pcs,0.0,39.5,31.5,8.0,87.70,jane,5348748150801012070,SALE
2023-05-18,19839,19837.0,4806523301633,AMLOREX (AMLODIPINE) 5MG TAB,<NA>,20.0,pcs,0.0,37.0,0.74,22.2,,jane,12926384559034912157,SALE
2023-05-18,19839,19837.0,25213478,SAPHORMIN T500 (METFORMIN HCL) 500MG TAB,2024-04-01,10.0,pcs,0.0,11.2,0.37,7.55,,jane,14536094857880170720,SALE
2023-05-18,19840,19838.0,4807788417206,MEDICOL ADVANCE SOFTGEL (IBUPROFEN) CAP,2024-02-25,6.0,pcs,0.0,37.8,5.66,3.84,51.80,jane,2388218942711752775,SALE
2023-05-18,19840,19838.0,48032742,JOHNSONS WHITE BABY POWDER 25G,2025-08-01,1.0,pcs,0.0,14.0,12.63,1.37,,jane,5275917201292890337,SALE
2023-05-18,19841,19839.0,4800047820236,GREENCROSS 70% 150ML,2025-03-30,1.0,pcs,0.0,37.5,31.06,6.44,37.50,jane,9264909515720052601,SALE
2023-05-18,19842,19840.0,40219530,PREGABASAPH-75 (PREGABALIN) 75MG CAP,2025-02-01,15.0,pcs,0.2,85.68,3.5,33.18,528.56,jane,14608881392634970908,SALE
2023-05-18,19842,19840.0,4806518920054,FASTUM GEL 30G,2026-11-30,1.0,pcs,0.2,314.29,409.79,-95.5,,jane,5159225316563316145,SALE
2023-05-18,19842,19840.0,94571134,SAPHETOR (ETORICOXIB) 120MG FC TAB,<NA>,6.0,pcs,0.2,128.59,9.33,72.61,,jane,3488572278825125154,SALE
2023-05-18,19843,19841.0,4987176092267,GILLETE RAZOR BLUE 2 FLEXI,<NA>,1.0,pcs,0.0,29.0,25.33,3.67,29.00,jane,5172648809597949847,SALE
2023-05-18,19844,19842.0,4800308991491,FLUIMUCIL (ACETYLCYTEINE) 600MG TAB,2024-12-31,4.0,pcs,0.0,161.0,31.37,35.5,161.00,jane,16495860830491664290,SALE
2023-05-18,19845,19843.0,42855118,SAPHCORBIC-100 (ASCORBIC ACID) 120ML,<NA>,14.0,pcs,0.0,630.0,4.42,568.12,630.00,jane,5648539347321830953,SALE
2023-05-18,19846,19844.0,29253999,CEFUSAPH (CEFUROXIME AXETIL) 500MG FC TAB,2024-10-01,21.0,pcs,0.0,588.0,7.5,430.5,868.50,jane,13105239418787990876,SALE
2023-05-18,19846,19844.0,4806523303088,CLIN-GEN (CLINDAMYCIN) 300MG CAP,2025-08-01,21.0,pcs,0.0,262.5,3.35,192.14,,jane,13393156215651487200,SALE
2023-05-18,19846,19844.0,4801981107971,WILKINS PURE 500ML,<NA>,1.0,pcs,0.0,18.0,8.37,9.63,,jane,12681564710136829969,SALE
2023-05-18,19847,19845.0,4987176009678,VICKS VAPORUB 25G,2025-08-31,1.0,pcs,0.0,106.0,96.35,9.65,344.70,jane,8305821423986212358,SALE
2023-05-18,19847,19845.0,4800067642696,SEBO DE MACHO 25G,2025-03-31,1.0,pcs,0.0,44.0,44.81,-0.81,,jane,15445335488897365751,SALE
2023-05-18,19847,19845.0,4809013625004,MX3 CAP,2025-05-12,4.0,pcs,0.0,72.0,15.13,11.47,,jane,12650086847486339954,SALE
2023-05-18,19847,19845.0,4806501130125,MEDIFORTAN-AS (MULTIVITAMINS + BUCLIZINE HCI ) CAP,2025-01-02,4.0,pcs,0.0,94.2,19.63,15.69,,jane,9060689475527225090,SALE
2023-05-18,19847,19845.0,4800204506027,PHAREX VIT BCOMPLEX (VITAMIN B1 + B6 + B12,2023-08-01,6.0,pcs,0.0,28.5,3.86,5.34,,jane,4228166803250315134,SALE
2023-05-18,19848,19846.0,4800136340010,MUCOSOLVAN (AMBROXOL HCI) 75MG CAP,<NA>,7.0,pcs,0.0,325.5,41.47,35.2,"1,359.00",jane,11595973629536970000,SALE
2023-05-18,19848,19846.0,4806520890680,BEWELL-C ZINC PROTECT (ASCORBIC + ZINC) 10s,2024-11-30,3.0,pcs,0.0,225.0,6.45,205.65,,jane,4750017795522371440,SALE
2023-05-18,19848,19846.0,4806517790047,ULTIMA CAP 10s,2024-05-25,3.0,pcs,0.0,808.5,110.25,477.75,,jane,14691945963192309935,SALE
2023-05-18,19849,19847.0,8994388106619,INBUMIN 250MG (STRIATIN) FC TAB,2023-06-28,8.0,pcs,0.0,346.0,36.35,55.19,346.00,jane,5825181054517087304,SALE
2023-05-18,19850,19848.0,4800369000675,MUCOTUSS FORTE (PHENYLPROPANOLAMINE HCL + CHLORPHENIRAMINE MALEATE + PARACETAMOL + DEXTROMETHORPHAN,<NA>,15.0,pcs,0.0,101.25,5.98,11.55,673.75,jane,438379322963964056,SALE
2023-05-18,19850,19848.0,4800369000545,TERRAFERON (FERROUS SULFATE + FOLIC ACID + B-COMPLEX + NICOTINAMIDE) CAP,2023-11-30,30.0,pcs,0.0,247.5,7.27,29.35,,jane,523992887363348776,SALE
2023-05-18,19850,19848.0,4806518661377,BILAXTEN (BILASTINE) 20MG TAB,<NA>,10.0,pcs,0.0,325.0,26.94,55.62,,jane,1390364836988318617,SALE
2023-05-18,19851,19849.0,78901964,AZISAPH (AZITHROMYCIN) 500MG TAB,2024-09-01,1.0,pcs,0.0,17.75,5.0,12.75,17.75,jane,13945578963428499561,SALE
2023-05-18,19852,19850.0,4806528271337,ALCLAV NEO (CO-AMOXICLAV) 625MG TAB,2024-06-30,14.0,pcs,0.0,308.0,18.3,51.87,308.00,jane,17407624098688314224,SALE
2023-05-18,19853,19851.0,4807788519221,CEELIN SYR 120ML,2025-01-01,1.0,pcs,0.0,129.0,116.08,12.92,129.00,jane,7835813596291709994,SALE
2023-05-18,19854,19852.0,4800136730019,ERCEFLORA (BASILLUS CLAUSII) ORAL SOLUTION 5ML,2024-03-31,2.0,pcs,0.0,82.0,37.81,6.38,82.00,jane,11165359556143173168,SALE
2023-05-18,19855,19853.0,4800286242646,DUPHASTON(DYDROGESTERONE) 10MG TAB,2026-06-30,2.0,pcs,0.0,158.5,79.32,-0.14,158.50,jane,11403568469585980028,SALE
2023-05-18,19856,19854.0,4800140000771,PONSTAN SF 500MG (MEFENAMIC ACID) CAP,2025-01-31,15.0,pcs,0.0,598.5,37.59,34.69,598.50,camille,4619379050653145025,SALE
2023-05-18,19857,19855.0,4800281329632,FLANAX FORTE (NAPROXEN) 550MG TAB,<NA>,6.0,pcs,0.0,139.5,20.87,14.31,139.50,camille,2630369454829109340,SALE
2023-05-18,19858,19856.0,4807788571373,REXIDOL FORTE TAB,<NA>,3.0,pcs,0.0,17.25,4.72,3.1,17.25,camille,5797718280756473396,SALE
2023-05-18,19859,19857.0,4806502352588,FEMME FACIAL TISSUE UNSCENTED,<NA>,1.0,pcs,0.0,27.75,23.04,4.71,345.25,camille,10650878848366756630,SALE
2023-05-18,19859,19857.0,4800333213322,XYZAL (LEVOCETIRIZINE) 5MG TAB 30,2026-03-01,10.0,pcs,0.0,317.5,28.84,29.1,,camille,17712755497980040536,SALE
2023-05-18,19860,19858.0,8996001600269,LE MINERALE 600ML,<NA>,1.0,pcs,0.0,15.0,9.2,5.8,51.00,camille,13114170317195012316,SALE
2023-05-18,19860,19858.0,4801981107971,WILKINS PURE 500ML,<NA>,2.0,pcs,0.0,36.0,9.38,17.25,,camille,13754280280112685950,SALE
2023-05-18,19861,19859.0,4806524149708,CITCOLE (CITICOLINE) 500MG TAB,<NA>,20.0,pcs,0.2,436.0,12.33,189.4,436.00,camille,10062351598949311911,SALE
2023-05-18,19862,19860.0,8964001206255,LILAC (LACTULOSE) SYR 60ML,2024-06-01,1.0,pcs,0.0,192.0,160.0,32.0,192.00,camille,7987387476081939951,SALE
2023-05-18,19863,19861.0,4800489114344,ARCOXIA (ETORICOXIB) 90MG TAB,2024-09-01,2.0,pcs,0.0,131.4,58.93,13.55,131.40,camille,10083075972884869697,SALE
2023-05-18,19864,19862.0,4806530870108,DIGITAL THERMOMETER (INDOPLAS,<NA>,1.0,pcs,0.0,104.0,65.0,39.0,104.00,camille,837063789808572709,SALE
2023-05-18,19865,19863.0,4807788562593,IMMUNPRO 500MG TAB,2024-09-01,10.0,pcs,0.0,87.5,7.44,13.06,87.50,camille,10410124005581235063,SALE
2023-05-18,19866,19864.0,4807788519795,DOLAN FP SUSP 100MG 60ML,<NA>,1.0,pcs,0.0,88.75,80.16,8.59,88.75,camille,581433215904113627,SALE
2023-05-19,19885,19865.0,480778853619,ALAXAN FR (IBUPROFEN + PARACETAMOL) CAP,2025-04-29,20.0,pcs,0.0,170.0,7.94,11.12,"1,410.30",camille,1988340766382683257,SALE
2023-05-19,19885,19865.0,4807788526762,BIOFLU (PENYLEPHINE + CHLORPHENAMINE + PARACETAMOL) TAB,2024-01-01,20.0,pcs,0.0,160.0,6.37,32.64,,camille,5680314596182482327,SALE
2023-05-19,19885,19865.0,4807788048462,DIATABS (LOPERAMIDE) CAP,2027-01-03,10.0,pcs,0.0,82.5,7.15,10.96,,camille,6465302360205372808,SALE
2023-05-19,19885,19865.0,4800308991491,FLUIMUCIL (ACETYLCYTEINE) 600MG TAB,2024-12-31,10.0,pcs,0.0,402.5,31.37,88.76,,camille,16454134121746773458,SALE
2023-05-19,19885,19865.0,4800304940011,LOMOTIL (LOPERAMIDE HCI) TAB,2025-01-05,10.0,pcs,0.0,109.0,9.35,15.5,,camille,13731399829243978132,SALE
2023-05-19,19885,19865.0,4807788559593,NEOZEP FORTE (PHENYLEPHRINE HCL + PARACETAMOL) TAB,2025-07-29,20.0,pcs,0.0,115.0,5.19,11.2,,camille,8864026940018450416,SALE
2023-05-19,19885,19865.0,4806033304131,RM MEFENAMIC ACID 500MG TAB,2023-07-21,15.0,pcs,0.0,101.25,3.71,45.53,,camille,508565918046457543,SALE
2023-05-19,19885,19865.0,4806502850008,SYMDEX D TAB,2024-03-01,30.0,pcs,0.0,105.0,1.51,59.7,,camille,5801041509233263223,SALE
2023-05-19,19885,19865.0,4806501283142,WHITE FLOWER C#4 2.5ML,2026-11-30,2.0,pcs,0.0,107.8,45.7,16.39,,camille,6153347077107418469,SALE
2023-05-19,19885,19865.0,4800011736020,OMEGA PAIN KILLER 30ML,2025-12-31,1.0,pcs,0.0,34.75,30.38,4.37,,camille,17279105726337680192,SALE
2023-05-19,19885,19865.0,4800011159034,IPI (ACEITE DE MANZANILLA) 50ML,2025-06-30,1.0,pcs,0.0,22.5,19.96,2.54,,camille,1136781110085554174,SALE
2023-05-19,19867,19866.0,4800489114344,ARCOXIA (ETORICOXIB) 90MG TAB,2024-09-01,3.0,pcs,0.0,197.1,58.93,20.32,197.10,camille,1123411348620864107,SALE
2023-05-19,19868,19867.0,4800064630108,DAPHNE (LYNESTRENOL) PILLS,2024-10-11,1.0,pcs,0.0,147.8,118.58,29.22,147.80,camille,6721664203325525734,SALE
2023-05-19,19869,19868.0,4800064610704,TRUST CONDOM STRAWBERRY,2027-03-31,2.0,pcs,0.0,58.0,22.1,13.8,58.00,camille,17476381813189508044,SALE
2023-05-19,19870,19869.0,4806502352588,FEMME FACIAL TISSUE UNSCENTED,<NA>,1.0,pcs,0.0,27.75,23.04,4.71,27.75,camille,13269502956078962279,SALE
2023-05-19,19871,19870.0,4806506318917,SISTERS PANTYLINER 20+2,2025-10-01,1.0,pcs,0.0,20.25,17.47,2.78,20.25,camille,79519879613547831,SALE
2023-05-19,19872,19871.0,4806521160294,CO-ALTRIA (MONTELUKAST SODIUM + LEVOCITIRIZINE DEHYDROCHLORIDE) 10MG/5MG TAB,2025-06-30,4.0,pcs,0.0,109.0,24.45,11.2,268.25,camille,10377116815929527971,SALE
2023-05-19,19872,19871.0,4806520352171,MUCOMED (DIPHENHYDRAMINE HYDROCHLORIDE) 25MG CAP,2023-09-01,4.0,pcs,0.0,14.0,0.6,11.6,,camille,11896518312911327553,SALE
2023-05-19,19872,19871.0,48035156,EFFICASCENT OIL EXTRA STRENGTH (METHYLSALICYLATE CHAMPOR + MENTHOL) 25ML,2027-10-31,1.0,pcs,0.0,34.0,29.5,4.5,,camille,459325046094689895,SALE
2023-05-19,19872,19871.0,4801962122269,BEROCCA (MULTIVITAMINS & MINERALS) TAB 1,2024-04-30,5.0,pcs,0.0,111.25,19.55,13.49,,camille,2629615330603945868,SALE
2023-05-19,19873,19872.0,4800136390084,DULCOLAX (BISACODYL) TAB,2025-02-28,2.0,pcs,0.0,46.0,20.5,5.0,46.00,camille,4349467844864625568,SALE
2023-05-19,19874,19873.0,48035156,EFFICASCENT OIL EXTRA STRENGTH (METHYLSALICYLATE CHAMPOR + MENTHOL) 25ML,2027-10-31,1.0,pcs,0.0,34.0,29.5,4.5,34.00,camille,12877772096985544445,SALE
2023-05-19,19875,19874.0,4807788561688,BIOGESIC (PARACETAMOL) 500MG TAB,2026-05-22,20.0,pcs,0.0,85.0,3.65,12.01,85.00,camille,12907660532375241296,SALE
2023-05-19,19876,19875.0,4800153302169,CENTRUM SILVER ADV TAB 30,2024-01-01,1.0,pcs,0.0,390.0,330.75,59.25,602.25,camille,10187966275157799647,SALE
2023-05-19,19876,19875.0,4806031903398,PHAREX VITAMIN (VITAMIN B1+B6+B12) 17+3 TAB NS,2023-10-31,1.0,pcs,0.0,72.25,65.64,6.61,,camille,17564256921400013873,SALE
2023-05-19,19876,19875.0,4800204005612,POTEN CEE SUGAR COATED 500MG TAB,<NA>,20.0,pcs,0.0,140.0,5.21,35.85,,camille,1819018915761774901,SALE
2023-05-19,19877,19876.0,4800136400042,BUSCOPAN TAB,<NA>,5.0,pcs,0.0,133.75,23.41,16.7,133.75,camille,6043376248976206547,SALE
2023-05-19,19878,19877.0,4807788524881,CEFALIN (CEFALEXIN) 250MG SUSP 60ML,2024-06-05,1.0,pcs,0.0,309.5,257.75,51.75,309.50,jane,7565247024835694581,SALE
2023-05-19,19879,19878.0,4987072005538,KOOL FEVER KIDS 2&#039;S,2026-11-01,1.0,pcs,0.0,57.25,26.29,30.96,107.25,jane,1312613925870373919,SALE
2023-05-19,19879,19878.0,4800046000738,VIVALYTE E-DRINK APPLE 250ML,2025-06-22,1.0,pcs,0.0,50.0,41.47,8.53,,jane,16832988639959338601,SALE
2023-05-19,19880,19879.0,8996001600269,LE MINERALE 600ML,<NA>,1.0,pcs,0.0,15.0,9.2,5.8,15.00,jane,14980463925708740660,SALE
2023-05-19,19881,19880.0,1900010113,INHIBITA (OMEPRAZOLE) 40MG EC TAB,2024-04-01,14.0,pcs,0.0,126.0,3.6,75.6,126.00,jane,4105230908408739738,SALE
2023-05-19,19882,19881.0,4806524772906,AMLOTHIX (AMLODIPINE) 5MG TAB,2026-01-08,10.0,pcs,0.0,20.0,0.35,16.5,20.00,jane,8896139304088227593,SALE
2023-05-19,19883,19882.0,4808888413594,PALMOLIVE INTENSIVE MOISTURE 90ML,<NA>,1.0,pcs,0.0,62.0,50.01,11.99,62.00,jane,16002539389258984528,SALE
2023-05-19,19884,19883.0,4800153953828,ROBITUSSIN L-GEL (GUAIFENESIN) 200MG CAP,2024-02-29,1.0,pcs,0.0,13.25,10.78,2.47,13.25,camille,5697311174684424005,SALE
2023-05-19,19886,19884.0,8906076770101,BETTERVENT (SALBUTAMOL) 1MG/ML (2.5MG/2.5ML) SOL&#039;N,<NA>,5.0,pcs,0.0,75.0,5.17,49.17,501.00,camille,1869808193716419403,SALE
2023-05-19,19886,19884.0,4800573055195,HIVENT PLUS (SALBUTAMOL+IPRATROPIUM BROMIDE) 2.5MG+500MCG/2.5ML AMP,2025-01-01,3.0,pcs,0.0,93.0,12.17,56.5,,camille,12332889309960162729,SALE
2023-05-19,19886,19884.0,4800308991491,FLUIMUCIL (ACETYLCYTEINE) 600MG TAB,2024-12-31,2.0,pcs,0.0,80.5,31.37,17.75,,camille,6470199328932633429,SALE
2023-05-19,19886,19884.0,4800308731172,FLUIMUCIL GRAN (ACETYLCYTEINE) 100MG,2025-02-28,5.0,pcs,0.0,67.5,10.82,13.4,,camille,10306698238778260392,SALE
2023-05-19,19886,19884.0,4800308731318,FLUIMUCIL (ACETYLCYTEINE) 200MG,2023-08-01,10.0,pcs,0.0,185.0,14.29,42.1,,camille,1560666449430401523,SALE
2023-05-19,19887,19885.0,94571134,SAPHETOR (ETORICOXIB) 120MG FC TAB,<NA>,7.0,pcs,0.0,210.0,9.33,144.69,591.90,camille,10623463223959820669,SALE
2023-05-19,19887,19885.0,4800204013617,RELEAF FORTE (BLUMEA BALSAMIFERA L. SAMBONG LEAF) 500MG,2027-02-28,30.0,pcs,0.0,247.5,6.83,42.46,,camille,14429461368276978709,SALE
2023-05-19,19887,19885.0,4806520083242,LQUIN (LEVOFLOXACIN) 500MG TAB,2025-01-01,14.0,pcs,0.0,134.4,4.3,74.2,,camille,11559295456954326466,SALE
2023-05-19,19888,19886.0,8996001600269,LE MINERALE 600ML,<NA>,1.0,pcs,0.0,15.0,9.2,5.8,15.00,camille,4728646839188003849,SALE
2023-05-19,19889,19887.0,8996001600269,LE MINERALE 600ML,<NA>,1.0,pcs,0.0,15.0,9.2,5.8,15.00,camille,15946078726799065181,SALE
2023-05-19,19890,19888.0,8996001600375,LE MINERALE 330ML,<NA>,1.0,pcs,0.0,11.0,6.33,4.67,11.00,camille,6131147115113519592,SALE
2023-05-19,19891,19889.0,39572141,ADVAN PREGNANCY TEST,2024-03-01,1.0,pcs,0.0,40.0,9.6,30.4,40.00,camille,12931910809843732828,SALE
2023-05-19,19892,19890.0,4800318570082,SCOTT&#039;S CHEWY VIT-C MIXED BERRIES 15s,2024-02-01,1.0,pcs,0.0,78.75,70.29,8.46,78.75,camille,3404140562360449376,SALE
2023-05-19,19893,19891.0,4806532560229,FOLIDYN (FOLIC ACID) 5MG CAP,2024-01-10,30.0,pcs,0.0,210.0,6.13,26.1,"1,062.00",camille,7401805606996860383,SALE
2023-05-19,19893,19891.0,4807788562630,CALCIUMADE (CALCIUM + VITAMIN + MINERALS) TAB,2023-10-26,60.0,pcs,0.0,660.0,937.79,-55607.4,,camille,3038644699147754324,SALE
2023-05-19,19893,19891.0,8964001206255,LILAC (LACTULOSE) SYR 60ML,2024-06-01,1.0,pcs,0.0,192.0,160.0,32.0,,camille,3603591976272377611,SALE
2023-05-19,19894,19892.0,4806504652587,ALANERV 920MG CAP,<NA>,5.0,pcs,0.05,423.94,81.0,18.94,423.94,camille,9646760186169072616,SALE
2023-05-19,19895,19893.0,4806527194088,ALLECUR (CETIRIZINE) 10MG TAB,2024-11-01,10.0,pcs,0.0,30.0,0.29,27.12,30.00,camille,13651908637191424905,SALE
2023-05-19,19896,19894.0,45817663,ROSUSAPH-20 (ROSUVASTATIN) 20MG FC TAB,2025-04-01,10.0,pcs,0.0,145.0,2.58,119.2,221.00,camille,17444397563641142813,SALE
2023-05-19,19896,19894.0,4800292103047,CATAPRES TAB (ETHYL ALC) 75MCG,2024-11-30,2.0,pcs,0.0,76.0,30.2,15.6,,camille,6612836914840135199,SALE
2023-05-19,19897,19895.0,4806521902467,TOPRADONE (PANTOPRAZOLE+DOMPERIDONE) 40MG/30MG CAP,<NA>,2.0,pcs,0.2,42.86,20.0,2.86,120.02,camille,13869508436002434770,SALE
2023-05-19,19897,19895.0,4807788580931,ALGINA (SODIUM ALGINATE) SUS,2024-04-29,4.0,pcs,0.2,77.15,25.74,-25.82,,camille,2227859847594190964,SALE
2023-05-19,19897,19895.0,SD,Sales Discount Variance,<NA>,1.0,pcs,0.0,0.01,0.0,0.01,,camille,11478127659125360653,ADJUSTMENT
2023-05-19,19898,19896.0,4800488070023,CARESS ADULT DIAPER M1,<NA>,4.0,pcs,0.0,80.0,17.29,10.84,98.50,camille,4993789551582949767,SALE
2023-05-19,19898,19896.0,4806502351901,SANICARE BATHROOM TISSUE 1&#039;S,<NA>,1.0,pcs,0.0,18.5,15.16,3.34,,camille,3193944993847250790,SALE
2023-05-19,19899,19897.0,4807788561688,BIOGESIC (PARACETAMOL) 500MG TAB,2026-03-01,1.0,pcs,0.0,4.25,3.65,0.6,4.25,camille,5318743514976408857,SALE
2023-05-19,19900,19898.0,4806524772906,AMLOTHIX (AMLODIPINE) 5MG TAB,2026-01-08,10.0,pcs,0.0,20.0,0.35,16.5,43.75,camille,4430762625888759931,SALE
2023-05-19,19900,19898.0,4800204506027,PHAREX VIT BCOMPLEX (VITAMIN B1 + B6 + B12,2023-08-01,5.0,pcs,0.0,23.75,3.86,4.45,,camille,10548821597007731113,SALE
2023-05-19,19901,19899.0,4902430945554,SAFEGUARD PURE WHITE 60G,<NA>,1.0,pcs,0.0,19.8,17.13,2.67,108.30,camille,9323992286001597478,SALE
2023-05-19,19901,19899.0,4800064630115,EZ LUBRICATING JELLY 10G,<NA>,3.0,pcs,0.0,88.5,24.06,16.32,,camille,3191734538995347352,SALE
2023-05-19,19902,19900.0,4807788561688,BIOGESIC (PARACETAMOL) 500MG TAB,2026-03-01,10.0,pcs,0.0,42.5,3.65,6.01,42.50,camille,5170900927972755103,SALE
2023-05-19,19903,19901.0,8904186000521,TRIMEBET (TRIMETAZIDINE) 35G TAB,2024-05-01,10.0,pcs,0.2,68.0,3.34,34.6,196.60,camille,16830240891133436807,SALE
2023-05-19,19903,19901.0,8944164010272,CARVIDA (CARVEDILOL) 6.25MG TAB,2024-06-01,10.0,pcs,0.2,73.6,3.0,43.6,,camille,6253506658922519645,SALE
2023-05-19,19903,19901.0,4806530220309,DUOTRAM (PARA + TRAMA HCL) 325MG/37.5MG TAB,<NA>,5.0,pcs,0.2,55.0,2.55,42.25,,camille,9772022554329880808,SALE
2023-05-19,19904,19902.0,4809015142035,OHHIRAs PROPOLIS 600MG CAP,2024-10-02,35.0,pcs,0.0,2352.0,56.0,392.0,"2,352.00",camille,10163227506239417002,SALE
2023-05-19,19905,19903.0,4800488070030,CARESS ADULT DIAPER L10+1,2025-09-25,1.0,pcs,0.0,227.0,206.31,20.69,342.20,camille,7272382447403543774,SALE
2023-05-19,19905,19903.0,6100010004,GAUZE PAD 4X4 TRUCARE,2026-11-01,20.0,pcs,0.0,89.2,1.78,53.6,,camille,14674692043801280379,SALE
2023-05-19,19905,19903.0,4801288820504,HAPPY ABSORBENT COTTON 40G,2025-11-30,1.0,pcs,0.0,26.0,17.56,8.44,,camille,4882314267708057199,SALE
2023-05-19,19906,19904.0,71528104703,PROHEALTHCARE DISP. MASK,2027-06-24,1.0,pcs,0.0,120.0,56.0,64.0,120.00,camille,16283487798785441905,SALE
2023-05-19,19907,19905.0,4807788552273,ULTRAXIME (CEFIXIME) 100MG/5ML 60ML SUSP,2025-02-01,1.0,pcs,0.0,1063.5,949.45,114.05,"1,782.02",camille,12520921517309382094,SALE
2023-05-19,19907,19905.0,4807788552280,ULTRAXIME SYR 100MG 30ML,2024-10-01,1.0,pcs,0.0,718.52,670.53,47.99,,camille,6438211893779931275,SALE
2023-05-19,19908,19906.0,8996001600269,LE MINERALE 600ML,<NA>,2.0,pcs,0.0,30.0,9.2,11.6,59.00,camille,6588407206658543716,SALE
2023-05-19,19908,19906.0,4987176092267,GILLETE RAZOR BLUE 2 FLEXI,<NA>,1.0,pcs,0.0,29.0,25.33,3.67,,camille,5447356325963361302,SALE
2023-05-19,19909,19907.0,8964001206651,FORTRA (BUDESONIDE+FORMETROL FUMARATE DIHYDRATE) 200MCG/6MCG CANISTER,2024-10-30,1.0,pcs,0.2,440.0,509.15,-69.15,581.10,camille,10673961853424263688,SALE
2023-05-19,19909,19907.0,4800369000675,MUCOTUSS FORTE (PHENYLPROPANOLAMINE HCL + CHLORPHENIRAMINE MALEATE + PARACETAMOL + DEXTROMETHORPHAN,<NA>,9.0,pcs,0.2,43.42,5.98,-10.4,,camille,13952044487741277509,SALE
2023-05-19,19909,19907.0,4800369000545,TERRAFERON (FERROUS SULFATE + FOLIC ACID + B-COMPLEX + NICOTINAMIDE) CAP,2023-11-30,3.0,pcs,0.2,17.69,7.27,-4.13,,camille,10648590842742002797,SALE
2023-05-19,19909,19907.0,745110103509,ALCOSURE ISOPROPYL ALC 70% 500ML,<NA>,1.0,pcs,0.0,80.0,55.0,25.0,,camille,9035873264213075051,SALE
2023-05-19,19909,19907.0,SD,Sales Discount Variance,<NA>,1.0,pcs,0.0,-0.01,0.0,-0.01,,camille,5097038094829005588,ADJUSTMENT
2023-05-19,19910,19908.0,6921665001499,AXMAXOLV (SALBUTAMOL) 100MCG/ACTUATION,2025-04-01,1.0,pcs,0.0,185.0,75.0,110.0,185.00,camille,5670014146204137317,SALE
2023-05-19,19911,19909.0,8904179014702,NOVASARTAN (LOSARTAN K) 50MG FC TAB,2025-02-01,10.0,pcs,0.0,25.0,0.78,17.2,25.00,camille,12461086070731458853,SALE
2023-05-19,19912,19910.0,4800153953231,ROBITUSSIN EXPECTORANT (GUAIFENESIN) 60ML,2024-12-31,1.0,pcs,0.0,108.0,89.08,18.92,108.00,camille,14153775571380363054,SALE
2023-05-19,19913,19911.0,4807788696281,NASOFLO (FLUTICASONE PROPRIONATE) 50MCG NASAL SPRAY,2024-02-29,1.0,pcs,0.0,673.9,607.1,66.8,673.90,camille,197634478390810647,SALE
2023-05-19,19914,19912.0,4807788562043,TASCIT 15MEQ (POTASSIUM CITRATE,2023-09-15,10.0,pcs,0.0,258.9,25.92,-0.3,258.90,jane,13600172876422162171,SALE
2023-05-19,19915,19913.0,1900010074,ATORSAPH-10 (ATORVASTATIN) 10MG FC TAB,2024-03-31,0.0,pcs,0.0,0.0,0.0,0.0,0.00,jane,17218581812659139985,SALE
2023-05-19,19915,19913.0,8904179014702,NOVASARTAN (LOSARTAN K) 50MG FC TAB,2025-02-01,0.0,pcs,0.0,0.0,0.0,0.0,,jane,16162622647669689573,SALE
2023-05-19,19916,19914.0,38119798,ATORSAPH-20 (ATORVASTATIN) 20MG FC TAB,<NA>,10.0,pcs,0.0,35.0,0.95,25.5,85.00,jane,17633171959043451578,SALE
2023-05-19,19916,19914.0,8904179014702,NOVASARTAN (LOSARTAN K) 50MG FC TAB,2025-02-01,20.0,pcs,0.0,50.0,0.78,34.4,,jane,15673884982331061489,SALE
2023-05-19,19917,19915.0,4807788559593,NEOZEP FORTE (PHENYLEPHRINE HCL + PARACETAMOL) TAB,2025-01-31,2.0,pcs,0.0,11.5,5.19,1.12,20.00,jane,14047226522180816896,SALE
2023-05-19,19917,19915.0,4807788561688,BIOGESIC (PARACETAMOL) 500MG TAB,2026-03-01,2.0,pcs,0.0,8.5,3.65,1.2,,jane,2135982509940284739,SALE
2023-05-19,19918,19916.0,4807788519184,BIOGESIC 120MG/5ML OR SYR 60ML,2024-05-10,1.0,pcs,0.0,93.0,77.44,15.56,93.00,jane,13644235869693169346,SALE
2023-05-19,19919,19917.0,98480117895,PROTECT PLUS 70% ISOP ALC. 1G,<NA>,1.0,pcs,0.0,170.0,170.0,0.0,170.00,jane,5179668287513441328,SALE
2023-05-19,19920,19918.0,4807788562630,CALCIUMADE (CALCIUM + VITAMIN + MINERALS) TAB,2023-10-26,8.0,pcs,0.0,88.0,937.79,-7414.32,139.75,jane,11955271517599669691,SALE
2023-05-19,19920,19918.0,4800047820199,GREENCROSS 70% W/ MOIST 250ML,2025-06-01,1.0,pcs,0.0,51.75,43.21,8.54,,jane,7464537114112740371,SALE
2023-05-19,19921,19919.0,4807788407375,DOLFENAL (MEFENAMIC ACID) 500MG,2027-01-20,3.0,pcs,0.0,93.0,29.34,4.98,93.00,jane,12575015770372663811,SALE
2023-05-19,19922,19920.0,4806502350034,SANICARE COTTON BUDS 200 STEM,<NA>,1.0,pcs,0.0,19.5,16.18,3.32,46.00,jane,1274078515274229868,SALE
2023-05-19,19922,19920.0,4806502350171,SANICARE COTTON BUDS 200 STEM CAN,2026-08-26,1.0,pcs,0.0,26.5,21.22,5.28,,jane,16046553318915004675,SALE
2023-05-19,19923,19921.0,38119798,ATORSAPH-20 (ATORVASTATIN) 20MG FC TAB,<NA>,10.0,pcs,0.0,35.0,0.95,25.5,100.00,jane,10276341544650328427,SALE
2023-05-19,19923,19921.0,58289945,ATORSAPH-40 (ATORVASTATIN) 40MG FC TAB,2024-12-01,10.0,pcs,0.0,65.0,1.9,46.0,,jane,16278102852551660033,SALE
2023-05-19,19924,19922.0,4800602087937,WILKINS DISTILLED 1L,<NA>,3.0,pcs,0.0,90.0,23.33,20.01,90.00,jane,7961412709397674688,SALE
2023-05-19,19925,19923.0,8995201800479,TEMPRA 120MG SYRUP 60ML (ORANGE,2025-02-01,1.0,pcs,0.0,99.0,90.39,8.61,154.50,jane,9317610959595542276,SALE
2023-05-19,19925,19923.0,4800046000752,VIVALYTE E-DRINK ORANGE 250ML,2025-12-15,1.0,pcs,0.0,55.5,46.22,9.28,,jane,15960132939886743524,SALE
2023-05-19,19926,19924.0,4801010105107,JOHNSONS BLOSSOMS BABY POWDER 50G,2025-09-01,1.0,pcs,0.0,23.25,25.42,-2.17,23.25,jane,4673745986032090435,SALE
2023-05-20,19927,19925.0,4800602020934,WILKINS DISTILLED 500ML,<NA>,3.0,pcs,0.0,54.0,15.21,8.38,54.00,camille,14974633210276281900,SALE
2023-05-20,19928,19926.0,4902430803700,SAFEGUARD LEMON 85G,2024-09-30,1.0,pcs,0.0,42.75,35.47,7.28,123.25,camille,18269984779840420483,SALE
2023-05-20,19928,19926.0,4808888413594,PALMOLIVE INTENSIVE MOISTURE 90ML,<NA>,1.0,pcs,0.0,62.0,50.01,11.99,,camille,9509289169176156563,SALE
2023-05-20,19928,19926.0,4806502351901,SANICARE BATHROOM TISSUE 1&#039;S,<NA>,1.0,pcs,0.0,18.5,15.16,3.34,,camille,9509198547557219902,SALE
2023-05-20,19929,19927.0,4800046000738,VIVALYTE E-DRINK APPLE 250ML,2025-06-22,1.0,pcs,0.0,50.0,41.47,8.53,50.00,camille,16886649810397679702,SALE
2023-05-20,19930,19928.0,4800348112740,NATRAVOX (CO-AMOXICLAV) 457MG/5ML 70ML,2024-07-31,1.0,pcs,0.0,367.5,510.36,-142.86,367.50,camille,1548135508877529563,SALE
2023-05-20,19931,19929.0,4806502351901,SANICARE BATHROOM TISSUE 1&#039;S,<NA>,1.0,pcs,0.0,18.5,15.16,3.34,255.25,camille,6744525798870512789,SALE
2023-05-20,19931,19929.0,4800417001081,BENCH ALCOGEL CLASSIC HAND SANITIZER 100G,<NA>,1.0,pcs,0.0,40.5,36.0,4.5,,camille,17299758664520544882,SALE
2023-05-20,19931,19929.0,4806524147131,EMICOX (CELECOXIB) 200MG,2023-08-01,2.0,pcs,0.0,11.0,1.47,8.05,,camille,4898423553313272929,SALE
2023-05-20,19931,19929.0,4801981164714,WILKINS DISTILLED 7L,<NA>,1.0,pcs,0.0,92.5,80.0,12.5,,camille,1606276991747499592,SALE
2023-05-20,19931,19929.0,4801981119981,WILKINS PURE 1L,<NA>,1.0,pcs,0.0,30.0,15.79,14.21,,camille,17107242559176835538,SALE
2023-05-20,19931,19929.0,8996001600269,LE MINERALE 600ML,<NA>,1.0,pcs,0.0,15.0,9.2,5.8,,camille,10945994546891516025,SALE
2023-05-20,19931,19929.0,4801981107971,WILKINS PURE 500ML,<NA>,1.0,pcs,0.0,18.0,9.38,8.63,,camille,15779896779846129293,SALE
2023-05-20,19931,19929.0,4807788561688,BIOGESIC (PARACETAMOL) 500MG TAB,2026-03-01,7.0,pcs,0.0,29.75,3.65,4.2,,camille,2566171451786975800,SALE
2023-05-20,19932,19930.0,8994388106619,INBUMIN 250MG (STRIATIN) FC TAB,2023-06-28,6.0,pcs,0.0,259.5,36.35,41.39,259.50,camille,18009864796114242672,SALE
2023-05-20,19933,19931.0,4801981119981,WILKINS PURE 1L,<NA>,4.0,pcs,0.0,120.0,15.79,56.84,356.50,camille,1283105243990524325,SALE
2023-05-20,19933,19931.0,4800369000286,ASFRENON (SALBUTAMOL) 2MG 60ML SYR,2024-01-02,1.0,pcs,0.0,93.5,81.34,12.16,,camille,3222324482009388361,SALE
2023-05-20,19933,19931.0,8906076770101,BETTERVENT (SALBUTAMOL) 1MG/ML (2.5MG/2.5ML) SOL&#039;N,<NA>,6.0,pcs,0.0,90.0,5.17,59.0,,camille,15651596817029278782,SALE
2023-05-20,19933,19931.0,4800488070023,CARESS ADULT DIAPER M1,<NA>,1.0,pcs,0.0,20.0,17.29,2.71,,camille,12926567997690397984,SALE
2023-05-20,19934,19932.0,4807788401465,APPEBON W/ IRON (VITAMINS-B COMPLEX + IRON + BUCLIZINE HCI) CAP,<NA>,30.0,pcs,0.2,444.72,19.06,-127.08,444.72,camille,1226001146668505,SALE
2023-05-20,19935,19933.0,4806518970462,HEPATEK (CARNITINE OROTATE+SILYMARIN+VIT B+ZINC) CAP,2024-10-01,10.0,pcs,0.0,297.5,24.64,51.07,968.50,camille,17992973044759990999,SALE
2023-05-20,19935,19933.0,4807788547071,ALGESIA (PARACETAMOL + TRAMADOL) 37.5/325 MG TAB,2024-01-26,11.0,pcs,0.0,588.5,51.89,17.74,,camille,6602329263302872599,SALE
2023-05-20,19935,19933.0,4800369000545,TERRAFERON (FERROUS SULFATE + FOLIC ACID + B-COMPLEX + NICOTINAMIDE) CAP,2023-11-30,10.0,pcs,0.0,82.5,7.27,9.78,,camille,3091758397037354810,SALE
2023-05-20,19936,19934.0,4807788520838,ALNIX PLUS (CETIRIZINE+PHENYLEPHRINE) 5MG/10MG TAB,2024-01-03,7.0,pcs,0.0,158.2,21.79,5.69,317.45,camille,6559828343146758311,SALE
2023-05-20,19936,19934.0,78901964,AZISAPH (AZITHROMYCIN) 500MG TAB,2024-09-01,5.0,pcs,0.0,88.75,5.0,63.75,,camille,4420968548717881975,SALE
2023-05-20,19936,19934.0,8851198028527,STREPSILS HONEY LEMON 8s,2026-01-19,1.0,pcs,0.0,70.5,62.24,8.26,,camille,6010435392440042547,SALE
2023-05-20,19937,19935.0,4807788067067,HEMOSTAN (TRANEXAMIC ACID) 500MG CAP,2026-01-23,21.0,pcs,0.0,861.0,36.76,89.11,861.00,camille,12132619443056381904,SALE
2023-05-20,19938,19936.0,4806523110556,ZISTAM-A (AMBROXOL HCL + LEVOCETIRIZINE HCL) 75MG/5MG CAP,2023-10-01,7.0,pcs,0.0,245.0,26.92,56.53,245.00,camille,9137021564111229981,SALE
2023-05-20,19939,19937.0,4800135000311,MYRA E 400 CAP,2024-04-21,4.0,pcs,0.0,50.0,11.22,5.12,50.00,camille,15006081374734013722,SALE
2023-05-20,19940,19938.0,4806523110556,ZISTAM-A (AMBROXOL HCL + LEVOCETIRIZINE HCL) 75MG/5MG CAP,2023-10-01,7.0,pcs,0.0,245.0,26.92,56.53,245.00,camille,16367232278207719252,SALE
2023-05-20,19941,19939.0,4801981107971,WILKINS PURE 500ML,<NA>,1.0,pcs,0.0,18.0,9.38,8.63,18.00,camille,4644993280204076312,SALE
2023-05-20,19942,19940.0,4806502352397,SANICARE CLEANSING WIPES - ALOE 15 SHEETS,2024-02-14,1.0,pcs,0.0,34.5,27.56,6.94,34.50,camille,16601482397911728176,SALE
2023-05-20,19943,19941.0,4807788407375,DOLFENAL (MEFENAMIC ACID) 500MG,2027-01-20,3.0,pcs,0.0,93.0,29.34,4.98,129.00,camille,4204502779112230205,SALE
2023-05-20,19943,19941.0,4801981107971,WILKINS PURE 500ML,<NA>,2.0,pcs,0.0,36.0,9.38,17.25,,camille,11996344689303004646,SALE
2023-05-20,19944,19942.0,4806504260614,APPEVIT (BUCLIZINE HCL+B-COMPLEX+IRON) CAP,2024-09-01,15.0,pcs,0.0,225.0,13.5,22.5,225.00,camille,3339391642044816530,SALE
2023-05-20,19945,19943.0,4800602087937,WILKINS DISTILLED 1L,<NA>,1.0,pcs,0.0,30.0,23.33,6.67,48.00,camille,8781133220448033745,SALE
2023-05-20,19946,19944.0,4800488070023,CARESS ADULT DIAPER M1,<NA>,4.0,pcs,0.0,80.0,17.29,10.84,98.50,camille,5674313323777646124,SALE
2023-05-20,19947,19945.0,4806519380079,ANALMIN (MEFENAMIC ACID) 500MG CAP,<NA>,10.0,pcs,0.0,25.0,1.17,13.3,543.25,camille,6509785636610758033,SALE
2023-05-20,19947,19945.0,4806528271337,ALCLAV NEO (CO-AMOXICLAV) 625MG TAB,2024-06-30,14.0,pcs,0.0,308.0,18.3,51.87,,camille,312074056342120400,SALE
2023-05-20,19947,19945.0,4806502163924,SANICARE CLEANSING WIPES - LAVENDER 35+5 SHEETS,<NA>,1.0,pcs,0.0,62.5,51.3,11.2,,camille,10876436442896578851,SALE
2023-05-20,19947,19945.0,4800204002017,BETADINE WOUND SOL&#039;N 60ML,2027-12-31,1.0,pcs,0.0,147.75,150.57,-2.82,,camille,10134835069928713260,SALE
2023-05-20,19948,19946.0,8906045605038,BETZINE (BETAHISTINE HYDROCHLORIDE) 24MG TAB,<NA>,7.0,pcs,0.2,187.49,15.0,82.49,"2,392.46",camille,14842088958303572356,SALE
2023-05-20,19948,19946.0,4800346000261,STUGERON FORTE (CINNARIZINE) 75MG TAB,2024-05-01,5.0,pcs,0.2,468.76,119.2,-127.24,,camille,5913327225916458027,SALE
2023-05-20,19948,19946.0,4800369001252,XIPRO (CIPROFLOXACIN) TAB 500MG,<NA>,14.0,pcs,0.2,397.49,31.54,-44.0,,camille,17893198252480811315,SALE
2023-05-20,19948,19946.0,4800301902821,NATRAZOL (LOSARTAN) 100MG TAB,2024-01-01,30.0,pcs,0.2,120.0,2.0,60.0,,camille,15382282612065691490,SALE
2023-05-20,19948,19946.0,4806524772913,AMLOTHIX (AMLODIPINE) 10MG TAB,2026-11-01,30.0,pcs,0.2,42.96,0.37,31.76,,camille,4678001790404525899,SALE
2023-05-20,19948,19946.0,4807788402226,ASPILETS (ASPIRIN) 80MG TAB,2023-10-27,30.0,pcs,0.2,93.6,3.1,0.6,,camille,4091281446947575648,SALE
2023-05-20,19948,19946.0,8964001206385,RISEK (OMEPRAZOLE) 40MG CAP 14,2025-01-30,30.0,pcs,0.2,1082.16,40.91,-145.14,,camille,16231186328971600330,SALE
2023-05-20,19949,19947.0,4806502351642,SANICARE FT ECONO BOX 140P 3PLY,<NA>,1.0,pcs,0.0,88.75,73.95,14.8,88.75,camille,12911658306474026989,SALE
2023-05-20,19950,19948.0,4806527190189,ALLECUR (CETIRIZINE) 5MG/5MML 60ML SYR,2024-03-01,1.0,pcs,0.0,34.0,20.0,14.0,34.00,camille,16554856051248999916,SALE
2023-05-20,19951,19949.0,4800253243850,DOLO NEUROBION(PARACETAMOL + VITAMIN B1+ VITAMIN B6 + VITAMIN B12) TAB,2024-12-24,3.0,pcs,0.0,77.85,24.78,3.51,236.85,camille,12669465049478842138,SALE
2023-05-20,19951,19949.0,4800369001252,XIPRO (CIPROFLOXACIN) TAB 500MG,<NA>,4.0,pcs,0.0,159.0,31.54,32.86,,camille,18095273410072975904,SALE
2023-05-20,19952,19950.0,4800488114772,CHARMEE PANTYLINER GO GIRL 20+2,2025-04-13,1.0,pcs,0.0,19.75,16.36,3.39,77.25,camille,5561382121305518476,SALE
2023-05-20,19952,19950.0,4800488011415,CHARMEE COTTONY W/ WINGS 8+1,2025-09-14,1.0,pcs,0.0,23.0,18.22,4.78,,camille,10976932371306011839,SALE
2023-05-20,19952,19950.0,4806502352397,SANICARE CLEANSING WIPES - ALOE 15 SHEETS,2024-02-14,1.0,pcs,0.0,34.5,27.56,6.94,,camille,11680417869975602405,SALE
2023-05-20,19953,19951.0,4800234406465,FORXIGA (DAPAGLIFLOZIN) 10MG,2024-09-30,5.0,pcs,0.2,168.0,32.08,7.62,412.76,camille,2669958896278124090,SALE
2023-05-20,19953,19951.0,8904159620923,FEBUDAY-40 (FEBUXOSTAT) 40MG TAB,2024-10-31,5.0,pcs,0.2,63.4,11.09,7.93,,camille,16391332710705395844,SALE
2023-05-20,19953,19951.0,4806523431033,GIRAN-8 (CANDESARTAN) 8MG TAB,2024-01-04,5.0,pcs,0.2,46.0,4.34,24.3,,camille,6601715278333443893,SALE
2023-05-20,19953,19951.0,1900010021,SAPHLOPID (CLOPIDOGREL) 75MG TAB,2024-10-01,5.0,pcs,0.2,23.2,1.11,17.63,,camille,16341634105533208849,SALE
2023-05-20,19953,19951.0,25213478,SAPHORMIN T500 (METFORMIN HCL) 500MG TAB,2024-04-01,20.0,pcs,0.2,17.92,0.37,10.62,,camille,3684910640547791998,SALE
2023-05-20,19953,19951.0,8904179014702,NOVASARTAN (LOSARTAN K) 50MG FC TAB,2025-02-01,10.0,pcs,0.2,20.0,0.78,12.2,,camille,6150238552586343540,SALE
2023-05-20,19953,19951.0,4806524772906,AMLOTHIX (AMLODIPINE) 5MG TAB,2026-01-08,6.0,pcs,0.2,9.6,0.35,7.5,,camille,15738871202537321628,SALE
2023-05-20,19953,19951.0,4807788562432,CARVID (CARVEDILOL) 6.25MG TAB,2024-11-01,5.0,pcs,0.2,46.8,11.01,-8.23,,camille,11667863534873005476,SALE
2023-05-20,19953,19951.0,4806524142891,MULTIVIT-PLUS (MULTIVITAMINS) CAP,<NA>,10.0,pcs,0.2,17.84,0.49,12.94,,camille,11561405873370099850,SALE
2023-05-20,19954,19952.0,4800011736044,OMEGA PAIN KILLER 120ML,2026-01-31,1.0,pcs,0.0,119.0,102.66,16.34,295.25,camille,2269442862072902393,SALE
2023-05-20,19954,19952.0,4807788523648,CEELIN PLUS SYR 120ML,2024-11-01,1.0,pcs,0.0,176.25,146.79,29.46,,camille,13989287793823631365,SALE
2023-05-20,19955,19953.0,6922748503015,BL CREAM 7G,2025-02-01,1.0,pcs,0.0,35.0,33.0,2.0,35.00,camille,14734886284320482980,SALE
2023-05-20,19956,19954.0,4800318705286,SINECOD FORTE (BUTAMIRATE CITRATE) TAB 50MG,2024-10-31,3.0,pcs,0.0,67.5,17.7,14.4,142.50,camille,6601990741144848581,SALE
2023-05-20,19956,19954.0,8850360410016,STREPSILS LOZ CHESTY COUGH (AMBROXOL HCL) 6s,<NA>,1.0,pcs,0.0,75.0,61.77,13.23,,camille,9801809277604753344,SALE
2023-05-20,19957,19955.0,4801981107971,WILKINS PURE 500ML,<NA>,1.0,pcs,0.0,18.0,9.38,8.63,18.00,camille,5681228435947291460,SALE
2023-05-20,19958,19956.0,8850007371403,MODESS REGULAR W/WINGS 8s,2024-06-01,1.0,pcs,0.0,39.25,35.36,3.89,39.25,camille,17142990993212186050,SALE
2023-05-20,19959,19957.0,4800369001252,XIPRO TAB 500MG,<NA>,4.0,pcs,0.2,113.57,31.54,-12.57,193.07,camille,17850687642400481339,SALE
2023-05-20,19959,19957.0,4800204031512,PROPAN W/. IRON (BUCLIZINE HCL + MULTIVITAMINS + MINERALS) CAP,2025-03-01,3.0,pcs,0.0,79.5,23.99,7.53,,camille,13958303271614977853,SALE
2023-05-20,19960,19958.0,4800602020934,WILKINS DISTILLED 500ML,<NA>,1.0,pcs,0.0,18.0,15.21,2.79,18.00,camille,13848735350137451074,SALE
2023-05-20,19961,19959.0,4800602020934,WILKINS DISTILLED 500ML,<NA>,1.0,pcs,0.0,18.0,15.21,2.79,18.00,camille,9577703429654080344,SALE
2023-05-20,19962,19960.0,4800602020934,WILKINS DISTILLED 500ML,<NA>,1.0,pcs,0.0,18.0,15.21,2.79,18.00,camille,16143492347542642969,SALE
2023-05-20,19963,19961.0,4800067642696,SEBO DE MACHO 25G,2025-03-31,1.0,pcs,0.0,44.0,44.81,-0.81,44.00,camille,8632605008786150419,SALE
2023-05-20,19964,19962.0,4800602020934,WILKINS DISTILLED 500ML,<NA>,2.0,pcs,0.0,36.0,15.21,5.58,36.00,camille,17887827981098947441,SALE
2023-05-21,19965,19963.0,4800136730019,ERCEFLORA (BASILLUS CLAUSII) ORAL SOLUTION 5ML,2024-03-31,5.0,pcs,0.0,205.0,40.1,4.51,688.50,jane,7742391390647510728,SALE
2023-05-21,19965,19963.0,4987176013491,VICKS INHALER KEY CHAIN,2023-11-01,1.0,pcs,0.0,96.0,87.21,8.79,,jane,4602141170842847052,SALE
2023-05-21,19965,19963.0,4800047820250,GREENCROSS 70% W/ MOIST 60ML,2025-06-30,1.0,pcs,0.0,22.5,16.72,5.78,,jane,13483422641210014417,SALE
2023-05-21,19965,19963.0,4800046000738,VIVALYTE 250ML APPLE,2025-06-21,1.0,pcs,0.0,50.0,41.47,8.53,,jane,2127067288181857142,SALE
2023-05-21,19965,19963.0,4800046000752,VIVALYTE 250ML ORANGE,2025-01-04,1.0,pcs,0.0,55.5,46.22,9.28,,jane,1880277631529047122,SALE
2023-05-21,19965,19963.0,29314057013407,VALDA PASTILLES MENTHOL ZIP POUCH 20G,2024-04-14,3.0,pcs,0.0,169.5,51.73,14.31,,jane,17640032072182518891,SALE
2023-05-21,19965,19963.0,1900010113,INHIBITA (OMEPRAZOLE) 40MG EC TAB,2024-04-01,10.0,pcs,0.0,90.0,3.6,54.0,,jane,10710982634033621263,SALE
2023-05-21,19966,19964.0,4800488070023,CARESS ADULT DIAPER M1,<NA>,3.0,pcs,0.0,60.0,17.29,8.13,60.00,jane,16340637950568384740,SALE
2023-05-21,19967,19965.0,4800153953828,ROBITUSSIN L-GEL (GUAIFENESIN) 200MG CAP,2024-02-29,1.0,pcs,0.0,13.25,10.78,2.47,13.25,jane,13204236648114497149,SALE
2023-05-21,19968,19966.0,4800286242646,DUPHASTON(DYDROGESTERONE) 10MG TAB,2026-06-30,16.0,pcs,0.0,1268.0,79.32,-1.12,"1,268.00",jane,2998150920176223106,SALE
2023-05-21,19969,19967.0,4806532560014,CAD3 FS 600MG/200IU TAB,2024-12-31,15.0,pcs,0.0,117.0,6.5,19.5,240.75,jane,8760633842587519912,SALE
2023-05-21,19969,19967.0,4800369000545,TERRAFERON (FERROUS SULFATE + FOLIC ACID + B-COMPLEX + NICOTINAMIDE) CAP,2023-11-30,15.0,pcs,0.0,123.75,7.27,14.68,,jane,14845301858262338114,SALE
2023-05-21,19970,19968.0,480778853619,ALAXAN FR (IBUPROFEN + PARACETAMOL) CAP,2025-04-29,10.0,pcs,0.0,85.0,7.94,5.56,85.00,jane,281104031013647443,SALE
2023-05-21,19971,19969.0,4801981119981,WILKINS PURE 1L,<NA>,1.0,pcs,0.0,30.0,15.79,14.21,30.00,jane,17797696287725825745,SALE
2023-05-21,19972,19970.0,4800204005612,POTEN CEE SUGAR COATED (ASCORBIC ACID) 500MG TAB,<NA>,20.0,pcs,0.0,140.0,5.21,35.85,140.00,jane,9984345522021203677,SALE
2023-05-21,19973,19971.0,4987176092267,GILLETE RAZOR BLUE 2 FLEXI,<NA>,2.0,pcs,0.0,58.0,25.33,7.34,58.00,jane,10811911656331188219,SALE
2023-05-21,19974,19972.0,4807788530691,ALNIX PLUS SYR 5MG 60ML,2024-11-24,1.0,pcs,0.0,311.5,292.4,19.1,441.25,jane,17369067691752034201,SALE
2023-05-21,19974,19972.0,4807788519870,EXPEL 15MG SYR 60ML,2024-08-09,1.0,pcs,0.0,129.75,112.62,17.13,,jane,6126609570929355231,SALE
2023-05-21,19975,19973.0,4800047820250,GREENCROSS 70% W/ MOIST 60ML,2025-09-30,1.0,pcs,0.0,22.5,16.72,5.78,164.50,jane,15791718981175811009,SALE
2023-05-21,19975,19973.0,4801010504306,JOHNSONS BABY OIL ALOE VERA 125ML,2025-10-14,1.0,pcs,0.0,99.25,94.79,4.46,,jane,9463427217433979501,SALE
2023-05-21,19975,19973.0,4800488958154,NURSY BABY WIPES UNSCENTED 30&#039;S,2025-08-16,1.0,pcs,0.0,42.75,37.15,5.6,,jane,15933401835243091120,SALE
2023-05-21,19976,19974.0,4800011139401,EFFICASCENT RELAXSCENT OIL 3ML,2026-01-31,1.0,pcs,0.0,52.9,46.01,6.89,204.90,jane,2215930325978478553,SALE
2023-05-21,19976,19974.0,4800292103047,CATAPRES TAB (ETHYL ALC) 75MCG,2024-11-30,4.0,pcs,0.0,152.0,30.2,31.2,,jane,15854116583833623442,SALE
2023-05-21,19977,19975.0,4800308560857,ZYKAST (MONTELUKAST NA + LEVOCETIRIZINE HCL) TAB 10MG/5MG,2024-10-01,4.0,pcs,0.0,125.0,25.47,23.12,152.00,jane,12100061195330644101,SALE
2023-05-21,19977,19975.0,4807788556738,DECOLGEN FORTE (PHENYLEPROPANOLAMINE HCI + CHLORPHENAMINE MALEATE + PARACETAMOL,2025-04-29,4.0,pcs,0.0,27.0,6.13,2.47,,jane,9352207254965973941,SALE
2023-05-21,19978,19976.0,4806506315428,LAMPEIN JUMBO PACK L 54S,2025-02-07,1.0,pcs,0.0,398.0,361.0,37.0,398.00,jane,12608956808470752075,SALE
2023-05-21,19979,19977.0,4807788568090,TIKI-TIKI 120ML SYR,2024-03-16,1.0,pcs,0.2,89.29,113.81,-24.53,223.58,jane,8144551063328364295,SALE
2023-05-21,19979,19977.0,4807788519221,CEELIN SYR 120ML,2025-01-01,1.0,pcs,0.2,92.14,116.08,-23.93,,jane,5337560087827360435,SALE
2023-05-21,19979,19977.0,4806527190189,ALLECUR (CETIRIZINE) 5MG/5MML 60ML SYR,2024-03-01,1.0,pcs,0.2,24.29,20.0,4.29,,jane,15645392921937434927,SALE
2023-05-21,19979,19977.0,4806527191520,VN2 (SALBUTAMOL SULFATE) 2MG/5ML SYR 60ML,<NA>,1.0,pcs,0.2,17.86,11.75,6.11,,jane,1075647455086992227,SALE
2023-05-21,19980,19978.0,4806521902467,TOPRADONE (PANTOPRAZOLE+DOMPERIDONE) 40MG/30MG CAP,<NA>,2.0,pcs,0.2,42.86,20.0,2.86,42.86,jane,17144362321016613519,SALE
2023-05-22,19981,19979.0,8904179014702,NOVASARTAN (LOSARTAN K) 50MG FC TAB,2025-02-01,20.0,pcs,0.0,50.0,0.78,34.4,50.00,camille,17615347719259503960,SALE
2023-05-22,19982,19980.0,40219530,PREGABASAPH-75 (PREGABALIN) 75MG CAP,2025-02-01,30.0,pcs,0.2,171.36,3.5,66.36,183.50,camille,10579162463694445256,SALE
2023-05-22,19982,19980.0,480778853619,ALAXAN FR (IBUPROFEN + PARACETAMOL) CAP,2025-04-29,2.0,pcs,0.2,12.14,7.94,-3.74,,camille,5104581419699664768,SALE
2023-05-22,19983,19981.0,4807788561688,BIOGESIC (PARACETAMOL) 500MG TAB,2026-05-22,20.0,pcs,0.0,85.0,3.65,12.01,103.00,camille,4350223049577986536,SALE
2023-05-22,19983,19981.0,4801981107971,WILKINS PURE 500ML,<NA>,1.0,pcs,0.0,18.0,9.38,8.63,,camille,373128686405067710,SALE
2023-05-22,19984,19982.0,4806502850008,SYMDEX D TAB,2024-03-01,15.0,pcs,0.0,52.5,1.51,29.85,52.50,camille,3283263939651790148,SALE
2023-05-22,19985,19983.0,4806509690607,JIMM&#039;S 7IN1 COFFEE MIX,2025-01-24,1.0,pcs,0.0,14.25,11.73,2.52,14.25,camille,17399572507661966882,SALE
2023-05-22,19986,19984.0,78901964,AZISAPH (AZITHROMYCIN) 500MG TAB,2024-09-01,6.0,pcs,0.0,106.5,5.0,76.5,106.50,camille,11722313914978952794,SALE
2023-05-22,19987,19985.0,8904179014702,NOVASARTAN (LOSARTAN K) 50MG FC TAB,2025-02-01,20.0,pcs,0.0,50.0,0.78,34.4,50.00,camille,9517418511131463015,SALE
2023-05-22,19988,19986.0,4800488114772,CHARMEE PANTYLINER GO GIRL 20+2,2025-04-13,1.0,pcs,0.0,19.75,16.36,3.39,19.75,camille,17707303185763597060,SALE
2023-05-22,19989,19987.0,4800602087937,WILKINS DISTILLED 1L,<NA>,1.0,pcs,0.0,30.0,23.33,6.67,30.00,camille,1666324498217661512,SALE
2023-05-22,19990,19988.0,4806518970462,HEPATEK (CARNITINE OROTATE+SILYMARIN+VIT B+ZINC) CAP,2024-10-01,10.0,pcs,0.0,297.5,24.64,51.07,340.00,camille,18112696371226679384,SALE
2023-05-22,19990,19988.0,4807788561688,BIOGESIC (PARACETAMOL) 500MG TAB,2026-05-22,10.0,pcs,0.0,42.5,3.65,6.01,,camille,11650735594995863076,SALE
2023-05-22,19991,19989.0,4800011139401,EFFICASCENT RELAXSCENT OIL 3ML,2026-01-31,1.0,pcs,0.0,52.9,46.01,6.89,52.90,camille,146556522686564929,SALE
2023-05-22,19992,19990.0,4801981164714,WILKINS DISTILLED 7L,<NA>,1.0,pcs,0.0,92.5,80.0,12.5,92.50,camille,8000246262238705617,SALE
2023-05-22,19993,19991.0,4806503650263,SLEEPWELL (MELATONIN) 3MG CAP,2024-09-01,7.0,pcs,0.05,121.36,16.07,8.86,121.36,camille,14566968590404556543,SALE
2023-05-22,19994,19992.0,8901067035221,WEPOX 4000IU/ML SYR 1ML,<NA>,1.0,pcs,0.2,600.0,650.0,-50.0,600.00,camille,9033728341233808034,SALE
2023-05-22,19995,19993.0,4801010501213,JOHNSONS BABY OIL 50ML,2025-05-14,1.0,pcs,0.0,45.0,35.12,9.88,45.00,camille,11604808922463605581,SALE
2023-05-22,19996,19994.0,4801981119981,WILKINS PURE 1L,<NA>,4.0,pcs,0.0,120.0,15.79,56.84,120.00,camille,10555944484153190729,SALE
2023-05-22,19997,19995.0,4806524781854,NEPHROMIN (KETOANALOGUES+ESSENTIAL AMINO ACIDS) TAB,2024-08-01,50.0,pcs,0.2,800.0,14.0,100.0,800.00,camille,11299927441809402366,SALE
2023-05-22,19998,19996.0,4800234406465,FORXIGA (DAPAGLIFLOZIN) 10MG,2024-09-30,30.0,pcs,0.0,1260.0,32.08,297.72,"1,260.00",camille,15509716829441911946,SALE
2023-05-22,19999,19997.0,4806033306081,RM TRIMETAZIDINE 35MG TAB,2024-02-03,10.0,pcs,0.2,120.0,10.43,15.71,352.40,camille,10571017700451759880,SALE
2023-05-22,19999,19997.0,4806033300386,RM ATORVASTATIN 20MG TAB,2023-10-31,10.0,pcs,0.2,130.0,12.7,2.96,,camille,12109930576998346466,SALE
2023-05-22,19999,19997.0,4806033305480,RM LOSARTAN 50MG TAB,2024-01-31,10.0,pcs,0.2,102.4,20.2,-99.61,,camille,8061961941406476319,SALE
2023-05-22,20000,19998.0,4801981164714,WILKINS DISTILLED 7L,<NA>,1.0,pcs,0.0,92.5,80.0,12.5,92.50,camille,4797401860566962999,SALE
2023-05-22,20001,19999.0,4807788079466,KREMIL S (ALUMINUM HYDROXIDE + MAGNESIUM HYDROXIDE + SIMETICONE) TAB,2023-11-04,1.0,pcs,0.0,8.0,6.69,1.31,8.00,camille,11847066111050441716,SALE
2023-05-22,20002,20000.0,4806524772913,AMLOTHIX (AMLODIPINE) 10MG TAB,2026-11-01,30.0,pcs,0.0,53.7,0.37,42.5,53.70,camille,2672901706226324621,SALE
2023-05-22,20003,20001.0,4800234406465,FORXIGA (DAPAGLIFLOZIN) 10MG,2024-11-30,10.0,pcs,0.0,420.0,32.08,99.24,643.75,camille,14551923827050432625,SALE
2023-05-22,20003,20001.0,4800153302398,STRESSTABS WIRON TAB,2024-01-11,7.0,pcs,0.0,78.75,9.85,9.8,,camille,17039073486197645894,SALE
2023-05-22,20003,20001.0,4807788402646,SOLMUX (CARBOCISTEINE) 500MG CAP,2028-03-01,10.0,pcs,0.0,115.0,10.29,12.12,,camille,12604674255810865089,SALE
2023-05-22,20003,20001.0,69853920,ASCORSAPH ZEE(ASCORBIC ACID+ZN)500MG/10MG CAP,2023-09-01,15.0,pcs,0.0,30.0,0.84,17.36,,camille,6705892032949276334,SALE
2023-05-22,20004,20002.0,4801981107971,WILKINS PURE 500ML,<NA>,1.0,pcs,0.0,18.0,9.38,8.63,18.00,camille,6785670881868089670,SALE
2023-05-22,20005,20003.0,4800067702321,BBFLO GENTLE BUDS WHITE 200s TIPS+36 TIPS,<NA>,1.0,pcs,0.0,32.0,26.78,5.23,32.00,camille,4734546612889536657,SALE
2023-05-22,20006,20004.0,4800332237633,DALACIN C (CLINDAMYCIN) 300MG CAP,2024-07-31,30.0,pcs,0.0,2812.5,86.06,230.72,"2,812.50",camille,12957193271837716309,SALE
2023-05-22,20007,20005.0,4807788559593,NEOZEP FORTE (PHENYLEPHRINE HCL + PARACETAMOL) TAB,2025-01-31,2.0,pcs,0.0,11.5,5.19,1.12,11.50,camille,18143988645893313724,SALE
2023-05-22,20008,20006.0,4807788654045,SUMAPEN (PHENOXYMETHYL-PENICILLIN POTASSIUM) 500MG CAP,2023-06-01,15.0,pcs,0.0,277.95,16.52,30.21,965.45,camille,1803455642243554557,SALE
2023-05-22,20008,20006.0,1210001136144,LIPITOR (ATORVASTATIN) 20MG TAB,<NA>,5.0,pcs,0.0,201.25,36.59,18.29,,camille,14999967097688101118,SALE
2023-05-22,20008,20006.0,4806517790597,SPIROFAR (SPIRONOLACTONE) 25MG TAB,2025-04-30,2.0,pcs,0.0,27.5,10.5,6.5,,camille,11767488356425557053,SALE
2023-05-22,20008,20006.0,4806504850075,ZANIDIP (LERCANIDIPINE) 10MG TAB,2025-01-31,4.0,pcs,0.0,129.0,25.19,28.23,,camille,8465791917485401695,SALE
2023-05-22,20008,20006.0,4987176600769,VICKS VAPORUB 5G,2024-09-30,1.0,pcs,0.0,31.0,28.62,2.38,,camille,1674436251091927257,SALE
2023-05-22,20008,20006.0,4807788562593,IMMUNPRO 500MG TAB,2025-01-25,20.0,pcs,0.0,175.0,7.44,26.11,,camille,3641906965131855623,SALE
2023-05-22,20008,20006.0,4806512430016,PAU LINIMENT 30ML,2024-03-31,1.0,pcs,0.0,81.25,70.2,11.05,,camille,4909303902456133796,SALE
2023-05-22,20009,20007.0,1900010093,HAEMOREX (TRANEXAMIC) 500MG CAP,2023-10-01,10.0,pcs,0.0,110.0,4.4,66.0,110.00,camille,2415022125096084772,SALE
2023-05-22,20010,20008.0,4800369000545,TERRAFERON (FERROUS SULFATE + FOLIC ACID + B-COMPLEX + NICOTINAMIDE) CAP,2023-11-30,20.0,pcs,0.0,165.0,7.27,19.57,165.00,camille,2633697792400064888,SALE
2023-05-22,20011,20009.0,4806529302191,PURE PROTECT NATURAL SANITIZER 70% 500ML,<NA>,0.0,pcs,0.0,0.0,0.0,0.0,0.00,camille,11305466470038313093,SALE
2023-05-22,20012,20010.0,4806529302191,PURE PROTECT NATURAL SANITIZER 70% 500ML,<NA>,2.0,pcs,0.5,161.0,128.0,-95.0,161.00,camille,775712633186987002,SALE
2023-05-22,20013,20011.0,8806472023811,URSOMAX (URSODEOXYCHOLIC ACID) 300MG TAB,2024-11-22,14.0,pcs,0.2,694.96,63.0,-187.04,694.96,camille,16021598117201248936,SALE
2023-05-22,20014,20012.0,8935196509315-1,SALONPAS PLASTER 20s,2025-06-30,1.0,pcs,0.0,108.0,93.24,14.76,108.00,camille,12053287065562037988,SALE
2023-05-22,20015,20013.0,8904179014702,NOVASARTAN (LOSARTAN K) 50MG FC TAB,2025-02-01,60.0,pcs,0.0,150.0,0.78,103.2,150.00,camille,5761088043071853491,SALE
2023-05-22,20016,20014.0,4806502161234,SANICARE BABY WIPES 15 SHEETS,2024-02-14,1.0,pcs,0.0,34.5,27.56,6.94,34.50,camille,10901057719326601269,SALE
2023-05-22,20017,20015.0,8994388100563,STIMUNO 25MG/5ML SYRUP 60ML,2025-11-30,1.0,pcs,0.0,342.0,259.09,82.91,342.00,camille,7481060265731036922,SALE
2023-05-22,20018,20016.0,4806520083242,LQUIN (LEVOFLOXACIN) 500MG TAB,2025-01-01,7.0,pcs,0.2,53.76,4.3,23.66,"1,937.83",camille,11024895853945651969,SALE
2023-05-22,20018,20016.0,4800369000675,MUCOTUSS FORTE (PHENYLPROPANOLAMINE HCL + CHLORPHENIRAMINE MALEATE + PARACETAMOL + DEXTROMETHORPHAN,<NA>,21.0,pcs,0.2,101.3,5.98,-24.28,,camille,13092135156923281686,SALE
2023-05-22,20018,20016.0,4800333169353,SERETIDE INHALER (SALMETEROL FLUTICASONE PROPIONATE) 25/125,2023-09-03,1.0,pcs,0.2,412.68,471.89,-59.21,,camille,7004032804328193515,SALE
2023-05-22,20018,20016.0,4806501130125,MEDIFORTAN-AS (MULTIVITAMINS + BUCLIZINE HCI ) CAP,2025-01-02,60.0,pcs,0.2,1009.44,19.63,-168.19,,camille,13906446731218121571,SALE
2023-05-22,20018,20016.0,8964001206255,LILAC (LACTULOSE) SYR 60ML,2024-06-01,1.0,pcs,0.2,137.14,160.0,-22.86,,camille,4797988727854233920,SALE
2023-05-22,20018,20016.0,4807788571373,REXIDOL FORTE (PARACETAMOL+CAFFEINE) TAB,<NA>,10.0,pcs,0.0,57.5,4.72,10.33,,camille,15791293823943205066,SALE
2023-05-22,20018,20016.0,4807788559593,NEOZEP FORTE (PHENYLEPHRINE HCL + PARACETAMOL) TAB,2025-08-29,10.0,pcs,0.0,57.5,5.19,5.6,,camille,14550068727026260086,SALE
2023-05-22,20018,20016.0,4807788048462,DIATABS (LOPERAMIDE) CAP,2027-01-03,10.0,pcs,0.2,66.0,7.15,-5.54,,camille,17652974657385411720,SALE
2023-05-22,20018,20016.0,SD,Sales Discount Variance,<NA>,1.0,pcs,0.0,0.01,0.0,0.01,,camille,5552845424802809629,ADJUSTMENT
2023-05-22,20019,20017.0,4800281329632,FLANAX FORTE (NAPROXEN) 550MG TAB,<NA>,10.0,pcs,0.0,232.5,20.87,23.84,232.50,camille,9314173583072949295,SALE
2023-05-22,20020,20018.0,4806527190547,XENILPEX (SALBUTAMOL+GUAIFENESIN) 1MG/50MG/5ML 60ML,2024-11-01,6.0,pcs,0.2,107.14,13.0,29.14,107.14,camille,13584588930758880089,SALE
2023-05-22,20021,20019.0,4800135003176,MYRA CLASSIC MOISTURIZING LOTION 100ML,2024-02-02,1.0,pcs,0.0,74.0,62.61,11.39,74.00,camille,12635245800355938915,SALE
2023-05-22,20022,20020.0,8906045605038,BETZINE (BETAHISTINE HYDROCHLORIDE) 24MG TAB,<NA>,10.0,pcs,0.2,267.84,15.0,117.84,267.84,camille,13212442932379908330,SALE
2023-05-22,20024,20021.0,4987176600769,VICKS VAPORUB 5G,2024-09-30,1.0,pcs,0.0,31.0,28.62,2.38,31.00,camille,3030168157294476900,SALE
2023-05-22,20023,20022.0,92785007,WALKER W/O WHEELS,<NA>,1.0,pcs,0.0,1651.78,1000.0,651.78,"7,762.09",camille,14625125585490646083,SALE
2023-05-22,20023,20022.0,16594159,COMMODE CHAIR W/O WHEELS,<NA>,1.0,pcs,0.0,3199.99,2000.0,1199.99,,camille,7957755176980602116,SALE
2023-05-22,20023,20022.0,4800488070030,CARESS ADULT DIAPER L10+1,2025-09-25,2.0,pcs,0.0,454.0,206.31,41.38,,camille,3901136186670095050,SALE
2023-05-22,20023,20022.0,4806502350126,B.T. TISYU 4&#039;S 400SH 2P,<NA>,1.0,pcs,0.0,60.5,50.25,10.25,,camille,12287879674100278854,SALE
2023-05-22,20023,20022.0,4806526304747,PARTNERS GLUCOSE STRIPS 25&#039;S CBPC-73,2023-06-08,1.0,pcs,0.0,400.0,172.32,227.68,,camille,16295777072409644811,RETURN
2023-05-22,20023,20022.0,4806526304730,PARTNERS BLOOD GLUCOMETER CBPC-73,<NA>,1.0,pcs,0.0,860.0,391.0,469.0,,camille,12889975470875833013,RETURN
2023-05-22,20023,20022.0,4300010002,PROHEALTH PULSE OXIMETER,<NA>,1.0,pcs,0.0,1116.07,650.0,466.07,,camille,2435784039837139945,SALE
2023-05-22,20023,20022.0,4800488114772,CHARMEE PANTYLINER GO GIRL 20+2,2025-04-13,1.0,pcs,0.0,19.75,16.36,3.39,,camille,3420254317965967459,SALE
2023-05-22,20025,20023.0,78901964,AZISAPH (AZITHROMYCIN) 500MG TAB,2024-09-01,5.0,pcs,0.0,88.75,5.0,63.75,88.75,camille,10795667930709696796,SALE
2023-05-22,20026,20024.0,4800488070481,CHARMEE MENSTRUAL PANTS M 2&#039;S,2025-01-11,1.0,pcs,0.0,66.75,55.6,11.15,66.75,camille,11422284109562340742,SALE
2023-05-22,20027,20025.0,4807788519290,DOLAN FP FORTE (IBUPROFEN) 200MG 60ML,2024-09-27,1.0,pcs,0.0,151.5,137.73,13.77,301.50,camille,910354637360419983,SALE
2023-05-22,20027,20025.0,4800046000844,VIVALYTE PLUS APPLE 4.8G SACHET,2024-06-15,10.0,pcs,0.0,150.0,11.66,33.4,,camille,1401667801495094405,SALE
2023-05-22,20028,20026.0,4807788048462,DIATABS (LOPERAMIDE) CAP,2027-01-03,4.0,pcs,0.0,33.0,7.15,4.38,33.00,camille,7809657714499544442,SALE
2023-05-22,20029,20027.0,72414791587,SPECIMEN COLLECTION KIT,<NA>,0.0,pcs,0.0,0.0,0.0,0.0,0.00,camille,1538990522634063431,SALE
2023-05-22,20030,20028.0,4807788519849,ALNIX (CETIRIZINE) 2.5MG 10ML DROPS,2024-03-24,1.0,pcs,0.0,223.75,186.46,37.29,223.75,camille,10959341386600400868,SALE
2023-05-22,20031,20029.0,4807788562548,RM AMOXCILLIN 500MG CAP,<NA>,21.0,pcs,0.0,157.5,5.6,39.9,339.75,camille,2510798739016142591,SALE
2023-05-22,20031,20029.0,4800140001341,PONSTAN SF 250MG CAP,<NA>,9.0,pcs,0.0,182.25,17.53,24.48,,camille,4013715546463482920,SALE
2023-05-22,20032,20030.0,4800346000179,IMODIUM (LOPERAMIDE) 2MG CAP,2027-06-30,1.0,pcs,0.0,16.5,14.2,2.3,61.25,camille,1309866768511160909,SALE
2023-05-22,20032,20030.0,4800136400042,BUSCOPAN TAB,<NA>,1.0,pcs,0.0,26.75,23.41,3.34,,camille,10940251589478658892,SALE
2023-05-22,20033,20031.0,4806526299821,PARTNERS PEDIATRIC URINE COLLECTOR STERILE 100ML,<NA>,2.0,pcs,0.0,20.0,4.0,12.0,20.00,camille,117195142051453439,RETURN
2023-05-22,20034,20032.0,4807788535771,DECILONE FORTE 4MG TAB,<NA>,2.0,pcs,0.0,64.5,27.18,10.15,64.50,camille,17913111738281262494,SALE
2023-05-22,20035,20033.0,4800136730019,ERCEFLORA (BASILLUS CLAUSII) ORAL SOLUTION 5ML,2024-03-31,10.0,pcs,0.2,292.88,40.1,-108.11,342.88,camille,3030814736391398989,SALE
2023-05-22,20035,20033.0,4806523302289,LEUKOREX (MONTELUKAST SODIUM) 10MG FC TAB,2024-01-01,10.0,pcs,0.2,50.0,2.8,22.0,,camille,9528860475069737765,SALE
2023-05-22,20036,20034.0,4807788562630,CALCIUMADE (CALCIUM + VITAMIN + MINERALS) TAB,2023-10-26,10.0,pcs,0.0,110.0,937.79,-9267.9,110.00,camille,3032993257908906588,SALE
2023-05-22,20037,20035.0,4801962113106,DIANE 35 TAB 21&#039;..,2025-07-01,1.0,pcs,0.0,682.0,636.53,45.47,682.00,camille,424531463516875944,SALE
2023-05-22,20038,20036.0,4800012043721,PRED FORTE 10MG/ML 5ML OPTH SUSP,2024-05-01,1.0,pcs,0.0,425.0,354.0,71.0,565.00,camille,5280695630060556904,SALE
2023-05-22,20038,20036.0,4800204005612,POTEN CEE SUGAR COATED (ASCORBIC ACID) 500MG TAB,<NA>,20.0,pcs,0.0,140.0,5.21,35.85,,camille,92326402103511692,SALE
2023-05-22,20039,20037.0,4800308560857,ZYKAST (MONTELUKAST NA + LEVOCETIRIZINE HCL) TAB 10MG/5MG,2024-10-01,20.0,pcs,0.2,500.0,25.47,-9.4,690.00,camille,6519946285886898771,SALE
2023-05-22,20039,20037.0,4806521160782,ATENURIX (FEBUXOSTAT) 40MG FCT,2025-02-28,10.0,pcs,0.2,190.0,20.31,-13.1,,camille,15679555895641641789,SALE
2023-05-22,20040,20038.0,4809010332127,KATIALIS SOAP 90G,2025-02-28,1.0,pcs,0.0,53.25,48.14,5.11,130.25,camille,6314663483841084214,SALE
2023-05-22,20040,20038.0,4800003492576,DR. KAUFMANN IR SULFUR WHITE 80G,2025-04-30,2.0,pcs,0.0,77.0,34.78,7.45,,camille,3507148588244516867,SALE
2023-05-22,20041,20039.0,4807788561688,BIOGESIC (PARACETAMOL) 500MG TAB,2026-05-22,2.0,pcs,0.0,8.5,3.65,1.2,8.50,camille,16961652492349512529,SALE
2023-05-22,20042,20040.0,4806506319730,LAMPEIN L 4S,2025-03-17,1.0,pcs,0.0,29.14,26.36,2.78,29.14,camille,17483709958664847837,SALE
2023-05-22,20043,20041.0,4806524140477,CYFROX (CIPROFLOXACIN) 500MG TAB,2023-12-01,5.0,pcs,0.1,22.5,1.65,14.25,22.50,camille,10154239946308747904,SALE
2023-05-22,20044,20042.0,4801288820504,HAPPY ABSORBENT COTTON 40G,2025-11-30,2.0,pcs,0.0,52.0,17.56,16.88,52.00,camille,18403601250657123886,SALE
2023-05-22,20045,20043.0,4806508321885,K-LYTE (POTASSIUM CHLORIDE) 600MG TAB,2023-12-31,3.0,pcs,0.0,69.0,11.99,33.02,69.00,camille,12324374362229430538,SALE
2023-05-22,20046,20044.0,4807788530691,ALNIX PLUS (CETIRIZINE+PHENYLEPHRINE) 5MG 60ML SYR,2024-05-29,1.0,pcs,0.0,311.5,292.4,19.1,311.50,camille,1192825285339706529,SALE
2023-05-22,20047,20045.0,40219530,PREGABASAPH-75 (PREGABALIN) 75MG CAP,2025-02-01,3.0,pcs,0.0,24.0,3.5,13.5,24.00,camille,14233528679342719911,SALE
2023-05-22,20048,20046.0,4806529430269,HISTAZYN (DIPHENHYDRAMINE) 50MG CAP,2023-07-01,1.0,pcs,0.0,3.5,0.7,2.8,3.50,camille,5166860476931164121,SALE
2023-05-22,20049,20047.0,4806529430269,HISTAZYN (DIPHENHYDRAMINE) 50MG CAP,2023-07-01,9.0,pcs,0.0,31.5,0.7,25.2,31.50,camille,18065112865365716536,SALE
2023-05-22,20050,20048.0,48032742,JOHNSONS WHITE BABY POWDER 25G,2025-08-01,1.0,pcs,0.0,14.0,12.63,1.37,35.25,jane,3309490569296072087,SALE
2023-05-22,20050,20048.0,4807788561688,BIOGESIC (PARACETAMOL) 500MG TAB,2026-03-01,5.0,pcs,0.0,21.25,3.65,3.0,,jane,10927773095776668062,SALE
2023-05-22,20051,20049.0,4807788561688,BIOGESIC (PARACETAMOL) 500MG TAB,2026-05-22,10.0,pcs,0.0,42.5,3.65,6.01,42.50,jane,5078043033166728469,SALE
2023-05-22,20052,20050.0,4800306591013,DIAMICRON MR (GLICAZIDE) 60MG TAB,2025-02-28,0.0,pcs,0.0,0.0,0.0,0.0,0.00,jane,17331857613698352371,SALE
2023-05-22,20052,20050.0,4806504653447,TELMIRIN 40 (TELMISARTAN) 40MG TAB,<NA>,0.0,pcs,0.0,0.0,0.0,0.0,,jane,7231265830143776038,SALE
2023-05-22,20052,20050.0,4806033300607,RM ASCORBIC ACID 500MG TAB,<NA>,0.0,pcs,0.0,0.0,0.0,0.0,,jane,11535582639836236811,SALE
2023-05-22,20052,20050.0,4806503650263,SLEEPWELL (MELATONIN) 3MG CAP,2024-09-01,0.0,pcs,0.0,0.0,0.0,0.0,,jane,6192466323998992473,SALE
2023-05-22,20052,20050.0,4800253243850,DOLO NEUROBION(PARACETAMOL + VITAMIN B1+ VITAMIN B6 + VITAMIN B12) TAB,2024-12-24,0.0,pcs,0.0,0.0,0.0,0.0,,jane,13653291599490236169,SALE
2023-05-22,20053,20051.0,4806032201004,POTEN CEE PLUS ZINC (ASCORBIC ACID + ZINC,2023-10-01,10.0,pcs,0.0,80.0,6.22,17.84,120.00,jane,8112257940470004253,SALE
2023-05-22,20053,20051.0,4807788526762,BIOFLU (PENYLEPHINE + CHLORPHENAMINE + PARACETAMOL) TAB,2024-01-01,5.0,pcs,0.0,40.0,6.37,8.16,,jane,11202763837903721567,SALE
2023-05-22,20054,20052.0,4800318002415,CALTRATE ADVANCE TAB,2024-03-01,2.0,pcs,0.0,18.0,850.55,-1683.1,34.00,jane,13555985638371169094,SALE
2023-05-22,20054,20052.0,4806032201004,POTEN CEE PLUS ZINC (ASCORBIC ACID + ZINC,2023-10-01,2.0,pcs,0.0,16.0,6.22,3.57,,jane,7702831743436291914,SALE
2023-05-22,20055,20053.0,4800488070276,CHARMEE COTTONY SULIT PACK 20s,2026-01-03,1.0,pcs,0.0,50.0,40.59,9.41,50.00,jane,15864482897845955991,SALE
2023-05-22,20056,20054.0,4807788673015,TUSERAN PPA 5+1 CAP,<NA>,1.0,pcs,0.0,54.5,49.53,4.97,54.50,jane,9570439721682751245,SALE
2023-05-22,20057,20055.0,4800153300677,ADVIL LIQUIGEL (IBUPROFEN) CAP,2025-02-01,2.0,pcs,0.0,17.2,7.67,1.86,17.20,jane,2612889572946880418,SALE
2023-05-22,20058,20056.0,4806502163979,SANICARE PLAYTIME WIPES - CRISP CUCUMBER 35SHEETS,<NA>,1.0,pcs,0.0,54.0,44.63,9.37,54.00,jane,7452518130565555258,SALE
2023-05-22,20059,20057.0,4806502350034,SANICARE COTTON BUDS 200 STEM,<NA>,1.0,pcs,0.0,19.5,16.18,3.32,19.50,jane,4452072513402511026,SALE
2023-05-22,20060,20058.0,4806521902467,TOPRADONE (PANTOPRAZOLE+DOMPERIDONE) 40MG/30MG CAP,<NA>,4.0,pcs,0.2,85.73,20.0,5.73,135.73,jane,9529788373519630285,SALE
2023-05-22,20060,20058.0,4800204005612,POTEN CEE SUGAR COATED (ASCORBIC ACID) 500MG TAB,<NA>,10.0,pcs,0.2,50.0,5.21,-2.08,,jane,15075776378804634628,SALE
2023-05-22,20061,20059.0,4806517790207,GLIMESYN (GLIMEPIRIDE) 2MG TAB,2025-09-30,10.0,pcs,0.0,92.5,7.0,22.5,100.50,jane,4031320278168858323,SALE
2023-05-22,20061,20059.0,4807788526762,BIOFLU (PENYLEPHINE + CHLORPHENAMINE + PARACETAMOL) TAB,2024-01-01,1.0,pcs,0.0,8.0,6.37,1.63,,jane,16774602698528119580,SALE
2023-05-22,20062,20060.0,4806517790276,ITORVAZ 40 (ATORVASTATIN) 40MG FC TAB,2024-04-30,5.0,pcs,0.0,98.75,15.05,23.5,0.00,jane,11151344823004853920,SALE
2023-05-22,20062,20060.0,4800306591013,DIAMICRON MR (GLICAZIDE) 60MG TAB,2024-10-31,10.0,pcs,0.0,287.5,26.55,22.01,,jane,8220227665658397076,SALE
2023-05-22,20062,20060.0,4800319015155,GALVUSMET (VILDAGLIPTIN + METFORMIN) 50/500MG TAB,2023-06-01,10.0,pcs,0.0,345.0,28.02,64.85,,jane,12999809016304729672,SALE
2023-05-22,20063,20061.0,4800488100072,CHARMEE BREATHABLE PANTY LINER GREEN 8&#039;S,2025-08-24,1.0,pcs,0.0,13.0,11.0,2.0,80.50,jane,11864871876871685610,SALE
2023-05-22,20063,20061.0,4800153302398,STRESSTABS WIRON TAB,2024-01-11,6.0,pcs,0.0,67.5,9.85,8.4,,jane,12485482080988337547,SALE
2023-05-22,20064,20062.0,8904179014702,NOVASARTAN (LOSARTAN K) 50MG FC TAB,2025-02-01,40.0,pcs,0.0,100.0,2.5,0.0,126.50,jane,4590994701308703542,SALE
2023-05-22,20064,20062.0,4800153953828,ROBITUSSIN L-GEL (GUAIFENESIN) 200MG CAP,2024-02-29,2.0,pcs,0.0,26.5,10.78,4.94,,jane,15123610463183972559,SALE
2023-05-23,20065,20063.0,8904172922233,MONTI PLUS (MONTELUKAST + LEVOCITIRIZINE) 10/5MG TAB,2023-09-30,4.0,pcs,0.0,106.0,23.73,11.08,106.00,jane,453313062475411861,SALE
2023-05-23,20066,20064.0,8994388100563,STIMUNO 25MG/5ML SYRUP 60ML,2025-11-30,1.0,pcs,0.0,342.0,259.09,82.91,342.00,jane,15149272316850936758,SALE
2023-05-23,20067,20065.0,4800119131673,STYLEX STRONG HOLD (CLEAR) 50G,2025-05-31,1.0,pcs,0.0,19.0,15.9,3.1,33.00,jane,6954446861481159267,SALE
2023-05-23,20067,20065.0,48032742,JOHNSONS WHITE BABY POWDER 25G,2025-08-01,1.0,pcs,0.0,14.0,12.63,1.37,,jane,10014025055868753644,SALE
2023-05-23,20068,20066.0,480778853619,ALAXAN FR (IBUPROFEN + PARACETAMOL) CAP,2025-04-29,10.0,pcs,0.0,85.0,8.49,0.11,105.00,jane,18262023556185636772,SALE
2023-05-23,20068,20066.0,8995227502234,LOLA REMEDIOS,2023-11-18,2.0,pcs,0.0,20.0,8.65,2.7,,jane,4736167157312549154,SALE
2023-05-23,20069,20067.0,4807788552273,ULTRAXIME 100MG/5ML 60ML SUSP,2025-02-01,1.0,pcs,0.0,1063.5,949.45,114.05,"1,063.50",jane,17875316052414070328,SALE
2023-05-23,20070,20068.0,4800153302398,STRESSTABS WIRON TAB,2023-11-29,10.0,pcs,0.0,112.5,9.85,14.0,112.50,jane,17497028610277259699,SALE
2023-05-23,20071,20069.0,4801010194002,BAND AID PLASTIC STRIPS,2024-01-08,1.0,pcs,0.0,2.5,1.27,1.23,2.50,jane,7841520413065996801,SALE
2023-05-23,20072,20070.0,4902430945554,SAFEGUARD PURE WHITE 60G,<NA>,1.0,pcs,0.0,19.8,17.13,2.67,19.80,jane,15223745344542255921,SALE
2023-05-23,20073,20071.0,4807788067067,HEMOSTAN (TRANEXAMIC ACID) 500MG CAP,2026-01-23,15.0,pcs,0.0,615.0,36.76,63.65,615.00,jane,16325832476917474623,SALE
2023-05-23,20074,20072.0,4800292138032,MICARDIS (TELMISARTAN) 40MG TAB,2025-09-30,0.0,pcs,0.0,0.0,0.0,0.0,0.00,jane,15794308479107424452,SALE
2023-05-23,20075,20073.0,4807788408853,ALNIX (CETIRIZINE) 10MG TAB,2025-03-27,5.0,pcs,0.0,153.0,27.52,15.4,153.00,jane,15341741978909369985,SALE
2023-05-23,20076,20074.0,4800488958581,CHARMEE DRY NET NON WINGS 8&#039;S,2025-05-01,1.0,pcs,0.0,23.0,18.46,4.54,23.00,jane,15444182394817189211,SALE
2023-05-23,20077,20075.0,096619926626,KIRKLAND FISH OIL 1000IU,<NA>,10.0,pcs,0.0,40.0,2.25,17.5,40.00,jane,8924524194735465778,SALE
2023-05-23,20078,20076.0,72414791587,SPECIMEN COLLECTION KIT,<NA>,1.0,pcs,0.0,12.0,4.0,8.0,12.00,jane,15112660453162927978,SALE
2023-05-23,20079,20077.0,4801981119981,WILKINS PURE 1L,<NA>,2.0,pcs,0.0,60.0,15.79,28.42,60.00,jane,2554252439448131496,SALE
2023-05-23,20080,20078.0,4800306591013,DIAMICRON MR (GLICAZIDE) 60MG TAB,2024-10-31,4.0,pcs,0.0,115.0,26.55,8.81,347.40,jane,6573318910025406958,SALE
2023-05-23,20080,20078.0,4800292138032,MICARDIS (TELMISARTAN) 40MG TAB,2025-09-30,4.0,pcs,0.0,119.0,23.84,23.64,,jane,14377402085773813609,SALE
2023-05-23,20080,20078.0,4806033300607,RM ASCORBIC ACID 500MG TAB,<NA>,10.0,pcs,0.0,25.0,1.74,7.58,,jane,11021230144745791767,SALE
2023-05-23,20080,20078.0,4806503650263,SLEEPWELL (MELATONIN) 3MG CAP,2024-09-01,2.0,pcs,0.0,36.5,16.07,4.36,,jane,15219362588791089755,SALE
2023-05-23,20080,20078.0,4800253243850,DOLO NEUROBION(PARACETAMOL + VITAMIN B1+ VITAMIN B6 + VITAMIN B12) TAB,2024-12-24,2.0,pcs,0.0,51.9,24.78,2.34,,jane,7629961209292617970,SALE
2023-05-23,20081,20079.0,4806517790252,ICOX (CELCOXIB) 200MG CAP,2025-05-01,10.0,pcs,0.0,240.0,18.38,56.25,510.00,jane,13238496511313332995,SALE
2023-05-23,20081,20079.0,4800324090277,MYONAL (EPERISONE HYDROCHLORIDE) TAB,2025-08-31,10.0,pcs,0.0,270.0,23.73,32.7,,jane,10455386207114859820,SALE
2023-05-23,20082,20080.0,71528104703,PROHEALTHCARE DISP. MASK,2025-05-01,1.0,pcs,0.0,120.0,56.0,64.0,120.00,jane,9649824201770543412,SALE
2023-05-23,20083,20081.0,8906045886284,PANTO PLUS (PANTOPRAZOLE + DOMPERIDONE) 40MG/30MG TAB 30,2024-04-30,10.0,pcs,0.0,590.0,48.61,103.91,590.00,jane,16302502456572599728,SALE
2023-05-23,RC0,20082.0,4800153953828,ROBITUSSIN L-GEL (GUAIFENESIN) 200MG CAP,2024-02-29,1.0,pcs,0.0,13.25,10.78,2.47,0.00,8001,13804216358951559695,SALE
2023-05-23,20084,20083.0,4800489114344,ARCOXIA (ETORICOXIB) 90MG TAB,2024-09-01,3.0,pcs,0.0,197.1,58.93,20.32,"1,144.35",jane,4469007146628222795,SALE
2023-05-23,20084,20083.0,4806504652587,ALANERV 920MG CAP,<NA>,5.0,pcs,0.0,446.25,81.0,41.25,,jane,13825256810613477735,SALE
2023-05-23,20084,20083.0,4800324090277,MYONAL (EPERISONE HYDROCHLORIDE) TAB,2025-08-31,6.0,pcs,0.0,162.0,23.73,19.62,,jane,10814699707958962209,SALE
2023-05-23,20084,20083.0,4806502352380,SANICARE CLEANSING WIPES - ALOE 80 SHEETS,2024-07-27,1.0,pcs,0.0,108.0,89.25,18.75,,jane,11112740808444802040,SALE
2023-05-23,20084,20083.0,4806502163849,SANICARE CLEANSING WIPES - ALOE 35+5 SH FREE,2024-02-15,1.0,pcs,0.0,65.0,53.81,11.19,,jane,15132800733964177782,SALE
2023-05-23,20084,20083.0,24019699,SANITARY BALM (CAMPHOR+MENTHOL) 32G,2027-08-31,1.0,pcs,0.0,53.0,44.17,8.83,,jane,11227338815687784114,SALE
2023-05-23,20084,20083.0,29314057013407,VALDA PASTILLES MENTHOL ZIP POUCH 20G,2024-04-14,2.0,pcs,0.0,113.0,51.73,9.54,,jane,13433538799808857515,SALE
2023-05-23,20085,20084.0,4806529302191,PURE PROTECT NATURAL SANITIZER 70% 500ML,<NA>,2.0,pcs,0.5,161.0,136.82,-112.64,161.00,jane,13658654087772596314,SALE
2023-05-23,20086,20085.0,4807788526762,BIOFLU (PENYLEPHINE + CHLORPHENAMINE + PARACETAMOL) TAB,2024-01-25,20.0,pcs,0.0,160.0,6.37,32.64,555.00,jane,16363517899616195501,SALE
2023-05-23,20086,20085.0,4807788561688,BIOGESIC (PARACETAMOL) 500MG TAB,2026-05-22,20.0,pcs,0.0,85.0,3.65,12.01,,jane,5910974654023023671,SALE
2023-05-23,20086,20085.0,4807788407375,DOLFENAL (MEFENAMIC ACID) 500MG,2027-01-20,10.0,pcs,0.0,310.0,29.34,16.61,,jane,3674232985388851561,SALE
2023-05-23,20087,20086.0,4807788541239,GLUMET XR 500MG (METFORMIN HCI) TAB,2025-03-21,4.0,pcs,0.0,50.0,11.35,4.61,50.00,jane,11030888480396572536,SALE
2023-05-23,20088,20087.0,4800153953828,ROBITUSSIN L-GEL (GUAIFENESIN) 200MG CAP,2024-02-29,1.0,pcs,0.0,13.25,10.78,2.47,13.25,jane,10925821602617762496,SALE
2023-05-23,20089,20088.0,1000200078,VERTEX (CINNARIZINE) 25MG TAB,2025-04-01,20.0,pcs,0.0,50.0,0.65,37.0,50.00,jane,2473330857262691599,SALE
2023-05-23,20090,20089.0,4801981107971,WILKINS PURE 500ML,<NA>,1.0,pcs,0.0,18.0,9.38,8.63,18.00,jane,5262557400891861208,SALE
2023-05-23,20091,20090.0,4800360275683,SALINASE NASAL SPRAY 30ML,2028-02-29,1.0,pcs,0.0,110.25,87.87,22.38,110.25,jane,11129477092882282403,SALE
2023-05-23,20092,20091.0,4807788673015,TUSERAN PPA 5+1 CAP,<NA>,1.0,pcs,0.0,54.5,49.53,4.97,174.00,jane,10980468277154927240,SALE
2023-05-23,20092,20091.0,4800140001082,BACTIDOL ORAL 60ML,2025-03-31,1.0,pcs,0.0,119.5,101.71,17.79,,jane,12898133909041592509,SALE
2023-05-23,20093,20092.0,4800369001252,XIPRO (CIPROFLOXACIN) TAB 500MG,<NA>,14.0,pcs,0.0,556.5,31.54,115.01,968.00,jane,12531494847906909156,SALE
2023-05-23,20093,20092.0,4807788561688,BIOGESIC (PARACETAMOL) 500MG TAB,2026-10-01,15.0,pcs,0.0,63.75,3.65,9.01,,jane,7102273815698441132,SALE
2023-05-23,20093,20092.0,4807788526762,BIOFLU (PENYLEPHINE + CHLORPHENAMINE + PARACETAMOL) TAB,2024-01-01,10.0,pcs,0.0,80.0,6.37,16.32,,jane,17240304058809306631,SALE
2023-05-23,20093,20092.0,4800153953262,ROBITUSSIN EXPECTORANT (GUAIFENESIN) 120ML,2025-06-01,1.0,pcs,0.0,159.75,130.9,28.85,,jane,9185797747837187736,SALE
2023-05-23,20093,20092.0,8935196509315-1,SALONPAS PLASTER 20s,2024-11-01,1.0,pcs,0.0,108.0,93.24,14.76,,jane,13458516179917862694,SALE
2023-05-23,20094,20093.0,4807788580931,ALGINA (SODIUM ALGINATE) SUS,2024-04-29,1.0,pcs,0.0,27.0,25.74,1.26,45.00,jane,1645111783797110471,SALE
2023-05-23,20094,20093.0,4800602020934,WILKINS DISTILLED 500ML,<NA>,1.0,pcs,0.0,18.0,15.21,2.79,,jane,8598142265967885978,SALE
2023-05-23,20095,20094.0,4806502352588,FEMME FACIAL TISSUE UNSCENTED,<NA>,1.0,pcs,0.0,27.75,23.04,4.71,27.75,jane,6003749394770573811,SALE
2023-05-23,20096,20095.0,4806033302731,RM COLCHICINE 500MG,2023-08-31,10.0,pcs,0.0,40.2,3.39,6.34,254.70,jane,1925284710225636948,SALE
2023-05-23,20096,20095.0,4801981107971,WILKINS PURE 500ML,<NA>,1.0,pcs,0.0,18.0,9.38,8.63,,jane,14307649316935917146,SALE
2023-05-23,20096,20095.0,8904159620923,FEBUDAY-40 (FEBUXOSTAT) 40MG TAB,2024-10-31,10.0,pcs,0.0,177.5,11.09,66.56,,jane,8358115240162588374,SALE
2023-05-23,20096,20095.0,4806505141295,URISOL (ALLOPURINOL) 100MG TAB,2024-08-01,10.0,pcs,0.0,19.0,0.78,11.2,,jane,10819933179336536536,SALE
2023-05-23,20097,20096.0,39572141,ADVAN PREGNANCY TEST,2024-03-01,1.0,pcs,0.0,40.0,9.6,30.4,40.00,camille,8675413948073392729,SALE
2023-05-23,20098,20097.0,4801981107971,WILKINS PURE 500ML,<NA>,1.0,pcs,0.0,18.0,9.38,8.63,18.00,camille,11661254983080792345,SALE
2023-05-23,20099,20098.0,4800488100119,CHARMEE COTTONY HEAVY FLOW NIGHT 8s+1,<NA>,1.0,pcs,0.0,26.0,21.26,4.74,26.00,camille,114012655589328930,SALE
2023-05-23,20100,20099.0,4800348112740,NATRAVOX (CO-AMOXICLAV) 457MG/5ML 70ML,2024-07-31,1.0,pcs,0.0,367.5,510.36,-142.86,651.25,camille,16391599960716464186,SALE
2023-05-23,20100,20099.0,4800348112757,NATRAVOX (CO-AMOXICLAV) 457MG/5ML 35ML SUSP,2024-09-01,1.0,pcs,0.0,283.75,236.39,47.36,,camille,2528954837641242137,SALE
2023-05-23,20101,20100.0,4800304990252,PROVERA 10MG TAB,2026-08-01,10.0,pcs,0.0,860.0,82.02,39.8,860.00,camille,17201547711609613090,SALE
2023-05-23,20102,20101.0,4807788519818,ALNIX 5MG/5ML SYR 60ML,2025-03-01,1.0,pcs,0.0,294.5,236.53,57.97,393.50,camille,16038245323178988148,SALE
2023-05-23,20102,20101.0,8995201800479,TEMPRA 120MG SYRUP 60ML (ORANGE,2025-02-01,1.0,pcs,0.0,99.0,90.39,8.61,,camille,13440510477436545310,SALE
2023-05-23,20103,20102.0,8994388106619,INBUMIN 250MG (STRIATIN) FC TAB,2023-06-28,15.0,pcs,0.0,648.75,36.35,103.47,"1,101.75",camille,15981356740260042454,SALE
2023-05-23,20103,20102.0,8906076770101,BETTERVENT (SALBUTAMOL) 1MG/ML (2.5MG/2.5ML) SOL&#039;N,<NA>,5.0,pcs,0.0,75.0,5.17,49.17,,camille,13106318103572994631,SALE
2023-05-23,20103,20102.0,4806528271337,ALCLAV NEO (CO-AMOXICLAV) 625MG TAB,2024-06-30,14.0,pcs,0.0,308.0,18.3,51.87,,camille,947025449203892983,SALE
2023-05-23,20103,20102.0,4806524147131,EMICOX (CELECOXIB) 200MG,2023-08-01,10.0,pcs,0.0,55.0,1.47,40.26,,camille,9098888219615218910,SALE
2023-05-23,20103,20102.0,8996001600269,LE MINERALE 600ML,<NA>,1.0,pcs,0.0,15.0,9.2,5.8,,camille,12730510571620190774,SALE
2023-05-23,20104,20103.0,4806502352397,SANICARE CLEANSING WIPES - ALOE 15 SHEETS,2024-02-14,1.0,pcs,0.0,34.5,27.56,6.94,127.50,camille,3211592507265304724,SALE
2023-05-23,20104,20103.0,4807788407375,DOLFENAL (MEFENAMIC ACID) 500MG,2027-01-20,3.0,pcs,0.0,93.0,29.34,4.98,,camille,959988005800975702,SALE
2023-05-23,20105,20104.0,48032742,JOHNSONS WHITE BABY POWDER 25G,2025-08-01,1.0,pcs,0.0,14.0,12.63,1.37,14.00,camille,9048978677467948939,SALE
2023-05-23,20106,20105.0,8886451003812,ENSURE GOLD VANILLA 400G,2024-04-21,1.0,pcs,0.0,918.6,798.09,120.51,"1,349.90",jane,18299707928841314511,SALE
2023-05-23,20106,20105.0,4800488070030,CARESS ADULT DIAPER L10+1,2025-09-25,2.0,pcs,0.05,431.3,227.0,-22.7,,jane,14654875672246924115,SALE
2023-05-23,20107,20106.0,4807788580931,ALGINA (SODIUM ALGINATE) SUS,2024-04-29,4.0,pcs,0.2,77.15,25.74,-25.82,118.58,jane,12266835479972861388,SALE
2023-05-23,20107,20106.0,8906045606936,PANTOBET PLUS (PANTOPRAZOLE+DOMPERIDONE) 40MG/30MG CAP,<NA>,2.0,pcs,0.2,41.42,16.0,9.42,,jane,1036355508652946334,SALE
2023-05-23,20107,20106.0,SD,Sales Discount Variance,<NA>,1.0,pcs,0.0,0.01,0.0,0.01,,jane,3926578250799662916,ADJUSTMENT
2023-05-23,20108,20107.0,8904179014702,NOVASARTAN (LOSARTAN K) 50MG FC TAB,2025-02-01,20.0,pcs,0.0,50.0,2.5,0.0,50.00,camille,11874934404342418716,SALE
2023-05-23,20109,20108.0,4806502352588,FEMME FACIAL TISSUE UNSCENTED,<NA>,1.0,pcs,0.0,27.75,23.04,4.71,56.75,camille,9006598576053637960,SALE
2023-05-23,20109,20108.0,80475628042,ELASTIC BANDAGE 3x5,2025-02-01,1.0,pcs,0.0,29.0,18.0,11.0,,camille,15222061618436979455,SALE
2023-05-23,20110,20109.0,4800281329632,FLANAX FORTE 550MG TAB,<NA>,4.0,pcs,0.0,93.0,20.87,9.54,93.00,camille,375576012739065199,SALE
2023-05-23,20111,20110.0,4800011178745,DR. S WONG&#039;S SULFUR W/ ALOE VERA SOAP 80G,<NA>,1.0,pcs,0.0,40.0,36.31,3.69,63.00,camille,4592180210925654705,SALE
2023-05-23,20111,20110.0,4809010332769,KATIALIS S 5G,2025-02-01,1.0,pcs,0.0,23.0,20.77,2.23,,camille,13934320409497165035,SALE
2023-05-23,20112,20111.0,4807788561688,BIOGESIC (PARACETAMOL) 500MG TAB,2026-03-01,6.0,pcs,0.0,25.5,3.65,3.6,25.50,camille,17159890530490052910,SALE
2023-05-23,20113,20112.0,4800488099741,CARESS UNDERPAD M10,2025-05-01,1.0,pcs,0.0,185.0,167.99,17.01,318.25,camille,8120929724750918664,SALE
2023-05-23,20113,20112.0,4807788550668,BIOGESIC 100MG ORANGE 15ML DRP,2024-05-24,1.0,pcs,0.0,72.25,65.49,6.76,,camille,15725108898916889183,SALE
2023-05-23,20113,20112.0,4800136390039,DULCOLAX SUPP ADULT 10MG,<NA>,1.0,pcs,0.0,61.0,55.2,5.8,,camille,2502317186983205383,SALE
2023-05-23,20114,20113.0,4806534570240,CETRINOVA (CETIRIZINE) 10MG FC TAB,<NA>,6.0,pcs,0.0,18.0,0.36,15.84,18.00,camille,3275273031416198380,SALE
2023-05-23,20115,20114.0,29314057013711,DEQUADIN LOZENGES (DEQUALINIUM CHLORIDE) ORANGE,2025-08-31,4.0,pcs,0.0,22.0,4.76,2.96,22.00,camille,2463858300372072056,SALE
2023-05-23,20116,20115.0,4800153302169,CENTRUM SILVER ADV TAB 30,2024-06-01,1.0,pcs,0.0,390.0,330.75,59.25,"1,385.25",camille,6256573433297264796,SALE
2023-05-23,20116,20115.0,4806502352588,FEMME FACIAL TISSUE UNSCENTED,<NA>,1.0,pcs,0.0,27.75,23.04,4.71,,camille,11434902228425962705,SALE
2023-05-23,20116,20115.0,4807788562593,IMMUNPRO 500MG TAB,2025-01-25,30.0,pcs,0.0,262.5,7.51,37.34,,camille,1665749502151040463,SALE
2023-05-23,20116,20115.0,4806033302830,RM METFORMIN 500MG TAB,2023-09-01,30.0,pcs,0.0,120.0,2.71,38.58,,camille,5670491213753901418,SALE
2023-05-23,20116,20115.0,4806033300201,RM AMLODIPINE 5MG,2023-07-31,30.0,pcs,0.0,201.0,4.98,51.46,,camille,16964483744009738911,SALE
2023-05-23,20116,20115.0,4806033305480,RM LOSARTAN 50MG TAB,2024-01-31,30.0,pcs,0.0,384.0,20.2,-222.03,,camille,13124918358274553282,SALE
2023-05-23,20117,20116.0,9310059050910,LISTERINE FRESH BURST 250ML,<NA>,1.0,pcs,0.0,142.0,113.92,28.08,142.00,camille,6360757056366083137,SALE
2023-05-23,20118,20117.0,4806527190189,ALLECUR (CETIRIZINE) 5MG/5MML 60ML SYR,2024-03-01,1.0,pcs,0.0,34.0,34.0,0.0,34.00,camille,795036189742768839,SALE
2023-05-23,20119,20118.0,4800304910021,TROSYD CREAM 5G,2024-04-30,1.0,pcs,0.0,223.75,190.11,33.64,223.75,camille,1238697918155871561,SALE
2023-05-23,20120,20119.0,4806033300195,RM AMLODIPINE 10MG,2023-07-31,10.0,pcs,0.0,85.0,6.93,15.69,85.00,camille,12550567294919964920,SALE
2023-05-23,20121,20120.0,4806526304730,PARTNERS BLOOD GLUCOMETER CBPC-73,<NA>,1.0,pcs,0.0,860.0,391.0,469.0,"1,220.00",camille,17731772119502839958,RETURN
2023-05-23,20121,20120.0,4806526304747,PARTNERS GLUCOSE STRIPS 25&#039;S CBPC-73,2024-08-01,1.0,pcs,0.1,360.0,172.32,187.68,,camille,3467917953116366183,RETURN
2023-05-23,20122,20121.0,4800204001720,BETADINE GARGLE 120ML,<NA>,1.0,pcs,0.0,179.75,163.4,16.35,179.75,camille,10390148368499010313,SALE
2023-05-23,20123,20122.0,4800011132938,EFFICASCENT EXTREME 50ML,2027-10-31,1.0,pcs,0.0,78.5,69.87,8.63,78.50,camille,3573260455482130421,SALE
2023-05-23,20124,20123.0,4806501283135,WHITE FLOWER C#3 5ML,2026-10-31,1.0,pcs,0.0,95.5,83.92,11.58,95.50,camille,8972350137402421486,SALE
2023-05-23,20125,20124.0,4807788522290,REVICON FORTE TAB 30&#039;S BOT,2024-01-05,1.0,pcs,0.0,155.75,128.65,27.1,155.75,camille,3653122332452896886,SALE
2023-05-23,20126,20125.0,4800602087937,WILKINS DISTILLED 1L,<NA>,3.0,pcs,0.0,90.0,30.0,0.0,90.00,camille,13927171957978590339,SALE
2023-05-23,20127,20126.0,4806523301312,AXMEL (AMOXICILLIN TRIHYDRATE) 500MG CAP,2024-11-01,2.0,pcs,0.0,6.5,1.68,3.14,6.50,camille,2080503541132532249,SALE
2023-05-23,20128,20127.0,4806506319075,SUPER TWINS BABY PANTS XL 8S,2024-02-18,2.0,pcs,0.0,157.5,71.49,14.53,157.50,camille,2148294705226469228,SALE
2023-05-23,20129,20128.0,8904182011286,MEDPIN-5 (AMLODIPINE) 5MG TAB,<NA>,20.0,pcs,0.0,40.0,2.0,0.0,40.00,camille,4367676904124966992,SALE
2023-05-23,20130,20129.0,4806529302191,PURE PROTECT NATURAL SANITIZER 70% 500ML,<NA>,2.0,pcs,0.5,161.0,136.82,-112.64,187.00,camille,1420887546427652376,SALE
2023-05-23,20130,20129.0,4800488100072,CHARMEE BREATHABLE PANTY LINER GREEN 8&#039;S,2025-08-24,2.0,pcs,0.0,26.0,11.0,4.0,,camille,8025073664245941815,SALE
2023-05-23,20131,20130.0,63305196712,IV STAND 4HOOKS-CHROMED,<NA>,1.0,pcs,0.2,1920.0,1200.0,720.0,"1,920.00",camille,14523003137314406155,SALE
2023-05-24,20132,20131.0,4806533601600,ECORI-90 (ETORICOXIB) 90MG TAB,<NA>,2.0,pcs,0.0,110.0,50.0,10.0,110.00,camille,15751533533586907043,SALE
2023-05-24,20133,20132.0,4806534570240,CETRINOVA (CETIRIZINE) 10MG FC TAB,<NA>,10.0,pcs,0.0,30.0,0.36,26.4,83.00,camille,6918625408905846310,SALE
2023-05-24,20133,20132.0,6922748503015,BL (KETOCONAZOLE CLOBETASOLE PROPIONATE) 7G CREAM,2024-04-30,1.0,pcs,0.0,35.0,33.0,2.0,,camille,6759391747814604075,SALE
2023-05-24,20133,20132.0,4801981107971,WILKINS PURE 500ML,<NA>,1.0,pcs,0.0,18.0,9.38,8.63,,camille,12189111666006079505,SALE
2023-05-24,20134,20133.0,4806517210026,AFICIONADO FRESH PINK 55ML,<NA>,1.0,pcs,0.0,53.0,44.19,8.81,53.00,camille,2902032809938666915,SALE
2023-05-24,20135,20134.0,29314057013407,VALDA PASTILLES MENTHOL ZIP POUCH 20G,2024-04-14,3.0,pcs,0.0,169.5,51.73,14.31,599.25,camille,7855497763576998051,SALE
2023-05-24,20135,20134.0,4800488070443,EQ COLOR S 4&#039;S,<NA>,1.0,pcs,0.0,22.75,20.48,2.27,,camille,15605279989135511543,SALE
2023-05-24,20135,20134.0,4800046000738,VIVALYTE E-DRINK APPLE 250ML,2025-06-22,2.0,pcs,0.0,100.0,41.47,17.06,,camille,9031666127004349422,SALE
2023-05-24,20135,20134.0,4806506318900,SISTERS OVERNIGHT DRY 4+1 W/ WINGS,2025-09-01,3.0,pcs,0.0,94.5,25.08,19.25,,camille,14960532955347591109,SALE
2023-05-24,20135,20134.0,4801010206118,BENADRYL AH (DIPHENHYDRAMINE) CAP,2026-04-30,10.0,pcs,0.0,212.5,17.51,37.38,,camille,8217544289808260077,SALE
2023-05-24,20136,20135.0,4807788048462,DIATABS (LOPERAMIDE) CAP,2027-01-03,7.0,pcs,0.0,57.75,7.15,7.67,57.75,camille,3293133873764350254,SALE
2023-05-24,20137,20136.0,8904179014702,NOVASARTAN (LOSARTAN K) 50MG FC TAB,2025-02-01,10.0,pcs,0.0,25.0,2.5,0.0,63.50,camille,8208292403748653777,SALE
2023-05-24,20137,20136.0,4809011398160,EYEBERRY CAP,2025-05-10,1.0,pcs,0.0,18.0,15.3,2.7,,camille,13642748898622055968,SALE
2023-05-24,20137,20136.0,1000200078,VERTEX (CINNARIZINE) 25MG TAB,2025-04-01,2.0,pcs,0.0,5.0,0.65,3.7,,camille,801385652170445846,SALE
2023-05-24,20137,20136.0,745114069078,XANTHONE PLUS GOLD CAP,2024-11-01,1.0,pcs,0.0,15.5,12.8,2.7,,camille,11388474725838369675,SALE
2023-05-24,20138,20137.0,4800204001713,BETADINE GARGLE 60ML,2025-09-30,1.0,pcs,0.0,115.0,106.28,8.72,144.50,camille,4617061982424452216,SALE
2023-05-24,20138,20137.0,4800064630115,EZ LUBRICATING JELLY 10G,<NA>,1.0,pcs,0.0,29.5,24.06,5.44,,camille,13273188033475623524,SALE
2023-05-24,20139,20138.0,480778853619,ALAXAN FR (IBUPROFEN + PARACETAMOL) CAP,2026-08-29,2.0,pcs,0.0,17.0,8.49,0.02,17.00,camille,17890812416791299643,SALE
2023-05-24,20140,20139.0,8904182011286,MEDPIN-5 TAB,<NA>,5.0,pcs,0.0,10.0,2.0,0.0,21.00,camille,8766432888173091249,SALE
2023-05-24,20140,20139.0,8996001600375,LE MINERALE 330ML,<NA>,1.0,pcs,0.0,11.0,6.33,4.67,,camille,9513690158913651875,SALE
2023-05-24,20141,20140.0,4801981119981,WILKINS PURE 1L,<NA>,3.0,pcs,0.0,90.0,20.16,29.52,90.00,camille,4809266615685137267,SALE
2023-05-24,20142,20141.0,4800369000545,TERRAFERON (FERROUS SULFATE + FOLIC ACID + B-COMPLEX + NICOTINAMIDE) CAP,2023-11-30,30.0,pcs,0.2,176.88,7.27,-41.27,176.88,camille,6880069866240620285,SALE
2023-05-24,20143,20142.0,4806529302191,PURE PROTECT NATURAL SANITIZER 70% 500ML,<NA>,2.0,pcs,0.5,161.0,136.82,-112.64,161.00,camille,11047200112726295831,SALE
2023-05-24,20144,20143.0,4800488958154,NURSY BABY WIPES UNSCENTED 30,2025-08-16,1.0,pcs,0.0,42.75,37.15,5.6,42.75,camille,16985644269013985687,SALE
2023-05-24,20145,20144.0,4807788526762,BIOFLU (PENYLEPHINE + CHLORPHENAMINE + PARACETAMOL) TAB,2024-01-01,10.0,pcs,0.0,80.0,6.37,16.32,80.00,camille,17491281708624360959,SALE
2023-05-24,20146,20145.0,4806534570240,CETRINOVA (CETIRIZINE) 10MG FC TAB,<NA>,5.0,pcs,0.0,15.0,0.36,13.2,158.75,camille,7073374626447095276,SALE
2023-05-24,20146,20145.0,4806529430269,HISTAZYN (DIPHENHYDRAMINE) 50MG CAP,2023-07-01,10.0,pcs,0.0,35.0,0.84,26.6,,camille,2388307763897056137,SALE
2023-05-24,20146,20145.0,4807788561688,BIOGESIC (PARACETAMOL) 500MG TAB,2026-03-01,5.0,pcs,0.0,21.25,3.65,3.0,,camille,11353401347191068976,SALE
2023-05-24,20146,20145.0,4807788562593,IMMUNPRO 500MG TAB,2024-09-01,10.0,pcs,0.0,87.5,7.51,12.45,,camille,15262812063225364345,SALE
2023-05-24,20148,20146.0,38119798,ATORSAPH-20 (ATORVASTATIN) 20MG FC TAB,<NA>,100.0,pcs,0.2,280.0,0.95,185.0,480.00,camille,9911553657685317237,SALE
2023-05-24,20148,20146.0,8904179014702,NOVASARTAN (LOSARTAN K) 50MG FC TAB,2025-02-01,100.0,pcs,0.2,200.0,2.5,-50.0,,camille,17263866218259050340,SALE
2023-05-24,20147,20147.0,8904179014702,NOVASARTAN (LOSARTAN K) 50MG FC TAB,2025-02-01,30.0,pcs,0.2,60.0,2.5,-15.0,"1,419.00",camille,2242923090884518441,SALE
2023-05-24,20147,20147.0,8944164010272,CARVIDA (CARVEDILOL) 6.25MG TAB,2024-06-01,30.0,pcs,0.2,220.8,3.0,130.8,,camille,16379726200798606378,SALE
2023-05-24,20147,20147.0,8850769011517,FLEXSA (GLUCOSAMINE SULFATE) 1500MG ORAL SOLUTION,2024-02-11,21.0,pcs,0.2,1138.2,55.69,-31.24,,camille,9727036279229324489,SALE
2023-05-24,20150,20148.0,4800012341094,KAMILLOSAN NM SPRAY 370.5MG 15ML,2026-02-19,1.0,pcs,0.0,428.3,385.77,42.53,560.80,camille,18169349156463354735,SALE
2023-05-24,20150,20148.0,9310059050071,LISTERINE COOL MINT 250ML,2025-10-31,1.0,pcs,0.0,132.5,123.21,9.29,,camille,14338379691027401142,SALE
2023-05-24,20149,20149.0,4806504260614,APPEVIT (BUCLIZINE HCL+B-COMPLEX+IRON) CAP,2024-09-01,10.0,pcs,0.2,120.0,13.5,-15.0,"1,390.40",camille,1577336060867362818,SALE
2023-05-24,20149,20149.0,4806521160782,ATENURIX (FEBUXOSTAT) 40MG FCT,2025-02-28,10.0,pcs,0.2,190.0,20.31,-13.1,,camille,8342288177838146162,SALE
2023-05-24,20149,20149.0,4806513980336,PANTOVIC 40MG EC TAB,2024-08-01,5.0,pcs,0.2,116.0,29.0,-29.0,,camille,12924755070761511249,SALE
2023-05-24,20149,20149.0,4806519880364,MUCOPROTEC 100MG FC TAB,<NA>,6.0,pcs,0.2,86.4,15.0,-3.6,,camille,6846088246543214368,SALE
2023-05-24,20149,20149.0,4806518970202,NORMIX (RIFAXIMIN) 200MG FCT,<NA>,12.0,pcs,0.2,768.0,65.83,-22.0,,camille,5586923299208418192,SALE
2023-05-24,20149,20149.0,4806517790597,SPIROFAR (SPIRONOLACTONE) 25MG TAB,2025-04-30,10.0,pcs,0.2,110.0,10.5,5.0,,camille,14110797835617004138,SALE
2023-05-24,20151,20150.0,480778853619,ALAXAN FR (IBUPROFEN + PARACETAMOL) CAP,2025-04-29,10.0,pcs,0.0,85.0,8.49,0.11,85.00,camille,11733402255485683554,SALE
2023-05-24,20152,20151.0,4800153300677,ADVIL LIQUIGEL (IBUPROFEN) CAP,2024-10-31,4.0,pcs,0.0,34.4,7.67,3.72,366.65,camille,3904850059349286569,SALE
2023-05-24,20152,20151.0,4800011133447,EFFICASCENT OIL EXTRA STRENGTH 100ML,<NA>,1.0,pcs,0.0,119.25,103.68,15.57,,camille,4319310344537087927,SALE
2023-05-24,20152,20151.0,4807788550958,KREMIL S ADVANCE (FAMOTIDINE + CALCIUM CARBONATE + MAGNESIUM HYDROXIDE) TAB,2024-03-26,4.0,pcs,0.0,87.0,18.87,11.53,,camille,12196017959239654325,SALE
2023-05-24,20152,20151.0,4800136400011,BUSCOPAN VENUS (HYOSCINE BUTYLBROMIDE) 10MG500MG TAB,2025-02-28,4.0,pcs,0.0,126.0,29.93,6.27,,camille,6935094439483739802,SALE
2023-05-24,20153,20152.0,4807788402646,SOLMUX (CARBOCISTEINE) 500MG CAP,2027-02-13,10.0,pcs,0.0,115.0,10.29,12.12,115.00,camille,5547328678098027990,SALE
2023-05-24,20154,20153.0,4800153953828,ROBITUSSIN L-GEL (GUAIFENESIN) 200MG CAP,2024-02-29,1.0,pcs,0.0,13.25,10.78,2.47,13.25,camille,9005560923546733067,SALE
2023-05-24,20155,20154.0,4800153300677,ADVIL LIQUIGEL (IBUPROFEN) CAP,2024-10-31,2.0,pcs,0.0,17.2,7.67,1.86,17.20,camille,15199625610413550147,SALE
2023-05-24,20156,20155.0,4800011132938,EFFICASCENT EXTREME 50ML,2027-10-31,1.0,pcs,0.0,78.5,69.87,8.63,95.50,camille,12697163008353783685,SALE
2023-05-24,20156,20155.0,4807788561688,BIOGESIC (PARACETAMOL) 500MG TAB,2026-03-01,4.0,pcs,0.0,17.0,3.65,2.4,,camille,5731247995350778286,SALE
2023-05-24,20157,20156.0,4807788561688,BIOGESIC (PARACETAMOL) 500MG TAB,2026-08-29,1.0,pcs,0.0,4.25,3.65,0.6,4.25,camille,9654405763212942183,SALE
2023-05-24,20158,20157.0,61229488,CALCIFESAPH ( CALCIUM+VITAMIN D3) TAB,2024-04-01,10.0,pcs,0.0,40.0,1.45,25.5,40.00,camille,5412837718481501972,SALE
2023-05-24,20159,20158.0,8996001600269,LE MINERALE 600ML,<NA>,1.0,pcs,0.0,15.0,9.2,5.8,15.00,camille,2996392541325414860,SALE
2023-05-24,20160,20159.0,4806525173412,ESOMETOR 4 (ESOMEPRAZOLE) 40MG DR CAP,<NA>,60.0,pcs,0.0,900.0,5.17,590.0,900.00,camille,10082852284984999580,SALE
2023-05-24,20161,20160.0,4987176013491,VICKS INHALER KEY CHAIN,2024-06-01,1.0,pcs,0.0,96.0,87.21,8.79,96.00,camille,2812029146565616422,SALE
2023-05-24,20162,20161.0,4806506318856,SISTERS NIGHT PLUS 8&#039;S W/ WINGS,2025-09-01,1.0,pcs,0.0,31.0,22.07,8.93,81.00,camille,9071420422382105883,SALE
2023-05-24,20162,20161.0,8850006321133,COLGATE AMINO POWDER 37G,2025-12-31,1.0,pcs,0.0,50.0,45.82,4.18,,camille,142288908399250354,SALE
2023-05-24,20163,20162.0,8906045606936,PANTOBET PLUS (PANTOPRAZOLE+DOMPERIDONE) 40MG/30MG CAP,<NA>,10.0,pcs,0.0,290.0,16.0,130.0,695.00,camille,11662732723512886364,SALE
2023-05-24,20163,20162.0,4807788580931,ALGINA (SODIUM ALGINATE) SUS,2024-04-29,10.0,pcs,0.0,270.0,25.74,12.58,,camille,5501527383143616191,SALE
2023-05-24,20163,20162.0,4800153953439,ROBITUSSIN DM 60ML,<NA>,1.0,pcs,0.0,135.0,109.02,25.98,,camille,1355851939298503468,SALE
2023-05-24,20164,20163.0,4800333162491,AUGMENTIN 625MG TAB,2023-07-28,14.0,pcs,0.0,784.0,50.19,81.39,"1,328.00",camille,13899369532756509460,SALE
2023-05-24,20164,20163.0,9314057012772,DIFFLAM FORTE THROAT SPRAY,<NA>,1.0,pcs,0.0,544.0,492.45,51.55,,camille,14687443169056712354,SALE
2023-05-24,20165,20164.0,4807788523709,RESTIME 40MG ORAL DROP 10ML,2024-11-01,1.0,pcs,0.0,131.75,109.72,22.03,131.75,camille,11071860839732906910,SALE
2023-05-24,20166,20165.0,4806506318832,SISTERS DAY MAXI REG 8+1,2025-09-01,1.0,pcs,0.0,23.0,19.83,3.17,23.00,camille,12832863898414242483,SALE
2023-05-24,20167,20166.0,4800067122068,CLEENE CLIO TBRUSH ECONOMY,2032-02-20,1.0,pcs,0.0,15.0,11.25,3.75,15.00,camille,2712261807407257178,SALE
2023-05-24,20168,20167.0,4807788547071,ALGESIA (PARACETAMOL + TRAMADOL) 37.5/325 MG TAB,2024-01-26,6.0,pcs,0.0,321.0,51.89,9.68,321.00,camille,17538750973024582186,SALE
2023-05-24,20169,20168.0,4800369000545,TERRAFERON (FERROUS SULFATE + FOLIC ACID + B-COMPLEX + NICOTINAMIDE) CAP,2023-11-30,15.0,pcs,0.0,123.75,7.27,14.68,123.75,camille,15546570525775626115,SALE
2023-05-24,20170,20169.0,4800119131680,STYLEX STRONG HOLD (CLEAR) 125G,2025-06-30,1.0,pcs,0.0,33.5,26.17,7.34,56.00,camille,17784763574881708411,SALE
2023-05-24,20170,20169.0,4800047820250,GREENCROSS 70% W/ MOIST 60ML,2025-09-30,1.0,pcs,0.0,22.5,16.72,5.78,,camille,11560535186226545212,SALE
2023-05-24,20171,20170.0,8902269001182,ZOCEF (CEFUROXIME) 500MG TAB,2024-04-30,14.0,pcs,0.0,437.5,13.0,255.5,"1,684.10",camille,17827310095214289226,SALE
2023-05-24,20171,20170.0,4806518661209,KETESSE (DEXKETOPROFEN) 25MG TAB,2024-09-01,9.0,pcs,0.0,305.1,28.9,45.02,,camille,758844215726440791,SALE
2023-05-24,20171,20170.0,8994388106619,INBUMIN 250MG (STRIATIN) FC TAB,2023-06-28,14.0,pcs,0.0,605.5,36.35,96.58,,camille,10933608393541930371,SALE
2023-05-24,20171,20170.0,92561950000012,ABDOMINAL BINDER (BLUE,<NA>,1.0,pcs,0.0,336.0,130.0,206.0,,camille,16485094950705679861,SALE
2023-05-24,20172,20171.0,4801981119981,WILKINS PURE 1L,<NA>,1.0,pcs,0.0,30.0,20.16,9.84,30.00,camille,17907255608005416931,SALE
2023-05-24,20173,20172.0,4800488961468,EQ PANTS L 4&#039;S,<NA>,1.0,pcs,0.0,32.5,29.52,2.98,32.50,camille,8499732000531058585,SALE
2023-05-24,20174,20173.0,4800602087937,WILKINS DISTILLED 1L,<NA>,1.0,pcs,0.0,30.0,30.0,0.0,30.00,camille,11591731769512099910,SALE
2023-05-24,20175,20174.0,4806501130125,MEDIFORTAN-AS (MULTIVITAMINS + BUCLIZINE HCI ) CAP,2025-01-02,5.0,pcs,0.2,94.2,19.63,-3.94,94.20,camille,14943413590704345213,SALE
2023-05-24,20176,20175.0,59646549,SAPHORBIDE 30MG PR TAB,<NA>,3.0,pcs,0.0,24.75,3.65,13.8,24.75,camille,18293139890019193431,SALE
2023-05-24,20177,20176.0,4801981107971,WILKINS PURE 500ML,<NA>,2.0,pcs,0.0,36.0,9.38,17.25,85.25,camille,7733492182920748969,SALE
2023-05-24,20177,20176.0,4800064610414,TRUST PILLS (ETHINYL ESTRADIOL + LEVONORGESTREL,2024-09-01,1.0,pcs,0.0,49.25,45.47,3.78,,camille,16258423832999287536,SALE
2023-05-24,20178,20177.0,4807788561688,BIOGESIC (PARACETAMOL) 500MG TAB,2026-08-29,10.0,pcs,0.0,42.5,3.65,6.01,42.50,camille,1705408504718743503,SALE
2023-05-24,20179,20178.0,1900010113,INHIBITA (OMEPRAZOLE) 40MG EC TAB,2024-04-01,15.0,pcs,0.0,135.0,3.6,81.0,135.00,jane,10382696040270215510,SALE
2023-05-24,20180,20179.0,4800067122068,CLEENE CLIO TBRUSH ECONOMY,2032-02-20,1.0,pcs,0.0,15.0,11.25,3.75,25.00,jane,3369413680097803598,SALE
2023-05-24,20180,20179.0,8850006325216,COLGATE SACHET 22G,<NA>,1.0,pcs,0.0,10.0,9.3,0.7,,jane,12117314667185224328,SALE
2023-05-24,20181,20180.0,4800307854315,VIBEE TAB,<NA>,7.0,pcs,0.0,98.42,12.78,8.95,507.17,jane,1462593971611770340,SALE
2023-05-24,20181,20180.0,4806517790177,OMEGA GOLD CAP,2025-05-22,7.0,pcs,0.0,227.5,26.54,41.72,,jane,14391074106975071993,SALE
2023-05-24,20181,20180.0,4807788541239,GLUMET XR 500MG (METFORMIN HCI) TAB,2024-12-16,9.0,pcs,0.0,112.5,11.35,10.37,,jane,5738432746600725603,SALE
2023-05-24,20181,20180.0,4806517790580,ITORVAZ 20 (ATORVASTATIN) 20MG FC TAB,2024-04-30,5.0,pcs,0.0,68.75,10.5,16.25,,jane,7428312632985542598,SALE
2023-05-24,20182,20181.0,4806033302731,RM COLCHICINE 500MG,2023-08-31,10.0,pcs,0.0,40.2,3.39,6.34,40.20,jane,15898536676928416203,SALE
2023-05-24,20183,20182.0,4807788050236,DUAVENT P-NEB 500MCG (IPRATROPRIUM + SALBUTAMOL,2024-03-30,2.0,pcs,0.0,91.0,41.69,7.62,181.00,jane,12067962730399941426,SALE
2023-05-24,20183,20182.0,8906076770101,BETTERVENT (SALBUTAMOL) 1MG/ML (2.5MG/2.5ML) SOL&#039;N,<NA>,6.0,pcs,0.0,90.0,5.17,59.0,,jane,10148428895693380768,SALE
2023-05-24,20184,20183.0,8850007814313,LISTERINE FRESH BURST 100ML,2025-11-01,1.0,pcs,0.0,67.0,53.14,13.86,97.00,jane,12688491869372097574,SALE
2023-05-24,20184,20183.0,4800067122068,CLEENE CLIO TBRUSH ECONOMY,2032-02-20,2.0,pcs,0.0,30.0,11.25,7.5,,jane,10944431252364562689,SALE
2023-05-24,20185,20184.0,41720005175,PLASTIC URINAL,<NA>,1.0,pcs,0.0,95.0,45.0,50.0,95.00,jane,13452289102660769214,SALE
2023-05-24,20186,20185.0,48038379,OFF KIDS 6ML SAC,2025-11-30,2.0,pcs,0.0,19.0,7.55,3.9,145.00,jane,12311821784101734786,SALE
2023-05-24,20186,20185.0,4807788522283,REVICON FORTE (MULTIVITAMINS + MINERALS + AMINO ACIDS) TAB,2023-10-26,20.0,pcs,0.0,106.0,4.47,16.54,,jane,18144797563211655322,SALE
2023-05-24,20186,20185.0,8995227502234,LOLA REMEDIOS,2023-11-18,2.0,pcs,0.0,20.0,8.65,2.7,,jane,5031243805519431520,SALE
2023-05-24,20187,20186.0,4800318002415,CALTRATE ADVANCE TAB,2024-03-01,10.0,pcs,0.0,90.0,850.55,-8415.5,323.75,jane,13704074861114445037,SALE
2023-05-24,20187,20186.0,4806032201004,POTEN CEE PLUS ZINC (ASCORBIC ACID + ZINC,2023-10-01,10.0,pcs,0.0,80.0,6.22,17.84,,jane,10019393900624318934,SALE
2023-05-24,20187,20186.0,4800153302220,CENTRUM(ADVANCE)TAB,2024-01-12,5.0,pcs,0.0,53.75,9.53,6.12,,jane,9563700055891381947,SALE
2023-05-24,20187,20186.0,38218316,CHERIFER PGM CAP,2024-09-18,5.0,pcs,0.0,100.0,17.29,13.55,,jane,1580702863099938936,SALE
2023-05-25,20188,20187.0,4806524147131,EMICOX (CELECOXIB) 200MG,2023-08-01,10.0,pcs,0.0,55.0,1.47,40.26,55.00,jane,17033720933736767061,SALE
2023-05-25,20189,20188.0,4806523302289,LEUKOREX (MONTELUKAST SODIUM) 10MG FC TAB,2024-01-01,10.0,pcs,0.0,70.0,2.8,42.0,188.50,jane,17401615386980415528,SALE
2023-05-25,20189,20188.0,4800363081151,PROLIX (PREDNISONE) 20MG TAB,2024-06-30,10.0,pcs,0.0,80.0,6.9,11.0,,jane,7036796508677368652,SALE
2023-05-25,20189,20188.0,4806505142124,FERRICORE (FERROUS SULFATE) 325MG TAB,2024-08-01,10.0,pcs,0.0,20.0,0.85,11.5,,jane,13632458399111341352,SALE
2023-05-25,20189,20188.0,4806502351901,SANICARE BATHROOM TISSUE 1&#039;S,<NA>,1.0,pcs,0.0,18.5,15.16,3.34,,jane,10502261160859828203,SALE
2023-05-25,20190,20189.0,4800602087937,WILKINS DISTILLED 1L,<NA>,3.0,pcs,0.0,90.0,30.0,0.0,90.00,jane,13395450673657999848,SALE
2023-05-25,20191,20190.0,4806502351901,SANICARE BATHROOM TISSUE 1&#039;S,<NA>,1.0,pcs,0.0,18.5,15.16,3.34,73.50,jane,7812296508593172648,SALE
2023-05-25,20191,20190.0,4801010105206,JOHNSONS BLOSSOMS BABY POWDER 100G,<NA>,1.0,pcs,0.0,55.0,45.14,9.86,,jane,2711846490031257752,SALE
2023-05-25,20192,20191.0,4806509690607,JIMM&#039;S 7IN1 COFFEE MIX,2025-01-24,2.0,pcs,0.0,28.5,11.73,5.04,28.50,jane,4309650675237373289,SALE
2023-05-25,20193,20192.0,4806514630209,TOZAM (LOSARTAN + AMLODIPINE) 50MG/5MG FC TAB,2024-06-30,30.0,pcs,0.2,667.2,23.17,-27.78,667.20,jane,10921805925979249966,SALE
2023-05-25,20194,20193.0,4801981107971,WILKINS PURE 500ML,<NA>,1.0,pcs,0.0,18.0,9.38,8.63,18.00,jane,8186771871973571114,SALE
2023-05-25,20195,20194.0,4800136400011,BUSCOPAN VENUS (HYOSCINE BUTYLBROMIDE) 10MG500MG TAB,2025-02-28,1.0,pcs,0.0,31.5,29.93,1.57,48.50,jane,13514679522164141435,SALE
2023-05-25,20195,20194.0,480778853619,ALAXAN FR (IBUPROFEN + PARACETAMOL) CAP,2025-04-29,2.0,pcs,0.0,17.0,8.49,0.02,,jane,5450998290512417471,SALE
2023-05-25,20196,20195.0,4801981107971,WILKINS PURE 500ML,<NA>,1.0,pcs,0.0,18.0,9.38,8.63,18.00,jane,17666430109674261627,SALE
2023-05-25,20197,20196.0,4806506318870,SISTERS PANTYLINER BLUE 8S,2025-09-01,1.0,pcs,0.0,10.0,9.03,0.98,41.00,jane,16383899288176570977,SALE
2023-05-25,20197,20196.0,4806506318856,SISTERS NIGHT PLUS 8&#039;S W/ WINGS,2025-09-01,1.0,pcs,0.0,31.0,22.07,8.93,,jane,18105819085301594002,SALE
2023-05-25,20198,20197.0,4809014678092,PLEMEX FORTE (VITEX NEGUNDO L. LAGUNDI LEAF) CAP,2024-01-04,10.0,pcs,0.0,72.5,5.95,12.97,72.50,jane,7300645339944738254,SALE
2023-05-25,20199,20198.0,4806033300201,RM AMLODIPINE 5MG,2023-07-31,10.0,pcs,0.0,67.0,4.98,17.15,0.00,jane,11349433988626593234,SALE
2023-05-25,20200,20199.0,4806504260614,APPEVIT (BUCLIZINE HCL+B-COMPLEX+IRON) CAP,2024-09-01,10.0,pcs,0.2,120.0,13.5,-15.0,120.00,jane,297671385423350823,SALE
2023-05-25,20201,20200.0,4806504652587,ALANERV 920MG CAP,<NA>,11.0,pcs,0.0,981.75,81.0,90.75,"1,967.25",jane,9609833786956917535,SALE
2023-05-25,20201,20200.0,4800489114344,ARCOXIA (ETORICOXIB) 90MG TAB,2024-09-01,15.0,pcs,0.0,985.5,58.93,101.62,,jane,14574276738686255222,SALE
2023-05-25,20202,20201.0,4800153953828,ROBITUSSIN L-GEL (GUAIFENESIN) 200MG CAP,2024-02-29,1.0,pcs,0.0,13.25,10.78,2.47,13.25,jane,5721440951887062933,SALE
2023-05-25,20203,20202.0,99875334642,OXYGEN TANK 15LBS,<NA>,1.0,pcs,0.0,4799.98,6337.5,-1537.52,"4,799.98",camille,16274884174658394181,SALE
2023-05-25,20204,20203.0,4807788556738,DECOLGEN FORTE (PHENYLEPROPANOLAMINE HCI + CHLORPHENAMINE MALEATE + PARACETAMOL,2025-04-29,6.0,pcs,0.0,40.5,6.13,3.71,220.50,camille,2408867372103514639,SALE
2023-05-25,20204,20203.0,4809014678047,PLEMEX FORTE (VITEX NEGUNDO L. LAGUNDI LEAF) 600MG/5ML 120ML,2025-05-01,1.0,pcs,0.0,180.0,146.33,33.67,,camille,9017738068727354306,SALE
2023-05-25,20205,20204.0,4806534570240,CETRINOVA (CETIRIZINE) 10MG FC TAB,<NA>,10.0,pcs,0.2,24.0,0.36,20.4,208.03,camille,4660950400979606214,SALE
2023-05-25,20205,20204.0,4800140001082,BACTIDOL ORAL 60ML,2025-07-01,1.0,pcs,0.05,113.53,101.71,11.82,,camille,15689447019656308143,SALE
2023-05-25,20205,20204.0,8851198078522,STREPSILS LOZ EXTRA STRONG 8s,2025-04-01,1.0,pcs,0.0,70.5,60.8,9.7,,camille,6955673032357156153,SALE
2023-05-25,20206,20205.0,4800333162491,AUGMENTIN 625MG TAB,2023-07-28,6.0,pcs,0.0,336.0,50.19,34.88,480.00,camille,17351076786925513891,SALE
2023-05-25,20206,20205.0,4806517790252,ICOX (CELCOXIB) 200MG CAP,2025-05-01,6.0,pcs,0.0,144.0,23.65,2.09,,camille,16570692260161872711,SALE
2023-05-25,20207,20206.0,4800369000675,MUCOTUSS FORTE (PHENYLPROPANOLAMINE HCL + CHLORPHENIRAMINE MALEATE + PARACETAMOL + DEXTROMETHORPHAN,<NA>,1.0,pcs,0.0,6.75,5.98,0.77,6.75,camille,12132479887734713734,SALE
2023-05-25,20208,20207.0,4800369000675,MUCOTUSS FORTE (PHENYLPROPANOLAMINE HCL + CHLORPHENIRAMINE MALEATE + PARACETAMOL + DEXTROMETHORPHAN,<NA>,1.0,pcs,0.0,6.75,5.98,0.77,6.75,camille,17720929133106049526,SALE
2023-05-25,20209,20208.0,4801288820504,HAPPY ABSORBENT COTTON 40G,2025-11-30,1.0,pcs,0.0,26.0,17.56,8.44,45.50,camille,3508914737203002969,SALE
2023-05-25,20209,20208.0,4806502350034,SANICARE COTTON BUDS 200 STEM,<NA>,1.0,pcs,0.0,19.5,16.18,3.32,,camille,17789414056745561276,SALE
2023-05-25,20210,20209.0,4800489114368,ARCOXIA (ETORICOXIB) 120MG TAB,2025-03-24,2.0,pcs,0.0,163.5,74.72,14.07,163.50,camille,1348401772041879820,SALE
2023-05-25,20211,20210.0,4801981119981,WILKINS PURE 1L,<NA>,1.0,pcs,0.0,30.0,20.16,9.84,30.00,camille,4085932338268834189,SALE
2023-05-25,20212,20211.0,4800011139401,EFFICASCENT RELAXSCENT OIL 3ML,2026-01-31,1.0,pcs,0.0,52.9,46.01,6.89,52.90,camille,8523045972861097585,SALE
2023-05-25,20213,20212.0,4807788552273,ULTRAXIME 100MG/5ML 60ML SUSP,2025-02-01,1.0,pcs,0.0,1063.5,949.45,114.05,"1,502.75",camille,8218652220706315367,SALE
2023-05-25,20213,20212.0,4807788530875,DISUDRIN DRP 10ML,2024-11-17,1.0,pcs,0.0,146.0,118.07,27.93,,camille,7670894377907981574,SALE
2023-05-25,20213,20212.0,4800307102805,ZYRIZ PLUS 5MG/5MG PER 5ML 60ML SYRUP,<NA>,1.0,pcs,0.0,293.25,244.36,48.89,,camille,10728045074847347815,SALE
2023-05-25,20214,20213.0,4800253243836,NEUROBION (VITAMIN B1 + B6 + B12) TAB,2024-12-01,4.0,pcs,0.0,95.0,21.13,10.47,95.00,camille,4859499880929362358,SALE
2023-05-25,20215,20214.0,4806524781854,NEPHROMIN (KETOANALOGUES+ESSENTIAL AMINO ACIDS) TAB,2024-08-01,15.0,pcs,0.2,240.0,14.0,30.0,240.00,camille,9213416746637263277,SALE
2023-05-25,20216,20215.0,8904186000521,TRIMEBET (TRIMETAZIDINE) 35G TAB,2024-05-01,1.0,pcs,0.2,6.8,3.34,3.46,292.52,camille,5156647866875881390,SALE
2023-05-25,20216,20215.0,86544771,ROSUSAPH-10 (ROSUVASTATIN) 10MG FC TAB,2025-03-01,15.0,pcs,0.2,93.0,3.1,46.5,,camille,3826384670556987457,SALE
2023-05-25,20216,20215.0,8944164010272,CARVIDA (CARVEDILOL) 6.25MG TAB,2024-06-01,5.0,pcs,0.2,36.8,3.0,21.8,,camille,2066809131852369080,SALE
2023-05-25,20216,20215.0,25213478,SAPHORMIN T500 (METFORMIN HCL) 500MG TAB,2024-04-01,15.0,pcs,0.2,13.44,0.37,7.97,,camille,14037024349015574276,SALE
2023-05-25,20216,20215.0,4806037100029,IRBEQ 150 (IRBESARTAN) 150MG TAB,<NA>,10.0,pcs,0.2,88.0,4.45,43.5,,camille,14190595005150350327,SALE
2023-05-25,20216,20215.0,4806524772913,AMLOTHIX (AMLODIPINE) 10MG TAB,2026-11-01,15.0,pcs,0.2,21.48,0.37,15.88,,camille,15878031504661782525,SALE
2023-05-25,20216,20215.0,4800363204239,ASPEC EC (ASPIRIN) TAB,2024-02-29,15.0,pcs,0.2,33.0,2.13,1.05,,camille,4291503747188233606,SALE
2023-05-25,20217,20216.0,4806513103018,HAILEY TAWAS SOFT & SCENTED,2025-03-01,2.0,pcs,0.0,31.0,12.95,5.1,31.00,camille,3604292363411333272,SALE
2023-05-25,20218,20217.0,4806527651321,APPENTANYX (BUCLIZINE HCL+B-COMPLEX+IRON) CAP,2024-12-01,10.0,pcs,0.0,60.0,2.8,32.0,183.75,camille,4722560817075403366,SALE
2023-05-25,20218,20217.0,4807788561329,AMLIFE (AMLODIPINE + LOSARTAN) 50/5MG TAB,2023-10-31,5.0,pcs,0.0,123.75,22.77,9.88,,camille,8091596016914940450,SALE
2023-05-25,20219,20218.0,4807788402226,ASPILETS (ASPIRIN) 80MG TAB,2023-10-27,10.0,pcs,0.2,31.2,3.1,0.2,188.40,camille,4636376990296791838,SALE
2023-05-25,20219,20218.0,4806522630642,INTERPHIL (IRBESARTAN) 300MG TAB,2024-02-01,3.0,pcs,0.2,37.2,7.75,13.95,,camille,2008649404292238102,SALE
2023-05-25,20219,20218.0,4800292161016,TRAJENTA (LINAGLIPTIN) 5MG TAB,2024-11-30,3.0,pcs,0.2,120.0,50.0,-30.0,,camille,4635361507476935047,SALE
2023-05-25,20220,20219.0,4806033302830,RM METFORMIN 500MG TAB,2023-09-01,10.0,pcs,0.0,40.0,2.71,12.86,141.25,camille,3366907514530252740,SALE
2023-05-25,20220,20219.0,4806033304131,RM MEFENAMIC ACID 500MG TAB,2023-07-21,15.0,pcs,0.0,101.25,3.71,45.53,,camille,18407169014469324483,SALE
2023-05-25,20221,20220.0,4807788524881,CEFALIN (CEFALEXIN) 250MG SUSP 60ML,2024-06-05,1.0,pcs,0.0,309.5,257.75,51.75,309.50,camille,7455365408635277837,SALE
2023-05-25,20222,20221.0,9310059050910,LISTERINE FRESH BURST 250ML,<NA>,1.0,pcs,0.0,142.0,113.92,28.08,142.00,jane,90659868223022831,SALE
2023-05-25,20223,20222.0,4807788545121,MEDICOL ADVANCE 400MG (IBUPROFEN,2023-09-18,3.0,pcs,0.0,37.5,10.94,4.69,129.70,jane,4871639879804024105,SALE
2023-05-25,20223,20222.0,4807788417206,MEDICOL ADVANCE SOFTGEL (IBUPROFEN) CAP,2024-02-25,4.0,pcs,0.0,25.2,5.66,2.56,,jane,12651579497698179112,SALE
2023-05-25,20223,20222.0,8850007814313,LISTERINE FRESH BURST 100ML,2025-11-01,1.0,pcs,0.0,67.0,53.14,13.86,,jane,4824999714489771789,SALE
2023-05-25,20224,20223.0,4806502850008,SYMDEX D TAB,2024-03-01,12.0,pcs,0.0,42.0,1.51,23.88,42.00,jane,5314316763036208439,SALE
2023-05-25,20225,20224.0,6100010004,GAUZE PAD 4X4 TRUCARE,2026-11-01,5.0,pcs,0.0,22.3,1.78,13.4,22.30,jane,9150781385484023729,SALE
2023-05-25,20226,20225.0,4800369000545,TERRAFERON (FERROUS SULFATE + FOLIC ACID + B-COMPLEX + NICOTINAMIDE) CAP,2023-11-30,10.0,pcs,0.0,82.5,7.27,9.78,82.50,camille,1286248807927916747,SALE
2023-05-25,20227,20226.0,4806508321885,K-LYTE (POTASSIUM CHLORIDE) 600MG TAB,2023-12-31,14.0,pcs,0.2,257.6,11.99,89.69,257.60,camille,10594437578704130019,SALE
2023-05-25,20228,20227.0,4806516401005,PROPAN TLC DROPS 15ML,<NA>,1.0,pcs,0.0,93.5,77.43,16.07,284.75,camille,18222272816342213007,SALE
2023-05-25,20228,20227.0,4807788549648,CEELIN PLUS 40MG DRP 15ML,2024-05-16,1.0,pcs,0.0,94.75,86.11,8.64,,camille,124940311298511832,SALE
2023-05-25,20228,20227.0,4800011121567,CASINO FEMME 500ML,2027-01-31,1.0,pcs,0.0,96.5,81.24,15.26,,camille,4433268912345304342,SALE
2023-05-25,20229,20228.0,1900010093,HAEMOREX (TRANEXAMIC) 500MG CAP,2023-10-01,6.0,pcs,0.0,66.0,11.0,0.0,66.00,camille,15623625849688083487,SALE
2023-05-25,20230,20229.0,4806504653065,RENALOG FC TAB,<NA>,6.0,pcs,0.2,184.8,29.5,7.8,184.80,camille,176294714476601626,SALE
2023-05-25,20231,20230.0,4806506319730,LAMPEIN L 4S,2025-03-17,1.0,pcs,0.0,29.14,26.36,2.78,69.14,camille,18007692761296095348,SALE
2023-05-25,20231,20230.0,39572141,ADVAN PREGNANCY TEST,2024-03-01,1.0,pcs,0.0,40.0,9.6,30.4,,camille,14016609501348383297,SALE
2023-05-25,20232,20231.0,71528104703,PROHEALTHCARE DISP. MASK,2025-05-01,1.0,pcs,0.0,120.0,56.0,64.0,120.00,camille,1707210798224427905,SALE
2023-05-25,20233,20232.0,4807788561688,BIOGESIC (PARACETAMOL) 500MG TAB,2026-03-01,4.0,pcs,0.0,17.0,3.65,2.4,28.50,camille,11903393597134215618,SALE
2023-05-25,20233,20232.0,4807788559593,NEOZEP FORTE (PHENYLEPHRINE HCL + PARACETAMOL) TAB,2025-08-29,2.0,pcs,0.0,11.5,5.19,1.12,,camille,6945337398122547099,SALE
2023-05-25,20234,20233.0,4807788561688,BIOGESIC (PARACETAMOL) 500MG TAB,2026-03-01,10.0,pcs,0.0,42.5,3.65,6.01,42.50,camille,14397908915850331088,SALE
2023-05-25,20235,20234.0,4807788545121,MEDICOL ADVANCE 400MG (IBUPROFEN,2023-09-18,10.0,pcs,0.0,125.0,10.94,15.64,125.00,camille,853646200855176877,SALE
2023-05-25,20236,20235.0,8996001600375,LE MINERALE 330ML,<NA>,1.0,pcs,0.0,11.0,6.33,4.67,11.00,camille,14885253175651706678,SALE
2023-05-25,20237,20236.0,4806524140477,CYFROX (CIPROFLOXACIN) 500MG TAB,2023-12-01,5.0,pcs,0.0,25.0,1.65,16.75,25.00,camille,13178325149416601547,SALE
2023-05-25,20238,20237.0,4806510690337,CHERIFER IMMUNOMAX SYR 120ML,2024-09-20,1.0,pcs,0.0,410.0,354.24,55.76,410.00,camille,15191992843624264384,SALE
2023-05-25,20239,20238.0,4807788050236,DUAVENT P-NEB 500MCG (IPRATROPRIUM + SALBUTAMOL,2024-03-30,3.0,pcs,0.0,136.5,41.69,11.44,136.50,camille,13337956379068018893,SALE
2023-05-25,20240,20239.0,096619926626,KIRKLAND FISH OIL,<NA>,20.0,pcs,0.2,57.12,2.25,12.12,173.19,camille,16970220016329446752,SALE
2023-05-25,20240,20239.0,96284025,MOPIBAC (MUPIROCIN OINTMENT) 2% 5G TUBE,<NA>,1.0,pcs,0.2,116.07,162.5,-46.43,,camille,8036793398959320837,SALE
2023-05-25,20241,20240.0,4806506318856,SISTERS NIGHT PLUS 8&#039;S W/ WINGS,2025-09-01,1.0,pcs,0.0,31.0,22.07,8.93,112.00,camille,7162575998802132454,SALE
2023-05-25,20241,20240.0,4801288820504,HAPPY ABSORBENT COTTON 40G,2025-11-30,1.0,pcs,0.0,26.0,17.56,8.44,,camille,6094046572172551735,SALE
2023-05-25,20241,20240.0,4806502359914,FEMME INTERFOLDED PAPER TOWEL 1PLY,<NA>,1.0,pcs,0.0,55.0,45.75,9.25,,camille,14736129250914483416,SALE
2023-05-25,20242,20241.0,4806506318900,SISTERS OVERNIGHT DRY 4+1 W/ WINGS,2025-09-01,1.0,pcs,0.0,31.5,25.08,6.42,31.50,camille,2308272599788973960,SALE
2023-05-25,20243,20242.0,4806506318900,SISTERS OVERNIGHT DRY 4+1 W/ WINGS,2025-09-01,1.0,pcs,0.0,31.5,25.08,6.42,31.50,camille,16622702146083707217,SALE
2023-05-26,20244,20243.0,40219530,PREGABASAPH-75 (PREGABALIN) 75MG CAP,2025-02-01,5.0,pcs,0.2,28.56,5.47,1.23,64.68,jane,14460126678978571059,SALE
2023-05-26,20244,20243.0,4806529430719,RAMAVIT (VITAMIN B COMPLEX) TAB,<NA>,10.0,pcs,0.2,14.32,0.65,7.82,,jane,10359044109665253760,SALE
2023-05-26,20244,20243.0,4806524149708,CITCOLE (CITICOLINE) 500MG TAB,<NA>,1.0,pcs,0.2,21.8,12.33,9.47,,jane,16215638969927497601,SALE
2023-05-26,20245,20244.0,4801981119981,WILKINS PURE 1L,<NA>,1.0,pcs,0.0,30.0,20.16,9.84,48.00,jane,4134102206742892529,SALE
2023-05-26,20245,20244.0,4801981107971,WILKINS PURE 500ML,<NA>,1.0,pcs,0.0,18.0,9.38,8.63,,jane,9730372561355088394,SALE
2023-05-26,20246,20245.0,8935196509315-1,SALONPAS PLASTER 20s,2025-06-30,1.0,pcs,0.0,108.0,93.24,14.76,108.00,jane,5964711407753419712,SALE
2023-05-26,20247,20246.0,4806524781045,FELOSTAL ER-10 (FELODIPINE) 10MG ER TAB,2024-05-01,10.0,pcs,0.2,94.0,5.25,41.5,172.17,jane,18006085524349244615,SALE
2023-05-26,20247,20246.0,6100010004,GAUZE PAD 4X4 TRUCARE,2026-11-01,4.0,pcs,0.2,14.27,1.78,7.15,,jane,4198725520048165872,SALE
2023-05-26,20247,20246.0,48035880,BETADINE (POVIDONE IODINE) WOUND SOLUTION 7.5ML,2026-12-31,1.0,pcs,0.2,29.4,34.4,-5.0,,jane,1684144279388553182,SALE
2023-05-26,20247,20246.0,4806502352397,SANICARE CLEANSING WIPES - ALOE 15 SHEETS,2024-02-14,1.0,pcs,0.0,34.5,27.56,6.94,,jane,8974894580200162346,SALE
2023-05-26,20248,20247.0,4806524147131,EMICOX (CELECOXIB) 200MG,2023-08-01,10.0,pcs,0.0,55.0,1.47,40.26,55.00,jane,14102636529139752394,SALE
2023-05-26,20249,20248.0,4807788559593,NEOZEP FORTE (PHENYLEPHRINE HCL + PARACETAMOL) TAB,2025-01-31,10.0,pcs,0.0,57.5,5.19,5.6,57.50,jane,12257744527832079072,SALE
2023-05-26,20250,20249.0,25213478,SAPHORMIN T500 (METFORMIN HCL) 500MG TAB,2025-02-01,20.0,pcs,0.0,22.4,0.37,15.1,88.40,jane,10849068961892541092,SALE
2023-05-26,20250,20249.0,4809012413466,KATINKO INHALER,2025-02-28,1.0,pcs,0.0,66.0,55.08,10.92,,jane,4591792658070789917,SALE
2023-05-26,20251,20250.0,8902269001182,ZOCEF (CEFUROXIME) 500MG TAB,2024-04-30,14.0,pcs,0.2,350.0,13.48,161.21,876.40,jane,5630143583138979125,SALE
2023-05-26,20251,20250.0,4800318705286,SINECOD FORTE (BUTAMIRATE CITRATE) TAB 50MG,2024-10-31,21.0,pcs,0.2,378.0,17.7,6.3,,jane,3244252054665499321,SALE
2023-05-26,20251,20250.0,8904172922233,MONTI PLUS (MONTELUKAST + LEVOCITIRIZINE) 10/5MG TAB,2023-09-30,7.0,pcs,0.2,148.4,23.73,-17.71,,jane,751036216108237465,SALE
2023-05-26,20252,20251.0,8996001600269,LE MINERALE 600ML,<NA>,1.0,pcs,0.0,15.0,9.2,5.8,15.00,jane,17660353292786589361,SALE
2023-05-26,20253,20252.0,4806505140144,RANITEIN (RANITIDINE) 150MG TAB,<NA>,20.0,pcs,0.0,66.0,1.3,40.0,89.00,jane,4601831125229955243,SALE
2023-05-26,20253,20252.0,4806506318832,SISTERS DAY MAXI REG 8+1,2025-09-01,1.0,pcs,0.0,23.0,19.83,3.17,,jane,1687833043945265681,SALE
2023-05-26,20254,20253.0,4800304810130,BONAMINE (MECLYCINE HYDROCLHORIDE) CHEW (ADULT) 25MG TAB,2026-01-31,4.0,pcs,0.0,54.0,13.5,0.0,129.00,jane,11306513994955864293,SALE
2023-05-26,20254,20253.0,8906045605038,BETZINE (BETAHISTINE HYDROCHLORIDE) 24MG TAB,<NA>,2.0,pcs,0.0,75.0,15.0,45.0,,jane,6430777800731987370,SALE
2023-05-26,20255,20254.0,4809015142035,OHHIRAs PROPOLIS 600MG CAP,2024-10-02,14.0,pcs,0.05,893.76,56.0,109.76,893.76,jane,13946997414147797867,SALE
2023-05-26,20256,20255.0,4806529302191,PURE PROTECT NATURAL SANITIZER 70% 500ML,<NA>,2.0,pcs,0.5,161.0,136.82,-112.64,161.00,jane,8515762223997959046,SALE
2023-05-26,20257,20256.0,4800153953828,ROBITUSSIN L-GEL (GUAIFENESIN) 200MG CAP,2024-02-29,1.0,pcs,0.0,13.25,10.78,2.47,13.25,jane,15455016407178852343,SALE
2023-05-26,20258,20257.0,4800333900437,AUGMENTIN (CO-AMOXICLAV) 457MG 70ML,2024-04-30,1.0,pcs,0.0,417.75,348.06,69.69,508.75,jane,4931029941383272493,SALE
2023-05-26,20258,20257.0,4807788050236,DUAVENT P-NEB 500MCG (IPRATROPRIUM + SALBUTAMOL,2024-03-30,2.0,pcs,0.0,91.0,41.69,7.62,,jane,1902215308161068909,SALE
2023-05-26,20259,20258.0,4800135000311,MYRA E 400 CAP,2024-02-03,4.0,pcs,0.0,50.0,11.22,5.12,50.00,jane,17908692864333371823,SALE
2023-05-26,20260,20259.0,4807788526762,BIOFLU (PENYLEPHINE + CHLORPHENAMINE + PARACETAMOL) TAB,2024-01-01,10.0,pcs,0.0,80.0,6.37,16.32,80.00,jane,467636326829954562,SALE
2023-05-26,20261,20260.0,8996001600269,LE MINERALE 600ML,<NA>,1.0,pcs,0.0,15.0,9.2,5.8,15.00,jane,18387161765920691253,SALE
2023-05-26,20262,20261.0,4800234406465,FORXIGA (DAPAGLIFLOZIN) 10MG,2024-09-30,3.0,pcs,0.2,100.8,32.08,4.57,198.76,jane,7087796687486708358,SALE
2023-05-26,20262,20261.0,8904159620923,FEBUDAY-40 (FEBUXOSTAT) 40MG TAB,2024-10-31,3.0,pcs,0.2,38.04,11.09,4.76,,jane,11103125448619249117,SALE
2023-05-26,20262,20261.0,1900010021,SAPHLOPID (CLOPIDOGREL) 75MG TAB,2024-10-01,3.0,pcs,0.2,13.92,1.11,10.58,,jane,10302898903970477097,SALE
2023-05-26,20262,20261.0,8904182011286,MEDPIN-5 (AMLODIPINE) 5MG TAB,<NA>,10.0,pcs,0.2,16.0,2.0,-4.0,,jane,1538300984432842252,SALE
2023-05-26,20262,20261.0,4801981119981,WILKINS PURE 1L,<NA>,1.0,pcs,0.0,30.0,20.16,9.84,,jane,1847311120440084777,SALE
2023-05-26,20263,20262.0,4800046000738,VIVALYTE E-DRINK APPLE 250ML,2026-03-24,3.0,pcs,0.0,150.0,41.47,25.59,467.50,jane,4580739792933405054,SALE
2023-05-26,20263,20262.0,4800318570174,SCOTT&#039;S CHEWY VIT-C ORANGE 15s,2024-03-24,2.0,pcs,0.0,157.5,70.29,16.92,,jane,14644921970237178100,SALE
2023-05-26,20263,20262.0,4809013160369,MEMO PLUS GOLD CAP,2025-01-31,10.0,pcs,0.0,160.0,12.76,32.4,,jane,5111165822368679204,SALE
2023-05-26,20264,20263.0,4800307102805,ZYRIZ PLUS 5MG/5MG PER 5ML 60ML SYRUP,<NA>,1.0,pcs,0.0,293.25,244.36,48.89,293.25,jane,13378007700228199489,SALE
2023-05-26,20265,20264.0,4800324090277,MYONAL (EPERISONE HYDROCHLORIDE) TAB,2025-08-31,4.0,pcs,0.0,108.0,23.73,13.08,108.00,jane,15260437845938325823,SALE
2023-05-26,20266,20265.0,4800253243850,DOLO NEUROBION(PARACETAMOL + VITAMIN B1+ VITAMIN B6 + VITAMIN B12) TAB,2024-12-24,5.0,pcs,0.0,129.75,24.78,5.85,489.75,jane,14818041888380511692,SALE
2023-05-26,20266,20265.0,1000200070,SAPHLECOX 200 (CELECOXIB) 200MG CAP,2024-06-01,10.0,pcs,0.0,55.0,1.85,36.5,,jane,7399170889109744110,SALE
2023-05-26,20266,20265.0,4800488070030,CARESS ADULT DIAPER L10+1,2025-05-01,1.0,pcs,0.0,227.0,227.0,0.0,,jane,17059321854512990413,SALE
2023-05-26,20266,20265.0,8717163616444,DOVE WHITE BEAUTY BAR 135G,2025-02-28,1.0,pcs,0.0,78.0,0.0,78.0,,jane,4460894611021458854,SALE
2023-05-26,20267,20266.0,8964001206170,INSUGET 70/30 INJECTION VIAL -VEX,<NA>,1.0,pcs,0.0,795.0,300.0,495.0,834.00,jane,18027468016623001328,SALE
2023-05-26,20267,20266.0,40811509252,INSULIN SYRINGE TERUMO 29GX1/2G 1/21CC,<NA>,3.0,pcs,0.0,39.0,6.5,19.5,,jane,3665427187312874553,SALE
2023-05-26,20268,20267.0,4806504850136,HIDRASEC 100MG CAP,2025-04-01,6.0,pcs,0.0,289.5,43.69,27.36,579.50,jane,9917746552560946863,SALE
2023-05-26,20268,20267.0,8906045606936,PANTOBET PLUS (PANTOPRAZOLE+DOMPERIDONE) 40MG/30MG CAP,<NA>,10.0,pcs,0.0,290.0,16.0,130.0,,jane,5155950531378570650,SALE
2023-05-26,20269,20268.0,4806517790313,CARDIPRES (CARVEDILOL) 12.5MG FC TAB,2024-03-31,20.0,pcs,0.2,160.0,7.7,6.0,160.00,jane,9571810612953852384,SALE
2023-05-26,20270,20269.0,4800488099758,CARESS UNDERPADS L8,2025-01-01,1.0,pcs,0.0,161.5,146.73,14.77,161.50,jane,4828510638964371233,SALE
2023-05-26,20271,20270.0,4800331647051,TOBRADEX 3MG/1MG PER ML 5ML,<NA>,1.0,pcs,0.05,559.79,589.25,-29.46,559.79,jane,11633941975144564354,SALE
2023-05-26,20272,20271.0,4800488959236,CARESS ADULT DIAPER L2,<NA>,1.0,pcs,0.0,45.5,41.36,4.14,45.50,jane,8651176356628760329,SALE
2023-05-26,20273,20272.0,6920557238456,GENTAM (GENTAMICIN) 80MG/2ML (40MG/ML) 2ML AMP,2025-03-01,5.0,pcs,0.0,140.0,4.0,120.0,140.00,camille,5154509113401779894,SALE
2023-05-26,20274,20273.0,4806524145212,NASAL OXYGEN CANNULA ADULT (SURE-GUARD,<NA>,1.0,pcs,0.0,31.25,18.0,13.25,31.25,camille,66909062363251388,SALE
2023-05-26,20275,20274.0,8964001206316,MONTIGET (MONTELUKAST SODIUM) 5MG TAB,2024-02-29,2.0,pcs,0.0,43.8,19.83,4.14,60.30,camille,18399272970293560367,SALE
2023-05-26,20275,20274.0,4806524147131,EMICOX (CELECOXIB) 200MG,2023-08-01,3.0,pcs,0.0,16.5,1.47,12.08,,camille,1754973150192957346,SALE
2023-05-26,20276,20275.0,8996001600399,LE MINERALE 1.5ML,<NA>,2.0,pcs,0.0,60.0,17.6,24.8,60.00,camille,11395761021773735826,SALE
2023-05-26,20277,20276.0,49480917245,PARTNERS DIGITAL THERMOMETER,<NA>,1.0,pcs,0.0,95.0,60.0,35.0,95.00,camille,4755921162420290727,RETURN
2023-05-26,20278,20277.0,4800369000675,MUCOTUSS FORTE (PHENYLPROPANOLAMINE HCL + CHLORPHENIRAMINE MALEATE + PARACETAMOL + DEXTROMETHORPHAN,<NA>,10.0,pcs,0.0,67.5,5.98,7.7,67.50,camille,13906616255296185192,SALE
2023-05-26,20279,20278.0,4806527190189,ALLECUR (CETIRIZINE) 5MG/5MML 60ML SYR,2024-03-01,2.0,pcs,0.0,68.0,34.0,0.0,218.00,camille,14903638188478440118,SALE
2023-05-26,20279,20278.0,8995201800530,TEMPRA (PARACETAMOL) FORTE ORANGE 60ML,2023-11-01,1.0,pcs,0.0,150.0,130.56,19.44,,camille,7855533522034420840,SALE
2023-05-26,20280,20279.0,8851198028527,STREPSILS HONEY LEMON 8s,2026-01-19,1.0,pcs,0.0,70.5,62.24,8.26,70.50,camille,7689548543960284424,SALE
2023-05-26,20281,20280.0,4800011139401,EFFICASCENT RELAXSCENT OIL 3ML,2026-01-31,1.0,pcs,0.0,52.9,46.01,6.89,52.90,camille,966532053716635689,SALE
2023-05-26,20282,20281.0,11217688,SAPHETOR 90 TAB,<NA>,5.0,pcs,0.0,91.25,18.25,0.0,432.75,camille,11497429519684922920,SALE
2023-05-26,20282,20281.0,4807788530691,ALNIX PLUS SYR 5MG 60ML,2024-11-24,1.0,pcs,0.0,311.5,292.4,19.1,,camille,13056700926778316727,SALE
2023-05-26,20282,20281.0,4806534570240,CETRINOVA (CETIRIZINE) 10MG FC TAB,<NA>,10.0,pcs,0.0,30.0,0.36,26.4,,camille,7563365914248483390,SALE
2023-05-26,20283,20282.0,11217688,SAPHETOR 90 TAB,<NA>,5.0,pcs,0.0,91.25,18.25,0.0,91.25,camille,13040635146675545757,SALE
2023-05-26,20284,20283.0,4800602087937,WILKINS DISTILLED 1L,<NA>,2.0,pcs,0.0,60.0,30.0,0.0,60.00,camille,8833502541416732634,SALE
2023-05-26,20285,20284.0,4806502352397,SANICARE CLEANSING WIPES - ALOE 15 SHEETS,2024-02-14,1.0,pcs,0.0,34.5,27.56,6.94,105.00,camille,7094178243158815572,SALE
2023-05-26,20285,20284.0,8851198028527,STREPSILS HONEY LEMON 8s,2026-01-19,1.0,pcs,0.0,70.5,62.24,8.26,,camille,2936028974141288810,SALE
2023-05-26,20286,20285.0,4800369000675,MUCOTUSS FORTE (PHENYLPROPANOLAMINE HCL + CHLORPHENIRAMINE MALEATE + PARACETAMOL + DEXTROMETHORPHAN,<NA>,9.0,pcs,0.0,60.75,5.98,6.93,60.75,camille,752708979226523706,SALE
2023-05-26,20287,20286.0,6922748503015,BL CREAM 7G,2025-02-01,3.0,pcs,0.0,105.0,33.0,6.0,105.00,camille,8824810431769081815,SALE
2023-05-26,20288,20287.0,4807788580931,ALGINA (SODIUM ALGINATE) SUS,2024-04-29,1.0,pcs,0.0,27.0,25.74,1.26,27.00,camille,1580184007757581850,SALE
2023-05-26,20289,20288.0,4806511301218,REMEHIST (LORATADINE) 10MG TAB,2023-11-01,1.0,pcs,0.0,4.0,1.35,2.65,4.00,camille,8044917050481179058,SALE
2023-05-26,20290,20289.0,4800488958789,EQ DRY M 4&#039;S,<NA>,1.0,pcs,0.0,35.5,32.14,3.36,83.00,camille,8065930683013620838,SALE
2023-05-26,20290,20289.0,4806506318870,SISTERS PANTYLINER BLUE 8S,2025-09-01,1.0,pcs,0.0,10.0,9.03,0.98,,camille,6613199287259000167,SALE
2023-05-26,20290,20289.0,4800047820250,GREENCROSS 70% W/ MOIST 60ML,2025-09-30,1.0,pcs,0.0,22.5,16.72,5.78,,camille,5659159966457367250,SALE
2023-05-26,20290,20289.0,8996001600269,LE MINERALE 600ML,<NA>,1.0,pcs,0.0,15.0,9.2,5.8,,camille,6411460615788314786,SALE
2023-05-27,20291,20290.0,4806031903398,PHAREX VITAMIN (VITAMIN B1+B6+B12) 17+3 TAB NS,2023-10-31,6.0,pcs,0.0,433.5,65.64,39.68,478.00,camille,12074266326358039605,SALE
2023-05-27,20291,20290.0,4807788574305,URINORM (FEBUXOSTAT) 20MG TAB,2024-06-30,2.0,pcs,0.0,44.5,16.98,10.54,,camille,13569383642155061084,SALE
2023-05-27,20292,20291.0,4807788519733,ASMALINÂ® 2MG SYR 60ML,2024-07-31,1.0,pcs,0.0,134.0,121.61,12.39,225.00,camille,18400446098439077991,SALE
2023-05-27,20292,20291.0,4800488959878,NURSY BABY WIPES SCENTED 90&#039;S,2025-06-01,1.0,pcs,0.0,91.0,84.11,6.89,,camille,9094700220963479171,SALE
2023-05-27,20293,20292.0,4800488959236,CARESS ADULT DIAPER L2,<NA>,2.0,pcs,0.0,91.0,41.36,8.28,91.00,camille,16524456316679424067,SALE
2023-05-27,20294,20293.0,4806507831057,SILKA ORANGE PAPAYA WHITENING LOTION 50ML,2025-07-31,1.0,pcs,0.0,40.0,33.5,6.5,40.00,camille,1884127629505129465,SALE
2023-05-27,20295,20294.0,4806502351901,SANICARE BATHROOM TISSUE 1&#039;S,<NA>,1.0,pcs,0.0,18.5,15.16,3.34,18.50,camille,9830905439457841440,SALE
2023-05-27,20296,20295.0,4806517790597,SPIROFAR (SPIRONOLACTONE) 25MG TAB,2025-04-30,4.0,pcs,0.2,44.0,10.5,2.0,44.00,camille,17381815193856926155,SALE
2023-05-27,20297,20296.0,4806504653348,CORVELAM 800MG (SEVELAMER CARBONATE) TAB,2024-05-01,60.0,pcs,0.2,2040.0,30.54,207.6,"6,010.80",camille,3078881231358033519,SALE
2023-05-27,20297,20296.0,4806524781854,NEPHROMIN (KETOANALOGUES+ESSENTIAL AMINO ACIDS) TAB,2024-08-01,90.0,pcs,0.2,1440.0,14.0,180.0,,camille,16441524482363126295,SALE
2023-05-27,20297,20296.0,4806503121336,DIABEATS (GLIMEPERIDE) 2MG TAB,2024-02-01,15.0,pcs,0.2,42.0,1.2,24.0,,camille,15354798609383109026,SALE
2023-05-27,20297,20296.0,8904179014702,NOVASARTAN (LOSARTAN K) 50MG FC TAB,2025-02-01,60.0,pcs,0.2,120.0,2.5,-30.0,,camille,10187577128490313565,SALE
2023-05-27,20297,20296.0,4809013708738,FELOSTAL (FELODIPINE) 5MG TAB,<NA>,30.0,pcs,0.2,204.0,3.35,103.5,,camille,11812430287265383964,SALE
2023-05-27,20297,20296.0,4806520351105,FUSEDEX (FUROSEMIDE) 40MG TAB,<NA>,10.0,pcs,0.2,20.0,0.43,15.7,,camille,10309487214230025320,SALE
2023-05-27,20297,20296.0,8944164010272,CARVIDA (CARVEDILOL) 6.25MG TAB,2024-06-01,10.0,pcs,0.2,73.6,3.0,43.6,,camille,4189776677338714636,SALE
2023-05-27,20297,20296.0,4806527192664,ENOCEE (ASCORBIC ACID) 500MG TAB,2024-04-01,20.0,pcs,0.2,28.64,0.42,20.24,,camille,16220916529201931385,SALE
2023-05-27,20297,20296.0,1900010021,SAPHLOPID (CLOPIDOGREL) 75MG TAB,2024-10-01,30.0,pcs,0.2,139.2,1.11,105.75,,camille,5862884160702136092,SALE
2023-05-27,20297,20296.0,4800292173026,GLYXAMBI FC (EMPAGLIFLOZIN + LINAGLIPTIN) 25MG/5MG TAB,2025-08-01,5.0,pcs,0.2,388.0,87.4,-49.0,,camille,6096642094847404651,SALE
2023-05-27,20297,20296.0,58289945,ATORSAPH-40 (ATORVASTATIN) 40MG FC TAB,2024-12-01,15.0,pcs,0.2,78.0,1.9,49.5,,camille,12872986196223889452,SALE
2023-05-27,20297,20296.0,4806504656479,VESSEL DUE-F 250 LSU (SULODEXIDE,2024-01-01,30.0,pcs,0.2,1437.36,54.0,-182.64,,camille,9078778116407605792,SALE
2023-05-27,20298,20297.0,4801981119981,WILKINS PURE 1L,<NA>,3.0,pcs,0.0,90.0,20.16,29.52,90.00,camille,16288679756201717451,SALE
2023-05-27,20299,20298.0,4806504260614,APPEVIT (BUCLIZINE HCL+B-COMPLEX+IRON) CAP,2024-09-01,10.0,pcs,0.2,120.0,13.5,-15.0,120.00,camille,18179452684874377638,SALE
2023-05-27,20300,20299.0,4800488070283,CARESS ADULT DIAPER XL10,2025-02-01,3.0,pcs,0.0,941.25,285.05,86.1,"1,932.28",camille,4205559386379224956,SALE
2023-05-27,20300,20299.0,4800488958888,CARESS UNDERPADS XL8,2025-06-01,3.0,pcs,0.0,503.25,152.34,46.23,,camille,15086065282424942817,SALE
2023-05-27,20300,20299.0,745110103509,ALCOSURE ISOPROPYL ALC 70% 500ML,<NA>,1.0,pcs,0.0,80.0,80.0,0.0,,camille,6324068793123085655,SALE
2023-05-27,20300,20299.0,10870188414,GLOMED LATEX GLOVES LARGE,<NA>,1.0,pcs,0.0,339.28,273.57,65.71,,camille,17146546101611051407,SALE
2023-05-27,20300,20299.0,4800488959328,NURSY BABY WIPES SCENTED 66&#039;S,2025-03-18,1.0,pcs,0.0,68.5,59.35,9.15,,camille,14370697287408478270,SALE
2023-05-27,20301,20300.0,4806529302191,PURE PROTECT NATURAL SANITIZER 70% 500ML,<NA>,2.0,pcs,0.5,161.0,136.82,-112.64,161.00,camille,6286108609491887058,SALE
2023-05-27,20302,20301.0,4806504260614,APPEVIT (BUCLIZINE HCL+B-COMPLEX+IRON) CAP,2024-09-01,20.0,pcs,0.2,240.0,13.5,-30.0,264.00,camille,8363046194695175636,SALE
2023-05-27,20302,20301.0,4806534570240,CETRINOVA (CETIRIZINE) 10MG FC TAB,<NA>,10.0,pcs,0.2,24.0,0.36,20.4,,camille,13049949919196697462,SALE
2023-05-27,20303,20302.0,4806504653348,CORVELAM 800MG (SEVELAMER CARBONATE) TAB,2024-05-01,12.0,pcs,0.2,408.0,30.54,41.52,453.00,camille,14515104282494578410,SALE
2023-05-27,20303,20302.0,8996001600399,LE MINERALE 1.5ML,<NA>,1.0,pcs,0.0,30.0,17.6,12.4,,camille,4561488198680198293,SALE
2023-05-27,20303,20302.0,8996001600269,LE MINERALE 600ML,<NA>,1.0,pcs,0.0,15.0,9.2,5.8,,camille,4742423984302832495,SALE
2023-05-27,20304,20303.0,4806532560014,CAD3 FS 600MG/200IU TAB,2024-12-31,30.0,pcs,0.0,234.0,6.5,39.0,234.00,camille,9979723416865091371,SALE
2023-05-27,20305,20304.0,4806532560014,CAD3 FS 600MG/200IU TAB,2024-12-31,30.0,pcs,0.0,234.0,6.5,39.0,481.50,camille,4436651050159489867,SALE
2023-05-27,20305,20304.0,4800369000545,TERRAFERON (FERROUS SULFATE + FOLIC ACID + B-COMPLEX + NICOTINAMIDE) CAP,2023-11-30,30.0,pcs,0.0,247.5,7.27,29.35,,camille,1186993657980807501,SALE
2023-05-27,20306,20305.0,1900010113,INHIBITA (OMEPRAZOLE) 40MG EC TAB,2024-04-01,10.0,pcs,0.0,90.0,3.6,54.0,90.00,camille,14865415163384256628,SALE
2023-05-27,20307,20306.0,4806524141092,PHILSTAT (SIMVASTATIN) 20MG FILM COATED TAB,2023-06-01,8.0,pcs,0.0,28.0,0.7,22.4,28.00,camille,3365211203823853495,SALE
2023-05-27,20308,20307.0,4800307101044,KLARYTH (CLARITHROMYCIN) 250MG/5ML SUSP 70ML,2024-11-30,1.0,pcs,0.0,1156.0,1156.0,0.0,"1,156.00",camille,11050731107809941436,SALE
2023-05-27,20309,20308.0,4800888147219,AXE ROLL-ON DARK TEMPTATION 40ML,2024-08-31,1.0,pcs,0.0,132.75,110.5,22.25,173.75,camille,287456732425577935,SALE
2023-05-27,20309,20308.0,4806501283159,WHITE FLOWER AC#5 1.5ML,2027-07-31,1.0,pcs,0.0,41.0,35.73,5.27,,camille,6511142397484959012,SALE
2023-05-27,20310,20309.0,4800261123755,ISORE OPHTALMIC SOLUTION 5ML,<NA>,1.0,pcs,0.0,172.5,93.0,79.5,172.50,camille,12713040860710435011,SALE
2023-05-27,20311,20310.0,4800011139401,EFFICASCENT RELAXSCENT OIL 3ML,2026-01-31,1.0,pcs,0.0,52.9,46.01,6.89,52.90,camille,1830621871184536842,SALE
2023-05-27,20312,20311.0,29253999,CEFUSAPH (CEFUROXIME AXETIL) 500MG FC TAB,2024-10-01,14.0,pcs,0.0,392.0,28.0,0.0,392.00,camille,16515025571213962366,SALE
2023-05-27,20313,20312.0,4800348112740,NATRAVOX (CO-AMOXICLAV) 457MG/5ML 70ML,2024-07-31,1.0,pcs,0.0,367.5,510.36,-142.86,367.50,camille,11629413029757937950,SALE
2023-05-27,20314,20313.0,8996001600375,LE MINERALE 330ML,<NA>,1.0,pcs,0.0,11.0,6.33,4.67,33.50,camille,5780448231598447953,SALE
2023-05-27,20314,20313.0,4800047820250,GREENCROSS 70% W/ MOIST 60ML,2025-09-30,1.0,pcs,0.0,22.5,16.72,5.78,,camille,18074250242968668455,SALE
2023-05-27,20315,20314.0,4806524145663,SURE-GUARD DISPOSABLE SYRINGE 3CC,2026-05-02,1.0,pcs,0.0,6.0,2.13,3.87,6.00,camille,7991084469318651652,SALE
2023-05-27,20316,20315.0,8851198028527,STREPSILS HONEY LEMON 8s,2026-01-19,1.0,pcs,0.0,70.5,62.24,8.26,105.00,camille,6786471738665059269,SALE
2023-05-27,20316,20315.0,4806502352397,SANICARE CLEANSING WIPES - ALOE 15 SHEETS,2024-02-14,1.0,pcs,0.0,34.5,27.56,6.94,,camille,17106884208826520333,SALE
2023-05-27,20317,20316.0,6582773211,STRESS BALL,<NA>,1.0,pcs,0.0,30.0,25.0,5.0,30.00,camille,17855108648234545889,SALE
2023-05-27,20318,20317.0,4800153953828,ROBITUSSIN L-GEL (GUAIFENESIN) 200MG CAP,2024-02-29,1.0,pcs,0.0,13.25,10.78,2.47,13.25,camille,1734793012744465538,SALE
2023-05-27,20319,20318.0,4807788402202,GLUMET (METFORMIN HCI) 500MG TAB,2024-10-01,30.0,pcs,0.2,288.0,9.19,12.41,288.00,camille,17932982058317350907,SALE
2023-05-27,20320,20319.0,4806502352397,SANICARE CLEANSING WIPES - ALOE 15 SHEETS,2024-02-14,1.0,pcs,0.0,34.5,27.56,6.94,34.50,camille,16889230841307577253,SALE
2023-05-27,20321,20320.0,4806518661209,KETESSE (DEXKETOPROFEN) 25MG TAB,2024-09-01,10.0,pcs,0.0,339.0,28.9,50.02,552.00,camille,2020339917925909858,SALE
2023-05-27,20321,20320.0,8904159620923,FEBUDAY-40 (FEBUXOSTAT) 40MG TAB,2024-10-31,12.0,pcs,0.0,213.0,11.09,79.87,,camille,299196625053378810,SALE
2023-05-27,20322,20321.0,29314057013711,DEQUADIN LOZENGES (DEQUALINIUM CHLORIDE) ORANGE,2025-08-31,20.0,pcs,0.0,110.0,4.76,14.78,110.00,camille,6687004974991704617,SALE
2023-05-27,20323,20322.0,4806033302731,RM COLCHICINE 500MG,2023-08-31,6.0,pcs,0.2,19.3,3.39,-1.02,523.80,camille,13101332007085842700,SALE
2023-05-27,20323,20322.0,4807788558657,URINORM (FEBUXOSTAT) 40MG TAB,2024-01-10,14.0,pcs,0.2,334.99,30.21,-87.96,,camille,12195203664077533788,SALE
2023-05-27,20323,20322.0,4806518661209,KETESSE (DEXKETOPROFEN) 25MG TAB,2024-09-01,7.0,pcs,0.2,169.51,28.9,-32.78,,camille,17189068457370326625,SALE
2023-05-27,20324,20323.0,8901067035221,WEPOX 4000IU/ML SYR 1ML,<NA>,1.0,pcs,0.0,750.0,650.0,100.0,750.00,camille,11867026900780589183,SALE
2023-05-27,20325,20324.0,8996001600269,LE MINERALE 600ML,<NA>,1.0,pcs,0.0,15.0,9.2,5.8,15.00,camille,16864676637309856266,SALE
2023-05-27,20326,20325.0,48037617,APOLLO SEBO DE MACHO 10G,2025-03-31,1.0,pcs,0.0,28.5,25.3,3.2,28.50,camille,5369374062155947808,SALE
2023-05-27,20327,20326.0,4806522630642,INTERPHIL (IRBESARTAN) 300MG TAB,2024-02-01,3.0,pcs,0.2,37.2,7.75,13.95,204.20,camille,15989983125512109845,SALE
2023-05-27,20327,20326.0,4800292161016,TRAJENTA (LINAGLIPTIN) 5MG TAB,2025-07-01,3.0,pcs,0.2,120.0,50.0,-30.0,,camille,9114566919698242781,SALE
2023-05-27,20327,20326.0,4806524781045,FELOSTAL ER-10 (FELODIPINE) 10MG ER TAB,2024-05-01,5.0,pcs,0.2,47.0,5.25,20.75,,camille,17107413818255121690,SALE
2023-05-27,20328,20327.0,43182085938,GLOMED LATEX GLOVES MEDIUM,2027-07-06,1.0,pcs,0.0,339.28,220.0,119.28,339.28,camille,7326471535230140279,SALE
2023-05-27,20329,20328.0,59646549,SAPHORBIDE 30MG PR TAB,<NA>,6.0,pcs,0.2,39.6,3.65,17.7,194.92,camille,14150112348387871428,SALE
2023-05-27,20329,20328.0,4806530220309,DUOTRAM (PARA + TRAMA HCL) 325MG/37.5MG TAB,<NA>,5.0,pcs,0.2,49.12,2.55,36.37,,camille,4984503994254468712,SALE
2023-05-27,20329,20328.0,99786007,TROMBOCIL (CILOSTAZOL) 50MG,2024-05-01,3.0,pcs,0.2,106.2,26.67,26.19,,camille,6077513843756473476,SALE
2023-05-27,20330,20329.0,4807788408853,ALNIX (CETIRIZINE) 10MG TAB,2025-03-27,10.0,pcs,0.0,306.0,27.52,30.8,306.00,camille,9956618130578504329,SALE
2023-05-27,20331,20330.0,4806524147131,EMICOX (CELECOXIB) 200MG,2023-08-01,4.0,pcs,0.0,22.0,1.47,16.1,22.00,camille,11129229097776400797,SALE
2023-05-27,20332,20331.0,48038355,OFF KIDS 50ML,2025-11-19,1.0,pcs,0.0,102.0,89.55,12.45,177.00,camille,3834991714924405785,SALE
2023-05-27,20332,20331.0,4800135010853,GYNEPRO 60ML +MODESS SET,2023-12-30,1.0,pcs,0.0,75.0,67.39,7.61,,camille,14148356457096819868,SALE
2023-05-27,20333,20332.0,4807788561688,BIOGESIC (PARACETAMOL) 500MG TAB,2026-03-01,20.0,pcs,0.0,85.0,3.65,12.01,85.00,camille,8971418992341000908,SALE
2023-05-27,20334,20333.0,4806502351901,SANICARE BATHROOM TISSUE 1&#039;S,<NA>,1.0,pcs,0.0,18.5,15.16,3.34,18.50,camille,3330657975009794608,SALE
2023-05-27,20335,20334.0,4800011132945,EFFICASCENT EXTREME 100ML,<NA>,1.0,pcs,0.0,130.0,112.7,17.3,130.00,camille,16399534687014985588,SALE
2023-05-27,20336,20335.0,4801981119981,WILKINS PURE 1L,<NA>,1.0,pcs,0.0,30.0,20.16,9.84,30.00,camille,16064098943656547900,SALE
2023-05-27,20337,20336.0,6100010004,GAUZE PAD 4X4 TRUCARE,2026-11-01,1.0,pcs,0.0,4.46,1.78,2.68,69.50,camille,13013706073959687984,SALE
2023-05-27,20337,20336.0,4806526296813,GAUZE PAD 3X3 STERILE (PARTNERS,2026-04-01,1.0,pcs,0.0,3.29,1.75,1.54,,camille,16329356593673188167,RETURN
2023-05-27,20337,20336.0,48035880,BETADINE (POVIDONE IODINE) WOUND SOLUTION 7.5ML,2026-12-31,1.0,pcs,0.0,36.75,34.4,2.35,,camille,15708728050633285992,SALE
2023-05-27,20337,20336.0,79206034723,MICROPORE 1/2 INCH,2026-05-01,1.0,pcs,0.0,25.0,17.5,7.5,,camille,14392708398537308143,SALE
2023-05-27,20338,20337.0,4807788079466,KREMIL S (ALUMINUM HYDROXIDE + MAGNESIUM HYDROXIDE + SIMETICONE) TAB,2025-10-02,1.0,pcs,0.0,8.0,6.69,1.31,8.00,camille,7218679723629661433,SALE
2023-05-27,20339,20338.0,4806529302191,PURE PROTECT NATURAL SANITIZER 70% 500ML,<NA>,12.0,pcs,0.5,966.0,136.82,-675.83,"1,713.00",camille,9859872239513139602,SALE
2023-05-27,20339,20338.0,4806502352397,SANICARE CLEANSING WIPES - ALOE 15 SHEETS,2024-02-14,12.0,pcs,0.0,414.0,27.56,83.28,,camille,1461201089246801840,SALE
2023-05-27,20339,20338.0,4806502352588,FEMME FACIAL TISSUE UNSCENTED,<NA>,12.0,pcs,0.0,333.0,23.04,56.52,,camille,17163335767140779179,SALE
2023-05-27,20340,20339.0,4801981119981,WILKINS PURE 1L,<NA>,6.0,pcs,0.0,180.0,20.16,59.03,180.00,camille,5290594904186844189,SALE
2023-05-27,20341,20340.0,4801981119981,WILKINS PURE 1L,<NA>,1.0,pcs,0.0,30.0,20.16,9.84,30.00,camille,16852011396587665315,SALE
2023-05-27,20342,20341.0,4801981107971,WILKINS PURE 500ML,<NA>,1.0,pcs,0.0,18.0,9.38,8.63,18.00,camille,47491819171943486,SALE
2023-05-27,20343,20342.0,4806033305480,RM LOSARTAN 50MG TAB,2024-12-01,30.0,pcs,0.0,384.0,20.2,-222.03,"1,366.50",camille,4085274194639585773,SALE
2023-05-27,20343,20342.0,4806504260614,APPEVIT (BUCLIZINE HCL+B-COMPLEX+IRON) CAP,2024-09-01,30.0,pcs,0.0,450.0,13.5,45.0,,camille,8283510583523684508,SALE
2023-05-27,20343,20342.0,8904159620923,FEBUDAY-40 (FEBUXOSTAT) 40MG TAB,2024-10-31,30.0,pcs,0.0,532.5,11.09,199.69,,camille,10895839598819872051,SALE
2023-05-27,20344,20343.0,72574300,TUDOR MACRO & INFUSION SET1ML=60GTT ADULT,<NA>,1.0,pcs,0.0,25.0,15.0,10.0,25.00,camille,4242574091653398845,SALE
2023-05-27,20345,20344.0,4807788524881,CEFALIN (CEFALEXIN) 250MG SUSP 60ML,2024-06-05,1.0,pcs,0.0,309.5,257.75,51.75,364.50,camille,4402829906068596550,SALE
2023-05-27,20345,20344.0,4806523301879,EXEL (CEFALEXIN) 250MG SUSP 60ML,2025-05-31,1.0,pcs,0.0,55.0,22.0,33.0,,camille,17073970510796907351,SALE
2023-05-27,20346,20345.0,74329007,KING MED DISPOSABLE SYRINGE 10CC,<NA>,1.0,pcs,0.0,8.0,3.5,4.5,8.00,camille,566828810646678195,SALE
2023-05-27,20347,20346.0,4800064610414,TRUST PILLS (ETHINYL ESTRADIOL + LEVONORGESTREL,2024-09-01,1.0,pcs,0.0,49.25,45.47,3.78,99.25,camille,17262138587111804618,SALE
2023-05-27,20347,20346.0,4800046000738,VIVALYTE E-DRINK APPLE 250ML,2026-03-24,1.0,pcs,0.0,50.0,41.47,8.53,,camille,16626567579113968237,SALE
2023-05-27,20348,20347.0,4806526296800,GAUZE PAD 2X2 (PARTNERS,<NA>,1.0,pcs,0.0,3.0,1.2,1.8,92.43,camille,2875175000498547352,RETURN
2023-05-27,20348,20347.0,88124903602,MICROPORE 1 INCH,2024-12-29,1.0,pcs,0.0,52.68,43.87,8.81,,camille,11658207204774976602,SALE
2023-05-27,20349,20348.0,4800067122068,CLEENE CLIO TBRUSH ECONOMY,2032-02-20,2.0,pcs,0.0,30.0,11.25,7.5,30.00,camille,2877915068899793557,SALE
2023-05-27,20350,20349.0,4807788519177,BIOGESIC (PARACETAMOL) 250MG/5ML ORANGE 60ML,<NA>,1.0,pcs,0.0,134.0,121.74,12.26,168.50,camille,6044670662474810144,SALE
2023-05-27,20351,20350.0,4801010107309,JOHNSONS COOLING BABY POWDER 200G,<NA>,1.0,pcs,0.0,99.25,89.95,9.3,99.25,camille,9589148177717987979,SALE
2023-05-27,20352,20351.0,4800153300677,ADVIL LIQUIGEL (IBUPROFEN) CAP,2024-10-31,2.0,pcs,0.0,17.2,7.67,1.86,17.20,camille,2482402309574796113,SALE
2023-05-27,20353,20352.0,4806502352380,SANICARE CLEANSING WIPES - ALOE 80 SHEETS,2024-07-27,1.0,pcs,0.0,108.0,89.25,18.75,225.25,camille,17070329398689857215,SALE
2023-05-27,20353,20352.0,4806502351901,SANICARE BATHROOM TISSUE 1&#039;S,<NA>,1.0,pcs,0.0,18.5,15.16,3.34,,camille,7009895719906686046,SALE
2023-05-27,20353,20352.0,4800047820182,GREENCROSS 70% W/ MOIST 500ML,2025-05-01,1.0,pcs,0.0,98.75,85.43,13.32,,camille,3523200129601723401,SALE
2023-05-27,20354,20353.0,4800046000738,VIVALYTE 250ML APPLE,2025-06-17,1.0,pcs,0.0,50.0,41.47,8.53,365.15,camille,8935278330222271102,SALE
2023-05-27,20354,20353.0,4809010508898,MILCU DEO POWDER 40G,2026-03-01,1.0,pcs,0.0,54.75,80.05,-25.3,,camille,11761343203294327448,SALE
2023-05-27,20354,20353.0,500001000123,I-SHIELD ICE BAG 6&#039;,<NA>,1.0,pcs,0.0,144.9,69.0,75.9,,camille,48460487201902017,SALE
2023-05-27,20354,20353.0,4806526297490,HOT WATER BAG 500ML,<NA>,1.0,pcs,0.0,115.5,55.0,60.5,,camille,6923680106098333553,SALE
2023-05-27,20355,20354.0,4806511300327,ZEBET (GLICLAZIDE) 80MG TAB,2024-12-01,20.0,pcs,0.0,125.0,1.15,102.0,125.00,camille,6188984757057399380,SALE
2023-05-27,20356,20355.0,4807788580931,ALGINA (SODIUM ALGINATE) SUS,2024-04-29,1.0,pcs,0.0,27.0,25.74,1.26,27.00,camille,11615277176406105316,SALE
2023-05-27,20357,20356.0,86544771,ROSUSAPH-10 (ROSUVASTATIN) 10MG FC TAB,2025-03-01,20.0,pcs,0.0,155.0,3.1,93.0,155.00,camille,2078789432585990590,SALE
2023-05-27,20358,20357.0,4800292103047,CATAPRES TAB (ETHYL ALC) 75MCG,2024-11-30,4.0,pcs,0.0,152.0,30.2,31.2,152.00,camille,12817334739229788913,SALE
2023-05-27,20359,20358.0,4800153953828,ROBITUSSIN L-GEL (GUAIFENESIN) 200MG CAP,2024-02-29,9.0,pcs,0.0,119.25,10.78,22.23,119.25,camille,8355278748312726457,SALE
2023-05-27,20360,20359.0,4800135005217,GYNEPRO ULTRA PRO FEM WASH 150ML,<NA>,1.0,pcs,0.0,168.02,151.37,16.65,327.52,camille,5102254486085760511,SALE
2023-05-27,20360,20359.0,4806517213096,AFICIONADO COOL FANCY RED 55ML,2026-03-03,1.0,pcs,0.0,53.0,44.19,8.81,,camille,4437135397185130488,SALE
2023-05-27,20360,20359.0,8717163616444,DOVE WHITE BEAUTY BAR 135G,2025-02-28,1.0,pcs,0.0,78.0,0.0,78.0,,camille,15621337505025740149,SALE
2023-05-27,20360,20359.0,4800488100089,CHARMEE BREATHABLE PANTY LINER GREEN 20&#039;S,2025-06-25,1.0,pcs,0.0,28.5,25.08,3.42,,camille,3216464023919347410,SALE
2023-05-27,20361,20360.0,4902430951357,SAFEGUARD FLORAL PINK W/ ALOE 60G,<NA>,1.0,pcs,0.0,19.8,19.25,0.55,36.80,camille,14850766403010286819,SALE
2023-05-27,20361,20360.0,4806507832481,SILKA ORANGE PAPAYA SOAP 65G,2025-09-30,1.0,pcs,0.0,17.0,15.44,1.56,,camille,10049222365365350661,SALE
2023-05-27,20362,20361.0,4800047820243,GREENCROSS 70% SOLUTION W/ MOIST 150ML,2025-05-31,1.0,pcs,0.0,37.75,29.41,8.34,37.75,camille,16378272591646533157,SALE
2023-05-28,20363,20362.0,4800332237633,DALACIN C (CLINDAMYCIN) 300MG CAP,2024-07-31,6.0,pcs,0.0,562.5,86.06,46.14,562.50,jane,18032999775849687447,SALE
2023-05-28,20364,20363.0,4806502351901,SANICARE BATHROOM TISSUE 1&#039;S,<NA>,1.0,pcs,0.0,18.5,15.16,3.34,44.50,jane,9179391294086779419,SALE
2023-05-28,20364,20363.0,4801288820504,HAPPY ABSORBENT COTTON 40G,2025-11-30,1.0,pcs,0.0,26.0,17.56,8.44,,jane,7768917340979946839,SALE
2023-05-28,20365,20364.0,4800047860706,GREENCROSS 40% W/ MOIST 500ML,2025-05-31,1.0,pcs,0.0,75.0,68.17,6.83,75.00,jane,12112271093548332457,SALE
2023-05-28,20366,20365.0,4800488070450,EQ COLOR M 4&#039;S,<NA>,1.0,pcs,0.0,26.0,23.57,2.43,26.00,jane,7401821296135382921,SALE
2023-05-28,20367,20366.0,48032742,JOHNSONS WHITE BABY POWDER 25G,2025-08-01,1.0,pcs,0.0,14.0,12.63,1.37,14.00,jane,5620018898363456320,SALE
2023-05-28,20368,20367.0,8996001600269,LE MINERALE 600ML,<NA>,2.0,pcs,0.0,30.0,9.2,11.6,30.00,jane,6019244929270996067,SALE
2023-05-28,20369,20368.0,8904172922233,MONTI PLUS (MONTELUKAST + LEVOCITIRIZINE) 10/5MG TAB,2024-02-29,4.0,pcs,0.0,106.0,23.73,11.08,106.00,jane,6662088799696403471,SALE
2023-05-28,20370,20369.0,4987176013491,VICKS INHALER KEY CHAIN,2023-11-01,1.0,pcs,0.0,96.0,87.21,8.79,96.00,jane,13938260059567469709,SALE
2023-05-28,20371,20370.0,72574300,TUDOR MACRO & INFUSION SET1ML=60GTT ADULT,<NA>,4.0,pcs,0.0,100.0,15.0,40.0,100.00,jane,4663314816580240095,SALE
2023-05-28,20372,20371.0,8904179014702,NOVASARTAN (LOSARTAN K) 50MG FC TAB,2025-02-01,40.0,pcs,0.0,100.0,2.5,0.0,100.00,jane,8636795364520679337,SALE
2023-05-28,20373,20372.0,4806502160541,SANICARE COTTON BUDS 400 STEM,<NA>,1.0,pcs,0.0,38.0,33.8,4.2,38.00,jane,8285395098661802983,SALE
2023-05-28,20374,20373.0,4801002903568,GAVISCON TABLET,<NA>,5.0,pcs,0.0,81.25,13.71,12.72,81.25,jane,10964731953141395671,SALE
2023-05-28,20375,20374.0,4806031903398,PHAREX VITAMIN (VITAMIN B1+B6+B12) 17+3 TAB NS,2024-08-30,1.0,pcs,0.0,72.25,65.64,6.61,72.25,jane,5597119790887281635,SALE
2023-05-28,20376,20375.0,8996001600269,LE MINERALE 600ML,<NA>,1.0,pcs,0.0,15.0,9.2,5.8,15.00,jane,15783323541157291995,SALE
2023-05-28,20377,20376.0,4801981119981,WILKINS PURE 1L,<NA>,1.0,pcs,0.0,30.0,20.16,9.84,45.00,jane,12227192854653504390,SALE
2023-05-28,20377,20376.0,8996001600269,LE MINERALE 600ML,<NA>,1.0,pcs,0.0,15.0,9.2,5.8,,jane,3335680237232672345,SALE
2023-05-28,20378,20377.0,8996001600399,LE MINERALE 1.5ML,<NA>,1.0,pcs,0.0,30.0,17.6,12.4,30.00,jane,4709651265395226298,SALE
2023-05-28,20379,20378.0,4806529302191,PURE PROTECT NATURAL SANITIZER 70% 500ML,<NA>,2.0,pcs,0.5,161.0,136.82,-112.64,260.00,jane,10021828436414271085,SALE
2023-05-28,20379,20378.0,8995201800479,TEMPRA 120MG SYRUP 60ML (ORANGE,2025-02-01,1.0,pcs,0.0,99.0,90.39,8.61,,jane,3121620033359011471,SALE
2023-05-28,20380,20379.0,48038379,OFF KIDS 6ML SAC,2025-11-30,1.0,pcs,0.0,9.5,7.55,1.95,9.50,jane,6186406204271329925,SALE
2023-05-28,20381,20380.0,8964001206040,CELCOXX CAP 400MG,<NA>,1.0,pcs,0.0,49.25,40.5,8.75,49.25,jane,3042579215853661389,SALE
2023-05-28,20382,20381.0,74329007,KING MED DISPOSABLE SYRINGE 10CC,<NA>,2.0,pcs,0.0,16.0,3.5,9.0,16.00,jane,694205288610951079,SALE
2023-05-28,20383,20382.0,4800153953828,ROBITUSSIN L-GEL (GUAIFENESIN) 200MG CAP,2024-02-29,1.0,pcs,0.0,13.25,10.78,2.47,13.25,jane,17064192944830684043,SALE
2023-05-28,20384,20383.0,4800348114423,KELTICAN (URIDINE + VIT. B12 + FOLIC ACID) CAP,2024-12-30,10.0,pcs,0.0,280.0,25.14,28.6,280.00,jane,13570748408809179720,SALE
2023-05-28,20385,20384.0,4806511300273,HOVICOR (HYDROCORTISONE) CREAM 15G,2024-01-01,1.0,pcs,0.0,225.0,90.0,135.0,225.00,jane,8643108507488096610,SALE
2023-05-28,20386,20385.0,4807788561688,BIOGESIC (PARACETAMOL) 500MG TAB,2026-10-29,2.0,pcs,0.0,8.5,3.65,1.2,25.00,jane,9203934120117397767,SALE
2023-05-28,20386,20385.0,4800346000179,IMODIUM (LOPERAMIDE) 2MG CAP,2027-06-30,1.0,pcs,0.0,16.5,14.2,2.3,,jane,2090435376844357397,SALE
2023-05-29,20387,20386.0,4806502350034,SANICARE COTTON BUDS 200 STEM,<NA>,1.0,pcs,0.0,19.5,16.18,3.32,19.50,camille,8361321830724601601,SALE
2023-05-29,20388,20387.0,78901964,AZISAPH (AZITHROMYCIN) 500MG TAB,2024-09-01,3.0,pcs,0.0,53.25,5.7,36.16,53.25,camille,14858047233405070639,SALE
2023-05-29,20389,20388.0,4800281329632,FLANAX FORTE 550MG TAB,<NA>,2.0,pcs,0.0,46.5,20.87,4.77,46.50,camille,14632577563892455979,SALE
2023-05-29,20390,20389.0,40811509252,INSULIN SYRINGE TERUMO 29GX1/2G 1/21CC,<NA>,1.0,pcs,0.0,13.0,6.5,6.5,19.00,camille,13672236170556163910,SALE
2023-05-29,20390,20389.0,4806524145663,SURE-GUARD DISPOSABLE SYRINGE 3CC,2026-05-02,1.0,pcs,0.0,6.0,2.13,3.87,,camille,4383184569266598597,SALE
2023-05-29,20391,20390.0,4806502351901,SANICARE BATHROOM TISSUE 1&#039;S,<NA>,1.0,pcs,0.0,18.5,15.16,3.34,18.50,camille,9904871578593138357,SALE
2023-05-29,20392,20391.0,4806534570240,CETRINOVA (CETIRIZINE) 10MG FC TAB,<NA>,10.0,pcs,0.0,30.0,0.36,26.4,92.50,camille,4064488883247864295,SALE
2023-05-29,20392,20391.0,4807788545121,MEDICOL ADVANCE 400MG (IBUPROFEN,2023-09-18,5.0,pcs,0.0,62.5,10.94,7.82,,camille,6728779233119636477,SALE
2023-05-29,20393,20392.0,8904159620923,FEBUDAY-40 (FEBUXOSTAT) 40MG TAB,2024-10-31,1.0,pcs,0.0,17.75,11.09,6.66,17.75,camille,8930579838068157250,SALE
2023-05-29,20394,20393.0,4806520351105,FUSEDEX (FUROSEMIDE) 40MG TAB,<NA>,1.0,pcs,0.0,2.5,0.43,2.07,2.50,camille,1674840687775808542,SALE
2023-05-29,20395,20394.0,4800136730019,ERCEFLORA (BASILLUS CLAUSII) ORAL SOLUTION 5ML,2024-03-31,5.0,pcs,0.0,205.0,40.1,4.51,205.00,camille,14936363546068030639,SALE
2023-05-29,20396,20395.0,4807788658975,DECOLGEN NO DROWSE (PHENYLEPROPANOLAMINE HCI + PARACETAMOL,<NA>,10.0,pcs,0.0,75.0,6.38,11.2,75.00,camille,15024977889391328526,SALE
2023-05-29,20397,20396.0,4807788561688,BIOGESIC (PARACETAMOL) 500MG TAB,2026-03-01,1.0,pcs,0.0,4.25,3.65,0.6,4.25,camille,9865932287025132116,SALE
2023-05-29,20398,20397.0,8904198504086,VALVEX-A (AMLODIPINE + VALSARTAN) 160MG/5MG,<NA>,10.0,pcs,0.2,334.4,38.0,-45.6,349.76,camille,16064110557529630974,SALE
2023-05-29,20398,20397.0,4806520083242,LQUIN (LEVOFLOXACIN) 500MG TAB,2025-01-01,2.0,pcs,0.2,15.36,4.3,6.76,,camille,12497089767736083822,SALE
2023-05-29,20399,20398.0,1900010249,MELOTAB (MELOXICAM) 15MG TAB,2024-11-01,10.0,pcs,0.0,35.0,1.2,23.0,77.50,camille,9644936923307067787,SALE
2023-05-29,20399,20398.0,4807788561688,BIOGESIC (PARACETAMOL) 500MG TAB,2026-10-01,10.0,pcs,0.0,42.5,3.65,6.01,,camille,6452208071089658196,SALE
2023-05-29,20400,20399.0,4806504652587,ALANERV 920MG CAP,<NA>,10.0,pcs,0.0,892.5,81.0,82.5,892.50,camille,6331652241350814160,SALE
2023-05-29,20401,20400.0,4806530220309,DUOTRAM (PARA + TRAMA HCL) 325MG/37.5MG TAB,<NA>,10.0,pcs,0.2,110.0,2.55,84.5,110.00,camille,9131621695837422808,SALE
2023-05-29,20402,20401.0,4806037100029,IRBEQ 150 (IRBESARTAN) 150MG TAB,<NA>,10.0,pcs,0.0,110.0,4.45,65.5,173.75,camille,11742857195504435056,SALE
2023-05-29,20402,20401.0,48035156,EFFICASCENT OIL EXTRA STRENGTH (METHYLSALICYLATE CHAMPOR + MENTHOL) 25ML,2027-10-31,1.0,pcs,0.0,34.0,29.5,4.5,,camille,10638828549695694748,SALE
2023-05-29,20402,20401.0,4806518970462,HEPATEK (CARNITINE OROTATE+SILYMARIN+VIT B+ZINC) CAP,2024-10-01,1.0,pcs,0.0,29.75,24.64,5.11,,camille,2715166155536565593,SALE
2023-05-29,20403,20402.0,4806518970202,NORMIX (RIFAXIMIN) 200MG FCT,<NA>,10.0,pcs,0.2,640.0,65.83,-18.34,735.00,camille,3038768907998484037,SALE
2023-05-29,20403,20402.0,4806521160782,ATENURIX (FEBUXOSTAT) 40MG FCT,2025-12-31,5.0,pcs,0.2,95.0,20.31,-6.55,,camille,5257429103110205505,SALE
2023-05-29,20404,20403.0,4806517790252,ICOX (CELCOXIB) 200MG CAP,2025-05-01,10.0,pcs,0.0,240.0,23.65,3.48,240.00,camille,10077510805185479356,SALE
2023-05-29,20405,20404.0,4806517790177,OMEGA GOLD CAP,2025-05-22,10.0,pcs,0.05,308.75,26.54,43.35,434.75,camille,326504652934453859,SALE
2023-05-29,20405,20404.0,4806502351901,SANICARE BATHROOM TISSUE 1&#039;S,<NA>,3.0,pcs,0.0,55.5,15.16,10.02,,camille,3455707801390521626,SALE
2023-05-29,20405,20404.0,8851198028527,STREPSILS HONEY LEMON 8s,2026-01-19,1.0,pcs,0.0,70.5,62.24,8.26,,camille,18036356367033147317,SALE
2023-05-29,20406,20405.0,4806526304747,PARTNERS GLUCOSE STRIPS 25&#039;S CBPC-73,2023-06-08,1.0,pcs,0.1,360.0,172.32,187.68,0.00,camille,8270628703397103180,RETURN
2023-05-29,20407,20406.0,4806534570240,CETRINOVA (CETIRIZINE) 10MG FC TAB,<NA>,5.0,pcs,0.0,15.0,0.36,13.2,85.50,camille,2717320655033736784,SALE
2023-05-29,20408,20407.0,8996001600399,LE MINERALE 1.5ML,<NA>,3.0,pcs,0.0,90.0,17.6,37.2,90.00,camille,3137997537841328794,SALE
2023-05-29,20409,20408.0,4800153953828,ROBITUSSIN L-GEL (GUAIFENESIN) 200MG CAP,2024-02-29,1.0,pcs,0.0,13.25,10.78,2.47,13.25,camille,12815932377568308931,SALE
2023-05-29,20410,20409.0,4806504269952,RENALEAF (SAMBONG) 500MG TAB,2024-04-30,10.0,pcs,0.0,75.0,5.51,19.86,75.00,camille,8018485824450227105,SALE
2023-05-29,20411,20410.0,4806033302830,RM METFORMIN 500MG TAB,2023-09-01,30.0,pcs,0.0,120.0,2.71,38.58,120.00,camille,4234717972211760038,SALE
2023-05-29,20412,20411.0,4807788552297,ULTRAXIME DROP 20MG 10ML,<NA>,2.0,pcs,0.0,573.22,254.94,63.35,"1,261.22",camille,8558510734624546871,SALE
2023-05-29,20412,20411.0,4806518661384,OTOSOL EAR 10ML DROPS,2023-07-31,1.0,pcs,0.0,421.0,318.22,102.78,,camille,16408701167925410047,SALE
2023-05-29,20412,20411.0,745110103509,ALCOSURE ISOPROPYL ALC 70% 500ML,<NA>,1.0,pcs,0.0,80.0,80.0,0.0,,camille,9533653429175182112,SALE
2023-05-29,20412,20411.0,4800136111054,LACTACYD BABY BATH 150ML,2024-07-11,1.0,pcs,0.0,187.0,169.15,17.85,,camille,9616606953549395383,SALE
2023-05-29,20413,20412.0,4806534570240,CETRINOVA (CETIRIZINE) 10MG FC TAB,<NA>,10.0,pcs,0.0,30.0,0.36,26.4,30.00,camille,6191243930866869515,SALE
2023-05-29,20414,20413.0,4801981119981,WILKINS PURE 1L,<NA>,1.0,pcs,0.0,30.0,20.16,9.84,30.00,camille,7619409154378382643,SALE
2023-05-29,20415,20414.0,4800292138087,MICARDIS PLUS (TELMISARTAN + HYDROCHLOROTHIAZIDE) 40MG TAB,2025-05-31,20.0,pcs,0.2,424.0,23.84,-52.8,816.50,camille,10327931724768706945,SALE
2023-05-29,20415,20414.0,10000200185,APTRADOL (TRAMADOL HYDROCHLORIDE) 50MG CAP,2024-07-31,10.0,pcs,0.2,80.0,2.55,54.5,,camille,4191267275215375491,SALE
2023-05-29,20415,20414.0,81260058593,PATIENT GOWN,<NA>,1.0,pcs,0.0,312.5,220.0,92.5,,camille,13051028107211939489,SALE
2023-05-29,20416,20415.0,4807788527639,ZENITH (AZITHROMYCIN) 500MG TAB,2024-08-01,5.0,pcs,0.0,751.25,136.54,68.56,809.25,camille,12385028001759382537,SALE
2023-05-29,20416,20415.0,4801010105107,JOHNSONS BLOSSOMS BABY POWDER 50G,2025-09-01,1.0,pcs,0.0,23.25,25.42,-2.17,,camille,13227552665040412526,SALE
2023-05-29,20416,20415.0,4800011736020,OMEGA PAIN KILLER 30ML,2025-12-31,1.0,pcs,0.0,34.75,30.38,4.37,,camille,4254824832355675912,SALE
2023-05-29,20417,20416.0,8996001600375,LE MINERALE 330ML,<NA>,1.0,pcs,0.0,11.0,6.33,4.67,11.00,camille,2513624710439622010,SALE
2023-05-29,20418,20417.0,6100010004,GAUZE PAD 4X4 TRUCARE,2026-11-01,30.0,pcs,0.0,133.8,1.78,80.4,352.80,camille,9925552284351568787,SALE
2023-05-29,20418,20417.0,8885015220122,EYE MO RED EYE FORMULA (HYPROMELLOS) 7.5ML,2024-10-01,1.0,pcs,0.0,94.5,78.55,15.95,,camille,12493694960899688974,SALE
2023-05-29,20418,20417.0,8850006321522,COLGATE TRIPLE ACTION 193G (145ML,<NA>,1.0,pcs,0.0,124.5,113.1,11.4,,camille,14699832270784381998,SALE
2023-05-29,20419,20418.0,4806520352621,CLODIN (CLONIDINE) 75MCG TAB,2025-04-30,10.0,pcs,0.0,105.0,4.15,63.5,105.00,camille,11049665564407126187,SALE
2023-05-29,20420,20419.0,4800046000844,VIVALYTE PLUS APPLE 4.8G SACHET,2024-06-15,20.0,pcs,0.0,300.0,15.0,0.0,300.00,camille,9679937167580814267,SALE
2023-05-29,20421,20420.0,4800333900437,AUGMENTIN (CO-AMOXICLAV) 457MG 70ML,2024-04-30,1.0,pcs,0.0,417.75,348.06,69.69,676.50,camille,6646839436970326431,SALE
2023-05-29,20421,20420.0,4807788519856,E-ZINC (ZINC SULFATE) 60ML SYR,2024-12-01,1.0,pcs,0.0,107.25,100.52,6.73,,camille,8772610366217029073,SALE
2023-05-29,20421,20420.0,4807788519290,DOLAN FP FORTE (IBUPROFEN) 200MG 60ML,2024-02-01,1.0,pcs,0.0,151.5,137.73,13.77,,camille,15924358939148972134,SALE
2023-05-29,20422,20421.0,4801010504207,JOHNSONS BABY OIL ALOE VERA 50ML,2025-06-07,1.0,pcs,0.0,47.5,43.52,3.98,47.50,camille,6829097615631206112,SALE
2023-05-29,20423,20422.0,4800318002415,CALTRATE ADVANCE TAB,2024-03-01,6.0,pcs,0.0,54.0,850.55,-5049.3,194.25,camille,11509397641790500687,SALE
2023-05-29,20423,20422.0,4800153302220,CENTRUM(ADVANCE)TAB,2024-01-12,3.0,pcs,0.0,32.25,9.53,3.67,,camille,1784530831686364687,SALE
2023-05-29,20423,20422.0,38218316,CHERIFER PGM CAP,2024-09-18,3.0,pcs,0.0,60.0,17.29,8.13,,camille,1233610593555220347,SALE
2023-05-29,20423,20422.0,4806032201004,POTEN CEE PLUS ZINC (ASCORBIC ACID + ZINC,2023-10-01,6.0,pcs,0.0,48.0,6.22,10.7,,camille,3876561531515378930,SALE
2023-05-29,20424,20423.0,8904182011286,MEDPIN-5 (AMLODIPINE) 5MG TAB,<NA>,10.0,pcs,0.0,20.0,2.0,0.0,51.00,camille,17926694945820989055,SALE
2023-05-29,20424,20423.0,4806506318856,SISTERS NIGHT PLUS 8&#039;S W/ WINGS,2025-09-01,1.0,pcs,0.0,31.0,22.07,8.93,,camille,8345484735538148779,SALE
2023-05-29,20425,20424.0,4806033300195,RM AMLODIPINE 10MG,2023-09-30,30.0,pcs,0.2,204.0,6.93,-3.92,511.20,camille,7861641471335331987,SALE
2023-05-29,20425,20424.0,4806033305480,RM LOSARTAN 50MG TAB,2024-12-01,30.0,pcs,0.2,307.2,20.2,-298.83,,camille,1253625114175518942,SALE
2023-05-29,20426,20425.0,4806530220309,DUOTRAM (PARA + TRAMA HCL) 325MG/37.5MG TAB,<NA>,10.0,pcs,0.2,98.24,2.55,72.74,194.06,camille,12834182163816784239,SALE
2023-05-29,20426,20425.0,4806504656479,VESSEL DUE-F 250 LSU (SULODEXIDE,2025-06-01,2.0,pcs,0.2,95.82,54.0,-12.18,,camille,10689847405020649504,SALE
2023-05-29,20427,20426.0,40219530,PREGABASAPH-75 (PREGABALIN) 75MG CAP,2025-02-01,6.0,pcs,0.2,34.27,5.47,1.48,34.27,camille,3325571786322081587,SALE
2023-05-29,20428,20427.0,4800318001883,ROBITUSSIN DM 120ML,<NA>,1.0,pcs,0.0,183.5,164.98,18.52,329.50,camille,2412383528160550223,SALE
2023-05-29,20428,20427.0,4807788526762,BIOFLU (PENYLEPHINE + CHLORPHENAMINE + PARACETAMOL) TAB,2024-01-01,10.0,pcs,0.0,80.0,6.37,16.32,,camille,5942447640596472090,SALE
2023-05-29,20428,20427.0,4809012413466,KATINKO INHALER,2025-02-28,1.0,pcs,0.0,66.0,55.08,10.92,,camille,3616088599891784229,SALE
2023-05-29,20429,20428.0,4800888143389,REXONA MEN ROLL ON ICE COOL 50ML,2025-05-31,2.0,pcs,0.0,240.0,105.55,28.9,642.50,camille,11073883256215649462,SALE
2023-05-29,20429,20428.0,4806503540007,HYGEEN COTTON BALLS 50s,<NA>,1.0,pcs,0.0,15.5,12.87,2.63,,camille,9202191401485482863,SALE
2023-05-29,20429,20428.0,4801288820153,HAPPY ABSORBENT COTTON 10G,2026-10-01,1.0,pcs,0.0,7.0,4.45,2.55,,camille,2855692638072444887,SALE
2023-05-29,20429,20428.0,4800047820182,GREENCROSS 70% W/ MOIST 500ML,2025-05-01,1.0,pcs,0.0,98.75,85.43,13.32,,camille,16818203583322208330,SALE
2023-05-29,20429,20428.0,9310059050071,LISTERINE COOL MINT 250ML,2025-10-31,1.0,pcs,0.0,132.5,123.21,9.29,,camille,12865438193054254687,SALE
2023-05-29,20429,20428.0,4902430495073,SAFEGUARD PURE WHITE 85G,2025-04-29,1.0,pcs,0.0,35.25,32.48,2.77,,camille,15911949590924399468,SALE
2023-05-29,20429,20428.0,4800047820250,GREENCROSS 70% W/ MOIST 60ML,2025-09-30,1.0,pcs,0.0,22.5,16.72,5.78,,camille,8388870104328275927,SALE
2023-05-29,20429,20428.0,4800488959878,NURSY BABY WIPES SCENTED 90&#039;S,2025-06-01,1.0,pcs,0.0,91.0,84.11,6.89,,camille,15375338531273093866,SALE
2023-05-29,20430,20429.0,4806032401336,VONWELT PREDNISONE 10MG TAB,2024-04-30,10.0,pcs,0.0,37.5,0.86,28.9,381.50,camille,17535605679194292609,SALE
2023-05-29,20430,20429.0,59497466828,NEB KIT W/. MASK ADULT,2027-05-01,1.0,pcs,0.0,65.0,40.18,24.82,,camille,6841231079780657350,SALE
2023-05-29,20430,20429.0,8906076770101,BETTERVENT (SALBUTAMOL) 1MG/ML (2.5MG/2.5ML) SOL&#039;N,<NA>,10.0,pcs,0.0,150.0,5.17,98.33,,camille,5681855845240703107,SALE
2023-05-29,20430,20429.0,4800333900031,VENTOLIN (SALBUTAMOL) NEBULES 2.5MG/2.5ML 20,2023-05-31,2.0,pcs,0.0,86.5,39.31,7.87,,camille,2935051738944232595,SALE
2023-05-29,20431,20430.0,4806504653164,RENAKULT CAP(PROBIOTIC,2024-03-01,30.0,pcs,0.05,769.5,24.0,49.5,769.50,camille,10049749317371738072,SALE
2023-05-29,20432,20431.0,4800253243850,DOLO NEUROBION(PARACETAMOL + VITAMIN B1+ VITAMIN B6 + VITAMIN B12) TAB,2024-12-24,10.0,pcs,0.0,259.5,24.78,11.7,259.50,camille,14564479348439589059,SALE
2023-05-29,20433,20432.0,4800369000675,MUCOTUSS FORTE (PHENYLPROPANOLAMINE HCL + CHLORPHENIRAMINE MALEATE + PARACETAMOL + DEXTROMETHORPHAN,<NA>,10.0,pcs,0.0,67.5,5.98,7.7,67.50,camille,10524766017346516481,SALE
2023-05-29,20434,20433.0,81260058593,PATIENT GOWN,<NA>,4.0,pcs,0.05,1187.5,220.0,307.5,"1,435.95",jane,11088465548942062090,SALE
2023-05-29,20434,20433.0,6582773211,STRESS BALL,<NA>,1.0,pcs,0.0,30.0,25.0,5.0,,jane,8197186958737338432,SALE
2023-05-29,20434,20433.0,33456416,BEDPAN PLASTIC,<NA>,1.0,pcs,0.0,109.2,52.0,57.2,,jane,12415319914612119747,SALE
2023-05-29,20434,20433.0,4806502161241,SANICARE BABY WIPES 80 SHEETS,<NA>,1.0,pcs,0.0,109.25,90.56,18.69,,jane,10122031275512016407,SALE
2023-05-29,20435,20434.0,77965633,HOSPITAL BED 2-CRANKS MANUAL,<NA>,1.0,pcs,0.2,13928.51,9856.0,4072.51,"13,928.51",jane,3228131205224544773,SALE
2023-05-29,20436,20435.0,4800286231718,SERC (BETAHISTINE DIHYDROCHLORIDE) 16MG TAB,2023-12-01,5.0,pcs,0.0,330.0,60.8,25.98,330.00,camille,17289536847514896100,SALE
2023-05-29,20437,20436.0,4806501130125,MEDIFORTAN-AS (MULTIVITAMINS + BUCLIZINE HCI ) CAP,2025-01-02,5.0,pcs,0.2,84.12,19.63,-14.02,84.12,camille,17525138755145353413,SALE
2023-05-29,20438,20437.0,4807788519764,NUTRILIN DROP 30ML,<NA>,1.0,pcs,0.0,138.22,115.18,23.04,167.36,jane,14179352251908770061,SALE
2023-05-29,20438,20437.0,4806506319730,LAMPEIN L 4S,2025-03-17,1.0,pcs,0.0,29.14,26.36,2.78,,jane,8954066734142758123,SALE
2023-05-29,20439,20438.0,4807788535771,DECILONE FORTE 4MG TAB,<NA>,5.0,pcs,0.0,161.25,27.18,25.37,161.25,jane,12294020295551299721,SALE
2023-05-29,20440,20439.0,8964001206330,NEBIL 5MG (NEBIVOLOL) TAB,2023-08-01,10.0,pcs,0.0,210.0,14.88,61.2,210.00,jane,9288854991325717856,SALE
2023-05-29,20441,20440.0,8904179014702,NOVASARTAN (LOSARTAN K) 50MG FC TAB,2025-02-01,15.0,pcs,0.2,30.0,2.5,-7.5,156.20,jane,1804933439769717229,SALE
2023-05-29,20441,20440.0,69853920,ASCORSAPH ZEE(ASCORBIC ACID+ZN)500MG/10MG CAP,2023-09-01,20.0,pcs,0.2,32.0,2.0,-8.0,,jane,16333369978430276622,SALE
2023-05-29,20441,20440.0,61229488,CALCIFESAPH ( CALCIUM+VITAMIN D3) TAB,2024-04-01,10.0,pcs,0.2,32.0,1.45,17.5,,jane,18395141188064743605,SALE
2023-05-29,20441,20440.0,1000200053,GOUTSAPH (COLCHICINE) 500MCG TAB,2024-09-30,20.0,pcs,0.2,51.2,1.26,26.0,,jane,4765077071134738319,SALE
2023-05-29,20441,20440.0,69883958,FOLISAPH 5MG CAP,<NA>,5.0,pcs,0.2,11.0,0.85,6.75,,jane,8431799345008064406,SALE
2023-05-29,20442,20441.0,4801010105107,JOHNSONS BLOSSOMS BABY POWDER 50G,2025-09-01,1.0,pcs,0.0,23.25,25.42,-2.17,23.25,jane,544377944831662127,SALE
2023-05-29,20443,20442.0,4800369000675,MUCOTUSS FORTE (PHENYLPROPANOLAMINE HCL + CHLORPHENIRAMINE MALEATE + PARACETAMOL + DEXTROMETHORPHAN,<NA>,3.0,pcs,0.0,20.25,5.98,2.31,153.75,jane,17253385771709277935,SALE
2023-05-29,20443,20442.0,4800489051632,MARVELON (DESOGESTRYL ETHINYLESTRDIOL) TAB,2025-03-31,1.0,pcs,0.0,133.5,119.2,14.3,,jane,13990685856999189458,SALE
2023-05-29,20444,20443.0,4800308560857,ZYKAST (MONTELUKAST NA + LEVOCETIRIZINE HCL) TAB 10MG/5MG,2024-12-01,2.0,pcs,0.0,62.5,25.47,11.56,62.50,jane,8975574343114877533,SALE
2023-05-29,20445,20444.0,4800064630023,LADY PILLS,2025-09-01,1.0,pcs,0.0,48.5,40.33,8.17,48.50,jane,16271003957674641713,SALE
2023-05-29,20446,20445.0,8964001206309,MONTIGET (MONTELUKAST SODIUM) 4MG TAB,2024-04-30,2.0,pcs,0.0,40.5,16.32,7.86,95.50,jane,10707851964929945601,SALE
2023-05-29,20446,20445.0,4806524147131,EMICOX (CELECOXIB) 200MG,2023-08-01,10.0,pcs,0.0,55.0,1.47,40.26,,jane,1375460248938637338,SALE
2023-05-29,20447,20446.0,4800281329632,FLANAX FORTE 550MG TAB,<NA>,2.0,pcs,0.0,46.5,20.87,4.77,46.50,jane,5687177682064811283,SALE
2023-05-29,20448,20447.0,59497466828,NEB KIT W/. MASK ADULT,2027-05-01,1.0,pcs,0.0,65.0,40.18,24.82,65.00,jane,10498269219112490543,SALE
2023-05-29,20449,20448.0,8996001600269,LE MINERALE 600ML,<NA>,1.0,pcs,0.0,15.0,9.2,5.8,15.00,jane,14981893823602240096,SALE
2023-05-29,20450,20449.0,8964001206040,CELCOXX CAP 400MG,<NA>,1.0,pcs,0.0,49.25,40.5,8.75,229.50,jane,12095082731958449049,SALE
2023-05-29,20450,20449.0,4809013625004,MX3 CAP,2025-05-12,6.0,pcs,0.0,108.0,15.13,17.2,,jane,7248787202114459911,SALE
2023-05-29,20450,20449.0,4806031903398,PHAREX VITAMIN (VITAMIN B1+B6+B12) 17+3 TAB NS,2024-08-30,1.0,pcs,0.0,72.25,65.64,6.61,,jane,7666696379045742598,SALE
2023-05-29,20451,20450.0,25213478,SAPHORMIN T500 (METFORMIN HCL) 500MG TAB,2024-04-01,40.0,pcs,0.0,44.8,0.37,30.2,249.80,jane,7693056405773253024,SALE
2023-05-29,20451,20450.0,1900010134,PROMETIN (METOPROLOL) 50MG TAB,2025-02-01,15.0,pcs,0.0,22.5,0.6,13.5,,jane,4956387684379022403,SALE
2023-05-29,20451,20450.0,8904179014702,NOVASARTAN (LOSARTAN K) 50MG FC TAB,2025-02-01,15.0,pcs,0.0,37.5,2.5,0.0,,jane,17223465031731077297,SALE
2023-05-29,20451,20450.0,45817663,ROSUSAPH-20 (ROSUVASTATIN) 20MG FC TAB,2025-04-01,10.0,pcs,0.0,145.0,2.58,119.2,,jane,8864536023019590670,SALE
2023-05-29,20452,20451.0,4800064610704,TRUST CONDOM STRAWBERRY,2027-03-31,4.0,pcs,0.0,116.0,22.1,27.6,116.00,jane,11006711357324446889,SALE
2023-05-29,20453,20452.0,4800488959236,CARESS ADULT DIAPER L2,<NA>,2.0,pcs,0.0,91.0,41.36,8.28,905.00,jane,4333739817546618083,SALE
2023-05-29,20453,20452.0,4801010504306,JOHNSONS BABY OIL ALOE VERA 125ML,2025-10-14,1.0,pcs,0.0,99.25,98.03,1.22,,jane,4397431239619770863,SALE
2023-05-29,20453,20452.0,4806506319716,LAMPEIN S 4S,2024-12-18,2.0,pcs,0.0,50.0,22.33,5.35,,jane,193441392821157978,SALE
2023-05-29,20453,20452.0,4800067071939,WIPE COTTON BALLS 150S,<NA>,2.0,pcs,0.0,72.0,29.7,12.6,,jane,16402779865575831365,SALE
2023-05-29,20453,20452.0,745110103509,ALCOSURE ISOPROPYL ALC 70% 500ML,<NA>,2.0,pcs,0.0,160.0,80.0,0.0,,jane,15282011811706077702,SALE
2023-05-29,20453,20452.0,4800011159041,IPI (ACEITE DE MANZANILLA) 100ML,2027-06-30,1.0,pcs,0.0,42.0,37.73,4.27,,jane,16302432679020801231,SALE
2023-05-29,20453,20452.0,4806502160541,SANICARE COTTON BUDS 400 STEM,<NA>,1.0,pcs,0.0,38.0,33.8,4.2,,jane,13316410225820507753,SALE
2023-05-29,20453,20452.0,4800067070758,BBFLO PETROLEUM JELLY POWDERY FRESH 50G,<NA>,1.0,pcs,0.0,73.0,61.5,11.5,,jane,9904073804526211286,SALE
2023-05-29,20453,20452.0,4800204002017,BETADINE WOUND SOL&#039;N 60ML,2027-12-31,1.0,pcs,0.0,147.75,150.57,-2.82,,jane,13839452808839594161,SALE
2023-05-29,20453,20452.0,4800488958147,NURSY BABY WIPES UNSCENTED 66,2024-10-20,2.0,pcs,0.0,132.0,54.22,23.56,,jane,11063082343200529814,SALE
2023-05-29,20454,20453.0,4809010740069,RDL1 30ML,<NA>,1.0,pcs,0.0,37.5,28.76,8.74,37.50,jane,5273228934383569456,SALE
2023-05-29,20455,20454.0,4800204719915,ASCOFFTE CAP 10+5 PROMO PACK,2024-05-26,1.0,pcs,0.0,77.5,61.38,16.12,77.50,jane,14062989850751720911,SALE
2023-05-29,20456,20455.0,480778853619,ALAXAN FR (IBUPROFEN + PARACETAMOL) CAP,2025-04-29,2.0,pcs,0.0,17.0,8.49,0.02,17.00,jane,10332144551008352313,SALE
2023-05-29,20457,20456.0,4807788561688,BIOGESIC (PARACETAMOL) 500MG TAB,2026-03-01,10.0,pcs,0.0,42.5,3.65,6.01,42.50,jane,10908371629983637147,SALE
2023-05-29,20458,20457.0,4807788050236,DUAVENT P-NEB 500MCG (IPRATROPRIUM + SALBUTAMOL,2024-03-30,3.0,pcs,0.2,109.2,41.69,-15.86,109.20,jane,16088838124539771973,SALE
2023-05-30,20459,20458.0,4806534570240,CETRINOVA (CETIRIZINE) 10MG FC TAB,<NA>,10.0,pcs,0.0,30.0,0.36,26.4,71.00,jane,4884359898381612182,SALE
2023-05-30,20459,20458.0,4806501283159,WHITE FLOWER AC#5 1.5ML,2027-07-31,1.0,pcs,0.0,41.0,35.73,5.27,,jane,42732188673309002,SALE
2023-05-30,20460,20459.0,4807788562630,CALCIUMADE (CALCIUM + VITAMIN + MINERALS) TAB,2023-10-26,0.0,pcs,0.0,0.0,0.0,0.0,0.00,jane,15454305785751920699,SALE
2023-05-30,20460,20459.0,8964001206422,ROVISTA (ROSUVASTATIN) 10MG TAB,2024-01-08,0.0,pcs,0.0,0.0,0.0,0.0,,jane,10795257826427998296,SALE
2023-05-30,20461,20460.0,4800369000545,TERRAFERON (FERROUS SULFATE + FOLIC ACID + B-COMPLEX + NICOTINAMIDE) CAP,2023-11-30,5.0,pcs,0.1,37.13,7.27,0.77,86.63,jane,15858517060243212272,SALE
2023-05-30,20461,20460.0,4807788562630,CALCIUMADE (CALCIUM + VITAMIN + MINERALS) TAB,2023-10-26,5.0,pcs,0.1,49.5,937.79,-4639.45,,jane,11909394675440014158,SALE
2023-05-30,20462,20461.0,4806534570240,CETRINOVA (CETIRIZINE) 10MG FC TAB,<NA>,4.0,pcs,0.0,12.0,0.36,10.56,12.00,jane,13660203952948985979,SALE
2023-05-30,20463,20462.0,4800204001614,APLOSYN OTIC DROP 5ML,2024-09-05,1.0,pcs,0.0,405.0,405.0,0.0,932.50,jane,5331889487182134797,SALE
2023-05-30,20463,20462.0,4807788560438,NAFARIN A (PHENYLEPROPANOLAMINE HCI + CHLORPHENAMINE MALEATE + PARACETAMOL) TAB,2024-07-01,12.0,pcs,0.0,90.0,6.69,9.66,,jane,12541734256654660808,SALE
2023-05-30,20463,20462.0,8902269001182,ZOCEF (CEFUROXIME) 500MG TAB,2024-04-30,14.0,pcs,0.0,437.5,13.48,248.71,,jane,10229914294274384490,SALE
2023-05-30,20464,20463.0,4806502350034,SANICARE COTTON BUDS 200 STEM,<NA>,1.0,pcs,0.0,19.5,16.18,3.32,42.00,jane,3261027495272075476,SALE
2023-05-30,20464,20463.0,4800047820250,GREENCROSS 70% W/ MOIST 60ML,2025-09-30,1.0,pcs,0.0,22.5,16.72,5.78,,jane,8215386218639839410,SALE
2023-05-30,20465,20464.0,4807788519702,SOLMUX PED TR 200MG SYR 60ML,2025-01-01,1.0,pcs,0.0,118.75,107.89,10.86,118.75,jane,4508721939953269538,SALE
2023-05-30,20466,20465.0,8996001600375,LE MINERALE 330ML,<NA>,1.0,pcs,0.0,11.0,6.33,4.67,11.00,jane,472263643501154095,SALE
2023-05-30,20467,20466.0,4800304010219,CENTRUM SILVER ADV TAB 1s,2024-02-20,1.0,pcs,0.0,13.0,11.7,1.3,26.25,jane,14557016976753485601,SALE
2023-05-30,20467,20466.0,4800153953828,ROBITUSSIN L-GEL (GUAIFENESIN) 200MG CAP,2024-06-30,1.0,pcs,0.0,13.25,10.78,2.47,,jane,1668193889352733175,SALE
2023-05-30,20468,20467.0,48035880,BETADINE (POVIDONE IODINE) WOUND SOLUTION 7.5ML,2027-10-30,1.0,pcs,0.0,36.75,34.4,2.35,36.75,jane,5761671905398355614,SALE
2023-05-30,20469,20468.0,4801010504207,JOHNSONS BABY OIL ALOE VERA 50ML,2025-06-07,1.0,pcs,0.0,47.5,43.52,3.98,47.50,jane,17502532028917630417,SALE
2023-05-30,20470,20469.0,88124903602,MICROPORE 1 INCH,2024-12-29,2.0,pcs,0.0,105.36,43.87,17.62,289.56,jane,12004135965118983160,SALE
2023-05-30,20470,20469.0,4800131291683,BIOGENIC (ISOPROPYL ALCOHOL) 70% 500ML,<NA>,1.0,pcs,0.0,95.0,77.19,17.81,,jane,11779520157499333236,SALE
2023-05-30,20470,20469.0,6100010004,GAUZE PAD 4X4 TRUCARE,2026-11-01,20.0,pcs,0.0,89.2,1.78,53.6,,jane,17828996793714289646,SALE
2023-05-30,20471,20470.0,8996001600399,LE MINERALE 1.5ML,<NA>,3.0,pcs,0.0,90.0,17.6,37.2,90.00,jane,2454770103790639713,SALE
2023-05-30,20472,20471.0,39572141,ADVAN PREGNANCY TEST,2024-03-01,1.0,pcs,0.0,40.0,9.6,30.4,40.00,jane,1970976126516650403,SALE
2023-05-30,20473,20472.0,4800488070030,CARESS ADULT DIAPER L10+1,2025-05-01,1.0,pcs,0.0,227.0,227.0,0.0,227.00,jane,17822793129606786341,SALE
2023-05-30,20474,20473.0,4800204005612,POTEN CEE SUGAR COATED (ASCORBIC ACID) 500MG TAB,<NA>,10.0,pcs,0.0,70.0,5.21,17.92,70.00,jane,2685158185349657392,SALE
2023-05-30,20475,20474.0,4800319810125,VOLTAREN 50MG (DICLOFENAC NA) FTE TAB,2024-01-31,5.0,pcs,0.0,170.0,30.67,16.65,229.76,jane,14025525082543511559,SALE
2023-05-30,20475,20474.0,4807788556370,SKELAN 550MG CAP,<NA>,3.0,pcs,0.0,59.76,17.94,5.94,,jane,605037748387005876,SALE
2023-05-30,20476,20475.0,4806502163917,SANICARE CLEANSING WIPES - LAVENDER 15 SHEETS,<NA>,1.0,pcs,0.0,32.5,26.25,6.25,116.00,jane,13140886184937733410,SALE
2023-05-30,20476,20475.0,4806502351901,SANICARE BATHROOM TISSUE 1&#039;S,<NA>,1.0,pcs,0.0,18.5,15.16,3.34,,jane,14161626807470537315,SALE
2023-05-30,20476,20475.0,4801010327103,MODESS ALL NIGHT W/WINGS 4s,2024-06-01,1.0,pcs,0.0,47.0,42.36,4.64,,jane,10598265104130144664,SALE
2023-05-30,20476,20475.0,4800488958529,CHARMEE LIGHT W/WINGS 8&#039;S,<NA>,1.0,pcs,0.0,18.0,14.98,3.02,,jane,17324724068704219950,SALE
2023-05-30,20477,20476.0,8996001600399,LE MINERALE 1.5ML,<NA>,1.0,pcs,0.0,30.0,17.6,12.4,30.00,jane,13124103950510272185,SALE
2023-05-30,20478,20477.0,4806534570240,CETRINOVA (CETIRIZINE) 10MG FC TAB,<NA>,20.0,pcs,0.0,60.0,0.36,52.8,60.00,jane,16244187871726869122,SALE
2023-05-30,20479,20478.0,4801962202770,CANESTEN (CLOTRIMAZOLE) 5G,2024-03-01,1.0,pcs,0.0,197.0,175.36,21.64,197.00,jane,14039887029162475483,SALE
2023-05-30,20480,20479.0,4800047820182,GREENCROSS 70% W/ MOIST 500ML,2025-05-01,1.0,pcs,0.0,98.75,85.43,13.32,98.75,jane,9076701372837484486,SALE
2023-05-30,20481,20480.0,4800234402498,SYMBICORT (BUDESONIDE+FORMOTEROL) RAPIHALER 160MCG/4.5MCG/ACTUATION,2024-10-01,1.0,pcs,0.0,834.25,677.13,157.12,"1,293.25",jane,9164328311045605229,SALE
2023-05-30,20481,20480.0,4807788408853,ALNIX (CETIRIZINE) 10MG TAB,2025-03-27,15.0,pcs,0.0,459.0,27.52,46.2,,jane,7754884264977259627,SALE
2023-05-30,20482,20481.0,4806533601617,ECORI-120(ETORICOXIB) 120MG TAB,<NA>,5.0,pcs,0.0,330.0,60.0,30.0,330.00,jane,16928040159843977800,SALE
2023-05-30,20483,20482.0,4806524147926,DIACURE (LOPERAMIDE) 2MG CAP,<NA>,2.0,pcs,0.0,6.0,0.32,5.36,6.00,jane,10989984532397901265,SALE
2023-05-30,20484,20483.0,4806524147926,DIACURE (LOPERAMIDE) 2MG CAP,<NA>,2.0,pcs,0.0,6.0,0.32,5.36,24.00,jane,7049016039963681885,SALE
2023-05-30,20484,20483.0,4801981107971,WILKINS PURE 500ML,<NA>,1.0,pcs,0.0,18.0,9.38,8.63,,jane,8065114802468406241,SALE
2023-05-30,20485,20484.0,8996001600399,LE MINERALE 1.5ML,<NA>,1.0,pcs,0.0,30.0,17.6,12.4,30.00,jane,519680326829268349,SALE
2023-05-30,20486,20485.0,4800064630108,DAPHNE (LYNESTRENOL) PILLS,2024-10-11,1.0,pcs,0.0,147.8,118.58,29.22,147.80,jane,10140428635499576882,SALE
2023-05-30,20487,20486.0,4800153953231,ROBITUSSIN EXPECTORANT (GUAIFENESIN) 60ML,2024-12-31,1.0,pcs,0.0,108.0,89.08,18.92,108.00,jane,3306475758874046720,SALE
2023-05-30,20488,20487.0,4801981119981,WILKINS PURE 1L,<NA>,1.0,pcs,0.0,30.0,20.16,9.84,30.00,jane,8747093048124782414,SALE
2023-05-30,20489,20488.0,72574300,TUDOR MACRO & INFUSION SET1ML=60GTT ADULT,<NA>,2.0,pcs,0.0,50.0,15.0,20.0,66.00,jane,6850667430171682883,SALE
2023-05-30,20489,20488.0,74329007,KING MED DISPOSABLE SYRINGE 10CC,<NA>,2.0,pcs,0.0,16.0,3.5,9.0,,jane,10645437610096838575,SALE
2023-05-30,20490,20489.0,4800135011591,MYRA E (VITAMIN E) 12+2 SULIT PACK,2024-03-02,1.0,pcs,0.0,146.0,133.54,12.46,146.00,jane,16801372764006278704,SALE
2023-05-30,20491,20490.0,4800333900437,AUGMENTIN (CO-AMOXICLAV) 457MG 70ML,2024-04-30,1.0,pcs,0.0,417.75,348.06,69.69,"1,701.75",jane,217419244641587683,SALE
2023-05-30,20491,20490.0,4806516030199,BETADINE THROAT SPRAY 50ML,<NA>,1.0,pcs,0.0,562.5,513.04,49.46,,jane,1304699126249070656,SALE
2023-05-30,20491,20490.0,4807788530691,ALNIX PLUS SYR 5MG 60ML,2024-11-24,1.0,pcs,0.0,311.5,292.4,19.1,,jane,11562054104600062134,SALE
2023-05-30,20491,20490.0,4800136730019,ERCEFLORA (BASILLUS CLAUSII) ORAL SOLUTION 5ML,2024-03-31,10.0,pcs,0.0,410.0,40.1,9.01,,jane,17570796578827773719,SALE
2023-05-30,20492,20491.0,8964001206316,MONTIGET (MONTELUKAST SODIUM) 5MG TAB,2024-02-29,14.0,pcs,0.0,306.6,19.83,28.98,306.60,jane,12999037279896045566,SALE
2023-05-30,20493,20492.0,4806011585910,PIOSTAL (PIOGLITAZONE) 30MG TAB,2024-06-01,30.0,pcs,0.0,240.0,5.64,70.88,"6,480.00",jane,15306845971984673985,SALE
2023-05-30,20493,20492.0,4806504653065,RENALOG (KETOANALOGUE+AMINO ACIDS) FC TAB,<NA>,60.0,pcs,0.0,2310.0,29.5,540.0,,jane,13913851397665726922,SALE
2023-05-30,20493,20492.0,45817663,ROSUSAPH-20 (ROSUVASTATIN) 20MG FC TAB,2025-04-01,60.0,pcs,0.0,870.0,2.58,715.2,,jane,11379069138465676097,SALE
2023-05-30,20493,20492.0,4806521160584,TAMPLUS (TAMSULOSIN + FINASTERIDE) 400MCG/5MG CAP,2024-11-01,60.0,pcs,0.0,3060.0,42.92,485.0,,jane,12999654052376724941,SALE
2023-05-30,20494,20493.0,4801981107971,WILKINS PURE 500ML,<NA>,2.0,pcs,0.0,36.0,9.38,17.25,156.00,jane,5534312548495144794,SALE
2023-05-30,20494,20493.0,4809014128337,KOJIESAN CLASSIC 3&#039;S 100G,2024-11-12,1.0,pcs,0.0,120.0,120.0,0.0,,jane,12612942354149126759,SALE
2023-05-30,20495,20494.0,4807788706003,ASMALIN (SALBUTAMOL) 2.5ML AMP,2024-12-01,2.0,pcs,0.0,67.0,26.77,13.45,67.00,jane,11542936627218507433,SALE
2023-05-30,20496,20495.0,4800360302204,ENERVON (MULTIVITAMINS) TAB,<NA>,30.0,pcs,0.0,207.0,6.16,22.08,313.00,jane,14313617708594532714,SALE
2023-05-30,20496,20495.0,4987176009678,VICKS VAPORUB 25G,2025-08-31,1.0,pcs,0.0,106.0,96.35,9.65,,jane,11092258923234458835,SALE
2023-05-30,20497,20496.0,4809012413039,KATINKO JAR 30G,2024-06-30,1.0,pcs,0.0,81.0,67.32,13.68,81.00,jane,12012553396727769083,SALE
2023-05-30,RC0,20497.0,4800136390039,DULCOLAX (BISACODYL) 10MG SUPP ADULT,<NA>,10.0,pcs,0.0,610.0,58.11,28.9,0.00,8001,2886681560312592975,SALE
2023-05-30,RC0,20497.0,4800136390084,DULCOLAX (BISACODYL) TAB,2025-02-28,10.0,pcs,0.0,230.0,21.63,13.67,,8001,10123869524432916674,SALE
2023-05-30,RC0,20498.0,4800011111162,BIODERM SOAP TIMELESS BEIGE 135G,<NA>,1.0,pcs,0.0,45.0,36.1,8.9,0.00,8001,18224253442142683466,SALE
2023-05-30,RC0,20498.0,8964001206255,LILAC (LACTULOSE) SYR 60ML,2024-06-01,1.0,pcs,0.0,192.0,160.0,32.0,,8001,18420526221826972193,SALE
2023-05-30,20498,20499.0,4800136390039,DULCOLAX (BISACODYL) 10MG SUPP ADULT,<NA>,10.0,pcs,0.2,435.68,55.2,-116.35,600.00,camille,6212823971070873528,SALE
2023-05-30,20498,20499.0,4800136390084,DULCOLAX (BISACODYL) TAB,2025-02-28,10.0,pcs,0.2,164.32,20.5,-40.66,,camille,4528940846773014320,SALE
2023-05-30,20499,20500.0,4800011111162,BIODERM SOAP TIMELESS BEIGE 135G,<NA>,1.0,pcs,0.0,45.0,35.0,10.0,237.00,camille,3599842967218283590,SALE
2023-05-30,20499,20500.0,8964001206255,LILAC (LACTULOSE) SYR 60ML,2024-06-01,1.0,pcs,0.0,192.0,192.0,0.0,,camille,6786991563517859732,SALE
2023-05-30,20500,20501.0,4800064630108,DAPHNE (LYNESTRENOL) PILLS,2024-10-11,1.0,pcs,0.0,147.8,118.58,29.22,232.80,camille,2563332629471049252,SALE
2023-05-30,20500,20501.0,4807788561688,BIOGESIC (PARACETAMOL) 500MG TAB,2026-03-01,20.0,pcs,0.0,85.0,3.65,12.01,,camille,10079504544372146917,SALE
2023-05-30,20501,20502.0,4807788561688,BIOGESIC (PARACETAMOL) 500MG TAB,2026-03-01,60.0,pcs,0.0,255.0,3.65,36.04,255.00,camille,7803405001148929472,SALE
2023-05-30,20502,20503.0,4800318001883,ROBITUSSIN DM 120ML,<NA>,1.0,pcs,0.0,183.5,164.98,18.52,183.50,camille,4357613217514610245,SALE
2023-05-30,20503,20504.0,4806534570240,CETRINOVA (CETIRIZINE) 10MG FC TAB,<NA>,5.0,pcs,0.0,15.0,0.36,13.2,15.00,camille,13100084156042812216,SALE
2023-05-30,20504,20505.0,4800488100072,CHARMEE BREATHABLE PANTY LINER GREEN 8&#039;S,2025-08-24,1.0,pcs,0.0,13.0,11.0,2.0,13.00,camille,13481923222394605521,SALE
2023-05-30,20505,20506.0,4806517790443,VIRBEZ (IRBESARTAN) 300MG TAB,2024-06-30,10.0,pcs,0.0,225.0,17.15,53.5,406.00,camille,16440624951895431068,SALE
2023-05-30,20505,20506.0,4800135011591,MYRA E (VITAMIN E) 12+2 SULIT PACK,2024-03-02,1.0,pcs,0.0,146.0,133.54,12.46,,camille,3241789534072501500,SALE
2023-05-30,20505,20506.0,38119798,ATORSAPH-20 (ATORVASTATIN) 20MG FC TAB,<NA>,10.0,pcs,0.0,35.0,0.95,25.5,,camille,14511079337108986755,SALE
2023-05-30,20506,20507.0,4806502359914,FEMME INTERFOLDED PAPER TOWEL 1PLY,<NA>,1.0,pcs,0.0,55.0,45.75,9.25,55.00,camille,6585095785859820799,SALE
2023-05-30,20507,20508.0,4806033306081,RM TRIMETAZIDINE 35MG TAB,2024-02-03,20.0,pcs,0.2,240.0,10.43,31.41,499.83,camille,16241341923407116170,SALE
2023-05-30,20507,20508.0,4800348113020,NATRAPHARM ATORVAST (ATORVASTATIN) 20MG TAB,<NA>,10.0,pcs,0.2,156.0,17.7,-21.0,,camille,13357389125218625764,SALE
2023-05-30,20507,20508.0,4806033305480,RM LOSARTAN 50MG TAB,2024-03-30,10.0,pcs,0.2,102.4,20.2,-99.61,,camille,13422238652857353760,SALE
2023-05-30,20507,20508.0,4806529430719,RAMAVIT (VITAMIN B COMPLEX) TAB,<NA>,1.0,pcs,0.2,1.43,0.65,0.78,,camille,8695122298891191619,SALE
2023-05-30,20508,20509.0,4807788558381,EXFLEM (ACETYLCYSTEINE) 600MG SACH,<NA>,5.0,pcs,0.2,158.92,36.96,-25.88,158.92,camille,9876328474300838551,SALE
2023-05-30,20509,20510.0,4800326628584,BIGEN BROWN BLACK,<NA>,1.0,pcs,0.0,63.0,51.63,11.37,63.00,camille,6057213785087647139,SALE
2023-05-30,20510,20511.0,8996001600399,LE MINERALE 1.5ML,<NA>,1.0,pcs,0.0,30.0,17.6,12.4,30.00,camille,15938425961104939257,SALE
2023-05-30,20511,20512.0,4800011132938,EFFICASCENT EXTREME 50ML,2027-10-31,1.0,pcs,0.0,78.5,69.87,8.63,123.50,camille,4661804656800854572,SALE
2023-05-30,20511,20512.0,4801010501213,JOHNSONS BABY OIL 50ML,2025-05-14,1.0,pcs,0.0,45.0,35.12,9.88,,camille,13321003441464546873,SALE
2023-05-30,20512,20513.0,4801981164714,WILKINS DISTILLED 7L,<NA>,1.0,pcs,0.0,92.5,80.0,12.5,92.50,camille,1604840147045519783,SALE
2023-05-30,20513,20514.0,4807788407375,DOLFENAL (MEFENAMIC ACID) 500MG,2027-01-20,3.0,pcs,0.0,93.0,29.34,4.98,93.00,camille,2802538900897094394,SALE
2023-05-30,20514,20515.0,8996001600375,LE MINERALE 330ML,<NA>,1.0,pcs,0.0,11.0,6.33,4.67,11.00,camille,14654521341978149573,SALE
2023-05-30,20515,20516.0,17540193,FLOXANOVA-500 (LEVOFLOXACIN) 500MG FC TAB,<NA>,6.0,pcs,0.0,63.0,4.25,37.5,63.00,camille,16067993960083822284,SALE
2023-05-30,20516,20517.0,8996001600269,LE MINERALE 600ML,<NA>,1.0,pcs,0.0,15.0,9.2,5.8,15.00,camille,12266638700217350506,SALE
2023-05-30,20517,20518.0,4801962122269,BEROCCA (MULTIVITAMINS & MINERALS) TAB 1,2024-04-30,1.0,pcs,0.0,22.25,19.55,2.7,22.25,camille,5876691079828696272,SALE
2023-05-30,20518,20519.0,4801962207997,SARIDON TRIPLE ACTION (PARACETAMOL PROPYPHENAZONE CAFFEINE) TAB,2025-03-31,6.0,pcs,0.0,34.5,4.74,6.03,117.50,camille,4675853612423655504,SALE
2023-05-30,20518,20519.0,4800363081151,PROLIX (PREDNISONE) 20MG TAB,2024-06-30,4.0,pcs,0.0,32.0,6.9,4.4,,camille,8746434176694685527,SALE
2023-05-30,20518,20519.0,4800067552179,MENTOPAS PLASTER 1X10,2025-04-01,1.0,pcs,0.0,51.0,46.0,5.0,,camille,3579185229827296847,SALE
2023-05-30,20519,20520.0,88124903602,MICROPORE 1 INCH,2024-12-29,1.0,pcs,0.0,52.68,43.87,8.81,52.68,camille,1018019524077543287,SALE
2023-05-30,20520,20521.0,6922748503015,BL (KETOCONAZOLE CLOBETASOLE PROPIONATE) 7G CREAM,2023-12-31,3.0,pcs,0.0,105.0,33.0,6.0,105.00,camille,12487681001664264727,SALE
2023-05-30,20521,20522.0,8850007011149,JOHNSONS WHITE BABY POWDER 200G,2025-03-01,1.0,pcs,0.0,78.0,70.94,7.06,78.00,camille,5935206326273568338,SALE
2023-05-30,20522,20523.0,4806513103353,HAILEY TAWAS UNSCENTED,2025-09-01,1.0,pcs,0.0,15.0,12.88,2.12,15.00,camille,14643418717082837746,SALE
2023-05-31,20523,20524.0,4806530871211,INDOPLAS DISP SYRINGE 1CC,<NA>,2.0,pcs,0.0,8.92,2.2,4.52,8.92,camille,6311839086979970326,SALE
2023-05-31,20524,20525.0,4807788561688,BIOGESIC (PARACETAMOL) 500MG TAB,2026-05-22,23.0,pcs,0.0,97.75,3.65,13.82,97.75,camille,13664207429846028202,SALE
2023-05-31,20525,20526.0,4807788561688,BIOGESIC (PARACETAMOL) 500MG TAB,2026-03-01,8.0,pcs,0.0,34.0,3.65,4.81,34.00,camille,16673407132188892767,SALE
2023-05-31,20526,20527.0,4800488959878,NURSY BABY WIPES SCENTED 90&#039;S,2025-06-01,1.0,pcs,0.0,91.0,84.11,6.89,91.00,camille,8239373474660057311,SALE
2023-05-31,20527,20528.0,4806529430719,RAMAVIT (VITAMIN B COMPLEX) TAB,<NA>,7.0,pcs,0.2,10.02,0.65,5.47,21.22,camille,5900380473751753237,SALE
2023-05-31,20527,20528.0,8904182011286,MEDPIN-5 (AMLODIPINE) 5MG TAB,<NA>,7.0,pcs,0.2,11.2,2.0,-2.8,,camille,10162777733161313285,SALE
2023-05-31,20528,20529.0,4800064610414,TRUST PILLS (ETHINYL ESTRADIOL + LEVONORGESTREL,2024-09-01,1.0,pcs,0.0,49.25,45.47,3.78,49.25,camille,1540565942565218656,SALE
2023-05-31,20529,20530.0,4807788562432,CARVID (CARVEDILOL) 6.25MG TAB,2024-02-03,15.0,pcs,0.2,140.4,11.01,-24.68,"2,065.74",camille,4672958265933117262,SALE
2023-05-31,20529,20530.0,4807788403360,VESTAR (TRIMETAZIDINE) 35MG TAB,2023-10-01,30.0,pcs,0.2,501.6,20.32,-107.94,,camille,7778401759228301375,SALE
2023-05-31,20529,20530.0,4806517790597,SPIROFAR (SPIRONOLACTONE) 25MG TAB,2025-04-30,30.0,pcs,0.2,330.0,10.5,15.0,,camille,8579876255346922849,SALE
2023-05-31,20529,20530.0,4800136060062,ESSENTIALE FORTE (PHOSPHOLIPIDS) CAP,<NA>,15.0,pcs,0.2,375.0,31.22,-93.35,,camille,17447614567990156095,SALE
2023-05-31,20529,20530.0,4806033300829,RM CLOPIDOGREL 75MG TAB,2024-03-30,15.0,pcs,0.2,227.28,14.32,12.47,,camille,12473932748682251417,SALE
2023-05-31,20529,20530.0,4806524840018,LANOXIN (DIGOXIN) TAB 0.25MG,<NA>,12.0,pcs,0.2,51.46,5.06,-9.26,,camille,13960341832855646402,SALE
2023-05-31,20529,20530.0,8964001206651,FORTRA 200MCG/6MCG CANISTER,2024-10-30,1.0,pcs,0.2,440.0,509.15,-69.15,,camille,14459130234578727039,SALE
2023-05-31,20530,20531.0,4800562050118,CO-ALEVA (EBASTINE BETAMITASONE) 10MG/.5MG TAB,2024-12-01,2.0,pcs,0.0,66.0,30.32,5.37,66.00,camille,7912179442959245012,SALE
2023-05-31,20531,20532.0,4806534570240,CETRINOVA (CETIRIZINE) 10MG FC TAB,<NA>,4.0,pcs,0.0,12.0,0.36,10.56,12.00,camille,18088094815354101247,SALE
2023-05-31,20532,20533.0,4806509690607,JIMM&#039;S 7IN1 COFFEE MIX,2025-01-24,3.0,pcs,0.0,42.75,11.73,7.56,42.75,camille,149839619272521517,SALE
2023-05-31,20533,20534.0,4800304940011,LOMOTIL (LOPERAMIDE HCI) TAB,2025-01-05,2.0,pcs,0.0,21.8,9.35,3.1,21.80,camille,14810160241100415349,SALE
2023-05-31,20534,20535.0,4801962202770,CANESTEN (CLOTRIMAZOLE) 5G,2024-01-31,1.0,pcs,0.0,197.0,175.36,21.64,197.00,camille,233342470910353911,SALE
2023-05-31,20535,20536.0,4800047820014,GREENCROSS 70% 500ML,2025-05-31,1.0,pcs,0.0,97.5,74.48,23.02,97.50,camille,8477667683795455599,SALE
2023-05-31,20536,20537.0,4806502163917,SANICARE CLEANSING WIPES - LAVENDER 15 SHEETS,<NA>,1.0,pcs,0.0,32.5,26.25,6.25,92.50,camille,9761387614984621411,SALE
2023-05-31,20536,20537.0,8996001600399,LE MINERALE 1.5ML,<NA>,2.0,pcs,0.0,60.0,17.6,24.8,,camille,18151033202419554008,SALE
2023-05-31,20537,20538.0,1900010178,CLOXANE (CLOXACILLIN) 500MG CAP,2023-06-01,28.0,pcs,0.2,159.94,4.25,40.94,368.50,camille,9470319025429665560,SALE
2023-05-31,20537,20538.0,4807788412584,MUPICIN OINTMENT 5G,2024-03-30,1.0,pcs,0.2,208.57,275.52,-66.95,,camille,6859041515119623524,SALE
2023-05-31,20537,20538.0,SD,Sales Discount Variance,<NA>,1.0,pcs,0.0,-0.01,0.0,-0.01,,camille,15348006932235132499,ADJUSTMENT
2023-05-31,20538,20539.0,4800488114772,CHARMEE PANTYLINER GO GIRL 20+2,2025-04-13,2.0,pcs,0.0,39.5,16.36,6.78,173.50,camille,3063514470893897522,SALE
2023-05-31,20538,20539.0,4806502350171,SANICARE COTTON BUDS 200 STEM CAN,2026-08-26,1.0,pcs,0.0,26.5,21.22,5.28,,camille,9435735757860973099,SALE
2023-05-31,20538,20539.0,4806502359624,SANICARE KT REGULAR TWIN 2&#039;S,<NA>,1.0,pcs,0.0,107.5,85.49,22.01,,camille,14831762325235062267,SALE
2023-05-31,20539,20540.0,4800047820199,GREENCROSS 70% W/ MOIST 250ML,2025-06-01,1.0,pcs,0.0,51.75,43.21,8.54,51.75,camille,5422249006805651844,SALE
2023-05-31,20540,20541.0,48035156,EFFICASCENT OIL EXTRA STRENGTH (METHYLSALICYLATE CHAMPOR + MENTHOL) 25ML,2027-10-31,1.0,pcs,0.0,34.0,29.5,4.5,34.00,camille,12420345152396806737,SALE
2023-05-31,20541,20542.0,29253999,CEFUSAPH (CEFUROXIME AXETIL) 500MG FC TAB,2024-10-01,14.0,pcs,0.0,392.0,28.0,0.0,594.50,camille,15394979408737202457,SALE
2023-05-31,20541,20542.0,4807788563286,CEELIN PLUS (ASCORBIC ACID + ZINC) CHEW TAB,2023-06-01,30.0,pcs,0.0,202.5,5.66,32.7,,camille,2186601666898015607,SALE
2023-05-31,20542,20543.0,4806518970462,HEPATEK (CARNITINE OROTATE+SILYMARIN+VIT B+ZINC) CAP,2024-10-01,6.0,pcs,0.0,178.5,24.64,30.64,178.50,camille,16923820647384728786,SALE
2023-05-31,20543,20544.0,4806509690539,JIMM&#039;S 5 IN 1 COFFEE 21G,2024-07-15,8.0,pcs,0.0,100.0,11.01,11.91,160.00,camille,3428498606252870441,SALE
2023-05-31,20544,20545.0,96284025,MOPIBAC (MUPIROCIN OINTMENT) 2% 5G TUBE,<NA>,1.0,pcs,0.0,162.5,162.5,0.0,224.75,camille,10374964194061512094,SALE
2023-05-31,20544,20545.0,4807788561688,BIOGESIC (PARACETAMOL) 500MG TAB,2026-05-22,5.0,pcs,0.0,21.25,3.65,3.0,,camille,9875981648029728233,SALE
2023-05-31,20544,20545.0,4806501283159,WHITE FLOWER AC#5 1.5ML,2027-07-31,1.0,pcs,0.0,41.0,35.73,5.27,,camille,7740856555422551020,SALE
2023-05-31,20545,20546.0,4806502350072,SANICARE COTTON BALLS 150s,<NA>,1.0,pcs,0.0,43.25,34.81,8.44,43.25,camille,7513294103556613319,SALE
2023-05-31,20546,20547.0,4800304010219,CENTRUM SILVER ADV TAB 1s,2024-08-01,1.0,pcs,0.0,13.0,11.7,1.3,13.00,camille,1890056182115940217,SALE
2023-05-31,20547,20548.0,4806518970387,DOMILIUM (DOMPERIDONE) 10MG TAB,2026-07-01,10.0,pcs,0.0,120.0,10.0,20.0,120.00,camille,2304541764451443499,SALE
2023-05-31,20548,20549.0,85441781,B-PLEX (VIT B1+B6+B12) CAP,2025-02-01,30.0,pcs,0.2,126.0,2.85,40.5,"5,125.60",camille,18219546451605880409,SALE
2023-05-31,20548,20549.0,8944164010272,CARVIDA (CARVEDILOL) 6.25MG TAB,2024-06-01,30.0,pcs,0.2,220.8,3.0,130.8,,camille,13614865630792596726,SALE
2023-05-31,20548,20549.0,4809015596548,DIZIMARC 16MG TAB,<NA>,10.0,pcs,0.2,74.0,3.7,37.0,,camille,18024432986681746796,SALE
2023-05-31,20548,20549.0,1000200041,DOXOFAR (DOXOFYLLINE) 400MG TAB,<NA>,10.0,pcs,0.2,112.0,5.6,56.0,,camille,8125994306929163182,SALE
2023-05-31,20548,20549.0,4806518920054,FASTUM GEL (KETOPROFEN) 30G,2025-04-01,1.0,pcs,0.2,352.0,409.79,-57.79,,camille,5003969980115031096,SALE
2023-05-31,20548,20549.0,54021235,GLOBISAPH (KETOANALOGUE) 630MG TAB,2025-02-01,100.0,pcs,0.2,1520.0,6.5,870.0,,camille,17677848240200855409,SALE
2023-05-31,20548,20549.0,4800292173026,GLYXAMBI FC (EMPAGLIFLOZIN + LINAGLIPTIN) 25MG/5MG TAB,2025-08-01,30.0,pcs,0.2,2328.0,87.4,-294.0,,camille,15243458260882405099,SALE
2023-05-31,20548,20549.0,4806523302289,LEUKOREX (MONTELUKAST SODIUM) 10MG FC TAB,2024-01-01,20.0,pcs,0.2,112.0,2.8,56.0,,camille,1146613412756155405,SALE
2023-05-31,20548,20549.0,1900010021,SAPHLOPID (CLOPIDOGREL) 75MG TAB,2025-07-01,30.0,pcs,0.2,139.2,1.11,105.75,,camille,13321504827725515452,SALE
2023-05-31,20548,20549.0,1900010138,SAPHRIN (ASPIRIN) 80MG TAB,2024-07-01,30.0,pcs,0.2,48.0,0.63,29.12,,camille,2867135455431471966,SALE
2023-05-31,20548,20549.0,4806520081040,ZYDUSATORVA (ATORVASTATIN) 20MG,<NA>,30.0,pcs,0.2,93.6,1.55,47.1,,camille,11224121261463963833,SALE
2023-05-31,20549,20550.0,61229488,CALCIFESAPH ( CALCIUM+VITAMIN D3) TAB,2024-04-01,30.0,pcs,0.2,85.68,1.45,42.18,85.68,camille,2445049490150788948,SALE
2023-05-31,20550,20551.0,4806504653348,CORVELAM 800MG (SEVELAMER CARBONATE) TAB,2024-05-01,15.0,pcs,0.2,510.0,30.54,51.9,732.00,camille,4923323783125873591,SALE
2023-05-31,20550,20551.0,4800292161016,TRAJENTA (LINAGLIPTIN) 5MG TAB,2024-11-30,4.0,pcs,0.2,160.0,50.0,-40.0,,camille,13432825989911195100,SALE
2023-05-31,20550,20551.0,4806522630642,INTERPHIL (IRBESARTAN) 300MG TAB,2024-02-01,5.0,pcs,0.2,62.0,7.75,23.25,,camille,5044597028338549367,SALE
2023-05-31,20551,20552.0,4806033302830,RM METFORMIN 500MG TAB,2023-09-01,10.0,pcs,0.0,40.0,2.71,12.86,40.00,camille,8761314328932316189,SALE
2023-05-31,20552,20553.0,8904186000521,TRIMEBET (TRIMETAZIDINE) 35G TAB,2024-05-01,30.0,pcs,0.2,204.0,3.34,103.8,"1,391.12",camille,15120859516407837495,SALE
2023-05-31,20552,20553.0,4800306591013,DIAMICRON MR (GLICAZIDE) 60MG TAB,2024-10-31,30.0,pcs,0.2,690.0,26.55,-106.46,,camille,18445540398183996751,SALE
2023-05-31,20552,20553.0,4809015596548,DIZIMARC (BETAHISTINE DIHYDROCHLORIDE) 16MG TAB,<NA>,15.0,pcs,0.2,99.12,3.7,43.62,,camille,15231530212005856971,SALE
2023-05-31,20552,20553.0,80737636,TAMSULOSIN (ALFATAM) 400MCG CAP,<NA>,30.0,pcs,0.2,348.0,8.0,108.0,,camille,9597633524834883453,SALE
2023-05-31,20552,20553.0,8906045600910,PARATRAM (PARACETAMOL + TRAMADOL) 37.5/325MG TAB,<NA>,5.0,pcs,0.2,50.0,6.34,18.3,,camille,11158740451591972392,SALE
2023-05-31,20553,20554.0,4801288820504,HAPPY ABSORBENT COTTON 40G,2025-11-30,1.0,pcs,0.0,26.0,17.56,8.44,26.00,camille,8181546612810738000,SALE
2023-05-31,20554,20555.0,4807788571373,REXIDOL FORTE TAB,<NA>,10.0,pcs,0.0,57.5,4.72,10.33,57.50,camille,15390225220559225285,SALE
2023-05-31,20555,20556.0,4800333900642,VENTOLIN EXPECTORANT (SALBUTAMOL GUAIFENESIN) 1MG/50MG/5ML SYRUP 100ML,2025-10-07,1.0,pcs,0.0,290.0,258.13,31.87,290.00,camille,3092513623434079477,SALE
2023-05-31,20556,20557.0,4806518970462,HEPATEK (CARNITINE OROTATE+SILYMARIN+VIT B+ZINC) CAP,2024-10-01,5.0,pcs,0.0,148.75,24.64,25.54,148.75,camille,4068963157864799184,SALE
2023-05-31,20557,20558.0,14800488960796,CARESS ADULT DIAPER M20+2,2025-06-04,1.0,pcs,0.0,345.5,314.17,31.33,345.50,camille,15963204681451237361,SALE
2023-05-31,20558,20559.0,41720005175,PLASTIC URINAL,<NA>,2.0,pcs,0.0,190.0,45.0,100.0,663.75,camille,448748550002465490,SALE
2023-05-31,20558,20559.0,4800253243836,NEUROBION (VITAMIN B1 + B6 + B12) TAB,2024-12-01,10.0,pcs,0.0,237.5,21.13,26.18,,camille,10793196203374222891,SALE
2023-05-31,20558,20559.0,4801010504306,JOHNSONS BABY OIL ALOE VERA 125ML,2025-10-14,1.0,pcs,0.0,99.25,98.03,1.22,,camille,14400597728798365261,SALE
2023-05-31,20558,20559.0,4806502351901,SANICARE BATHROOM TISSUE 1&#039;S,<NA>,2.0,pcs,0.0,37.0,15.16,6.68,,camille,5764787447974312537,SALE
2023-05-31,20558,20559.0,4987176016928,VICKS BABY RUB 20G,2023-11-30,1.0,pcs,0.0,100.0,86.53,13.47,,camille,2629530065704308188,SALE
2023-05-31,20559,20560.0,40219530,PREGABASAPH-75 (PREGABALIN) 75MG CAP,2025-02-01,6.0,pcs,0.2,34.27,5.47,1.48,193.87,camille,14886937685149416315,SALE
2023-05-31,20559,20560.0,59646549,SAPHORBIDE 30MG PR TAB,<NA>,10.0,pcs,0.2,66.0,3.65,29.5,,camille,12815855696068839101,SALE
2023-05-31,20559,20560.0,8944164010272,CARVIDA (CARVEDILOL) 6.25MG TAB,2024-06-01,10.0,pcs,0.2,73.6,3.0,43.6,,camille,16892979975219596662,SALE
2023-05-31,20559,20560.0,4806520351105,FUSEDEX (FUROSEMIDE) 40MG TAB,<NA>,10.0,pcs,0.2,20.0,0.43,15.7,,camille,17578626143924757252,SALE
2023-05-31,20560,20561.0,4807788417169,CARVID (CARVEDILOL) 25MG TAB,2024-03-01,15.0,pcs,0.0,315.0,18.52,37.21,315.00,camille,11160349346536762984,SALE
2023-05-31,20565,20562.0,49480917245,PARTNERS DIGITAL THERMOMETER,<NA>,1.0,pcs,0.0,95.0,60.0,35.0,95.00,camille,1240818059210534473,RETURN
2023-05-31,RC0,20563.0,4806524149708,CITCOLE (CITICOLINE) 500MG TAB,<NA>,2.0,pcs,0.0,54.5,12.33,29.84,0.00,8001,7667484608926283618,SALE
2023-05-31,RC0,20563.0,40219530,PREGABASAPH-75 (PREGABALIN) 75MG CAP,2025-02-01,10.0,pcs,0.0,80.0,5.47,25.34,,8001,6401668864132680371,SALE
2023-05-31,20564,20564.0,4806524149708,CITCOLE (CITICOLINE) 500MG TAB,<NA>,3.0,pcs,0.0,81.75,12.33,44.76,161.75,camille,12850447913029185183,SALE
2023-05-31,20561,20565.0,4800301902364,MOXYLOR (AMOXICILLIN) 250MG/5ML 60ML SUSP,<NA>,6.0,pcs,0.0,249.0,21.75,118.5,"2,172.04",camille,8977715390039980585,SALE
2023-05-31,20561,20565.0,4800318120072,AMOXIL FORTE SUSP. 60ML,<NA>,2.0,pcs,0.0,274.5,118.79,36.92,,camille,1949870197708097493,SALE
2023-05-31,20561,20565.0,4807788413338,PEDIAMOX (AMOXICILLIN) 250MG/5ML SUSP 60ML,<NA>,2.0,pcs,0.0,307.5,127.96,51.58,,camille,8471263600185511102,SALE
2023-05-31,20561,20565.0,4800318000206,CALPOL 250MG/5ML 6+ 60ML SYR,2024-11-11,4.0,pcs,0.0,537.04,134.26,0.0,,camille,12524753395129036706,SALE
2023-05-31,20561,20565.0,4807788519160,BIOGESIC (PARACETAMOL)250MG/5ML STRAW 60ML,2024-01-12,6.0,pcs,0.0,804.0,121.74,73.54,,camille,12313575160253899557,SALE
2023-05-31,20563,20566.0,4806506319730,LAMPEIN L 4S,2025-03-17,1.0,pcs,0.0,29.14,26.36,2.78,29.14,camille,17999883377253001786,SALE
2023-05-31,20562,20567.0,8851198028527,STREPSILS HONEY LEMON 8s,2026-01-19,2.0,pcs,0.0,141.0,62.24,16.51,141.00,camille,1205638301814995265,SALE
2023-05-31,20566,20568.0,4800488960379,HYPANTS ADULT DIAPER LARGE 10s,2026-06-01,1.0,pcs,0.0,270.0,245.09,24.91,270.00,camille,11891357605113724326,SALE
2023-05-31,20567,20569.0,8902269001182,ZOCEF (CEFUROXIME) 500MG TAB,2024-04-30,14.0,pcs,0.0,437.5,13.48,248.71,587.50,camille,18318150707776495076,SALE
2023-05-31,20567,20569.0,8906045605038,BETZINE (BETAHISTINE HYDROCHLORIDE) 24MG TAB,<NA>,4.0,pcs,0.0,150.0,15.0,90.0,,camille,9527336508442343141,SALE
2023-05-31,20568,20570.0,4800488114772,CHARMEE PANTYLINER GO GIRL 20+2,2025-04-13,1.0,pcs,0.0,19.75,16.36,3.39,42.75,camille,7091214314756586267,SALE
2023-05-31,20568,20570.0,4806506318832,SISTERS DAY MAXI REG 8+1,2025-09-01,1.0,pcs,0.0,23.0,19.83,3.17,,camille,4209469711892337971,SALE
2023-05-31,20569,20571.0,4806517790382,VIRBEZ (IRBESARTAN) 150MG TAB,2024-04-30,2.0,pcs,0.0,33.0,12.6,7.8,33.00,camille,11514091489327931085,SALE
2023-05-31,20570,20572.0,4807788530882,DISUDRIN 60ML SYR,2025-01-09,1.0,pcs,0.0,147.25,122.67,24.58,147.25,camille,6504338618908216210,SALE
2023-05-31,20571,20573.0,4806507832214,SILKA GREEN PAPAYA SOAP 65G,<NA>,1.0,pcs,0.0,18.0,15.95,2.05,18.00,camille,15077639031661103187,SALE
2023-05-31,20572,20574.0,4800304810130,BONAMINE (MECLYCINE HYDROCLHORIDE) CHEW (ADULT) 25MG TAB,2026-01-31,7.0,pcs,0.0,94.5,13.5,0.0,94.50,camille,14117287994002760496,SALE
2023-05-31,20573,20575.0,4807788561688,BIOGESIC (PARACETAMOL) 500MG TAB,2026-03-01,10.0,pcs,0.0,42.5,3.65,6.01,42.50,camille,6159789437359407468,SALE
2023-05-31,20574,20576.0,4807788561688,BIOGESIC (PARACETAMOL) 500MG TAB,2026-05-22,5.0,pcs,0.0,21.25,3.65,3.0,21.25,camille,6079315444283122004,SALE
2023-05-31,20575,20577.0,4800292173026,GLYXAMBI FC (EMPAGLIFLOZIN + LINAGLIPTIN) 25MG/5MG TAB,2025-08-01,30.0,pcs,0.2,2328.0,87.4,-294.0,"2,989.44",camille,13231629109766800145,SALE
2023-05-31,20575,20577.0,4807788544650,GLUMET (METFORMIN HCI) 1G,2025-02-27,30.0,pcs,0.2,324.0,12.0,-36.02,,camille,8264331788613051601,SALE
2023-05-31,20575,20577.0,4800307854315,VIBEE (B-COMPLEX) TAB,<NA>,30.0,pcs,0.2,337.44,12.78,-46.02,,camille,10615223626119458814,SALE
2023-05-31,20576,20578.0,4801288820504,HAPPY ABSORBENT COTTON 40G,2025-11-30,1.0,pcs,0.0,26.0,17.56,8.44,146.25,camille,5260304469158329120,SALE
2023-05-31,20576,20578.0,4800888158925,REXONA ROLL ON POWDER DRY BRIGHTENING 25ML,2025-01-01,1.0,pcs,0.0,65.75,54.6,11.15,,camille,17637362296855154347,SALE
2023-05-31,20576,20578.0,4800067132548,CLEENE CLIO TBRUSH KIDDIE,2032-02-08,1.0,pcs,0.0,39.5,31.5,8.0,,camille,13270057775924867526,SALE
2023-05-31,20576,20578.0,4800067122068,CLEENE CLIO TBRUSH ECONOMY,2023-11-30,1.0,pcs,0.0,15.0,11.25,3.75,,camille,13970571889277419690,SALE
2023-05-31,20577,20579.0,4807788050236,DUAVENT P-NEB 500MCG (IPRATROPRIUM + SALBUTAMOL,2024-03-30,10.0,pcs,0.0,455.0,41.69,38.12,455.00,camille,2799091141934566579,SALE
2023-05-31,20578,20580.0,4807788562593,IMMUNPRO 500MG TAB,2024-09-01,9.0,pcs,0.0,78.75,7.51,11.2,208.75,camille,9122291222531036050,SALE
2023-05-31,20578,20580.0,4800304010219,CENTRUM SILVER ADV TAB 1s,2024-08-01,10.0,pcs,0.0,130.0,11.7,13.01,,camille,2503554915347259852,SALE
2023-05-31,20579,20581.0,8906045605014,BETZINE (BETAHISTINE) 8MG TAB,<NA>,10.0,pcs,0.0,83.0,3.3,50.0,83.00,camille,12451825866995842807,SALE
2023-05-31,20580,20582.0,4807788673015,TUSERAN PPA 5+1 CAP,<NA>,1.0,pcs,0.0,54.5,49.53,4.97,54.50,camille,2131524224992810373,SALE
2023-05-31,20581,20583.0,8851198028527,STREPSILS HONEY LEMON (DICHLOROBENZYL ALCOHOL + AMYLMETACRESOL + ASCORBIC ACID) 8,2025-03-14,1.0,pcs,0.0,70.5,62.24,8.26,70.50,camille,11076261663191789752,SALE
2023-05-31,20582,20584.0,4800488070283,CARESS ADULT DIAPER XL10,2025-02-01,1.0,pcs,0.0,313.75,285.05,28.7,313.75,camille,10544935611207493860,SALE
2023-05-31,20583,20585.0,4807788526762,BIOFLU (PENYLEPHINE + CHLORPHENAMINE + PARACETAMOL) TAB,2024-01-01,2.0,pcs,0.0,16.0,6.37,3.26,16.00,camille,12263934806563087672,SALE
2023-05-31,20584,20586.0,4806534570240,CETRINOVA (CETIRIZINE) 10MG FC TAB,<NA>,10.0,pcs,0.1,24.12,0.36,20.52,84.83,camille,7589123305815400605,SALE
2023-05-31,20584,20586.0,4806517213096,AFICIONADO COOL FANCY RED 55ML,2025-04-23,1.0,pcs,0.0,47.32,44.19,3.13,,camille,4092616592542247083,SALE
2023-05-31,20584,20586.0,4800067122068,CLEENE CLIO TBRUSH ECONOMY,2023-11-30,1.0,pcs,0.0,13.39,11.25,2.14,,camille,4340729795772661760,SALE
2023-05-31,20585,20587.0,4800047820182,GREENCROSS 70% W/ MOIST 500ML,2025-05-01,1.0,pcs,0.0,98.75,85.43,13.32,132.75,jane,10046804084129429897,SALE
2023-05-31,20585,20587.0,48035156,EFFICASCENT OIL EXTRA STRENGTH (METHYLSALICYLATE CHAMPOR + MENTHOL) 25ML,2028-01-01,1.0,pcs,0.0,34.0,29.5,4.5,,jane,6898474284220930338,SALE
2023-05-31,20586,20588.0,4806528271337,ALCLAV NEO (CO-AMOXICLAV) 625MG TAB,2024-06-30,14.0,pcs,0.0,308.0,22.0,0.0,"1,157.00",jane,7082132862845602852,SALE
2023-05-31,20586,20588.0,4800369000545,TERRAFERON (FERROUS SULFATE + FOLIC ACID + B-COMPLEX + NICOTINAMIDE) CAP,2023-11-30,10.0,pcs,0.0,82.5,7.27,9.78,,jane,13285983616662993561,SALE
2023-05-31,20586,20588.0,4807788571373,REXIDOL FORTE TAB,<NA>,5.0,pcs,0.0,28.75,4.72,5.17,,jane,2167244286559047060,SALE
2023-05-31,20586,20588.0,4807788673015,TUSERAN PPA 5+1 CAP,<NA>,1.0,pcs,0.0,54.5,49.53,4.97,,jane,14202374198471689195,SALE
2023-05-31,20586,20588.0,4800153151187,BONNA 0-6 MONTHS 150G,<NA>,1.0,pcs,0.0,111.0,105.4,5.6,,jane,12714193095139414030,SALE
2023-05-31,20586,20588.0,4806524147131,EMICOX (CELECOXIB) 200MG,2023-08-01,10.0,pcs,0.0,55.0,1.47,40.26,,jane,10998868477573026576,SALE
2023-05-31,20586,20588.0,4800488958949,EQ DRY M 36+2,<NA>,1.0,pcs,0.0,347.5,294.81,52.69,,jane,7080430262697139503,SALE
2023-05-31,20586,20588.0,8851198028527,STREPSILS HONEY LEMON 8s,2026-01-19,1.0,pcs,0.0,70.5,62.24,8.26,,jane,16509057522712288942,SALE
