Date,Receipt,SO,Item Code,Description,Expiration Date,Qty,Unit,Discount,Sales,Cost,Profit,Payment,Cashier ID,_row_id,error_reason,error_stage
Grand Total,,,,,8329,,"503,535.43",,"503,535.43","189,106.76","108,295.14","477,414.46",,8329,summary/total row matched 'grand total',pre-map
,,,,,,,<na>,,75.5,62.84,12.66,,,6,financial data present but missing supporting fields,remove_incomplete_rows
,,,,,,,<na>,,319.68,279.58,40.1,,,13,financial data present but missing supporting fields,remove_incomplete_rows
,,,,,,,<na>,,155.5,126.2,29.3,,,19,financial data present but missing supporting fields,remove_incomplete_rows
,,,,,,,<na>,,52.68,43.87,8.81,,,23,financial data present but missing supporting fields,remove_incomplete_rows
,,,,,,,<na>,,254.5,42.3,38.19,,,28,financial data present but missing supporting fields,remove_incomplete_rows
,,,,,,,<na>,,25.0,0.78,17.2,,,32,financial data present but missing supporting fields,remove_incomplete_rows
,,,,,,,<na>,,63.0,47.6,15.4,,,42,financial data present but missing supporting fields,remove_incomplete_rows
,,,,,,,<na>,,41.0,31.88,9.12,,,47,financial data present but missing supporting fields,remove_incomplete_rows
,,,,,,,<na>,,1472.5,685.04,767.96,,,54,financial data present but missing supporting fields,remove_incomplete_rows
,,,,,,,<na>,,893.76,56.0,109.76,,,59,financial data present but missing supporting fields,remove_incomplete_rows
,,,,,,,<na>,,466.0,303.02,51.53,,,65,financial data present but missing supporting fields,remove_incomplete_rows
,,,,,,,<na>,,36.0,32.4,3.6,,,69,financial data present but missing supporting fields,remove_incomplete_rows
,,,,,,,<na>,,696.0,635.77,60.23,,,74,financial data present but missing supporting fields,remove_incomplete_rows
,,,,,,,<na>,,42.02,32.71,9.31,,,80,financial data present but missing supporting fields,remove_incomplete_rows
,,,,,,,<na>,,32.0,25.34,6.66,,,84,financial data present but missing supporting fields,remove_incomplete_rows
,,,,,,,<na>,,30.0,9.2,11.6,,,88,financial data present but missing supporting fields,remove_incomplete_rows
,,,,,,,<na>,,40.0,9.6,30.4,,,92,financial data present but missing supporting fields,remove_incomplete_rows
,,,,,,,<na>,,24.5,21.86,2.64,,,97,financial data present but missing supporting fields,remove_incomplete_rows
,,,,,,,<na>,,721.44,44.05,-159.56,,,101,financial data present but missing supporting fields,remove_incomplete_rows
,,,,,,,<na>,,8.5,3.65,1.2,,,105,financial data present but missing supporting fields,remove_incomplete_rows
,,,,,,,<na>,,18.76,2.2,9.96,,,109,financial data present but missing supporting fields,remove_incomplete_rows
,,,,,,,<na>,,364.4,25.28,111.6,,,123,financial data present but missing supporting fields,remove_incomplete_rows
,,,,,,,<na>,,65.0,47.82,17.18,,,128,financial data present but missing supporting fields,remove_incomplete_rows
,,,,,,,<na>,,50.0,41.47,8.53,,,132,financial data present but missing supporting fields,remove_incomplete_rows
,,,,,,,<na>,,70.0,1.51,39.8,,,136,financial data present but missing supporting fields,remove_incomplete_rows
,,,,,,,<na>,,18.5,15.16,3.34,,,140,financial data present but missing supporting fields,remove_incomplete_rows
,,,,,,,<na>,,679.0,598.61,80.39,,,145,financial data present but missing supporting fields,remove_incomplete_rows
,,,,,,,<na>,,41.0,6.62,31.79,,,150,financial data present but missing supporting fields,remove_incomplete_rows
,,,,,,,<na>,,385.0,250.0,135.0,,,154,financial data present but missing supporting fields,remove_incomplete_rows
,,,,,,,<na>,,15.0,9.2,5.8,,,158,financial data present but missing supporting fields,remove_incomplete_rows
,,,,,,,<na>,,71.45,29.12,12.18,,,164,financial data present but missing supporting fields,remove_incomplete_rows
,,,,,,,<na>,,62.5,25.77,10.95,,,168,financial data present but missing supporting fields,remove_incomplete_rows
,,,,,,,<na>,,30.0,17.6,12.4,,,172,financial data present but missing supporting fields,remove_incomplete_rows
,,,,,,,<na>,,174.75,106.71,47.89,,,178,financial data present but missing supporting fields,remove_incomplete_rows
,,,,,,,<na>,,23.0,4.74,4.02,,,182,financial data present but missing supporting fields,remove_incomplete_rows
,,,,,,,<na>,,80.5,15.27,31.63,,,188,financial data present but missing supporting fields,remove_incomplete_rows
,,,,,,,<na>,,89.9,61.17,13.57,,,193,financial data present but missing supporting fields,remove_incomplete_rows
,,,,,,,<na>,,746.35,148.11,210.64,,,200,financial data present but missing supporting fields,remove_incomplete_rows
,,,,,,,<na>,,89.5,76.14,13.36,,,204,financial data present but missing supporting fields,remove_incomplete_rows
,,,,,,,<na>,,609.0,565.57,43.43,,,208,financial data present but missing supporting fields,remove_incomplete_rows
,,,,,,,<na>,,134.0,121.74,12.26,,,212,financial data present but missing supporting fields,remove_incomplete_rows
,,,,,,,<na>,,3600.0,95.0,750.0,,,216,financial data present but missing supporting fields,remove_incomplete_rows
,,,,,,,<na>,,62.0,29.34,3.32,,,220,financial data present but missing supporting fields,remove_incomplete_rows
,,,,,,,<na>,,374.0,118.26,45.32,,,226,financial data present but missing supporting fields,remove_incomplete_rows
,,,,,,,<na>,,20.0,0.35,16.5,,,230,financial data present but missing supporting fields,remove_incomplete_rows
,,,,,,,<na>,,69.5,8.54,14.7,,,235,financial data present but missing supporting fields,remove_incomplete_rows
,,,,,,,<na>,,25.0,0.55,14.0,,,239,financial data present but missing supporting fields,remove_incomplete_rows
,,,,,,,<na>,,41.25,7.15,5.48,,,243,financial data present but missing supporting fields,remove_incomplete_rows
,,,,,,,<na>,,37.5,6.69,4.03,,,247,financial data present but missing supporting fields,remove_incomplete_rows
,,,,,,,<na>,,94.5,3.7,42.65,,,251,financial data present but missing supporting fields,remove_incomplete_rows
,,,,,,,<na>,,148.4,1.2,84.8,,,255,financial data present but missing supporting fields,remove_incomplete_rows
,,,,,,,<na>,,39.9,36.26,3.64,,,259,financial data present but missing supporting fields,remove_incomplete_rows
,,,,,,,<na>,,3830.4,56.0,470.4,,,263,financial data present but missing supporting fields,remove_incomplete_rows
,,,,,,,<na>,,49.0,39.72,9.28,,,268,financial data present but missing supporting fields,remove_incomplete_rows
,,,,,,,<na>,,76.0,30.2,15.6,,,272,financial data present but missing supporting fields,remove_incomplete_rows
,,,,,,,<na>,,67.5,6.13,6.18,,,276,financial data present but missing supporting fields,remove_incomplete_rows
,,,,,,,<na>,,987.73,215.23,-84.96,,,284,financial data present but missing supporting fields,remove_incomplete_rows
,,,,,,,<na>,,305.0,266.52,38.48,,,289,financial data present but missing supporting fields,remove_incomplete_rows
,,,,,,,<na>,,74.0,62.61,11.39,,,293,financial data present but missing supporting fields,remove_incomplete_rows
,,,,,,,<na>,,81.0,67.32,13.68,,,297,financial data present but missing supporting fields,remove_incomplete_rows
,,,,,,,<na>,,97.5,74.48,23.02,,,301,financial data present but missing supporting fields,remove_incomplete_rows
,,,,,,,<na>,,90.0,62.21,13.52,,,306,financial data present but missing supporting fields,remove_incomplete_rows
,,,,,,,<na>,,48.5,40.33,8.17,,,310,financial data present but missing supporting fields,remove_incomplete_rows
,,,,,,,<na>,,40.0,9.6,30.4,,,314,financial data present but missing supporting fields,remove_incomplete_rows
,,,,,,,<na>,,412.47,74.64,177.64,,,322,financial data present but missing supporting fields,remove_incomplete_rows
,,,,,,,<na>,,2.0,0.94,1.06,,,326,financial data present but missing supporting fields,remove_incomplete_rows
,,,,,,,<na>,,36.0,32.4,3.6,,,330,financial data present but missing supporting fields,remove_incomplete_rows
,,,,,,,<na>,,76.0,30.2,15.6,,,334,financial data present but missing supporting fields,remove_incomplete_rows
,,,,,,,<na>,,119.5,96.77,22.73,,,338,financial data present but missing supporting fields,remove_incomplete_rows
,,,,,,,<na>,,95.5,36.21,21.47,,,343,financial data present but missing supporting fields,remove_incomplete_rows
,,,,,,,<na>,,325.2,115.7,103.07,,,349,financial data present but missing supporting fields,remove_incomplete_rows
,,,,,,,<na>,,556.5,31.54,115.01,,,353,financial data present but missing supporting fields,remove_incomplete_rows
,,,,,,,<na>,,30.0,5.42,2.88,,,357,financial data present but missing supporting fields,remove_incomplete_rows
,,,,,,,<na>,,33.75,9.85,4.2,,,361,financial data present but missing supporting fields,remove_incomplete_rows
,,,,,,,<na>,,128.0,110.4,17.6,,,365,financial data present but missing supporting fields,remove_incomplete_rows
,,,,,,,<na>,,92.94,35.4,21.02,,,377,financial data present but missing supporting fields,remove_incomplete_rows
,,,,,,,<na>,,750.0,650.0,100.0,,,381,financial data present but missing supporting fields,remove_incomplete_rows
,,,,,,,<na>,,40.25,33.48,6.77,,,385,financial data present but missing supporting fields,remove_incomplete_rows
,,,,,,,<na>,,29.25,8.17,4.74,,,390,financial data present but missing supporting fields,remove_incomplete_rows
,,,,,,,<na>,,18.5,15.16,3.34,,,394,financial data present but missing supporting fields,remove_incomplete_rows
,,,,,,,<na>,,910.0,78.17,128.27,,,399,financial data present but missing supporting fields,remove_incomplete_rows
,,,,,,,<na>,,54.5,24.5,30.0,,,408,financial data present but missing supporting fields,remove_incomplete_rows
,,,,,,,<na>,,5.0,1.3,2.39,,,412,financial data present but missing supporting fields,remove_incomplete_rows
,,,,,,,<na>,,34.0,7.54,3.85,,,416,financial data present but missing supporting fields,remove_incomplete_rows
,,,,,,,<na>,,85.5,71.27,14.23,,,421,financial data present but missing supporting fields,remove_incomplete_rows
,,,,,,,<na>,,24.5,21.86,2.64,,,426,financial data present but missing supporting fields,remove_incomplete_rows
,,,,,,,<na>,,345.5,314.17,31.33,,,430,financial data present but missing supporting fields,remove_incomplete_rows
,,,,,,,<na>,,951.5,884.88,66.62,,,436,financial data present but missing supporting fields,remove_incomplete_rows
,,,,,,,<na>,,44.5,19.55,5.4,,,440,financial data present but missing supporting fields,remove_incomplete_rows
,,,,,,,<na>,,134.0,11.99,14.1,,,444,financial data present but missing supporting fields,remove_incomplete_rows
,,,,,,,<na>,,31.0,26.91,4.09,,,448,financial data present but missing supporting fields,remove_incomplete_rows
,,,,,,,<na>,,46.0,16.33,13.34,,,453,financial data present but missing supporting fields,remove_incomplete_rows
,,,,,,,<na>,,86.34,38.81,8.73,,,458,financial data present but missing supporting fields,remove_incomplete_rows
,,,,,,,<na>,,357.5,28.67,70.84,,,463,financial data present but missing supporting fields,remove_incomplete_rows
,,,,,,,<na>,,178.56,23.5,84.56,,,467,financial data present but missing supporting fields,remove_incomplete_rows
,,,,,,,<na>,,86.75,22.75,17.74,,,472,financial data present but missing supporting fields,remove_incomplete_rows
,,,,,,,<na>,,242.5,153.91,46.14,,,477,financial data present but missing supporting fields,remove_incomplete_rows
,,,,,,,<na>,,672.0,56.0,112.0,,,481,financial data present but missing supporting fields,remove_incomplete_rows
,,,,,,,<na>,,521.73,468.99,52.74,,,486,financial data present but missing supporting fields,remove_incomplete_rows
,,,,,,,<na>,,295.0,22.59,69.1,,,490,financial data present but missing supporting fields,remove_incomplete_rows
,,,,,,,<na>,,52.0,44.99,7.01,,,494,financial data present but missing supporting fields,remove_incomplete_rows
,,,,,,,<na>,,254.6,32.34,94.15,,,500,financial data present but missing supporting fields,remove_incomplete_rows
,,,,,,,<na>,,31.0,26.91,4.09,,,504,financial data present but missing supporting fields,remove_incomplete_rows
,,,,,,,<na>,,5.75,4.74,1.01,,,519,financial data present but missing supporting fields,remove_incomplete_rows
,,,,,,,<na>,,30.0,0.65,23.5,,,523,financial data present but missing supporting fields,remove_incomplete_rows
,,,,,,,<na>,,372.0,88.06,77.73,,,528,financial data present but missing supporting fields,remove_incomplete_rows
,,,,,,,<na>,,365.0,14.0,85.0,,,532,financial data present but missing supporting fields,remove_incomplete_rows
,,,,,,,<na>,,30.0,17.6,12.4,,,536,financial data present but missing supporting fields,remove_incomplete_rows
,,,,,,,<na>,,296.5,203.65,92.85,,,542,financial data present but missing supporting fields,remove_incomplete_rows
,,,,,,,<na>,,4908.95,3256.0,1652.95,,,547,financial data present but missing supporting fields,remove_incomplete_rows
,,,,,,,<na>,,19.75,16.36,3.39,,,551,financial data present but missing supporting fields,remove_incomplete_rows
,,,,,,,<na>,,1153.0,93.49,344.26,,,560,financial data present but missing supporting fields,remove_incomplete_rows
,,,,,,,<na>,,1200.0,13.5,120.0,,,564,financial data present but missing supporting fields,remove_incomplete_rows
,,,,,,,<na>,,24.12,0.48,14.52,,,568,financial data present but missing supporting fields,remove_incomplete_rows
,,,,,,,<na>,,239.75,15.62,112.77,,,574,financial data present but missing supporting fields,remove_incomplete_rows
,,,,,,,<na>,,4743.9,432.28,634.42,,,581,financial data present but missing supporting fields,remove_incomplete_rows
,,,,,,,<na>,,148.5,68.3,29.81,,,586,financial data present but missing supporting fields,remove_incomplete_rows
,,,,,,,<na>,,170.5,84.7,63.18,,,591,financial data present but missing supporting fields,remove_incomplete_rows
,,,,,,,<na>,,137.37,113.74,23.63,,,596,financial data present but missing supporting fields,remove_incomplete_rows
,,,,,,,<na>,,413.75,160.87,99.24,,,603,financial data present but missing supporting fields,remove_incomplete_rows
,,,,,,,<na>,,239.5,126.56,24.29,,,610,financial data present but missing supporting fields,remove_incomplete_rows
,,,,,,,<na>,,111.0,2.93,67.05,,,614,financial data present but missing supporting fields,remove_incomplete_rows
,,,,,,,<na>,,75.0,63.56,11.44,,,619,financial data present but missing supporting fields,remove_incomplete_rows
,,,,,,,<na>,,66.0,5.34,39.28,,,624,financial data present but missing supporting fields,remove_incomplete_rows
,,,,,,,<na>,,25.8,7.67,2.79,,,629,financial data present but missing supporting fields,remove_incomplete_rows
,,,,,,,<na>,,47.0,42.36,4.64,,,633,financial data present but missing supporting fields,remove_incomplete_rows
,,,,,,,<na>,,152.25,73.6,57.11,,,639,financial data present but missing supporting fields,remove_incomplete_rows
,,,,,,,<na>,,46.5,42.03,4.47,,,643,financial data present but missing supporting fields,remove_incomplete_rows
,,,,,,,<na>,,112.0,1.25,94.5,,,647,financial data present but missing supporting fields,remove_incomplete_rows
,,,,,,,<na>,,121.75,98.73,23.02,,,652,financial data present but missing supporting fields,remove_incomplete_rows
,,,,,,,<na>,,1634.5,41.56,206.94,,,657,financial data present but missing supporting fields,remove_incomplete_rows
,,,,,,,<na>,,2000.4,18.45,444.48,,,663,financial data present but missing supporting fields,remove_incomplete_rows
,,,,,,,<na>,,800.0,14.0,100.0,,,667,financial data present but missing supporting fields,remove_incomplete_rows
,,,,,,,<na>,,30.6,4.48,3.72,,,672,financial data present but missing supporting fields,remove_incomplete_rows
,,,,,,,<na>,,70.5,62.07,8.43,,,676,financial data present but missing supporting fields,remove_incomplete_rows
,,,,,,,<na>,,896.0,500.0,396.0,,,680,financial data present but missing supporting fields,remove_incomplete_rows
,,,,,,,<na>,,30.0,17.6,12.4,,,684,financial data present but missing supporting fields,remove_incomplete_rows
,,,,,,,<na>,,1287.4,618.44,164.45,,,690,financial data present but missing supporting fields,remove_incomplete_rows
,,,,,,,<na>,,116.25,20.87,11.92,,,694,financial data present but missing supporting fields,remove_incomplete_rows
,,,,,,,<na>,,91.0,41.36,8.28,,,698,financial data present but missing supporting fields,remove_incomplete_rows
,,,,,,,<na>,,996.5,45.5,166.89,,,704,financial data present but missing supporting fields,remove_incomplete_rows
,,,,,,,<na>,,18.5,15.16,3.34,,,708,financial data present but missing supporting fields,remove_incomplete_rows
,,,,,,,<na>,,1530.0,71.33,329.07,,,713,financial data present but missing supporting fields,remove_incomplete_rows
,,,,,,,<na>,,5085.0,3300.0,1785.0,,,717,financial data present but missing supporting fields,remove_incomplete_rows
,,,,,,,<na>,,30.0,9.2,11.6,,,721,financial data present but missing supporting fields,remove_incomplete_rows
,,,,,,,<na>,,30.0,5.42,2.88,,,725,financial data present but missing supporting fields,remove_incomplete_rows
,,,,,,,<na>,,638.4,56.0,78.4,,,729,financial data present but missing supporting fields,remove_incomplete_rows
,,,,,,,<na>,,269.5,16.0,45.47,,,734,financial data present but missing supporting fields,remove_incomplete_rows
,,,,,,,<na>,,17.0,3.65,2.4,,,738,financial data present but missing supporting fields,remove_incomplete_rows
,,,,,,,<na>,,13.0,11.7,1.3,,,742,financial data present but missing supporting fields,remove_incomplete_rows
,,,,,,,<na>,,11.5,10.16,1.34,,,746,financial data present but missing supporting fields,remove_incomplete_rows
,,,,,,,<na>,,17.25,5.19,1.68,,,750,financial data present but missing supporting fields,remove_incomplete_rows
,,,,,,,<na>,,71.75,62.63,9.13,,,755,financial data present but missing supporting fields,remove_incomplete_rows
,,,,,,,<na>,,40.0,9.6,30.4,,,759,financial data present but missing supporting fields,remove_incomplete_rows
,,,,,,,<na>,,94.5,16.55,24.89,,,765,financial data present but missing supporting fields,remove_incomplete_rows
,,,,,,,<na>,,110.68,30.74,13.32,,,770,financial data present but missing supporting fields,remove_incomplete_rows
,,,,,,,<na>,,17.75,14.29,3.46,,,774,financial data present but missing supporting fields,remove_incomplete_rows
,,,,,,,<na>,,66.0,9.43,9.42,,,778,financial data present but missing supporting fields,remove_incomplete_rows
,,,,,,,<na>,,735.0,306.21,122.57,,,782,financial data present but missing supporting fields,remove_incomplete_rows
,,,,,,,<na>,,35.0,26.74,8.26,,,786,financial data present but missing supporting fields,remove_incomplete_rows
,,,,,,,<na>,,35.0,26.74,8.26,,,790,financial data present but missing supporting fields,remove_incomplete_rows
,,,,,,,<na>,,219.0,70.26,27.84,,,795,financial data present but missing supporting fields,remove_incomplete_rows
,,,,,,,<na>,,16.5,7.15,2.19,,,799,financial data present but missing supporting fields,remove_incomplete_rows
,,,,,,,<na>,,194.0,63.2,49.99,,,804,financial data present but missing supporting fields,remove_incomplete_rows
,,,,,,,<na>,,147.25,122.67,24.58,,,808,financial data present but missing supporting fields,remove_incomplete_rows
,,,,,,,<na>,,305.2,36.85,103.75,,,814,financial data present but missing supporting fields,remove_incomplete_rows
,,,,,,,<na>,,216.3,4.3,126.0,,,818,financial data present but missing supporting fields,remove_incomplete_rows
,,,,,,,<na>,,214.99,178.46,0.28,,,824,financial data present but missing supporting fields,remove_incomplete_rows
,,,,,,,<na>,,332.75,264.89,67.86,,,830,financial data present but missing supporting fields,remove_incomplete_rows
,,,,,,,<na>,,112.0,1.25,94.5,,,834,financial data present but missing supporting fields,remove_incomplete_rows
,,,,,,,<na>,,190.0,30.2,39.0,,,838,financial data present but missing supporting fields,remove_incomplete_rows
,,,,,,,<na>,,87.0,79.0,8.0,,,842,financial data present but missing supporting fields,remove_incomplete_rows
,,,,,,,<na>,,66.0,54.98,11.02,,,846,financial data present but missing supporting fields,remove_incomplete_rows
,,,,,,,<na>,,204.4,16.47,-26.18,,,850,financial data present but missing supporting fields,remove_incomplete_rows
,,,,,,,<na>,,145.75,121.42,24.33,,,854,financial data present but missing supporting fields,remove_incomplete_rows
,,,,,,,<na>,,147.05,20.34,45.35,,,860,financial data present but missing supporting fields,remove_incomplete_rows
,,,,,,,<na>,,79.5,59.67,19.83,,,866,financial data present but missing supporting fields,remove_incomplete_rows
,,,,,,,<na>,,49.25,44.2,5.05,,,870,financial data present but missing supporting fields,remove_incomplete_rows
,,,,,,,<na>,,46.0,18.87,8.26,,,874,financial data present but missing supporting fields,remove_incomplete_rows
,,,,,,,<na>,,428.0,85.59,56.33,,,880,financial data present but missing supporting fields,remove_incomplete_rows
,,,,,,,<na>,,35.0,30.22,4.78,,,884,financial data present but missing supporting fields,remove_incomplete_rows
,,,,,,,<na>,,105.0,26.74,24.78,,,888,financial data present but missing supporting fields,remove_incomplete_rows
,,,,,,,<na>,,32.5,2.45,20.25,,,892,financial data present but missing supporting fields,remove_incomplete_rows
,,,,,,,<na>,,27.75,23.04,4.71,,,896,financial data present but missing supporting fields,remove_incomplete_rows
,,,,,,,<na>,,18.5,15.16,3.34,,,900,financial data present but missing supporting fields,remove_incomplete_rows
,,,,,,,<na>,,46.5,42.03,4.47,,,904,financial data present but missing supporting fields,remove_incomplete_rows
,,,,,,,<na>,,34.0,30.67,3.33,,,908,financial data present but missing supporting fields,remove_incomplete_rows
,,,,,,,<na>,,293.55,94.0,11.55,,,912,financial data present but missing supporting fields,remove_incomplete_rows
,,,,,,,<na>,,733.45,147.95,151.03,,,922,financial data present but missing supporting fields,remove_incomplete_rows
,,,,,,,<na>,,314.5,72.07,52.65,,,929,financial data present but missing supporting fields,remove_incomplete_rows
,,,,,,,<na>,,84.5,75.01,9.49,,,934,financial data present but missing supporting fields,remove_incomplete_rows
,,,,,,,<na>,,214.5,170.28,44.22,,,941,financial data present but missing supporting fields,remove_incomplete_rows
,,,,,,,<na>,,232.68,207.42,25.26,,,946,financial data present but missing supporting fields,remove_incomplete_rows
,,,,,,,<na>,,28.2,14.0,6.53,,,951,financial data present but missing supporting fields,remove_incomplete_rows
,,,,,,,<na>,,160.5,140.74,19.76,,,955,financial data present but missing supporting fields,remove_incomplete_rows
,,,,,,,<na>,,40.0,9.6,30.4,,,959,financial data present but missing supporting fields,remove_incomplete_rows
,,,,,,,<na>,,79.8,36.26,7.29,,,963,financial data present but missing supporting fields,remove_incomplete_rows
,,,,,,,<na>,,99.48,60.01,33.68,,,974,financial data present but missing supporting fields,remove_incomplete_rows
,,,,,,,<na>,,250.0,0.78,172.0,,,978,financial data present but missing supporting fields,remove_incomplete_rows
,,,,,,,<na>,,34.5,5.19,3.36,,,982,financial data present but missing supporting fields,remove_incomplete_rows
,,,,,,,<na>,,24.0,2.26,14.96,,,986,financial data present but missing supporting fields,remove_incomplete_rows
,,,,,,,<na>,,32.0,25.34,6.66,,,990,financial data present but missing supporting fields,remove_incomplete_rows
,,,,,,,<na>,,27.75,23.04,4.71,,,994,financial data present but missing supporting fields,remove_incomplete_rows
,,,,,,,<na>,,15.0,9.2,5.8,,,998,financial data present but missing supporting fields,remove_incomplete_rows
,,,,,,,<na>,,18.5,15.16,3.34,,,1002,financial data present but missing supporting fields,remove_incomplete_rows
,,,,,,,<na>,,55.0,4.45,32.75,,,1006,financial data present but missing supporting fields,remove_incomplete_rows
,,,,,,,<na>,,106.75,93.2,13.55,,,1011,financial data present but missing supporting fields,remove_incomplete_rows
,,,,,,,<na>,,24.25,17.61,6.64,,,1015,financial data present but missing supporting fields,remove_incomplete_rows
,,,,,,,<na>,,83.75,71.58,12.17,,,1020,financial data present but missing supporting fields,remove_incomplete_rows
,,,,,,,<na>,,89.5,49.89,34.71,,,1025,financial data present but missing supporting fields,remove_incomplete_rows
,,,,,,,<na>,,24.5,21.86,2.64,,,1030,financial data present but missing supporting fields,remove_incomplete_rows
,,,,,,,<na>,,11.0,6.33,4.67,,,1034,financial data present but missing supporting fields,remove_incomplete_rows
,,,,,,,<na>,,940.8,56.0,156.8,,,1039,financial data present but missing supporting fields,remove_incomplete_rows
,,,,,,,<na>,,175.0,26.74,41.29,,,1043,financial data present but missing supporting fields,remove_incomplete_rows
,,,,,,,<na>,,18.5,15.16,3.34,,,1047,financial data present but missing supporting fields,remove_incomplete_rows
,,,,,,,<na>,,15.0,9.2,5.8,,,1051,financial data present but missing supporting fields,remove_incomplete_rows
,,,,,,,<na>,,42.0,2.8,25.2,,,1055,financial data present but missing supporting fields,remove_incomplete_rows
,,,,,,,<na>,,70.5,62.07,8.43,,,1059,financial data present but missing supporting fields,remove_incomplete_rows
,,,,,,,<na>,,1112.25,333.85,110.7,,,1063,financial data present but missing supporting fields,remove_incomplete_rows
,,,,,,,<na>,,56.0,21.89,12.22,,,1067,financial data present but missing supporting fields,remove_incomplete_rows
,,,,,,,<na>,,34.5,27.56,6.94,,,1071,financial data present but missing supporting fields,remove_incomplete_rows
,,,,,,,<na>,,50.0,11.13,5.48,,,1075,financial data present but missing supporting fields,remove_incomplete_rows
,,,,,,,<na>,,171.25,112.93,22.59,,,1083,financial data present but missing supporting fields,remove_incomplete_rows
,,,,,,,<na>,,120.0,5.16,31.91,,,1088,financial data present but missing supporting fields,remove_incomplete_rows
,,,,,,,<na>,,30.0,4.0,22.0,,,1092,financial data present but missing supporting fields,remove_incomplete_rows
,,,,,,,<na>,,11.0,6.33,4.67,,,1096,financial data present but missing supporting fields,remove_incomplete_rows
,,,,,,,<na>,,157.5,5.6,39.9,,,1100,financial data present but missing supporting fields,remove_incomplete_rows
,,,,,,,<na>,,60.5,54.0,6.5,,,1104,financial data present but missing supporting fields,remove_incomplete_rows
,,,,,,,<na>,,30.0,9.2,11.6,,,1108,financial data present but missing supporting fields,remove_incomplete_rows
,,,,,,,<na>,,157.75,24.36,31.2,,,1113,financial data present but missing supporting fields,remove_incomplete_rows
,,,,,,,<na>,,537.5,430.0,107.5,,,1117,financial data present but missing supporting fields,remove_incomplete_rows
,,,,,,,<na>,,23.0,18.46,4.54,,,1121,financial data present but missing supporting fields,remove_incomplete_rows
,,,,,,,<na>,,300.0,4.31,215.24,,,1126,financial data present but missing supporting fields,remove_incomplete_rows
,,,,,,,<na>,,369.6,24.0,174.6,,,1131,financial data present but missing supporting fields,remove_incomplete_rows
,,,,,,,<na>,,105.0,18.47,12.63,,,1136,financial data present but missing supporting fields,remove_incomplete_rows
,,,,,,,<na>,,130.0,117.0,13.0,,,1140,financial data present but missing supporting fields,remove_incomplete_rows
,,,,,,,<na>,,53.5,23.41,6.68,,,1144,financial data present but missing supporting fields,remove_incomplete_rows
,,,,,,,<na>,,90.0,50.0,40.0,,,1148,financial data present but missing supporting fields,remove_incomplete_rows
,,,,,,,<na>,,15.0,4.0,11.0,,,1152,financial data present but missing supporting fields,remove_incomplete_rows
,,,,,,,<na>,,114.0,91.34,19.01,,,1158,financial data present but missing supporting fields,remove_incomplete_rows
,,,,,,,<na>,,60.0,0.29,54.23,,,1162,financial data present but missing supporting fields,remove_incomplete_rows
,,,,,,,<na>,,390.0,25.22,47.43,,,1168,financial data present but missing supporting fields,remove_incomplete_rows
,,,,,,,<na>,,153.5,130.61,22.89,,,1173,financial data present but missing supporting fields,remove_incomplete_rows
,,,,,,,<na>,,495.87,113.9,131.67,,,1178,financial data present but missing supporting fields,remove_incomplete_rows
,,,,,,,<na>,,62.25,17.75,44.5,,,1182,financial data present but missing supporting fields,remove_incomplete_rows
,,,,,,,<na>,,422.25,38.6,81.22,,,1189,financial data present but missing supporting fields,remove_incomplete_rows
,,,,,,,<na>,,85.0,68.4,16.6,,,1193,financial data present but missing supporting fields,remove_incomplete_rows
,,,,,,,<na>,,30.0,0.36,26.4,,,1197,financial data present but missing supporting fields,remove_incomplete_rows
,,,,,,,<na>,,56.25,46.73,9.52,,,1201,financial data present but missing supporting fields,remove_incomplete_rows
,,,,,,,<na>,,519.0,61.56,109.79,,,1206,financial data present but missing supporting fields,remove_incomplete_rows
,,,,,,,<na>,,91.0,8.25,8.5,,,1211,financial data present but missing supporting fields,remove_incomplete_rows
,,,,,,,<na>,,20.25,17.47,2.78,,,1215,financial data present but missing supporting fields,remove_incomplete_rows
,,,,,,,<na>,,666.35,51.37,146.83,,,1221,financial data present but missing supporting fields,remove_incomplete_rows
,,,,,,,<na>,,120.3,38.9,26.19,,,1227,financial data present but missing supporting fields,remove_incomplete_rows
,,,,,,,<na>,,318.5,183.27,106.84,,,1234,financial data present but missing supporting fields,remove_incomplete_rows
,,,,,,,<na>,,68.5,11.52,10.27,,,1239,financial data present but missing supporting fields,remove_incomplete_rows
,,,,,,,<na>,,139.0,63.0,13.0,,,1243,financial data present but missing supporting fields,remove_incomplete_rows
,,,,,,,<na>,,43.0,0.82,34.8,,,1248,financial data present but missing supporting fields,remove_incomplete_rows
,,,,,,,<na>,,18.25,16.07,2.18,,,1252,financial data present but missing supporting fields,remove_incomplete_rows
,,,,,,,<na>,,17.0,7.54,1.93,,,1256,financial data present but missing supporting fields,remove_incomplete_rows
,,,,,,,<na>,,29.0,25.33,3.67,,,1260,financial data present but missing supporting fields,remove_incomplete_rows
,,,,,,,<na>,,23.0,18.32,4.68,,,1264,financial data present but missing supporting fields,remove_incomplete_rows
,,,,,,,<na>,,163.0,144.66,18.34,,,1270,financial data present but missing supporting fields,remove_incomplete_rows
,,,,,,,<na>,,50.0,10.94,6.26,,,1274,financial data present but missing supporting fields,remove_incomplete_rows
,,,,,,,<na>,,22.5,16.72,5.78,,,1278,financial data present but missing supporting fields,remove_incomplete_rows
,,,,,,,<na>,,156.25,136.21,20.04,,,1282,financial data present but missing supporting fields,remove_incomplete_rows
,,,,,,,<na>,,19.5,0.66,10.92,,,1286,financial data present but missing supporting fields,remove_incomplete_rows
,,,,,,,<na>,,23.5,10.03,3.44,,,1291,financial data present but missing supporting fields,remove_incomplete_rows
,,,,,,,<na>,,2.5,1.17,1.33,,,1295,financial data present but missing supporting fields,remove_incomplete_rows
,,,,,,,<na>,,106.0,23.73,11.08,,,1299,financial data present but missing supporting fields,remove_incomplete_rows
,,,,,,,<na>,,63.75,3.65,9.01,,,1303,financial data present but missing supporting fields,remove_incomplete_rows
,,,,,,,<na>,,486.5,28.0,94.5,,,1307,financial data present but missing supporting fields,remove_incomplete_rows
,,,,,,,<na>,,147.25,122.67,24.58,,,1311,financial data present but missing supporting fields,remove_incomplete_rows
,,,,,,,<na>,,492.8,29.5,20.8,,,1315,financial data present but missing supporting fields,remove_incomplete_rows
,,,,,,,<na>,,28.5,24.38,4.12,,,1319,financial data present but missing supporting fields,remove_incomplete_rows
,,,,,,,<na>,,363.0,205.15,63.73,,,1325,financial data present but missing supporting fields,remove_incomplete_rows
,,,,,,,<na>,,584.18,129.95,-54.67,,,1335,financial data present but missing supporting fields,remove_incomplete_rows
,,,,,,,<na>,,52.0,44.99,7.01,,,1339,financial data present but missing supporting fields,remove_incomplete_rows
,,,,,,,<na>,,1276.8,56.0,156.8,,,1343,financial data present but missing supporting fields,remove_incomplete_rows
,,,,,,,<na>,,24.5,21.86,2.64,,,1348,financial data present but missing supporting fields,remove_incomplete_rows
,,,,,,,<na>,,98.5,6.25,37.89,,,1353,financial data present but missing supporting fields,remove_incomplete_rows
,,,,,,,<na>,,53.0,44.19,8.81,,,1357,financial data present but missing supporting fields,remove_incomplete_rows
,,,,,,,<na>,,578.0,198.64,100.09,,,1363,financial data present but missing supporting fields,remove_incomplete_rows
,,,,,,,<na>,,210.0,3.95,91.5,,,1367,financial data present but missing supporting fields,remove_incomplete_rows
,,,,,,,<na>,,1004.0,285.05,-136.2,,,1371,financial data present but missing supporting fields,remove_incomplete_rows
,,,,,,,<na>,,219.5,108.47,21.08,,,1376,financial data present but missing supporting fields,remove_incomplete_rows
,,,,,,,<na>,,77.5,66.33,11.17,,,1382,financial data present but missing supporting fields,remove_incomplete_rows
,,,,,,,<na>,,15.0,9.2,5.8,,,1386,financial data present but missing supporting fields,remove_incomplete_rows
,,,,,,,<na>,,286.0,39.67,91.33,,,1391,financial data present but missing supporting fields,remove_incomplete_rows
,,,,,,,<na>,,15.0,9.2,5.8,,,1395,financial data present but missing supporting fields,remove_incomplete_rows
,,,,,,,<na>,,103.75,90.58,13.17,,,1401,financial data present but missing supporting fields,remove_incomplete_rows
,,,,,,,<na>,,18.75,17.94,0.81,,,1405,financial data present but missing supporting fields,remove_incomplete_rows
,,,,,,,<na>,,24.0,0.47,21.36,,,1410,financial data present but missing supporting fields,remove_incomplete_rows
,,,,,,,<na>,,23.0,19.83,3.17,,,1414,financial data present but missing supporting fields,remove_incomplete_rows
,,,,,,,<na>,,34.5,27.56,6.94,,,1418,financial data present but missing supporting fields,remove_incomplete_rows
,,,,,,,<na>,,10.0,1.3,4.79,,,1422,financial data present but missing supporting fields,remove_incomplete_rows
,,,,,,,<na>,,188.5,137.19,18.47,,,1427,financial data present but missing supporting fields,remove_incomplete_rows
,,,,,,,<na>,,42.3,14.78,20.4,,,1432,financial data present but missing supporting fields,remove_incomplete_rows
,,,,,,,<na>,,93.5,81.34,12.16,,,1436,financial data present but missing supporting fields,remove_incomplete_rows
,,,,,,,<na>,,69.75,57.94,11.81,,,1440,financial data present but missing supporting fields,remove_incomplete_rows
,,,,,,,<na>,,2490.0,1383.0,1107.0,,,1445,financial data present but missing supporting fields,remove_incomplete_rows
,,,,,,,<na>,,164.0,30.56,41.76,,,1450,financial data present but missing supporting fields,remove_incomplete_rows
,,,,,,,<na>,,239.0,159.53,28.27,,,1455,financial data present but missing supporting fields,remove_incomplete_rows
,,,,,,,<na>,,150.5,44.27,38.95,,,1461,financial data present but missing supporting fields,remove_incomplete_rows
,,,,,,,<na>,,80.0,72.5,7.5,,,1465,financial data present but missing supporting fields,remove_incomplete_rows
,,,,,,,<na>,,28.5,11.74,5.02,,,1469,financial data present but missing supporting fields,remove_incomplete_rows
,,,,,,,<na>,,70.5,10.5,7.5,,,1473,financial data present but missing supporting fields,remove_incomplete_rows
,,,,,,,<na>,,308.96,39.31,-84.18,,,1477,financial data present but missing supporting fields,remove_incomplete_rows
,,,,,,,<na>,,71.45,29.12,12.18,,,1483,financial data present but missing supporting fields,remove_incomplete_rows
,,,,,,,<na>,,355.2,60.76,-22.52,,,1488,financial data present but missing supporting fields,remove_incomplete_rows
,,,,,,,<na>,,128.66,35.03,23.59,,,1494,financial data present but missing supporting fields,remove_incomplete_rows
,,,,,,,<na>,,930.0,84.2,88.0,,,1498,financial data present but missing supporting fields,remove_incomplete_rows
,,,,,,,<na>,,47.5,19.48,8.54,,,1502,financial data present but missing supporting fields,remove_incomplete_rows
,,,,,,,<na>,,50.0,12.5,37.5,,,1506,financial data present but missing supporting fields,remove_incomplete_rows
,,,,,,,<na>,,440.0,17.34,93.2,,,1510,financial data present but missing supporting fields,remove_incomplete_rows
,,,,,,,<na>,,12.0,4.0,8.0,,,1514,financial data present but missing supporting fields,remove_incomplete_rows
,,,,,,,<na>,,154.5,4.3,90.0,,,1518,financial data present but missing supporting fields,remove_incomplete_rows
,,,,,,,<na>,,32.5,0.75,28.75,,,1522,financial data present but missing supporting fields,remove_incomplete_rows
,,,,,,,<na>,,43.5,18.87,5.76,,,1526,financial data present but missing supporting fields,remove_incomplete_rows
,,,,,,,<na>,,29.0,25.33,3.67,,,1530,financial data present but missing supporting fields,remove_incomplete_rows
,,,,,,,<na>,,81.4,70.39,11.01,,,1535,financial data present but missing supporting fields,remove_incomplete_rows
,,,,,,,<na>,,4.5,0.6,2.7,,,1539,financial data present but missing supporting fields,remove_incomplete_rows
,,,,,,,<na>,,24.5,10.03,10.77,,,1544,financial data present but missing supporting fields,remove_incomplete_rows
,,,,,,,<na>,,370.0,8.11,207.76,,,1548,financial data present but missing supporting fields,remove_incomplete_rows
,,,,,,,<na>,,5.5,1.47,4.03,,,1552,financial data present but missing supporting fields,remove_incomplete_rows
,,,,,,,<na>,,548.25,76.68,63.06,,,1557,financial data present but missing supporting fields,remove_incomplete_rows
,,,,,,,<na>,,1219.75,967.67,239.43,,,1563,financial data present but missing supporting fields,remove_incomplete_rows
,,,,,,,<na>,,15.5,12.95,2.55,,,1567,financial data present but missing supporting fields,remove_incomplete_rows
,,,,,,,<na>,,80.0,9.6,60.8,,,1571,financial data present but missing supporting fields,remove_incomplete_rows
,,,,,,,<na>,,18.0,14.98,3.02,,,1575,financial data present but missing supporting fields,remove_incomplete_rows
,,,,,,,<na>,,236.0,203.58,32.42,,,1580,financial data present but missing supporting fields,remove_incomplete_rows
,,,,,,,<na>,,174.0,135.52,38.48,,,1584,financial data present but missing supporting fields,remove_incomplete_rows
,,,,,,,<na>,,49.25,44.2,5.05,,,1588,financial data present but missing supporting fields,remove_incomplete_rows
,,,,,,,<na>,,81.75,28.75,13.9,,,1593,financial data present but missing supporting fields,remove_incomplete_rows
,,,,,,,<na>,,166.25,36.68,25.34,,,1598,financial data present but missing supporting fields,remove_incomplete_rows
,,,,,,,<na>,,57.5,4.72,10.33,,,1602,financial data present but missing supporting fields,remove_incomplete_rows
,,,,,,,<na>,,27.75,23.04,4.71,,,1606,financial data present but missing supporting fields,remove_incomplete_rows
,,,,,,,<na>,,93.0,20.87,9.54,,,1610,financial data present but missing supporting fields,remove_incomplete_rows
,,,,,,,<na>,,332.0,165.46,62.47,,,1615,financial data present but missing supporting fields,remove_incomplete_rows
,,,,,,,<na>,,1509.99,780.18,729.81,,,1621,financial data present but missing supporting fields,remove_incomplete_rows
,,,,,,,<na>,,108.0,93.24,14.76,,,1625,financial data present but missing supporting fields,remove_incomplete_rows
,,,,,,,<na>,,160.0,7.12,17.63,,,1629,financial data present but missing supporting fields,remove_incomplete_rows
,,,,,,,<na>,,1239.0,162.19,175.25,,,1637,financial data present but missing supporting fields,remove_incomplete_rows
,,,,,,,<na>,,91.0,41.36,8.28,,,1641,financial data present but missing supporting fields,remove_incomplete_rows
,,,,,,,<na>,,20.0,0.84,11.58,,,1645,financial data present but missing supporting fields,remove_incomplete_rows
,,,,,,,<na>,,196.45,29.12,34.09,,,1651,financial data present but missing supporting fields,remove_incomplete_rows
,,,,,,,<na>,,107.0,23.41,13.36,,,1655,financial data present but missing supporting fields,remove_incomplete_rows
,,,,,,,<na>,,474.75,143.84,43.23,,,1659,financial data present but missing supporting fields,remove_incomplete_rows
,,,,,,,<na>,,374.5,274.72,35.59,,,1664,financial data present but missing supporting fields,remove_incomplete_rows
,,,,,,,<na>,,414.32,25.0,164.32,,,1668,financial data present but missing supporting fields,remove_incomplete_rows
,,,,,,,<na>,,516.34,98.07,154.31,,,1682,financial data present but missing supporting fields,remove_incomplete_rows
,,,,,,,<na>,,72.25,65.49,6.76,,,1686,financial data present but missing supporting fields,remove_incomplete_rows
,,,,,,,<na>,,17.84,0.49,12.94,,,1690,financial data present but missing supporting fields,remove_incomplete_rows
,,,,,,,<na>,,85.0,3.65,12.01,,,1694,financial data present but missing supporting fields,remove_incomplete_rows
,,,,,,,<na>,,42.5,3.65,6.01,,,1698,financial data present but missing supporting fields,remove_incomplete_rows
,,,,,,,<na>,,40.0,9.6,30.4,,,1702,financial data present but missing supporting fields,remove_incomplete_rows
,,,,,,,<na>,,103.0,19.7,24.2,,,1706,financial data present but missing supporting fields,remove_incomplete_rows
,,,,,,,<na>,,503.5,439.04,64.46,,,1713,financial data present but missing supporting fields,remove_incomplete_rows
,,,,,,,<na>,,51.75,43.21,8.54,,,1717,financial data present but missing supporting fields,remove_incomplete_rows
,,,,,,,<na>,,176.0,18.3,29.64,,,1721,financial data present but missing supporting fields,remove_incomplete_rows
,,,,,,,<na>,,50.0,0.39,42.2,,,1725,financial data present but missing supporting fields,remove_incomplete_rows
,,,,,,,<na>,,177.0,84.79,41.27,,,1731,financial data present but missing supporting fields,remove_incomplete_rows
,,,,,,,<na>,,66.0,55.08,10.92,,,1735,financial data present but missing supporting fields,remove_incomplete_rows
,,,,,,,<na>,,281.92,262.99,18.93,,,1739,financial data present but missing supporting fields,remove_incomplete_rows
,,,,,,,<na>,,748.25,679.49,68.76,,,1744,financial data present but missing supporting fields,remove_incomplete_rows
,,,,,,,<na>,,20.5,9.15,2.2,,,1748,financial data present but missing supporting fields,remove_incomplete_rows
,,,,,,,<na>,,30.75,9.15,3.3,,,1752,financial data present but missing supporting fields,remove_incomplete_rows
,,,,,,,<na>,,32.0,28.98,3.02,,,1756,financial data present but missing supporting fields,remove_incomplete_rows
,,,,,,,<na>,,28.5,11.74,5.02,,,1760,financial data present but missing supporting fields,remove_incomplete_rows
,,,,,,,<na>,,72.2,18.1,28.19,,,1765,financial data present but missing supporting fields,remove_incomplete_rows
,,,,,,,<na>,,132.5,23.8,13.5,,,1769,financial data present but missing supporting fields,remove_incomplete_rows
,,,,,,,<na>,,121.0,109.25,11.75,,,1773,financial data present but missing supporting fields,remove_incomplete_rows
,,,,,,,<na>,,126.25,16.26,22.35,,,1778,financial data present but missing supporting fields,remove_incomplete_rows
,,,,,,,<na>,,75.6,63.0,12.6,,,1782,financial data present but missing supporting fields,remove_incomplete_rows
,,,,,,,<na>,,774.75,138.93,80.11,,,1787,financial data present but missing supporting fields,remove_incomplete_rows
,,,,,,,<na>,,1256.5,604.11,186.32,,,1794,financial data present but missing supporting fields,remove_incomplete_rows
,,,,,,,<na>,,120.82,63.14,20.25,,,1800,financial data present but missing supporting fields,remove_incomplete_rows
,,,,,,,<na>,,6778.18,211.05,-410.65,,,1809,financial data present but missing supporting fields,remove_incomplete_rows
,,,,,,,<na>,,24.5,21.86,2.64,,,1814,financial data present but missing supporting fields,remove_incomplete_rows
,,,,,,,<na>,,75.0,61.77,13.23,,,1818,financial data present but missing supporting fields,remove_incomplete_rows
,,,,,,,<na>,,36.0,32.4,3.6,,,1822,financial data present but missing supporting fields,remove_incomplete_rows
,,,,,,,<na>,,84.0,10.5,31.5,,,1826,financial data present but missing supporting fields,remove_incomplete_rows
,,,,,,,<na>,,151.15,51.0,29.52,,,1831,financial data present but missing supporting fields,remove_incomplete_rows
,,,,,,,<na>,,533.6,80.85,126.7,,,1837,financial data present but missing supporting fields,remove_incomplete_rows
,,,,,,,<na>,,35.0,1.51,19.9,,,1841,financial data present but missing supporting fields,remove_incomplete_rows
,,,,,,,<na>,,439.5,56.56,275.5,,,1847,financial data present but missing supporting fields,remove_incomplete_rows
,,,,,,,<na>,,425.0,30.54,119.6,,,1851,financial data present but missing supporting fields,remove_incomplete_rows
,,,,,,,<na>,,18.5,15.16,3.34,,,1855,financial data present but missing supporting fields,remove_incomplete_rows
,,,,,,,<na>,,679.0,565.61,113.39,,,1860,financial data present but missing supporting fields,remove_incomplete_rows
,,,,,,,<na>,,22.5,16.72,5.78,,,1864,financial data present but missing supporting fields,remove_incomplete_rows
,,,,,,,<na>,,22.5,0.96,12.9,,,1868,financial data present but missing supporting fields,remove_incomplete_rows
,,,,,,,<na>,,13.0,6.5,6.5,,,1872,financial data present but missing supporting fields,remove_incomplete_rows
,,,,,,,<na>,,40.0,9.6,30.4,,,1876,financial data present but missing supporting fields,remove_incomplete_rows
,,,,,,,<na>,,40.0,9.6,30.4,,,1880,financial data present but missing supporting fields,remove_incomplete_rows
,,,,,,,<na>,,45.5,41.36,4.14,,,1884,financial data present but missing supporting fields,remove_incomplete_rows
,,,,,,,<na>,,100.0,45.0,10.0,,,1888,financial data present but missing supporting fields,remove_incomplete_rows
,,,,,,,<na>,,131.75,109.72,22.03,,,1892,financial data present but missing supporting fields,remove_incomplete_rows
,,,,,,,<na>,,177.75,159.97,17.78,,,1897,financial data present but missing supporting fields,remove_incomplete_rows
,,,,,,,<na>,,392.0,7.5,287.0,,,1901,financial data present but missing supporting fields,remove_incomplete_rows
,,,,,,,<na>,,159.75,130.9,28.85,,,1905,financial data present but missing supporting fields,remove_incomplete_rows
,,,,,,,<na>,,33.74,12.78,-4.6,,,1909,financial data present but missing supporting fields,remove_incomplete_rows
,,,,,,,<na>,,900.0,450.0,450.0,,,1913,financial data present but missing supporting fields,remove_incomplete_rows
,,,,,,,<na>,,66.0,6.45,36.6,,,1918,financial data present but missing supporting fields,remove_incomplete_rows
,,,,,,,<na>,,637.5,34.09,126.15,,,1923,financial data present but missing supporting fields,remove_incomplete_rows
,,,,,,,<na>,,1130.0,941.51,188.49,,,1927,financial data present but missing supporting fields,remove_incomplete_rows
,,,,,,,<na>,,199.0,132.69,66.31,,,1931,financial data present but missing supporting fields,remove_incomplete_rows
,,,,,,,<na>,,62.5,21.72,22.27,,,1936,financial data present but missing supporting fields,remove_incomplete_rows
,,,,,,,<na>,,180.0,163.55,16.45,,,1940,financial data present but missing supporting fields,remove_incomplete_rows
,,,,,,,<na>,,85.0,3.65,12.01,,,1944,financial data present but missing supporting fields,remove_incomplete_rows
,,,,,,,<na>,,43.6,9.35,6.2,,,1948,financial data present but missing supporting fields,remove_incomplete_rows
,,,,,,,<na>,,15.0,0.48,10.2,,,1952,financial data present but missing supporting fields,remove_incomplete_rows
,,,,,,,<na>,,78.88,4.45,41.72,,,1962,financial data present but missing supporting fields,remove_incomplete_rows
,,,,,,,<na>,,349.0,322.69,26.31,,,1966,financial data present but missing supporting fields,remove_incomplete_rows
,,,,,,,<na>,,70.5,60.8,9.7,,,1970,financial data present but missing supporting fields,remove_incomplete_rows
,,,,,,,<na>,,96.0,28.98,9.07,,,1974,financial data present but missing supporting fields,remove_incomplete_rows
,,,,,,,<na>,,31.25,25.18,6.07,,,1978,financial data present but missing supporting fields,remove_incomplete_rows
,,,,,,,<na>,,60.5,50.25,10.25,,,1982,financial data present but missing supporting fields,remove_incomplete_rows
,,,,,,,<na>,,26.0,20.7,5.3,,,1986,financial data present but missing supporting fields,remove_incomplete_rows
,,,,,,,<na>,,24.5,21.86,2.64,,,1991,financial data present but missing supporting fields,remove_incomplete_rows
,,,,,,,<na>,,412.5,29.23,91.7,,,1999,financial data present but missing supporting fields,remove_incomplete_rows
,,,,,,,<na>,,893.76,56.0,109.76,,,2004,financial data present but missing supporting fields,remove_incomplete_rows
,,,,,,,<na>,,658.8,31.85,134.4,,,2010,financial data present but missing supporting fields,remove_incomplete_rows
,,,,,,,<na>,,10.0,1.3,4.79,,,2014,financial data present but missing supporting fields,remove_incomplete_rows
,,,,,,,<na>,,28.0,9.67,14.99,,,2019,financial data present but missing supporting fields,remove_incomplete_rows
,,,,,2023-01-01,,<na>,,18.5,15.16,3.34,,,2023,financial data present but missing supporting fields,remove_incomplete_rows
,,,,,2027-01-01,,<na>,,87.5,39.64,8.23,,,2027,financial data present but missing supporting fields,remove_incomplete_rows
,,,,,2031-01-01,,<na>,,26.25,7.44,3.92,,,2031,financial data present but missing supporting fields,remove_incomplete_rows
,,,,,2038-01-01,,<na>,,115.25,99.77,15.48,,,2038,financial data present but missing supporting fields,remove_incomplete_rows
,,,,,2042-01-01,,<na>,,12.0,4.0,8.0,,,2042,financial data present but missing supporting fields,remove_incomplete_rows
,,,,,,,<na>,,34.5,27.56,6.94,,,2046,financial data present but missing supporting fields,remove_incomplete_rows
,,,,,,,<na>,,89.25,3.65,12.61,,,2050,financial data present but missing supporting fields,remove_incomplete_rows
,,,,,,,<na>,,15.0,9.2,5.8,,,2054,financial data present but missing supporting fields,remove_incomplete_rows
,,,,,,,<na>,,30.0,9.2,11.6,,,2058,financial data present but missing supporting fields,remove_incomplete_rows
,,,,,,,<na>,,170.6,78.25,14.09,,,2063,financial data present but missing supporting fields,remove_incomplete_rows
,,,,,,,<na>,,179.0,155.76,23.24,,,2068,financial data present but missing supporting fields,remove_incomplete_rows
,,,,,,,<na>,,168.0,7.5,123.0,,,2072,financial data present but missing supporting fields,remove_incomplete_rows
,,,,,,,<na>,,20.25,17.47,2.78,,,2076,financial data present but missing supporting fields,remove_incomplete_rows
,,,,,,,<na>,,106.0,38.04,12.31,,,2081,financial data present but missing supporting fields,remove_incomplete_rows
,,,,,,,<na>,,57.75,50.81,6.94,,,2086,financial data present but missing supporting fields,remove_incomplete_rows
,,,,,,,<na>,,98.25,25.13,22.86,,,2091,financial data present but missing supporting fields,remove_incomplete_rows
,,,,,,,<na>,,3200.0,2000.0,1200.0,,,2102,financial data present but missing supporting fields,remove_incomplete_rows
,,,,,,,<na>,,18.5,15.16,3.34,,,2106,financial data present but missing supporting fields,remove_incomplete_rows
,,,,,,,<na>,,328.8,11.26,156.0,,,2112,financial data present but missing supporting fields,remove_incomplete_rows
,,,,,,,<na>,,684.0,569.08,114.92,,,2117,financial data present but missing supporting fields,remove_incomplete_rows
,,,,,,,<na>,,68.5,57.0,11.5,,,2121,financial data present but missing supporting fields,remove_incomplete_rows
,,,,,,,<na>,,135.0,123.06,11.94,,,2125,financial data present but missing supporting fields,remove_incomplete_rows
,,,,,,,<na>,,1052.25,956.42,95.83,,,2129,financial data present but missing supporting fields,remove_incomplete_rows
,,,,,,,<na>,,193.5,135.68,24.97,,,2136,financial data present but missing supporting fields,remove_incomplete_rows
,,,,,,,<na>,,12.5,11.01,1.49,,,2140,financial data present but missing supporting fields,remove_incomplete_rows
,,,,,,,<na>,,117.64,20.34,15.94,,,2147,financial data present but missing supporting fields,remove_incomplete_rows
,,,,,,,<na>,,85.0,3.65,12.01,,,2151,financial data present but missing supporting fields,remove_incomplete_rows
,,,,,,,<na>,,28.5,25.08,3.42,,,2155,financial data present but missing supporting fields,remove_incomplete_rows
,,,,,,,<na>,,677.95,123.18,230.45,,,2162,financial data present but missing supporting fields,remove_incomplete_rows
,,,,,,,<na>,,798.0,59.25,332.27,,,2168,financial data present but missing supporting fields,remove_incomplete_rows
,,,,,,,<na>,,357.25,11.06,217.35,,,2175,financial data present but missing supporting fields,remove_incomplete_rows
,,,,,,,<na>,,500.0,43.88,61.2,,,2180,financial data present but missing supporting fields,remove_incomplete_rows
,,,,,,,<na>,,162.5,48.0,114.5,,,2184,financial data present but missing supporting fields,remove_incomplete_rows
,,,,,,,<na>,,468.0,41.64,51.6,,,2188,financial data present but missing supporting fields,remove_incomplete_rows
,,,,,,,<na>,,315.0,238.32,76.68,,,2192,financial data present but missing supporting fields,remove_incomplete_rows
,,,,,,,<na>,,42.75,37.15,5.6,,,2196,financial data present but missing supporting fields,remove_incomplete_rows
,,,,,,,<na>,,47.5,19.48,8.54,,,2200,financial data present but missing supporting fields,remove_incomplete_rows
,,,,,,,<na>,,23.85,13.25,10.6,,,2204,financial data present but missing supporting fields,remove_incomplete_rows
,,,,,,,<na>,,68.15,49.76,7.45,,,2210,financial data present but missing supporting fields,remove_incomplete_rows
,,,,,,,<na>,,73.5,16.4,7.33,,,2215,financial data present but missing supporting fields,remove_incomplete_rows
,,,,,,,<na>,,14.75,13.14,1.61,,,2219,financial data present but missing supporting fields,remove_incomplete_rows
,,,,,,,<na>,,36.25,30.09,6.16,,,2223,financial data present but missing supporting fields,remove_incomplete_rows
,,,,,,,<na>,,60.5,54.0,6.5,,,2227,financial data present but missing supporting fields,remove_incomplete_rows
,,,,,,,<na>,,47.5,43.52,3.98,,,2231,financial data present but missing supporting fields,remove_incomplete_rows
,,,,,,,<na>,,45.0,9.56,32.2,,,2236,financial data present but missing supporting fields,remove_incomplete_rows
,,,,,,,<na>,,48.0,7.13,5.21,,,2240,financial data present but missing supporting fields,remove_incomplete_rows
,,,,,,,<na>,,34.5,27.56,6.94,,,2244,financial data present but missing supporting fields,remove_incomplete_rows
,,,,,,,<na>,,22.0,4.52,3.92,,,2248,financial data present but missing supporting fields,remove_incomplete_rows
,,,,,,,<na>,,41.0,34.44,6.57,,,2252,financial data present but missing supporting fields,remove_incomplete_rows
,,,,,,,<na>,,459.75,325.7,83.8,,,2257,financial data present but missing supporting fields,remove_incomplete_rows
,,,,,,,<na>,,340.0,3.65,48.05,,,2261,financial data present but missing supporting fields,remove_incomplete_rows
,,,,,,,<na>,,148.66,35.42,39.69,,,2268,financial data present but missing supporting fields,remove_incomplete_rows
,,,,,,,<na>,,336.0,56.0,56.0,,,2272,financial data present but missing supporting fields,remove_incomplete_rows
,,,,,,,<na>,,130.0,40.18,49.64,,,2276,financial data present but missing supporting fields,remove_incomplete_rows
,,,,,,,<na>,,227.0,206.31,20.69,,,2280,financial data present but missing supporting fields,remove_incomplete_rows
,,,,,,,<na>,,36.0,16.02,3.96,,,2284,financial data present but missing supporting fields,remove_incomplete_rows
,,,,,,,<na>,,24.0,4.0,16.0,,,2288,financial data present but missing supporting fields,remove_incomplete_rows
,,,,,,,<na>,,59.75,53.25,6.5,,,2293,financial data present but missing supporting fields,remove_incomplete_rows
,,,,,,,<na>,,24.5,21.86,2.64,,,2298,financial data present but missing supporting fields,remove_incomplete_rows
,,,,,,,<na>,,842.5,129.12,414.41,,,2304,financial data present but missing supporting fields,remove_incomplete_rows
,,,,,,,<na>,,18.25,16.13,2.12,,,2309,financial data present but missing supporting fields,remove_incomplete_rows
,,,,,,,<na>,,140.75,122.25,18.5,,,2313,financial data present but missing supporting fields,remove_incomplete_rows
,,,,,,,<na>,,120.5,100.06,20.44,,,2317,financial data present but missing supporting fields,remove_incomplete_rows
,,,,,,,<na>,,61.8,4.3,36.0,,,2322,financial data present but missing supporting fields,remove_incomplete_rows
,,,,,,,<na>,,34.5,27.56,6.94,,,2326,financial data present but missing supporting fields,remove_incomplete_rows
,,,,,,,<na>,,123.6,4.3,72.0,,,2331,financial data present but missing supporting fields,remove_incomplete_rows
,,,,,,,<na>,,277.5,79.77,35.73,,,2337,financial data present but missing supporting fields,remove_incomplete_rows
,,,,,,,<na>,,45.0,9.85,5.6,,,2341,financial data present but missing supporting fields,remove_incomplete_rows
,,,,,,,<na>,,852.8,30.7,203.1,,,2350,financial data present but missing supporting fields,remove_incomplete_rows
,,,,,,,<na>,,87.0,79.0,8.0,,,2354,financial data present but missing supporting fields,remove_incomplete_rows
,,,,,,,<na>,,50.0,10.94,6.26,,,2358,financial data present but missing supporting fields,remove_incomplete_rows
,,,,,,,<na>,,34.0,7.54,3.85,,,2362,financial data present but missing supporting fields,remove_incomplete_rows
,,,,,,,<na>,,120.0,56.0,64.0,,,2366,financial data present but missing supporting fields,remove_incomplete_rows
,,,,,,,<na>,,208.0,3.91,144.35,,,2372,financial data present but missing supporting fields,remove_incomplete_rows
,,,,,,,<na>,,148.75,4.48,98.25,,,2378,financial data present but missing supporting fields,remove_incomplete_rows
,,,,,,,<na>,,18.5,15.16,3.34,,,2382,financial data present but missing supporting fields,remove_incomplete_rows
,,,,,,,<na>,,420.0,32.08,99.24,,,2386,financial data present but missing supporting fields,remove_incomplete_rows
,,,,,,,<na>,,43.75,37.86,5.89,,,2390,financial data present but missing supporting fields,remove_incomplete_rows
,,,,,,,<na>,,201.45,30.53,32.08,,,2395,financial data present but missing supporting fields,remove_incomplete_rows
,,,,,,,<na>,,72.5,4.01,32.41,,,2400,financial data present but missing supporting fields,remove_incomplete_rows
,,,,,,,<na>,,12.0,4.0,8.0,,,2404,financial data present but missing supporting fields,remove_incomplete_rows
,,,,,,,<na>,,144.5,113.95,21.15,,,2409,financial data present but missing supporting fields,remove_incomplete_rows
,,,,,,,<na>,,480.0,19.0,100.0,,,2414,financial data present but missing supporting fields,remove_incomplete_rows
,,,,,,,<na>,,224.46,112.2,112.26,,,2419,financial data present but missing supporting fields,remove_incomplete_rows
,,,,,,,<na>,,701.5,19.2,134.21,,,2424,financial data present but missing supporting fields,remove_incomplete_rows
,,,,,,,<na>,,56.0,1.55,34.3,,,2428,financial data present but missing supporting fields,remove_incomplete_rows
,,,,,,,<na>,,77.5,13.84,8.3,,,2433,financial data present but missing supporting fields,remove_incomplete_rows
,,,,,,,<na>,,183.0,12.18,61.24,,,2439,financial data present but missing supporting fields,remove_incomplete_rows
,,,,,,,<na>,,35.0,30.22,4.78,,,2443,financial data present but missing supporting fields,remove_incomplete_rows
,,,,,,,<na>,,133.5,119.2,14.3,,,2447,financial data present but missing supporting fields,remove_incomplete_rows
,,,,,,,<na>,,34.0,28.11,5.89,,,2452,financial data present but missing supporting fields,remove_incomplete_rows
,,,,,,,<na>,,26.0,20.7,5.3,,,2456,financial data present but missing supporting fields,remove_incomplete_rows
,,,,,,,<na>,,533.25,83.15,181.7,,,2465,financial data present but missing supporting fields,remove_incomplete_rows
,,,,,,,<na>,,13.5,3.7,6.09,,,2469,financial data present but missing supporting fields,remove_incomplete_rows
,,,,,,,<na>,,33.25,26.64,6.61,,,2474,financial data present but missing supporting fields,remove_incomplete_rows
,,,,,,,<na>,,175.5,72.57,60.93,,,2479,financial data present but missing supporting fields,remove_incomplete_rows
,,,,,,,<na>,,157.5,68.51,24.8,,,2484,financial data present but missing supporting fields,remove_incomplete_rows
,,,,,,,<na>,,182.5,150.45,32.05,,,2491,financial data present but missing supporting fields,remove_incomplete_rows
,,,,,,,<na>,,82.4,2.55,56.2,,,2496,financial data present but missing supporting fields,remove_incomplete_rows
,,,,,,,<na>,,18.5,15.16,3.34,,,2500,financial data present but missing supporting fields,remove_incomplete_rows
,,,,,,,<na>,,26.0,20.7,5.3,,,2504,financial data present but missing supporting fields,remove_incomplete_rows
,,,,,,,<na>,,381.79,230.33,63.72,,,2509,financial data present but missing supporting fields,remove_incomplete_rows
,,,,,,,<na>,,254.5,134.62,42.56,,,2517,financial data present but missing supporting fields,remove_incomplete_rows
,,,,,,,<na>,,62.75,52.17,10.58,,,2521,financial data present but missing supporting fields,remove_incomplete_rows
,,,,,,,<na>,,176.64,39.78,-22.28,,,2525,financial data present but missing supporting fields,remove_incomplete_rows
,,,,,,,<na>,,33.0,7.15,4.38,,,2529,financial data present but missing supporting fields,remove_incomplete_rows
,,,,,,,<na>,,71.5,25.32,10.69,,,2534,financial data present but missing supporting fields,remove_incomplete_rows
,,,,,,,<na>,,166.0,89.27,-12.53,,,2538,financial data present but missing supporting fields,remove_incomplete_rows
,,,,,,,<na>,,51.15,46.11,5.04,,,2543,financial data present but missing supporting fields,remove_incomplete_rows
,,,,,,,<na>,,100.0,45.37,9.26,,,2547,financial data present but missing supporting fields,remove_incomplete_rows
,,,,,,,<na>,,15.0,9.2,5.8,,,2551,financial data present but missing supporting fields,remove_incomplete_rows
,,,,,,,<na>,,11.0,6.33,4.67,,,2555,financial data present but missing supporting fields,remove_incomplete_rows
,,,,,,,<na>,,419.0,199.14,219.86,,,2560,financial data present but missing supporting fields,remove_incomplete_rows
,,,,,,,<na>,,537.5,8.83,105.69,,,2565,financial data present but missing supporting fields,remove_incomplete_rows
,,,,,,,<na>,,90.42,78.74,11.68,,,2570,financial data present but missing supporting fields,remove_incomplete_rows
,,,,,,,<na>,,397.75,163.48,70.75,,,2577,financial data present but missing supporting fields,remove_incomplete_rows
,,,,,,,<na>,,160.0,89.62,25.75,,,2582,financial data present but missing supporting fields,remove_incomplete_rows
,,,,,,,<na>,,89.04,1.3,50.04,,,2587,financial data present but missing supporting fields,remove_incomplete_rows
,,,,,,,<na>,,63.0,29.93,3.14,,,2591,financial data present but missing supporting fields,remove_incomplete_rows
,,,,,,,<na>,,105.5,59.45,27.65,,,2596,financial data present but missing supporting fields,remove_incomplete_rows
,,,,,,,<na>,,23.39,21.07,2.32,,,2600,financial data present but missing supporting fields,remove_incomplete_rows
,,,,,,,<na>,,24.5,21.86,2.64,,,2605,financial data present but missing supporting fields,remove_incomplete_rows
,,,,,,,<na>,,350.35,250.0,100.35,,,2609,financial data present but missing supporting fields,remove_incomplete_rows
,,,,,,,<na>,,429.45,56.45,110.45,,,2614,financial data present but missing supporting fields,remove_incomplete_rows
,,,,,,,<na>,,85.0,3.65,12.01,,,2618,financial data present but missing supporting fields,remove_incomplete_rows
,,,,,,,<na>,,348.0,185.42,58.51,,,2623,financial data present but missing supporting fields,remove_incomplete_rows
,,,,,,,<na>,,285.0,50.0,135.0,,,2627,financial data present but missing supporting fields,remove_incomplete_rows
,,,,,,,<na>,,42.0,37.73,4.27,,,2631,financial data present but missing supporting fields,remove_incomplete_rows
,,,,,,,<na>,,210.0,10.43,63.99,,,2635,financial data present but missing supporting fields,remove_incomplete_rows
,,,,,,,<na>,,264.9,87.1,3.6,,,2640,financial data present but missing supporting fields,remove_incomplete_rows
,,,,,,,<na>,,295.0,22.59,69.1,,,2644,financial data present but missing supporting fields,remove_incomplete_rows
,,,,,,,<na>,,2.8,0.88,1.92,,,2648,financial data present but missing supporting fields,remove_incomplete_rows
,,,,,,,<na>,,390.5,33.82,54.83,,,2654,financial data present but missing supporting fields,remove_incomplete_rows
,,,,,,,<na>,,172.5,93.0,79.5,,,2658,financial data present but missing supporting fields,remove_incomplete_rows
,,,,,,,<na>,,1113.25,82.92,415.03,,,2666,financial data present but missing supporting fields,remove_incomplete_rows
,,,,,,,<na>,,609.0,507.31,101.69,,,2670,financial data present but missing supporting fields,remove_incomplete_rows
,,,,,,,<na>,,576.75,459.7,113.81,,,2679,financial data present but missing supporting fields,remove_incomplete_rows
,,,,,,,<na>,,194.0,86.94,20.12,,,2683,financial data present but missing supporting fields,remove_incomplete_rows
,,,,,,,<na>,,35.0,1.51,19.9,,,2687,financial data present but missing supporting fields,remove_incomplete_rows
,,,,,,,<na>,,602.75,543.39,59.36,,,2693,financial data present but missing supporting fields,remove_incomplete_rows
,,,,,,,<na>,,222.3,97.25,27.8,,,2699,financial data present but missing supporting fields,remove_incomplete_rows
,,,,,,,<na>,,1229.7,33.83,214.8,,,2705,financial data present but missing supporting fields,remove_incomplete_rows
,,,,,,,<na>,,1513.75,75.55,323.65,,,2710,financial data present but missing supporting fields,remove_incomplete_rows
,,,,,,,<na>,,74.0,61.04,12.96,,,2715,financial data present but missing supporting fields,remove_incomplete_rows
,,,,,,,<na>,,155.0,7.75,77.5,,,2719,financial data present but missing supporting fields,remove_incomplete_rows
,,,,,,,<na>,,232.5,12.8,40.5,,,2723,financial data present but missing supporting fields,remove_incomplete_rows
,,,,,,,<na>,,245.28,20.34,39.78,,,2730,financial data present but missing supporting fields,remove_incomplete_rows
,,,,,,,<na>,,33.0,7.15,4.38,,,2734,financial data present but missing supporting fields,remove_incomplete_rows
,,,,,,,<na>,,80.0,7.13,8.68,,,2738,financial data present but missing supporting fields,remove_incomplete_rows
,,,,,,,<na>,,270.0,11.91,31.8,,,2742,financial data present but missing supporting fields,remove_incomplete_rows
,,,,,,,<na>,,105.5,88.81,16.69,,,2747,financial data present but missing supporting fields,remove_incomplete_rows
,,,,,,,<na>,,5650.0,3300.0,2350.0,,,2751,financial data present but missing supporting fields,remove_incomplete_rows
,,,,,,,<na>,,45.0,6.69,4.83,,,2755,financial data present but missing supporting fields,remove_incomplete_rows
,,,,,,,<na>,,42.0,4.15,25.4,,,2759,financial data present but missing supporting fields,remove_incomplete_rows
,,,,,,,<na>,,43.5,18.87,5.76,,,2763,financial data present but missing supporting fields,remove_incomplete_rows
,,,,,,,<na>,,26.5,6.0,14.5,,,2767,financial data present but missing supporting fields,remove_incomplete_rows
,,,,,,,<na>,,1350.0,730.0,620.0,,,2771,financial data present but missing supporting fields,remove_incomplete_rows
,,,,,,,<na>,,31.5,25.08,6.42,,,2775,financial data present but missing supporting fields,remove_incomplete_rows
,,,,,,,<na>,,2173.6,132.49,213.97,,,2783,financial data present but missing supporting fields,remove_incomplete_rows
,,,,,,,<na>,,400.8,0.0,400.8,,,2787,financial data present but missing supporting fields,remove_incomplete_rows
,,,,,,,<na>,,47.5,19.48,8.54,,,2791,financial data present but missing supporting fields,remove_incomplete_rows
,,,,,,,<na>,,15.0,9.2,5.8,,,2795,financial data present but missing supporting fields,remove_incomplete_rows
,,,,,,,<na>,,76.0,30.2,15.6,,,2799,financial data present but missing supporting fields,remove_incomplete_rows
,,,,,,,<na>,,152.5,12.53,27.22,,,2803,financial data present but missing supporting fields,remove_incomplete_rows
,,,,,,,<na>,,5.75,4.74,1.01,,,2807,financial data present but missing supporting fields,remove_incomplete_rows
,,,,,,,<na>,,145.0,113.06,30.5,,,2812,financial data present but missing supporting fields,remove_incomplete_rows
,,,,,,,<na>,,80.0,45.37,-10.74,,,2816,financial data present but missing supporting fields,remove_incomplete_rows
,,,,,,,<na>,,64.0,8.98,19.11,,,2820,financial data present but missing supporting fields,remove_incomplete_rows
,,,,,,,<na>,,32.0,25.34,6.66,,,2824,financial data present but missing supporting fields,remove_incomplete_rows
,,,,,,,<na>,,3.5,1.51,1.99,,,2828,financial data present but missing supporting fields,remove_incomplete_rows
,,,,,,,<na>,,64.5,56.07,8.43,,,2832,financial data present but missing supporting fields,remove_incomplete_rows
,,,,,,,<na>,,77.25,64.53,12.73,,,2837,financial data present but missing supporting fields,remove_incomplete_rows
,,,,,,,<na>,,237.5,10.69,128.69,,,2843,financial data present but missing supporting fields,remove_incomplete_rows
,,,,,,,<na>,,150.5,44.27,38.95,,,2849,financial data present but missing supporting fields,remove_incomplete_rows
,,,,,,,<na>,,51.25,16.27,21.42,,,2854,financial data present but missing supporting fields,remove_incomplete_rows
,,,,,,,<na>,,14.25,11.74,2.51,,,2858,financial data present but missing supporting fields,remove_incomplete_rows
,,,,,,,<na>,,31.85,28.54,3.31,,,2863,financial data present but missing supporting fields,remove_incomplete_rows
,,,,,,,<na>,,41.0,36.02,4.98,,,2867,financial data present but missing supporting fields,remove_incomplete_rows
,,,,,,,<na>,,64.5,17.39,12.34,,,2871,financial data present but missing supporting fields,remove_incomplete_rows
,,,,,,,<na>,,770.0,250.0,270.0,,,2875,financial data present but missing supporting fields,remove_incomplete_rows
,,,,,,,<na>,,20.0,0.35,16.5,,,2879,financial data present but missing supporting fields,remove_incomplete_rows
,,,,,,,<na>,,298.2,20.25,14.63,,,2883,financial data present but missing supporting fields,remove_incomplete_rows
,,,,,,,<na>,,109.5,16.47,10.68,,,2887,financial data present but missing supporting fields,remove_incomplete_rows
,,,,,,,<na>,,120.0,56.0,64.0,,,2891,financial data present but missing supporting fields,remove_incomplete_rows
,,,,,,,<na>,,24.5,21.86,2.64,,,2896,financial data present but missing supporting fields,remove_incomplete_rows
,,,,,,,<na>,,712.5,19.48,128.1,,,2900,financial data present but missing supporting fields,remove_incomplete_rows
,,,,,,,<na>,,262.5,3.35,192.14,,,2904,financial data present but missing supporting fields,remove_incomplete_rows
,,,,,,,<na>,,11.5,4.74,2.01,,,2908,financial data present but missing supporting fields,remove_incomplete_rows
,,,,,,,<na>,,914.5,101.09,529.17,,,2915,financial data present but missing supporting fields,remove_incomplete_rows
,,,,,,,<na>,,31.0,29.34,1.66,,,2919,financial data present but missing supporting fields,remove_incomplete_rows
,,,,,,,<na>,,146.3,122.61,23.69,,,2925,financial data present but missing supporting fields,remove_incomplete_rows
,,,,,,,<na>,,26.0,21.26,4.74,,,2929,financial data present but missing supporting fields,remove_incomplete_rows
,,,,,,,<na>,,230.75,200.13,30.62,,,2934,financial data present but missing supporting fields,remove_incomplete_rows
,,,,,,,<na>,,637.25,570.53,66.72,,,2939,financial data present but missing supporting fields,remove_incomplete_rows
,,,,,,,<na>,,122.5,106.67,15.83,,,2944,financial data present but missing supporting fields,remove_incomplete_rows
,,,,,,,<na>,,17.2,7.67,1.86,,,2948,financial data present but missing supporting fields,remove_incomplete_rows
,,,,,,,<na>,,92.5,71.43,21.07,,,2952,financial data present but missing supporting fields,remove_incomplete_rows
,,,,,,,<na>,,177.0,22.59,41.46,,,2956,financial data present but missing supporting fields,remove_incomplete_rows
,,,,,,,<na>,,387.25,109.25,78.11,,,2962,financial data present but missing supporting fields,remove_incomplete_rows
,,,,,,,<na>,,1366.75,660.42,127.4,,,2968,financial data present but missing supporting fields,remove_incomplete_rows
,,,,,,,<na>,,58.0,22.1,13.8,,,2972,financial data present but missing supporting fields,remove_incomplete_rows
,,,,,,,<na>,,80.0,9.6,60.8,,,2976,financial data present but missing supporting fields,remove_incomplete_rows
,,,,,,,<na>,,32.0,7.13,3.47,,,2980,financial data present but missing supporting fields,remove_incomplete_rows
,,,,,,,<na>,,11.0,6.33,4.67,,,2984,financial data present but missing supporting fields,remove_incomplete_rows
,,,,,,,<na>,,225.0,46.84,37.65,,,2988,financial data present but missing supporting fields,remove_incomplete_rows
,,,,,,,<na>,,201.6,56.0,33.6,,,2993,financial data present but missing supporting fields,remove_incomplete_rows
,,,,,,,<na>,,2741.77,1468.73,1273.04,,,3002,financial data present but missing supporting fields,remove_incomplete_rows
,,,,,,,<na>,,609.0,507.31,101.69,,,3006,financial data present but missing supporting fields,remove_incomplete_rows
,,,,,,,<na>,,137.85,80.75,57.1,,,3011,financial data present but missing supporting fields,remove_incomplete_rows
,,,,,,,<na>,,260.25,146.1,70.82,,,3016,financial data present but missing supporting fields,remove_incomplete_rows
,,,,,,,<na>,,72.25,65.64,6.61,,,3020,financial data present but missing supporting fields,remove_incomplete_rows
,,,,,,,<na>,,78.75,70.29,8.46,,,3024,financial data present but missing supporting fields,remove_incomplete_rows
,,,,,,,<na>,,115.3,5.25,56.41,,,3029,financial data present but missing supporting fields,remove_incomplete_rows
,,,,,,,<na>,,19.0,8.6,1.8,,,3033,financial data present but missing supporting fields,remove_incomplete_rows
,,,,,,,<na>,,157.5,10.4,40.13,,,3038,financial data present but missing supporting fields,remove_incomplete_rows
,,,,,,,<na>,,5.5,4.52,0.98,,,3042,financial data present but missing supporting fields,remove_incomplete_rows
,,,,,,,<na>,,197.0,175.36,21.64,,,3046,financial data present but missing supporting fields,remove_incomplete_rows
,,,,,,,<na>,,980.75,779.77,200.98,,,3053,financial data present but missing supporting fields,remove_incomplete_rows
,,,,,,,<na>,,40.0,3.5,22.5,,,3057,financial data present but missing supporting fields,remove_incomplete_rows
,,,,,,,<na>,,144.5,15.74,25.18,,,3062,financial data present but missing supporting fields,remove_incomplete_rows
,,,,,,,<na>,,140.0,5.21,35.85,,,3066,financial data present but missing supporting fields,remove_incomplete_rows
,,,,,,,<na>,,303.75,273.09,30.66,,,3071,financial data present but missing supporting fields,remove_incomplete_rows
,,,,,,,<na>,,13.5,0.92,10.74,,,3075,financial data present but missing supporting fields,remove_incomplete_rows
,,,,,,,<na>,,73.0,32.5,8.0,,,3079,financial data present but missing supporting fields,remove_incomplete_rows
,,,,,,,<na>,,918.6,798.09,120.51,,,3083,financial data present but missing supporting fields,remove_incomplete_rows
,,,,,,,<na>,,18.0,13.58,4.42,,,3087,financial data present but missing supporting fields,remove_incomplete_rows
,,,,,,,<na>,,201.25,31.37,44.38,,,3091,financial data present but missing supporting fields,remove_incomplete_rows
,,,,,,,<na>,,39.9,36.26,3.64,,,3095,financial data present but missing supporting fields,remove_incomplete_rows
,,,,,,,<na>,,45.0,9.85,5.6,,,3099,financial data present but missing supporting fields,remove_incomplete_rows
,,,,,,,<na>,,50.0,11.13,5.48,,,3103,financial data present but missing supporting fields,remove_incomplete_rows
,,,,,,,<na>,,26.25,22.48,3.77,,,3108,financial data present but missing supporting fields,remove_incomplete_rows
,,,,,,,<na>,,23.0,18.22,4.78,,,3112,financial data present but missing supporting fields,remove_incomplete_rows
,,,,,,,<na>,,239.0,7.86,177.2,,,3117,financial data present but missing supporting fields,remove_incomplete_rows
,,,,,,,<na>,,432.0,8.14,187.8,,,3122,financial data present but missing supporting fields,remove_incomplete_rows
,,,,,,,<na>,,404.75,290.01,99.58,,,3131,financial data present but missing supporting fields,remove_incomplete_rows
,,,,,,,<na>,,47.5,19.48,8.54,,,3135,financial data present but missing supporting fields,remove_incomplete_rows
,,,,,,,<na>,,145.0,9.0,55.0,,,3139,financial data present but missing supporting fields,remove_incomplete_rows
,,,,,,,<na>,,88.5,22.59,20.73,,,3143,financial data present but missing supporting fields,remove_incomplete_rows
,,,,,,,<na>,,62.0,49.02,12.98,,,3147,financial data present but missing supporting fields,remove_incomplete_rows
,,,,,,,<na>,,404.5,83.17,51.12,,,3153,financial data present but missing supporting fields,remove_incomplete_rows
,,,,,,,<na>,,39.0,33.91,5.09,,,3157,financial data present but missing supporting fields,remove_incomplete_rows
,,,,,,,<na>,,360.0,17.6,148.8,,,3161,financial data present but missing supporting fields,remove_incomplete_rows
,,,,,,,<na>,,85.0,3.65,12.01,,,3165,financial data present but missing supporting fields,remove_incomplete_rows
,,,,,,,<na>,,383.04,300.0,83.04,,,3170,financial data present but missing supporting fields,remove_incomplete_rows
,,,,,,,<na>,,13.0,0.75,11.5,,,3174,financial data present but missing supporting fields,remove_incomplete_rows
,,,,,,,<na>,,1113.0,654.15,438.1,,,3179,financial data present but missing supporting fields,remove_incomplete_rows
,,,,,,,<na>,,108.0,93.24,14.76,,,3183,financial data present but missing supporting fields,remove_incomplete_rows
,,,,,,,<na>,,30.0,8.65,4.05,,,3187,financial data present but missing supporting fields,remove_incomplete_rows
,,,,,,,<na>,,84.5,75.01,9.49,,,3192,financial data present but missing supporting fields,remove_incomplete_rows
,,,,,,,<na>,,22.0,4.76,2.96,,,3196,financial data present but missing supporting fields,remove_incomplete_rows
,,,,,,,<na>,,145.85,38.63,31.08,,,3202,financial data present but missing supporting fields,remove_incomplete_rows
,,,,,,,<na>,,75.0,56.79,18.21,,,3206,financial data present but missing supporting fields,remove_incomplete_rows
,,,,,,,<na>,,112.12,60.5,43.87,,,3218,financial data present but missing supporting fields,remove_incomplete_rows
,,,,,,,<na>,,22.5,9.85,2.8,,,3222,financial data present but missing supporting fields,remove_incomplete_rows
,,,,,,,<na>,,128.66,35.03,23.59,,,3228,financial data present but missing supporting fields,remove_incomplete_rows
,,,,,,,<na>,,30.0,17.6,12.4,,,3232,financial data present but missing supporting fields,remove_incomplete_rows
,,,,,,,<na>,,38.4,32.0,6.4,,,3236,financial data present but missing supporting fields,remove_incomplete_rows
,,,,,,,<na>,,510.55,426.63,83.92,,,3243,financial data present but missing supporting fields,remove_incomplete_rows
,,,,,,,<na>,,111.0,14.29,25.26,,,3247,financial data present but missing supporting fields,remove_incomplete_rows
,,,,,,,<na>,,37.5,17.94,1.61,,,3251,financial data present but missing supporting fields,remove_incomplete_rows
,,,,,,,<na>,,26.25,22.48,3.77,,,3256,financial data present but missing supporting fields,remove_incomplete_rows
,,,,,,,<na>,,101.0,83.12,17.88,,,3261,financial data present but missing supporting fields,remove_incomplete_rows
,,,,,,,<na>,,127.5,10.47,22.8,,,3265,financial data present but missing supporting fields,remove_incomplete_rows
,,,,,,,<na>,,120.0,17.6,49.6,,,3269,financial data present but missing supporting fields,remove_incomplete_rows
,,,,,,,<na>,,26.0,22.89,3.11,,,3273,financial data present but missing supporting fields,remove_incomplete_rows
,,,,,,,<na>,,491.0,429.37,61.63,,,3277,financial data present but missing supporting fields,remove_incomplete_rows
,,,,,,,<na>,,30.0,14.26,15.74,,,3281,financial data present but missing supporting fields,remove_incomplete_rows
,,,,,,,<na>,,36.25,30.09,6.16,,,3285,financial data present but missing supporting fields,remove_incomplete_rows
,,,,,,,<na>,,650.25,98.45,70.15,,,3290,financial data present but missing supporting fields,remove_incomplete_rows
,,,,,,,<na>,,682.0,636.53,45.47,,,3294,financial data present but missing supporting fields,remove_incomplete_rows
,,,,,,,<na>,,70.0,26.74,16.52,,,3298,financial data present but missing supporting fields,remove_incomplete_rows
,,,,,,,<na>,,15.0,1.1,9.5,,,3302,financial data present but missing supporting fields,remove_incomplete_rows
,,,,,,,<na>,,18.0,0.36,15.84,,,3306,financial data present but missing supporting fields,remove_incomplete_rows
,,,,,,,<na>,,5.5,4.52,0.98,,,3310,financial data present but missing supporting fields,remove_incomplete_rows
,,,,,,,<na>,,28.75,10.24,16.17,,,3315,financial data present but missing supporting fields,remove_incomplete_rows
,,,,,,,<na>,,34.5,27.56,6.94,,,3319,financial data present but missing supporting fields,remove_incomplete_rows
,,,,,,,<na>,,81.5,68.4,13.1,,,3324,financial data present but missing supporting fields,remove_incomplete_rows
,,,,,,,<na>,,29.0,25.33,3.67,,,3328,financial data present but missing supporting fields,remove_incomplete_rows
,,,,,,,<na>,,108.0,89.25,18.75,,,3332,financial data present but missing supporting fields,remove_incomplete_rows
,,,,,,,<na>,,791.25,143.84,72.04,,,3336,financial data present but missing supporting fields,remove_incomplete_rows
,,,,,,,<na>,,66.75,55.6,11.15,,,3340,financial data present but missing supporting fields,remove_incomplete_rows
,,,,,,,<na>,,15.5,12.87,2.63,,,3344,financial data present but missing supporting fields,remove_incomplete_rows
,,,,,,,<na>,,1218.0,507.31,203.38,,,3348,financial data present but missing supporting fields,remove_incomplete_rows
,,,,,,,<na>,,94.5,78.55,15.95,,,3352,financial data present but missing supporting fields,remove_incomplete_rows
,,,,,,,<na>,,15.0,9.2,5.8,,,3356,financial data present but missing supporting fields,remove_incomplete_rows
,,,,,,,<na>,,15.0,9.2,5.8,,,3360,financial data present but missing supporting fields,remove_incomplete_rows
,,,,,,,<na>,,1522.5,48.06,80.68,,,3366,financial data present but missing supporting fields,remove_incomplete_rows
,,,,,,,<na>,,18.5,15.16,3.34,,,3370,financial data present but missing supporting fields,remove_incomplete_rows
,,,,,,,<na>,,75.5,62.84,12.66,,,3374,financial data present but missing supporting fields,remove_incomplete_rows
,,,,,,,<na>,,75.5,62.84,12.66,,,3378,financial data present but missing supporting fields,remove_incomplete_rows
,,,,,,,<na>,,60.0,17.6,24.8,,,3382,financial data present but missing supporting fields,remove_incomplete_rows
,,,,,,,<na>,,29.0,25.33,3.67,,,3386,financial data present but missing supporting fields,remove_incomplete_rows
,,,,,,,<na>,,174.0,19.14,20.86,,,3391,financial data present but missing supporting fields,remove_incomplete_rows
,,,,,,,<na>,,701.75,560.3,141.45,,,3397,financial data present but missing supporting fields,remove_incomplete_rows
,,,,,,,<na>,,30.0,14.26,15.74,,,3401,financial data present but missing supporting fields,remove_incomplete_rows
,,,,,,,<na>,,150.0,130.56,19.44,,,3405,financial data present but missing supporting fields,remove_incomplete_rows
,,,,,,,<na>,,336.75,280.51,56.24,,,3409,financial data present but missing supporting fields,remove_incomplete_rows
,,,,,,,<na>,,770.0,250.0,270.0,,,3413,financial data present but missing supporting fields,remove_incomplete_rows
,,,,,,,<na>,,168.75,9.22,30.45,,,3417,financial data present but missing supporting fields,remove_incomplete_rows
,,,,,,,<na>,,108.0,93.24,14.76,,,3421,financial data present but missing supporting fields,remove_incomplete_rows
,,,,,,,<na>,,557.5,350.56,105.58,,,3427,financial data present but missing supporting fields,remove_incomplete_rows
,,,,,,,<na>,,75.75,21.18,12.22,,,3432,financial data present but missing supporting fields,remove_incomplete_rows
,,,,,,,<na>,,400.0,45.37,-53.72,,,3436,financial data present but missing supporting fields,remove_incomplete_rows
,,,,,,,<na>,,776.0,86.94,-93.42,,,3440,financial data present but missing supporting fields,remove_incomplete_rows
,,,,,,,<na>,,175.75,132.74,43.01,,,3446,financial data present but missing supporting fields,remove_incomplete_rows
,,,,,,,<na>,,345.5,314.17,31.33,,,3450,financial data present but missing supporting fields,remove_incomplete_rows
,,,,,,,<na>,,58.0,26.11,5.78,,,3455,financial data present but missing supporting fields,remove_incomplete_rows
,,,,,,,<na>,,92.5,71.43,21.07,,,3459,financial data present but missing supporting fields,remove_incomplete_rows
,,,,,,,<na>,,22.0,4.76,2.96,,,3463,financial data present but missing supporting fields,remove_incomplete_rows
,,,,,,,<na>,,11.7,1.85,6.8,,,3468,financial data present but missing supporting fields,remove_incomplete_rows
,,,,,,,<na>,,92.5,71.43,21.07,,,3472,financial data present but missing supporting fields,remove_incomplete_rows
,,,,,,,<na>,,60.5,50.25,10.25,,,3476,financial data present but missing supporting fields,remove_incomplete_rows
,,,,,,,<na>,,222.5,116.46,39.04,,,3481,financial data present but missing supporting fields,remove_incomplete_rows
,,,,,,,<na>,,48.5,40.33,8.17,,,3485,financial data present but missing supporting fields,remove_incomplete_rows
,,,,,,,<na>,,103.75,89.27,14.48,,,3489,financial data present but missing supporting fields,remove_incomplete_rows
,,,,,,,<na>,,270.0,245.09,24.91,,,3493,financial data present but missing supporting fields,remove_incomplete_rows
,,,,,,,<na>,,525.3,443.01,54.03,,,3499,financial data present but missing supporting fields,remove_incomplete_rows
,,,,,,,<na>,,50.0,15.6,18.8,,,3503,financial data present but missing supporting fields,remove_incomplete_rows
,,,,,,,<na>,,646.8,10.98,317.33,,,3509,financial data present but missing supporting fields,remove_incomplete_rows
,,,,,,,<na>,,93.0,79.43,13.58,,,3514,financial data present but missing supporting fields,remove_incomplete_rows
,,,,,,,<na>,,72.36,5.98,-17.34,,,3518,financial data present but missing supporting fields,remove_incomplete_rows
,,,,,,,<na>,,42.5,7.54,4.81,,,3522,financial data present but missing supporting fields,remove_incomplete_rows
,,,,,,,<na>,,145.0,44.83,13.83,,,3527,financial data present but missing supporting fields,remove_incomplete_rows
,,,,,,,<na>,,119.5,90.69,28.81,,,3532,financial data present but missing supporting fields,remove_incomplete_rows
,,,,,,,<na>,,194.5,173.87,20.63,,,3537,financial data present but missing supporting fields,remove_incomplete_rows
,,,,,,,<na>,,158.5,107.52,34.62,,,3542,financial data present but missing supporting fields,remove_incomplete_rows
,,,,,,,<na>,,39.9,36.26,3.64,,,3546,financial data present but missing supporting fields,remove_incomplete_rows
,,,,,,,<na>,,62.5,5.14,11.1,,,3550,financial data present but missing supporting fields,remove_incomplete_rows
,,,,,,,<na>,,160.0,7.13,17.36,,,3554,financial data present but missing supporting fields,remove_incomplete_rows
,,,,,,,<na>,,30.0,14.26,15.74,,,3558,financial data present but missing supporting fields,remove_incomplete_rows
,,,,,,,<na>,,682.0,636.53,45.47,,,3562,financial data present but missing supporting fields,remove_incomplete_rows
,,,,,,,<na>,,109.25,90.37,14.16,,,3568,financial data present but missing supporting fields,remove_incomplete_rows
,,,,,,,<na>,,161.2,141.85,19.35,,,3573,financial data present but missing supporting fields,remove_incomplete_rows
,,,,,,,<na>,,92.5,71.43,21.07,,,3577,financial data present but missing supporting fields,remove_incomplete_rows
,,,,,,,<na>,,134.26,134.26,0.0,,,3581,financial data present but missing supporting fields,remove_incomplete_rows
,,,,,,,<na>,,1271.05,93.13,103.2,,,3588,financial data present but missing supporting fields,remove_incomplete_rows
,,,,,,,<na>,,17.0,3.65,2.4,,,3592,financial data present but missing supporting fields,remove_incomplete_rows
,,,,,,,<na>,,47.88,21.29,5.3,,,3597,financial data present but missing supporting fields,remove_incomplete_rows
,,,,,,,<na>,,120.0,17.6,49.6,,,3601,financial data present but missing supporting fields,remove_incomplete_rows
,,,,,,,<na>,,232.8,86.94,-28.03,,,3605,financial data present but missing supporting fields,remove_incomplete_rows
,,,,,,,<na>,,231.3,135.0,96.3,,,3609,financial data present but missing supporting fields,remove_incomplete_rows
,,,,,,,<na>,,75.0,0.78,51.6,,,3613,financial data present but missing supporting fields,remove_incomplete_rows
,,,,,,,<na>,,991.4,191.0,148.4,,,3620,financial data present but missing supporting fields,remove_incomplete_rows
,,,,,,,<na>,,53.9,45.7,8.2,,,3624,financial data present but missing supporting fields,remove_incomplete_rows
,,,,,,,<na>,,294.25,272.39,21.86,,,3631,financial data present but missing supporting fields,remove_incomplete_rows
,,,,,,,<na>,,35.0,30.22,4.78,,,3635,financial data present but missing supporting fields,remove_incomplete_rows
,,,,,,,<na>,,70.0,28.25,28.16,,,3640,financial data present but missing supporting fields,remove_incomplete_rows
,,,,,,,<na>,,34.5,27.56,6.94,,,3644,financial data present but missing supporting fields,remove_incomplete_rows
,,,,,,,<na>,,187.5,48.96,129.9,,,3649,financial data present but missing supporting fields,remove_incomplete_rows
,,,,,,,<na>,,70.0,2.8,42.0,,,3653,financial data present but missing supporting fields,remove_incomplete_rows
,,,,,,,<na>,,5.5,4.52,0.98,,,3657,financial data present but missing supporting fields,remove_incomplete_rows
,,,,,,,<na>,,482.5,351.11,79.76,,,3666,financial data present but missing supporting fields,remove_incomplete_rows
,,,,,,,<na>,,108.0,89.25,18.75,,,3670,financial data present but missing supporting fields,remove_incomplete_rows
,,,,,,,<na>,,216.0,89.25,37.5,,,3674,financial data present but missing supporting fields,remove_incomplete_rows
,,,,,,,<na>,,26.25,22.48,3.77,,,3679,financial data present but missing supporting fields,remove_incomplete_rows
,,,,,,,<na>,,347.5,31.39,33.6,,,3683,financial data present but missing supporting fields,remove_incomplete_rows
,,,,,,,<na>,,78.5,32.56,13.39,,,3688,financial data present but missing supporting fields,remove_incomplete_rows
,,,,,,,<na>,,72.75,18.55,17.1,,,3692,financial data present but missing supporting fields,remove_incomplete_rows
,,,,,,,<na>,,67.54,11.66,27.8,,,3697,financial data present but missing supporting fields,remove_incomplete_rows
,,,,,,,<na>,,535.0,44.68,88.2,,,3703,financial data present but missing supporting fields,remove_incomplete_rows
,,,,,,,<na>,,66.5,3.86,12.46,,,3707,financial data present but missing supporting fields,remove_incomplete_rows
,,,,,,,<na>,,154.5,19.1,31.45,,,3713,financial data present but missing supporting fields,remove_incomplete_rows
,,,,,,,<na>,,33.0,14.2,4.59,,,3717,financial data present but missing supporting fields,remove_incomplete_rows
,,,,,,,<na>,,244.75,37.06,59.45,,,3722,financial data present but missing supporting fields,remove_incomplete_rows
,,,,,,,<na>,,170.0,3.34,103.2,,,3726,financial data present but missing supporting fields,remove_incomplete_rows
,,,,,,,<na>,,1230.0,36.57,132.94,,,3731,financial data present but missing supporting fields,remove_incomplete_rows
,,,,,,,<na>,,52.25,44.6,7.65,,,3736,financial data present but missing supporting fields,remove_incomplete_rows
,,,,,,,<na>,,35.0,29.24,5.76,,,3740,financial data present but missing supporting fields,remove_incomplete_rows
,,,,,,,<na>,,11.25,8.63,2.63,,,3744,financial data present but missing supporting fields,remove_incomplete_rows
,,,,,,,<na>,,18.0,14.98,3.02,,,3748,financial data present but missing supporting fields,remove_incomplete_rows
,,,,,,,<na>,,144.25,28.42,17.23,,,3753,financial data present but missing supporting fields,remove_incomplete_rows
,,,,,,,<na>,,330.32,10.93,206.37,,,3763,financial data present but missing supporting fields,remove_incomplete_rows
,,,,,,,<na>,,101.5,88.99,12.51,,,3768,financial data present but missing supporting fields,remove_incomplete_rows
,,,,,,,<na>,,60.0,14.26,31.49,,,3772,financial data present but missing supporting fields,remove_incomplete_rows
,,,,,,,<na>,,132.75,110.5,22.25,,,3776,financial data present but missing supporting fields,remove_incomplete_rows
,,,,,,,<na>,,18.0,13.58,4.42,,,3780,financial data present but missing supporting fields,remove_incomplete_rows
,,,,,,,<na>,,350.55,79.02,155.43,,,3785,financial data present but missing supporting fields,remove_incomplete_rows
,,,,,,,<na>,,102.5,44.8,18.06,,,3790,financial data present but missing supporting fields,remove_incomplete_rows
,,,,,,,<na>,,210.0,5.17,137.67,,,3794,financial data present but missing supporting fields,remove_incomplete_rows
,,,,,,,<na>,,18.5,15.16,3.34,,,3798,financial data present but missing supporting fields,remove_incomplete_rows
,,,,,,,<na>,,40.25,33.48,6.77,,,3802,financial data present but missing supporting fields,remove_incomplete_rows
,,,,,,,<na>,,720.0,40.0,120.0,,,3806,financial data present but missing supporting fields,remove_incomplete_rows
,,,,,,,<na>,,23.0,18.22,4.78,,,3810,financial data present but missing supporting fields,remove_incomplete_rows
,,,,,,,<na>,,23.0,18.46,4.54,,,3814,financial data present but missing supporting fields,remove_incomplete_rows
,,,,,,,<na>,,62.0,12.17,37.67,,,3818,financial data present but missing supporting fields,remove_incomplete_rows
,,,,,,,<na>,,5.75,4.72,1.03,,,3822,financial data present but missing supporting fields,remove_incomplete_rows
,,,,,,,<na>,,336.75,280.51,56.24,,,3826,financial data present but missing supporting fields,remove_incomplete_rows
,,,,,,,<na>,,171.32,4.87,89.79,,,3834,financial data present but missing supporting fields,remove_incomplete_rows
,,,,,,,<na>,,394.08,34.93,-30.08,,,3840,financial data present but missing supporting fields,remove_incomplete_rows
,,,,,,,<na>,,62.5,25.47,11.56,,,3844,financial data present but missing supporting fields,remove_incomplete_rows
,,,,,,,<na>,,116.25,20.87,11.92,,,3848,financial data present but missing supporting fields,remove_incomplete_rows
,,,,,,,<na>,,65.0,56.79,8.21,,,3852,financial data present but missing supporting fields,remove_incomplete_rows
,,,,,,,<na>,,23.25,20.87,2.38,,,3856,financial data present but missing supporting fields,remove_incomplete_rows
,,,,,,,<na>,,1195.61,247.05,-17.52,,,3867,financial data present but missing supporting fields,remove_incomplete_rows
,,,,,,,<na>,,78.0,70.5,7.5,,,3871,financial data present but missing supporting fields,remove_incomplete_rows
,,,,,,,<na>,,134.8,86.59,19.91,,,3877,financial data present but missing supporting fields,remove_incomplete_rows
,,,,,,,<na>,,289.8,69.0,151.8,,,3881,financial data present but missing supporting fields,remove_incomplete_rows
,,,,,,,<na>,,50.0,39.25,10.75,,,3885,financial data present but missing supporting fields,remove_incomplete_rows
,,,,,,,<na>,,345.0,28.65,58.49,,,3889,financial data present but missing supporting fields,remove_incomplete_rows
,,,,,,,<na>,,900.0,450.0,450.0,,,3893,financial data present but missing supporting fields,remove_incomplete_rows
,,,,,,,<na>,,90.0,13.58,22.11,,,3897,financial data present but missing supporting fields,remove_incomplete_rows
,,,,,,,<na>,,47.5,19.48,8.54,,,3901,financial data present but missing supporting fields,remove_incomplete_rows
,,,,,,,<na>,,46.5,38.75,7.75,,,3905,financial data present but missing supporting fields,remove_incomplete_rows
,,,,,,,<na>,,38.75,29.08,6.02,,,3910,financial data present but missing supporting fields,remove_incomplete_rows
,,,,,,,<na>,,11.0,6.33,4.67,,,3914,financial data present but missing supporting fields,remove_incomplete_rows
,,,,,,,<na>,,198.0,29.48,21.11,,,3918,financial data present but missing supporting fields,remove_incomplete_rows
,,,,,,,<na>,,39.9,36.26,3.64,,,3922,financial data present but missing supporting fields,remove_incomplete_rows
,,,,,,,<na>,,44.0,40.04,3.96,,,3926,financial data present but missing supporting fields,remove_incomplete_rows
,,,,,,,<na>,,35.0,30.22,4.78,,,3930,financial data present but missing supporting fields,remove_incomplete_rows
,,,,,,,<na>,,50.0,0.78,34.4,,,3934,financial data present but missing supporting fields,remove_incomplete_rows
,,,,,,,<na>,,19.8,17.13,2.67,,,3938,financial data present but missing supporting fields,remove_incomplete_rows
,,,,,,,<na>,,84.8,6.91,33.66,,,3945,financial data present but missing supporting fields,remove_incomplete_rows
,,,,,,,<na>,,19.92,17.94,1.98,,,3949,financial data present but missing supporting fields,remove_incomplete_rows
,,,,,,,<na>,,115.0,94.79,20.21,,,3955,financial data present but missing supporting fields,remove_incomplete_rows
,,,,,,,<na>,,37.75,29.41,8.34,,,3959,financial data present but missing supporting fields,remove_incomplete_rows
,,,,,,,<na>,,120.0,56.0,64.0,,,3963,financial data present but missing supporting fields,remove_incomplete_rows
,,,,,,,<na>,,150.0,40.6,16.21,,,3968,financial data present but missing supporting fields,remove_incomplete_rows
,,,,,,,<na>,,98.14,48.67,39.54,,,3979,financial data present but missing supporting fields,remove_incomplete_rows
,,,,,,,<na>,,11.0,4.52,1.96,,,3983,financial data present but missing supporting fields,remove_incomplete_rows
,,,,,,,<na>,,180.0,163.55,16.45,,,3987,financial data present but missing supporting fields,remove_incomplete_rows
,,,,,,,<na>,,70.5,62.07,8.43,,,3991,financial data present but missing supporting fields,remove_incomplete_rows
,,,,,,,<na>,,106.0,23.73,11.08,,,3995,financial data present but missing supporting fields,remove_incomplete_rows
,,,,,,,<na>,,124.0,12.17,63.17,,,3999,financial data present but missing supporting fields,remove_incomplete_rows
,,,,,,,<na>,,339.28,276.25,63.03,,,4003,financial data present but missing supporting fields,remove_incomplete_rows
,,,,,,,<na>,,53.0,37.61,15.39,,,4008,financial data present but missing supporting fields,remove_incomplete_rows
,,,,,,,<na>,,18.0,13.58,4.42,,,4012,financial data present but missing supporting fields,remove_incomplete_rows
,,,,,,,<na>,,335.0,98.65,149.85,,,4017,financial data present but missing supporting fields,remove_incomplete_rows
,,,,,,,<na>,,338.0,208.99,129.01,,,4021,financial data present but missing supporting fields,remove_incomplete_rows
,,,,,,,<na>,,1288.0,1105.92,182.08,,,4027,financial data present but missing supporting fields,remove_incomplete_rows
,,,,,,,<na>,,495.0,22.77,39.51,,,4031,financial data present but missing supporting fields,remove_incomplete_rows
,,,,,,,<na>,,150.0,0.78,103.2,,,4035,financial data present but missing supporting fields,remove_incomplete_rows
,,,,,,,<na>,,204.0,127.6,33.15,,,4041,financial data present but missing supporting fields,remove_incomplete_rows
,,,,,,,<na>,,563.5,108.37,73.77,,,4049,financial data present but missing supporting fields,remove_incomplete_rows
,,,,,,,<na>,,828.73,95.45,58.76,,,4061,financial data present but missing supporting fields,remove_incomplete_rows
,,,,,,,<na>,,91.0,11.7,9.11,,,4065,financial data present but missing supporting fields,remove_incomplete_rows
,,,,,,,<na>,,120.0,1.45,76.5,,,4069,financial data present but missing supporting fields,remove_incomplete_rows
,,,,,,,<na>,,65.0,2.45,40.5,,,4073,financial data present but missing supporting fields,remove_incomplete_rows
,,,,,,,<na>,,72.0,36.38,35.63,,,4078,financial data present but missing supporting fields,remove_incomplete_rows
,,,,,,,<na>,,20.0,0.35,16.5,,,4082,financial data present but missing supporting fields,remove_incomplete_rows
,,,,,,,<na>,,1200.0,32.18,234.47,,,4087,financial data present but missing supporting fields,remove_incomplete_rows
,,,,,,,<na>,,860.0,78.07,79.3,,,4091,financial data present but missing supporting fields,remove_incomplete_rows
,,,,,,,<na>,,98.0,3.9,59.0,,,4095,financial data present but missing supporting fields,remove_incomplete_rows
,,,,,,,<na>,,13.25,10.78,2.47,,,4099,financial data present but missing supporting fields,remove_incomplete_rows
,,,,,,,<na>,,7.5,1.3,3.59,,,4103,financial data present but missing supporting fields,remove_incomplete_rows
,,,,,,,<na>,,752.64,56.0,-31.36,,,4108,financial data present but missing supporting fields,remove_incomplete_rows
,,,,,,,<na>,,1381.1,83.97,-229.66,,,4114,financial data present but missing supporting fields,remove_incomplete_rows
,,,,,,,<na>,,27.75,23.04,4.71,,,4118,financial data present but missing supporting fields,remove_incomplete_rows
,,,,,,,<na>,,222.25,66.42,109.81,,,4123,financial data present but missing supporting fields,remove_incomplete_rows
,,,,,,,<na>,,545.0,394.18,134.57,,,4128,financial data present but missing supporting fields,remove_incomplete_rows
,,,,,,,<na>,,91.86,72.15,19.71,,,4133,financial data present but missing supporting fields,remove_incomplete_rows
,,,,,,,<na>,,514.5,459.52,54.98,,,4138,financial data present but missing supporting fields,remove_incomplete_rows
,,,,,,,<na>,,20.0,0.35,16.5,,,4142,financial data present but missing supporting fields,remove_incomplete_rows
,,,,,,,<na>,,402.6,28.36,94.32,,,4149,financial data present but missing supporting fields,remove_incomplete_rows
,,,,,,,<na>,,120.0,56.0,64.0,,,4153,financial data present but missing supporting fields,remove_incomplete_rows
,,,,,,,<na>,,1403.38,716.07,687.31,,,4158,financial data present but missing supporting fields,remove_incomplete_rows
,,,,,,,<na>,,18.5,15.16,3.34,,,4162,financial data present but missing supporting fields,remove_incomplete_rows
,,,,,,,<na>,,194.5,124.76,31.56,,,4167,financial data present but missing supporting fields,remove_incomplete_rows
,,,,,,,<na>,,202.5,25.53,51.22,,,4172,financial data present but missing supporting fields,remove_incomplete_rows
,,,,,,,<na>,,1282.5,980.0,302.5,,,4176,financial data present but missing supporting fields,remove_incomplete_rows
,,,,,,,<na>,,34.5,4.72,6.2,,,4180,financial data present but missing supporting fields,remove_incomplete_rows
,,,,,,,<na>,,150.0,41.47,25.59,,,4184,financial data present but missing supporting fields,remove_incomplete_rows
,,,,,,,<na>,,18.0,8.37,9.63,,,4188,financial data present but missing supporting fields,remove_incomplete_rows
,,,,,,,<na>,,237.75,149.3,48.87,,,4193,financial data present but missing supporting fields,remove_incomplete_rows
,,,,,,,<na>,,102.5,87.93,14.57,,,4198,financial data present but missing supporting fields,remove_incomplete_rows
,,,,,,,<na>,,139.0,39.92,63.98,,,4203,financial data present but missing supporting fields,remove_incomplete_rows
,,,,,,,<na>,,56.0,6.2,-68.06,,,4207,financial data present but missing supporting fields,remove_incomplete_rows
,,,,,,,<na>,,70.0,30.22,9.55,,,4211,financial data present but missing supporting fields,remove_incomplete_rows
,,,,,,,<na>,,92.5,71.43,21.07,,,4215,financial data present but missing supporting fields,remove_incomplete_rows
,,,,,,,<na>,,21.5,17.39,4.11,,,4219,financial data present but missing supporting fields,remove_incomplete_rows
,,,,,,,<na>,,75.0,0.39,63.3,,,4223,financial data present but missing supporting fields,remove_incomplete_rows
,,,,,,,<na>,,170.0,143.25,26.75,,,4228,financial data present but missing supporting fields,remove_incomplete_rows
,,,,,,,<na>,,235.0,205.44,29.56,,,4233,financial data present but missing supporting fields,remove_incomplete_rows
,,,,,,,<na>,,400.8,0.0,400.8,,,4237,financial data present but missing supporting fields,remove_incomplete_rows
,,,,,,,<na>,,112.0,1.25,94.5,,,4241,financial data present but missing supporting fields,remove_incomplete_rows
,,,,,,,<na>,,53.0,10.78,9.88,,,4245,financial data present but missing supporting fields,remove_incomplete_rows
,,,,,,,<na>,,25.0,13.0,12.0,,,4249,financial data present but missing supporting fields,remove_incomplete_rows
,,,,,,,<na>,,22.0,4.76,2.96,,,4253,financial data present but missing supporting fields,remove_incomplete_rows
,,,,,,,<na>,,64.55,55.65,8.9,,,4258,financial data present but missing supporting fields,remove_incomplete_rows
,,,,,,,<na>,,27.5,13.48,6.86,,,4263,financial data present but missing supporting fields,remove_incomplete_rows
,,,,,,,<na>,,79.5,63.7,15.8,,,4268,financial data present but missing supporting fields,remove_incomplete_rows
,,,,,,,<na>,,614.5,48.94,84.27,,,4274,financial data present but missing supporting fields,remove_incomplete_rows
,,,,,,,<na>,,215.5,152.27,23.83,,,4281,financial data present but missing supporting fields,remove_incomplete_rows
,,,,,,,<na>,,764.1,799.0,-34.9,,,4286,financial data present but missing supporting fields,remove_incomplete_rows
,,,,,,,<na>,,111.25,19.4,14.24,,,4290,financial data present but missing supporting fields,remove_incomplete_rows
,,,,,,,<na>,,166.5,110.04,36.46,,,4297,financial data present but missing supporting fields,remove_incomplete_rows
,,,,,,,<na>,,58.25,48.6,9.65,,,4301,financial data present but missing supporting fields,remove_incomplete_rows
,,,,,,,<na>,,187.5,148.62,38.88,,,4306,financial data present but missing supporting fields,remove_incomplete_rows
,,,,,,,<na>,,227.5,121.82,36.34,,,4312,financial data present but missing supporting fields,remove_incomplete_rows
,,,,,,,<na>,,40.0,9.6,30.4,,,4316,financial data present but missing supporting fields,remove_incomplete_rows
,,,,,,,<na>,,16.25,14.61,1.64,,,4320,financial data present but missing supporting fields,remove_incomplete_rows
,,,,,,,<na>,,227.5,73.39,84.56,,,4325,financial data present but missing supporting fields,remove_incomplete_rows
,,,,,,,<na>,,49.68,3.67,27.66,,,4330,financial data present but missing supporting fields,remove_incomplete_rows
,,,,,,,<na>,,10.0,0.65,7.4,,,4334,financial data present but missing supporting fields,remove_incomplete_rows
,,,,,,,<na>,,47.5,19.48,8.54,,,4338,financial data present but missing supporting fields,remove_incomplete_rows
,,,,,,,<na>,,128.66,35.03,23.59,,,4344,financial data present but missing supporting fields,remove_incomplete_rows
,,,,,,,<na>,,294.5,267.59,26.91,,,4348,financial data present but missing supporting fields,remove_incomplete_rows
,,,,,,,<na>,,110.0,45.75,18.5,,,4352,financial data present but missing supporting fields,remove_incomplete_rows
,,,,,,,<na>,,108.6,1.15,74.25,,,4357,financial data present but missing supporting fields,remove_incomplete_rows
,,,,,,,<na>,,146.0,133.54,12.46,,,4361,financial data present but missing supporting fields,remove_incomplete_rows
,,,,,,,<na>,,18.5,15.16,3.34,,,4365,financial data present but missing supporting fields,remove_incomplete_rows
,,,,,,,<na>,,23.5,21.33,2.17,,,4369,financial data present but missing supporting fields,remove_incomplete_rows
,,,,,,,<na>,,102.68,56.37,46.31,,,4374,financial data present but missing supporting fields,remove_incomplete_rows
,,,,,,,<na>,,26.25,22.48,3.77,,,4379,financial data present but missing supporting fields,remove_incomplete_rows
,,,,,,,<na>,,931.25,58.18,367.46,,,4384,financial data present but missing supporting fields,remove_incomplete_rows
,,,,,,,<na>,,235.5,19.63,39.23,,,4388,financial data present but missing supporting fields,remove_incomplete_rows
,,,,,,,<na>,,162.5,48.0,114.5,,,4392,financial data present but missing supporting fields,remove_incomplete_rows
,,,,,,,<na>,,111.0,14.29,25.26,,,4396,financial data present but missing supporting fields,remove_incomplete_rows
,,,,,,,<na>,,250.0,120.14,29.18,,,4403,financial data present but missing supporting fields,remove_incomplete_rows
,,,,,,,<na>,,751.5,63.07,120.84,,,4408,financial data present but missing supporting fields,remove_incomplete_rows
,,,,,,,<na>,,82.0,38.26,18.65,,,4413,financial data present but missing supporting fields,remove_incomplete_rows
,,,,,,,<na>,,124.5,23.37,19.58,,,4418,financial data present but missing supporting fields,remove_incomplete_rows
,,,,,,,<na>,,39.25,35.36,3.89,,,4422,financial data present but missing supporting fields,remove_incomplete_rows
,,,,,,,<na>,,892.5,24.64,153.21,,,4426,financial data present but missing supporting fields,remove_incomplete_rows
,,,,,,,<na>,,144.9,69.0,75.9,,,4430,financial data present but missing supporting fields,remove_incomplete_rows
,,,,,,,<na>,,15.0,9.2,5.8,,,4434,financial data present but missing supporting fields,remove_incomplete_rows
,,,,,,,<na>,,11.0,6.33,4.67,,,4438,financial data present but missing supporting fields,remove_incomplete_rows
,,,,,,,<na>,,481.0,417.71,63.29,,,4444,financial data present but missing supporting fields,remove_incomplete_rows
,,,,,,,<na>,,902.6,178.38,96.98,,,4453,financial data present but missing supporting fields,remove_incomplete_rows
,,,,,,,<na>,,192.5,34.84,18.3,,,4457,financial data present but missing supporting fields,remove_incomplete_rows
,,,,,,,<na>,,1125.34,537.74,107.16,,,4467,financial data present but missing supporting fields,remove_incomplete_rows
,,,,,,,<na>,,270.0,3.23,173.1,,,4472,financial data present but missing supporting fields,remove_incomplete_rows
,,,,,,,<na>,,798.5,710.83,87.67,,,4476,financial data present but missing supporting fields,remove_incomplete_rows
,,,,,,,<na>,,397.5,23.84,39.9,,,4480,financial data present but missing supporting fields,remove_incomplete_rows
,,,,,,,<na>,,486.4,38.2,15.92,,,4485,financial data present but missing supporting fields,remove_incomplete_rows
,,,,,,,<na>,,918.6,798.09,120.51,,,4489,financial data present but missing supporting fields,remove_incomplete_rows
,,,,,,,<na>,,2906.7,174.81,477.93,,,4496,financial data present but missing supporting fields,remove_incomplete_rows
,,,,,,,<na>,,31.0,26.91,4.09,,,4500,financial data present but missing supporting fields,remove_incomplete_rows
,,,,,,,<na>,,192.0,18.38,45.0,,,4504,financial data present but missing supporting fields,remove_incomplete_rows
,,,,,,,<na>,,54.75,39.14,15.61,,,4509,financial data present but missing supporting fields,remove_incomplete_rows
,,,,,,,<na>,,150.0,130.56,19.44,,,4513,financial data present but missing supporting fields,remove_incomplete_rows
,,,,,,,<na>,,393.75,341.0,52.75,,,4520,financial data present but missing supporting fields,remove_incomplete_rows
,,,,,,,<na>,,56.0,51.46,4.54,,,4525,financial data present but missing supporting fields,remove_incomplete_rows
,,,,,,,<na>,,1423.8,93.24,194.14,,,4531,financial data present but missing supporting fields,remove_incomplete_rows
,,,,,,,<na>,,46.0,42.44,3.56,,,4535,financial data present but missing supporting fields,remove_incomplete_rows
,,,,,,,<na>,,85.0,20.62,21.51,,,4540,financial data present but missing supporting fields,remove_incomplete_rows
,,,,,,,<na>,,32.0,17.75,14.25,,,4544,financial data present but missing supporting fields,remove_incomplete_rows
,,,,,,,<na>,,1456.0,57.78,-161.97,,,4548,financial data present but missing supporting fields,remove_incomplete_rows
,,,,,,,<na>,,93.5,81.34,12.16,,,4552,financial data present but missing supporting fields,remove_incomplete_rows
,,,,,,,<na>,,327.0,186.57,47.99,,,4560,financial data present but missing supporting fields,remove_incomplete_rows
,,,,,,,<na>,,179.0,77.43,101.57,,,4564,financial data present but missing supporting fields,remove_incomplete_rows
,,,,,,,<na>,,153.0,27.52,15.4,,,4568,financial data present but missing supporting fields,remove_incomplete_rows
,,,,,,,<na>,,46.5,35.41,5.9,,,4573,financial data present but missing supporting fields,remove_incomplete_rows
,,,,,,,<na>,,248.0,229.43,18.57,,,4577,financial data present but missing supporting fields,remove_incomplete_rows
,,,,,,,<na>,,30.0,17.6,12.4,,,4581,financial data present but missing supporting fields,remove_incomplete_rows
,,,,,,,<na>,,34.5,27.56,6.94,,,4585,financial data present but missing supporting fields,remove_incomplete_rows
,,,,,,,<na>,,49.5,4.76,6.65,,,4589,financial data present but missing supporting fields,remove_incomplete_rows
,,,,,,,<na>,,97.5,14.61,9.85,,,4593,financial data present but missing supporting fields,remove_incomplete_rows
,,,,,,,<na>,,75.5,51.49,24.01,,,4599,financial data present but missing supporting fields,remove_incomplete_rows
,,,,,,,<na>,,78.75,70.29,8.46,,,4603,financial data present but missing supporting fields,remove_incomplete_rows
,,,,,,,<na>,,106.65,34.75,17.53,,,4608,financial data present but missing supporting fields,remove_incomplete_rows
,,,,,,,<na>,,141.0,122.88,18.12,,,4613,financial data present but missing supporting fields,remove_incomplete_rows
,,,,,,,<na>,,945.0,650.0,295.0,,,4617,financial data present but missing supporting fields,remove_incomplete_rows
,,,,,,,<na>,,100.0,10.37,37.59,,,4622,financial data present but missing supporting fields,remove_incomplete_rows
,,,,,,,<na>,,245.5,221.47,24.03,,,4627,financial data present but missing supporting fields,remove_incomplete_rows
,,,,,,,<na>,,29.75,23.84,5.91,,,4631,financial data present but missing supporting fields,remove_incomplete_rows
,,,,,,,<na>,,360.0,10.68,39.5,,,4635,financial data present but missing supporting fields,remove_incomplete_rows
,,,,,,,<na>,,18.0,15.12,2.88,,,4639,financial data present but missing supporting fields,remove_incomplete_rows
,,,,,,,<na>,,18.0,8.37,9.63,,,4643,financial data present but missing supporting fields,remove_incomplete_rows
,,,,,,,<na>,,25.0,0.78,17.2,,,4647,financial data present but missing supporting fields,remove_incomplete_rows
,,,,,,,<na>,,35.0,30.22,4.78,,,4651,financial data present but missing supporting fields,remove_incomplete_rows
,,,,,,,<na>,,511.5,454.99,56.51,,,4657,financial data present but missing supporting fields,remove_incomplete_rows
,,,,,,,<na>,,26.25,22.48,3.77,,,4662,financial data present but missing supporting fields,remove_incomplete_rows
,,,,,,,<na>,,739.2,56.0,123.2,,,4666,financial data present but missing supporting fields,remove_incomplete_rows
,,,,,,,<na>,,15.0,0.66,8.4,,,4670,financial data present but missing supporting fields,remove_incomplete_rows
,,,,,,,<na>,,4.0,0.94,2.12,,,4674,financial data present but missing supporting fields,remove_incomplete_rows
,,,,,,,<na>,,33.0,6.33,14.02,,,4678,financial data present but missing supporting fields,remove_incomplete_rows
,,,,,,,<na>,,31.0,29.34,1.66,,,4682,financial data present but missing supporting fields,remove_incomplete_rows
,,,,,,,<na>,,134.0,115.2,18.8,,,4686,financial data present but missing supporting fields,remove_incomplete_rows
,,,,,,,<na>,,92.0,20.5,10.01,,,4690,financial data present but missing supporting fields,remove_incomplete_rows
,,,,,,,<na>,,59.25,54.64,4.61,,,4694,financial data present but missing supporting fields,remove_incomplete_rows
,,,,,,,<na>,,656.25,13.0,383.25,,,4698,financial data present but missing supporting fields,remove_incomplete_rows
,,,,,,,<na>,,378.0,15.19,104.58,,,4702,financial data present but missing supporting fields,remove_incomplete_rows
,,,,,,,<na>,,708.0,24.06,130.58,,,4706,financial data present but missing supporting fields,remove_incomplete_rows
,,,,,,,<na>,,1590.5,71.09,365.93,,,4713,financial data present but missing supporting fields,remove_incomplete_rows
,,,,,,,<na>,,60.25,50.53,9.72,,,4718,financial data present but missing supporting fields,remove_incomplete_rows
,,,,,,,<na>,,17.2,7.67,1.86,,,4722,financial data present but missing supporting fields,remove_incomplete_rows
,,,,,,,<na>,,163.44,12.53,-24.48,,,4726,financial data present but missing supporting fields,remove_incomplete_rows
,,,,,,,<na>,,1148.25,525.41,417.95,,,4735,financial data present but missing supporting fields,remove_incomplete_rows
,,,,,,,<na>,,41.0,36.02,4.98,,,4739,financial data present but missing supporting fields,remove_incomplete_rows
,,,,,,,<na>,,67.5,5.98,7.7,,,4743,financial data present but missing supporting fields,remove_incomplete_rows
,,,,,,,<na>,,157.75,134.82,22.93,,,4749,financial data present but missing supporting fields,remove_incomplete_rows
,,,,,,,<na>,,364.52,221.47,8.79,,,4754,financial data present but missing supporting fields,remove_incomplete_rows
,,,,,,,<na>,,88.0,78.4,9.6,,,4758,financial data present but missing supporting fields,remove_incomplete_rows
,,,,,,,<na>,,29.0,26.19,2.81,,,4762,financial data present but missing supporting fields,remove_incomplete_rows
,,,,,,,<na>,,23.39,21.07,2.32,,,4766,financial data present but missing supporting fields,remove_incomplete_rows
,,,,,,,<na>,,42.0,31.26,10.74,,,4770,financial data present but missing supporting fields,remove_incomplete_rows
,,,,,,,<na>,,12.75,3.65,1.8,,,4774,financial data present but missing supporting fields,remove_incomplete_rows
,,,,,,,<na>,,196.75,89.33,19.67,,,4781,financial data present but missing supporting fields,remove_incomplete_rows
,,,,,,,<na>,,67.0,60.67,6.33,,,4785,financial data present but missing supporting fields,remove_incomplete_rows
,,,,,,,<na>,,37.0,15.16,6.68,,,4789,financial data present but missing supporting fields,remove_incomplete_rows
,,,,,,,<na>,,41.0,34.44,6.57,,,4793,financial data present but missing supporting fields,remove_incomplete_rows
,,,,,,,<na>,,70.5,62.07,8.43,,,4797,financial data present but missing supporting fields,remove_incomplete_rows
,,,,,,,<na>,,30.0,23.33,6.67,,,4801,financial data present but missing supporting fields,remove_incomplete_rows
,,,,,,,<na>,,85.0,68.4,16.6,,,4805,financial data present but missing supporting fields,remove_incomplete_rows
,,,,,,,<na>,,103.5,10.26,11.13,,,4809,financial data present but missing supporting fields,remove_incomplete_rows
,,,,,,,<na>,,15.0,9.2,5.8,,,4813,financial data present but missing supporting fields,remove_incomplete_rows
,,,,,,,<na>,,48.5,40.33,8.17,,,4817,financial data present but missing supporting fields,remove_incomplete_rows
,,,,,,,<na>,,148.0,2.93,89.4,,,4821,financial data present but missing supporting fields,remove_incomplete_rows
,,,,,,,<na>,,58.0,9.0,13.0,,,4825,financial data present but missing supporting fields,remove_incomplete_rows
,,,,,,,<na>,,167.5,26.77,33.64,,,4829,financial data present but missing supporting fields,remove_incomplete_rows
,,,,,,,<na>,,164.25,81.38,29.39,,,4834,financial data present but missing supporting fields,remove_incomplete_rows
,,,,,,,<na>,,220.0,22.0,132.0,,,4838,financial data present but missing supporting fields,remove_incomplete_rows
,,,,,,,<na>,,707.25,482.5,95.82,,,4846,financial data present but missing supporting fields,remove_incomplete_rows
,,,,,,,<na>,,85.5,72.27,13.23,,,4851,financial data present but missing supporting fields,remove_incomplete_rows
,,,,,,,<na>,,49.68,3.67,27.66,,,4856,financial data present but missing supporting fields,remove_incomplete_rows
,,,,,,,<na>,,53.1,25.0,28.1,,,4861,financial data present but missing supporting fields,remove_incomplete_rows
,,,,,,,<na>,,95.8,60.01,32.45,,,4872,financial data present but missing supporting fields,remove_incomplete_rows
,,,,,,,<na>,,14.25,11.74,2.51,,,4876,financial data present but missing supporting fields,remove_incomplete_rows
,,,,,,,<na>,,313.75,285.05,28.7,,,4881,financial data present but missing supporting fields,remove_incomplete_rows
,,,,,,,<na>,,127.5,10.47,22.8,,,4885,financial data present but missing supporting fields,remove_incomplete_rows
,,,,,,,<na>,,935.0,16.8,221.0,,,4890,financial data present but missing supporting fields,remove_incomplete_rows
,,,,,,,<na>,,74.35,21.68,18.28,,,4895,financial data present but missing supporting fields,remove_incomplete_rows
,,,,,,,<na>,,1050.0,650.0,400.0,,,4899,financial data present but missing supporting fields,remove_incomplete_rows
,,,,,,,<na>,,1276.8,56.0,156.8,,,4903,financial data present but missing supporting fields,remove_incomplete_rows
,,,,,,,<na>,,1420.94,51.78,146.42,,,4910,financial data present but missing supporting fields,remove_incomplete_rows
,,,,,,,<na>,,20.0,17.29,2.71,,,4914,financial data present but missing supporting fields,remove_incomplete_rows
,,,,,,,<na>,,26.25,22.48,3.77,,,4919,financial data present but missing supporting fields,remove_incomplete_rows
,,,,,,,<na>,,95.0,45.0,50.0,,,4923,financial data present but missing supporting fields,remove_incomplete_rows
,,,,,,,<na>,,777.5,133.61,197.78,,,4929,financial data present but missing supporting fields,remove_incomplete_rows
,,,,,,,<na>,,638.25,136.42,283.93,,,4935,financial data present but missing supporting fields,remove_incomplete_rows
,,,,,,,<na>,,1482.5,641.26,750.5,,,4944,financial data present but missing supporting fields,remove_incomplete_rows
,,,,,,,<na>,,100.0,41.47,17.06,,,4948,financial data present but missing supporting fields,remove_incomplete_rows
,,,,,,,<na>,,401.0,319.04,47.14,,,4955,financial data present but missing supporting fields,remove_incomplete_rows
,,,,,,,<na>,,7.5,1.3,3.59,,,4959,financial data present but missing supporting fields,remove_incomplete_rows
,,,,,,,<na>,,1032.8,163.65,-94.29,,,4965,financial data present but missing supporting fields,remove_incomplete_rows
,,,,,,,<na>,,27.0,6.13,2.47,,,4969,financial data present but missing supporting fields,remove_incomplete_rows
,,,,,,,<na>,,322.0,31.37,71.01,,,4973,financial data present but missing supporting fields,remove_incomplete_rows
,,,,,,,<na>,,1597.0,507.73,361.38,,,4978,financial data present but missing supporting fields,remove_incomplete_rows
,,,,,,,<na>,,279.5,38.6,52.76,,,4985,financial data present but missing supporting fields,remove_incomplete_rows
,,,,,,,<na>,,98.0,76.29,21.71,,,4990,financial data present but missing supporting fields,remove_incomplete_rows
,,,,,,,<na>,,594.55,461.53,133.02,,,4996,financial data present but missing supporting fields,remove_incomplete_rows
,,,,,,,<na>,,13.5,3.2,7.1,,,5000,financial data present but missing supporting fields,remove_incomplete_rows
,,,,,,,<na>,,92.5,6.3,29.47,,,5005,financial data present but missing supporting fields,remove_incomplete_rows
,,,,,,,<na>,,365.5,325.8,39.7,,,5010,financial data present but missing supporting fields,remove_incomplete_rows
,,,,,,,<na>,,282.0,28.88,-6.8,,,5014,financial data present but missing supporting fields,remove_incomplete_rows
,,,,,,,<na>,,12.8,8.98,3.82,,,5018,financial data present but missing supporting fields,remove_incomplete_rows
,,,,,,,<na>,,111.8,12.43,74.07,,,5024,financial data present but missing supporting fields,remove_incomplete_rows
,,,,,,,<na>,,474.0,206.36,61.28,,,5029,financial data present but missing supporting fields,remove_incomplete_rows
,,,,,,,<na>,,508.0,207.31,93.37,,,5034,financial data present but missing supporting fields,remove_incomplete_rows
,,,,,,,<na>,,32.0,1.26,19.4,,,5038,financial data present but missing supporting fields,remove_incomplete_rows
,,,,,,,<na>,,72.8,1.6,50.4,,,5042,financial data present but missing supporting fields,remove_incomplete_rows
,,,,,,,<na>,,31.0,29.34,1.66,,,5046,financial data present but missing supporting fields,remove_incomplete_rows
,,,,,,,<na>,,10.0,9.03,0.98,,,5050,financial data present but missing supporting fields,remove_incomplete_rows
,,,,,,,<na>,,210.0,32.08,49.62,,,5054,financial data present but missing supporting fields,remove_incomplete_rows
,,,,,,,<na>,,119.0,102.66,16.34,,,5058,financial data present but missing supporting fields,remove_incomplete_rows
,,,,,,,<na>,,13.5,3.2,7.1,,,5062,financial data present but missing supporting fields,remove_incomplete_rows
,,,,,,,<na>,,355.2,5.07,203.1,,,5068,financial data present but missing supporting fields,remove_incomplete_rows
,,,,,,,<na>,,770.0,250.0,270.0,,,5072,financial data present but missing supporting fields,remove_incomplete_rows
,,,,,,,<na>,,157.5,70.29,16.92,,,5076,financial data present but missing supporting fields,remove_incomplete_rows
,,,,,,,<na>,,100.5,71.27,20.03,,,5081,financial data present but missing supporting fields,remove_incomplete_rows
,,,,,,,<na>,,206.0,78.26,29.32,,,5086,financial data present but missing supporting fields,remove_incomplete_rows
,,,,,,,<na>,,378.58,76.83,105.82,,,5093,financial data present but missing supporting fields,remove_incomplete_rows
,,,,,,,<na>,,106.0,23.73,11.08,,,5097,financial data present but missing supporting fields,remove_incomplete_rows
,,,,,,,<na>,,253.9,54.75,117.7,,,5104,financial data present but missing supporting fields,remove_incomplete_rows
,,,,,,,<na>,,26.25,22.48,3.77,,,5109,financial data present but missing supporting fields,remove_incomplete_rows
,,,,,,,<na>,,92.5,71.43,21.07,,,5113,financial data present but missing supporting fields,remove_incomplete_rows
,,,,,,,<na>,,143.5,120.1,23.4,,,5118,financial data present but missing supporting fields,remove_incomplete_rows
,,,,,,,<na>,,15.0,9.2,5.8,,,5122,financial data present but missing supporting fields,remove_incomplete_rows
,,,,,,,<na>,,55.0,30.09,17.26,,,5127,financial data present but missing supporting fields,remove_incomplete_rows
,,,,,,,<na>,,516.0,389.91,126.09,,,5131,financial data present but missing supporting fields,remove_incomplete_rows
,,,,,,,<na>,,50.0,11.13,5.48,,,5135,financial data present but missing supporting fields,remove_incomplete_rows
,,,,,,,<na>,,417.5,86.82,49.67,,,5141,financial data present but missing supporting fields,remove_incomplete_rows
,,,,,,,<na>,,112.15,29.68,11.71,,,5146,financial data present but missing supporting fields,remove_incomplete_rows
,,,,,,,<na>,,35.0,30.22,4.78,,,5150,financial data present but missing supporting fields,remove_incomplete_rows
,,,,,,,<na>,,120.0,56.0,64.0,,,5154,financial data present but missing supporting fields,remove_incomplete_rows
,,,,,,,<na>,,323.75,243.87,54.88,,,5160,financial data present but missing supporting fields,remove_incomplete_rows
,,,,,,,<na>,,1211.0,59.67,-50.62,,,5166,financial data present but missing supporting fields,remove_incomplete_rows
,,,,,,,<na>,,428.5,30.47,224.03,,,5171,financial data present but missing supporting fields,remove_incomplete_rows
,,,,,,,<na>,,16.0,6.37,3.26,,,5175,financial data present but missing supporting fields,remove_incomplete_rows
,,,,,,,<na>,,48.0,37.04,10.96,,,5179,financial data present but missing supporting fields,remove_incomplete_rows
,,,,,,,<na>,,170.5,29.69,23.43,,,5185,financial data present but missing supporting fields,remove_incomplete_rows
,,,,,,,<na>,,100.5,87.11,13.39,,,5190,financial data present but missing supporting fields,remove_incomplete_rows
,,,,,,,<na>,,58.0,25.33,7.34,,,5194,financial data present but missing supporting fields,remove_incomplete_rows
,,,,,,,<na>,,46.0,18.46,9.08,,,5198,financial data present but missing supporting fields,remove_incomplete_rows
,,,,,,,<na>,,25.6,8.98,7.64,,,5202,financial data present but missing supporting fields,remove_incomplete_rows
,,,,,,,<na>,,185.0,149.19,35.81,,,5206,financial data present but missing supporting fields,remove_incomplete_rows
,,,,,,,<na>,,231.3,135.0,96.3,,,5210,financial data present but missing supporting fields,remove_incomplete_rows
,,,,,,,<na>,,103.5,89.96,13.54,,,5214,financial data present but missing supporting fields,remove_incomplete_rows
,,,,,,,<na>,,144.0,41.65,56.89,,,5220,financial data present but missing supporting fields,remove_incomplete_rows
,,,,,,,<na>,,96.0,87.21,8.79,,,5224,financial data present but missing supporting fields,remove_incomplete_rows
,,,,,,,<na>,,34.5,27.56,6.94,,,5228,financial data present but missing supporting fields,remove_incomplete_rows
,,,,,,,<na>,,144.5,26.96,38.08,,,5233,financial data present but missing supporting fields,remove_incomplete_rows
,,,,,,,<na>,,142.98,35.4,34.17,,,5239,financial data present but missing supporting fields,remove_incomplete_rows
,,,,,,,<na>,,82.0,37.81,6.38,,,5243,financial data present but missing supporting fields,remove_incomplete_rows
,,,,,,,<na>,,65.0,53.81,11.19,,,5247,financial data present but missing supporting fields,remove_incomplete_rows
,,,,,,,<na>,,23.2,9.0,5.2,,,5251,financial data present but missing supporting fields,remove_incomplete_rows
,,,,,,,<na>,,205.25,124.49,35.28,,,5256,financial data present but missing supporting fields,remove_incomplete_rows
,,,,,,,<na>,,81.5,31.49,18.53,,,5261,financial data present but missing supporting fields,remove_incomplete_rows
,,,,,,,<na>,,41.0,31.88,9.12,,,5266,financial data present but missing supporting fields,remove_incomplete_rows
,,,,,,,<na>,,36.75,31.4,5.35,,,5270,financial data present but missing supporting fields,remove_incomplete_rows
,,,,,,,<na>,,381.9,43.87,62.21,,,5276,financial data present but missing supporting fields,remove_incomplete_rows
,,,,,,,<na>,,62.5,5.14,11.1,,,5280,financial data present but missing supporting fields,remove_incomplete_rows
,,,,,,,<na>,,11.0,6.33,4.67,,,5284,financial data present but missing supporting fields,remove_incomplete_rows
,,,,,,,<na>,,120.0,56.0,64.0,,,5288,financial data present but missing supporting fields,remove_incomplete_rows
,,,,,,,<na>,,11.0,6.33,4.67,,,5292,financial data present but missing supporting fields,remove_incomplete_rows
,,,,,,,<na>,,26.25,22.48,3.77,,,5297,financial data present but missing supporting fields,remove_incomplete_rows
,,,,,,,<na>,,4536.0,2732.73,1558.18,,,5303,financial data present but missing supporting fields,remove_incomplete_rows
,,,,,,,<na>,,18.5,15.16,3.34,,,5307,financial data present but missing supporting fields,remove_incomplete_rows
,,,,,,,<na>,,1097.0,397.58,-37.07,,,5316,financial data present but missing supporting fields,remove_incomplete_rows
,,,,,,,<na>,,272.5,24.45,27.99,,,5320,financial data present but missing supporting fields,remove_incomplete_rows
,,,,,,,<na>,,53.0,23.99,5.02,,,5324,financial data present but missing supporting fields,remove_incomplete_rows
,,,,,,,<na>,,47.0,42.12,4.88,,,5331,financial data present but missing supporting fields,remove_incomplete_rows
,,,,,,,<na>,,48.0,37.04,10.96,,,5335,financial data present but missing supporting fields,remove_incomplete_rows
,,,,,,,<na>,,339.28,273.57,65.71,,,5339,financial data present but missing supporting fields,remove_incomplete_rows
,,,,,,,<na>,,10.0,9.03,0.98,,,5343,financial data present but missing supporting fields,remove_incomplete_rows
,,,,,,,<na>,,529.0,340.43,107.23,,,5348,financial data present but missing supporting fields,remove_incomplete_rows
,,,,,,,<na>,,58.0,9.0,13.0,,,5352,financial data present but missing supporting fields,remove_incomplete_rows
,,,,,,,<na>,,85.0,3.65,12.01,,,5356,financial data present but missing supporting fields,remove_incomplete_rows
,,,,,,,<na>,,74.25,7.27,8.82,,,5360,financial data present but missing supporting fields,remove_incomplete_rows
,,,,,,,<na>,,91.5,13.67,9.49,,,5365,financial data present but missing supporting fields,remove_incomplete_rows
,,,,,,,<na>,,147.0,22.69,24.38,,,5370,financial data present but missing supporting fields,remove_incomplete_rows
,,,,,,,<na>,,92.5,71.43,21.07,,,5374,financial data present but missing supporting fields,remove_incomplete_rows
,,,,,,,<na>,,35.0,1.51,19.9,,,5378,financial data present but missing supporting fields,remove_incomplete_rows
,,,,,,,<na>,,1786.5,114.76,293.12,,,5383,financial data present but missing supporting fields,remove_incomplete_rows
,,,,,,,<na>,,40.5,30.37,10.13,,,5388,financial data present but missing supporting fields,remove_incomplete_rows
,,,,,,,<na>,,56.0,1.55,34.3,,,5392,financial data present but missing supporting fields,remove_incomplete_rows
,,,,,,,<na>,,30.0,17.6,12.4,,,5396,financial data present but missing supporting fields,remove_incomplete_rows
,,,,,,,<na>,,588.75,490.53,98.22,,,5400,financial data present but missing supporting fields,remove_incomplete_rows
,,,,,,,<na>,,148.0,8.53,98.83,,,5407,financial data present but missing supporting fields,remove_incomplete_rows
,,,,,,,<na>,,460.0,185.1,254.0,,,5412,financial data present but missing supporting fields,remove_incomplete_rows
,,,,,,,<na>,,656.25,13.0,383.25,,,5416,financial data present but missing supporting fields,remove_incomplete_rows
,,,,,,,<na>,,41.0,34.44,6.57,,,5420,financial data present but missing supporting fields,remove_incomplete_rows
,,,,,,,<na>,,108.0,89.25,18.75,,,5424,financial data present but missing supporting fields,remove_incomplete_rows
,,,,,,,<na>,,158.0,58.65,66.51,,,5429,financial data present but missing supporting fields,remove_incomplete_rows
,,,,,,,<na>,,48.0,43.48,4.52,,,5433,financial data present but missing supporting fields,remove_incomplete_rows
,,,,,,,<na>,,156.96,66.28,-41.89,,,5437,financial data present but missing supporting fields,remove_incomplete_rows
,,,,,,,<na>,,17.0,15.44,1.56,,,5441,financial data present but missing supporting fields,remove_incomplete_rows
,,,,,,,<na>,,317.8,228.39,89.41,,,5445,financial data present but missing supporting fields,remove_incomplete_rows
,,,,,,,<na>,,50.0,40.51,9.49,,,5450,financial data present but missing supporting fields,remove_incomplete_rows
,,,,,,,<na>,,101.5,88.99,12.51,,,5455,financial data present but missing supporting fields,remove_incomplete_rows
,,,,,,,<na>,,166.5,149.28,17.22,,,5460,financial data present but missing supporting fields,remove_incomplete_rows
,,,,,,,<na>,,162.5,48.0,114.5,,,5464,financial data present but missing supporting fields,remove_incomplete_rows
,,,,,,,<na>,,17.0,3.65,2.4,,,5468,financial data present but missing supporting fields,remove_incomplete_rows
,,,,,,,<na>,,146.9,95.97,18.08,,,5474,financial data present but missing supporting fields,remove_incomplete_rows
,,,,,,,<na>,,77.5,37.76,9.59,,,5479,financial data present but missing supporting fields,remove_incomplete_rows
,,,,,,,<na>,,282.25,124.41,38.82,,,5486,financial data present but missing supporting fields,remove_incomplete_rows
,,,,,,,<na>,,150.0,121.28,28.72,,,5490,financial data present but missing supporting fields,remove_incomplete_rows
,,,,,,,<na>,,54.0,8.37,28.89,,,5494,financial data present but missing supporting fields,remove_incomplete_rows
,,,,,,,<na>,,42.5,3.65,6.01,,,5498,financial data present but missing supporting fields,remove_incomplete_rows
,,,,,,,<na>,,103.8,23.38,10.28,,,5502,financial data present but missing supporting fields,remove_incomplete_rows
,,,,,,,<na>,,89.0,77.23,11.77,,,5507,financial data present but missing supporting fields,remove_incomplete_rows
,,,,,,,<na>,,18.0,8.37,9.63,,,5511,financial data present but missing supporting fields,remove_incomplete_rows
,,,,,,,<na>,,58.91,34.96,17.02,,,5517,financial data present but missing supporting fields,remove_incomplete_rows
,,,,,,,<na>,,264.5,54.15,28.05,,,5523,financial data present but missing supporting fields,remove_incomplete_rows
,,,,,,,<na>,,225.0,132.64,92.36,,,5527,financial data present but missing supporting fields,remove_incomplete_rows
,,,,,,,<na>,,41.0,26.69,14.31,,,5532,financial data present but missing supporting fields,remove_incomplete_rows
,,,,,,,<na>,,89.25,10.47,15.96,,,5536,financial data present but missing supporting fields,remove_incomplete_rows
,,,,,,,<na>,,30.0,0.35,24.75,,,5540,financial data present but missing supporting fields,remove_incomplete_rows
,,,,,,,<na>,,143.76,22.09,56.74,,,5545,financial data present but missing supporting fields,remove_incomplete_rows
,,,,,,,<na>,,45.0,9.85,5.6,,,5549,financial data present but missing supporting fields,remove_incomplete_rows
,,,,,,,<na>,,23.5,8.66,6.17,,,5554,financial data present but missing supporting fields,remove_incomplete_rows
,,,,,,,<na>,,33.0,24.18,8.82,,,5559,financial data present but missing supporting fields,remove_incomplete_rows
,,,,,,,<na>,,8.0,3.5,4.5,,,5563,financial data present but missing supporting fields,remove_incomplete_rows
,,,,,,,<na>,,20.0,8.65,2.7,,,5567,financial data present but missing supporting fields,remove_incomplete_rows
,,,,,,,<na>,,30.0,14.26,15.74,,,5571,financial data present but missing supporting fields,remove_incomplete_rows
,,,,,,,<na>,,216.0,89.25,37.5,,,5575,financial data present but missing supporting fields,remove_incomplete_rows
,,,,,,,<na>,,16.5,7.15,2.19,,,5579,financial data present but missing supporting fields,remove_incomplete_rows
,,,,,,,<na>,,64.0,55.85,8.15,,,5584,financial data present but missing supporting fields,remove_incomplete_rows
,,,,,,,<na>,,1179.0,51.13,156.31,,,5589,financial data present but missing supporting fields,remove_incomplete_rows
,,,,,,,<na>,,40.0,0.65,27.0,,,5593,financial data present but missing supporting fields,remove_incomplete_rows
,,,,,,,<na>,,26.25,22.48,3.77,,,5598,financial data present but missing supporting fields,remove_incomplete_rows
,,,,,,,<na>,,385.0,250.0,135.0,,,5602,financial data present but missing supporting fields,remove_incomplete_rows
,,,,,,,<na>,,23.0,18.22,4.78,,,5606,financial data present but missing supporting fields,remove_incomplete_rows
,,,,,,,<na>,,72.5,68.74,3.76,,,5610,financial data present but missing supporting fields,remove_incomplete_rows
,,,,,,,<na>,,22.0,4.76,2.96,,,5614,financial data present but missing supporting fields,remove_incomplete_rows
,,,,,,,<na>,,60.0,5.42,5.75,,,5618,financial data present but missing supporting fields,remove_incomplete_rows
,,,,,,,<na>,,110.5,95.17,15.33,,,5623,financial data present but missing supporting fields,remove_incomplete_rows
,,,,,,,<na>,,117.0,89.65,27.35,,,5627,financial data present but missing supporting fields,remove_incomplete_rows
,,,,,,,<na>,,124.0,49.02,25.96,,,5631,financial data present but missing supporting fields,remove_incomplete_rows
,,,,,,,<na>,,120.0,95.74,24.26,,,5635,financial data present but missing supporting fields,remove_incomplete_rows
,,,,,,,<na>,,150.0,130.56,19.44,,,5639,financial data present but missing supporting fields,remove_incomplete_rows
,,,,,,,<na>,,2579.9,125.78,-475.32,,,5652,financial data present but missing supporting fields,remove_incomplete_rows
,,,,,,,<na>,,134.0,121.74,12.26,,,5656,financial data present but missing supporting fields,remove_incomplete_rows
,,,,,,,<na>,,400.0,45.37,-53.72,,,5660,financial data present but missing supporting fields,remove_incomplete_rows
,,,,,,,<na>,,1915.2,56.0,235.2,,,5664,financial data present but missing supporting fields,remove_incomplete_rows
,,,,,,,<na>,,53.0,39.58,13.42,,,5668,financial data present but missing supporting fields,remove_incomplete_rows
,,,,,,,<na>,,54.0,11.91,6.36,,,5672,financial data present but missing supporting fields,remove_incomplete_rows
,,,,,,,<na>,,8.5,3.65,1.2,,,5676,financial data present but missing supporting fields,remove_incomplete_rows
,,,,,,,<na>,,28.0,2.8,14.0,,,5680,financial data present but missing supporting fields,remove_incomplete_rows
,,,,,,,<na>,,134.0,30.21,13.16,,,5684,financial data present but missing supporting fields,remove_incomplete_rows
,,,,,,,<na>,,18.5,15.16,3.34,,,5688,financial data present but missing supporting fields,remove_incomplete_rows
,,,,,,,<na>,,284.18,73.24,-32.42,,,5693,financial data present but missing supporting fields,remove_incomplete_rows
,,,,,,,<na>,,319.2,56.0,39.2,,,5697,financial data present but missing supporting fields,remove_incomplete_rows
,,,,,,,<na>,,3480.05,222.77,-558.35,,,5705,financial data present but missing supporting fields,remove_incomplete_rows
,,,,,,,<na>,,347.5,31.39,33.6,,,5709,financial data present but missing supporting fields,remove_incomplete_rows
,,,,,,,<na>,,90.75,79.54,11.21,,,5714,financial data present but missing supporting fields,remove_incomplete_rows
,,,,,,,<na>,,530.0,71.78,-62.58,,,5720,financial data present but missing supporting fields,remove_incomplete_rows
,,,,,,,<na>,,319.2,56.0,39.2,,,5724,financial data present but missing supporting fields,remove_incomplete_rows
,,,,,,,<na>,,93.5,46.9,10.95,,,5729,financial data present but missing supporting fields,remove_incomplete_rows
,,,,,,,<na>,,336.86,165.62,59.62,,,5736,financial data present but missing supporting fields,remove_incomplete_rows
,,,,,,,<na>,,133.5,55.6,22.3,,,5740,financial data present but missing supporting fields,remove_incomplete_rows
,,,,,,,<na>,,107.0,29.99,25.31,,,5745,financial data present but missing supporting fields,remove_incomplete_rows
,,,,,,,<na>,,129.5,109.04,20.46,,,5751,financial data present but missing supporting fields,remove_incomplete_rows
,,,,,,,<na>,,526.2,62.28,189.93,,,5766,financial data present but missing supporting fields,remove_incomplete_rows
,,,,,,,<na>,,8.25,7.27,0.98,,,5770,financial data present but missing supporting fields,remove_incomplete_rows
,,,,,,,<na>,,104.0,46.88,10.23,,,5774,financial data present but missing supporting fields,remove_incomplete_rows
,,,,,,,<na>,,285.12,99.0,-11.88,,,5778,financial data present but missing supporting fields,remove_incomplete_rows
,,,,,,,<na>,,237.0,185.39,51.61,,,5783,financial data present but missing supporting fields,remove_incomplete_rows
,,,,,,,<na>,,110.0,26.14,28.98,,,5788,financial data present but missing supporting fields,remove_incomplete_rows
,,,,,,,<na>,,23450.47,13754.0,9696.47,,,5795,financial data present but missing supporting fields,remove_incomplete_rows
,,,,,,,<na>,,40.0,9.6,30.4,,,5799,financial data present but missing supporting fields,remove_incomplete_rows
,,,,,,,<na>,,60.5,54.0,6.5,,,5803,financial data present but missing supporting fields,remove_incomplete_rows
,,,,,,,<na>,,117.5,8.82,55.17,,,5808,financial data present but missing supporting fields,remove_incomplete_rows
,,,,,,,<na>,,433.0,392.93,40.07,,,5812,financial data present but missing supporting fields,remove_incomplete_rows
,,,,,,,<na>,,461.7,41.38,100.3,,,5820,financial data present but missing supporting fields,remove_incomplete_rows
,,,,,,,<na>,,63.75,11.19,7.82,,,5825,financial data present but missing supporting fields,remove_incomplete_rows
,,,,,,,<na>,,33.0,20.96,12.04,,,5830,financial data present but missing supporting fields,remove_incomplete_rows
,,,,,,,<na>,,78.8,10.83,26.48,,,5836,financial data present but missing supporting fields,remove_incomplete_rows
,,,,,,,<na>,,71.18,59.03,12.15,,,5841,financial data present but missing supporting fields,remove_incomplete_rows
,,,,,,,<na>,,93.0,20.87,9.54,,,5845,financial data present but missing supporting fields,remove_incomplete_rows
,,,,,,,<na>,,115.0,1.13,84.6,,,5850,financial data present but missing supporting fields,remove_incomplete_rows
,,,,,,,<na>,,87.15,21.68,22.1,,,5855,financial data present but missing supporting fields,remove_incomplete_rows
,,,,,,,<na>,,42.5,3.65,6.01,,,5859,financial data present but missing supporting fields,remove_incomplete_rows
,,,,,,,<na>,,100.75,89.86,10.89,,,5863,financial data present but missing supporting fields,remove_incomplete_rows
,,,,,,,<na>,,40.0,45.37,-5.37,,,5867,financial data present but missing supporting fields,remove_incomplete_rows
,,,,,,,<na>,,11.0,6.33,4.67,,,5871,financial data present but missing supporting fields,remove_incomplete_rows
,,,,,,,<na>,,17.0,3.65,2.4,,,5875,financial data present but missing supporting fields,remove_incomplete_rows
,,,,,,,<na>,,91.5,57.0,23.39,,,5881,financial data present but missing supporting fields,remove_incomplete_rows
,,,,,,,<na>,,187.5,5.45,23.87,,,5885,financial data present but missing supporting fields,remove_incomplete_rows
,,,,,,,<na>,,18.5,15.16,3.34,,,5889,financial data present but missing supporting fields,remove_incomplete_rows
,,,,,,,<na>,,143.74,38.26,45.19,,,5894,financial data present but missing supporting fields,remove_incomplete_rows
,,,,,,,<na>,,796.0,722.0,74.0,,,5899,financial data present but missing supporting fields,remove_incomplete_rows
,,,,,,,<na>,,42.75,32.24,10.51,,,5904,financial data present but missing supporting fields,remove_incomplete_rows
,,,,,,,<na>,,638.4,56.0,78.4,,,5908,financial data present but missing supporting fields,remove_incomplete_rows
,,,,,,,<na>,,232.5,20.87,23.84,,,5912,financial data present but missing supporting fields,remove_incomplete_rows
,,,,,,,<na>,,2.0,0.94,1.06,,,5916,financial data present but missing supporting fields,remove_incomplete_rows
,,,,,,,<na>,,900.0,16.02,99.0,,,5920,financial data present but missing supporting fields,remove_incomplete_rows
,,,,,,,<na>,,73.5,61.8,11.7,,,5924,financial data present but missing supporting fields,remove_incomplete_rows
,,,,,,,<na>,,15.0,9.2,5.8,,,5928,financial data present but missing supporting fields,remove_incomplete_rows
,,,,,,,<na>,,51.75,43.21,8.54,,,5932,financial data present but missing supporting fields,remove_incomplete_rows
,,,,,,,<na>,,2878.72,2168.34,558.04,,,5938,financial data present but missing supporting fields,remove_incomplete_rows
,,,,,,,<na>,,311.5,292.4,19.1,,,5942,financial data present but missing supporting fields,remove_incomplete_rows
,,,,,,,<na>,,54.0,25.74,2.52,,,5946,financial data present but missing supporting fields,remove_incomplete_rows
,,,,,,,<na>,,72.5,5.95,12.97,,,5950,financial data present but missing supporting fields,remove_incomplete_rows
,,,,,,,<na>,,893.76,56.0,109.76,,,5955,financial data present but missing supporting fields,remove_incomplete_rows
,,,,,,,<na>,,26.25,22.48,3.77,,,5960,financial data present but missing supporting fields,remove_incomplete_rows
,,,,,,,<na>,,162.5,48.0,114.5,,,5964,financial data present but missing supporting fields,remove_incomplete_rows
,,,,,,,<na>,,61.0,55.2,5.8,,,5968,financial data present but missing supporting fields,remove_incomplete_rows
,,,,,,,<na>,,40.0,3.56,22.2,,,5972,financial data present but missing supporting fields,remove_incomplete_rows
,,,,,,,<na>,,280.5,154.61,42.71,,,5977,financial data present but missing supporting fields,remove_incomplete_rows
,,,,,,,<na>,,62.0,29.34,3.32,,,5981,financial data present but missing supporting fields,remove_incomplete_rows
,,,,,,,<na>,,219.25,95.9,30.0,,,5987,financial data present but missing supporting fields,remove_incomplete_rows
,,,,,,,<na>,,307.0,65.42,27.37,,,5992,financial data present but missing supporting fields,remove_incomplete_rows
,,,,,,,<na>,,31.25,25.18,6.07,,,5996,financial data present but missing supporting fields,remove_incomplete_rows
,,,,,,,<na>,,205.0,85.0,120.0,,,6000,financial data present but missing supporting fields,remove_incomplete_rows
,,,,,,,<na>,,369.75,304.7,65.05,,,6005,financial data present but missing supporting fields,remove_incomplete_rows
,,,,,,,<na>,,317.8,228.39,89.41,,,6009,financial data present but missing supporting fields,remove_incomplete_rows
,,,,,,,<na>,,1380.0,27.11,-246.34,,,6013,financial data present but missing supporting fields,remove_incomplete_rows
,,,,,,,<na>,,596.0,541.91,54.09,,,6017,financial data present but missing supporting fields,remove_incomplete_rows
,,,,,,,<na>,,41.25,11.56,6.58,,,6022,financial data present but missing supporting fields,remove_incomplete_rows
,,,,,,,<na>,,15.0,9.2,5.8,,,6026,financial data present but missing supporting fields,remove_incomplete_rows
,,,,,,,<na>,,99.25,90.1,9.15,,,6030,financial data present but missing supporting fields,remove_incomplete_rows
,,,,,,,<na>,,28.5,25.08,3.42,,,6034,financial data present but missing supporting fields,remove_incomplete_rows
,,,,,,,<na>,,46.5,20.87,4.77,,,6038,financial data present but missing supporting fields,remove_incomplete_rows
,,,,,,,<na>,,23.4,10.79,1.82,,,6042,financial data present but missing supporting fields,remove_incomplete_rows
,,,,,,,<na>,,1282.5,980.0,302.5,,,6046,financial data present but missing supporting fields,remove_incomplete_rows
,,,,,,,<na>,,32.0,28.98,3.02,,,6050,financial data present but missing supporting fields,remove_incomplete_rows
,,,,,,,<na>,,66.0,55.08,10.92,,,6054,financial data present but missing supporting fields,remove_incomplete_rows
,,,,,,,<na>,,337.5,3.0,202.5,,,6058,financial data present but missing supporting fields,remove_incomplete_rows
,,,,,,,<na>,,93.64,17.0,6.54,,,6063,financial data present but missing supporting fields,remove_incomplete_rows
,,,,,,,<na>,,140.25,10.47,25.08,,,6067,financial data present but missing supporting fields,remove_incomplete_rows
,,,,,,,<na>,,59.5,26.52,6.46,,,6072,financial data present but missing supporting fields,remove_incomplete_rows
,,,,,,,<na>,,3664.9,3216.04,358.34,,,6080,financial data present but missing supporting fields,remove_incomplete_rows
,,,,,,,<na>,,90.0,14.26,47.23,,,6084,financial data present but missing supporting fields,remove_incomplete_rows
,,,,,,,<na>,,58.25,12.02,29.49,,,6089,financial data present but missing supporting fields,remove_incomplete_rows
,,,,,,,<na>,,134.0,121.74,12.26,,,6093,financial data present but missing supporting fields,remove_incomplete_rows
,,,,,,,<na>,,299.45,54.0,29.45,,,6097,financial data present but missing supporting fields,remove_incomplete_rows
,,,,,,,<na>,,187.0,14.99,37.06,,,6102,financial data present but missing supporting fields,remove_incomplete_rows
,,,,,,,<na>,,75.0,6.38,11.2,,,6106,financial data present but missing supporting fields,remove_incomplete_rows
,,,,,,,<na>,,227.0,206.31,20.69,,,6110,financial data present but missing supporting fields,remove_incomplete_rows
,,,,,,,<na>,,85.0,6.93,15.69,,,6114,financial data present but missing supporting fields,remove_incomplete_rows
,,,,,,,<na>,,1007.72,127.86,-54.16,,,6122,financial data present but missing supporting fields,remove_incomplete_rows
,,,,,,,<na>,,30.0,0.36,26.4,,,6126,financial data present but missing supporting fields,remove_incomplete_rows
,,,,,,,<na>,,50.0,0.78,34.4,,,6130,financial data present but missing supporting fields,remove_incomplete_rows
,,,,,,,<na>,,50.0,0.78,34.4,,,6134,financial data present but missing supporting fields,remove_incomplete_rows
,,,,,,,<na>,,2665.5,194.44,336.43,,,6140,financial data present but missing supporting fields,remove_incomplete_rows
,,,,,,,<na>,,1281.0,38.43,128.1,,,6145,financial data present but missing supporting fields,remove_incomplete_rows
,,,,,,,<na>,,499.0,113.05,46.8,,,6149,financial data present but missing supporting fields,remove_incomplete_rows
,,,,,,,<na>,,244.6,39.91,26.59,,,6154,financial data present but missing supporting fields,remove_incomplete_rows
,,,,,,,<na>,,40.2,3.35,6.71,,,6159,financial data present but missing supporting fields,remove_incomplete_rows
,,,,,,,<na>,,39.9,36.26,3.64,,,6163,financial data present but missing supporting fields,remove_incomplete_rows
,,,,,,,<na>,,38.0,30.2,7.8,,,6167,financial data present but missing supporting fields,remove_incomplete_rows
,,,,,,,<na>,,2736.0,6.5,1566.0,,,6171,financial data present but missing supporting fields,remove_incomplete_rows
,,,,,,,<na>,,78.0,70.94,7.06,,,6175,financial data present but missing supporting fields,remove_incomplete_rows
,,,,,,,<na>,,65.5,54.51,10.99,,,6179,financial data present but missing supporting fields,remove_incomplete_rows
,,,,,,,<na>,,150.0,20.0,50.0,,,6183,financial data present but missing supporting fields,remove_incomplete_rows
,,,,,,,<na>,,30.0,0.36,26.4,,,6187,financial data present but missing supporting fields,remove_incomplete_rows
,,,,,,,<na>,,20.0,2.55,14.9,,,6191,financial data present but missing supporting fields,remove_incomplete_rows
,,,,,,,<na>,,171.0,153.42,17.58,,,6197,financial data present but missing supporting fields,remove_incomplete_rows
,,,,,,,<na>,,106.0,23.73,11.08,,,6201,financial data present but missing supporting fields,remove_incomplete_rows
,,,,,,,<na>,,128.66,35.03,23.59,,,6207,financial data present but missing supporting fields,remove_incomplete_rows
,,,,,,,<na>,,36.75,30.77,5.98,,,6211,financial data present but missing supporting fields,remove_incomplete_rows
,,,,,,,<na>,,22.5,9.85,2.8,,,6215,financial data present but missing supporting fields,remove_incomplete_rows
,,,,,,,<na>,,537.5,34.87,80.3,,,6223,financial data present but missing supporting fields,remove_incomplete_rows
,,,,,,,<na>,,45.0,26.8,18.2,,,6228,financial data present but missing supporting fields,remove_incomplete_rows
,,,,,,,<na>,,154.25,135.24,19.01,,,6233,financial data present but missing supporting fields,remove_incomplete_rows
,,,,,,,<na>,,1167.1,1018.64,148.46,,,6239,financial data present but missing supporting fields,remove_incomplete_rows
,,,,,,,<na>,,109.5,56.52,11.62,,,6244,financial data present but missing supporting fields,remove_incomplete_rows
,,,,,,,<na>,,60.5,50.25,10.25,,,6248,financial data present but missing supporting fields,remove_incomplete_rows
,,,,,,,<na>,,129.75,112.62,17.13,,,6252,financial data present but missing supporting fields,remove_incomplete_rows
,,,,,,,<na>,,26.25,22.48,3.77,,,6257,financial data present but missing supporting fields,remove_incomplete_rows
,,,,,,,<na>,,25.0,10.94,3.13,,,6261,financial data present but missing supporting fields,remove_incomplete_rows
,,,,,,,<na>,,5.5,4.52,0.98,,,6265,financial data present but missing supporting fields,remove_incomplete_rows
,,,,,,,<na>,,159.75,130.9,28.85,,,6269,financial data present but missing supporting fields,remove_incomplete_rows
,,,,,,,<na>,,319.2,56.0,39.2,,,6273,financial data present but missing supporting fields,remove_incomplete_rows
,,,,,,,<na>,,497.0,42.83,87.35,,,6279,financial data present but missing supporting fields,remove_incomplete_rows
,,,,,,,<na>,,15.0,9.2,5.8,,,6283,financial data present but missing supporting fields,remove_incomplete_rows
,,,,,,,<na>,,48.5,40.33,8.17,,,6287,financial data present but missing supporting fields,remove_incomplete_rows
,,,,,,,<na>,,860.0,78.07,79.3,,,6291,financial data present but missing supporting fields,remove_incomplete_rows
,,,,,,,<na>,,44.5,19.55,5.4,,,6295,financial data present but missing supporting fields,remove_incomplete_rows
,,,,,,,<na>,,180.0,163.55,16.45,,,6299,financial data present but missing supporting fields,remove_incomplete_rows
,,,,,,,<na>,,482.8,27.0,53.68,,,6305,financial data present but missing supporting fields,remove_incomplete_rows
,,,,,,,<na>,,4.0,0.94,2.12,,,6309,financial data present but missing supporting fields,remove_incomplete_rows
,,,,,,,<na>,,160.0,6.37,32.64,,,6313,financial data present but missing supporting fields,remove_incomplete_rows
,,,,,,,<na>,,67.5,3.7,30.47,,,6317,financial data present but missing supporting fields,remove_incomplete_rows
,,,,,,,<na>,,39.0,3.1,8.0,,,6321,financial data present but missing supporting fields,remove_incomplete_rows
,,,,,,,<na>,,238.0,13.6,142.6,,,6327,financial data present but missing supporting fields,remove_incomplete_rows
,,,,,,,<na>,,29.0,22.1,6.9,,,6331,financial data present but missing supporting fields,remove_incomplete_rows
,,,,,,,<na>,,100.0,41.47,17.06,,,6335,financial data present but missing supporting fields,remove_incomplete_rows
,,,,,,,<na>,,458.5,61.6,49.84,,,6340,financial data present but missing supporting fields,remove_incomplete_rows
,,,,,,,<na>,,197.5,27.32,25.54,,,6345,financial data present but missing supporting fields,remove_incomplete_rows
,,,,,,,<na>,,130.0,7.0,60.0,,,6349,financial data present but missing supporting fields,remove_incomplete_rows
,,,,,,,<na>,,260.0,6.5,130.0,,,6353,financial data present but missing supporting fields,remove_incomplete_rows
,,,,,,,<na>,,92.5,71.43,21.07,,,6357,financial data present but missing supporting fields,remove_incomplete_rows
,,,,,,,<na>,,46.5,20.87,4.77,,,6361,financial data present but missing supporting fields,remove_incomplete_rows
,,,,,,,<na>,,5228.6,99.77,654.95,,,6367,financial data present but missing supporting fields,remove_incomplete_rows
,,,,,,,<na>,,25.0,15.0,10.0,,,6371,financial data present but missing supporting fields,remove_incomplete_rows
,,,,,,,<na>,,80.5,31.37,17.75,,,6375,financial data present but missing supporting fields,remove_incomplete_rows
,,,,,,,<na>,,80.0,9.6,60.8,,,6379,financial data present but missing supporting fields,remove_incomplete_rows
,,,,,,,<na>,,46.5,20.87,4.77,,,6383,financial data present but missing supporting fields,remove_incomplete_rows
,,,,,,,<na>,,81.0,67.32,13.68,,,6387,financial data present but missing supporting fields,remove_incomplete_rows
,,,,,,,<na>,,56.25,9.85,7.0,,,6391,financial data present but missing supporting fields,remove_incomplete_rows
,,,,,,,<na>,,918.6,798.09,120.51,,,6395,financial data present but missing supporting fields,remove_incomplete_rows
,,,,,,,<na>,,50.0,0.78,34.4,,,6399,financial data present but missing supporting fields,remove_incomplete_rows
,,,,,,,<na>,,610.5,207.56,222.94,,,6404,financial data present but missing supporting fields,remove_incomplete_rows
,,,,,,,<na>,,53.0,44.19,8.81,,,6408,financial data present but missing supporting fields,remove_incomplete_rows
,,,,,,,<na>,,43.75,34.8,8.95,,,6413,financial data present but missing supporting fields,remove_incomplete_rows
,,,,,,,<na>,,6.0,0.94,3.18,,,6417,financial data present but missing supporting fields,remove_incomplete_rows
,,,,,,,<na>,,30.5,12.51,11.95,,,6422,financial data present but missing supporting fields,remove_incomplete_rows
,,,,,,,<na>,,18.5,15.16,3.34,,,6426,financial data present but missing supporting fields,remove_incomplete_rows
,,,,,,,<na>,,495.2,10.95,296.55,,,6432,financial data present but missing supporting fields,remove_incomplete_rows
,,,,,,,<na>,,198.0,58.01,23.97,,,6436,financial data present but missing supporting fields,remove_incomplete_rows
,,,,,,,<na>,,240.0,56.0,128.0,,,6440,financial data present but missing supporting fields,remove_incomplete_rows
,,,,,,,<na>,,80.0,72.5,7.5,,,6444,financial data present but missing supporting fields,remove_incomplete_rows
,,,,,,,<na>,,18.5,15.16,3.34,,,6448,financial data present but missing supporting fields,remove_incomplete_rows
,,,,,,,<na>,,326.96,63.6,-38.27,,,6454,financial data present but missing supporting fields,remove_incomplete_rows
,,,,,,,<na>,,17.7,11.31,6.39,,,6459,financial data present but missing supporting fields,remove_incomplete_rows
,,,,,,,<na>,,26.25,22.48,3.77,,,6464,financial data present but missing supporting fields,remove_incomplete_rows
,,,,,,,<na>,,130.8,45.21,-4.83,,,6468,financial data present but missing supporting fields,remove_incomplete_rows
,,,,,,,<na>,,45.0,12.95,6.15,,,6472,financial data present but missing supporting fields,remove_incomplete_rows
,,,,,,,<na>,,72.5,8.2,23.93,,,6477,financial data present but missing supporting fields,remove_incomplete_rows
,,,,,,,<na>,,385.0,250.0,135.0,,,6481,financial data present but missing supporting fields,remove_incomplete_rows
,,,,,,,<na>,,67.0,53.15,13.85,,,6485,financial data present but missing supporting fields,remove_incomplete_rows
,,,,,,,<na>,,117.2,66.28,-15.36,,,6489,financial data present but missing supporting fields,remove_incomplete_rows
,,,,,,,<na>,,33.0,6.33,14.02,,,6493,financial data present but missing supporting fields,remove_incomplete_rows
,,,,,,,<na>,,28.5,25.08,3.42,,,6497,financial data present but missing supporting fields,remove_incomplete_rows
,,,,,,,<na>,,15.0,9.2,5.8,,,6501,financial data present but missing supporting fields,remove_incomplete_rows
,,,,,,,<na>,,897.05,360.9,465.86,,,6509,financial data present but missing supporting fields,remove_incomplete_rows
,,,,,,,<na>,,95.25,40.8,16.73,,,6514,financial data present but missing supporting fields,remove_incomplete_rows
,,,,,,,<na>,,4480.0,3500.0,980.0,,,6518,financial data present but missing supporting fields,remove_incomplete_rows
,,,,,,,<na>,,98.75,17.69,10.3,,,6522,financial data present but missing supporting fields,remove_incomplete_rows
,,,,,,,<na>,,1273.72,36.35,146.81,,,6527,financial data present but missing supporting fields,remove_incomplete_rows
,,,,,,,<na>,,176.0,96.81,69.59,,,6532,financial data present but missing supporting fields,remove_incomplete_rows
,,,,,,,<na>,,182.75,95.0,77.4,,,6540,financial data present but missing supporting fields,remove_incomplete_rows
,,,,,,,<na>,,839.75,111.39,182.15,,,6545,financial data present but missing supporting fields,remove_incomplete_rows
,,,,,,,<na>,,67.75,50.1,16.45,,,6551,financial data present but missing supporting fields,remove_incomplete_rows
,,,,,,,<na>,,502.5,16.7,288.98,,,6556,financial data present but missing supporting fields,remove_incomplete_rows
,,,,,,,<na>,,540.4,167.75,-51.41,,,6561,financial data present but missing supporting fields,remove_incomplete_rows
,,,,,,,<na>,,147.75,124.43,23.32,,,6565,financial data present but missing supporting fields,remove_incomplete_rows
,,,,,,,<na>,,1858.25,1377.96,329.27,,,6572,financial data present but missing supporting fields,remove_incomplete_rows
,,,,,,,<na>,,564.0,56.0,4.0,,,6576,financial data present but missing supporting fields,remove_incomplete_rows
,,,,,,,<na>,,170.0,170.0,0.0,,,6581,financial data present but missing supporting fields,remove_incomplete_rows
,,,,,,,<na>,,8.5,3.65,1.2,,,6585,financial data present but missing supporting fields,remove_incomplete_rows
,,,,,,,<na>,,64.0,3.56,28.4,,,6589,financial data present but missing supporting fields,remove_incomplete_rows
,,,,,,,<na>,,1785.0,81.0,165.0,,,6593,financial data present but missing supporting fields,remove_incomplete_rows
,,,,,,,<na>,,250.25,177.51,69.5,,,6600,financial data present but missing supporting fields,remove_incomplete_rows
,,,,,,,<na>,,1612.5,39.18,495.11,,,6607,financial data present but missing supporting fields,remove_incomplete_rows
,,,,,,,<na>,,99.4,87.06,12.34,,,6612,financial data present but missing supporting fields,remove_incomplete_rows
,,,,,,,<na>,,131.25,109.33,21.92,,,6616,financial data present but missing supporting fields,remove_incomplete_rows
,,,,,,,<na>,,322.0,23.04,87.95,,,6622,financial data present but missing supporting fields,remove_incomplete_rows
,,,,,,,<na>,,96.0,87.21,8.79,,,6626,financial data present but missing supporting fields,remove_incomplete_rows
,,,,,,,<na>,,70.5,60.8,9.7,,,6630,financial data present but missing supporting fields,remove_incomplete_rows
,,,,,,,<na>,,18.5,15.16,3.34,,,6634,financial data present but missing supporting fields,remove_incomplete_rows
,,,,,,,<na>,,196.75,154.17,42.58,,,6640,financial data present but missing supporting fields,remove_incomplete_rows
,,,,,,,<na>,,62.16,9.0,8.16,,,6645,financial data present but missing supporting fields,remove_incomplete_rows
,,,,,,,<na>,,19.8,18.14,1.66,,,6649,financial data present but missing supporting fields,remove_incomplete_rows
,,,,,,,<na>,,16.0,6.37,3.26,,,6653,financial data present but missing supporting fields,remove_incomplete_rows
,,,,,,,<na>,,6269.55,352.83,999.58,,,6673,financial data present but missing supporting fields,remove_incomplete_rows
,,,,,,,<na>,,48.75,14.61,4.92,,,6677,financial data present but missing supporting fields,remove_incomplete_rows
,,,,,,,<na>,,14.25,11.74,2.51,,,6681,financial data present but missing supporting fields,remove_incomplete_rows
,,,,,,,<na>,,168.9,151.85,17.05,,,6687,financial data present but missing supporting fields,remove_incomplete_rows
,,,,,,,<na>,,183.5,79.77,23.96,,,6691,financial data present but missing supporting fields,remove_incomplete_rows
,,,,,,,<na>,,92.0,83.6,8.4,,,6695,financial data present but missing supporting fields,remove_incomplete_rows
,,,,,,,<na>,,99.25,89.95,9.3,,,6699,financial data present but missing supporting fields,remove_incomplete_rows
,,,,,,,<na>,,91.0,41.36,8.28,,,6703,financial data present but missing supporting fields,remove_incomplete_rows
,,,,,,,<na>,,469.0,314.81,82.76,,,6710,financial data present but missing supporting fields,remove_incomplete_rows
,,,,,,,<na>,,168.0,35.0,63.0,,,6714,financial data present but missing supporting fields,remove_incomplete_rows
,,,,,,,<na>,,70.0,59.7,10.3,,,6719,financial data present but missing supporting fields,remove_incomplete_rows
,,,,,,,<na>,,22.25,19.55,2.7,,,6723,financial data present but missing supporting fields,remove_incomplete_rows
,,,,,,,<na>,,212.25,97.67,78.42,,,6729,financial data present but missing supporting fields,remove_incomplete_rows
,,,,,,,<na>,,308.0,33.48,-26.8,,,6733,financial data present but missing supporting fields,remove_incomplete_rows
,,,,,,,<na>,,28.0,6.2,-34.03,,,6737,financial data present but missing supporting fields,remove_incomplete_rows
,,,,,,,<na>,,32.5,2.45,20.25,,,6741,financial data present but missing supporting fields,remove_incomplete_rows
,,,,,,,<na>,,11.0,6.33,4.67,,,6745,financial data present but missing supporting fields,remove_incomplete_rows
,,,,,,,<na>,,26.25,22.48,3.77,,,6750,financial data present but missing supporting fields,remove_incomplete_rows
,,,,,,,<na>,,142.9,60.27,54.12,,,6755,financial data present but missing supporting fields,remove_incomplete_rows
,,,,,,,<na>,,367.5,306.21,61.29,,,6763,financial data present but missing supporting fields,remove_incomplete_rows
,,,,,,,<na>,,86.25,5.19,8.4,,,6767,financial data present but missing supporting fields,remove_incomplete_rows
,,,,,,,<na>,,54.0,23.73,6.54,,,6771,financial data present but missing supporting fields,remove_incomplete_rows
,,,,,,,<na>,,151.5,137.73,13.77,,,6775,financial data present but missing supporting fields,remove_incomplete_rows
,,,,,,,<na>,,96.25,71.58,10.07,,,6780,financial data present but missing supporting fields,remove_incomplete_rows
,,,,,,,<na>,,480.5,95.85,72.48,,,6786,financial data present but missing supporting fields,remove_incomplete_rows
,,,,,,,<na>,,506.25,9.22,91.35,,,6790,financial data present but missing supporting fields,remove_incomplete_rows
,,,,,,,<na>,,556.5,31.54,115.01,,,6804,financial data present but missing supporting fields,remove_incomplete_rows
,,,,,,,<na>,,610.75,337.6,84.81,,,6809,financial data present but missing supporting fields,remove_incomplete_rows
,,,,,,,<na>,,424.75,283.12,72.6,,,6814,financial data present but missing supporting fields,remove_incomplete_rows
,,,,,,,<na>,,680.0,53.26,147.45,,,6821,financial data present but missing supporting fields,remove_incomplete_rows
,,,,,,,<na>,,115.5,55.0,60.5,,,6825,financial data present but missing supporting fields,remove_incomplete_rows
,,,,,,,<na>,,317.8,228.39,89.41,,,6829,financial data present but missing supporting fields,remove_incomplete_rows
,,,,,,,<na>,,188.5,103.5,20.61,,,6834,financial data present but missing supporting fields,remove_incomplete_rows
,,,,,,,<na>,,588.0,32.08,138.94,,,6838,financial data present but missing supporting fields,remove_incomplete_rows
,,,,,,,<na>,,14.0,12.63,1.37,,,6842,financial data present but missing supporting fields,remove_incomplete_rows
,,,,,,,<na>,,32.0,3.5,18.0,,,6846,financial data present but missing supporting fields,remove_incomplete_rows
,,,,,,,<na>,,8163.31,6480.93,1424.52,,,6856,financial data present but missing supporting fields,remove_incomplete_rows
,,,,,,,<na>,,148.0,9.65,45.0,,,6861,financial data present but missing supporting fields,remove_incomplete_rows
,,,,,,,<na>,,481.5,437.39,44.11,,,6866,financial data present but missing supporting fields,remove_incomplete_rows
,,,,,,,<na>,,85.0,3.65,12.01,,,6870,financial data present but missing supporting fields,remove_incomplete_rows
,,,,,,,<na>,,76.0,30.2,15.6,,,6874,financial data present but missing supporting fields,remove_incomplete_rows
,,,,,,,<na>,,113.25,29.41,25.02,,,6878,financial data present but missing supporting fields,remove_incomplete_rows
,,,,,,,<na>,,50.0,0.39,42.2,,,6882,financial data present but missing supporting fields,remove_incomplete_rows
,,,,,,,<na>,,63.5,24.51,7.17,,,6887,financial data present but missing supporting fields,remove_incomplete_rows
,,,,,,,<na>,,119.78,54.0,11.78,,,6891,financial data present but missing supporting fields,remove_incomplete_rows
,,,,,,,<na>,,12.75,3.65,1.8,,,6895,financial data present but missing supporting fields,remove_incomplete_rows
,,,,,,,<na>,,1159.9,732.13,388.29,,,6906,financial data present but missing supporting fields,remove_incomplete_rows
,,,,,,,<na>,,84.0,10.5,42.0,,,6910,financial data present but missing supporting fields,remove_incomplete_rows
,,,,,,,<na>,,66.0,9.43,9.42,,,6914,financial data present but missing supporting fields,remove_incomplete_rows
,,,,,,,<na>,,30.0,17.6,12.4,,,6918,financial data present but missing supporting fields,remove_incomplete_rows
,,,,,,,<na>,,158.0,142.2,15.8,,,6922,financial data present but missing supporting fields,remove_incomplete_rows
,,,,,,,<na>,,67.0,28.68,7.82,,,6927,financial data present but missing supporting fields,remove_incomplete_rows
,,,,,,,<na>,,52.0,47.07,4.93,,,6932,financial data present but missing supporting fields,remove_incomplete_rows
,,,,,,,<na>,,128.66,35.03,23.59,,,6938,financial data present but missing supporting fields,remove_incomplete_rows
,,,,,,,<na>,,87.15,21.68,22.1,,,6943,financial data present but missing supporting fields,remove_incomplete_rows
,,,,,,,<na>,,26.25,22.48,3.77,,,6948,financial data present but missing supporting fields,remove_incomplete_rows
,,,,,,,<na>,,73.8,1.22,57.84,,,6953,financial data present but missing supporting fields,remove_incomplete_rows
,,,,,,,<na>,,30.0,14.26,15.74,,,6957,financial data present but missing supporting fields,remove_incomplete_rows
,,,,,,,<na>,,2163.75,1894.06,269.69,,,6963,financial data present but missing supporting fields,remove_incomplete_rows
,,,,,,,<na>,,108.0,89.25,18.75,,,6967,financial data present but missing supporting fields,remove_incomplete_rows
,,,,,,,<na>,,48.0,43.48,4.52,,,6971,financial data present but missing supporting fields,remove_incomplete_rows
,,,,,,,<na>,,168.75,148.79,19.96,,,6976,financial data present but missing supporting fields,remove_incomplete_rows
,,,,,,,<na>,,13.58,5.15,6.68,,,6981,financial data present but missing supporting fields,remove_incomplete_rows
,,,,,,,<na>,,25.0,17.5,7.5,,,6985,financial data present but missing supporting fields,remove_incomplete_rows
,,,,,,,<na>,,869.27,504.68,79.54,,,6991,financial data present but missing supporting fields,remove_incomplete_rows
,,,,,,,<na>,,298.75,31.74,113.3,,,6996,financial data present but missing supporting fields,remove_incomplete_rows
,,,,,,,<na>,,52.5,7.44,7.83,,,7000,financial data present but missing supporting fields,remove_incomplete_rows
,,,,,,,<na>,,104.25,94.36,9.89,,,7005,financial data present but missing supporting fields,remove_incomplete_rows
,,,,,,,<na>,,171.36,3.5,66.36,,,7010,financial data present but missing supporting fields,remove_incomplete_rows
,,,,,,,<na>,,80.0,3.56,44.4,,,7014,financial data present but missing supporting fields,remove_incomplete_rows
,,,,,,,<na>,,72.8,1.6,50.4,,,7018,financial data present but missing supporting fields,remove_incomplete_rows
,,,,,,,<na>,,318.72,152.34,14.04,,,7023,financial data present but missing supporting fields,remove_incomplete_rows
,,,,,,,<na>,,1212.86,834.0,378.86,,,7029,financial data present but missing supporting fields,remove_incomplete_rows
,,,,,,,<na>,,242.75,179.93,27.18,,,7035,financial data present but missing supporting fields,remove_incomplete_rows
,,,,,,,<na>,,142.0,62.33,73.34,,,7040,financial data present but missing supporting fields,remove_incomplete_rows
,,,,,,,<na>,,198.35,44.27,57.79,,,7046,financial data present but missing supporting fields,remove_incomplete_rows
,,,,,,,<na>,,90.0,50.0,40.0,,,7050,financial data present but missing supporting fields,remove_incomplete_rows
,,,,,,,<na>,,1916.07,834.0,898.07,,,7056,financial data present but missing supporting fields,remove_incomplete_rows
,,,,,,,<na>,,150.0,15.0,90.0,,,7060,financial data present but missing supporting fields,remove_incomplete_rows
,,,,,,,<na>,,270.5,63.01,114.43,,,7065,financial data present but missing supporting fields,remove_incomplete_rows
,,,,,,,<na>,,18.5,15.16,3.34,,,7069,financial data present but missing supporting fields,remove_incomplete_rows
,,,,,,,<na>,,50.0,11.13,5.48,,,7073,financial data present but missing supporting fields,remove_incomplete_rows
,,,,,,,<na>,,159.0,23.73,16.62,,,7077,financial data present but missing supporting fields,remove_incomplete_rows
,,,,,,,<na>,,18.5,15.16,3.34,,,7081,financial data present but missing supporting fields,remove_incomplete_rows
,,,,,,,<na>,,141.12,2.56,94.95,,,7087,financial data present but missing supporting fields,remove_incomplete_rows
,,,,,,,<na>,,2459.35,430.67,601.5,,,7097,financial data present but missing supporting fields,remove_incomplete_rows
,,,,,,,<na>,,26.25,22.48,3.77,,,7102,financial data present but missing supporting fields,remove_incomplete_rows
,,,,,,,<na>,,197.1,57.93,23.32,,,7107,financial data present but missing supporting fields,remove_incomplete_rows
,,,,,,,<na>,,13.25,10.78,2.47,,,7111,financial data present but missing supporting fields,remove_incomplete_rows
,,,,,,,<na>,,270.0,245.09,24.91,,,7115,financial data present but missing supporting fields,remove_incomplete_rows
,,,,,,,<na>,,354.25,304.79,49.46,,,7121,financial data present but missing supporting fields,remove_incomplete_rows
,,,,,,,<na>,,600.0,0.85,345.0,,,7125,financial data present but missing supporting fields,remove_incomplete_rows
,,,,,,,<na>,,196.0,4.5,133.0,,,7129,financial data present but missing supporting fields,remove_incomplete_rows
,,,,,,,<na>,,196.0,6.2,-238.23,,,7133,financial data present but missing supporting fields,remove_incomplete_rows
,,,,,,,<na>,,54.0,23.73,6.54,,,7137,financial data present but missing supporting fields,remove_incomplete_rows
,,,,,,,<na>,,34.5,6.16,3.68,,,7141,financial data present but missing supporting fields,remove_incomplete_rows
,,,,,,,<na>,,543.29,240.37,125.55,,,7150,financial data present but missing supporting fields,remove_incomplete_rows
,,,,,,,<na>,,40.0,0.85,23.0,,,7154,financial data present but missing supporting fields,remove_incomplete_rows
,,,,,,,<na>,,1182.4,463.93,139.77,,,7160,financial data present but missing supporting fields,remove_incomplete_rows
,,,,,,,<na>,,40.0,9.6,30.4,,,7164,financial data present but missing supporting fields,remove_incomplete_rows
,,,,,,,<na>,,30.0,17.6,12.4,,,7168,financial data present but missing supporting fields,remove_incomplete_rows
,,,,,,,<na>,,18.0,8.37,9.63,,,7172,financial data present but missing supporting fields,remove_incomplete_rows
,,,,,,,<na>,,1409.6,59.5,744.02,,,7179,financial data present but missing supporting fields,remove_incomplete_rows
,,,,,,,<na>,,18.0,13.58,4.42,,,7183,financial data present but missing supporting fields,remove_incomplete_rows
,,,,,,,<na>,,868.4,80.6,62.37,,,7188,financial data present but missing supporting fields,remove_incomplete_rows
,,,,,,,<na>,,92.0,10.16,10.68,,,7192,financial data present but missing supporting fields,remove_incomplete_rows
,,,,,,,<na>,,101.25,5.98,11.55,,,7196,financial data present but missing supporting fields,remove_incomplete_rows
,,,,,,,<na>,,89.0,5.69,49.88,,,7202,financial data present but missing supporting fields,remove_incomplete_rows
,,,,,,,<na>,,52.5,1.2,34.5,,,7206,financial data present but missing supporting fields,remove_incomplete_rows
,,,,,,,<na>,,338.0,71.89,172.26,,,7212,financial data present but missing supporting fields,remove_incomplete_rows
,,,,,,,<na>,,8.5,3.65,1.2,,,7216,financial data present but missing supporting fields,remove_incomplete_rows
,,,,,,,<na>,,308.0,9.15,179.9,,,7221,financial data present but missing supporting fields,remove_incomplete_rows
,,,,,,,<na>,,111.75,55.33,11.9,,,7226,financial data present but missing supporting fields,remove_incomplete_rows
,,,,,,,<na>,,243.75,36.91,47.16,,,7233,financial data present but missing supporting fields,remove_incomplete_rows
,,,,,,,<na>,,16.5,4.52,2.94,,,7237,financial data present but missing supporting fields,remove_incomplete_rows
,,,,,,,<na>,,147.5,99.06,20.84,,,7244,financial data present but missing supporting fields,remove_incomplete_rows
,,,,,,,<na>,,47.82,9.66,24.83,,,7251,financial data present but missing supporting fields,remove_incomplete_rows
,,,,,,,<na>,,172.28,57.1,45.53,,,7257,financial data present but missing supporting fields,remove_incomplete_rows
,,,,,,,<na>,,61.2,26.73,7.74,,,7262,financial data present but missing supporting fields,remove_incomplete_rows
,,,,,,,<na>,,128.34,82.87,17.68,,,7272,financial data present but missing supporting fields,remove_incomplete_rows
,,,,,,,<na>,,48.2,43.62,4.58,,,7277,financial data present but missing supporting fields,remove_incomplete_rows
,,,,,,,<na>,,62.5,4.49,17.58,,,7282,financial data present but missing supporting fields,remove_incomplete_rows
,,,,,,,<na>,,70.5,62.07,8.43,,,7286,financial data present but missing supporting fields,remove_incomplete_rows
,,,,,,,<na>,,146.25,122.05,24.2,,,7292,financial data present but missing supporting fields,remove_incomplete_rows
,,,,,,,<na>,,48.75,8.86,4.43,,,7296,financial data present but missing supporting fields,remove_incomplete_rows
,,,,,,,<na>,,326.05,25.37,196.03,,,7305,financial data present but missing supporting fields,remove_incomplete_rows
,,,,,,,<na>,,50.0,15.6,18.8,,,7309,financial data present but missing supporting fields,remove_incomplete_rows
,,,,,,,<na>,,387.0,200.87,76.59,,,7316,financial data present but missing supporting fields,remove_incomplete_rows
,,,,,,,<na>,,56.0,4.0,48.0,,,7320,financial data present but missing supporting fields,remove_incomplete_rows
,,,,,,,<na>,,92.5,71.43,21.07,,,7324,financial data present but missing supporting fields,remove_incomplete_rows
,,,,,,,<na>,,26.25,22.48,3.77,,,7329,financial data present but missing supporting fields,remove_incomplete_rows
,,,,,,,<na>,,623.5,224.48,70.83,,,7335,financial data present but missing supporting fields,remove_incomplete_rows
,,,,,,,<na>,,60.0,17.6,24.8,,,7339,financial data present but missing supporting fields,remove_incomplete_rows
,,,,,,,<na>,,316.5,173.97,142.53,,,7343,financial data present but missing supporting fields,remove_incomplete_rows
,,,,,,,<na>,,17.2,7.67,1.86,,,7347,financial data present but missing supporting fields,remove_incomplete_rows
,,,,,,,<na>,,119.5,96.77,22.73,,,7351,financial data present but missing supporting fields,remove_incomplete_rows
,,,,,,,<na>,,232.5,35.05,22.22,,,7355,financial data present but missing supporting fields,remove_incomplete_rows
,,,,,,,<na>,,1450.0,5.8,870.0,,,7359,financial data present but missing supporting fields,remove_incomplete_rows
,,,,,,,<na>,,159.37,152.34,7.03,,,7364,financial data present but missing supporting fields,remove_incomplete_rows
,,,,,,,<na>,,199.2,17.94,19.8,,,7369,financial data present but missing supporting fields,remove_incomplete_rows
,,,,,,,<na>,,252.0,7.6,145.6,,,7373,financial data present but missing supporting fields,remove_incomplete_rows
,,,,,,,<na>,,1256.9,175.65,170.87,,,7380,financial data present but missing supporting fields,remove_incomplete_rows
,,,,,,,<na>,,30.0,9.2,11.6,,,7384,financial data present but missing supporting fields,remove_incomplete_rows
,,,,,,,<na>,,21.75,12.4,9.35,,,7389,financial data present but missing supporting fields,remove_incomplete_rows
,,,,,,,<na>,,55.5,46.22,9.28,,,7393,financial data present but missing supporting fields,remove_incomplete_rows
,,,,,,,<na>,,121.1,38.61,20.73,,,7399,financial data present but missing supporting fields,remove_incomplete_rows
,,,,,,,<na>,,48.0,18.38,11.25,,,7403,financial data present but missing supporting fields,remove_incomplete_rows
,,,,,,,<na>,,18.5,15.16,3.34,,,7407,financial data present but missing supporting fields,remove_incomplete_rows
,,,,,,,<na>,,1002.75,76.37,111.81,,,7412,financial data present but missing supporting fields,remove_incomplete_rows
,,,,,,,<na>,,150.5,70.4,70.5,,,7417,financial data present but missing supporting fields,remove_incomplete_rows
,,,,,,,<na>,,125.0,1.3,59.84,,,7421,financial data present but missing supporting fields,remove_incomplete_rows
,,,,,,,<na>,,289.75,172.05,83.1,,,7427,financial data present but missing supporting fields,remove_incomplete_rows
,,,,,,,<na>,,1840.8,62.96,-48.05,,,7434,financial data present but missing supporting fields,remove_incomplete_rows
,,,,,,,<na>,,321.36,13.5,-83.64,,,7438,financial data present but missing supporting fields,remove_incomplete_rows
,,,,,,,<na>,,68.6,10.13,23.4,,,7443,financial data present but missing supporting fields,remove_incomplete_rows
,,,,,,,<na>,,67.5,6.13,6.18,,,7447,financial data present but missing supporting fields,remove_incomplete_rows
,,,,,,,<na>,,2046.92,192.2,-122.98,,,7456,financial data present but missing supporting fields,remove_incomplete_rows
,,,,,,,<na>,,120.5,100.06,20.44,,,7460,financial data present but missing supporting fields,remove_incomplete_rows
,,,,,,,<na>,,222.73,170.08,45.53,,,7466,financial data present but missing supporting fields,remove_incomplete_rows
,,,,,,,<na>,,48.0,18.81,10.38,,,7471,financial data present but missing supporting fields,remove_incomplete_rows
,,,,,,,<na>,,161.5,55.26,21.51,,,7476,financial data present but missing supporting fields,remove_incomplete_rows
,,,,,,,<na>,,70.5,62.07,8.43,,,7480,financial data present but missing supporting fields,remove_incomplete_rows
,,,,,,,<na>,,39.9,36.26,3.64,,,7484,financial data present but missing supporting fields,remove_incomplete_rows
,,,,,,,<na>,,39.9,36.26,3.64,,,7488,financial data present but missing supporting fields,remove_incomplete_rows
,,,,,,,<na>,,33.5,26.17,7.34,,,7492,financial data present but missing supporting fields,remove_incomplete_rows
,,,,,,,<na>,,91.8,27.52,9.24,,,7497,financial data present but missing supporting fields,remove_incomplete_rows
,,,,,,,<na>,,457.75,387.38,55.3,,,7505,financial data present but missing supporting fields,remove_incomplete_rows
,,,,,,,<na>,,22.0,4.76,2.96,,,7509,financial data present but missing supporting fields,remove_incomplete_rows
,,,,,,,<na>,,167.5,26.77,33.64,,,7513,financial data present but missing supporting fields,remove_incomplete_rows
,,,,,,,<na>,,180.0,163.55,16.45,,,7517,financial data present but missing supporting fields,remove_incomplete_rows
,,,,,,,<na>,,572.04,415.04,69.26,,,7523,financial data present but missing supporting fields,remove_incomplete_rows
,,,,,,,<na>,,197.38,152.34,41.49,,,7530,financial data present but missing supporting fields,remove_incomplete_rows
,,,,,,,<na>,,52.68,43.87,8.81,,,7534,financial data present but missing supporting fields,remove_incomplete_rows
,,,,,,,<na>,,8.0,6.69,1.31,,,7538,financial data present but missing supporting fields,remove_incomplete_rows
,,,,,,,<na>,,26.0,17.55,6.2,,,7543,financial data present but missing supporting fields,remove_incomplete_rows
,,,,,,,<na>,,51.2,8.98,15.29,,,7547,financial data present but missing supporting fields,remove_incomplete_rows
,,,,,,,<na>,,40.0,9.6,30.4,,,7551,financial data present but missing supporting fields,remove_incomplete_rows
,,,,,,,<na>,,9.5,7.55,1.95,,,7555,financial data present but missing supporting fields,remove_incomplete_rows
,,,,,,,<na>,,108.0,32.4,10.8,,,7559,financial data present but missing supporting fields,remove_incomplete_rows
,,,,,,,<na>,,55.5,23.04,9.42,,,7563,financial data present but missing supporting fields,remove_incomplete_rows
,,,,,,,<na>,,60.0,23.33,13.34,,,7567,financial data present but missing supporting fields,remove_incomplete_rows
,,,,,,,<na>,,40.18,30.0,10.18,,,7571,financial data present but missing supporting fields,remove_incomplete_rows
,,,,,,,<na>,,58.5,15.84,10.99,,,7575,financial data present but missing supporting fields,remove_incomplete_rows
,,,,,,,<na>,,324.5,68.44,109.23,,,7580,financial data present but missing supporting fields,remove_incomplete_rows
,,,,,,,<na>,,480.0,20.0,80.0,,,7584,financial data present but missing supporting fields,remove_incomplete_rows
,,,,,,,<na>,,128.25,37.15,16.8,,,7588,financial data present but missing supporting fields,remove_incomplete_rows
,,,,,,,<na>,,177.0,25.0,27.0,,,7592,financial data present but missing supporting fields,remove_incomplete_rows
,,,,,,,<na>,,51.75,43.21,8.54,,,7596,financial data present but missing supporting fields,remove_incomplete_rows
,,,,,,,<na>,,148.66,35.42,39.69,,,7603,financial data present but missing supporting fields,remove_incomplete_rows
,,,,,,,<na>,,7.0,1.51,3.98,,,7607,financial data present but missing supporting fields,remove_incomplete_rows
,,,,,,,<na>,,60.0,5.42,5.75,,,7611,financial data present but missing supporting fields,remove_incomplete_rows
,,,,,,,<na>,,18.5,15.16,3.34,,,7615,financial data present but missing supporting fields,remove_incomplete_rows
,,,,,,,<na>,,26.25,22.48,3.77,,,7620,financial data present but missing supporting fields,remove_incomplete_rows
,,,,,,,<na>,,97.46,79.64,17.82,,,7625,financial data present but missing supporting fields,remove_incomplete_rows
,,,,,,,<na>,,171.0,93.59,19.99,,,7630,financial data present but missing supporting fields,remove_incomplete_rows
,,,,,,,<na>,,92.5,8.34,9.08,,,7634,financial data present but missing supporting fields,remove_incomplete_rows
,,,,,,,<na>,,130.0,69.6,60.4,,,7639,financial data present but missing supporting fields,remove_incomplete_rows
,,,,,,,<na>,,60.0,5.42,5.75,,,7643,financial data present but missing supporting fields,remove_incomplete_rows
,,,,,,,<na>,,20.25,3.7,9.14,,,7647,financial data present but missing supporting fields,remove_incomplete_rows
,,,,,,,<na>,,96.0,87.21,8.79,,,7651,financial data present but missing supporting fields,remove_incomplete_rows
,,,,,,,<na>,,8.5,7.54,0.96,,,7655,financial data present but missing supporting fields,remove_incomplete_rows
,,,,,,,<na>,,30.0,17.6,12.4,,,7659,financial data present but missing supporting fields,remove_incomplete_rows
,,,,,,,<na>,,107.5,8.94,18.1,,,7663,financial data present but missing supporting fields,remove_incomplete_rows
,,,,,,,<na>,,124.0,29.34,6.64,,,7667,financial data present but missing supporting fields,remove_incomplete_rows
,,,,,,,<na>,,22.5,16.72,5.78,,,7671,financial data present but missing supporting fields,remove_incomplete_rows
,,,,,,,<na>,,23.0,19.83,3.17,,,7675,financial data present but missing supporting fields,remove_incomplete_rows
,,,,,,,<na>,,83.5,9.18,48.67,,,7680,financial data present but missing supporting fields,remove_incomplete_rows
,,,,,,,<na>,,121.25,39.37,15.05,,,7685,financial data present but missing supporting fields,remove_incomplete_rows
,,,,,,,<na>,,344.0,78.07,31.72,,,7689,financial data present but missing supporting fields,remove_incomplete_rows
,,,,,,,<na>,,71.5,5.55,53.92,,,7694,financial data present but missing supporting fields,remove_incomplete_rows
,,,,,,,<na>,,40.32,0.95,20.37,,,7698,financial data present but missing supporting fields,remove_incomplete_rows
,,,,,,,<na>,,44.0,17.34,9.32,,,7702,financial data present but missing supporting fields,remove_incomplete_rows
,,,,,,,<na>,,18.0,13.58,4.42,,,7706,financial data present but missing supporting fields,remove_incomplete_rows
,,,,,,,<na>,,93.64,17.0,6.54,,,7711,financial data present but missing supporting fields,remove_incomplete_rows
,,,,,,,<na>,,333.0,18.07,152.31,,,7718,financial data present but missing supporting fields,remove_incomplete_rows
,,,,,,,<na>,,590.5,84.67,194.49,,,7724,financial data present but missing supporting fields,remove_incomplete_rows
,,,,,,,<na>,,11.0,6.33,4.67,,,7728,financial data present but missing supporting fields,remove_incomplete_rows
,,,,,,,<na>,,3850.0,2100.0,1750.0,,,7732,financial data present but missing supporting fields,remove_incomplete_rows
,,,,,,,<na>,,4021.35,1924.08,173.18,,,7736,financial data present but missing supporting fields,remove_incomplete_rows
,,,,,,,<na>,,23.0,18.87,4.13,,,7740,financial data present but missing supporting fields,remove_incomplete_rows
,,,,,,,<na>,,675.0,24.09,313.59,,,7746,financial data present but missing supporting fields,remove_incomplete_rows
,,,,,,,<na>,,347.0,36.7,140.0,,,7751,financial data present but missing supporting fields,remove_incomplete_rows
,,,,,,,<na>,,2892.0,101.01,-138.17,,,7759,financial data present but missing supporting fields,remove_incomplete_rows
,,,,,,,<na>,,454.5,64.64,95.28,,,7766,financial data present but missing supporting fields,remove_incomplete_rows
,,,,,,,<na>,,937.5,54.32,122.7,,,7771,financial data present but missing supporting fields,remove_incomplete_rows
,,,,,,,<na>,,30.75,17.23,6.22,,,7776,financial data present but missing supporting fields,remove_incomplete_rows
,,,,,,,<na>,,174.0,113.47,25.25,,,7782,financial data present but missing supporting fields,remove_incomplete_rows
,,,,,,,<na>,,46.5,20.87,4.77,,,7786,financial data present but missing supporting fields,remove_incomplete_rows
,,,,,,,<na>,,72.5,2.85,44.0,,,7790,financial data present but missing supporting fields,remove_incomplete_rows
,,,,,,,<na>,,361.0,281.39,41.8,,,7796,financial data present but missing supporting fields,remove_incomplete_rows
,,,,,,,<na>,,134.0,60.67,12.66,,,7800,financial data present but missing supporting fields,remove_incomplete_rows
,,,,,,,<na>,,473.0,214.0,141.32,,,7808,financial data present but missing supporting fields,remove_incomplete_rows
,,,,,,,<na>,,56.0,1.55,34.3,,,7812,financial data present but missing supporting fields,remove_incomplete_rows
,,,,,,,<na>,,78.5,65.67,12.83,,,7816,financial data present but missing supporting fields,remove_incomplete_rows
,,,,,,,<na>,,92.5,71.43,21.07,,,7820,financial data present but missing supporting fields,remove_incomplete_rows
,,,,,,,<na>,,101.5,40.01,20.69,,,7826,financial data present but missing supporting fields,remove_incomplete_rows
,,,,,,,<na>,,60.5,54.0,6.5,,,7830,financial data present but missing supporting fields,remove_incomplete_rows
,,,,,,,<na>,,280.0,256.67,23.33,,,7834,financial data present but missing supporting fields,remove_incomplete_rows
,,,,,,,<na>,,1160.0,51.87,381.28,,,7839,financial data present but missing supporting fields,remove_incomplete_rows
,,,,,,,<na>,,202.5,50.62,28.06,,,7844,financial data present but missing supporting fields,remove_incomplete_rows
,,,,,,,<na>,,101.87,56.44,37.68,,,7855,financial data present but missing supporting fields,remove_incomplete_rows
,,,,,,,<na>,,85.5,23.6,15.64,,,7860,financial data present but missing supporting fields,remove_incomplete_rows
,,,,,,,<na>,,65.0,12.7,14.18,,,7864,financial data present but missing supporting fields,remove_incomplete_rows
,,,,,,,<na>,,26.25,22.48,3.77,,,7869,financial data present but missing supporting fields,remove_incomplete_rows
,,,,,,,<na>,,600.0,16.7,99.11,,,7873,financial data present but missing supporting fields,remove_incomplete_rows
,,,,,,,<na>,,40.0,9.6,30.4,,,7877,financial data present but missing supporting fields,remove_incomplete_rows
,,,,,,,<na>,,1129.75,1017.8,111.95,,,7882,financial data present but missing supporting fields,remove_incomplete_rows
,,,,,,,<na>,,75.0,6.69,8.05,,,7886,financial data present but missing supporting fields,remove_incomplete_rows
,,,,,,,<na>,,30.0,17.6,12.4,,,7890,financial data present but missing supporting fields,remove_incomplete_rows
,,,,,,,<na>,,72.5,5.95,12.97,,,7894,financial data present but missing supporting fields,remove_incomplete_rows
,,,,,,,<na>,,20.0,0.35,16.5,,,7898,financial data present but missing supporting fields,remove_incomplete_rows
,,,,,,,<na>,,178.25,142.78,35.47,,,7905,financial data present but missing supporting fields,remove_incomplete_rows
,,,,,,,<na>,,87.25,16.87,28.01,,,7910,financial data present but missing supporting fields,remove_incomplete_rows
,,,,,,,<na>,,784.0,50.9,71.35,,,7914,financial data present but missing supporting fields,remove_incomplete_rows
,,,,,,,<na>,,65.0,53.81,11.19,,,7918,financial data present but missing supporting fields,remove_incomplete_rows
,,,,,,,<na>,,18.0,13.58,4.42,,,7922,financial data present but missing supporting fields,remove_incomplete_rows
,,,,,,,<na>,,214.25,187.81,26.44,,,7927,financial data present but missing supporting fields,remove_incomplete_rows
,,,,,,,<na>,,48.0,1.25,40.5,,,7931,financial data present but missing supporting fields,remove_incomplete_rows
,,,,,,,<na>,,120.0,56.0,64.0,,,7935,financial data present but missing supporting fields,remove_incomplete_rows
,,,,,,,<na>,,105.36,43.87,17.62,,,7939,financial data present but missing supporting fields,remove_incomplete_rows
,,,,,,,<na>,,20.0,0.94,10.6,,,7943,financial data present but missing supporting fields,remove_incomplete_rows
,,,,,,,<na>,,21.0,1.51,11.94,,,7947,financial data present but missing supporting fields,remove_incomplete_rows
,,,,,,,<na>,,70.0,1.65,46.9,,,7951,financial data present but missing supporting fields,remove_incomplete_rows
,,,,,,,<na>,,6.0,5.42,0.58,,,7955,financial data present but missing supporting fields,remove_incomplete_rows
,,,,,,,<na>,,344.5,21.1,219.3,,,7960,financial data present but missing supporting fields,remove_incomplete_rows
,,,,,,,<na>,,135.0,1.8,81.0,,,7964,financial data present but missing supporting fields,remove_incomplete_rows
,,,,,,,<na>,,70.5,62.07,8.43,,,7968,financial data present but missing supporting fields,remove_incomplete_rows
,,,,,,,<na>,,30.0,17.6,12.4,,,7972,financial data present but missing supporting fields,remove_incomplete_rows
,,,,,,,<na>,,14.25,11.74,2.51,,,7976,financial data present but missing supporting fields,remove_incomplete_rows
,,,,,,,<na>,,80.0,9.6,60.8,,,7985,financial data present but missing supporting fields,remove_incomplete_rows
,,,,,,,<na>,,22.5,9.85,2.8,,,7989,financial data present but missing supporting fields,remove_incomplete_rows
,,,,,,,<na>,,78.75,50.73,14.44,,,7994,financial data present but missing supporting fields,remove_incomplete_rows
,,,,,,,<na>,,348.75,35.05,33.33,,,7998,financial data present but missing supporting fields,remove_incomplete_rows
,,,,,,,<na>,,17.0,3.65,2.4,,,8002,financial data present but missing supporting fields,remove_incomplete_rows
,,,,,,,<na>,,15.0,9.2,5.8,,,8006,financial data present but missing supporting fields,remove_incomplete_rows
,,,,,,,<na>,,37.0,14.29,8.42,,,8010,financial data present but missing supporting fields,remove_incomplete_rows
,,,,,,,<na>,,11.0,4.52,1.96,,,8014,financial data present but missing supporting fields,remove_incomplete_rows
,,,,,,,<na>,,243.95,185.38,39.87,,,8020,financial data present but missing supporting fields,remove_incomplete_rows
,,,,,,,<na>,,8.0,6.69,1.31,,,8024,financial data present but missing supporting fields,remove_incomplete_rows
,,,,,,,<na>,,198.72,3.67,99.63,,,8029,financial data present but missing supporting fields,remove_incomplete_rows
,,,,,,,<na>,,152.28,56.45,32.03,,,8034,financial data present but missing supporting fields,remove_incomplete_rows
,,,,,,,<na>,,52.0,17.56,16.88,,,8038,financial data present but missing supporting fields,remove_incomplete_rows
,,,,,,,<na>,,318.0,23.84,-39.6,,,8042,financial data present but missing supporting fields,remove_incomplete_rows
,,,,,,,<na>,,261.0,220.95,40.05,,,8048,financial data present but missing supporting fields,remove_incomplete_rows
,,,,,,,<na>,,185.84,6.21,102.31,,,8057,financial data present but missing supporting fields,remove_incomplete_rows
,,,,,,,<na>,,42.5,34.16,8.34,,,8062,financial data present but missing supporting fields,remove_incomplete_rows
,,,,,,,<na>,,8.0,6.69,1.31,,,8066,financial data present but missing supporting fields,remove_incomplete_rows
,,,,,,,<na>,,150.0,20.0,50.0,,,8070,financial data present but missing supporting fields,remove_incomplete_rows
,,,,,,,<na>,,8.0,6.69,1.31,,,8074,financial data present but missing supporting fields,remove_incomplete_rows
,,,,,,,<na>,,69.75,20.87,7.15,,,8078,financial data present but missing supporting fields,remove_incomplete_rows
,,,,,,,<na>,,204.0,176.29,27.71,,,8083,financial data present but missing supporting fields,remove_incomplete_rows
,,,,,,,<na>,,18.0,13.58,4.42,,,8087,financial data present but missing supporting fields,remove_incomplete_rows
,,,,,,,<na>,,983.0,157.28,52.37,,,8093,financial data present but missing supporting fields,remove_incomplete_rows
,,,,,,,<na>,,80.0,9.6,60.8,,,8097,financial data present but missing supporting fields,remove_incomplete_rows
,,,,,,,<na>,,79.5,10.78,14.82,,,8101,financial data present but missing supporting fields,remove_incomplete_rows
,,,,,,,<na>,,13.8,6.16,1.47,,,8105,financial data present but missing supporting fields,remove_incomplete_rows
,,,,,,,<na>,,314.0,64.88,-10.38,,,8110,financial data present but missing supporting fields,remove_incomplete_rows
,,,,,,,<na>,,34.8,31.79,3.01,,,8115,financial data present but missing supporting fields,remove_incomplete_rows
,,,,,,,<na>,,57.25,47.1,10.15,,,8120,financial data present but missing supporting fields,remove_incomplete_rows
,,,,,,,<na>,,287.25,98.84,31.29,,,8126,financial data present but missing supporting fields,remove_incomplete_rows
,,,,,,,<na>,,107.5,35.94,63.1,,,8131,financial data present but missing supporting fields,remove_incomplete_rows
,,,,,,,<na>,,14.25,11.74,2.51,,,8135,financial data present but missing supporting fields,remove_incomplete_rows
,,,,,,,<na>,,405.0,342.95,62.05,,,8139,financial data present but missing supporting fields,remove_incomplete_rows
,,,,,,,<na>,,150.0,15.0,90.0,,,8143,financial data present but missing supporting fields,remove_incomplete_rows
,,,,,,,<na>,,309.0,38.84,114.81,,,8150,financial data present but missing supporting fields,remove_incomplete_rows
,,,,,,,<na>,,638.4,56.0,78.4,,,8154,financial data present but missing supporting fields,remove_incomplete_rows
,,,,,,,<na>,,527.25,64.95,135.2,,,8159,financial data present but missing supporting fields,remove_incomplete_rows
,,,,,,,<na>,,113.25,93.22,20.03,,,8165,financial data present but missing supporting fields,remove_incomplete_rows
,,,,,,,<na>,,98.0,7.29,50.59,,,8170,financial data present but missing supporting fields,remove_incomplete_rows
,,,,,,,<na>,,17.9,0.37,14.17,,,8174,financial data present but missing supporting fields,remove_incomplete_rows
,,,,,,,<na>,,58.25,48.6,9.65,,,8178,financial data present but missing supporting fields,remove_incomplete_rows
,,,,,,,<na>,,52.0,44.99,7.01,,,8182,financial data present but missing supporting fields,remove_incomplete_rows
,,,,,,,<na>,,15.5,12.87,2.63,,,8186,financial data present but missing supporting fields,remove_incomplete_rows
,,,,,,,<na>,,97.5,2.45,60.75,,,8190,financial data present but missing supporting fields,remove_incomplete_rows
,,,,,,,<na>,,172.5,93.0,79.5,,,8194,financial data present but missing supporting fields,remove_incomplete_rows
,,,,,,,<na>,,590.0,48.61,103.91,,,8198,financial data present but missing supporting fields,remove_incomplete_rows
,,,,,,,<na>,,354.25,329.55,24.7,,,8203,financial data present but missing supporting fields,remove_incomplete_rows
,,,,,,,<na>,,60.0,14.26,31.49,,,8207,financial data present but missing supporting fields,remove_incomplete_rows
,,,,,,,<na>,,8.5,7.54,0.96,,,8211,financial data present but missing supporting fields,remove_incomplete_rows
,,,,,,,<na>,,50.75,12.65,8.32,,,8216,financial data present but missing supporting fields,remove_incomplete_rows
,,,,,,,<na>,,311.5,135.37,40.76,,,8220,financial data present but missing supporting fields,remove_incomplete_rows
,,,,,,,<na>,,9.5,7.55,1.95,,,8224,financial data present but missing supporting fields,remove_incomplete_rows
,,,,,,,<na>,,142.0,11.09,31.06,,,8228,financial data present but missing supporting fields,remove_incomplete_rows
,,,,,,,<na>,,189.0,156.57,32.43,,,8233,financial data present but missing supporting fields,remove_incomplete_rows
,,,,,,,<na>,,18.0,8.37,9.63,,,8237,financial data present but missing supporting fields,remove_incomplete_rows
,,,,,,,<na>,,345.5,314.17,31.33,,,8241,financial data present but missing supporting fields,remove_incomplete_rows
,,,,,,,<na>,,27.75,23.04,4.71,,,8245,financial data present but missing supporting fields,remove_incomplete_rows
,,,,,,,<na>,,120.0,2.25,52.5,,,8249,financial data present but missing supporting fields,remove_incomplete_rows
,,,,,,,<na>,,18.5,15.16,3.34,,,8253,financial data present but missing supporting fields,remove_incomplete_rows
,,,,,,,<na>,,941.85,127.77,191.78,,,8261,financial data present but missing supporting fields,remove_incomplete_rows
,,,,,,,<na>,,15.0,9.2,5.8,,,8265,financial data present but missing supporting fields,remove_incomplete_rows
,,,,,,,<na>,,73.64,16.58,-9.26,,,8269,financial data present but missing supporting fields,remove_incomplete_rows
,,,,,,,<na>,,107.16,20.0,7.16,,,8273,financial data present but missing supporting fields,remove_incomplete_rows
,,,,,,,<na>,,93.5,81.34,12.16,,,8277,financial data present but missing supporting fields,remove_incomplete_rows
,,,,,,,<na>,,392.0,7.5,287.0,,,8281,financial data present but missing supporting fields,remove_incomplete_rows
,,,,,,,<na>,,39.5,31.5,8.0,,,8285,financial data present but missing supporting fields,remove_incomplete_rows
,,,,,,,<na>,,27.0,0.36,23.4,,,8289,financial data present but missing supporting fields,remove_incomplete_rows
,,,,,,,<na>,,49.25,44.2,5.05,,,8293,financial data present but missing supporting fields,remove_incomplete_rows
,,,,,,,<na>,,227.0,206.31,20.69,,,8297,financial data present but missing supporting fields,remove_incomplete_rows
,,,,,,,<na>,,199.0,132.69,66.31,,,8301,financial data present but missing supporting fields,remove_incomplete_rows
,,,,,,,<na>,,2165.73,1373.39,359.36,,,8312,financial data present but missing supporting fields,remove_incomplete_rows
,,,,,,,<na>,,125.0,10.94,15.64,,,8316,financial data present but missing supporting fields,remove_incomplete_rows
,,,,,,,<na>,,161.25,111.82,49.43,,,8321,financial data present but missing supporting fields,remove_incomplete_rows
,,,,,,,<na>,,48.5,40.33,8.17,,,8326,financial data present but missing supporting fields,remove_incomplete_rows
,,,,,,,<na>,,,,,,,0,all important fields empty,remove_incomplete_rows
,,,,,,,<na>,,,,,,,3,all important fields empty,remove_incomplete_rows
,,,,,,,<na>,,,,,,,4,all important fields empty,remove_incomplete_rows
,,,,,,,<na>,,,,,,,7,all important fields empty,remove_incomplete_rows
,,,,,,,<na>,,,,,,,8,all important fields empty,remove_incomplete_rows
,,,,,,,<na>,,,,,,,14,all important fields empty,remove_incomplete_rows
,,,,,,,<na>,,,,,,,15,all important fields empty,remove_incomplete_rows
,,,,,,,<na>,,,,,,,20,all important fields empty,remove_incomplete_rows
,,,,,,,<na>,,,,,,,21,all important fields empty,remove_incomplete_rows
,,,,,,,<na>,,,,,,,24,all important fields empty,remove_incomplete_rows
,,,,,,,<na>,,,,,,,25,all important fields empty,remove_incomplete_rows
,,,,,,,<na>,,,,,,,29,all important fields empty,remove_incomplete_rows
,,,,,,,<na>,,,,,,,30,all important fields empty,remove_incomplete_rows
,,,,,,,<na>,,,,,,,33,all important fields empty,remove_incomplete_rows
,,,,,,,<na>,,,,,,,34,all important fields empty,remove_incomplete_rows
,,,,,,,<na>,,,,,,,38,all important fields empty,remove_incomplete_rows
,,,,,,,<na>,,,,,,,39,all important fields empty,remove_incomplete_rows
,,,,,,,<na>,,,,,,,43,all important fields empty,remove_incomplete_rows
,,,,,,,<na>,,,,,,,44,all important fields empty,remove_incomplete_rows
,,,,,,,<na>,,,,,,,48,all important fields empty,remove_incomplete_rows
,,,,,,,<na>,,,,,,,49,all important fields empty,remove_incomplete_rows
,,,,,,,<na>,,,,,,,55,all important fields empty,remove_incomplete_rows
,,,,,,,<na>,,,,,,,56,all important fields empty,remove_incomplete_rows
,,,,,,,<na>,,,,,,,60,all important fields empty,remove_incomplete_rows
,,,,,,,<na>,,,,,,,61,all important fields empty,remove_incomplete_rows
,,,,,,,<na>,,,,,,,66,all important fields empty,remove_incomplete_rows
,,,,,,,<na>,,,,,,,67,all important fields empty,remove_incomplete_rows
,,,,,,,<na>,,,,,,,70,all important fields empty,remove_incomplete_rows
,,,,,,,<na>,,,,,,,71,all important fields empty,remove_incomplete_rows
,,,,,,,<na>,,,,,,,75,all important fields empty,remove_incomplete_rows
,,,,,,,<na>,,,,,,,76,all important fields empty,remove_incomplete_rows
,,,,,,,<na>,,,,,,,81,all important fields empty,remove_incomplete_rows
,,,,,,,<na>,,,,,,,82,all important fields empty,remove_incomplete_rows
,,,,,,,<na>,,,,,,,85,all important fields empty,remove_incomplete_rows
,,,,,,,<na>,,,,,,,86,all important fields empty,remove_incomplete_rows
,,,,,,,<na>,,,,,,,89,all important fields empty,remove_incomplete_rows
,,,,,,,<na>,,,,,,,90,all important fields empty,remove_incomplete_rows
,,,,,,,<na>,,,,,,,93,all important fields empty,remove_incomplete_rows
,,,,,,,<na>,,,,,,,94,all important fields empty,remove_incomplete_rows
,,,,,,,<na>,,,,,,,98,all important fields empty,remove_incomplete_rows
,,,,,,,<na>,,,,,,,99,all important fields empty,remove_incomplete_rows
,,,,,,,<na>,,,,,,,102,all important fields empty,remove_incomplete_rows
,,,,,,,<na>,,,,,,,103,all important fields empty,remove_incomplete_rows
,,,,,,,<na>,,,,,,,106,all important fields empty,remove_incomplete_rows
,,,,,,,<na>,,,,,,,107,all important fields empty,remove_incomplete_rows
,,,,,,,<na>,,,,,,,110,all important fields empty,remove_incomplete_rows
,,,,,,,<na>,,,,,,,111,all important fields empty,remove_incomplete_rows
,,,,,,,<na>,,,,,,,117,all important fields empty,remove_incomplete_rows
,,,,,,,<na>,,,,,,,118,all important fields empty,remove_incomplete_rows
,,,,,,,<na>,,,,,,,124,all important fields empty,remove_incomplete_rows
,,,,,,,<na>,,,,,,,125,all important fields empty,remove_incomplete_rows
,,,,,,,<na>,,,,,,,129,all important fields empty,remove_incomplete_rows
,,,,,,,<na>,,,,,,,130,all important fields empty,remove_incomplete_rows
,,,,,,,<na>,,,,,,,133,all important fields empty,remove_incomplete_rows
,,,,,,,<na>,,,,,,,134,all important fields empty,remove_incomplete_rows
,,,,,,,<na>,,,,,,,137,all important fields empty,remove_incomplete_rows
,,,,,,,<na>,,,,,,,138,all important fields empty,remove_incomplete_rows
,,,,,,,<na>,,,,,,,141,all important fields empty,remove_incomplete_rows
,,,,,,,<na>,,,,,,,142,all important fields empty,remove_incomplete_rows
,,,,,,,<na>,,,,,,,146,all important fields empty,remove_incomplete_rows
,,,,,,,<na>,,,,,,,147,all important fields empty,remove_incomplete_rows
,,,,,,,<na>,,,,,,,151,all important fields empty,remove_incomplete_rows
,,,,,,,<na>,,,,,,,152,all important fields empty,remove_incomplete_rows
,,,,,,,<na>,,,,,,,155,all important fields empty,remove_incomplete_rows
,,,,,,,<na>,,,,,,,156,all important fields empty,remove_incomplete_rows
,,,,,,,<na>,,,,,,,159,all important fields empty,remove_incomplete_rows
,,,,,,,<na>,,,,,,,160,all important fields empty,remove_incomplete_rows
,,,,,,,<na>,,,,,,,165,all important fields empty,remove_incomplete_rows
,,,,,,,<na>,,,,,,,166,all important fields empty,remove_incomplete_rows
,,,,,,,<na>,,,,,,,169,all important fields empty,remove_incomplete_rows
,,,,,,,<na>,,,,,,,170,all important fields empty,remove_incomplete_rows
,,,,,,,<na>,,,,,,,173,all important fields empty,remove_incomplete_rows
,,,,,,,<na>,,,,,,,174,all important fields empty,remove_incomplete_rows
,,,,,,,<na>,,,,,,,179,all important fields empty,remove_incomplete_rows
,,,,,,,<na>,,,,,,,180,all important fields empty,remove_incomplete_rows
,,,,,,,<na>,,,,,,,183,all important fields empty,remove_incomplete_rows
,,,,,,,<na>,,,,,,,184,all important fields empty,remove_incomplete_rows
,,,,,,,<na>,,,,,,,189,all important fields empty,remove_incomplete_rows
,,,,,,,<na>,,,,,,,190,all important fields empty,remove_incomplete_rows
,,,,,,,<na>,,,,,,,194,all important fields empty,remove_incomplete_rows
,,,,,,,<na>,,,,,,,195,all important fields empty,remove_incomplete_rows
,,,,,,,<na>,,,,,,,201,all important fields empty,remove_incomplete_rows
,,,,,,,<na>,,,,,,,202,all important fields empty,remove_incomplete_rows
,,,,,,,<na>,,,,,,,205,all important fields empty,remove_incomplete_rows
,,,,,,,<na>,,,,,,,206,all important fields empty,remove_incomplete_rows
,,,,,,,<na>,,,,,,,209,all important fields empty,remove_incomplete_rows
,,,,,,,<na>,,,,,,,210,all important fields empty,remove_incomplete_rows
,,,,,,,<na>,,,,,,,213,all important fields empty,remove_incomplete_rows
,,,,,,,<na>,,,,,,,214,all important fields empty,remove_incomplete_rows
,,,,,,,<na>,,,,,,,217,all important fields empty,remove_incomplete_rows
,,,,,,,<na>,,,,,,,218,all important fields empty,remove_incomplete_rows
,,,,,,,<na>,,,,,,,221,all important fields empty,remove_incomplete_rows
,,,,,,,<na>,,,,,,,222,all important fields empty,remove_incomplete_rows
,,,,,,,<na>,,,,,,,227,all important fields empty,remove_incomplete_rows
,,,,,,,<na>,,,,,,,228,all important fields empty,remove_incomplete_rows
,,,,,,,<na>,,,,,,,231,all important fields empty,remove_incomplete_rows
,,,,,,,<na>,,,,,,,232,all important fields empty,remove_incomplete_rows
,,,,,,,<na>,,,,,,,236,all important fields empty,remove_incomplete_rows
,,,,,,,<na>,,,,,,,237,all important fields empty,remove_incomplete_rows
,,,,,,,<na>,,,,,,,240,all important fields empty,remove_incomplete_rows
,,,,,,,<na>,,,,,,,241,all important fields empty,remove_incomplete_rows
,,,,,,,<na>,,,,,,,244,all important fields empty,remove_incomplete_rows
,,,,,,,<na>,,,,,,,245,all important fields empty,remove_incomplete_rows
,,,,,,,<na>,,,,,,,248,all important fields empty,remove_incomplete_rows
,,,,,,,<na>,,,,,,,249,all important fields empty,remove_incomplete_rows
,,,,,,,<na>,,,,,,,252,all important fields empty,remove_incomplete_rows
,,,,,,,<na>,,,,,,,253,all important fields empty,remove_incomplete_rows
,,,,,,,<na>,,,,,,,256,all important fields empty,remove_incomplete_rows
,,,,,,,<na>,,,,,,,257,all important fields empty,remove_incomplete_rows
,,,,,,,<na>,,,,,,,260,all important fields empty,remove_incomplete_rows
,,,,,,,<na>,,,,,,,261,all important fields empty,remove_incomplete_rows
,,,,,,,<na>,,,,,,,264,all important fields empty,remove_incomplete_rows
,,,,,,,<na>,,,,,,,265,all important fields empty,remove_incomplete_rows
,,,,,,,<na>,,,,,,,269,all important fields empty,remove_incomplete_rows
,,,,,,,<na>,,,,,,,270,all important fields empty,remove_incomplete_rows
,,,,,,,<na>,,,,,,,273,all important fields empty,remove_incomplete_rows
,,,,,,,<na>,,,,,,,274,all important fields empty,remove_incomplete_rows
,,,,,,,<na>,,,,,,,277,all important fields empty,remove_incomplete_rows
,,,,,,,<na>,,,,,,,278,all important fields empty,remove_incomplete_rows
,,,,,,,<na>,,,,,,,285,all important fields empty,remove_incomplete_rows
,,,,,,,<na>,,,,,,,286,all important fields empty,remove_incomplete_rows
,,,,,,,<na>,,,,,,,290,all important fields empty,remove_incomplete_rows
,,,,,,,<na>,,,,,,,291,all important fields empty,remove_incomplete_rows
,,,,,,,<na>,,,,,,,294,all important fields empty,remove_incomplete_rows
,,,,,,,<na>,,,,,,,295,all important fields empty,remove_incomplete_rows
,,,,,,,<na>,,,,,,,298,all important fields empty,remove_incomplete_rows
,,,,,,,<na>,,,,,,,299,all important fields empty,remove_incomplete_rows
,,,,,,,<na>,,,,,,,302,all important fields empty,remove_incomplete_rows
,,,,,,,<na>,,,,,,,303,all important fields empty,remove_incomplete_rows
,,,,,,,<na>,,,,,,,307,all important fields empty,remove_incomplete_rows
,,,,,,,<na>,,,,,,,308,all important fields empty,remove_incomplete_rows
,,,,,,,<na>,,,,,,,311,all important fields empty,remove_incomplete_rows
,,,,,,,<na>,,,,,,,312,all important fields empty,remove_incomplete_rows
,,,,,,,<na>,,,,,,,315,all important fields empty,remove_incomplete_rows
,,,,,,,<na>,,,,,,,316,all important fields empty,remove_incomplete_rows
,,,,,,,<na>,,,,,,,323,all important fields empty,remove_incomplete_rows
,,,,,,,<na>,,,,,,,324,all important fields empty,remove_incomplete_rows
,,,,,,,<na>,,,,,,,327,all important fields empty,remove_incomplete_rows
,,,,,,,<na>,,,,,,,328,all important fields empty,remove_incomplete_rows
,,,,,,,<na>,,,,,,,331,all important fields empty,remove_incomplete_rows
,,,,,,,<na>,,,,,,,332,all important fields empty,remove_incomplete_rows
,,,,,,,<na>,,,,,,,335,all important fields empty,remove_incomplete_rows
,,,,,,,<na>,,,,,,,336,all important fields empty,remove_incomplete_rows
,,,,,,,<na>,,,,,,,339,all important fields empty,remove_incomplete_rows
,,,,,,,<na>,,,,,,,340,all important fields empty,remove_incomplete_rows
,,,,,,,<na>,,,,,,,344,all important fields empty,remove_incomplete_rows
,,,,,,,<na>,,,,,,,345,all important fields empty,remove_incomplete_rows
,,,,,,,<na>,,,,,,,350,all important fields empty,remove_incomplete_rows
,,,,,,,<na>,,,,,,,351,all important fields empty,remove_incomplete_rows
,,,,,,,<na>,,,,,,,354,all important fields empty,remove_incomplete_rows
,,,,,,,<na>,,,,,,,355,all important fields empty,remove_incomplete_rows
,,,,,,,<na>,,,,,,,358,all important fields empty,remove_incomplete_rows
,,,,,,,<na>,,,,,,,359,all important fields empty,remove_incomplete_rows
,,,,,,,<na>,,,,,,,362,all important fields empty,remove_incomplete_rows
,,,,,,,<na>,,,,,,,363,all important fields empty,remove_incomplete_rows
,,,,,,,<na>,,,,,,,366,all important fields empty,remove_incomplete_rows
,,,,,,,<na>,,,,,,,367,all important fields empty,remove_incomplete_rows
,,,,,,,<na>,,,,,,,372,all important fields empty,remove_incomplete_rows
,,,,,,,<na>,,,,,,,373,all important fields empty,remove_incomplete_rows
,,,,,,,<na>,,,,,,,378,all important fields empty,remove_incomplete_rows
,,,,,,,<na>,,,,,,,379,all important fields empty,remove_incomplete_rows
,,,,,,,<na>,,,,,,,382,all important fields empty,remove_incomplete_rows
,,,,,,,<na>,,,,,,,383,all important fields empty,remove_incomplete_rows
,,,,,,,<na>,,,,,,,386,all important fields empty,remove_incomplete_rows
,,,,,,,<na>,,,,,,,387,all important fields empty,remove_incomplete_rows
,,,,,,,<na>,,,,,,,391,all important fields empty,remove_incomplete_rows
,,,,,,,<na>,,,,,,,392,all important fields empty,remove_incomplete_rows
,,,,,,,<na>,,,,,,,395,all important fields empty,remove_incomplete_rows
,,,,,,,<na>,,,,,,,396,all important fields empty,remove_incomplete_rows
,,,,,,,<na>,,,,,,,400,all important fields empty,remove_incomplete_rows
,,,,,,,<na>,,,,,,,401,all important fields empty,remove_incomplete_rows
,,,,,,,<na>,,,,,,,405,all important fields empty,remove_incomplete_rows
,,,,,,,<na>,,,,,,,406,all important fields empty,remove_incomplete_rows
,,,,,,,<na>,,,,,,,409,all important fields empty,remove_incomplete_rows
,,,,,,,<na>,,,,,,,410,all important fields empty,remove_incomplete_rows
,,,,,,,<na>,,,,,,,413,all important fields empty,remove_incomplete_rows
,,,,,,,<na>,,,,,,,414,all important fields empty,remove_incomplete_rows
,,,,,,,<na>,,,,,,,417,all important fields empty,remove_incomplete_rows
,,,,,,,<na>,,,,,,,418,all important fields empty,remove_incomplete_rows
,,,,,,,<na>,,,,,,,422,all important fields empty,remove_incomplete_rows
,,,,,,,<na>,,,,,,,423,all important fields empty,remove_incomplete_rows
,,,,,,,<na>,,,,,,,427,all important fields empty,remove_incomplete_rows
,,,,,,,<na>,,,,,,,428,all important fields empty,remove_incomplete_rows
,,,,,,,<na>,,,,,,,431,all important fields empty,remove_incomplete_rows
,,,,,,,<na>,,,,,,,432,all important fields empty,remove_incomplete_rows
,,,,,,,<na>,,,,,,,437,all important fields empty,remove_incomplete_rows
,,,,,,,<na>,,,,,,,438,all important fields empty,remove_incomplete_rows
,,,,,,,<na>,,,,,,,441,all important fields empty,remove_incomplete_rows
,,,,,,,<na>,,,,,,,442,all important fields empty,remove_incomplete_rows
,,,,,,,<na>,,,,,,,445,all important fields empty,remove_incomplete_rows
,,,,,,,<na>,,,,,,,446,all important fields empty,remove_incomplete_rows
,,,,,,,<na>,,,,,,,449,all important fields empty,remove_incomplete_rows
,,,,,,,<na>,,,,,,,450,all important fields empty,remove_incomplete_rows
,,,,,,,<na>,,,,,,,454,all important fields empty,remove_incomplete_rows
,,,,,,,<na>,,,,,,,455,all important fields empty,remove_incomplete_rows
,,,,,,,<na>,,,,,,,459,all important fields empty,remove_incomplete_rows
,,,,,,,<na>,,,,,,,460,all important fields empty,remove_incomplete_rows
,,,,,,,<na>,,,,,,,464,all important fields empty,remove_incomplete_rows
,,,,,,,<na>,,,,,,,465,all important fields empty,remove_incomplete_rows
,,,,,,,<na>,,,,,,,468,all important fields empty,remove_incomplete_rows
,,,,,,,<na>,,,,,,,469,all important fields empty,remove_incomplete_rows
,,,,,,,<na>,,,,,,,473,all important fields empty,remove_incomplete_rows
,,,,,,,<na>,,,,,,,474,all important fields empty,remove_incomplete_rows
,,,,,,,<na>,,,,,,,478,all important fields empty,remove_incomplete_rows
,,,,,,,<na>,,,,,,,479,all important fields empty,remove_incomplete_rows
,,,,,,,<na>,,,,,,,482,all important fields empty,remove_incomplete_rows
,,,,,,,<na>,,,,,,,483,all important fields empty,remove_incomplete_rows
,,,,,,,<na>,,,,,,,487,all important fields empty,remove_incomplete_rows
,,,,,,,<na>,,,,,,,488,all important fields empty,remove_incomplete_rows
,,,,,,,<na>,,,,,,,491,all important fields empty,remove_incomplete_rows
,,,,,,,<na>,,,,,,,492,all important fields empty,remove_incomplete_rows
,,,,,,,<na>,,,,,,,495,all important fields empty,remove_incomplete_rows
,,,,,,,<na>,,,,,,,496,all important fields empty,remove_incomplete_rows
,,,,,,,<na>,,,,,,,501,all important fields empty,remove_incomplete_rows
,,,,,,,<na>,,,,,,,502,all important fields empty,remove_incomplete_rows
,,,,,,,<na>,,,,,,,505,all important fields empty,remove_incomplete_rows
,,,,,,,<na>,,,,,,,506,all important fields empty,remove_incomplete_rows
,,,,,,,<na>,,,,,,,511,all important fields empty,remove_incomplete_rows
,,,,,,,<na>,,,,,,,512,all important fields empty,remove_incomplete_rows
,,,,,,,<na>,,,,,,,516,all important fields empty,remove_incomplete_rows
,,,,,,,<na>,,,,,,,517,all important fields empty,remove_incomplete_rows
,,,,,,,<na>,,,,,,,520,all important fields empty,remove_incomplete_rows
,,,,,,,<na>,,,,,,,521,all important fields empty,remove_incomplete_rows
,,,,,,,<na>,,,,,,,524,all important fields empty,remove_incomplete_rows
,,,,,,,<na>,,,,,,,525,all important fields empty,remove_incomplete_rows
,,,,,,,<na>,,,,,,,529,all important fields empty,remove_incomplete_rows
,,,,,,,<na>,,,,,,,530,all important fields empty,remove_incomplete_rows
,,,,,,,<na>,,,,,,,533,all important fields empty,remove_incomplete_rows
,,,,,,,<na>,,,,,,,534,all important fields empty,remove_incomplete_rows
,,,,,,,<na>,,,,,,,537,all important fields empty,remove_incomplete_rows
,,,,,,,<na>,,,,,,,538,all important fields empty,remove_incomplete_rows
,,,,,,,<na>,,,,,,,543,all important fields empty,remove_incomplete_rows
,,,,,,,<na>,,,,,,,544,all important fields empty,remove_incomplete_rows
,,,,,,,<na>,,,,,,,548,all important fields empty,remove_incomplete_rows
,,,,,,,<na>,,,,,,,549,all important fields empty,remove_incomplete_rows
,,,,,,,<na>,,,,,,,552,all important fields empty,remove_incomplete_rows
,,,,,,,<na>,,,,,,,553,all important fields empty,remove_incomplete_rows
,,,,,,,<na>,,,,,,,561,all important fields empty,remove_incomplete_rows
,,,,,,,<na>,,,,,,,562,all important fields empty,remove_incomplete_rows
,,,,,,,<na>,,,,,,,565,all important fields empty,remove_incomplete_rows
,,,,,,,<na>,,,,,,,566,all important fields empty,remove_incomplete_rows
,,,,,,,<na>,,,,,,,569,all important fields empty,remove_incomplete_rows
,,,,,,,<na>,,,,,,,570,all important fields empty,remove_incomplete_rows
,,,,,,,<na>,,,,,,,575,all important fields empty,remove_incomplete_rows
,,,,,,,<na>,,,,,,,576,all important fields empty,remove_incomplete_rows
,,,,,,,<na>,,,,,,,582,all important fields empty,remove_incomplete_rows
,,,,,,,<na>,,,,,,,583,all important fields empty,remove_incomplete_rows
,,,,,,,<na>,,,,,,,587,all important fields empty,remove_incomplete_rows
,,,,,,,<na>,,,,,,,588,all important fields empty,remove_incomplete_rows
,,,,,,,<na>,,,,,,,592,all important fields empty,remove_incomplete_rows
,,,,,,,<na>,,,,,,,593,all important fields empty,remove_incomplete_rows
,,,,,,,<na>,,,,,,,597,all important fields empty,remove_incomplete_rows
,,,,,,,<na>,,,,,,,598,all important fields empty,remove_incomplete_rows
,,,,,,,<na>,,,,,,,604,all important fields empty,remove_incomplete_rows
,,,,,,,<na>,,,,,,,605,all important fields empty,remove_incomplete_rows
,,,,,,,<na>,,,,,,,611,all important fields empty,remove_incomplete_rows
,,,,,,,<na>,,,,,,,612,all important fields empty,remove_incomplete_rows
,,,,,,,<na>,,,,,,,615,all important fields empty,remove_incomplete_rows
,,,,,,,<na>,,,,,,,616,all important fields empty,remove_incomplete_rows
,,,,,,,<na>,,,,,,,620,all important fields empty,remove_incomplete_rows
,,,,,,,<na>,,,,,,,621,all important fields empty,remove_incomplete_rows
,,,,,,,<na>,,,,,,,625,all important fields empty,remove_incomplete_rows
,,,,,,,<na>,,,,,,,626,all important fields empty,remove_incomplete_rows
,,,,,,,<na>,,,,,,,630,all important fields empty,remove_incomplete_rows
,,,,,,,<na>,,,,,,,631,all important fields empty,remove_incomplete_rows
,,,,,,,<na>,,,,,,,634,all important fields empty,remove_incomplete_rows
,,,,,,,<na>,,,,,,,635,all important fields empty,remove_incomplete_rows
,,,,,,,<na>,,,,,,,640,all important fields empty,remove_incomplete_rows
,,,,,,,<na>,,,,,,,641,all important fields empty,remove_incomplete_rows
,,,,,,,<na>,,,,,,,644,all important fields empty,remove_incomplete_rows
,,,,,,,<na>,,,,,,,645,all important fields empty,remove_incomplete_rows
,,,,,,,<na>,,,,,,,648,all important fields empty,remove_incomplete_rows
,,,,,,,<na>,,,,,,,649,all important fields empty,remove_incomplete_rows
,,,,,,,<na>,,,,,,,653,all important fields empty,remove_incomplete_rows
,,,,,,,<na>,,,,,,,654,all important fields empty,remove_incomplete_rows
,,,,,,,<na>,,,,,,,658,all important fields empty,remove_incomplete_rows
,,,,,,,<na>,,,,,,,659,all important fields empty,remove_incomplete_rows
,,,,,,,<na>,,,,,,,664,all important fields empty,remove_incomplete_rows
,,,,,,,<na>,,,,,,,665,all important fields empty,remove_incomplete_rows
,,,,,,,<na>,,,,,,,668,all important fields empty,remove_incomplete_rows
,,,,,,,<na>,,,,,,,669,all important fields empty,remove_incomplete_rows
,,,,,,,<na>,,,,,,,673,all important fields empty,remove_incomplete_rows
,,,,,,,<na>,,,,,,,674,all important fields empty,remove_incomplete_rows
,,,,,,,<na>,,,,,,,677,all important fields empty,remove_incomplete_rows
,,,,,,,<na>,,,,,,,678,all important fields empty,remove_incomplete_rows
,,,,,,,<na>,,,,,,,681,all important fields empty,remove_incomplete_rows
,,,,,,,<na>,,,,,,,682,all important fields empty,remove_incomplete_rows
,,,,,,,<na>,,,,,,,685,all important fields empty,remove_incomplete_rows
,,,,,,,<na>,,,,,,,686,all important fields empty,remove_incomplete_rows
,,,,,,,<na>,,,,,,,691,all important fields empty,remove_incomplete_rows
,,,,,,,<na>,,,,,,,692,all important fields empty,remove_incomplete_rows
,,,,,,,<na>,,,,,,,695,all important fields empty,remove_incomplete_rows
,,,,,,,<na>,,,,,,,696,all important fields empty,remove_incomplete_rows
,,,,,,,<na>,,,,,,,699,all important fields empty,remove_incomplete_rows
,,,,,,,<na>,,,,,,,700,all important fields empty,remove_incomplete_rows
,,,,,,,<na>,,,,,,,705,all important fields empty,remove_incomplete_rows
,,,,,,,<na>,,,,,,,706,all important fields empty,remove_incomplete_rows
,,,,,,,<na>,,,,,,,709,all important fields empty,remove_incomplete_rows
,,,,,,,<na>,,,,,,,710,all important fields empty,remove_incomplete_rows
,,,,,,,<na>,,,,,,,714,all important fields empty,remove_incomplete_rows
,,,,,,,<na>,,,,,,,715,all important fields empty,remove_incomplete_rows
,,,,,,,<na>,,,,,,,718,all important fields empty,remove_incomplete_rows
,,,,,,,<na>,,,,,,,719,all important fields empty,remove_incomplete_rows
,,,,,,,<na>,,,,,,,722,all important fields empty,remove_incomplete_rows
,,,,,,,<na>,,,,,,,723,all important fields empty,remove_incomplete_rows
,,,,,,,<na>,,,,,,,726,all important fields empty,remove_incomplete_rows
,,,,,,,<na>,,,,,,,727,all important fields empty,remove_incomplete_rows
,,,,,,,<na>,,,,,,,730,all important fields empty,remove_incomplete_rows
,,,,,,,<na>,,,,,,,731,all important fields empty,remove_incomplete_rows
,,,,,,,<na>,,,,,,,735,all important fields empty,remove_incomplete_rows
,,,,,,,<na>,,,,,,,736,all important fields empty,remove_incomplete_rows
,,,,,,,<na>,,,,,,,739,all important fields empty,remove_incomplete_rows
,,,,,,,<na>,,,,,,,740,all important fields empty,remove_incomplete_rows
,,,,,,,<na>,,,,,,,743,all important fields empty,remove_incomplete_rows
,,,,,,,<na>,,,,,,,744,all important fields empty,remove_incomplete_rows
,,,,,,,<na>,,,,,,,747,all important fields empty,remove_incomplete_rows
,,,,,,,<na>,,,,,,,748,all important fields empty,remove_incomplete_rows
,,,,,,,<na>,,,,,,,751,all important fields empty,remove_incomplete_rows
,,,,,,,<na>,,,,,,,752,all important fields empty,remove_incomplete_rows
,,,,,,,<na>,,,,,,,756,all important fields empty,remove_incomplete_rows
,,,,,,,<na>,,,,,,,757,all important fields empty,remove_incomplete_rows
,,,,,,,<na>,,,,,,,760,all important fields empty,remove_incomplete_rows
,,,,,,,<na>,,,,,,,761,all important fields empty,remove_incomplete_rows
,,,,,,,<na>,,,,,,,766,all important fields empty,remove_incomplete_rows
,,,,,,,<na>,,,,,,,767,all important fields empty,remove_incomplete_rows
,,,,,,,<na>,,,,,,,771,all important fields empty,remove_incomplete_rows
,,,,,,,<na>,,,,,,,772,all important fields empty,remove_incomplete_rows
,,,,,,,<na>,,,,,,,775,all important fields empty,remove_incomplete_rows
,,,,,,,<na>,,,,,,,776,all important fields empty,remove_incomplete_rows
,,,,,,,<na>,,,,,,,779,all important fields empty,remove_incomplete_rows
,,,,,,,<na>,,,,,,,780,all important fields empty,remove_incomplete_rows
,,,,,,,<na>,,,,,,,783,all important fields empty,remove_incomplete_rows
,,,,,,,<na>,,,,,,,784,all important fields empty,remove_incomplete_rows
,,,,,,,<na>,,,,,,,787,all important fields empty,remove_incomplete_rows
,,,,,,,<na>,,,,,,,788,all important fields empty,remove_incomplete_rows
,,,,,,,<na>,,,,,,,791,all important fields empty,remove_incomplete_rows
,,,,,,,<na>,,,,,,,792,all important fields empty,remove_incomplete_rows
,,,,,,,<na>,,,,,,,796,all important fields empty,remove_incomplete_rows
,,,,,,,<na>,,,,,,,797,all important fields empty,remove_incomplete_rows
,,,,,,,<na>,,,,,,,800,all important fields empty,remove_incomplete_rows
,,,,,,,<na>,,,,,,,801,all important fields empty,remove_incomplete_rows
,,,,,,,<na>,,,,,,,805,all important fields empty,remove_incomplete_rows
,,,,,,,<na>,,,,,,,806,all important fields empty,remove_incomplete_rows
,,,,,,,<na>,,,,,,,809,all important fields empty,remove_incomplete_rows
,,,,,,,<na>,,,,,,,810,all important fields empty,remove_incomplete_rows
,,,,,,,<na>,,,,,,,815,all important fields empty,remove_incomplete_rows
,,,,,,,<na>,,,,,,,816,all important fields empty,remove_incomplete_rows
,,,,,,,<na>,,,,,,,819,all important fields empty,remove_incomplete_rows
,,,,,,,<na>,,,,,,,820,all important fields empty,remove_incomplete_rows
,,,,,,,<na>,,,,,,,825,all important fields empty,remove_incomplete_rows
,,,,,,,<na>,,,,,,,826,all important fields empty,remove_incomplete_rows
,,,,,,,<na>,,,,,,,831,all important fields empty,remove_incomplete_rows
,,,,,,,<na>,,,,,,,832,all important fields empty,remove_incomplete_rows
,,,,,,,<na>,,,,,,,835,all important fields empty,remove_incomplete_rows
,,,,,,,<na>,,,,,,,836,all important fields empty,remove_incomplete_rows
,,,,,,,<na>,,,,,,,839,all important fields empty,remove_incomplete_rows
,,,,,,,<na>,,,,,,,840,all important fields empty,remove_incomplete_rows
,,,,,,,<na>,,,,,,,843,all important fields empty,remove_incomplete_rows
,,,,,,,<na>,,,,,,,844,all important fields empty,remove_incomplete_rows
,,,,,,,<na>,,,,,,,847,all important fields empty,remove_incomplete_rows
,,,,,,,<na>,,,,,,,848,all important fields empty,remove_incomplete_rows
,,,,,,,<na>,,,,,,,851,all important fields empty,remove_incomplete_rows
,,,,,,,<na>,,,,,,,852,all important fields empty,remove_incomplete_rows
,,,,,,,<na>,,,,,,,855,all important fields empty,remove_incomplete_rows
,,,,,,,<na>,,,,,,,856,all important fields empty,remove_incomplete_rows
,,,,,,,<na>,,,,,,,861,all important fields empty,remove_incomplete_rows
,,,,,,,<na>,,,,,,,862,all important fields empty,remove_incomplete_rows
,,,,,,,<na>,,,,,,,867,all important fields empty,remove_incomplete_rows
,,,,,,,<na>,,,,,,,868,all important fields empty,remove_incomplete_rows
,,,,,,,<na>,,,,,,,871,all important fields empty,remove_incomplete_rows
,,,,,,,<na>,,,,,,,872,all important fields empty,remove_incomplete_rows
,,,,,,,<na>,,,,,,,875,all important fields empty,remove_incomplete_rows
,,,,,,,<na>,,,,,,,876,all important fields empty,remove_incomplete_rows
,,,,,,,<na>,,,,,,,881,all important fields empty,remove_incomplete_rows
,,,,,,,<na>,,,,,,,882,all important fields empty,remove_incomplete_rows
,,,,,,,<na>,,,,,,,885,all important fields empty,remove_incomplete_rows
,,,,,,,<na>,,,,,,,886,all important fields empty,remove_incomplete_rows
,,,,,,,<na>,,,,,,,889,all important fields empty,remove_incomplete_rows
,,,,,,,<na>,,,,,,,890,all important fields empty,remove_incomplete_rows
,,,,,,,<na>,,,,,,,893,all important fields empty,remove_incomplete_rows
,,,,,,,<na>,,,,,,,894,all important fields empty,remove_incomplete_rows
,,,,,,,<na>,,,,,,,897,all important fields empty,remove_incomplete_rows
,,,,,,,<na>,,,,,,,898,all important fields empty,remove_incomplete_rows
,,,,,,,<na>,,,,,,,901,all important fields empty,remove_incomplete_rows
,,,,,,,<na>,,,,,,,902,all important fields empty,remove_incomplete_rows
,,,,,,,<na>,,,,,,,905,all important fields empty,remove_incomplete_rows
,,,,,,,<na>,,,,,,,906,all important fields empty,remove_incomplete_rows
,,,,,,,<na>,,,,,,,909,all important fields empty,remove_incomplete_rows
,,,,,,,<na>,,,,,,,910,all important fields empty,remove_incomplete_rows
,,,,,,,<na>,,,,,,,913,all important fields empty,remove_incomplete_rows
,,,,,,,<na>,,,,,,,914,all important fields empty,remove_incomplete_rows
,,,,,,,<na>,,,,,,,923,all important fields empty,remove_incomplete_rows
,,,,,,,<na>,,,,,,,924,all important fields empty,remove_incomplete_rows
,,,,,,,<na>,,,,,,,930,all important fields empty,remove_incomplete_rows
,,,,,,,<na>,,,,,,,931,all important fields empty,remove_incomplete_rows
,,,,,,,<na>,,,,,,,935,all important fields empty,remove_incomplete_rows
,,,,,,,<na>,,,,,,,936,all important fields empty,remove_incomplete_rows
,,,,,,,<na>,,,,,,,942,all important fields empty,remove_incomplete_rows
,,,,,,,<na>,,,,,,,943,all important fields empty,remove_incomplete_rows
,,,,,,,<na>,,,,,,,947,all important fields empty,remove_incomplete_rows
,,,,,,,<na>,,,,,,,948,all important fields empty,remove_incomplete_rows
,,,,,,,<na>,,,,,,,952,all important fields empty,remove_incomplete_rows
,,,,,,,<na>,,,,,,,953,all important fields empty,remove_incomplete_rows
,,,,,,,<na>,,,,,,,956,all important fields empty,remove_incomplete_rows
,,,,,,,<na>,,,,,,,957,all important fields empty,remove_incomplete_rows
,,,,,,,<na>,,,,,,,960,all important fields empty,remove_incomplete_rows
,,,,,,,<na>,,,,,,,961,all important fields empty,remove_incomplete_rows
,,,,,,,<na>,,,,,,,964,all important fields empty,remove_incomplete_rows
,,,,,,,<na>,,,,,,,965,all important fields empty,remove_incomplete_rows
,,,,,,,<na>,,,,,,,975,all important fields empty,remove_incomplete_rows
,,,,,,,<na>,,,,,,,976,all important fields empty,remove_incomplete_rows
,,,,,,,<na>,,,,,,,979,all important fields empty,remove_incomplete_rows
,,,,,,,<na>,,,,,,,980,all important fields empty,remove_incomplete_rows
,,,,,,,<na>,,,,,,,983,all important fields empty,remove_incomplete_rows
,,,,,,,<na>,,,,,,,984,all important fields empty,remove_incomplete_rows
,,,,,,,<na>,,,,,,,987,all important fields empty,remove_incomplete_rows
,,,,,,,<na>,,,,,,,988,all important fields empty,remove_incomplete_rows
,,,,,,,<na>,,,,,,,991,all important fields empty,remove_incomplete_rows
,,,,,,,<na>,,,,,,,992,all important fields empty,remove_incomplete_rows
,,,,,,,<na>,,,,,,,995,all important fields empty,remove_incomplete_rows
,,,,,,,<na>,,,,,,,996,all important fields empty,remove_incomplete_rows
,,,,,,,<na>,,,,,,,999,all important fields empty,remove_incomplete_rows
,,,,,,,<na>,,,,,,,1000,all important fields empty,remove_incomplete_rows
,,,,,,,<na>,,,,,,,1003,all important fields empty,remove_incomplete_rows
,,,,,,,<na>,,,,,,,1004,all important fields empty,remove_incomplete_rows
,,,,,,,<na>,,,,,,,1007,all important fields empty,remove_incomplete_rows
,,,,,,,<na>,,,,,,,1008,all important fields empty,remove_incomplete_rows
,,,,,,,<na>,,,,,,,1012,all important fields empty,remove_incomplete_rows
,,,,,,,<na>,,,,,,,1013,all important fields empty,remove_incomplete_rows
,,,,,,,<na>,,,,,,,1016,all important fields empty,remove_incomplete_rows
,,,,,,,<na>,,,,,,,1017,all important fields empty,remove_incomplete_rows
,,,,,,,<na>,,,,,,,1021,all important fields empty,remove_incomplete_rows
,,,,,,,<na>,,,,,,,1022,all important fields empty,remove_incomplete_rows
,,,,,,,<na>,,,,,,,1026,all important fields empty,remove_incomplete_rows
,,,,,,,<na>,,,,,,,1027,all important fields empty,remove_incomplete_rows
,,,,,,,<na>,,,,,,,1031,all important fields empty,remove_incomplete_rows
,,,,,,,<na>,,,,,,,1032,all important fields empty,remove_incomplete_rows
,,,,,,,<na>,,,,,,,1035,all important fields empty,remove_incomplete_rows
,,,,,,,<na>,,,,,,,1036,all important fields empty,remove_incomplete_rows
,,,,,,,<na>,,,,,,,1040,all important fields empty,remove_incomplete_rows
,,,,,,,<na>,,,,,,,1041,all important fields empty,remove_incomplete_rows
,,,,,,,<na>,,,,,,,1044,all important fields empty,remove_incomplete_rows
,,,,,,,<na>,,,,,,,1045,all important fields empty,remove_incomplete_rows
,,,,,,,<na>,,,,,,,1048,all important fields empty,remove_incomplete_rows
,,,,,,,<na>,,,,,,,1049,all important fields empty,remove_incomplete_rows
,,,,,,,<na>,,,,,,,1052,all important fields empty,remove_incomplete_rows
,,,,,,,<na>,,,,,,,1053,all important fields empty,remove_incomplete_rows
,,,,,,,<na>,,,,,,,1056,all important fields empty,remove_incomplete_rows
,,,,,,,<na>,,,,,,,1057,all important fields empty,remove_incomplete_rows
,,,,,,,<na>,,,,,,,1060,all important fields empty,remove_incomplete_rows
,,,,,,,<na>,,,,,,,1061,all important fields empty,remove_incomplete_rows
,,,,,,,<na>,,,,,,,1064,all important fields empty,remove_incomplete_rows
,,,,,,,<na>,,,,,,,1065,all important fields empty,remove_incomplete_rows
,,,,,,,<na>,,,,,,,1068,all important fields empty,remove_incomplete_rows
,,,,,,,<na>,,,,,,,1069,all important fields empty,remove_incomplete_rows
,,,,,,,<na>,,,,,,,1072,all important fields empty,remove_incomplete_rows
,,,,,,,<na>,,,,,,,1073,all important fields empty,remove_incomplete_rows
,,,,,,,<na>,,,,,,,1076,all important fields empty,remove_incomplete_rows
,,,,,,,<na>,,,,,,,1077,all important fields empty,remove_incomplete_rows
,,,,,,,<na>,,,,,,,1084,all important fields empty,remove_incomplete_rows
,,,,,,,<na>,,,,,,,1085,all important fields empty,remove_incomplete_rows
,,,,,,,<na>,,,,,,,1089,all important fields empty,remove_incomplete_rows
,,,,,,,<na>,,,,,,,1090,all important fields empty,remove_incomplete_rows
,,,,,,,<na>,,,,,,,1093,all important fields empty,remove_incomplete_rows
,,,,,,,<na>,,,,,,,1094,all important fields empty,remove_incomplete_rows
,,,,,,,<na>,,,,,,,1097,all important fields empty,remove_incomplete_rows
,,,,,,,<na>,,,,,,,1098,all important fields empty,remove_incomplete_rows
,,,,,,,<na>,,,,,,,1101,all important fields empty,remove_incomplete_rows
,,,,,,,<na>,,,,,,,1102,all important fields empty,remove_incomplete_rows
,,,,,,,<na>,,,,,,,1105,all important fields empty,remove_incomplete_rows
,,,,,,,<na>,,,,,,,1106,all important fields empty,remove_incomplete_rows
,,,,,,,<na>,,,,,,,1109,all important fields empty,remove_incomplete_rows
,,,,,,,<na>,,,,,,,1110,all important fields empty,remove_incomplete_rows
,,,,,,,<na>,,,,,,,1114,all important fields empty,remove_incomplete_rows
,,,,,,,<na>,,,,,,,1115,all important fields empty,remove_incomplete_rows
,,,,,,,<na>,,,,,,,1118,all important fields empty,remove_incomplete_rows
,,,,,,,<na>,,,,,,,1119,all important fields empty,remove_incomplete_rows
,,,,,,,<na>,,,,,,,1122,all important fields empty,remove_incomplete_rows
,,,,,,,<na>,,,,,,,1123,all important fields empty,remove_incomplete_rows
,,,,,,,<na>,,,,,,,1127,all important fields empty,remove_incomplete_rows
,,,,,,,<na>,,,,,,,1128,all important fields empty,remove_incomplete_rows
,,,,,,,<na>,,,,,,,1132,all important fields empty,remove_incomplete_rows
,,,,,,,<na>,,,,,,,1133,all important fields empty,remove_incomplete_rows
,,,,,,,<na>,,,,,,,1137,all important fields empty,remove_incomplete_rows
,,,,,,,<na>,,,,,,,1138,all important fields empty,remove_incomplete_rows
,,,,,,,<na>,,,,,,,1141,all important fields empty,remove_incomplete_rows
,,,,,,,<na>,,,,,,,1142,all important fields empty,remove_incomplete_rows
,,,,,,,<na>,,,,,,,1145,all important fields empty,remove_incomplete_rows
,,,,,,,<na>,,,,,,,1146,all important fields empty,remove_incomplete_rows
,,,,,,,<na>,,,,,,,1149,all important fields empty,remove_incomplete_rows
,,,,,,,<na>,,,,,,,1150,all important fields empty,remove_incomplete_rows
,,,,,,,<na>,,,,,,,1153,all important fields empty,remove_incomplete_rows
,,,,,,,<na>,,,,,,,1154,all important fields empty,remove_incomplete_rows
,,,,,,,<na>,,,,,,,1159,all important fields empty,remove_incomplete_rows
,,,,,,,<na>,,,,,,,1160,all important fields empty,remove_incomplete_rows
,,,,,,,<na>,,,,,,,1163,all important fields empty,remove_incomplete_rows
,,,,,,,<na>,,,,,,,1164,all important fields empty,remove_incomplete_rows
,,,,,,,<na>,,,,,,,1169,all important fields empty,remove_incomplete_rows
,,,,,,,<na>,,,,,,,1170,all important fields empty,remove_incomplete_rows
,,,,,,,<na>,,,,,,,1174,all important fields empty,remove_incomplete_rows
,,,,,,,<na>,,,,,,,1175,all important fields empty,remove_incomplete_rows
,,,,,,,<na>,,,,,,,1179,all important fields empty,remove_incomplete_rows
,,,,,,,<na>,,,,,,,1180,all important fields empty,remove_incomplete_rows
,,,,,,,<na>,,,,,,,1183,all important fields empty,remove_incomplete_rows
,,,,,,,<na>,,,,,,,1184,all important fields empty,remove_incomplete_rows
,,,,,,,<na>,,,,,,,1190,all important fields empty,remove_incomplete_rows
,,,,,,,<na>,,,,,,,1191,all important fields empty,remove_incomplete_rows
,,,,,,,<na>,,,,,,,1194,all important fields empty,remove_incomplete_rows
,,,,,,,<na>,,,,,,,1195,all important fields empty,remove_incomplete_rows
,,,,,,,<na>,,,,,,,1198,all important fields empty,remove_incomplete_rows
,,,,,,,<na>,,,,,,,1199,all important fields empty,remove_incomplete_rows
,,,,,,,<na>,,,,,,,1202,all important fields empty,remove_incomplete_rows
,,,,,,,<na>,,,,,,,1203,all important fields empty,remove_incomplete_rows
,,,,,,,<na>,,,,,,,1207,all important fields empty,remove_incomplete_rows
,,,,,,,<na>,,,,,,,1208,all important fields empty,remove_incomplete_rows
,,,,,,,<na>,,,,,,,1212,all important fields empty,remove_incomplete_rows
,,,,,,,<na>,,,,,,,1213,all important fields empty,remove_incomplete_rows
,,,,,,,<na>,,,,,,,1216,all important fields empty,remove_incomplete_rows
,,,,,,,<na>,,,,,,,1217,all important fields empty,remove_incomplete_rows
,,,,,,,<na>,,,,,,,1222,all important fields empty,remove_incomplete_rows
,,,,,,,<na>,,,,,,,1223,all important fields empty,remove_incomplete_rows
,,,,,,,<na>,,,,,,,1228,all important fields empty,remove_incomplete_rows
,,,,,,,<na>,,,,,,,1229,all important fields empty,remove_incomplete_rows
,,,,,,,<na>,,,,,,,1235,all important fields empty,remove_incomplete_rows
,,,,,,,<na>,,,,,,,1236,all important fields empty,remove_incomplete_rows
,,,,,,,<na>,,,,,,,1240,all important fields empty,remove_incomplete_rows
,,,,,,,<na>,,,,,,,1241,all important fields empty,remove_incomplete_rows
,,,,,,,<na>,,,,,,,1244,all important fields empty,remove_incomplete_rows
,,,,,,,<na>,,,,,,,1245,all important fields empty,remove_incomplete_rows
,,,,,,,<na>,,,,,,,1249,all important fields empty,remove_incomplete_rows
,,,,,,,<na>,,,,,,,1250,all important fields empty,remove_incomplete_rows
,,,,,,,<na>,,,,,,,1253,all important fields empty,remove_incomplete_rows
,,,,,,,<na>,,,,,,,1254,all important fields empty,remove_incomplete_rows
,,,,,,,<na>,,,,,,,1257,all important fields empty,remove_incomplete_rows
,,,,,,,<na>,,,,,,,1258,all important fields empty,remove_incomplete_rows
,,,,,,,<na>,,,,,,,1261,all important fields empty,remove_incomplete_rows
,,,,,,,<na>,,,,,,,1262,all important fields empty,remove_incomplete_rows
,,,,,,,<na>,,,,,,,1265,all important fields empty,remove_incomplete_rows
,,,,,,,<na>,,,,,,,1266,all important fields empty,remove_incomplete_rows
,,,,,,,<na>,,,,,,,1271,all important fields empty,remove_incomplete_rows
,,,,,,,<na>,,,,,,,1272,all important fields empty,remove_incomplete_rows
,,,,,,,<na>,,,,,,,1275,all important fields empty,remove_incomplete_rows
,,,,,,,<na>,,,,,,,1276,all important fields empty,remove_incomplete_rows
,,,,,,,<na>,,,,,,,1279,all important fields empty,remove_incomplete_rows
,,,,,,,<na>,,,,,,,1280,all important fields empty,remove_incomplete_rows
,,,,,,,<na>,,,,,,,1283,all important fields empty,remove_incomplete_rows
,,,,,,,<na>,,,,,,,1284,all important fields empty,remove_incomplete_rows
,,,,,,,<na>,,,,,,,1287,all important fields empty,remove_incomplete_rows
,,,,,,,<na>,,,,,,,1288,all important fields empty,remove_incomplete_rows
,,,,,,,<na>,,,,,,,1292,all important fields empty,remove_incomplete_rows
,,,,,,,<na>,,,,,,,1293,all important fields empty,remove_incomplete_rows
,,,,,,,<na>,,,,,,,1296,all important fields empty,remove_incomplete_rows
,,,,,,,<na>,,,,,,,1297,all important fields empty,remove_incomplete_rows
,,,,,,,<na>,,,,,,,1300,all important fields empty,remove_incomplete_rows
,,,,,,,<na>,,,,,,,1301,all important fields empty,remove_incomplete_rows
,,,,,,,<na>,,,,,,,1304,all important fields empty,remove_incomplete_rows
,,,,,,,<na>,,,,,,,1305,all important fields empty,remove_incomplete_rows
,,,,,,,<na>,,,,,,,1308,all important fields empty,remove_incomplete_rows
,,,,,,,<na>,,,,,,,1309,all important fields empty,remove_incomplete_rows
,,,,,,,<na>,,,,,,,1312,all important fields empty,remove_incomplete_rows
,,,,,,,<na>,,,,,,,1313,all important fields empty,remove_incomplete_rows
,,,,,,,<na>,,,,,,,1316,all important fields empty,remove_incomplete_rows
,,,,,,,<na>,,,,,,,1317,all important fields empty,remove_incomplete_rows
,,,,,,,<na>,,,,,,,1320,all important fields empty,remove_incomplete_rows
,,,,,,,<na>,,,,,,,1321,all important fields empty,remove_incomplete_rows
,,,,,,,<na>,,,,,,,1326,all important fields empty,remove_incomplete_rows
,,,,,,,<na>,,,,,,,1327,all important fields empty,remove_incomplete_rows
,,,,,,,<na>,,,,,,,1336,all important fields empty,remove_incomplete_rows
,,,,,,,<na>,,,,,,,1337,all important fields empty,remove_incomplete_rows
,,,,,,,<na>,,,,,,,1340,all important fields empty,remove_incomplete_rows
,,,,,,,<na>,,,,,,,1341,all important fields empty,remove_incomplete_rows
,,,,,,,<na>,,,,,,,1344,all important fields empty,remove_incomplete_rows
,,,,,,,<na>,,,,,,,1345,all important fields empty,remove_incomplete_rows
,,,,,,,<na>,,,,,,,1349,all important fields empty,remove_incomplete_rows
,,,,,,,<na>,,,,,,,1350,all important fields empty,remove_incomplete_rows
,,,,,,,<na>,,,,,,,1354,all important fields empty,remove_incomplete_rows
,,,,,,,<na>,,,,,,,1355,all important fields empty,remove_incomplete_rows
,,,,,,,<na>,,,,,,,1358,all important fields empty,remove_incomplete_rows
,,,,,,,<na>,,,,,,,1359,all important fields empty,remove_incomplete_rows
,,,,,,,<na>,,,,,,,1364,all important fields empty,remove_incomplete_rows
,,,,,,,<na>,,,,,,,1365,all important fields empty,remove_incomplete_rows
,,,,,,,<na>,,,,,,,1368,all important fields empty,remove_incomplete_rows
,,,,,,,<na>,,,,,,,1369,all important fields empty,remove_incomplete_rows
,,,,,,,<na>,,,,,,,1372,all important fields empty,remove_incomplete_rows
,,,,,,,<na>,,,,,,,1373,all important fields empty,remove_incomplete_rows
,,,,,,,<na>,,,,,,,1377,all important fields empty,remove_incomplete_rows
,,,,,,,<na>,,,,,,,1378,all important fields empty,remove_incomplete_rows
,,,,,,,<na>,,,,,,,1383,all important fields empty,remove_incomplete_rows
,,,,,,,<na>,,,,,,,1384,all important fields empty,remove_incomplete_rows
,,,,,,,<na>,,,,,,,1387,all important fields empty,remove_incomplete_rows
,,,,,,,<na>,,,,,,,1388,all important fields empty,remove_incomplete_rows
,,,,,,,<na>,,,,,,,1392,all important fields empty,remove_incomplete_rows
,,,,,,,<na>,,,,,,,1393,all important fields empty,remove_incomplete_rows
,,,,,,,<na>,,,,,,,1396,all important fields empty,remove_incomplete_rows
,,,,,,,<na>,,,,,,,1397,all important fields empty,remove_incomplete_rows
,,,,,,,<na>,,,,,,,1402,all important fields empty,remove_incomplete_rows
,,,,,,,<na>,,,,,,,1403,all important fields empty,remove_incomplete_rows
,,,,,,,<na>,,,,,,,1406,all important fields empty,remove_incomplete_rows
,,,,,,,<na>,,,,,,,1407,all important fields empty,remove_incomplete_rows
,,,,,,,<na>,,,,,,,1411,all important fields empty,remove_incomplete_rows
,,,,,,,<na>,,,,,,,1412,all important fields empty,remove_incomplete_rows
,,,,,,,<na>,,,,,,,1415,all important fields empty,remove_incomplete_rows
,,,,,,,<na>,,,,,,,1416,all important fields empty,remove_incomplete_rows
,,,,,,,<na>,,,,,,,1419,all important fields empty,remove_incomplete_rows
,,,,,,,<na>,,,,,,,1420,all important fields empty,remove_incomplete_rows
,,,,,,,<na>,,,,,,,1423,all important fields empty,remove_incomplete_rows
,,,,,,,<na>,,,,,,,1424,all important fields empty,remove_incomplete_rows
,,,,,,,<na>,,,,,,,1428,all important fields empty,remove_incomplete_rows
,,,,,,,<na>,,,,,,,1429,all important fields empty,remove_incomplete_rows
,,,,,,,<na>,,,,,,,1433,all important fields empty,remove_incomplete_rows
,,,,,,,<na>,,,,,,,1434,all important fields empty,remove_incomplete_rows
,,,,,,,<na>,,,,,,,1437,all important fields empty,remove_incomplete_rows
,,,,,,,<na>,,,,,,,1438,all important fields empty,remove_incomplete_rows
,,,,,,,<na>,,,,,,,1441,all important fields empty,remove_incomplete_rows
,,,,,,,<na>,,,,,,,1442,all important fields empty,remove_incomplete_rows
,,,,,,,<na>,,,,,,,1446,all important fields empty,remove_incomplete_rows
,,,,,,,<na>,,,,,,,1447,all important fields empty,remove_incomplete_rows
,,,,,,,<na>,,,,,,,1451,all important fields empty,remove_incomplete_rows
,,,,,,,<na>,,,,,,,1452,all important fields empty,remove_incomplete_rows
,,,,,,,<na>,,,,,,,1456,all important fields empty,remove_incomplete_rows
,,,,,,,<na>,,,,,,,1457,all important fields empty,remove_incomplete_rows
,,,,,,,<na>,,,,,,,1462,all important fields empty,remove_incomplete_rows
,,,,,,,<na>,,,,,,,1463,all important fields empty,remove_incomplete_rows
,,,,,,,<na>,,,,,,,1466,all important fields empty,remove_incomplete_rows
,,,,,,,<na>,,,,,,,1467,all important fields empty,remove_incomplete_rows
,,,,,,,<na>,,,,,,,1470,all important fields empty,remove_incomplete_rows
,,,,,,,<na>,,,,,,,1471,all important fields empty,remove_incomplete_rows
,,,,,,,<na>,,,,,,,1474,all important fields empty,remove_incomplete_rows
,,,,,,,<na>,,,,,,,1475,all important fields empty,remove_incomplete_rows
,,,,,,,<na>,,,,,,,1478,all important fields empty,remove_incomplete_rows
,,,,,,,<na>,,,,,,,1479,all important fields empty,remove_incomplete_rows
,,,,,,,<na>,,,,,,,1484,all important fields empty,remove_incomplete_rows
,,,,,,,<na>,,,,,,,1485,all important fields empty,remove_incomplete_rows
,,,,,,,<na>,,,,,,,1489,all important fields empty,remove_incomplete_rows
,,,,,,,<na>,,,,,,,1490,all important fields empty,remove_incomplete_rows
,,,,,,,<na>,,,,,,,1495,all important fields empty,remove_incomplete_rows
,,,,,,,<na>,,,,,,,1496,all important fields empty,remove_incomplete_rows
,,,,,,,<na>,,,,,,,1499,all important fields empty,remove_incomplete_rows
,,,,,,,<na>,,,,,,,1500,all important fields empty,remove_incomplete_rows
,,,,,,,<na>,,,,,,,1503,all important fields empty,remove_incomplete_rows
,,,,,,,<na>,,,,,,,1504,all important fields empty,remove_incomplete_rows
,,,,,,,<na>,,,,,,,1507,all important fields empty,remove_incomplete_rows
,,,,,,,<na>,,,,,,,1508,all important fields empty,remove_incomplete_rows
,,,,,,,<na>,,,,,,,1511,all important fields empty,remove_incomplete_rows
,,,,,,,<na>,,,,,,,1512,all important fields empty,remove_incomplete_rows
,,,,,,,<na>,,,,,,,1515,all important fields empty,remove_incomplete_rows
,,,,,,,<na>,,,,,,,1516,all important fields empty,remove_incomplete_rows
,,,,,,,<na>,,,,,,,1519,all important fields empty,remove_incomplete_rows
,,,,,,,<na>,,,,,,,1520,all important fields empty,remove_incomplete_rows
,,,,,,,<na>,,,,,,,1523,all important fields empty,remove_incomplete_rows
,,,,,,,<na>,,,,,,,1524,all important fields empty,remove_incomplete_rows
,,,,,,,<na>,,,,,,,1527,all important fields empty,remove_incomplete_rows
,,,,,,,<na>,,,,,,,1528,all important fields empty,remove_incomplete_rows
,,,,,,,<na>,,,,,,,1531,all important fields empty,remove_incomplete_rows
,,,,,,,<na>,,,,,,,1532,all important fields empty,remove_incomplete_rows
,,,,,,,<na>,,,,,,,1536,all important fields empty,remove_incomplete_rows
,,,,,,,<na>,,,,,,,1537,all important fields empty,remove_incomplete_rows
,,,,,,,<na>,,,,,,,1540,all important fields empty,remove_incomplete_rows
,,,,,,,<na>,,,,,,,1541,all important fields empty,remove_incomplete_rows
,,,,,,,<na>,,,,,,,1545,all important fields empty,remove_incomplete_rows
,,,,,,,<na>,,,,,,,1546,all important fields empty,remove_incomplete_rows
,,,,,,,<na>,,,,,,,1549,all important fields empty,remove_incomplete_rows
,,,,,,,<na>,,,,,,,1550,all important fields empty,remove_incomplete_rows
,,,,,,,<na>,,,,,,,1553,all important fields empty,remove_incomplete_rows
,,,,,,,<na>,,,,,,,1554,all important fields empty,remove_incomplete_rows
,,,,,,,<na>,,,,,,,1558,all important fields empty,remove_incomplete_rows
,,,,,,,<na>,,,,,,,1559,all important fields empty,remove_incomplete_rows
,,,,,,,<na>,,,,,,,1564,all important fields empty,remove_incomplete_rows
,,,,,,,<na>,,,,,,,1565,all important fields empty,remove_incomplete_rows
,,,,,,,<na>,,,,,,,1568,all important fields empty,remove_incomplete_rows
,,,,,,,<na>,,,,,,,1569,all important fields empty,remove_incomplete_rows
,,,,,,,<na>,,,,,,,1572,all important fields empty,remove_incomplete_rows
,,,,,,,<na>,,,,,,,1573,all important fields empty,remove_incomplete_rows
,,,,,,,<na>,,,,,,,1576,all important fields empty,remove_incomplete_rows
,,,,,,,<na>,,,,,,,1577,all important fields empty,remove_incomplete_rows
,,,,,,,<na>,,,,,,,1581,all important fields empty,remove_incomplete_rows
,,,,,,,<na>,,,,,,,1582,all important fields empty,remove_incomplete_rows
,,,,,,,<na>,,,,,,,1585,all important fields empty,remove_incomplete_rows
,,,,,,,<na>,,,,,,,1586,all important fields empty,remove_incomplete_rows
,,,,,,,<na>,,,,,,,1589,all important fields empty,remove_incomplete_rows
,,,,,,,<na>,,,,,,,1590,all important fields empty,remove_incomplete_rows
,,,,,,,<na>,,,,,,,1594,all important fields empty,remove_incomplete_rows
,,,,,,,<na>,,,,,,,1595,all important fields empty,remove_incomplete_rows
,,,,,,,<na>,,,,,,,1599,all important fields empty,remove_incomplete_rows
,,,,,,,<na>,,,,,,,1600,all important fields empty,remove_incomplete_rows
,,,,,,,<na>,,,,,,,1603,all important fields empty,remove_incomplete_rows
,,,,,,,<na>,,,,,,,1604,all important fields empty,remove_incomplete_rows
,,,,,,,<na>,,,,,,,1607,all important fields empty,remove_incomplete_rows
,,,,,,,<na>,,,,,,,1608,all important fields empty,remove_incomplete_rows
,,,,,,,<na>,,,,,,,1611,all important fields empty,remove_incomplete_rows
,,,,,,,<na>,,,,,,,1612,all important fields empty,remove_incomplete_rows
,,,,,,,<na>,,,,,,,1616,all important fields empty,remove_incomplete_rows
,,,,,,,<na>,,,,,,,1617,all important fields empty,remove_incomplete_rows
,,,,,,,<na>,,,,,,,1622,all important fields empty,remove_incomplete_rows
,,,,,,,<na>,,,,,,,1623,all important fields empty,remove_incomplete_rows
,,,,,,,<na>,,,,,,,1626,all important fields empty,remove_incomplete_rows
,,,,,,,<na>,,,,,,,1627,all important fields empty,remove_incomplete_rows
,,,,,,,<na>,,,,,,,1630,all important fields empty,remove_incomplete_rows
,,,,,,,<na>,,,,,,,1631,all important fields empty,remove_incomplete_rows
,,,,,,,<na>,,,,,,,1638,all important fields empty,remove_incomplete_rows
,,,,,,,<na>,,,,,,,1639,all important fields empty,remove_incomplete_rows
,,,,,,,<na>,,,,,,,1642,all important fields empty,remove_incomplete_rows
,,,,,,,<na>,,,,,,,1643,all important fields empty,remove_incomplete_rows
,,,,,,,<na>,,,,,,,1646,all important fields empty,remove_incomplete_rows
,,,,,,,<na>,,,,,,,1647,all important fields empty,remove_incomplete_rows
,,,,,,,<na>,,,,,,,1652,all important fields empty,remove_incomplete_rows
,,,,,,,<na>,,,,,,,1653,all important fields empty,remove_incomplete_rows
,,,,,,,<na>,,,,,,,1656,all important fields empty,remove_incomplete_rows
,,,,,,,<na>,,,,,,,1657,all important fields empty,remove_incomplete_rows
,,,,,,,<na>,,,,,,,1660,all important fields empty,remove_incomplete_rows
,,,,,,,<na>,,,,,,,1661,all important fields empty,remove_incomplete_rows
,,,,,,,<na>,,,,,,,1665,all important fields empty,remove_incomplete_rows
,,,,,,,<na>,,,,,,,1666,all important fields empty,remove_incomplete_rows
,,,,,,,<na>,,,,,,,1669,all important fields empty,remove_incomplete_rows
,,,,,,,<na>,,,,,,,1670,all important fields empty,remove_incomplete_rows
,,,,,,,<na>,,,,,,,1683,all important fields empty,remove_incomplete_rows
,,,,,,,<na>,,,,,,,1684,all important fields empty,remove_incomplete_rows
,,,,,,,<na>,,,,,,,1687,all important fields empty,remove_incomplete_rows
,,,,,,,<na>,,,,,,,1688,all important fields empty,remove_incomplete_rows
,,,,,,,<na>,,,,,,,1691,all important fields empty,remove_incomplete_rows
,,,,,,,<na>,,,,,,,1692,all important fields empty,remove_incomplete_rows
,,,,,,,<na>,,,,,,,1695,all important fields empty,remove_incomplete_rows
,,,,,,,<na>,,,,,,,1696,all important fields empty,remove_incomplete_rows
,,,,,,,<na>,,,,,,,1699,all important fields empty,remove_incomplete_rows
,,,,,,,<na>,,,,,,,1700,all important fields empty,remove_incomplete_rows
,,,,,,,<na>,,,,,,,1703,all important fields empty,remove_incomplete_rows
,,,,,,,<na>,,,,,,,1704,all important fields empty,remove_incomplete_rows
,,,,,,,<na>,,,,,,,1707,all important fields empty,remove_incomplete_rows
,,,,,,,<na>,,,,,,,1708,all important fields empty,remove_incomplete_rows
,,,,,,,<na>,,,,,,,1714,all important fields empty,remove_incomplete_rows
,,,,,,,<na>,,,,,,,1715,all important fields empty,remove_incomplete_rows
,,,,,,,<na>,,,,,,,1718,all important fields empty,remove_incomplete_rows
,,,,,,,<na>,,,,,,,1719,all important fields empty,remove_incomplete_rows
,,,,,,,<na>,,,,,,,1722,all important fields empty,remove_incomplete_rows
,,,,,,,<na>,,,,,,,1723,all important fields empty,remove_incomplete_rows
,,,,,,,<na>,,,,,,,1726,all important fields empty,remove_incomplete_rows
,,,,,,,<na>,,,,,,,1727,all important fields empty,remove_incomplete_rows
,,,,,,,<na>,,,,,,,1732,all important fields empty,remove_incomplete_rows
,,,,,,,<na>,,,,,,,1733,all important fields empty,remove_incomplete_rows
,,,,,,,<na>,,,,,,,1736,all important fields empty,remove_incomplete_rows
,,,,,,,<na>,,,,,,,1737,all important fields empty,remove_incomplete_rows
,,,,,,,<na>,,,,,,,1740,all important fields empty,remove_incomplete_rows
,,,,,,,<na>,,,,,,,1741,all important fields empty,remove_incomplete_rows
,,,,,,,<na>,,,,,,,1745,all important fields empty,remove_incomplete_rows
,,,,,,,<na>,,,,,,,1746,all important fields empty,remove_incomplete_rows
,,,,,,,<na>,,,,,,,1749,all important fields empty,remove_incomplete_rows
,,,,,,,<na>,,,,,,,1750,all important fields empty,remove_incomplete_rows
,,,,,,,<na>,,,,,,,1753,all important fields empty,remove_incomplete_rows
,,,,,,,<na>,,,,,,,1754,all important fields empty,remove_incomplete_rows
,,,,,,,<na>,,,,,,,1757,all important fields empty,remove_incomplete_rows
,,,,,,,<na>,,,,,,,1758,all important fields empty,remove_incomplete_rows
,,,,,,,<na>,,,,,,,1761,all important fields empty,remove_incomplete_rows
,,,,,,,<na>,,,,,,,1762,all important fields empty,remove_incomplete_rows
,,,,,,,<na>,,,,,,,1766,all important fields empty,remove_incomplete_rows
,,,,,,,<na>,,,,,,,1767,all important fields empty,remove_incomplete_rows
,,,,,,,<na>,,,,,,,1770,all important fields empty,remove_incomplete_rows
,,,,,,,<na>,,,,,,,1771,all important fields empty,remove_incomplete_rows
,,,,,,,<na>,,,,,,,1774,all important fields empty,remove_incomplete_rows
,,,,,,,<na>,,,,,,,1775,all important fields empty,remove_incomplete_rows
,,,,,,,<na>,,,,,,,1779,all important fields empty,remove_incomplete_rows
,,,,,,,<na>,,,,,,,1780,all important fields empty,remove_incomplete_rows
,,,,,,,<na>,,,,,,,1783,all important fields empty,remove_incomplete_rows
,,,,,,,<na>,,,,,,,1784,all important fields empty,remove_incomplete_rows
,,,,,,,<na>,,,,,,,1788,all important fields empty,remove_incomplete_rows
,,,,,,,<na>,,,,,,,1789,all important fields empty,remove_incomplete_rows
,,,,,,,<na>,,,,,,,1795,all important fields empty,remove_incomplete_rows
,,,,,,,<na>,,,,,,,1796,all important fields empty,remove_incomplete_rows
,,,,,,,<na>,,,,,,,1801,all important fields empty,remove_incomplete_rows
,,,,,,,<na>,,,,,,,1802,all important fields empty,remove_incomplete_rows
,,,,,,,<na>,,,,,,,1810,all important fields empty,remove_incomplete_rows
,,,,,,,<na>,,,,,,,1811,all important fields empty,remove_incomplete_rows
,,,,,,,<na>,,,,,,,1815,all important fields empty,remove_incomplete_rows
,,,,,,,<na>,,,,,,,1816,all important fields empty,remove_incomplete_rows
,,,,,,,<na>,,,,,,,1819,all important fields empty,remove_incomplete_rows
,,,,,,,<na>,,,,,,,1820,all important fields empty,remove_incomplete_rows
,,,,,,,<na>,,,,,,,1823,all important fields empty,remove_incomplete_rows
,,,,,,,<na>,,,,,,,1824,all important fields empty,remove_incomplete_rows
,,,,,,,<na>,,,,,,,1827,all important fields empty,remove_incomplete_rows
,,,,,,,<na>,,,,,,,1828,all important fields empty,remove_incomplete_rows
,,,,,,,<na>,,,,,,,1832,all important fields empty,remove_incomplete_rows
,,,,,,,<na>,,,,,,,1833,all important fields empty,remove_incomplete_rows
,,,,,,,<na>,,,,,,,1838,all important fields empty,remove_incomplete_rows
,,,,,,,<na>,,,,,,,1839,all important fields empty,remove_incomplete_rows
,,,,,,,<na>,,,,,,,1842,all important fields empty,remove_incomplete_rows
,,,,,,,<na>,,,,,,,1843,all important fields empty,remove_incomplete_rows
,,,,,,,<na>,,,,,,,1848,all important fields empty,remove_incomplete_rows
,,,,,,,<na>,,,,,,,1849,all important fields empty,remove_incomplete_rows
,,,,,,,<na>,,,,,,,1852,all important fields empty,remove_incomplete_rows
,,,,,,,<na>,,,,,,,1853,all important fields empty,remove_incomplete_rows
,,,,,,,<na>,,,,,,,1856,all important fields empty,remove_incomplete_rows
,,,,,,,<na>,,,,,,,1857,all important fields empty,remove_incomplete_rows
,,,,,,,<na>,,,,,,,1861,all important fields empty,remove_incomplete_rows
,,,,,,,<na>,,,,,,,1862,all important fields empty,remove_incomplete_rows
,,,,,,,<na>,,,,,,,1865,all important fields empty,remove_incomplete_rows
,,,,,,,<na>,,,,,,,1866,all important fields empty,remove_incomplete_rows
,,,,,,,<na>,,,,,,,1869,all important fields empty,remove_incomplete_rows
,,,,,,,<na>,,,,,,,1870,all important fields empty,remove_incomplete_rows
,,,,,,,<na>,,,,,,,1873,all important fields empty,remove_incomplete_rows
,,,,,,,<na>,,,,,,,1874,all important fields empty,remove_incomplete_rows
,,,,,,,<na>,,,,,,,1877,all important fields empty,remove_incomplete_rows
,,,,,,,<na>,,,,,,,1878,all important fields empty,remove_incomplete_rows
,,,,,,,<na>,,,,,,,1881,all important fields empty,remove_incomplete_rows
,,,,,,,<na>,,,,,,,1882,all important fields empty,remove_incomplete_rows
,,,,,,,<na>,,,,,,,1885,all important fields empty,remove_incomplete_rows
,,,,,,,<na>,,,,,,,1886,all important fields empty,remove_incomplete_rows
,,,,,,,<na>,,,,,,,1889,all important fields empty,remove_incomplete_rows
,,,,,,,<na>,,,,,,,1890,all important fields empty,remove_incomplete_rows
,,,,,,,<na>,,,,,,,1893,all important fields empty,remove_incomplete_rows
,,,,,,,<na>,,,,,,,1894,all important fields empty,remove_incomplete_rows
,,,,,,,<na>,,,,,,,1898,all important fields empty,remove_incomplete_rows
,,,,,,,<na>,,,,,,,1899,all important fields empty,remove_incomplete_rows
,,,,,,,<na>,,,,,,,1902,all important fields empty,remove_incomplete_rows
,,,,,,,<na>,,,,,,,1903,all important fields empty,remove_incomplete_rows
,,,,,,,<na>,,,,,,,1906,all important fields empty,remove_incomplete_rows
,,,,,,,<na>,,,,,,,1907,all important fields empty,remove_incomplete_rows
,,,,,,,<na>,,,,,,,1910,all important fields empty,remove_incomplete_rows
,,,,,,,<na>,,,,,,,1911,all important fields empty,remove_incomplete_rows
,,,,,,,<na>,,,,,,,1914,all important fields empty,remove_incomplete_rows
,,,,,,,<na>,,,,,,,1915,all important fields empty,remove_incomplete_rows
,,,,,,,<na>,,,,,,,1919,all important fields empty,remove_incomplete_rows
,,,,,,,<na>,,,,,,,1920,all important fields empty,remove_incomplete_rows
,,,,,,,<na>,,,,,,,1924,all important fields empty,remove_incomplete_rows
,,,,,,,<na>,,,,,,,1925,all important fields empty,remove_incomplete_rows
,,,,,,,<na>,,,,,,,1928,all important fields empty,remove_incomplete_rows
,,,,,,,<na>,,,,,,,1929,all important fields empty,remove_incomplete_rows
,,,,,,,<na>,,,,,,,1932,all important fields empty,remove_incomplete_rows
,,,,,,,<na>,,,,,,,1933,all important fields empty,remove_incomplete_rows
,,,,,,,<na>,,,,,,,1937,all important fields empty,remove_incomplete_rows
,,,,,,,<na>,,,,,,,1938,all important fields empty,remove_incomplete_rows
,,,,,,,<na>,,,,,,,1941,all important fields empty,remove_incomplete_rows
,,,,,,,<na>,,,,,,,1942,all important fields empty,remove_incomplete_rows
,,,,,,,<na>,,,,,,,1945,all important fields empty,remove_incomplete_rows
,,,,,,,<na>,,,,,,,1946,all important fields empty,remove_incomplete_rows
,,,,,,,<na>,,,,,,,1949,all important fields empty,remove_incomplete_rows
,,,,,,,<na>,,,,,,,1950,all important fields empty,remove_incomplete_rows
,,,,,,,<na>,,,,,,,1953,all important fields empty,remove_incomplete_rows
,,,,,,,<na>,,,,,,,1954,all important fields empty,remove_incomplete_rows
,,,,,,,<na>,,,,,,,1958,all important fields empty,remove_incomplete_rows
,,,,,,,<na>,,,,,,,1959,all important fields empty,remove_incomplete_rows
,,,,,,,<na>,,,,,,,1963,all important fields empty,remove_incomplete_rows
,,,,,,,<na>,,,,,,,1964,all important fields empty,remove_incomplete_rows
,,,,,,,<na>,,,,,,,1967,all important fields empty,remove_incomplete_rows
,,,,,,,<na>,,,,,,,1968,all important fields empty,remove_incomplete_rows
,,,,,,,<na>,,,,,,,1971,all important fields empty,remove_incomplete_rows
,,,,,,,<na>,,,,,,,1972,all important fields empty,remove_incomplete_rows
,,,,,,,<na>,,,,,,,1975,all important fields empty,remove_incomplete_rows
,,,,,,,<na>,,,,,,,1976,all important fields empty,remove_incomplete_rows
,,,,,,,<na>,,,,,,,1979,all important fields empty,remove_incomplete_rows
,,,,,,,<na>,,,,,,,1980,all important fields empty,remove_incomplete_rows
,,,,,,,<na>,,,,,,,1983,all important fields empty,remove_incomplete_rows
,,,,,,,<na>,,,,,,,1984,all important fields empty,remove_incomplete_rows
,,,,,,,<na>,,,,,,,1987,all important fields empty,remove_incomplete_rows
,,,,,,,<na>,,,,,,,1988,all important fields empty,remove_incomplete_rows
,,,,,,,<na>,,,,,,,1992,all important fields empty,remove_incomplete_rows
,,,,,,,<na>,,,,,,,1993,all important fields empty,remove_incomplete_rows
,,,,,,,<na>,,,,,,,2000,all important fields empty,remove_incomplete_rows
,,,,,,,<na>,,,,,,,2001,all important fields empty,remove_incomplete_rows
,,,,,,,<na>,,,,,,,2005,all important fields empty,remove_incomplete_rows
,,,,,,,<na>,,,,,,,2006,all important fields empty,remove_incomplete_rows
,,,,,,,<na>,,,,,,,2011,all important fields empty,remove_incomplete_rows
,,,,,,,<na>,,,,,,,2012,all important fields empty,remove_incomplete_rows
,,,,,,,<na>,,,,,,,2015,all important fields empty,remove_incomplete_rows
,,,,,,,<na>,,,,,,,2016,all important fields empty,remove_incomplete_rows
,,,,,2020-01-01,,<na>,,,,,,,2020,all important fields empty,remove_incomplete_rows
,,,,,2021-01-01,,<na>,,,,,,,2021,all important fields empty,remove_incomplete_rows
,,,,,2024-01-01,,<na>,,,,,,,2024,all important fields empty,remove_incomplete_rows
,,,,,2025-01-01,,<na>,,,,,,,2025,all important fields empty,remove_incomplete_rows
,,,,,2028-01-01,,<na>,,,,,,,2028,all important fields empty,remove_incomplete_rows
,,,,,2029-01-01,,<na>,,,,,,,2029,all important fields empty,remove_incomplete_rows
,,,,,2032-01-01,,<na>,,,,,,,2032,all important fields empty,remove_incomplete_rows
,,,,,2033-01-01,,<na>,,,,,,,2033,all important fields empty,remove_incomplete_rows
,,,,,2039-01-01,,<na>,,,,,,,2039,all important fields empty,remove_incomplete_rows
,,,,,2040-01-01,,<na>,,,,,,,2040,all important fields empty,remove_incomplete_rows
,,,,,2043-01-01,,<na>,,,,,,,2043,all important fields empty,remove_incomplete_rows
,,,,,2044-01-01,,<na>,,,,,,,2044,all important fields empty,remove_incomplete_rows
,,,,,,,<na>,,,,,,,2047,all important fields empty,remove_incomplete_rows
,,,,,,,<na>,,,,,,,2048,all important fields empty,remove_incomplete_rows
,,,,,,,<na>,,,,,,,2051,all important fields empty,remove_incomplete_rows
,,,,,,,<na>,,,,,,,2052,all important fields empty,remove_incomplete_rows
,,,,,,,<na>,,,,,,,2055,all important fields empty,remove_incomplete_rows
,,,,,,,<na>,,,,,,,2056,all important fields empty,remove_incomplete_rows
,,,,,,,<na>,,,,,,,2059,all important fields empty,remove_incomplete_rows
,,,,,,,<na>,,,,,,,2060,all important fields empty,remove_incomplete_rows
,,,,,,,<na>,,,,,,,2064,all important fields empty,remove_incomplete_rows
,,,,,,,<na>,,,,,,,2065,all important fields empty,remove_incomplete_rows
,,,,,,,<na>,,,,,,,2069,all important fields empty,remove_incomplete_rows
,,,,,,,<na>,,,,,,,2070,all important fields empty,remove_incomplete_rows
,,,,,,,<na>,,,,,,,2073,all important fields empty,remove_incomplete_rows
,,,,,,,<na>,,,,,,,2074,all important fields empty,remove_incomplete_rows
,,,,,,,<na>,,,,,,,2077,all important fields empty,remove_incomplete_rows
,,,,,,,<na>,,,,,,,2078,all important fields empty,remove_incomplete_rows
,,,,,,,<na>,,,,,,,2082,all important fields empty,remove_incomplete_rows
,,,,,,,<na>,,,,,,,2083,all important fields empty,remove_incomplete_rows
,,,,,,,<na>,,,,,,,2087,all important fields empty,remove_incomplete_rows
,,,,,,,<na>,,,,,,,2088,all important fields empty,remove_incomplete_rows
,,,,,,,<na>,,,,,,,2092,all important fields empty,remove_incomplete_rows
,,,,,,,<na>,,,,,,,2093,all important fields empty,remove_incomplete_rows
,,,,,,,<na>,,,,,,,2099,all important fields empty,remove_incomplete_rows
,,,,,,,<na>,,,,,,,2100,all important fields empty,remove_incomplete_rows
,,,,,,,<na>,,,,,,,2103,all important fields empty,remove_incomplete_rows
,,,,,,,<na>,,,,,,,2104,all important fields empty,remove_incomplete_rows
,,,,,,,<na>,,,,,,,2107,all important fields empty,remove_incomplete_rows
,,,,,,,<na>,,,,,,,2108,all important fields empty,remove_incomplete_rows
,,,,,,,<na>,,,,,,,2113,all important fields empty,remove_incomplete_rows
,,,,,,,<na>,,,,,,,2114,all important fields empty,remove_incomplete_rows
,,,,,,,<na>,,,,,,,2118,all important fields empty,remove_incomplete_rows
,,,,,,,<na>,,,,,,,2119,all important fields empty,remove_incomplete_rows
,,,,,,,<na>,,,,,,,2122,all important fields empty,remove_incomplete_rows
,,,,,,,<na>,,,,,,,2123,all important fields empty,remove_incomplete_rows
,,,,,,,<na>,,,,,,,2126,all important fields empty,remove_incomplete_rows
,,,,,,,<na>,,,,,,,2127,all important fields empty,remove_incomplete_rows
,,,,,,,<na>,,,,,,,2130,all important fields empty,remove_incomplete_rows
,,,,,,,<na>,,,,,,,2131,all important fields empty,remove_incomplete_rows
,,,,,,,<na>,,,,,,,2137,all important fields empty,remove_incomplete_rows
,,,,,,,<na>,,,,,,,2138,all important fields empty,remove_incomplete_rows
,,,,,,,<na>,,,,,,,2141,all important fields empty,remove_incomplete_rows
,,,,,,,<na>,,,,,,,2142,all important fields empty,remove_incomplete_rows
,,,,,,,<na>,,,,,,,2148,all important fields empty,remove_incomplete_rows
,,,,,,,<na>,,,,,,,2149,all important fields empty,remove_incomplete_rows
,,,,,,,<na>,,,,,,,2152,all important fields empty,remove_incomplete_rows
,,,,,,,<na>,,,,,,,2153,all important fields empty,remove_incomplete_rows
,,,,,,,<na>,,,,,,,2156,all important fields empty,remove_incomplete_rows
,,,,,,,<na>,,,,,,,2157,all important fields empty,remove_incomplete_rows
,,,,,,,<na>,,,,,,,2163,all important fields empty,remove_incomplete_rows
,,,,,,,<na>,,,,,,,2164,all important fields empty,remove_incomplete_rows
,,,,,,,<na>,,,,,,,2169,all important fields empty,remove_incomplete_rows
,,,,,,,<na>,,,,,,,2170,all important fields empty,remove_incomplete_rows
,,,,,,,<na>,,,,,,,2176,all important fields empty,remove_incomplete_rows
,,,,,,,<na>,,,,,,,2177,all important fields empty,remove_incomplete_rows
,,,,,,,<na>,,,,,,,2181,all important fields empty,remove_incomplete_rows
,,,,,,,<na>,,,,,,,2182,all important fields empty,remove_incomplete_rows
,,,,,,,<na>,,,,,,,2185,all important fields empty,remove_incomplete_rows
,,,,,,,<na>,,,,,,,2186,all important fields empty,remove_incomplete_rows
,,,,,,,<na>,,,,,,,2189,all important fields empty,remove_incomplete_rows
,,,,,,,<na>,,,,,,,2190,all important fields empty,remove_incomplete_rows
,,,,,,,<na>,,,,,,,2193,all important fields empty,remove_incomplete_rows
,,,,,,,<na>,,,,,,,2194,all important fields empty,remove_incomplete_rows
,,,,,,,<na>,,,,,,,2197,all important fields empty,remove_incomplete_rows
,,,,,,,<na>,,,,,,,2198,all important fields empty,remove_incomplete_rows
,,,,,,,<na>,,,,,,,2201,all important fields empty,remove_incomplete_rows
,,,,,,,<na>,,,,,,,2202,all important fields empty,remove_incomplete_rows
,,,,,,,<na>,,,,,,,2205,all important fields empty,remove_incomplete_rows
,,,,,,,<na>,,,,,,,2206,all important fields empty,remove_incomplete_rows
,,,,,,,<na>,,,,,,,2211,all important fields empty,remove_incomplete_rows
,,,,,,,<na>,,,,,,,2212,all important fields empty,remove_incomplete_rows
,,,,,,,<na>,,,,,,,2216,all important fields empty,remove_incomplete_rows
,,,,,,,<na>,,,,,,,2217,all important fields empty,remove_incomplete_rows
,,,,,,,<na>,,,,,,,2220,all important fields empty,remove_incomplete_rows
,,,,,,,<na>,,,,,,,2221,all important fields empty,remove_incomplete_rows
,,,,,,,<na>,,,,,,,2224,all important fields empty,remove_incomplete_rows
,,,,,,,<na>,,,,,,,2225,all important fields empty,remove_incomplete_rows
,,,,,,,<na>,,,,,,,2228,all important fields empty,remove_incomplete_rows
,,,,,,,<na>,,,,,,,2229,all important fields empty,remove_incomplete_rows
,,,,,,,<na>,,,,,,,2232,all important fields empty,remove_incomplete_rows
,,,,,,,<na>,,,,,,,2233,all important fields empty,remove_incomplete_rows
,,,,,,,<na>,,,,,,,2237,all important fields empty,remove_incomplete_rows
,,,,,,,<na>,,,,,,,2238,all important fields empty,remove_incomplete_rows
,,,,,,,<na>,,,,,,,2241,all important fields empty,remove_incomplete_rows
,,,,,,,<na>,,,,,,,2242,all important fields empty,remove_incomplete_rows
,,,,,,,<na>,,,,,,,2245,all important fields empty,remove_incomplete_rows
,,,,,,,<na>,,,,,,,2246,all important fields empty,remove_incomplete_rows
,,,,,,,<na>,,,,,,,2249,all important fields empty,remove_incomplete_rows
,,,,,,,<na>,,,,,,,2250,all important fields empty,remove_incomplete_rows
,,,,,,,<na>,,,,,,,2253,all important fields empty,remove_incomplete_rows
,,,,,,,<na>,,,,,,,2254,all important fields empty,remove_incomplete_rows
,,,,,,,<na>,,,,,,,2258,all important fields empty,remove_incomplete_rows
,,,,,,,<na>,,,,,,,2259,all important fields empty,remove_incomplete_rows
,,,,,,,<na>,,,,,,,2262,all important fields empty,remove_incomplete_rows
,,,,,,,<na>,,,,,,,2263,all important fields empty,remove_incomplete_rows
,,,,,,,<na>,,,,,,,2269,all important fields empty,remove_incomplete_rows
,,,,,,,<na>,,,,,,,2270,all important fields empty,remove_incomplete_rows
,,,,,,,<na>,,,,,,,2273,all important fields empty,remove_incomplete_rows
,,,,,,,<na>,,,,,,,2274,all important fields empty,remove_incomplete_rows
,,,,,,,<na>,,,,,,,2277,all important fields empty,remove_incomplete_rows
,,,,,,,<na>,,,,,,,2278,all important fields empty,remove_incomplete_rows
,,,,,,,<na>,,,,,,,2281,all important fields empty,remove_incomplete_rows
,,,,,,,<na>,,,,,,,2282,all important fields empty,remove_incomplete_rows
,,,,,,,<na>,,,,,,,2285,all important fields empty,remove_incomplete_rows
,,,,,,,<na>,,,,,,,2286,all important fields empty,remove_incomplete_rows
,,,,,,,<na>,,,,,,,2289,all important fields empty,remove_incomplete_rows
,,,,,,,<na>,,,,,,,2290,all important fields empty,remove_incomplete_rows
,,,,,,,<na>,,,,,,,2294,all important fields empty,remove_incomplete_rows
,,,,,,,<na>,,,,,,,2295,all important fields empty,remove_incomplete_rows
,,,,,,,<na>,,,,,,,2299,all important fields empty,remove_incomplete_rows
,,,,,,,<na>,,,,,,,2300,all important fields empty,remove_incomplete_rows
,,,,,,,<na>,,,,,,,2305,all important fields empty,remove_incomplete_rows
,,,,,,,<na>,,,,,,,2306,all important fields empty,remove_incomplete_rows
,,,,,,,<na>,,,,,,,2310,all important fields empty,remove_incomplete_rows
,,,,,,,<na>,,,,,,,2311,all important fields empty,remove_incomplete_rows
,,,,,,,<na>,,,,,,,2314,all important fields empty,remove_incomplete_rows
,,,,,,,<na>,,,,,,,2315,all important fields empty,remove_incomplete_rows
,,,,,,,<na>,,,,,,,2318,all important fields empty,remove_incomplete_rows
,,,,,,,<na>,,,,,,,2319,all important fields empty,remove_incomplete_rows
,,,,,,,<na>,,,,,,,2323,all important fields empty,remove_incomplete_rows
,,,,,,,<na>,,,,,,,2324,all important fields empty,remove_incomplete_rows
,,,,,,,<na>,,,,,,,2327,all important fields empty,remove_incomplete_rows
,,,,,,,<na>,,,,,,,2328,all important fields empty,remove_incomplete_rows
,,,,,,,<na>,,,,,,,2332,all important fields empty,remove_incomplete_rows
,,,,,,,<na>,,,,,,,2333,all important fields empty,remove_incomplete_rows
,,,,,,,<na>,,,,,,,2338,all important fields empty,remove_incomplete_rows
,,,,,,,<na>,,,,,,,2339,all important fields empty,remove_incomplete_rows
,,,,,,,<na>,,,,,,,2342,all important fields empty,remove_incomplete_rows
,,,,,,,<na>,,,,,,,2343,all important fields empty,remove_incomplete_rows
,,,,,,,<na>,,,,,,,2351,all important fields empty,remove_incomplete_rows
,,,,,,,<na>,,,,,,,2352,all important fields empty,remove_incomplete_rows
,,,,,,,<na>,,,,,,,2355,all important fields empty,remove_incomplete_rows
,,,,,,,<na>,,,,,,,2356,all important fields empty,remove_incomplete_rows
,,,,,,,<na>,,,,,,,2359,all important fields empty,remove_incomplete_rows
,,,,,,,<na>,,,,,,,2360,all important fields empty,remove_incomplete_rows
,,,,,,,<na>,,,,,,,2363,all important fields empty,remove_incomplete_rows
,,,,,,,<na>,,,,,,,2364,all important fields empty,remove_incomplete_rows
,,,,,,,<na>,,,,,,,2367,all important fields empty,remove_incomplete_rows
,,,,,,,<na>,,,,,,,2368,all important fields empty,remove_incomplete_rows
,,,,,,,<na>,,,,,,,2373,all important fields empty,remove_incomplete_rows
,,,,,,,<na>,,,,,,,2374,all important fields empty,remove_incomplete_rows
,,,,,,,<na>,,,,,,,2379,all important fields empty,remove_incomplete_rows
,,,,,,,<na>,,,,,,,2380,all important fields empty,remove_incomplete_rows
,,,,,,,<na>,,,,,,,2383,all important fields empty,remove_incomplete_rows
,,,,,,,<na>,,,,,,,2384,all important fields empty,remove_incomplete_rows
,,,,,,,<na>,,,,,,,2387,all important fields empty,remove_incomplete_rows
,,,,,,,<na>,,,,,,,2388,all important fields empty,remove_incomplete_rows
,,,,,,,<na>,,,,,,,2391,all important fields empty,remove_incomplete_rows
,,,,,,,<na>,,,,,,,2392,all important fields empty,remove_incomplete_rows
,,,,,,,<na>,,,,,,,2396,all important fields empty,remove_incomplete_rows
,,,,,,,<na>,,,,,,,2397,all important fields empty,remove_incomplete_rows
,,,,,,,<na>,,,,,,,2401,all important fields empty,remove_incomplete_rows
,,,,,,,<na>,,,,,,,2402,all important fields empty,remove_incomplete_rows
,,,,,,,<na>,,,,,,,2405,all important fields empty,remove_incomplete_rows
,,,,,,,<na>,,,,,,,2406,all important fields empty,remove_incomplete_rows
,,,,,,,<na>,,,,,,,2410,all important fields empty,remove_incomplete_rows
,,,,,,,<na>,,,,,,,2411,all important fields empty,remove_incomplete_rows
,,,,,,,<na>,,,,,,,2415,all important fields empty,remove_incomplete_rows
,,,,,,,<na>,,,,,,,2416,all important fields empty,remove_incomplete_rows
,,,,,,,<na>,,,,,,,2420,all important fields empty,remove_incomplete_rows
,,,,,,,<na>,,,,,,,2421,all important fields empty,remove_incomplete_rows
,,,,,,,<na>,,,,,,,2425,all important fields empty,remove_incomplete_rows
,,,,,,,<na>,,,,,,,2426,all important fields empty,remove_incomplete_rows
,,,,,,,<na>,,,,,,,2429,all important fields empty,remove_incomplete_rows
,,,,,,,<na>,,,,,,,2430,all important fields empty,remove_incomplete_rows
,,,,,,,<na>,,,,,,,2434,all important fields empty,remove_incomplete_rows
,,,,,,,<na>,,,,,,,2435,all important fields empty,remove_incomplete_rows
,,,,,,,<na>,,,,,,,2440,all important fields empty,remove_incomplete_rows
,,,,,,,<na>,,,,,,,2441,all important fields empty,remove_incomplete_rows
,,,,,,,<na>,,,,,,,2444,all important fields empty,remove_incomplete_rows
,,,,,,,<na>,,,,,,,2445,all important fields empty,remove_incomplete_rows
,,,,,,,<na>,,,,,,,2448,all important fields empty,remove_incomplete_rows
,,,,,,,<na>,,,,,,,2449,all important fields empty,remove_incomplete_rows
,,,,,,,<na>,,,,,,,2453,all important fields empty,remove_incomplete_rows
,,,,,,,<na>,,,,,,,2454,all important fields empty,remove_incomplete_rows
,,,,,,,<na>,,,,,,,2457,all important fields empty,remove_incomplete_rows
,,,,,,,<na>,,,,,,,2458,all important fields empty,remove_incomplete_rows
,,,,,,,<na>,,,,,,,2466,all important fields empty,remove_incomplete_rows
,,,,,,,<na>,,,,,,,2467,all important fields empty,remove_incomplete_rows
,,,,,,,<na>,,,,,,,2470,all important fields empty,remove_incomplete_rows
,,,,,,,<na>,,,,,,,2471,all important fields empty,remove_incomplete_rows
,,,,,,,<na>,,,,,,,2475,all important fields empty,remove_incomplete_rows
,,,,,,,<na>,,,,,,,2476,all important fields empty,remove_incomplete_rows
,,,,,,,<na>,,,,,,,2480,all important fields empty,remove_incomplete_rows
,,,,,,,<na>,,,,,,,2481,all important fields empty,remove_incomplete_rows
,,,,,,,<na>,,,,,,,2485,all important fields empty,remove_incomplete_rows
,,,,,,,<na>,,,,,,,2486,all important fields empty,remove_incomplete_rows
,,,,,,,<na>,,,,,,,2492,all important fields empty,remove_incomplete_rows
,,,,,,,<na>,,,,,,,2493,all important fields empty,remove_incomplete_rows
,,,,,,,<na>,,,,,,,2497,all important fields empty,remove_incomplete_rows
,,,,,,,<na>,,,,,,,2498,all important fields empty,remove_incomplete_rows
,,,,,,,<na>,,,,,,,2501,all important fields empty,remove_incomplete_rows
,,,,,,,<na>,,,,,,,2502,all important fields empty,remove_incomplete_rows
,,,,,,,<na>,,,,,,,2505,all important fields empty,remove_incomplete_rows
,,,,,,,<na>,,,,,,,2506,all important fields empty,remove_incomplete_rows
,,,,,,,<na>,,,,,,,2510,all important fields empty,remove_incomplete_rows
,,,,,,,<na>,,,,,,,2511,all important fields empty,remove_incomplete_rows
,,,,,,,<na>,,,,,,,2518,all important fields empty,remove_incomplete_rows
,,,,,,,<na>,,,,,,,2519,all important fields empty,remove_incomplete_rows
,,,,,,,<na>,,,,,,,2522,all important fields empty,remove_incomplete_rows
,,,,,,,<na>,,,,,,,2523,all important fields empty,remove_incomplete_rows
,,,,,,,<na>,,,,,,,2526,all important fields empty,remove_incomplete_rows
,,,,,,,<na>,,,,,,,2527,all important fields empty,remove_incomplete_rows
,,,,,,,<na>,,,,,,,2530,all important fields empty,remove_incomplete_rows
,,,,,,,<na>,,,,,,,2531,all important fields empty,remove_incomplete_rows
,,,,,,,<na>,,,,,,,2535,all important fields empty,remove_incomplete_rows
,,,,,,,<na>,,,,,,,2536,all important fields empty,remove_incomplete_rows
,,,,,,,<na>,,,,,,,2539,all important fields empty,remove_incomplete_rows
,,,,,,,<na>,,,,,,,2540,all important fields empty,remove_incomplete_rows
,,,,,,,<na>,,,,,,,2544,all important fields empty,remove_incomplete_rows
,,,,,,,<na>,,,,,,,2545,all important fields empty,remove_incomplete_rows
,,,,,,,<na>,,,,,,,2548,all important fields empty,remove_incomplete_rows
,,,,,,,<na>,,,,,,,2549,all important fields empty,remove_incomplete_rows
,,,,,,,<na>,,,,,,,2552,all important fields empty,remove_incomplete_rows
,,,,,,,<na>,,,,,,,2553,all important fields empty,remove_incomplete_rows
,,,,,,,<na>,,,,,,,2556,all important fields empty,remove_incomplete_rows
,,,,,,,<na>,,,,,,,2557,all important fields empty,remove_incomplete_rows
,,,,,,,<na>,,,,,,,2561,all important fields empty,remove_incomplete_rows
,,,,,,,<na>,,,,,,,2562,all important fields empty,remove_incomplete_rows
,,,,,,,<na>,,,,,,,2566,all important fields empty,remove_incomplete_rows
,,,,,,,<na>,,,,,,,2567,all important fields empty,remove_incomplete_rows
,,,,,,,<na>,,,,,,,2571,all important fields empty,remove_incomplete_rows
,,,,,,,<na>,,,,,,,2572,all important fields empty,remove_incomplete_rows
,,,,,,,<na>,,,,,,,2578,all important fields empty,remove_incomplete_rows
,,,,,,,<na>,,,,,,,2579,all important fields empty,remove_incomplete_rows
,,,,,,,<na>,,,,,,,2583,all important fields empty,remove_incomplete_rows
,,,,,,,<na>,,,,,,,2584,all important fields empty,remove_incomplete_rows
,,,,,,,<na>,,,,,,,2588,all important fields empty,remove_incomplete_rows
,,,,,,,<na>,,,,,,,2589,all important fields empty,remove_incomplete_rows
,,,,,,,<na>,,,,,,,2592,all important fields empty,remove_incomplete_rows
,,,,,,,<na>,,,,,,,2593,all important fields empty,remove_incomplete_rows
,,,,,,,<na>,,,,,,,2597,all important fields empty,remove_incomplete_rows
,,,,,,,<na>,,,,,,,2598,all important fields empty,remove_incomplete_rows
,,,,,,,<na>,,,,,,,2601,all important fields empty,remove_incomplete_rows
,,,,,,,<na>,,,,,,,2602,all important fields empty,remove_incomplete_rows
,,,,,,,<na>,,,,,,,2606,all important fields empty,remove_incomplete_rows
,,,,,,,<na>,,,,,,,2607,all important fields empty,remove_incomplete_rows
,,,,,,,<na>,,,,,,,2610,all important fields empty,remove_incomplete_rows
,,,,,,,<na>,,,,,,,2611,all important fields empty,remove_incomplete_rows
,,,,,,,<na>,,,,,,,2615,all important fields empty,remove_incomplete_rows
,,,,,,,<na>,,,,,,,2616,all important fields empty,remove_incomplete_rows
,,,,,,,<na>,,,,,,,2619,all important fields empty,remove_incomplete_rows
,,,,,,,<na>,,,,,,,2620,all important fields empty,remove_incomplete_rows
,,,,,,,<na>,,,,,,,2624,all important fields empty,remove_incomplete_rows
,,,,,,,<na>,,,,,,,2625,all important fields empty,remove_incomplete_rows
,,,,,,,<na>,,,,,,,2628,all important fields empty,remove_incomplete_rows
,,,,,,,<na>,,,,,,,2629,all important fields empty,remove_incomplete_rows
,,,,,,,<na>,,,,,,,2632,all important fields empty,remove_incomplete_rows
,,,,,,,<na>,,,,,,,2633,all important fields empty,remove_incomplete_rows
,,,,,,,<na>,,,,,,,2636,all important fields empty,remove_incomplete_rows
,,,,,,,<na>,,,,,,,2637,all important fields empty,remove_incomplete_rows
,,,,,,,<na>,,,,,,,2641,all important fields empty,remove_incomplete_rows
,,,,,,,<na>,,,,,,,2642,all important fields empty,remove_incomplete_rows
,,,,,,,<na>,,,,,,,2645,all important fields empty,remove_incomplete_rows
,,,,,,,<na>,,,,,,,2646,all important fields empty,remove_incomplete_rows
,,,,,,,<na>,,,,,,,2649,all important fields empty,remove_incomplete_rows
,,,,,,,<na>,,,,,,,2650,all important fields empty,remove_incomplete_rows
,,,,,,,<na>,,,,,,,2655,all important fields empty,remove_incomplete_rows
,,,,,,,<na>,,,,,,,2656,all important fields empty,remove_incomplete_rows
,,,,,,,<na>,,,,,,,2659,all important fields empty,remove_incomplete_rows
,,,,,,,<na>,,,,,,,2660,all important fields empty,remove_incomplete_rows
,,,,,,,<na>,,,,,,,2667,all important fields empty,remove_incomplete_rows
,,,,,,,<na>,,,,,,,2668,all important fields empty,remove_incomplete_rows
,,,,,,,<na>,,,,,,,2671,all important fields empty,remove_incomplete_rows
,,,,,,,<na>,,,,,,,2672,all important fields empty,remove_incomplete_rows
,,,,,,,<na>,,,,,,,2680,all important fields empty,remove_incomplete_rows
,,,,,,,<na>,,,,,,,2681,all important fields empty,remove_incomplete_rows
,,,,,,,<na>,,,,,,,2684,all important fields empty,remove_incomplete_rows
,,,,,,,<na>,,,,,,,2685,all important fields empty,remove_incomplete_rows
,,,,,,,<na>,,,,,,,2688,all important fields empty,remove_incomplete_rows
,,,,,,,<na>,,,,,,,2689,all important fields empty,remove_incomplete_rows
,,,,,,,<na>,,,,,,,2694,all important fields empty,remove_incomplete_rows
,,,,,,,<na>,,,,,,,2695,all important fields empty,remove_incomplete_rows
,,,,,,,<na>,,,,,,,2700,all important fields empty,remove_incomplete_rows
,,,,,,,<na>,,,,,,,2701,all important fields empty,remove_incomplete_rows
,,,,,,,<na>,,,,,,,2706,all important fields empty,remove_incomplete_rows
,,,,,,,<na>,,,,,,,2707,all important fields empty,remove_incomplete_rows
,,,,,,,<na>,,,,,,,2711,all important fields empty,remove_incomplete_rows
,,,,,,,<na>,,,,,,,2712,all important fields empty,remove_incomplete_rows
,,,,,,,<na>,,,,,,,2716,all important fields empty,remove_incomplete_rows
,,,,,,,<na>,,,,,,,2717,all important fields empty,remove_incomplete_rows
,,,,,,,<na>,,,,,,,2720,all important fields empty,remove_incomplete_rows
,,,,,,,<na>,,,,,,,2721,all important fields empty,remove_incomplete_rows
,,,,,,,<na>,,,,,,,2724,all important fields empty,remove_incomplete_rows
,,,,,,,<na>,,,,,,,2725,all important fields empty,remove_incomplete_rows
,,,,,,,<na>,,,,,,,2731,all important fields empty,remove_incomplete_rows
,,,,,,,<na>,,,,,,,2732,all important fields empty,remove_incomplete_rows
,,,,,,,<na>,,,,,,,2735,all important fields empty,remove_incomplete_rows
,,,,,,,<na>,,,,,,,2736,all important fields empty,remove_incomplete_rows
,,,,,,,<na>,,,,,,,2739,all important fields empty,remove_incomplete_rows
,,,,,,,<na>,,,,,,,2740,all important fields empty,remove_incomplete_rows
,,,,,,,<na>,,,,,,,2743,all important fields empty,remove_incomplete_rows
,,,,,,,<na>,,,,,,,2744,all important fields empty,remove_incomplete_rows
,,,,,,,<na>,,,,,,,2748,all important fields empty,remove_incomplete_rows
,,,,,,,<na>,,,,,,,2749,all important fields empty,remove_incomplete_rows
,,,,,,,<na>,,,,,,,2752,all important fields empty,remove_incomplete_rows
,,,,,,,<na>,,,,,,,2753,all important fields empty,remove_incomplete_rows
,,,,,,,<na>,,,,,,,2756,all important fields empty,remove_incomplete_rows
,,,,,,,<na>,,,,,,,2757,all important fields empty,remove_incomplete_rows
,,,,,,,<na>,,,,,,,2760,all important fields empty,remove_incomplete_rows
,,,,,,,<na>,,,,,,,2761,all important fields empty,remove_incomplete_rows
,,,,,,,<na>,,,,,,,2764,all important fields empty,remove_incomplete_rows
,,,,,,,<na>,,,,,,,2765,all important fields empty,remove_incomplete_rows
,,,,,,,<na>,,,,,,,2768,all important fields empty,remove_incomplete_rows
,,,,,,,<na>,,,,,,,2769,all important fields empty,remove_incomplete_rows
,,,,,,,<na>,,,,,,,2772,all important fields empty,remove_incomplete_rows
,,,,,,,<na>,,,,,,,2773,all important fields empty,remove_incomplete_rows
,,,,,,,<na>,,,,,,,2776,all important fields empty,remove_incomplete_rows
,,,,,,,<na>,,,,,,,2777,all important fields empty,remove_incomplete_rows
,,,,,,,<na>,,,,,,,2784,all important fields empty,remove_incomplete_rows
,,,,,,,<na>,,,,,,,2785,all important fields empty,remove_incomplete_rows
,,,,,,,<na>,,,,,,,2788,all important fields empty,remove_incomplete_rows
,,,,,,,<na>,,,,,,,2789,all important fields empty,remove_incomplete_rows
,,,,,,,<na>,,,,,,,2792,all important fields empty,remove_incomplete_rows
,,,,,,,<na>,,,,,,,2793,all important fields empty,remove_incomplete_rows
,,,,,,,<na>,,,,,,,2796,all important fields empty,remove_incomplete_rows
,,,,,,,<na>,,,,,,,2797,all important fields empty,remove_incomplete_rows
,,,,,,,<na>,,,,,,,2800,all important fields empty,remove_incomplete_rows
,,,,,,,<na>,,,,,,,2801,all important fields empty,remove_incomplete_rows
,,,,,,,<na>,,,,,,,2804,all important fields empty,remove_incomplete_rows
,,,,,,,<na>,,,,,,,2805,all important fields empty,remove_incomplete_rows
,,,,,,,<na>,,,,,,,2808,all important fields empty,remove_incomplete_rows
,,,,,,,<na>,,,,,,,2809,all important fields empty,remove_incomplete_rows
,,,,,,,<na>,,,,,,,2813,all important fields empty,remove_incomplete_rows
,,,,,,,<na>,,,,,,,2814,all important fields empty,remove_incomplete_rows
,,,,,,,<na>,,,,,,,2817,all important fields empty,remove_incomplete_rows
,,,,,,,<na>,,,,,,,2818,all important fields empty,remove_incomplete_rows
,,,,,,,<na>,,,,,,,2821,all important fields empty,remove_incomplete_rows
,,,,,,,<na>,,,,,,,2822,all important fields empty,remove_incomplete_rows
,,,,,,,<na>,,,,,,,2825,all important fields empty,remove_incomplete_rows
,,,,,,,<na>,,,,,,,2826,all important fields empty,remove_incomplete_rows
,,,,,,,<na>,,,,,,,2829,all important fields empty,remove_incomplete_rows
,,,,,,,<na>,,,,,,,2830,all important fields empty,remove_incomplete_rows
,,,,,,,<na>,,,,,,,2833,all important fields empty,remove_incomplete_rows
,,,,,,,<na>,,,,,,,2834,all important fields empty,remove_incomplete_rows
,,,,,,,<na>,,,,,,,2838,all important fields empty,remove_incomplete_rows
,,,,,,,<na>,,,,,,,2839,all important fields empty,remove_incomplete_rows
,,,,,,,<na>,,,,,,,2844,all important fields empty,remove_incomplete_rows
,,,,,,,<na>,,,,,,,2845,all important fields empty,remove_incomplete_rows
,,,,,,,<na>,,,,,,,2850,all important fields empty,remove_incomplete_rows
,,,,,,,<na>,,,,,,,2851,all important fields empty,remove_incomplete_rows
,,,,,,,<na>,,,,,,,2855,all important fields empty,remove_incomplete_rows
,,,,,,,<na>,,,,,,,2856,all important fields empty,remove_incomplete_rows
,,,,,,,<na>,,,,,,,2859,all important fields empty,remove_incomplete_rows
,,,,,,,<na>,,,,,,,2860,all important fields empty,remove_incomplete_rows
,,,,,,,<na>,,,,,,,2864,all important fields empty,remove_incomplete_rows
,,,,,,,<na>,,,,,,,2865,all important fields empty,remove_incomplete_rows
,,,,,,,<na>,,,,,,,2868,all important fields empty,remove_incomplete_rows
,,,,,,,<na>,,,,,,,2869,all important fields empty,remove_incomplete_rows
,,,,,,,<na>,,,,,,,2872,all important fields empty,remove_incomplete_rows
,,,,,,,<na>,,,,,,,2873,all important fields empty,remove_incomplete_rows
,,,,,,,<na>,,,,,,,2876,all important fields empty,remove_incomplete_rows
,,,,,,,<na>,,,,,,,2877,all important fields empty,remove_incomplete_rows
,,,,,,,<na>,,,,,,,2880,all important fields empty,remove_incomplete_rows
,,,,,,,<na>,,,,,,,2881,all important fields empty,remove_incomplete_rows
,,,,,,,<na>,,,,,,,2884,all important fields empty,remove_incomplete_rows
,,,,,,,<na>,,,,,,,2885,all important fields empty,remove_incomplete_rows
,,,,,,,<na>,,,,,,,2888,all important fields empty,remove_incomplete_rows
,,,,,,,<na>,,,,,,,2889,all important fields empty,remove_incomplete_rows
,,,,,,,<na>,,,,,,,2892,all important fields empty,remove_incomplete_rows
,,,,,,,<na>,,,,,,,2893,all important fields empty,remove_incomplete_rows
,,,,,,,<na>,,,,,,,2897,all important fields empty,remove_incomplete_rows
,,,,,,,<na>,,,,,,,2898,all important fields empty,remove_incomplete_rows
,,,,,,,<na>,,,,,,,2901,all important fields empty,remove_incomplete_rows
,,,,,,,<na>,,,,,,,2902,all important fields empty,remove_incomplete_rows
,,,,,,,<na>,,,,,,,2905,all important fields empty,remove_incomplete_rows
,,,,,,,<na>,,,,,,,2906,all important fields empty,remove_incomplete_rows
,,,,,,,<na>,,,,,,,2909,all important fields empty,remove_incomplete_rows
,,,,,,,<na>,,,,,,,2910,all important fields empty,remove_incomplete_rows
,,,,,,,<na>,,,,,,,2916,all important fields empty,remove_incomplete_rows
,,,,,,,<na>,,,,,,,2917,all important fields empty,remove_incomplete_rows
,,,,,,,<na>,,,,,,,2920,all important fields empty,remove_incomplete_rows
,,,,,,,<na>,,,,,,,2921,all important fields empty,remove_incomplete_rows
,,,,,,,<na>,,,,,,,2926,all important fields empty,remove_incomplete_rows
,,,,,,,<na>,,,,,,,2927,all important fields empty,remove_incomplete_rows
,,,,,,,<na>,,,,,,,2930,all important fields empty,remove_incomplete_rows
,,,,,,,<na>,,,,,,,2931,all important fields empty,remove_incomplete_rows
,,,,,,,<na>,,,,,,,2935,all important fields empty,remove_incomplete_rows
,,,,,,,<na>,,,,,,,2936,all important fields empty,remove_incomplete_rows
,,,,,,,<na>,,,,,,,2940,all important fields empty,remove_incomplete_rows
,,,,,,,<na>,,,,,,,2941,all important fields empty,remove_incomplete_rows
,,,,,,,<na>,,,,,,,2945,all important fields empty,remove_incomplete_rows
,,,,,,,<na>,,,,,,,2946,all important fields empty,remove_incomplete_rows
,,,,,,,<na>,,,,,,,2949,all important fields empty,remove_incomplete_rows
,,,,,,,<na>,,,,,,,2950,all important fields empty,remove_incomplete_rows
,,,,,,,<na>,,,,,,,2953,all important fields empty,remove_incomplete_rows
,,,,,,,<na>,,,,,,,2954,all important fields empty,remove_incomplete_rows
,,,,,,,<na>,,,,,,,2957,all important fields empty,remove_incomplete_rows
,,,,,,,<na>,,,,,,,2958,all important fields empty,remove_incomplete_rows
,,,,,,,<na>,,,,,,,2963,all important fields empty,remove_incomplete_rows
,,,,,,,<na>,,,,,,,2964,all important fields empty,remove_incomplete_rows
,,,,,,,<na>,,,,,,,2969,all important fields empty,remove_incomplete_rows
,,,,,,,<na>,,,,,,,2970,all important fields empty,remove_incomplete_rows
,,,,,,,<na>,,,,,,,2973,all important fields empty,remove_incomplete_rows
,,,,,,,<na>,,,,,,,2974,all important fields empty,remove_incomplete_rows
,,,,,,,<na>,,,,,,,2977,all important fields empty,remove_incomplete_rows
,,,,,,,<na>,,,,,,,2978,all important fields empty,remove_incomplete_rows
,,,,,,,<na>,,,,,,,2981,all important fields empty,remove_incomplete_rows
,,,,,,,<na>,,,,,,,2982,all important fields empty,remove_incomplete_rows
,,,,,,,<na>,,,,,,,2985,all important fields empty,remove_incomplete_rows
,,,,,,,<na>,,,,,,,2986,all important fields empty,remove_incomplete_rows
,,,,,,,<na>,,,,,,,2989,all important fields empty,remove_incomplete_rows
,,,,,,,<na>,,,,,,,2990,all important fields empty,remove_incomplete_rows
,,,,,,,<na>,,,,,,,2994,all important fields empty,remove_incomplete_rows
,,,,,,,<na>,,,,,,,2995,all important fields empty,remove_incomplete_rows
,,,,,,,<na>,,,,,,,3003,all important fields empty,remove_incomplete_rows
,,,,,,,<na>,,,,,,,3004,all important fields empty,remove_incomplete_rows
,,,,,,,<na>,,,,,,,3007,all important fields empty,remove_incomplete_rows
,,,,,,,<na>,,,,,,,3008,all important fields empty,remove_incomplete_rows
,,,,,,,<na>,,,,,,,3012,all important fields empty,remove_incomplete_rows
,,,,,,,<na>,,,,,,,3013,all important fields empty,remove_incomplete_rows
,,,,,,,<na>,,,,,,,3017,all important fields empty,remove_incomplete_rows
,,,,,,,<na>,,,,,,,3018,all important fields empty,remove_incomplete_rows
,,,,,,,<na>,,,,,,,3021,all important fields empty,remove_incomplete_rows
,,,,,,,<na>,,,,,,,3022,all important fields empty,remove_incomplete_rows
,,,,,,,<na>,,,,,,,3025,all important fields empty,remove_incomplete_rows
,,,,,,,<na>,,,,,,,3026,all important fields empty,remove_incomplete_rows
,,,,,,,<na>,,,,,,,3030,all important fields empty,remove_incomplete_rows
,,,,,,,<na>,,,,,,,3031,all important fields empty,remove_incomplete_rows
,,,,,,,<na>,,,,,,,3034,all important fields empty,remove_incomplete_rows
,,,,,,,<na>,,,,,,,3035,all important fields empty,remove_incomplete_rows
,,,,,,,<na>,,,,,,,3039,all important fields empty,remove_incomplete_rows
,,,,,,,<na>,,,,,,,3040,all important fields empty,remove_incomplete_rows
,,,,,,,<na>,,,,,,,3043,all important fields empty,remove_incomplete_rows
,,,,,,,<na>,,,,,,,3044,all important fields empty,remove_incomplete_rows
,,,,,,,<na>,,,,,,,3047,all important fields empty,remove_incomplete_rows
,,,,,,,<na>,,,,,,,3048,all important fields empty,remove_incomplete_rows
,,,,,,,<na>,,,,,,,3054,all important fields empty,remove_incomplete_rows
,,,,,,,<na>,,,,,,,3055,all important fields empty,remove_incomplete_rows
,,,,,,,<na>,,,,,,,3058,all important fields empty,remove_incomplete_rows
,,,,,,,<na>,,,,,,,3059,all important fields empty,remove_incomplete_rows
,,,,,,,<na>,,,,,,,3063,all important fields empty,remove_incomplete_rows
,,,,,,,<na>,,,,,,,3064,all important fields empty,remove_incomplete_rows
,,,,,,,<na>,,,,,,,3067,all important fields empty,remove_incomplete_rows
,,,,,,,<na>,,,,,,,3068,all important fields empty,remove_incomplete_rows
,,,,,,,<na>,,,,,,,3072,all important fields empty,remove_incomplete_rows
,,,,,,,<na>,,,,,,,3073,all important fields empty,remove_incomplete_rows
,,,,,,,<na>,,,,,,,3076,all important fields empty,remove_incomplete_rows
,,,,,,,<na>,,,,,,,3077,all important fields empty,remove_incomplete_rows
,,,,,,,<na>,,,,,,,3080,all important fields empty,remove_incomplete_rows
,,,,,,,<na>,,,,,,,3081,all important fields empty,remove_incomplete_rows
,,,,,,,<na>,,,,,,,3084,all important fields empty,remove_incomplete_rows
,,,,,,,<na>,,,,,,,3085,all important fields empty,remove_incomplete_rows
,,,,,,,<na>,,,,,,,3088,all important fields empty,remove_incomplete_rows
,,,,,,,<na>,,,,,,,3089,all important fields empty,remove_incomplete_rows
,,,,,,,<na>,,,,,,,3092,all important fields empty,remove_incomplete_rows
,,,,,,,<na>,,,,,,,3093,all important fields empty,remove_incomplete_rows
,,,,,,,<na>,,,,,,,3096,all important fields empty,remove_incomplete_rows
,,,,,,,<na>,,,,,,,3097,all important fields empty,remove_incomplete_rows
,,,,,,,<na>,,,,,,,3100,all important fields empty,remove_incomplete_rows
,,,,,,,<na>,,,,,,,3101,all important fields empty,remove_incomplete_rows
,,,,,,,<na>,,,,,,,3104,all important fields empty,remove_incomplete_rows
,,,,,,,<na>,,,,,,,3105,all important fields empty,remove_incomplete_rows
,,,,,,,<na>,,,,,,,3109,all important fields empty,remove_incomplete_rows
,,,,,,,<na>,,,,,,,3110,all important fields empty,remove_incomplete_rows
,,,,,,,<na>,,,,,,,3113,all important fields empty,remove_incomplete_rows
,,,,,,,<na>,,,,,,,3114,all important fields empty,remove_incomplete_rows
,,,,,,,<na>,,,,,,,3118,all important fields empty,remove_incomplete_rows
,,,,,,,<na>,,,,,,,3119,all important fields empty,remove_incomplete_rows
,,,,,,,<na>,,,,,,,3123,all important fields empty,remove_incomplete_rows
,,,,,,,<na>,,,,,,,3124,all important fields empty,remove_incomplete_rows
,,,,,,,<na>,,,,,,,3132,all important fields empty,remove_incomplete_rows
,,,,,,,<na>,,,,,,,3133,all important fields empty,remove_incomplete_rows
,,,,,,,<na>,,,,,,,3136,all important fields empty,remove_incomplete_rows
,,,,,,,<na>,,,,,,,3137,all important fields empty,remove_incomplete_rows
,,,,,,,<na>,,,,,,,3140,all important fields empty,remove_incomplete_rows
,,,,,,,<na>,,,,,,,3141,all important fields empty,remove_incomplete_rows
,,,,,,,<na>,,,,,,,3144,all important fields empty,remove_incomplete_rows
,,,,,,,<na>,,,,,,,3145,all important fields empty,remove_incomplete_rows
,,,,,,,<na>,,,,,,,3148,all important fields empty,remove_incomplete_rows
,,,,,,,<na>,,,,,,,3149,all important fields empty,remove_incomplete_rows
,,,,,,,<na>,,,,,,,3154,all important fields empty,remove_incomplete_rows
,,,,,,,<na>,,,,,,,3155,all important fields empty,remove_incomplete_rows
,,,,,,,<na>,,,,,,,3158,all important fields empty,remove_incomplete_rows
,,,,,,,<na>,,,,,,,3159,all important fields empty,remove_incomplete_rows
,,,,,,,<na>,,,,,,,3162,all important fields empty,remove_incomplete_rows
,,,,,,,<na>,,,,,,,3163,all important fields empty,remove_incomplete_rows
,,,,,,,<na>,,,,,,,3166,all important fields empty,remove_incomplete_rows
,,,,,,,<na>,,,,,,,3167,all important fields empty,remove_incomplete_rows
,,,,,,,<na>,,,,,,,3171,all important fields empty,remove_incomplete_rows
,,,,,,,<na>,,,,,,,3172,all important fields empty,remove_incomplete_rows
,,,,,,,<na>,,,,,,,3175,all important fields empty,remove_incomplete_rows
,,,,,,,<na>,,,,,,,3176,all important fields empty,remove_incomplete_rows
,,,,,,,<na>,,,,,,,3180,all important fields empty,remove_incomplete_rows
,,,,,,,<na>,,,,,,,3181,all important fields empty,remove_incomplete_rows
,,,,,,,<na>,,,,,,,3184,all important fields empty,remove_incomplete_rows
,,,,,,,<na>,,,,,,,3185,all important fields empty,remove_incomplete_rows
,,,,,,,<na>,,,,,,,3188,all important fields empty,remove_incomplete_rows
,,,,,,,<na>,,,,,,,3189,all important fields empty,remove_incomplete_rows
,,,,,,,<na>,,,,,,,3193,all important fields empty,remove_incomplete_rows
,,,,,,,<na>,,,,,,,3194,all important fields empty,remove_incomplete_rows
,,,,,,,<na>,,,,,,,3197,all important fields empty,remove_incomplete_rows
,,,,,,,<na>,,,,,,,3198,all important fields empty,remove_incomplete_rows
,,,,,,,<na>,,,,,,,3203,all important fields empty,remove_incomplete_rows
,,,,,,,<na>,,,,,,,3204,all important fields empty,remove_incomplete_rows
,,,,,,,<na>,,,,,,,3207,all important fields empty,remove_incomplete_rows
,,,,,,,<na>,,,,,,,3208,all important fields empty,remove_incomplete_rows
,,,,,,,<na>,,,,,,,3219,all important fields empty,remove_incomplete_rows
,,,,,,,<na>,,,,,,,3220,all important fields empty,remove_incomplete_rows
,,,,,,,<na>,,,,,,,3223,all important fields empty,remove_incomplete_rows
,,,,,,,<na>,,,,,,,3224,all important fields empty,remove_incomplete_rows
,,,,,,,<na>,,,,,,,3229,all important fields empty,remove_incomplete_rows
,,,,,,,<na>,,,,,,,3230,all important fields empty,remove_incomplete_rows
,,,,,,,<na>,,,,,,,3233,all important fields empty,remove_incomplete_rows
,,,,,,,<na>,,,,,,,3234,all important fields empty,remove_incomplete_rows
,,,,,,,<na>,,,,,,,3237,all important fields empty,remove_incomplete_rows
,,,,,,,<na>,,,,,,,3238,all important fields empty,remove_incomplete_rows
,,,,,,,<na>,,,,,,,3244,all important fields empty,remove_incomplete_rows
,,,,,,,<na>,,,,,,,3245,all important fields empty,remove_incomplete_rows
,,,,,,,<na>,,,,,,,3248,all important fields empty,remove_incomplete_rows
,,,,,,,<na>,,,,,,,3249,all important fields empty,remove_incomplete_rows
,,,,,,,<na>,,,,,,,3252,all important fields empty,remove_incomplete_rows
,,,,,,,<na>,,,,,,,3253,all important fields empty,remove_incomplete_rows
,,,,,,,<na>,,,,,,,3257,all important fields empty,remove_incomplete_rows
,,,,,,,<na>,,,,,,,3258,all important fields empty,remove_incomplete_rows
,,,,,,,<na>,,,,,,,3262,all important fields empty,remove_incomplete_rows
,,,,,,,<na>,,,,,,,3263,all important fields empty,remove_incomplete_rows
,,,,,,,<na>,,,,,,,3266,all important fields empty,remove_incomplete_rows
,,,,,,,<na>,,,,,,,3267,all important fields empty,remove_incomplete_rows
,,,,,,,<na>,,,,,,,3270,all important fields empty,remove_incomplete_rows
,,,,,,,<na>,,,,,,,3271,all important fields empty,remove_incomplete_rows
,,,,,,,<na>,,,,,,,3274,all important fields empty,remove_incomplete_rows
,,,,,,,<na>,,,,,,,3275,all important fields empty,remove_incomplete_rows
,,,,,,,<na>,,,,,,,3278,all important fields empty,remove_incomplete_rows
,,,,,,,<na>,,,,,,,3279,all important fields empty,remove_incomplete_rows
,,,,,,,<na>,,,,,,,3282,all important fields empty,remove_incomplete_rows
,,,,,,,<na>,,,,,,,3283,all important fields empty,remove_incomplete_rows
,,,,,,,<na>,,,,,,,3286,all important fields empty,remove_incomplete_rows
,,,,,,,<na>,,,,,,,3287,all important fields empty,remove_incomplete_rows
,,,,,,,<na>,,,,,,,3291,all important fields empty,remove_incomplete_rows
,,,,,,,<na>,,,,,,,3292,all important fields empty,remove_incomplete_rows
,,,,,,,<na>,,,,,,,3295,all important fields empty,remove_incomplete_rows
,,,,,,,<na>,,,,,,,3296,all important fields empty,remove_incomplete_rows
,,,,,,,<na>,,,,,,,3299,all important fields empty,remove_incomplete_rows
,,,,,,,<na>,,,,,,,3300,all important fields empty,remove_incomplete_rows
,,,,,,,<na>,,,,,,,3303,all important fields empty,remove_incomplete_rows
,,,,,,,<na>,,,,,,,3304,all important fields empty,remove_incomplete_rows
,,,,,,,<na>,,,,,,,3307,all important fields empty,remove_incomplete_rows
,,,,,,,<na>,,,,,,,3308,all important fields empty,remove_incomplete_rows
,,,,,,,<na>,,,,,,,3311,all important fields empty,remove_incomplete_rows
,,,,,,,<na>,,,,,,,3312,all important fields empty,remove_incomplete_rows
,,,,,,,<na>,,,,,,,3316,all important fields empty,remove_incomplete_rows
,,,,,,,<na>,,,,,,,3317,all important fields empty,remove_incomplete_rows
,,,,,,,<na>,,,,,,,3320,all important fields empty,remove_incomplete_rows
,,,,,,,<na>,,,,,,,3321,all important fields empty,remove_incomplete_rows
,,,,,,,<na>,,,,,,,3325,all important fields empty,remove_incomplete_rows
,,,,,,,<na>,,,,,,,3326,all important fields empty,remove_incomplete_rows
,,,,,,,<na>,,,,,,,3329,all important fields empty,remove_incomplete_rows
,,,,,,,<na>,,,,,,,3330,all important fields empty,remove_incomplete_rows
,,,,,,,<na>,,,,,,,3333,all important fields empty,remove_incomplete_rows
,,,,,,,<na>,,,,,,,3334,all important fields empty,remove_incomplete_rows
,,,,,,,<na>,,,,,,,3337,all important fields empty,remove_incomplete_rows
,,,,,,,<na>,,,,,,,3338,all important fields empty,remove_incomplete_rows
,,,,,,,<na>,,,,,,,3341,all important fields empty,remove_incomplete_rows
,,,,,,,<na>,,,,,,,3342,all important fields empty,remove_incomplete_rows
,,,,,,,<na>,,,,,,,3345,all important fields empty,remove_incomplete_rows
,,,,,,,<na>,,,,,,,3346,all important fields empty,remove_incomplete_rows
,,,,,,,<na>,,,,,,,3349,all important fields empty,remove_incomplete_rows
,,,,,,,<na>,,,,,,,3350,all important fields empty,remove_incomplete_rows
,,,,,,,<na>,,,,,,,3353,all important fields empty,remove_incomplete_rows
,,,,,,,<na>,,,,,,,3354,all important fields empty,remove_incomplete_rows
,,,,,,,<na>,,,,,,,3357,all important fields empty,remove_incomplete_rows
,,,,,,,<na>,,,,,,,3358,all important fields empty,remove_incomplete_rows
,,,,,,,<na>,,,,,,,3361,all important fields empty,remove_incomplete_rows
,,,,,,,<na>,,,,,,,3362,all important fields empty,remove_incomplete_rows
,,,,,,,<na>,,,,,,,3367,all important fields empty,remove_incomplete_rows
,,,,,,,<na>,,,,,,,3368,all important fields empty,remove_incomplete_rows
,,,,,,,<na>,,,,,,,3371,all important fields empty,remove_incomplete_rows
,,,,,,,<na>,,,,,,,3372,all important fields empty,remove_incomplete_rows
,,,,,,,<na>,,,,,,,3375,all important fields empty,remove_incomplete_rows
,,,,,,,<na>,,,,,,,3376,all important fields empty,remove_incomplete_rows
,,,,,,,<na>,,,,,,,3379,all important fields empty,remove_incomplete_rows
,,,,,,,<na>,,,,,,,3380,all important fields empty,remove_incomplete_rows
,,,,,,,<na>,,,,,,,3383,all important fields empty,remove_incomplete_rows
,,,,,,,<na>,,,,,,,3384,all important fields empty,remove_incomplete_rows
,,,,,,,<na>,,,,,,,3387,all important fields empty,remove_incomplete_rows
,,,,,,,<na>,,,,,,,3388,all important fields empty,remove_incomplete_rows
,,,,,,,<na>,,,,,,,3392,all important fields empty,remove_incomplete_rows
,,,,,,,<na>,,,,,,,3393,all important fields empty,remove_incomplete_rows
,,,,,,,<na>,,,,,,,3398,all important fields empty,remove_incomplete_rows
,,,,,,,<na>,,,,,,,3399,all important fields empty,remove_incomplete_rows
,,,,,,,<na>,,,,,,,3402,all important fields empty,remove_incomplete_rows
,,,,,,,<na>,,,,,,,3403,all important fields empty,remove_incomplete_rows
,,,,,,,<na>,,,,,,,3406,all important fields empty,remove_incomplete_rows
,,,,,,,<na>,,,,,,,3407,all important fields empty,remove_incomplete_rows
,,,,,,,<na>,,,,,,,3410,all important fields empty,remove_incomplete_rows
,,,,,,,<na>,,,,,,,3411,all important fields empty,remove_incomplete_rows
,,,,,,,<na>,,,,,,,3414,all important fields empty,remove_incomplete_rows
,,,,,,,<na>,,,,,,,3415,all important fields empty,remove_incomplete_rows
,,,,,,,<na>,,,,,,,3418,all important fields empty,remove_incomplete_rows
,,,,,,,<na>,,,,,,,3419,all important fields empty,remove_incomplete_rows
,,,,,,,<na>,,,,,,,3422,all important fields empty,remove_incomplete_rows
,,,,,,,<na>,,,,,,,3423,all important fields empty,remove_incomplete_rows
,,,,,,,<na>,,,,,,,3428,all important fields empty,remove_incomplete_rows
,,,,,,,<na>,,,,,,,3429,all important fields empty,remove_incomplete_rows
,,,,,,,<na>,,,,,,,3433,all important fields empty,remove_incomplete_rows
,,,,,,,<na>,,,,,,,3434,all important fields empty,remove_incomplete_rows
,,,,,,,<na>,,,,,,,3437,all important fields empty,remove_incomplete_rows
,,,,,,,<na>,,,,,,,3438,all important fields empty,remove_incomplete_rows
,,,,,,,<na>,,,,,,,3441,all important fields empty,remove_incomplete_rows
,,,,,,,<na>,,,,,,,3442,all important fields empty,remove_incomplete_rows
,,,,,,,<na>,,,,,,,3447,all important fields empty,remove_incomplete_rows
,,,,,,,<na>,,,,,,,3448,all important fields empty,remove_incomplete_rows
,,,,,,,<na>,,,,,,,3451,all important fields empty,remove_incomplete_rows
,,,,,,,<na>,,,,,,,3452,all important fields empty,remove_incomplete_rows
,,,,,,,<na>,,,,,,,3456,all important fields empty,remove_incomplete_rows
,,,,,,,<na>,,,,,,,3457,all important fields empty,remove_incomplete_rows
,,,,,,,<na>,,,,,,,3460,all important fields empty,remove_incomplete_rows
,,,,,,,<na>,,,,,,,3461,all important fields empty,remove_incomplete_rows
,,,,,,,<na>,,,,,,,3464,all important fields empty,remove_incomplete_rows
,,,,,,,<na>,,,,,,,3465,all important fields empty,remove_incomplete_rows
,,,,,,,<na>,,,,,,,3469,all important fields empty,remove_incomplete_rows
,,,,,,,<na>,,,,,,,3470,all important fields empty,remove_incomplete_rows
,,,,,,,<na>,,,,,,,3473,all important fields empty,remove_incomplete_rows
,,,,,,,<na>,,,,,,,3474,all important fields empty,remove_incomplete_rows
,,,,,,,<na>,,,,,,,3477,all important fields empty,remove_incomplete_rows
,,,,,,,<na>,,,,,,,3478,all important fields empty,remove_incomplete_rows
,,,,,,,<na>,,,,,,,3482,all important fields empty,remove_incomplete_rows
,,,,,,,<na>,,,,,,,3483,all important fields empty,remove_incomplete_rows
,,,,,,,<na>,,,,,,,3486,all important fields empty,remove_incomplete_rows
,,,,,,,<na>,,,,,,,3487,all important fields empty,remove_incomplete_rows
,,,,,,,<na>,,,,,,,3490,all important fields empty,remove_incomplete_rows
,,,,,,,<na>,,,,,,,3491,all important fields empty,remove_incomplete_rows
,,,,,,,<na>,,,,,,,3494,all important fields empty,remove_incomplete_rows
,,,,,,,<na>,,,,,,,3495,all important fields empty,remove_incomplete_rows
,,,,,,,<na>,,,,,,,3500,all important fields empty,remove_incomplete_rows
,,,,,,,<na>,,,,,,,3501,all important fields empty,remove_incomplete_rows
,,,,,,,<na>,,,,,,,3504,all important fields empty,remove_incomplete_rows
,,,,,,,<na>,,,,,,,3505,all important fields empty,remove_incomplete_rows
,,,,,,,<na>,,,,,,,3510,all important fields empty,remove_incomplete_rows
,,,,,,,<na>,,,,,,,3511,all important fields empty,remove_incomplete_rows
,,,,,,,<na>,,,,,,,3515,all important fields empty,remove_incomplete_rows
,,,,,,,<na>,,,,,,,3516,all important fields empty,remove_incomplete_rows
,,,,,,,<na>,,,,,,,3519,all important fields empty,remove_incomplete_rows
,,,,,,,<na>,,,,,,,3520,all important fields empty,remove_incomplete_rows
,,,,,,,<na>,,,,,,,3523,all important fields empty,remove_incomplete_rows
,,,,,,,<na>,,,,,,,3524,all important fields empty,remove_incomplete_rows
,,,,,,,<na>,,,,,,,3528,all important fields empty,remove_incomplete_rows
,,,,,,,<na>,,,,,,,3529,all important fields empty,remove_incomplete_rows
,,,,,,,<na>,,,,,,,3533,all important fields empty,remove_incomplete_rows
,,,,,,,<na>,,,,,,,3534,all important fields empty,remove_incomplete_rows
,,,,,,,<na>,,,,,,,3538,all important fields empty,remove_incomplete_rows
,,,,,,,<na>,,,,,,,3539,all important fields empty,remove_incomplete_rows
,,,,,,,<na>,,,,,,,3543,all important fields empty,remove_incomplete_rows
,,,,,,,<na>,,,,,,,3544,all important fields empty,remove_incomplete_rows
,,,,,,,<na>,,,,,,,3547,all important fields empty,remove_incomplete_rows
,,,,,,,<na>,,,,,,,3548,all important fields empty,remove_incomplete_rows
,,,,,,,<na>,,,,,,,3551,all important fields empty,remove_incomplete_rows
,,,,,,,<na>,,,,,,,3552,all important fields empty,remove_incomplete_rows
,,,,,,,<na>,,,,,,,3555,all important fields empty,remove_incomplete_rows
,,,,,,,<na>,,,,,,,3556,all important fields empty,remove_incomplete_rows
,,,,,,,<na>,,,,,,,3559,all important fields empty,remove_incomplete_rows
,,,,,,,<na>,,,,,,,3560,all important fields empty,remove_incomplete_rows
,,,,,,,<na>,,,,,,,3563,all important fields empty,remove_incomplete_rows
,,,,,,,<na>,,,,,,,3564,all important fields empty,remove_incomplete_rows
,,,,,,,<na>,,,,,,,3569,all important fields empty,remove_incomplete_rows
,,,,,,,<na>,,,,,,,3570,all important fields empty,remove_incomplete_rows
,,,,,,,<na>,,,,,,,3574,all important fields empty,remove_incomplete_rows
,,,,,,,<na>,,,,,,,3575,all important fields empty,remove_incomplete_rows
,,,,,,,<na>,,,,,,,3578,all important fields empty,remove_incomplete_rows
,,,,,,,<na>,,,,,,,3579,all important fields empty,remove_incomplete_rows
,,,,,,,<na>,,,,,,,3582,all important fields empty,remove_incomplete_rows
,,,,,,,<na>,,,,,,,3583,all important fields empty,remove_incomplete_rows
,,,,,,,<na>,,,,,,,3589,all important fields empty,remove_incomplete_rows
,,,,,,,<na>,,,,,,,3590,all important fields empty,remove_incomplete_rows
,,,,,,,<na>,,,,,,,3593,all important fields empty,remove_incomplete_rows
,,,,,,,<na>,,,,,,,3594,all important fields empty,remove_incomplete_rows
,,,,,,,<na>,,,,,,,3598,all important fields empty,remove_incomplete_rows
,,,,,,,<na>,,,,,,,3599,all important fields empty,remove_incomplete_rows
,,,,,,,<na>,,,,,,,3602,all important fields empty,remove_incomplete_rows
,,,,,,,<na>,,,,,,,3603,all important fields empty,remove_incomplete_rows
,,,,,,,<na>,,,,,,,3606,all important fields empty,remove_incomplete_rows
,,,,,,,<na>,,,,,,,3607,all important fields empty,remove_incomplete_rows
,,,,,,,<na>,,,,,,,3610,all important fields empty,remove_incomplete_rows
,,,,,,,<na>,,,,,,,3611,all important fields empty,remove_incomplete_rows
,,,,,,,<na>,,,,,,,3614,all important fields empty,remove_incomplete_rows
,,,,,,,<na>,,,,,,,3615,all important fields empty,remove_incomplete_rows
,,,,,,,<na>,,,,,,,3621,all important fields empty,remove_incomplete_rows
,,,,,,,<na>,,,,,,,3622,all important fields empty,remove_incomplete_rows
,,,,,,,<na>,,,,,,,3625,all important fields empty,remove_incomplete_rows
,,,,,,,<na>,,,,,,,3626,all important fields empty,remove_incomplete_rows
,,,,,,,<na>,,,,,,,3632,all important fields empty,remove_incomplete_rows
,,,,,,,<na>,,,,,,,3633,all important fields empty,remove_incomplete_rows
,,,,,,,<na>,,,,,,,3636,all important fields empty,remove_incomplete_rows
,,,,,,,<na>,,,,,,,3637,all important fields empty,remove_incomplete_rows
,,,,,,,<na>,,,,,,,3641,all important fields empty,remove_incomplete_rows
,,,,,,,<na>,,,,,,,3642,all important fields empty,remove_incomplete_rows
,,,,,,,<na>,,,,,,,3645,all important fields empty,remove_incomplete_rows
,,,,,,,<na>,,,,,,,3646,all important fields empty,remove_incomplete_rows
,,,,,,,<na>,,,,,,,3650,all important fields empty,remove_incomplete_rows
,,,,,,,<na>,,,,,,,3651,all important fields empty,remove_incomplete_rows
,,,,,,,<na>,,,,,,,3654,all important fields empty,remove_incomplete_rows
,,,,,,,<na>,,,,,,,3655,all important fields empty,remove_incomplete_rows
,,,,,,,<na>,,,,,,,3658,all important fields empty,remove_incomplete_rows
,,,,,,,<na>,,,,,,,3659,all important fields empty,remove_incomplete_rows
,,,,,,,<na>,,,,,,,3667,all important fields empty,remove_incomplete_rows
,,,,,,,<na>,,,,,,,3668,all important fields empty,remove_incomplete_rows
,,,,,,,<na>,,,,,,,3671,all important fields empty,remove_incomplete_rows
,,,,,,,<na>,,,,,,,3672,all important fields empty,remove_incomplete_rows
,,,,,,,<na>,,,,,,,3675,all important fields empty,remove_incomplete_rows
,,,,,,,<na>,,,,,,,3676,all important fields empty,remove_incomplete_rows
,,,,,,,<na>,,,,,,,3680,all important fields empty,remove_incomplete_rows
,,,,,,,<na>,,,,,,,3681,all important fields empty,remove_incomplete_rows
,,,,,,,<na>,,,,,,,3684,all important fields empty,remove_incomplete_rows
,,,,,,,<na>,,,,,,,3685,all important fields empty,remove_incomplete_rows
,,,,,,,<na>,,,,,,,3689,all important fields empty,remove_incomplete_rows
,,,,,,,<na>,,,,,,,3690,all important fields empty,remove_incomplete_rows
,,,,,,,<na>,,,,,,,3693,all important fields empty,remove_incomplete_rows
,,,,,,,<na>,,,,,,,3694,all important fields empty,remove_incomplete_rows
,,,,,,,<na>,,,,,,,3698,all important fields empty,remove_incomplete_rows
,,,,,,,<na>,,,,,,,3699,all important fields empty,remove_incomplete_rows
,,,,,,,<na>,,,,,,,3704,all important fields empty,remove_incomplete_rows
,,,,,,,<na>,,,,,,,3705,all important fields empty,remove_incomplete_rows
,,,,,,,<na>,,,,,,,3708,all important fields empty,remove_incomplete_rows
,,,,,,,<na>,,,,,,,3709,all important fields empty,remove_incomplete_rows
,,,,,,,<na>,,,,,,,3714,all important fields empty,remove_incomplete_rows
,,,,,,,<na>,,,,,,,3715,all important fields empty,remove_incomplete_rows
,,,,,,,<na>,,,,,,,3718,all important fields empty,remove_incomplete_rows
,,,,,,,<na>,,,,,,,3719,all important fields empty,remove_incomplete_rows
,,,,,,,<na>,,,,,,,3723,all important fields empty,remove_incomplete_rows
,,,,,,,<na>,,,,,,,3724,all important fields empty,remove_incomplete_rows
,,,,,,,<na>,,,,,,,3727,all important fields empty,remove_incomplete_rows
,,,,,,,<na>,,,,,,,3728,all important fields empty,remove_incomplete_rows
,,,,,,,<na>,,,,,,,3732,all important fields empty,remove_incomplete_rows
,,,,,,,<na>,,,,,,,3733,all important fields empty,remove_incomplete_rows
,,,,,,,<na>,,,,,,,3737,all important fields empty,remove_incomplete_rows
,,,,,,,<na>,,,,,,,3738,all important fields empty,remove_incomplete_rows
,,,,,,,<na>,,,,,,,3741,all important fields empty,remove_incomplete_rows
,,,,,,,<na>,,,,,,,3742,all important fields empty,remove_incomplete_rows
,,,,,,,<na>,,,,,,,3745,all important fields empty,remove_incomplete_rows
,,,,,,,<na>,,,,,,,3746,all important fields empty,remove_incomplete_rows
,,,,,,,<na>,,,,,,,3749,all important fields empty,remove_incomplete_rows
,,,,,,,<na>,,,,,,,3750,all important fields empty,remove_incomplete_rows
,,,,,,,<na>,,,,,,,3754,all important fields empty,remove_incomplete_rows
,,,,,,,<na>,,,,,,,3755,all important fields empty,remove_incomplete_rows
,,,,,,,<na>,,,,,,,3764,all important fields empty,remove_incomplete_rows
,,,,,,,<na>,,,,,,,3765,all important fields empty,remove_incomplete_rows
,,,,,,,<na>,,,,,,,3769,all important fields empty,remove_incomplete_rows
,,,,,,,<na>,,,,,,,3770,all important fields empty,remove_incomplete_rows
,,,,,,,<na>,,,,,,,3773,all important fields empty,remove_incomplete_rows
,,,,,,,<na>,,,,,,,3774,all important fields empty,remove_incomplete_rows
,,,,,,,<na>,,,,,,,3777,all important fields empty,remove_incomplete_rows
,,,,,,,<na>,,,,,,,3778,all important fields empty,remove_incomplete_rows
,,,,,,,<na>,,,,,,,3781,all important fields empty,remove_incomplete_rows
,,,,,,,<na>,,,,,,,3782,all important fields empty,remove_incomplete_rows
,,,,,,,<na>,,,,,,,3786,all important fields empty,remove_incomplete_rows
,,,,,,,<na>,,,,,,,3787,all important fields empty,remove_incomplete_rows
,,,,,,,<na>,,,,,,,3791,all important fields empty,remove_incomplete_rows
,,,,,,,<na>,,,,,,,3792,all important fields empty,remove_incomplete_rows
,,,,,,,<na>,,,,,,,3795,all important fields empty,remove_incomplete_rows
,,,,,,,<na>,,,,,,,3796,all important fields empty,remove_incomplete_rows
,,,,,,,<na>,,,,,,,3799,all important fields empty,remove_incomplete_rows
,,,,,,,<na>,,,,,,,3800,all important fields empty,remove_incomplete_rows
,,,,,,,<na>,,,,,,,3803,all important fields empty,remove_incomplete_rows
,,,,,,,<na>,,,,,,,3804,all important fields empty,remove_incomplete_rows
,,,,,,,<na>,,,,,,,3807,all important fields empty,remove_incomplete_rows
,,,,,,,<na>,,,,,,,3808,all important fields empty,remove_incomplete_rows
,,,,,,,<na>,,,,,,,3811,all important fields empty,remove_incomplete_rows
,,,,,,,<na>,,,,,,,3812,all important fields empty,remove_incomplete_rows
,,,,,,,<na>,,,,,,,3815,all important fields empty,remove_incomplete_rows
,,,,,,,<na>,,,,,,,3816,all important fields empty,remove_incomplete_rows
,,,,,,,<na>,,,,,,,3819,all important fields empty,remove_incomplete_rows
,,,,,,,<na>,,,,,,,3820,all important fields empty,remove_incomplete_rows
,,,,,,,<na>,,,,,,,3823,all important fields empty,remove_incomplete_rows
,,,,,,,<na>,,,,,,,3824,all important fields empty,remove_incomplete_rows
,,,,,,,<na>,,,,,,,3827,all important fields empty,remove_incomplete_rows
,,,,,,,<na>,,,,,,,3828,all important fields empty,remove_incomplete_rows
,,,,,,,<na>,,,,,,,3835,all important fields empty,remove_incomplete_rows
,,,,,,,<na>,,,,,,,3836,all important fields empty,remove_incomplete_rows
,,,,,,,<na>,,,,,,,3841,all important fields empty,remove_incomplete_rows
,,,,,,,<na>,,,,,,,3842,all important fields empty,remove_incomplete_rows
,,,,,,,<na>,,,,,,,3845,all important fields empty,remove_incomplete_rows
,,,,,,,<na>,,,,,,,3846,all important fields empty,remove_incomplete_rows
,,,,,,,<na>,,,,,,,3849,all important fields empty,remove_incomplete_rows
,,,,,,,<na>,,,,,,,3850,all important fields empty,remove_incomplete_rows
,,,,,,,<na>,,,,,,,3853,all important fields empty,remove_incomplete_rows
,,,,,,,<na>,,,,,,,3854,all important fields empty,remove_incomplete_rows
,,,,,,,<na>,,,,,,,3857,all important fields empty,remove_incomplete_rows
,,,,,,,<na>,,,,,,,3858,all important fields empty,remove_incomplete_rows
,,,,,,,<na>,,,,,,,3868,all important fields empty,remove_incomplete_rows
,,,,,,,<na>,,,,,,,3869,all important fields empty,remove_incomplete_rows
,,,,,,,<na>,,,,,,,3872,all important fields empty,remove_incomplete_rows
,,,,,,,<na>,,,,,,,3873,all important fields empty,remove_incomplete_rows
,,,,,,,<na>,,,,,,,3878,all important fields empty,remove_incomplete_rows
,,,,,,,<na>,,,,,,,3879,all important fields empty,remove_incomplete_rows
,,,,,,,<na>,,,,,,,3882,all important fields empty,remove_incomplete_rows
,,,,,,,<na>,,,,,,,3883,all important fields empty,remove_incomplete_rows
,,,,,,,<na>,,,,,,,3886,all important fields empty,remove_incomplete_rows
,,,,,,,<na>,,,,,,,3887,all important fields empty,remove_incomplete_rows
,,,,,,,<na>,,,,,,,3890,all important fields empty,remove_incomplete_rows
,,,,,,,<na>,,,,,,,3891,all important fields empty,remove_incomplete_rows
,,,,,,,<na>,,,,,,,3894,all important fields empty,remove_incomplete_rows
,,,,,,,<na>,,,,,,,3895,all important fields empty,remove_incomplete_rows
,,,,,,,<na>,,,,,,,3898,all important fields empty,remove_incomplete_rows
,,,,,,,<na>,,,,,,,3899,all important fields empty,remove_incomplete_rows
,,,,,,,<na>,,,,,,,3902,all important fields empty,remove_incomplete_rows
,,,,,,,<na>,,,,,,,3903,all important fields empty,remove_incomplete_rows
,,,,,,,<na>,,,,,,,3906,all important fields empty,remove_incomplete_rows
,,,,,,,<na>,,,,,,,3907,all important fields empty,remove_incomplete_rows
,,,,,,,<na>,,,,,,,3911,all important fields empty,remove_incomplete_rows
,,,,,,,<na>,,,,,,,3912,all important fields empty,remove_incomplete_rows
,,,,,,,<na>,,,,,,,3915,all important fields empty,remove_incomplete_rows
,,,,,,,<na>,,,,,,,3916,all important fields empty,remove_incomplete_rows
,,,,,,,<na>,,,,,,,3919,all important fields empty,remove_incomplete_rows
,,,,,,,<na>,,,,,,,3920,all important fields empty,remove_incomplete_rows
,,,,,,,<na>,,,,,,,3923,all important fields empty,remove_incomplete_rows
,,,,,,,<na>,,,,,,,3924,all important fields empty,remove_incomplete_rows
,,,,,,,<na>,,,,,,,3927,all important fields empty,remove_incomplete_rows
,,,,,,,<na>,,,,,,,3928,all important fields empty,remove_incomplete_rows
,,,,,,,<na>,,,,,,,3931,all important fields empty,remove_incomplete_rows
,,,,,,,<na>,,,,,,,3932,all important fields empty,remove_incomplete_rows
,,,,,,,<na>,,,,,,,3935,all important fields empty,remove_incomplete_rows
,,,,,,,<na>,,,,,,,3936,all important fields empty,remove_incomplete_rows
,,,,,,,<na>,,,,,,,3939,all important fields empty,remove_incomplete_rows
,,,,,,,<na>,,,,,,,3940,all important fields empty,remove_incomplete_rows
,,,,,,,<na>,,,,,,,3946,all important fields empty,remove_incomplete_rows
,,,,,,,<na>,,,,,,,3947,all important fields empty,remove_incomplete_rows
,,,,,,,<na>,,,,,,,3950,all important fields empty,remove_incomplete_rows
,,,,,,,<na>,,,,,,,3951,all important fields empty,remove_incomplete_rows
,,,,,,,<na>,,,,,,,3956,all important fields empty,remove_incomplete_rows
,,,,,,,<na>,,,,,,,3957,all important fields empty,remove_incomplete_rows
,,,,,,,<na>,,,,,,,3960,all important fields empty,remove_incomplete_rows
,,,,,,,<na>,,,,,,,3961,all important fields empty,remove_incomplete_rows
,,,,,,,<na>,,,,,,,3964,all important fields empty,remove_incomplete_rows
,,,,,,,<na>,,,,,,,3965,all important fields empty,remove_incomplete_rows
,,,,,,,<na>,,,,,,,3969,all important fields empty,remove_incomplete_rows
,,,,,,,<na>,,,,,,,3970,all important fields empty,remove_incomplete_rows
,,,,,,,<na>,,,,,,,3980,all important fields empty,remove_incomplete_rows
,,,,,,,<na>,,,,,,,3981,all important fields empty,remove_incomplete_rows
,,,,,,,<na>,,,,,,,3984,all important fields empty,remove_incomplete_rows
,,,,,,,<na>,,,,,,,3985,all important fields empty,remove_incomplete_rows
,,,,,,,<na>,,,,,,,3988,all important fields empty,remove_incomplete_rows
,,,,,,,<na>,,,,,,,3989,all important fields empty,remove_incomplete_rows
,,,,,,,<na>,,,,,,,3992,all important fields empty,remove_incomplete_rows
,,,,,,,<na>,,,,,,,3993,all important fields empty,remove_incomplete_rows
,,,,,,,<na>,,,,,,,3996,all important fields empty,remove_incomplete_rows
,,,,,,,<na>,,,,,,,3997,all important fields empty,remove_incomplete_rows
,,,,,,,<na>,,,,,,,4000,all important fields empty,remove_incomplete_rows
,,,,,,,<na>,,,,,,,4001,all important fields empty,remove_incomplete_rows
,,,,,,,<na>,,,,,,,4004,all important fields empty,remove_incomplete_rows
,,,,,,,<na>,,,,,,,4005,all important fields empty,remove_incomplete_rows
,,,,,,,<na>,,,,,,,4009,all important fields empty,remove_incomplete_rows
,,,,,,,<na>,,,,,,,4010,all important fields empty,remove_incomplete_rows
,,,,,,,<na>,,,,,,,4013,all important fields empty,remove_incomplete_rows
,,,,,,,<na>,,,,,,,4014,all important fields empty,remove_incomplete_rows
,,,,,,,<na>,,,,,,,4018,all important fields empty,remove_incomplete_rows
,,,,,,,<na>,,,,,,,4019,all important fields empty,remove_incomplete_rows
,,,,,,,<na>,,,,,,,4022,all important fields empty,remove_incomplete_rows
,,,,,,,<na>,,,,,,,4023,all important fields empty,remove_incomplete_rows
,,,,,,,<na>,,,,,,,4028,all important fields empty,remove_incomplete_rows
,,,,,,,<na>,,,,,,,4029,all important fields empty,remove_incomplete_rows
,,,,,,,<na>,,,,,,,4032,all important fields empty,remove_incomplete_rows
,,,,,,,<na>,,,,,,,4033,all important fields empty,remove_incomplete_rows
,,,,,,,<na>,,,,,,,4036,all important fields empty,remove_incomplete_rows
,,,,,,,<na>,,,,,,,4037,all important fields empty,remove_incomplete_rows
,,,,,,,<na>,,,,,,,4042,all important fields empty,remove_incomplete_rows
,,,,,,,<na>,,,,,,,4043,all important fields empty,remove_incomplete_rows
,,,,,,,<na>,,,,,,,4050,all important fields empty,remove_incomplete_rows
,,,,,,,<na>,,,,,,,4051,all important fields empty,remove_incomplete_rows
,,,,,,,<na>,,,,,,,4062,all important fields empty,remove_incomplete_rows
,,,,,,,<na>,,,,,,,4063,all important fields empty,remove_incomplete_rows
,,,,,,,<na>,,,,,,,4066,all important fields empty,remove_incomplete_rows
,,,,,,,<na>,,,,,,,4067,all important fields empty,remove_incomplete_rows
,,,,,,,<na>,,,,,,,4070,all important fields empty,remove_incomplete_rows
,,,,,,,<na>,,,,,,,4071,all important fields empty,remove_incomplete_rows
,,,,,,,<na>,,,,,,,4074,all important fields empty,remove_incomplete_rows
,,,,,,,<na>,,,,,,,4075,all important fields empty,remove_incomplete_rows
,,,,,,,<na>,,,,,,,4079,all important fields empty,remove_incomplete_rows
,,,,,,,<na>,,,,,,,4080,all important fields empty,remove_incomplete_rows
,,,,,,,<na>,,,,,,,4083,all important fields empty,remove_incomplete_rows
,,,,,,,<na>,,,,,,,4084,all important fields empty,remove_incomplete_rows
,,,,,,,<na>,,,,,,,4088,all important fields empty,remove_incomplete_rows
,,,,,,,<na>,,,,,,,4089,all important fields empty,remove_incomplete_rows
,,,,,,,<na>,,,,,,,4092,all important fields empty,remove_incomplete_rows
,,,,,,,<na>,,,,,,,4093,all important fields empty,remove_incomplete_rows
,,,,,,,<na>,,,,,,,4096,all important fields empty,remove_incomplete_rows
,,,,,,,<na>,,,,,,,4097,all important fields empty,remove_incomplete_rows
,,,,,,,<na>,,,,,,,4100,all important fields empty,remove_incomplete_rows
,,,,,,,<na>,,,,,,,4101,all important fields empty,remove_incomplete_rows
,,,,,,,<na>,,,,,,,4104,all important fields empty,remove_incomplete_rows
,,,,,,,<na>,,,,,,,4105,all important fields empty,remove_incomplete_rows
,,,,,,,<na>,,,,,,,4109,all important fields empty,remove_incomplete_rows
,,,,,,,<na>,,,,,,,4110,all important fields empty,remove_incomplete_rows
,,,,,,,<na>,,,,,,,4115,all important fields empty,remove_incomplete_rows
,,,,,,,<na>,,,,,,,4116,all important fields empty,remove_incomplete_rows
,,,,,,,<na>,,,,,,,4119,all important fields empty,remove_incomplete_rows
,,,,,,,<na>,,,,,,,4120,all important fields empty,remove_incomplete_rows
,,,,,,,<na>,,,,,,,4124,all important fields empty,remove_incomplete_rows
,,,,,,,<na>,,,,,,,4125,all important fields empty,remove_incomplete_rows
,,,,,,,<na>,,,,,,,4129,all important fields empty,remove_incomplete_rows
,,,,,,,<na>,,,,,,,4130,all important fields empty,remove_incomplete_rows
,,,,,,,<na>,,,,,,,4134,all important fields empty,remove_incomplete_rows
,,,,,,,<na>,,,,,,,4135,all important fields empty,remove_incomplete_rows
,,,,,,,<na>,,,,,,,4139,all important fields empty,remove_incomplete_rows
,,,,,,,<na>,,,,,,,4140,all important fields empty,remove_incomplete_rows
,,,,,,,<na>,,,,,,,4143,all important fields empty,remove_incomplete_rows
,,,,,,,<na>,,,,,,,4144,all important fields empty,remove_incomplete_rows
,,,,,,,<na>,,,,,,,4150,all important fields empty,remove_incomplete_rows
,,,,,,,<na>,,,,,,,4151,all important fields empty,remove_incomplete_rows
,,,,,,,<na>,,,,,,,4154,all important fields empty,remove_incomplete_rows
,,,,,,,<na>,,,,,,,4155,all important fields empty,remove_incomplete_rows
,,,,,,,<na>,,,,,,,4159,all important fields empty,remove_incomplete_rows
,,,,,,,<na>,,,,,,,4160,all important fields empty,remove_incomplete_rows
,,,,,,,<na>,,,,,,,4163,all important fields empty,remove_incomplete_rows
,,,,,,,<na>,,,,,,,4164,all important fields empty,remove_incomplete_rows
,,,,,,,<na>,,,,,,,4168,all important fields empty,remove_incomplete_rows
,,,,,,,<na>,,,,,,,4169,all important fields empty,remove_incomplete_rows
,,,,,,,<na>,,,,,,,4173,all important fields empty,remove_incomplete_rows
,,,,,,,<na>,,,,,,,4174,all important fields empty,remove_incomplete_rows
,,,,,,,<na>,,,,,,,4177,all important fields empty,remove_incomplete_rows
,,,,,,,<na>,,,,,,,4178,all important fields empty,remove_incomplete_rows
,,,,,,,<na>,,,,,,,4181,all important fields empty,remove_incomplete_rows
,,,,,,,<na>,,,,,,,4182,all important fields empty,remove_incomplete_rows
,,,,,,,<na>,,,,,,,4185,all important fields empty,remove_incomplete_rows
,,,,,,,<na>,,,,,,,4186,all important fields empty,remove_incomplete_rows
,,,,,,,<na>,,,,,,,4189,all important fields empty,remove_incomplete_rows
,,,,,,,<na>,,,,,,,4190,all important fields empty,remove_incomplete_rows
,,,,,,,<na>,,,,,,,4194,all important fields empty,remove_incomplete_rows
,,,,,,,<na>,,,,,,,4195,all important fields empty,remove_incomplete_rows
,,,,,,,<na>,,,,,,,4199,all important fields empty,remove_incomplete_rows
,,,,,,,<na>,,,,,,,4200,all important fields empty,remove_incomplete_rows
,,,,,,,<na>,,,,,,,4204,all important fields empty,remove_incomplete_rows
,,,,,,,<na>,,,,,,,4205,all important fields empty,remove_incomplete_rows
,,,,,,,<na>,,,,,,,4208,all important fields empty,remove_incomplete_rows
,,,,,,,<na>,,,,,,,4209,all important fields empty,remove_incomplete_rows
,,,,,,,<na>,,,,,,,4212,all important fields empty,remove_incomplete_rows
,,,,,,,<na>,,,,,,,4213,all important fields empty,remove_incomplete_rows
,,,,,,,<na>,,,,,,,4216,all important fields empty,remove_incomplete_rows
,,,,,,,<na>,,,,,,,4217,all important fields empty,remove_incomplete_rows
,,,,,,,<na>,,,,,,,4220,all important fields empty,remove_incomplete_rows
,,,,,,,<na>,,,,,,,4221,all important fields empty,remove_incomplete_rows
,,,,,,,<na>,,,,,,,4224,all important fields empty,remove_incomplete_rows
,,,,,,,<na>,,,,,,,4225,all important fields empty,remove_incomplete_rows
,,,,,,,<na>,,,,,,,4229,all important fields empty,remove_incomplete_rows
,,,,,,,<na>,,,,,,,4230,all important fields empty,remove_incomplete_rows
,,,,,,,<na>,,,,,,,4234,all important fields empty,remove_incomplete_rows
,,,,,,,<na>,,,,,,,4235,all important fields empty,remove_incomplete_rows
,,,,,,,<na>,,,,,,,4238,all important fields empty,remove_incomplete_rows
,,,,,,,<na>,,,,,,,4239,all important fields empty,remove_incomplete_rows
,,,,,,,<na>,,,,,,,4242,all important fields empty,remove_incomplete_rows
,,,,,,,<na>,,,,,,,4243,all important fields empty,remove_incomplete_rows
,,,,,,,<na>,,,,,,,4246,all important fields empty,remove_incomplete_rows
,,,,,,,<na>,,,,,,,4247,all important fields empty,remove_incomplete_rows
,,,,,,,<na>,,,,,,,4250,all important fields empty,remove_incomplete_rows
,,,,,,,<na>,,,,,,,4251,all important fields empty,remove_incomplete_rows
,,,,,,,<na>,,,,,,,4254,all important fields empty,remove_incomplete_rows
,,,,,,,<na>,,,,,,,4255,all important fields empty,remove_incomplete_rows
,,,,,,,<na>,,,,,,,4259,all important fields empty,remove_incomplete_rows
,,,,,,,<na>,,,,,,,4260,all important fields empty,remove_incomplete_rows
,,,,,,,<na>,,,,,,,4264,all important fields empty,remove_incomplete_rows
,,,,,,,<na>,,,,,,,4265,all important fields empty,remove_incomplete_rows
,,,,,,,<na>,,,,,,,4269,all important fields empty,remove_incomplete_rows
,,,,,,,<na>,,,,,,,4270,all important fields empty,remove_incomplete_rows
,,,,,,,<na>,,,,,,,4275,all important fields empty,remove_incomplete_rows
,,,,,,,<na>,,,,,,,4276,all important fields empty,remove_incomplete_rows
,,,,,,,<na>,,,,,,,4282,all important fields empty,remove_incomplete_rows
,,,,,,,<na>,,,,,,,4283,all important fields empty,remove_incomplete_rows
,,,,,,,<na>,,,,,,,4287,all important fields empty,remove_incomplete_rows
,,,,,,,<na>,,,,,,,4288,all important fields empty,remove_incomplete_rows
,,,,,,,<na>,,,,,,,4291,all important fields empty,remove_incomplete_rows
,,,,,,,<na>,,,,,,,4292,all important fields empty,remove_incomplete_rows
,,,,,,,<na>,,,,,,,4298,all important fields empty,remove_incomplete_rows
,,,,,,,<na>,,,,,,,4299,all important fields empty,remove_incomplete_rows
,,,,,,,<na>,,,,,,,4302,all important fields empty,remove_incomplete_rows
,,,,,,,<na>,,,,,,,4303,all important fields empty,remove_incomplete_rows
,,,,,,,<na>,,,,,,,4307,all important fields empty,remove_incomplete_rows
,,,,,,,<na>,,,,,,,4308,all important fields empty,remove_incomplete_rows
,,,,,,,<na>,,,,,,,4313,all important fields empty,remove_incomplete_rows
,,,,,,,<na>,,,,,,,4314,all important fields empty,remove_incomplete_rows
,,,,,,,<na>,,,,,,,4317,all important fields empty,remove_incomplete_rows
,,,,,,,<na>,,,,,,,4318,all important fields empty,remove_incomplete_rows
,,,,,,,<na>,,,,,,,4321,all important fields empty,remove_incomplete_rows
,,,,,,,<na>,,,,,,,4322,all important fields empty,remove_incomplete_rows
,,,,,,,<na>,,,,,,,4326,all important fields empty,remove_incomplete_rows
,,,,,,,<na>,,,,,,,4327,all important fields empty,remove_incomplete_rows
,,,,,,,<na>,,,,,,,4331,all important fields empty,remove_incomplete_rows
,,,,,,,<na>,,,,,,,4332,all important fields empty,remove_incomplete_rows
,,,,,,,<na>,,,,,,,4335,all important fields empty,remove_incomplete_rows
,,,,,,,<na>,,,,,,,4336,all important fields empty,remove_incomplete_rows
,,,,,,,<na>,,,,,,,4339,all important fields empty,remove_incomplete_rows
,,,,,,,<na>,,,,,,,4340,all important fields empty,remove_incomplete_rows
,,,,,,,<na>,,,,,,,4345,all important fields empty,remove_incomplete_rows
,,,,,,,<na>,,,,,,,4346,all important fields empty,remove_incomplete_rows
,,,,,,,<na>,,,,,,,4349,all important fields empty,remove_incomplete_rows
,,,,,,,<na>,,,,,,,4350,all important fields empty,remove_incomplete_rows
,,,,,,,<na>,,,,,,,4353,all important fields empty,remove_incomplete_rows
,,,,,,,<na>,,,,,,,4354,all important fields empty,remove_incomplete_rows
,,,,,,,<na>,,,,,,,4358,all important fields empty,remove_incomplete_rows
,,,,,,,<na>,,,,,,,4359,all important fields empty,remove_incomplete_rows
,,,,,,,<na>,,,,,,,4362,all important fields empty,remove_incomplete_rows
,,,,,,,<na>,,,,,,,4363,all important fields empty,remove_incomplete_rows
,,,,,,,<na>,,,,,,,4366,all important fields empty,remove_incomplete_rows
,,,,,,,<na>,,,,,,,4367,all important fields empty,remove_incomplete_rows
,,,,,,,<na>,,,,,,,4370,all important fields empty,remove_incomplete_rows
,,,,,,,<na>,,,,,,,4371,all important fields empty,remove_incomplete_rows
,,,,,,,<na>,,,,,,,4375,all important fields empty,remove_incomplete_rows
,,,,,,,<na>,,,,,,,4376,all important fields empty,remove_incomplete_rows
,,,,,,,<na>,,,,,,,4380,all important fields empty,remove_incomplete_rows
,,,,,,,<na>,,,,,,,4381,all important fields empty,remove_incomplete_rows
,,,,,,,<na>,,,,,,,4385,all important fields empty,remove_incomplete_rows
,,,,,,,<na>,,,,,,,4386,all important fields empty,remove_incomplete_rows
,,,,,,,<na>,,,,,,,4389,all important fields empty,remove_incomplete_rows
,,,,,,,<na>,,,,,,,4390,all important fields empty,remove_incomplete_rows
,,,,,,,<na>,,,,,,,4393,all important fields empty,remove_incomplete_rows
,,,,,,,<na>,,,,,,,4394,all important fields empty,remove_incomplete_rows
,,,,,,,<na>,,,,,,,4397,all important fields empty,remove_incomplete_rows
,,,,,,,<na>,,,,,,,4398,all important fields empty,remove_incomplete_rows
,,,,,,,<na>,,,,,,,4404,all important fields empty,remove_incomplete_rows
,,,,,,,<na>,,,,,,,4405,all important fields empty,remove_incomplete_rows
,,,,,,,<na>,,,,,,,4409,all important fields empty,remove_incomplete_rows
,,,,,,,<na>,,,,,,,4410,all important fields empty,remove_incomplete_rows
,,,,,,,<na>,,,,,,,4414,all important fields empty,remove_incomplete_rows
,,,,,,,<na>,,,,,,,4415,all important fields empty,remove_incomplete_rows
,,,,,,,<na>,,,,,,,4419,all important fields empty,remove_incomplete_rows
,,,,,,,<na>,,,,,,,4420,all important fields empty,remove_incomplete_rows
,,,,,,,<na>,,,,,,,4423,all important fields empty,remove_incomplete_rows
,,,,,,,<na>,,,,,,,4424,all important fields empty,remove_incomplete_rows
,,,,,,,<na>,,,,,,,4427,all important fields empty,remove_incomplete_rows
,,,,,,,<na>,,,,,,,4428,all important fields empty,remove_incomplete_rows
,,,,,,,<na>,,,,,,,4431,all important fields empty,remove_incomplete_rows
,,,,,,,<na>,,,,,,,4432,all important fields empty,remove_incomplete_rows
,,,,,,,<na>,,,,,,,4435,all important fields empty,remove_incomplete_rows
,,,,,,,<na>,,,,,,,4436,all important fields empty,remove_incomplete_rows
,,,,,,,<na>,,,,,,,4439,all important fields empty,remove_incomplete_rows
,,,,,,,<na>,,,,,,,4440,all important fields empty,remove_incomplete_rows
,,,,,,,<na>,,,,,,,4445,all important fields empty,remove_incomplete_rows
,,,,,,,<na>,,,,,,,4446,all important fields empty,remove_incomplete_rows
,,,,,,,<na>,,,,,,,4454,all important fields empty,remove_incomplete_rows
,,,,,,,<na>,,,,,,,4455,all important fields empty,remove_incomplete_rows
,,,,,,,<na>,,,,,,,4458,all important fields empty,remove_incomplete_rows
,,,,,,,<na>,,,,,,,4459,all important fields empty,remove_incomplete_rows
,,,,,,,<na>,,,,,,,4468,all important fields empty,remove_incomplete_rows
,,,,,,,<na>,,,,,,,4469,all important fields empty,remove_incomplete_rows
,,,,,,,<na>,,,,,,,4473,all important fields empty,remove_incomplete_rows
,,,,,,,<na>,,,,,,,4474,all important fields empty,remove_incomplete_rows
,,,,,,,<na>,,,,,,,4477,all important fields empty,remove_incomplete_rows
,,,,,,,<na>,,,,,,,4478,all important fields empty,remove_incomplete_rows
,,,,,,,<na>,,,,,,,4481,all important fields empty,remove_incomplete_rows
,,,,,,,<na>,,,,,,,4482,all important fields empty,remove_incomplete_rows
,,,,,,,<na>,,,,,,,4486,all important fields empty,remove_incomplete_rows
,,,,,,,<na>,,,,,,,4487,all important fields empty,remove_incomplete_rows
,,,,,,,<na>,,,,,,,4490,all important fields empty,remove_incomplete_rows
,,,,,,,<na>,,,,,,,4491,all important fields empty,remove_incomplete_rows
,,,,,,,<na>,,,,,,,4497,all important fields empty,remove_incomplete_rows
,,,,,,,<na>,,,,,,,4498,all important fields empty,remove_incomplete_rows
,,,,,,,<na>,,,,,,,4501,all important fields empty,remove_incomplete_rows
,,,,,,,<na>,,,,,,,4502,all important fields empty,remove_incomplete_rows
,,,,,,,<na>,,,,,,,4505,all important fields empty,remove_incomplete_rows
,,,,,,,<na>,,,,,,,4506,all important fields empty,remove_incomplete_rows
,,,,,,,<na>,,,,,,,4510,all important fields empty,remove_incomplete_rows
,,,,,,,<na>,,,,,,,4511,all important fields empty,remove_incomplete_rows
,,,,,,,<na>,,,,,,,4514,all important fields empty,remove_incomplete_rows
,,,,,,,<na>,,,,,,,4515,all important fields empty,remove_incomplete_rows
,,,,,,,<na>,,,,,,,4521,all important fields empty,remove_incomplete_rows
,,,,,,,<na>,,,,,,,4522,all important fields empty,remove_incomplete_rows
,,,,,,,<na>,,,,,,,4526,all important fields empty,remove_incomplete_rows
,,,,,,,<na>,,,,,,,4527,all important fields empty,remove_incomplete_rows
,,,,,,,<na>,,,,,,,4532,all important fields empty,remove_incomplete_rows
,,,,,,,<na>,,,,,,,4533,all important fields empty,remove_incomplete_rows
,,,,,,,<na>,,,,,,,4536,all important fields empty,remove_incomplete_rows
,,,,,,,<na>,,,,,,,4537,all important fields empty,remove_incomplete_rows
,,,,,,,<na>,,,,,,,4541,all important fields empty,remove_incomplete_rows
,,,,,,,<na>,,,,,,,4542,all important fields empty,remove_incomplete_rows
,,,,,,,<na>,,,,,,,4545,all important fields empty,remove_incomplete_rows
,,,,,,,<na>,,,,,,,4546,all important fields empty,remove_incomplete_rows
,,,,,,,<na>,,,,,,,4549,all important fields empty,remove_incomplete_rows
,,,,,,,<na>,,,,,,,4550,all important fields empty,remove_incomplete_rows
,,,,,,,<na>,,,,,,,4553,all important fields empty,remove_incomplete_rows
,,,,,,,<na>,,,,,,,4554,all important fields empty,remove_incomplete_rows
,,,,,,,<na>,,,,,,,4561,all important fields empty,remove_incomplete_rows
,,,,,,,<na>,,,,,,,4562,all important fields empty,remove_incomplete_rows
,,,,,,,<na>,,,,,,,4565,all important fields empty,remove_incomplete_rows
,,,,,,,<na>,,,,,,,4566,all important fields empty,remove_incomplete_rows
,,,,,,,<na>,,,,,,,4569,all important fields empty,remove_incomplete_rows
,,,,,,,<na>,,,,,,,4570,all important fields empty,remove_incomplete_rows
,,,,,,,<na>,,,,,,,4574,all important fields empty,remove_incomplete_rows
,,,,,,,<na>,,,,,,,4575,all important fields empty,remove_incomplete_rows
,,,,,,,<na>,,,,,,,4578,all important fields empty,remove_incomplete_rows
,,,,,,,<na>,,,,,,,4579,all important fields empty,remove_incomplete_rows
,,,,,,,<na>,,,,,,,4582,all important fields empty,remove_incomplete_rows
,,,,,,,<na>,,,,,,,4583,all important fields empty,remove_incomplete_rows
,,,,,,,<na>,,,,,,,4586,all important fields empty,remove_incomplete_rows
,,,,,,,<na>,,,,,,,4587,all important fields empty,remove_incomplete_rows
,,,,,,,<na>,,,,,,,4590,all important fields empty,remove_incomplete_rows
,,,,,,,<na>,,,,,,,4591,all important fields empty,remove_incomplete_rows
,,,,,,,<na>,,,,,,,4594,all important fields empty,remove_incomplete_rows
,,,,,,,<na>,,,,,,,4595,all important fields empty,remove_incomplete_rows
,,,,,,,<na>,,,,,,,4600,all important fields empty,remove_incomplete_rows
,,,,,,,<na>,,,,,,,4601,all important fields empty,remove_incomplete_rows
,,,,,,,<na>,,,,,,,4604,all important fields empty,remove_incomplete_rows
,,,,,,,<na>,,,,,,,4605,all important fields empty,remove_incomplete_rows
,,,,,,,<na>,,,,,,,4609,all important fields empty,remove_incomplete_rows
,,,,,,,<na>,,,,,,,4610,all important fields empty,remove_incomplete_rows
,,,,,,,<na>,,,,,,,4614,all important fields empty,remove_incomplete_rows
,,,,,,,<na>,,,,,,,4615,all important fields empty,remove_incomplete_rows
,,,,,,,<na>,,,,,,,4618,all important fields empty,remove_incomplete_rows
,,,,,,,<na>,,,,,,,4619,all important fields empty,remove_incomplete_rows
,,,,,,,<na>,,,,,,,4623,all important fields empty,remove_incomplete_rows
,,,,,,,<na>,,,,,,,4624,all important fields empty,remove_incomplete_rows
,,,,,,,<na>,,,,,,,4628,all important fields empty,remove_incomplete_rows
,,,,,,,<na>,,,,,,,4629,all important fields empty,remove_incomplete_rows
,,,,,,,<na>,,,,,,,4632,all important fields empty,remove_incomplete_rows
,,,,,,,<na>,,,,,,,4633,all important fields empty,remove_incomplete_rows
,,,,,,,<na>,,,,,,,4636,all important fields empty,remove_incomplete_rows
,,,,,,,<na>,,,,,,,4637,all important fields empty,remove_incomplete_rows
,,,,,,,<na>,,,,,,,4640,all important fields empty,remove_incomplete_rows
,,,,,,,<na>,,,,,,,4641,all important fields empty,remove_incomplete_rows
,,,,,,,<na>,,,,,,,4644,all important fields empty,remove_incomplete_rows
,,,,,,,<na>,,,,,,,4645,all important fields empty,remove_incomplete_rows
,,,,,,,<na>,,,,,,,4648,all important fields empty,remove_incomplete_rows
,,,,,,,<na>,,,,,,,4649,all important fields empty,remove_incomplete_rows
,,,,,,,<na>,,,,,,,4652,all important fields empty,remove_incomplete_rows
,,,,,,,<na>,,,,,,,4653,all important fields empty,remove_incomplete_rows
,,,,,,,<na>,,,,,,,4658,all important fields empty,remove_incomplete_rows
,,,,,,,<na>,,,,,,,4659,all important fields empty,remove_incomplete_rows
,,,,,,,<na>,,,,,,,4663,all important fields empty,remove_incomplete_rows
,,,,,,,<na>,,,,,,,4664,all important fields empty,remove_incomplete_rows
,,,,,,,<na>,,,,,,,4667,all important fields empty,remove_incomplete_rows
,,,,,,,<na>,,,,,,,4668,all important fields empty,remove_incomplete_rows
,,,,,,,<na>,,,,,,,4671,all important fields empty,remove_incomplete_rows
,,,,,,,<na>,,,,,,,4672,all important fields empty,remove_incomplete_rows
,,,,,,,<na>,,,,,,,4675,all important fields empty,remove_incomplete_rows
,,,,,,,<na>,,,,,,,4676,all important fields empty,remove_incomplete_rows
,,,,,,,<na>,,,,,,,4679,all important fields empty,remove_incomplete_rows
,,,,,,,<na>,,,,,,,4680,all important fields empty,remove_incomplete_rows
,,,,,,,<na>,,,,,,,4683,all important fields empty,remove_incomplete_rows
,,,,,,,<na>,,,,,,,4684,all important fields empty,remove_incomplete_rows
,,,,,,,<na>,,,,,,,4687,all important fields empty,remove_incomplete_rows
,,,,,,,<na>,,,,,,,4688,all important fields empty,remove_incomplete_rows
,,,,,,,<na>,,,,,,,4691,all important fields empty,remove_incomplete_rows
,,,,,,,<na>,,,,,,,4692,all important fields empty,remove_incomplete_rows
,,,,,,,<na>,,,,,,,4695,all important fields empty,remove_incomplete_rows
,,,,,,,<na>,,,,,,,4696,all important fields empty,remove_incomplete_rows
,,,,,,,<na>,,,,,,,4699,all important fields empty,remove_incomplete_rows
,,,,,,,<na>,,,,,,,4700,all important fields empty,remove_incomplete_rows
,,,,,,,<na>,,,,,,,4703,all important fields empty,remove_incomplete_rows
,,,,,,,<na>,,,,,,,4704,all important fields empty,remove_incomplete_rows
,,,,,,,<na>,,,,,,,4707,all important fields empty,remove_incomplete_rows
,,,,,,,<na>,,,,,,,4708,all important fields empty,remove_incomplete_rows
,,,,,,,<na>,,,,,,,4714,all important fields empty,remove_incomplete_rows
,,,,,,,<na>,,,,,,,4715,all important fields empty,remove_incomplete_rows
,,,,,,,<na>,,,,,,,4719,all important fields empty,remove_incomplete_rows
,,,,,,,<na>,,,,,,,4720,all important fields empty,remove_incomplete_rows
,,,,,,,<na>,,,,,,,4723,all important fields empty,remove_incomplete_rows
,,,,,,,<na>,,,,,,,4724,all important fields empty,remove_incomplete_rows
,,,,,,,<na>,,,,,,,4727,all important fields empty,remove_incomplete_rows
,,,,,,,<na>,,,,,,,4728,all important fields empty,remove_incomplete_rows
,,,,,,,<na>,,,,,,,4736,all important fields empty,remove_incomplete_rows
,,,,,,,<na>,,,,,,,4737,all important fields empty,remove_incomplete_rows
,,,,,,,<na>,,,,,,,4740,all important fields empty,remove_incomplete_rows
,,,,,,,<na>,,,,,,,4741,all important fields empty,remove_incomplete_rows
,,,,,,,<na>,,,,,,,4744,all important fields empty,remove_incomplete_rows
,,,,,,,<na>,,,,,,,4745,all important fields empty,remove_incomplete_rows
,,,,,,,<na>,,,,,,,4750,all important fields empty,remove_incomplete_rows
,,,,,,,<na>,,,,,,,4751,all important fields empty,remove_incomplete_rows
,,,,,,,<na>,,,,,,,4755,all important fields empty,remove_incomplete_rows
,,,,,,,<na>,,,,,,,4756,all important fields empty,remove_incomplete_rows
,,,,,,,<na>,,,,,,,4759,all important fields empty,remove_incomplete_rows
,,,,,,,<na>,,,,,,,4760,all important fields empty,remove_incomplete_rows
,,,,,,,<na>,,,,,,,4763,all important fields empty,remove_incomplete_rows
,,,,,,,<na>,,,,,,,4764,all important fields empty,remove_incomplete_rows
,,,,,,,<na>,,,,,,,4767,all important fields empty,remove_incomplete_rows
,,,,,,,<na>,,,,,,,4768,all important fields empty,remove_incomplete_rows
,,,,,,,<na>,,,,,,,4771,all important fields empty,remove_incomplete_rows
,,,,,,,<na>,,,,,,,4772,all important fields empty,remove_incomplete_rows
,,,,,,,<na>,,,,,,,4775,all important fields empty,remove_incomplete_rows
,,,,,,,<na>,,,,,,,4776,all important fields empty,remove_incomplete_rows
,,,,,,,<na>,,,,,,,4782,all important fields empty,remove_incomplete_rows
,,,,,,,<na>,,,,,,,4783,all important fields empty,remove_incomplete_rows
,,,,,,,<na>,,,,,,,4786,all important fields empty,remove_incomplete_rows
,,,,,,,<na>,,,,,,,4787,all important fields empty,remove_incomplete_rows
,,,,,,,<na>,,,,,,,4790,all important fields empty,remove_incomplete_rows
,,,,,,,<na>,,,,,,,4791,all important fields empty,remove_incomplete_rows
,,,,,,,<na>,,,,,,,4794,all important fields empty,remove_incomplete_rows
,,,,,,,<na>,,,,,,,4795,all important fields empty,remove_incomplete_rows
,,,,,,,<na>,,,,,,,4798,all important fields empty,remove_incomplete_rows
,,,,,,,<na>,,,,,,,4799,all important fields empty,remove_incomplete_rows
,,,,,,,<na>,,,,,,,4802,all important fields empty,remove_incomplete_rows
,,,,,,,<na>,,,,,,,4803,all important fields empty,remove_incomplete_rows
,,,,,,,<na>,,,,,,,4806,all important fields empty,remove_incomplete_rows
,,,,,,,<na>,,,,,,,4807,all important fields empty,remove_incomplete_rows
,,,,,,,<na>,,,,,,,4810,all important fields empty,remove_incomplete_rows
,,,,,,,<na>,,,,,,,4811,all important fields empty,remove_incomplete_rows
,,,,,,,<na>,,,,,,,4814,all important fields empty,remove_incomplete_rows
,,,,,,,<na>,,,,,,,4815,all important fields empty,remove_incomplete_rows
,,,,,,,<na>,,,,,,,4818,all important fields empty,remove_incomplete_rows
,,,,,,,<na>,,,,,,,4819,all important fields empty,remove_incomplete_rows
,,,,,,,<na>,,,,,,,4822,all important fields empty,remove_incomplete_rows
,,,,,,,<na>,,,,,,,4823,all important fields empty,remove_incomplete_rows
,,,,,,,<na>,,,,,,,4826,all important fields empty,remove_incomplete_rows
,,,,,,,<na>,,,,,,,4827,all important fields empty,remove_incomplete_rows
,,,,,,,<na>,,,,,,,4830,all important fields empty,remove_incomplete_rows
,,,,,,,<na>,,,,,,,4831,all important fields empty,remove_incomplete_rows
,,,,,,,<na>,,,,,,,4835,all important fields empty,remove_incomplete_rows
,,,,,,,<na>,,,,,,,4836,all important fields empty,remove_incomplete_rows
,,,,,,,<na>,,,,,,,4839,all important fields empty,remove_incomplete_rows
,,,,,,,<na>,,,,,,,4840,all important fields empty,remove_incomplete_rows
,,,,,,,<na>,,,,,,,4847,all important fields empty,remove_incomplete_rows
,,,,,,,<na>,,,,,,,4848,all important fields empty,remove_incomplete_rows
,,,,,,,<na>,,,,,,,4852,all important fields empty,remove_incomplete_rows
,,,,,,,<na>,,,,,,,4853,all important fields empty,remove_incomplete_rows
,,,,,,,<na>,,,,,,,4857,all important fields empty,remove_incomplete_rows
,,,,,,,<na>,,,,,,,4858,all important fields empty,remove_incomplete_rows
,,,,,,,<na>,,,,,,,4862,all important fields empty,remove_incomplete_rows
,,,,,,,<na>,,,,,,,4863,all important fields empty,remove_incomplete_rows
,,,,,,,<na>,,,,,,,4873,all important fields empty,remove_incomplete_rows
,,,,,,,<na>,,,,,,,4874,all important fields empty,remove_incomplete_rows
,,,,,,,<na>,,,,,,,4877,all important fields empty,remove_incomplete_rows
,,,,,,,<na>,,,,,,,4878,all important fields empty,remove_incomplete_rows
,,,,,,,<na>,,,,,,,4882,all important fields empty,remove_incomplete_rows
,,,,,,,<na>,,,,,,,4883,all important fields empty,remove_incomplete_rows
,,,,,,,<na>,,,,,,,4886,all important fields empty,remove_incomplete_rows
,,,,,,,<na>,,,,,,,4887,all important fields empty,remove_incomplete_rows
,,,,,,,<na>,,,,,,,4891,all important fields empty,remove_incomplete_rows
,,,,,,,<na>,,,,,,,4892,all important fields empty,remove_incomplete_rows
,,,,,,,<na>,,,,,,,4896,all important fields empty,remove_incomplete_rows
,,,,,,,<na>,,,,,,,4897,all important fields empty,remove_incomplete_rows
,,,,,,,<na>,,,,,,,4900,all important fields empty,remove_incomplete_rows
,,,,,,,<na>,,,,,,,4901,all important fields empty,remove_incomplete_rows
,,,,,,,<na>,,,,,,,4904,all important fields empty,remove_incomplete_rows
,,,,,,,<na>,,,,,,,4905,all important fields empty,remove_incomplete_rows
,,,,,,,<na>,,,,,,,4911,all important fields empty,remove_incomplete_rows
,,,,,,,<na>,,,,,,,4912,all important fields empty,remove_incomplete_rows
,,,,,,,<na>,,,,,,,4915,all important fields empty,remove_incomplete_rows
,,,,,,,<na>,,,,,,,4916,all important fields empty,remove_incomplete_rows
,,,,,,,<na>,,,,,,,4920,all important fields empty,remove_incomplete_rows
,,,,,,,<na>,,,,,,,4921,all important fields empty,remove_incomplete_rows
,,,,,,,<na>,,,,,,,4924,all important fields empty,remove_incomplete_rows
,,,,,,,<na>,,,,,,,4925,all important fields empty,remove_incomplete_rows
,,,,,,,<na>,,,,,,,4930,all important fields empty,remove_incomplete_rows
,,,,,,,<na>,,,,,,,4931,all important fields empty,remove_incomplete_rows
,,,,,,,<na>,,,,,,,4936,all important fields empty,remove_incomplete_rows
,,,,,,,<na>,,,,,,,4937,all important fields empty,remove_incomplete_rows
,,,,,,,<na>,,,,,,,4945,all important fields empty,remove_incomplete_rows
,,,,,,,<na>,,,,,,,4946,all important fields empty,remove_incomplete_rows
,,,,,,,<na>,,,,,,,4949,all important fields empty,remove_incomplete_rows
,,,,,,,<na>,,,,,,,4950,all important fields empty,remove_incomplete_rows
,,,,,,,<na>,,,,,,,4956,all important fields empty,remove_incomplete_rows
,,,,,,,<na>,,,,,,,4957,all important fields empty,remove_incomplete_rows
,,,,,,,<na>,,,,,,,4960,all important fields empty,remove_incomplete_rows
,,,,,,,<na>,,,,,,,4961,all important fields empty,remove_incomplete_rows
,,,,,,,<na>,,,,,,,4966,all important fields empty,remove_incomplete_rows
,,,,,,,<na>,,,,,,,4967,all important fields empty,remove_incomplete_rows
,,,,,,,<na>,,,,,,,4970,all important fields empty,remove_incomplete_rows
,,,,,,,<na>,,,,,,,4971,all important fields empty,remove_incomplete_rows
,,,,,,,<na>,,,,,,,4974,all important fields empty,remove_incomplete_rows
,,,,,,,<na>,,,,,,,4975,all important fields empty,remove_incomplete_rows
,,,,,,,<na>,,,,,,,4979,all important fields empty,remove_incomplete_rows
,,,,,,,<na>,,,,,,,4980,all important fields empty,remove_incomplete_rows
,,,,,,,<na>,,,,,,,4986,all important fields empty,remove_incomplete_rows
,,,,,,,<na>,,,,,,,4987,all important fields empty,remove_incomplete_rows
,,,,,,,<na>,,,,,,,4991,all important fields empty,remove_incomplete_rows
,,,,,,,<na>,,,,,,,4992,all important fields empty,remove_incomplete_rows
,,,,,,,<na>,,,,,,,4997,all important fields empty,remove_incomplete_rows
,,,,,,,<na>,,,,,,,4998,all important fields empty,remove_incomplete_rows
,,,,,,,<na>,,,,,,,5001,all important fields empty,remove_incomplete_rows
,,,,,,,<na>,,,,,,,5002,all important fields empty,remove_incomplete_rows
,,,,,,,<na>,,,,,,,5006,all important fields empty,remove_incomplete_rows
,,,,,,,<na>,,,,,,,5007,all important fields empty,remove_incomplete_rows
,,,,,,,<na>,,,,,,,5011,all important fields empty,remove_incomplete_rows
,,,,,,,<na>,,,,,,,5012,all important fields empty,remove_incomplete_rows
,,,,,,,<na>,,,,,,,5015,all important fields empty,remove_incomplete_rows
,,,,,,,<na>,,,,,,,5016,all important fields empty,remove_incomplete_rows
,,,,,,,<na>,,,,,,,5019,all important fields empty,remove_incomplete_rows
,,,,,,,<na>,,,,,,,5020,all important fields empty,remove_incomplete_rows
,,,,,,,<na>,,,,,,,5025,all important fields empty,remove_incomplete_rows
,,,,,,,<na>,,,,,,,5026,all important fields empty,remove_incomplete_rows
,,,,,,,<na>,,,,,,,5030,all important fields empty,remove_incomplete_rows
,,,,,,,<na>,,,,,,,5031,all important fields empty,remove_incomplete_rows
,,,,,,,<na>,,,,,,,5035,all important fields empty,remove_incomplete_rows
,,,,,,,<na>,,,,,,,5036,all important fields empty,remove_incomplete_rows
,,,,,,,<na>,,,,,,,5039,all important fields empty,remove_incomplete_rows
,,,,,,,<na>,,,,,,,5040,all important fields empty,remove_incomplete_rows
,,,,,,,<na>,,,,,,,5043,all important fields empty,remove_incomplete_rows
,,,,,,,<na>,,,,,,,5044,all important fields empty,remove_incomplete_rows
,,,,,,,<na>,,,,,,,5047,all important fields empty,remove_incomplete_rows
,,,,,,,<na>,,,,,,,5048,all important fields empty,remove_incomplete_rows
,,,,,,,<na>,,,,,,,5051,all important fields empty,remove_incomplete_rows
,,,,,,,<na>,,,,,,,5052,all important fields empty,remove_incomplete_rows
,,,,,,,<na>,,,,,,,5055,all important fields empty,remove_incomplete_rows
,,,,,,,<na>,,,,,,,5056,all important fields empty,remove_incomplete_rows
,,,,,,,<na>,,,,,,,5059,all important fields empty,remove_incomplete_rows
,,,,,,,<na>,,,,,,,5060,all important fields empty,remove_incomplete_rows
,,,,,,,<na>,,,,,,,5063,all important fields empty,remove_incomplete_rows
,,,,,,,<na>,,,,,,,5064,all important fields empty,remove_incomplete_rows
,,,,,,,<na>,,,,,,,5069,all important fields empty,remove_incomplete_rows
,,,,,,,<na>,,,,,,,5070,all important fields empty,remove_incomplete_rows
,,,,,,,<na>,,,,,,,5073,all important fields empty,remove_incomplete_rows
,,,,,,,<na>,,,,,,,5074,all important fields empty,remove_incomplete_rows
,,,,,,,<na>,,,,,,,5077,all important fields empty,remove_incomplete_rows
,,,,,,,<na>,,,,,,,5078,all important fields empty,remove_incomplete_rows
,,,,,,,<na>,,,,,,,5082,all important fields empty,remove_incomplete_rows
,,,,,,,<na>,,,,,,,5083,all important fields empty,remove_incomplete_rows
,,,,,,,<na>,,,,,,,5087,all important fields empty,remove_incomplete_rows
,,,,,,,<na>,,,,,,,5088,all important fields empty,remove_incomplete_rows
,,,,,,,<na>,,,,,,,5094,all important fields empty,remove_incomplete_rows
,,,,,,,<na>,,,,,,,5095,all important fields empty,remove_incomplete_rows
,,,,,,,<na>,,,,,,,5098,all important fields empty,remove_incomplete_rows
,,,,,,,<na>,,,,,,,5099,all important fields empty,remove_incomplete_rows
,,,,,,,<na>,,,,,,,5105,all important fields empty,remove_incomplete_rows
,,,,,,,<na>,,,,,,,5106,all important fields empty,remove_incomplete_rows
,,,,,,,<na>,,,,,,,5110,all important fields empty,remove_incomplete_rows
,,,,,,,<na>,,,,,,,5111,all important fields empty,remove_incomplete_rows
,,,,,,,<na>,,,,,,,5114,all important fields empty,remove_incomplete_rows
,,,,,,,<na>,,,,,,,5115,all important fields empty,remove_incomplete_rows
,,,,,,,<na>,,,,,,,5119,all important fields empty,remove_incomplete_rows
,,,,,,,<na>,,,,,,,5120,all important fields empty,remove_incomplete_rows
,,,,,,,<na>,,,,,,,5123,all important fields empty,remove_incomplete_rows
,,,,,,,<na>,,,,,,,5124,all important fields empty,remove_incomplete_rows
,,,,,,,<na>,,,,,,,5128,all important fields empty,remove_incomplete_rows
,,,,,,,<na>,,,,,,,5129,all important fields empty,remove_incomplete_rows
,,,,,,,<na>,,,,,,,5132,all important fields empty,remove_incomplete_rows
,,,,,,,<na>,,,,,,,5133,all important fields empty,remove_incomplete_rows
,,,,,,,<na>,,,,,,,5136,all important fields empty,remove_incomplete_rows
,,,,,,,<na>,,,,,,,5137,all important fields empty,remove_incomplete_rows
,,,,,,,<na>,,,,,,,5142,all important fields empty,remove_incomplete_rows
,,,,,,,<na>,,,,,,,5143,all important fields empty,remove_incomplete_rows
,,,,,,,<na>,,,,,,,5147,all important fields empty,remove_incomplete_rows
,,,,,,,<na>,,,,,,,5148,all important fields empty,remove_incomplete_rows
,,,,,,,<na>,,,,,,,5151,all important fields empty,remove_incomplete_rows
,,,,,,,<na>,,,,,,,5152,all important fields empty,remove_incomplete_rows
,,,,,,,<na>,,,,,,,5155,all important fields empty,remove_incomplete_rows
,,,,,,,<na>,,,,,,,5156,all important fields empty,remove_incomplete_rows
,,,,,,,<na>,,,,,,,5161,all important fields empty,remove_incomplete_rows
,,,,,,,<na>,,,,,,,5162,all important fields empty,remove_incomplete_rows
,,,,,,,<na>,,,,,,,5167,all important fields empty,remove_incomplete_rows
,,,,,,,<na>,,,,,,,5168,all important fields empty,remove_incomplete_rows
,,,,,,,<na>,,,,,,,5172,all important fields empty,remove_incomplete_rows
,,,,,,,<na>,,,,,,,5173,all important fields empty,remove_incomplete_rows
,,,,,,,<na>,,,,,,,5176,all important fields empty,remove_incomplete_rows
,,,,,,,<na>,,,,,,,5177,all important fields empty,remove_incomplete_rows
,,,,,,,<na>,,,,,,,5180,all important fields empty,remove_incomplete_rows
,,,,,,,<na>,,,,,,,5181,all important fields empty,remove_incomplete_rows
,,,,,,,<na>,,,,,,,5186,all important fields empty,remove_incomplete_rows
,,,,,,,<na>,,,,,,,5187,all important fields empty,remove_incomplete_rows
,,,,,,,<na>,,,,,,,5191,all important fields empty,remove_incomplete_rows
,,,,,,,<na>,,,,,,,5192,all important fields empty,remove_incomplete_rows
,,,,,,,<na>,,,,,,,5195,all important fields empty,remove_incomplete_rows
,,,,,,,<na>,,,,,,,5196,all important fields empty,remove_incomplete_rows
,,,,,,,<na>,,,,,,,5199,all important fields empty,remove_incomplete_rows
,,,,,,,<na>,,,,,,,5200,all important fields empty,remove_incomplete_rows
,,,,,,,<na>,,,,,,,5203,all important fields empty,remove_incomplete_rows
,,,,,,,<na>,,,,,,,5204,all important fields empty,remove_incomplete_rows
,,,,,,,<na>,,,,,,,5207,all important fields empty,remove_incomplete_rows
,,,,,,,<na>,,,,,,,5208,all important fields empty,remove_incomplete_rows
,,,,,,,<na>,,,,,,,5211,all important fields empty,remove_incomplete_rows
,,,,,,,<na>,,,,,,,5212,all important fields empty,remove_incomplete_rows
,,,,,,,<na>,,,,,,,5215,all important fields empty,remove_incomplete_rows
,,,,,,,<na>,,,,,,,5216,all important fields empty,remove_incomplete_rows
,,,,,,,<na>,,,,,,,5221,all important fields empty,remove_incomplete_rows
,,,,,,,<na>,,,,,,,5222,all important fields empty,remove_incomplete_rows
,,,,,,,<na>,,,,,,,5225,all important fields empty,remove_incomplete_rows
,,,,,,,<na>,,,,,,,5226,all important fields empty,remove_incomplete_rows
,,,,,,,<na>,,,,,,,5229,all important fields empty,remove_incomplete_rows
,,,,,,,<na>,,,,,,,5230,all important fields empty,remove_incomplete_rows
,,,,,,,<na>,,,,,,,5234,all important fields empty,remove_incomplete_rows
,,,,,,,<na>,,,,,,,5235,all important fields empty,remove_incomplete_rows
,,,,,,,<na>,,,,,,,5240,all important fields empty,remove_incomplete_rows
,,,,,,,<na>,,,,,,,5241,all important fields empty,remove_incomplete_rows
,,,,,,,<na>,,,,,,,5244,all important fields empty,remove_incomplete_rows
,,,,,,,<na>,,,,,,,5245,all important fields empty,remove_incomplete_rows
,,,,,,,<na>,,,,,,,5248,all important fields empty,remove_incomplete_rows
,,,,,,,<na>,,,,,,,5249,all important fields empty,remove_incomplete_rows
,,,,,,,<na>,,,,,,,5252,all important fields empty,remove_incomplete_rows
,,,,,,,<na>,,,,,,,5253,all important fields empty,remove_incomplete_rows
,,,,,,,<na>,,,,,,,5257,all important fields empty,remove_incomplete_rows
,,,,,,,<na>,,,,,,,5258,all important fields empty,remove_incomplete_rows
,,,,,,,<na>,,,,,,,5262,all important fields empty,remove_incomplete_rows
,,,,,,,<na>,,,,,,,5263,all important fields empty,remove_incomplete_rows
,,,,,,,<na>,,,,,,,5267,all important fields empty,remove_incomplete_rows
,,,,,,,<na>,,,,,,,5268,all important fields empty,remove_incomplete_rows
,,,,,,,<na>,,,,,,,5271,all important fields empty,remove_incomplete_rows
,,,,,,,<na>,,,,,,,5272,all important fields empty,remove_incomplete_rows
,,,,,,,<na>,,,,,,,5277,all important fields empty,remove_incomplete_rows
,,,,,,,<na>,,,,,,,5278,all important fields empty,remove_incomplete_rows
,,,,,,,<na>,,,,,,,5281,all important fields empty,remove_incomplete_rows
,,,,,,,<na>,,,,,,,5282,all important fields empty,remove_incomplete_rows
,,,,,,,<na>,,,,,,,5285,all important fields empty,remove_incomplete_rows
,,,,,,,<na>,,,,,,,5286,all important fields empty,remove_incomplete_rows
,,,,,,,<na>,,,,,,,5289,all important fields empty,remove_incomplete_rows
,,,,,,,<na>,,,,,,,5290,all important fields empty,remove_incomplete_rows
,,,,,,,<na>,,,,,,,5293,all important fields empty,remove_incomplete_rows
,,,,,,,<na>,,,,,,,5294,all important fields empty,remove_incomplete_rows
,,,,,,,<na>,,,,,,,5298,all important fields empty,remove_incomplete_rows
,,,,,,,<na>,,,,,,,5299,all important fields empty,remove_incomplete_rows
,,,,,,,<na>,,,,,,,5304,all important fields empty,remove_incomplete_rows
,,,,,,,<na>,,,,,,,5305,all important fields empty,remove_incomplete_rows
,,,,,,,<na>,,,,,,,5308,all important fields empty,remove_incomplete_rows
,,,,,,,<na>,,,,,,,5309,all important fields empty,remove_incomplete_rows
,,,,,,,<na>,,,,,,,5317,all important fields empty,remove_incomplete_rows
,,,,,,,<na>,,,,,,,5318,all important fields empty,remove_incomplete_rows
,,,,,,,<na>,,,,,,,5321,all important fields empty,remove_incomplete_rows
,,,,,,,<na>,,,,,,,5322,all important fields empty,remove_incomplete_rows
,,,,,,,<na>,,,,,,,5325,all important fields empty,remove_incomplete_rows
,,,,,,,<na>,,,,,,,5326,all important fields empty,remove_incomplete_rows
,,,,,,,<na>,,,,,,,5332,all important fields empty,remove_incomplete_rows
,,,,,,,<na>,,,,,,,5333,all important fields empty,remove_incomplete_rows
,,,,,,,<na>,,,,,,,5336,all important fields empty,remove_incomplete_rows
,,,,,,,<na>,,,,,,,5337,all important fields empty,remove_incomplete_rows
,,,,,,,<na>,,,,,,,5340,all important fields empty,remove_incomplete_rows
,,,,,,,<na>,,,,,,,5341,all important fields empty,remove_incomplete_rows
,,,,,,,<na>,,,,,,,5344,all important fields empty,remove_incomplete_rows
,,,,,,,<na>,,,,,,,5345,all important fields empty,remove_incomplete_rows
,,,,,,,<na>,,,,,,,5349,all important fields empty,remove_incomplete_rows
,,,,,,,<na>,,,,,,,5350,all important fields empty,remove_incomplete_rows
,,,,,,,<na>,,,,,,,5353,all important fields empty,remove_incomplete_rows
,,,,,,,<na>,,,,,,,5354,all important fields empty,remove_incomplete_rows
,,,,,,,<na>,,,,,,,5357,all important fields empty,remove_incomplete_rows
,,,,,,,<na>,,,,,,,5358,all important fields empty,remove_incomplete_rows
,,,,,,,<na>,,,,,,,5361,all important fields empty,remove_incomplete_rows
,,,,,,,<na>,,,,,,,5362,all important fields empty,remove_incomplete_rows
,,,,,,,<na>,,,,,,,5366,all important fields empty,remove_incomplete_rows
,,,,,,,<na>,,,,,,,5367,all important fields empty,remove_incomplete_rows
,,,,,,,<na>,,,,,,,5371,all important fields empty,remove_incomplete_rows
,,,,,,,<na>,,,,,,,5372,all important fields empty,remove_incomplete_rows
,,,,,,,<na>,,,,,,,5375,all important fields empty,remove_incomplete_rows
,,,,,,,<na>,,,,,,,5376,all important fields empty,remove_incomplete_rows
,,,,,,,<na>,,,,,,,5379,all important fields empty,remove_incomplete_rows
,,,,,,,<na>,,,,,,,5380,all important fields empty,remove_incomplete_rows
,,,,,,,<na>,,,,,,,5384,all important fields empty,remove_incomplete_rows
,,,,,,,<na>,,,,,,,5385,all important fields empty,remove_incomplete_rows
,,,,,,,<na>,,,,,,,5389,all important fields empty,remove_incomplete_rows
,,,,,,,<na>,,,,,,,5390,all important fields empty,remove_incomplete_rows
,,,,,,,<na>,,,,,,,5393,all important fields empty,remove_incomplete_rows
,,,,,,,<na>,,,,,,,5394,all important fields empty,remove_incomplete_rows
,,,,,,,<na>,,,,,,,5397,all important fields empty,remove_incomplete_rows
,,,,,,,<na>,,,,,,,5398,all important fields empty,remove_incomplete_rows
,,,,,,,<na>,,,,,,,5401,all important fields empty,remove_incomplete_rows
,,,,,,,<na>,,,,,,,5402,all important fields empty,remove_incomplete_rows
,,,,,,,<na>,,,,,,,5408,all important fields empty,remove_incomplete_rows
,,,,,,,<na>,,,,,,,5409,all important fields empty,remove_incomplete_rows
,,,,,,,<na>,,,,,,,5413,all important fields empty,remove_incomplete_rows
,,,,,,,<na>,,,,,,,5414,all important fields empty,remove_incomplete_rows
,,,,,,,<na>,,,,,,,5417,all important fields empty,remove_incomplete_rows
,,,,,,,<na>,,,,,,,5418,all important fields empty,remove_incomplete_rows
,,,,,,,<na>,,,,,,,5421,all important fields empty,remove_incomplete_rows
,,,,,,,<na>,,,,,,,5422,all important fields empty,remove_incomplete_rows
,,,,,,,<na>,,,,,,,5425,all important fields empty,remove_incomplete_rows
,,,,,,,<na>,,,,,,,5426,all important fields empty,remove_incomplete_rows
,,,,,,,<na>,,,,,,,5430,all important fields empty,remove_incomplete_rows
,,,,,,,<na>,,,,,,,5431,all important fields empty,remove_incomplete_rows
,,,,,,,<na>,,,,,,,5434,all important fields empty,remove_incomplete_rows
,,,,,,,<na>,,,,,,,5435,all important fields empty,remove_incomplete_rows
,,,,,,,<na>,,,,,,,5438,all important fields empty,remove_incomplete_rows
,,,,,,,<na>,,,,,,,5439,all important fields empty,remove_incomplete_rows
,,,,,,,<na>,,,,,,,5442,all important fields empty,remove_incomplete_rows
,,,,,,,<na>,,,,,,,5443,all important fields empty,remove_incomplete_rows
,,,,,,,<na>,,,,,,,5446,all important fields empty,remove_incomplete_rows
,,,,,,,<na>,,,,,,,5447,all important fields empty,remove_incomplete_rows
,,,,,,,<na>,,,,,,,5451,all important fields empty,remove_incomplete_rows
,,,,,,,<na>,,,,,,,5452,all important fields empty,remove_incomplete_rows
,,,,,,,<na>,,,,,,,5456,all important fields empty,remove_incomplete_rows
,,,,,,,<na>,,,,,,,5457,all important fields empty,remove_incomplete_rows
,,,,,,,<na>,,,,,,,5461,all important fields empty,remove_incomplete_rows
,,,,,,,<na>,,,,,,,5462,all important fields empty,remove_incomplete_rows
,,,,,,,<na>,,,,,,,5465,all important fields empty,remove_incomplete_rows
,,,,,,,<na>,,,,,,,5466,all important fields empty,remove_incomplete_rows
,,,,,,,<na>,,,,,,,5469,all important fields empty,remove_incomplete_rows
,,,,,,,<na>,,,,,,,5470,all important fields empty,remove_incomplete_rows
,,,,,,,<na>,,,,,,,5475,all important fields empty,remove_incomplete_rows
,,,,,,,<na>,,,,,,,5476,all important fields empty,remove_incomplete_rows
,,,,,,,<na>,,,,,,,5480,all important fields empty,remove_incomplete_rows
,,,,,,,<na>,,,,,,,5481,all important fields empty,remove_incomplete_rows
,,,,,,,<na>,,,,,,,5487,all important fields empty,remove_incomplete_rows
,,,,,,,<na>,,,,,,,5488,all important fields empty,remove_incomplete_rows
,,,,,,,<na>,,,,,,,5491,all important fields empty,remove_incomplete_rows
,,,,,,,<na>,,,,,,,5492,all important fields empty,remove_incomplete_rows
,,,,,,,<na>,,,,,,,5495,all important fields empty,remove_incomplete_rows
,,,,,,,<na>,,,,,,,5496,all important fields empty,remove_incomplete_rows
,,,,,,,<na>,,,,,,,5499,all important fields empty,remove_incomplete_rows
,,,,,,,<na>,,,,,,,5500,all important fields empty,remove_incomplete_rows
,,,,,,,<na>,,,,,,,5503,all important fields empty,remove_incomplete_rows
,,,,,,,<na>,,,,,,,5504,all important fields empty,remove_incomplete_rows
,,,,,,,<na>,,,,,,,5508,all important fields empty,remove_incomplete_rows
,,,,,,,<na>,,,,,,,5509,all important fields empty,remove_incomplete_rows
,,,,,,,<na>,,,,,,,5512,all important fields empty,remove_incomplete_rows
,,,,,,,<na>,,,,,,,5513,all important fields empty,remove_incomplete_rows
,,,,,,,<na>,,,,,,,5518,all important fields empty,remove_incomplete_rows
,,,,,,,<na>,,,,,,,5519,all important fields empty,remove_incomplete_rows
,,,,,,,<na>,,,,,,,5524,all important fields empty,remove_incomplete_rows
,,,,,,,<na>,,,,,,,5525,all important fields empty,remove_incomplete_rows
,,,,,,,<na>,,,,,,,5528,all important fields empty,remove_incomplete_rows
,,,,,,,<na>,,,,,,,5529,all important fields empty,remove_incomplete_rows
,,,,,,,<na>,,,,,,,5533,all important fields empty,remove_incomplete_rows
,,,,,,,<na>,,,,,,,5534,all important fields empty,remove_incomplete_rows
,,,,,,,<na>,,,,,,,5537,all important fields empty,remove_incomplete_rows
,,,,,,,<na>,,,,,,,5538,all important fields empty,remove_incomplete_rows
,,,,,,,<na>,,,,,,,5541,all important fields empty,remove_incomplete_rows
,,,,,,,<na>,,,,,,,5542,all important fields empty,remove_incomplete_rows
,,,,,,,<na>,,,,,,,5546,all important fields empty,remove_incomplete_rows
,,,,,,,<na>,,,,,,,5547,all important fields empty,remove_incomplete_rows
,,,,,,,<na>,,,,,,,5550,all important fields empty,remove_incomplete_rows
,,,,,,,<na>,,,,,,,5551,all important fields empty,remove_incomplete_rows
,,,,,,,<na>,,,,,,,5555,all important fields empty,remove_incomplete_rows
,,,,,,,<na>,,,,,,,5556,all important fields empty,remove_incomplete_rows
,,,,,,,<na>,,,,,,,5560,all important fields empty,remove_incomplete_rows
,,,,,,,<na>,,,,,,,5561,all important fields empty,remove_incomplete_rows
,,,,,,,<na>,,,,,,,5564,all important fields empty,remove_incomplete_rows
,,,,,,,<na>,,,,,,,5565,all important fields empty,remove_incomplete_rows
,,,,,,,<na>,,,,,,,5568,all important fields empty,remove_incomplete_rows
,,,,,,,<na>,,,,,,,5569,all important fields empty,remove_incomplete_rows
,,,,,,,<na>,,,,,,,5572,all important fields empty,remove_incomplete_rows
,,,,,,,<na>,,,,,,,5573,all important fields empty,remove_incomplete_rows
,,,,,,,<na>,,,,,,,5576,all important fields empty,remove_incomplete_rows
,,,,,,,<na>,,,,,,,5577,all important fields empty,remove_incomplete_rows
,,,,,,,<na>,,,,,,,5580,all important fields empty,remove_incomplete_rows
,,,,,,,<na>,,,,,,,5581,all important fields empty,remove_incomplete_rows
,,,,,,,<na>,,,,,,,5585,all important fields empty,remove_incomplete_rows
,,,,,,,<na>,,,,,,,5586,all important fields empty,remove_incomplete_rows
,,,,,,,<na>,,,,,,,5590,all important fields empty,remove_incomplete_rows
,,,,,,,<na>,,,,,,,5591,all important fields empty,remove_incomplete_rows
,,,,,,,<na>,,,,,,,5594,all important fields empty,remove_incomplete_rows
,,,,,,,<na>,,,,,,,5595,all important fields empty,remove_incomplete_rows
,,,,,,,<na>,,,,,,,5599,all important fields empty,remove_incomplete_rows
,,,,,,,<na>,,,,,,,5600,all important fields empty,remove_incomplete_rows
,,,,,,,<na>,,,,,,,5603,all important fields empty,remove_incomplete_rows
,,,,,,,<na>,,,,,,,5604,all important fields empty,remove_incomplete_rows
,,,,,,,<na>,,,,,,,5607,all important fields empty,remove_incomplete_rows
,,,,,,,<na>,,,,,,,5608,all important fields empty,remove_incomplete_rows
,,,,,,,<na>,,,,,,,5611,all important fields empty,remove_incomplete_rows
,,,,,,,<na>,,,,,,,5612,all important fields empty,remove_incomplete_rows
,,,,,,,<na>,,,,,,,5615,all important fields empty,remove_incomplete_rows
,,,,,,,<na>,,,,,,,5616,all important fields empty,remove_incomplete_rows
,,,,,,,<na>,,,,,,,5619,all important fields empty,remove_incomplete_rows
,,,,,,,<na>,,,,,,,5620,all important fields empty,remove_incomplete_rows
,,,,,,,<na>,,,,,,,5624,all important fields empty,remove_incomplete_rows
,,,,,,,<na>,,,,,,,5625,all important fields empty,remove_incomplete_rows
,,,,,,,<na>,,,,,,,5628,all important fields empty,remove_incomplete_rows
,,,,,,,<na>,,,,,,,5629,all important fields empty,remove_incomplete_rows
,,,,,,,<na>,,,,,,,5632,all important fields empty,remove_incomplete_rows
,,,,,,,<na>,,,,,,,5633,all important fields empty,remove_incomplete_rows
,,,,,,,<na>,,,,,,,5636,all important fields empty,remove_incomplete_rows
,,,,,,,<na>,,,,,,,5637,all important fields empty,remove_incomplete_rows
,,,,,,,<na>,,,,,,,5640,all important fields empty,remove_incomplete_rows
,,,,,,,<na>,,,,,,,5641,all important fields empty,remove_incomplete_rows
,,,,,,,<na>,,,,,,,5646,all important fields empty,remove_incomplete_rows
,,,,,,,<na>,,,,,,,5647,all important fields empty,remove_incomplete_rows
,,,,,,,<na>,,,,,,,5653,all important fields empty,remove_incomplete_rows
,,,,,,,<na>,,,,,,,5654,all important fields empty,remove_incomplete_rows
,,,,,,,<na>,,,,,,,5657,all important fields empty,remove_incomplete_rows
,,,,,,,<na>,,,,,,,5658,all important fields empty,remove_incomplete_rows
,,,,,,,<na>,,,,,,,5661,all important fields empty,remove_incomplete_rows
,,,,,,,<na>,,,,,,,5662,all important fields empty,remove_incomplete_rows
,,,,,,,<na>,,,,,,,5665,all important fields empty,remove_incomplete_rows
,,,,,,,<na>,,,,,,,5666,all important fields empty,remove_incomplete_rows
,,,,,,,<na>,,,,,,,5669,all important fields empty,remove_incomplete_rows
,,,,,,,<na>,,,,,,,5670,all important fields empty,remove_incomplete_rows
,,,,,,,<na>,,,,,,,5673,all important fields empty,remove_incomplete_rows
,,,,,,,<na>,,,,,,,5674,all important fields empty,remove_incomplete_rows
,,,,,,,<na>,,,,,,,5677,all important fields empty,remove_incomplete_rows
,,,,,,,<na>,,,,,,,5678,all important fields empty,remove_incomplete_rows
,,,,,,,<na>,,,,,,,5681,all important fields empty,remove_incomplete_rows
,,,,,,,<na>,,,,,,,5682,all important fields empty,remove_incomplete_rows
,,,,,,,<na>,,,,,,,5685,all important fields empty,remove_incomplete_rows
,,,,,,,<na>,,,,,,,5686,all important fields empty,remove_incomplete_rows
,,,,,,,<na>,,,,,,,5689,all important fields empty,remove_incomplete_rows
,,,,,,,<na>,,,,,,,5690,all important fields empty,remove_incomplete_rows
,,,,,,,<na>,,,,,,,5694,all important fields empty,remove_incomplete_rows
,,,,,,,<na>,,,,,,,5695,all important fields empty,remove_incomplete_rows
,,,,,,,<na>,,,,,,,5698,all important fields empty,remove_incomplete_rows
,,,,,,,<na>,,,,,,,5699,all important fields empty,remove_incomplete_rows
,,,,,,,<na>,,,,,,,5706,all important fields empty,remove_incomplete_rows
,,,,,,,<na>,,,,,,,5707,all important fields empty,remove_incomplete_rows
,,,,,,,<na>,,,,,,,5710,all important fields empty,remove_incomplete_rows
,,,,,,,<na>,,,,,,,5711,all important fields empty,remove_incomplete_rows
,,,,,,,<na>,,,,,,,5715,all important fields empty,remove_incomplete_rows
,,,,,,,<na>,,,,,,,5716,all important fields empty,remove_incomplete_rows
,,,,,,,<na>,,,,,,,5721,all important fields empty,remove_incomplete_rows
,,,,,,,<na>,,,,,,,5722,all important fields empty,remove_incomplete_rows
,,,,,,,<na>,,,,,,,5725,all important fields empty,remove_incomplete_rows
,,,,,,,<na>,,,,,,,5726,all important fields empty,remove_incomplete_rows
,,,,,,,<na>,,,,,,,5730,all important fields empty,remove_incomplete_rows
,,,,,,,<na>,,,,,,,5731,all important fields empty,remove_incomplete_rows
,,,,,,,<na>,,,,,,,5737,all important fields empty,remove_incomplete_rows
,,,,,,,<na>,,,,,,,5738,all important fields empty,remove_incomplete_rows
,,,,,,,<na>,,,,,,,5741,all important fields empty,remove_incomplete_rows
,,,,,,,<na>,,,,,,,5742,all important fields empty,remove_incomplete_rows
,,,,,,,<na>,,,,,,,5746,all important fields empty,remove_incomplete_rows
,,,,,,,<na>,,,,,,,5747,all important fields empty,remove_incomplete_rows
,,,,,,,<na>,,,,,,,5752,all important fields empty,remove_incomplete_rows
,,,,,,,<na>,,,,,,,5753,all important fields empty,remove_incomplete_rows
,,,,,,,<na>,,,,,,,5767,all important fields empty,remove_incomplete_rows
,,,,,,,<na>,,,,,,,5768,all important fields empty,remove_incomplete_rows
,,,,,,,<na>,,,,,,,5771,all important fields empty,remove_incomplete_rows
,,,,,,,<na>,,,,,,,5772,all important fields empty,remove_incomplete_rows
,,,,,,,<na>,,,,,,,5775,all important fields empty,remove_incomplete_rows
,,,,,,,<na>,,,,,,,5776,all important fields empty,remove_incomplete_rows
,,,,,,,<na>,,,,,,,5779,all important fields empty,remove_incomplete_rows
,,,,,,,<na>,,,,,,,5780,all important fields empty,remove_incomplete_rows
,,,,,,,<na>,,,,,,,5784,all important fields empty,remove_incomplete_rows
,,,,,,,<na>,,,,,,,5785,all important fields empty,remove_incomplete_rows
,,,,,,,<na>,,,,,,,5789,all important fields empty,remove_incomplete_rows
,,,,,,,<na>,,,,,,,5790,all important fields empty,remove_incomplete_rows
,,,,,,,<na>,,,,,,,5796,all important fields empty,remove_incomplete_rows
,,,,,,,<na>,,,,,,,5797,all important fields empty,remove_incomplete_rows
,,,,,,,<na>,,,,,,,5800,all important fields empty,remove_incomplete_rows
,,,,,,,<na>,,,,,,,5801,all important fields empty,remove_incomplete_rows
,,,,,,,<na>,,,,,,,5804,all important fields empty,remove_incomplete_rows
,,,,,,,<na>,,,,,,,5805,all important fields empty,remove_incomplete_rows
,,,,,,,<na>,,,,,,,5809,all important fields empty,remove_incomplete_rows
,,,,,,,<na>,,,,,,,5810,all important fields empty,remove_incomplete_rows
,,,,,,,<na>,,,,,,,5813,all important fields empty,remove_incomplete_rows
,,,,,,,<na>,,,,,,,5814,all important fields empty,remove_incomplete_rows
,,,,,,,<na>,,,,,,,5821,all important fields empty,remove_incomplete_rows
,,,,,,,<na>,,,,,,,5822,all important fields empty,remove_incomplete_rows
,,,,,,,<na>,,,,,,,5826,all important fields empty,remove_incomplete_rows
,,,,,,,<na>,,,,,,,5827,all important fields empty,remove_incomplete_rows
,,,,,,,<na>,,,,,,,5831,all important fields empty,remove_incomplete_rows
,,,,,,,<na>,,,,,,,5832,all important fields empty,remove_incomplete_rows
,,,,,,,<na>,,,,,,,5837,all important fields empty,remove_incomplete_rows
,,,,,,,<na>,,,,,,,5838,all important fields empty,remove_incomplete_rows
,,,,,,,<na>,,,,,,,5842,all important fields empty,remove_incomplete_rows
,,,,,,,<na>,,,,,,,5843,all important fields empty,remove_incomplete_rows
,,,,,,,<na>,,,,,,,5846,all important fields empty,remove_incomplete_rows
,,,,,,,<na>,,,,,,,5847,all important fields empty,remove_incomplete_rows
,,,,,,,<na>,,,,,,,5851,all important fields empty,remove_incomplete_rows
,,,,,,,<na>,,,,,,,5852,all important fields empty,remove_incomplete_rows
,,,,,,,<na>,,,,,,,5856,all important fields empty,remove_incomplete_rows
,,,,,,,<na>,,,,,,,5857,all important fields empty,remove_incomplete_rows
,,,,,,,<na>,,,,,,,5860,all important fields empty,remove_incomplete_rows
,,,,,,,<na>,,,,,,,5861,all important fields empty,remove_incomplete_rows
,,,,,,,<na>,,,,,,,5864,all important fields empty,remove_incomplete_rows
,,,,,,,<na>,,,,,,,5865,all important fields empty,remove_incomplete_rows
,,,,,,,<na>,,,,,,,5868,all important fields empty,remove_incomplete_rows
,,,,,,,<na>,,,,,,,5869,all important fields empty,remove_incomplete_rows
,,,,,,,<na>,,,,,,,5872,all important fields empty,remove_incomplete_rows
,,,,,,,<na>,,,,,,,5873,all important fields empty,remove_incomplete_rows
,,,,,,,<na>,,,,,,,5876,all important fields empty,remove_incomplete_rows
,,,,,,,<na>,,,,,,,5877,all important fields empty,remove_incomplete_rows
,,,,,,,<na>,,,,,,,5882,all important fields empty,remove_incomplete_rows
,,,,,,,<na>,,,,,,,5883,all important fields empty,remove_incomplete_rows
,,,,,,,<na>,,,,,,,5886,all important fields empty,remove_incomplete_rows
,,,,,,,<na>,,,,,,,5887,all important fields empty,remove_incomplete_rows
,,,,,,,<na>,,,,,,,5890,all important fields empty,remove_incomplete_rows
,,,,,,,<na>,,,,,,,5891,all important fields empty,remove_incomplete_rows
,,,,,,,<na>,,,,,,,5895,all important fields empty,remove_incomplete_rows
,,,,,,,<na>,,,,,,,5896,all important fields empty,remove_incomplete_rows
,,,,,,,<na>,,,,,,,5900,all important fields empty,remove_incomplete_rows
,,,,,,,<na>,,,,,,,5901,all important fields empty,remove_incomplete_rows
,,,,,,,<na>,,,,,,,5905,all important fields empty,remove_incomplete_rows
,,,,,,,<na>,,,,,,,5906,all important fields empty,remove_incomplete_rows
,,,,,,,<na>,,,,,,,5909,all important fields empty,remove_incomplete_rows
,,,,,,,<na>,,,,,,,5910,all important fields empty,remove_incomplete_rows
,,,,,,,<na>,,,,,,,5913,all important fields empty,remove_incomplete_rows
,,,,,,,<na>,,,,,,,5914,all important fields empty,remove_incomplete_rows
,,,,,,,<na>,,,,,,,5917,all important fields empty,remove_incomplete_rows
,,,,,,,<na>,,,,,,,5918,all important fields empty,remove_incomplete_rows
,,,,,,,<na>,,,,,,,5921,all important fields empty,remove_incomplete_rows
,,,,,,,<na>,,,,,,,5922,all important fields empty,remove_incomplete_rows
,,,,,,,<na>,,,,,,,5925,all important fields empty,remove_incomplete_rows
,,,,,,,<na>,,,,,,,5926,all important fields empty,remove_incomplete_rows
,,,,,,,<na>,,,,,,,5929,all important fields empty,remove_incomplete_rows
,,,,,,,<na>,,,,,,,5930,all important fields empty,remove_incomplete_rows
,,,,,,,<na>,,,,,,,5933,all important fields empty,remove_incomplete_rows
,,,,,,,<na>,,,,,,,5934,all important fields empty,remove_incomplete_rows
,,,,,,,<na>,,,,,,,5939,all important fields empty,remove_incomplete_rows
,,,,,,,<na>,,,,,,,5940,all important fields empty,remove_incomplete_rows
,,,,,,,<na>,,,,,,,5943,all important fields empty,remove_incomplete_rows
,,,,,,,<na>,,,,,,,5944,all important fields empty,remove_incomplete_rows
,,,,,,,<na>,,,,,,,5947,all important fields empty,remove_incomplete_rows
,,,,,,,<na>,,,,,,,5948,all important fields empty,remove_incomplete_rows
,,,,,,,<na>,,,,,,,5951,all important fields empty,remove_incomplete_rows
,,,,,,,<na>,,,,,,,5952,all important fields empty,remove_incomplete_rows
,,,,,,,<na>,,,,,,,5956,all important fields empty,remove_incomplete_rows
,,,,,,,<na>,,,,,,,5957,all important fields empty,remove_incomplete_rows
,,,,,,,<na>,,,,,,,5961,all important fields empty,remove_incomplete_rows
,,,,,,,<na>,,,,,,,5962,all important fields empty,remove_incomplete_rows
,,,,,,,<na>,,,,,,,5965,all important fields empty,remove_incomplete_rows
,,,,,,,<na>,,,,,,,5966,all important fields empty,remove_incomplete_rows
,,,,,,,<na>,,,,,,,5969,all important fields empty,remove_incomplete_rows
,,,,,,,<na>,,,,,,,5970,all important fields empty,remove_incomplete_rows
,,,,,,,<na>,,,,,,,5973,all important fields empty,remove_incomplete_rows
,,,,,,,<na>,,,,,,,5974,all important fields empty,remove_incomplete_rows
,,,,,,,<na>,,,,,,,5978,all important fields empty,remove_incomplete_rows
,,,,,,,<na>,,,,,,,5979,all important fields empty,remove_incomplete_rows
,,,,,,,<na>,,,,,,,5982,all important fields empty,remove_incomplete_rows
,,,,,,,<na>,,,,,,,5983,all important fields empty,remove_incomplete_rows
,,,,,,,<na>,,,,,,,5988,all important fields empty,remove_incomplete_rows
,,,,,,,<na>,,,,,,,5989,all important fields empty,remove_incomplete_rows
,,,,,,,<na>,,,,,,,5993,all important fields empty,remove_incomplete_rows
,,,,,,,<na>,,,,,,,5994,all important fields empty,remove_incomplete_rows
,,,,,,,<na>,,,,,,,5997,all important fields empty,remove_incomplete_rows
,,,,,,,<na>,,,,,,,5998,all important fields empty,remove_incomplete_rows
,,,,,,,<na>,,,,,,,6001,all important fields empty,remove_incomplete_rows
,,,,,,,<na>,,,,,,,6002,all important fields empty,remove_incomplete_rows
,,,,,,,<na>,,,,,,,6006,all important fields empty,remove_incomplete_rows
,,,,,,,<na>,,,,,,,6007,all important fields empty,remove_incomplete_rows
,,,,,,,<na>,,,,,,,6010,all important fields empty,remove_incomplete_rows
,,,,,,,<na>,,,,,,,6011,all important fields empty,remove_incomplete_rows
,,,,,,,<na>,,,,,,,6014,all important fields empty,remove_incomplete_rows
,,,,,,,<na>,,,,,,,6015,all important fields empty,remove_incomplete_rows
,,,,,,,<na>,,,,,,,6018,all important fields empty,remove_incomplete_rows
,,,,,,,<na>,,,,,,,6019,all important fields empty,remove_incomplete_rows
,,,,,,,<na>,,,,,,,6023,all important fields empty,remove_incomplete_rows
,,,,,,,<na>,,,,,,,6024,all important fields empty,remove_incomplete_rows
,,,,,,,<na>,,,,,,,6027,all important fields empty,remove_incomplete_rows
,,,,,,,<na>,,,,,,,6028,all important fields empty,remove_incomplete_rows
,,,,,,,<na>,,,,,,,6031,all important fields empty,remove_incomplete_rows
,,,,,,,<na>,,,,,,,6032,all important fields empty,remove_incomplete_rows
,,,,,,,<na>,,,,,,,6035,all important fields empty,remove_incomplete_rows
,,,,,,,<na>,,,,,,,6036,all important fields empty,remove_incomplete_rows
,,,,,,,<na>,,,,,,,6039,all important fields empty,remove_incomplete_rows
,,,,,,,<na>,,,,,,,6040,all important fields empty,remove_incomplete_rows
,,,,,,,<na>,,,,,,,6043,all important fields empty,remove_incomplete_rows
,,,,,,,<na>,,,,,,,6044,all important fields empty,remove_incomplete_rows
,,,,,,,<na>,,,,,,,6047,all important fields empty,remove_incomplete_rows
,,,,,,,<na>,,,,,,,6048,all important fields empty,remove_incomplete_rows
,,,,,,,<na>,,,,,,,6051,all important fields empty,remove_incomplete_rows
,,,,,,,<na>,,,,,,,6052,all important fields empty,remove_incomplete_rows
,,,,,,,<na>,,,,,,,6055,all important fields empty,remove_incomplete_rows
,,,,,,,<na>,,,,,,,6056,all important fields empty,remove_incomplete_rows
,,,,,,,<na>,,,,,,,6059,all important fields empty,remove_incomplete_rows
,,,,,,,<na>,,,,,,,6060,all important fields empty,remove_incomplete_rows
,,,,,,,<na>,,,,,,,6064,all important fields empty,remove_incomplete_rows
,,,,,,,<na>,,,,,,,6065,all important fields empty,remove_incomplete_rows
,,,,,,,<na>,,,,,,,6068,all important fields empty,remove_incomplete_rows
,,,,,,,<na>,,,,,,,6069,all important fields empty,remove_incomplete_rows
,,,,,,,<na>,,,,,,,6073,all important fields empty,remove_incomplete_rows
,,,,,,,<na>,,,,,,,6074,all important fields empty,remove_incomplete_rows
,,,,,,,<na>,,,,,,,6081,all important fields empty,remove_incomplete_rows
,,,,,,,<na>,,,,,,,6082,all important fields empty,remove_incomplete_rows
,,,,,,,<na>,,,,,,,6085,all important fields empty,remove_incomplete_rows
,,,,,,,<na>,,,,,,,6086,all important fields empty,remove_incomplete_rows
,,,,,,,<na>,,,,,,,6090,all important fields empty,remove_incomplete_rows
,,,,,,,<na>,,,,,,,6091,all important fields empty,remove_incomplete_rows
,,,,,,,<na>,,,,,,,6094,all important fields empty,remove_incomplete_rows
,,,,,,,<na>,,,,,,,6095,all important fields empty,remove_incomplete_rows
,,,,,,,<na>,,,,,,,6098,all important fields empty,remove_incomplete_rows
,,,,,,,<na>,,,,,,,6099,all important fields empty,remove_incomplete_rows
,,,,,,,<na>,,,,,,,6103,all important fields empty,remove_incomplete_rows
,,,,,,,<na>,,,,,,,6104,all important fields empty,remove_incomplete_rows
,,,,,,,<na>,,,,,,,6107,all important fields empty,remove_incomplete_rows
,,,,,,,<na>,,,,,,,6108,all important fields empty,remove_incomplete_rows
,,,,,,,<na>,,,,,,,6111,all important fields empty,remove_incomplete_rows
,,,,,,,<na>,,,,,,,6112,all important fields empty,remove_incomplete_rows
,,,,,,,<na>,,,,,,,6115,all important fields empty,remove_incomplete_rows
,,,,,,,<na>,,,,,,,6116,all important fields empty,remove_incomplete_rows
,,,,,,,<na>,,,,,,,6123,all important fields empty,remove_incomplete_rows
,,,,,,,<na>,,,,,,,6124,all important fields empty,remove_incomplete_rows
,,,,,,,<na>,,,,,,,6127,all important fields empty,remove_incomplete_rows
,,,,,,,<na>,,,,,,,6128,all important fields empty,remove_incomplete_rows
,,,,,,,<na>,,,,,,,6131,all important fields empty,remove_incomplete_rows
,,,,,,,<na>,,,,,,,6132,all important fields empty,remove_incomplete_rows
,,,,,,,<na>,,,,,,,6135,all important fields empty,remove_incomplete_rows
,,,,,,,<na>,,,,,,,6136,all important fields empty,remove_incomplete_rows
,,,,,,,<na>,,,,,,,6141,all important fields empty,remove_incomplete_rows
,,,,,,,<na>,,,,,,,6142,all important fields empty,remove_incomplete_rows
,,,,,,,<na>,,,,,,,6146,all important fields empty,remove_incomplete_rows
,,,,,,,<na>,,,,,,,6147,all important fields empty,remove_incomplete_rows
,,,,,,,<na>,,,,,,,6150,all important fields empty,remove_incomplete_rows
,,,,,,,<na>,,,,,,,6151,all important fields empty,remove_incomplete_rows
,,,,,,,<na>,,,,,,,6155,all important fields empty,remove_incomplete_rows
,,,,,,,<na>,,,,,,,6156,all important fields empty,remove_incomplete_rows
,,,,,,,<na>,,,,,,,6160,all important fields empty,remove_incomplete_rows
,,,,,,,<na>,,,,,,,6161,all important fields empty,remove_incomplete_rows
,,,,,,,<na>,,,,,,,6164,all important fields empty,remove_incomplete_rows
,,,,,,,<na>,,,,,,,6165,all important fields empty,remove_incomplete_rows
,,,,,,,<na>,,,,,,,6168,all important fields empty,remove_incomplete_rows
,,,,,,,<na>,,,,,,,6169,all important fields empty,remove_incomplete_rows
,,,,,,,<na>,,,,,,,6172,all important fields empty,remove_incomplete_rows
,,,,,,,<na>,,,,,,,6173,all important fields empty,remove_incomplete_rows
,,,,,,,<na>,,,,,,,6176,all important fields empty,remove_incomplete_rows
,,,,,,,<na>,,,,,,,6177,all important fields empty,remove_incomplete_rows
,,,,,,,<na>,,,,,,,6180,all important fields empty,remove_incomplete_rows
,,,,,,,<na>,,,,,,,6181,all important fields empty,remove_incomplete_rows
,,,,,,,<na>,,,,,,,6184,all important fields empty,remove_incomplete_rows
,,,,,,,<na>,,,,,,,6185,all important fields empty,remove_incomplete_rows
,,,,,,,<na>,,,,,,,6188,all important fields empty,remove_incomplete_rows
,,,,,,,<na>,,,,,,,6189,all important fields empty,remove_incomplete_rows
,,,,,,,<na>,,,,,,,6192,all important fields empty,remove_incomplete_rows
,,,,,,,<na>,,,,,,,6193,all important fields empty,remove_incomplete_rows
,,,,,,,<na>,,,,,,,6198,all important fields empty,remove_incomplete_rows
,,,,,,,<na>,,,,,,,6199,all important fields empty,remove_incomplete_rows
,,,,,,,<na>,,,,,,,6202,all important fields empty,remove_incomplete_rows
,,,,,,,<na>,,,,,,,6203,all important fields empty,remove_incomplete_rows
,,,,,,,<na>,,,,,,,6208,all important fields empty,remove_incomplete_rows
,,,,,,,<na>,,,,,,,6209,all important fields empty,remove_incomplete_rows
,,,,,,,<na>,,,,,,,6212,all important fields empty,remove_incomplete_rows
,,,,,,,<na>,,,,,,,6213,all important fields empty,remove_incomplete_rows
,,,,,,,<na>,,,,,,,6216,all important fields empty,remove_incomplete_rows
,,,,,,,<na>,,,,,,,6217,all important fields empty,remove_incomplete_rows
,,,,,,,<na>,,,,,,,6224,all important fields empty,remove_incomplete_rows
,,,,,,,<na>,,,,,,,6225,all important fields empty,remove_incomplete_rows
,,,,,,,<na>,,,,,,,6229,all important fields empty,remove_incomplete_rows
,,,,,,,<na>,,,,,,,6230,all important fields empty,remove_incomplete_rows
,,,,,,,<na>,,,,,,,6234,all important fields empty,remove_incomplete_rows
,,,,,,,<na>,,,,,,,6235,all important fields empty,remove_incomplete_rows
,,,,,,,<na>,,,,,,,6240,all important fields empty,remove_incomplete_rows
,,,,,,,<na>,,,,,,,6241,all important fields empty,remove_incomplete_rows
,,,,,,,<na>,,,,,,,6245,all important fields empty,remove_incomplete_rows
,,,,,,,<na>,,,,,,,6246,all important fields empty,remove_incomplete_rows
,,,,,,,<na>,,,,,,,6249,all important fields empty,remove_incomplete_rows
,,,,,,,<na>,,,,,,,6250,all important fields empty,remove_incomplete_rows
,,,,,,,<na>,,,,,,,6253,all important fields empty,remove_incomplete_rows
,,,,,,,<na>,,,,,,,6254,all important fields empty,remove_incomplete_rows
,,,,,,,<na>,,,,,,,6258,all important fields empty,remove_incomplete_rows
,,,,,,,<na>,,,,,,,6259,all important fields empty,remove_incomplete_rows
,,,,,,,<na>,,,,,,,6262,all important fields empty,remove_incomplete_rows
,,,,,,,<na>,,,,,,,6263,all important fields empty,remove_incomplete_rows
,,,,,,,<na>,,,,,,,6266,all important fields empty,remove_incomplete_rows
,,,,,,,<na>,,,,,,,6267,all important fields empty,remove_incomplete_rows
,,,,,,,<na>,,,,,,,6270,all important fields empty,remove_incomplete_rows
,,,,,,,<na>,,,,,,,6271,all important fields empty,remove_incomplete_rows
,,,,,,,<na>,,,,,,,6274,all important fields empty,remove_incomplete_rows
,,,,,,,<na>,,,,,,,6275,all important fields empty,remove_incomplete_rows
,,,,,,,<na>,,,,,,,6280,all important fields empty,remove_incomplete_rows
,,,,,,,<na>,,,,,,,6281,all important fields empty,remove_incomplete_rows
,,,,,,,<na>,,,,,,,6284,all important fields empty,remove_incomplete_rows
,,,,,,,<na>,,,,,,,6285,all important fields empty,remove_incomplete_rows
,,,,,,,<na>,,,,,,,6288,all important fields empty,remove_incomplete_rows
,,,,,,,<na>,,,,,,,6289,all important fields empty,remove_incomplete_rows
,,,,,,,<na>,,,,,,,6292,all important fields empty,remove_incomplete_rows
,,,,,,,<na>,,,,,,,6293,all important fields empty,remove_incomplete_rows
,,,,,,,<na>,,,,,,,6296,all important fields empty,remove_incomplete_rows
,,,,,,,<na>,,,,,,,6297,all important fields empty,remove_incomplete_rows
,,,,,,,<na>,,,,,,,6300,all important fields empty,remove_incomplete_rows
,,,,,,,<na>,,,,,,,6301,all important fields empty,remove_incomplete_rows
,,,,,,,<na>,,,,,,,6306,all important fields empty,remove_incomplete_rows
,,,,,,,<na>,,,,,,,6307,all important fields empty,remove_incomplete_rows
,,,,,,,<na>,,,,,,,6310,all important fields empty,remove_incomplete_rows
,,,,,,,<na>,,,,,,,6311,all important fields empty,remove_incomplete_rows
,,,,,,,<na>,,,,,,,6314,all important fields empty,remove_incomplete_rows
,,,,,,,<na>,,,,,,,6315,all important fields empty,remove_incomplete_rows
,,,,,,,<na>,,,,,,,6318,all important fields empty,remove_incomplete_rows
,,,,,,,<na>,,,,,,,6319,all important fields empty,remove_incomplete_rows
,,,,,,,<na>,,,,,,,6322,all important fields empty,remove_incomplete_rows
,,,,,,,<na>,,,,,,,6323,all important fields empty,remove_incomplete_rows
,,,,,,,<na>,,,,,,,6328,all important fields empty,remove_incomplete_rows
,,,,,,,<na>,,,,,,,6329,all important fields empty,remove_incomplete_rows
,,,,,,,<na>,,,,,,,6332,all important fields empty,remove_incomplete_rows
,,,,,,,<na>,,,,,,,6333,all important fields empty,remove_incomplete_rows
,,,,,,,<na>,,,,,,,6336,all important fields empty,remove_incomplete_rows
,,,,,,,<na>,,,,,,,6337,all important fields empty,remove_incomplete_rows
,,,,,,,<na>,,,,,,,6341,all important fields empty,remove_incomplete_rows
,,,,,,,<na>,,,,,,,6342,all important fields empty,remove_incomplete_rows
,,,,,,,<na>,,,,,,,6346,all important fields empty,remove_incomplete_rows
,,,,,,,<na>,,,,,,,6347,all important fields empty,remove_incomplete_rows
,,,,,,,<na>,,,,,,,6350,all important fields empty,remove_incomplete_rows
,,,,,,,<na>,,,,,,,6351,all important fields empty,remove_incomplete_rows
,,,,,,,<na>,,,,,,,6354,all important fields empty,remove_incomplete_rows
,,,,,,,<na>,,,,,,,6355,all important fields empty,remove_incomplete_rows
,,,,,,,<na>,,,,,,,6358,all important fields empty,remove_incomplete_rows
,,,,,,,<na>,,,,,,,6359,all important fields empty,remove_incomplete_rows
,,,,,,,<na>,,,,,,,6362,all important fields empty,remove_incomplete_rows
,,,,,,,<na>,,,,,,,6363,all important fields empty,remove_incomplete_rows
,,,,,,,<na>,,,,,,,6368,all important fields empty,remove_incomplete_rows
,,,,,,,<na>,,,,,,,6369,all important fields empty,remove_incomplete_rows
,,,,,,,<na>,,,,,,,6372,all important fields empty,remove_incomplete_rows
,,,,,,,<na>,,,,,,,6373,all important fields empty,remove_incomplete_rows
,,,,,,,<na>,,,,,,,6376,all important fields empty,remove_incomplete_rows
,,,,,,,<na>,,,,,,,6377,all important fields empty,remove_incomplete_rows
,,,,,,,<na>,,,,,,,6380,all important fields empty,remove_incomplete_rows
,,,,,,,<na>,,,,,,,6381,all important fields empty,remove_incomplete_rows
,,,,,,,<na>,,,,,,,6384,all important fields empty,remove_incomplete_rows
,,,,,,,<na>,,,,,,,6385,all important fields empty,remove_incomplete_rows
,,,,,,,<na>,,,,,,,6388,all important fields empty,remove_incomplete_rows
,,,,,,,<na>,,,,,,,6389,all important fields empty,remove_incomplete_rows
,,,,,,,<na>,,,,,,,6392,all important fields empty,remove_incomplete_rows
,,,,,,,<na>,,,,,,,6393,all important fields empty,remove_incomplete_rows
,,,,,,,<na>,,,,,,,6396,all important fields empty,remove_incomplete_rows
,,,,,,,<na>,,,,,,,6397,all important fields empty,remove_incomplete_rows
,,,,,,,<na>,,,,,,,6400,all important fields empty,remove_incomplete_rows
,,,,,,,<na>,,,,,,,6401,all important fields empty,remove_incomplete_rows
,,,,,,,<na>,,,,,,,6405,all important fields empty,remove_incomplete_rows
,,,,,,,<na>,,,,,,,6406,all important fields empty,remove_incomplete_rows
,,,,,,,<na>,,,,,,,6409,all important fields empty,remove_incomplete_rows
,,,,,,,<na>,,,,,,,6410,all important fields empty,remove_incomplete_rows
,,,,,,,<na>,,,,,,,6414,all important fields empty,remove_incomplete_rows
,,,,,,,<na>,,,,,,,6415,all important fields empty,remove_incomplete_rows
,,,,,,,<na>,,,,,,,6418,all important fields empty,remove_incomplete_rows
,,,,,,,<na>,,,,,,,6419,all important fields empty,remove_incomplete_rows
,,,,,,,<na>,,,,,,,6423,all important fields empty,remove_incomplete_rows
,,,,,,,<na>,,,,,,,6424,all important fields empty,remove_incomplete_rows
,,,,,,,<na>,,,,,,,6427,all important fields empty,remove_incomplete_rows
,,,,,,,<na>,,,,,,,6428,all important fields empty,remove_incomplete_rows
,,,,,,,<na>,,,,,,,6433,all important fields empty,remove_incomplete_rows
,,,,,,,<na>,,,,,,,6434,all important fields empty,remove_incomplete_rows
,,,,,,,<na>,,,,,,,6437,all important fields empty,remove_incomplete_rows
,,,,,,,<na>,,,,,,,6438,all important fields empty,remove_incomplete_rows
,,,,,,,<na>,,,,,,,6441,all important fields empty,remove_incomplete_rows
,,,,,,,<na>,,,,,,,6442,all important fields empty,remove_incomplete_rows
,,,,,,,<na>,,,,,,,6445,all important fields empty,remove_incomplete_rows
,,,,,,,<na>,,,,,,,6446,all important fields empty,remove_incomplete_rows
,,,,,,,<na>,,,,,,,6449,all important fields empty,remove_incomplete_rows
,,,,,,,<na>,,,,,,,6450,all important fields empty,remove_incomplete_rows
,,,,,,,<na>,,,,,,,6455,all important fields empty,remove_incomplete_rows
,,,,,,,<na>,,,,,,,6456,all important fields empty,remove_incomplete_rows
,,,,,,,<na>,,,,,,,6460,all important fields empty,remove_incomplete_rows
,,,,,,,<na>,,,,,,,6461,all important fields empty,remove_incomplete_rows
,,,,,,,<na>,,,,,,,6465,all important fields empty,remove_incomplete_rows
,,,,,,,<na>,,,,,,,6466,all important fields empty,remove_incomplete_rows
,,,,,,,<na>,,,,,,,6469,all important fields empty,remove_incomplete_rows
,,,,,,,<na>,,,,,,,6470,all important fields empty,remove_incomplete_rows
,,,,,,,<na>,,,,,,,6473,all important fields empty,remove_incomplete_rows
,,,,,,,<na>,,,,,,,6474,all important fields empty,remove_incomplete_rows
,,,,,,,<na>,,,,,,,6478,all important fields empty,remove_incomplete_rows
,,,,,,,<na>,,,,,,,6479,all important fields empty,remove_incomplete_rows
,,,,,,,<na>,,,,,,,6482,all important fields empty,remove_incomplete_rows
,,,,,,,<na>,,,,,,,6483,all important fields empty,remove_incomplete_rows
,,,,,,,<na>,,,,,,,6486,all important fields empty,remove_incomplete_rows
,,,,,,,<na>,,,,,,,6487,all important fields empty,remove_incomplete_rows
,,,,,,,<na>,,,,,,,6490,all important fields empty,remove_incomplete_rows
,,,,,,,<na>,,,,,,,6491,all important fields empty,remove_incomplete_rows
,,,,,,,<na>,,,,,,,6494,all important fields empty,remove_incomplete_rows
,,,,,,,<na>,,,,,,,6495,all important fields empty,remove_incomplete_rows
,,,,,,,<na>,,,,,,,6498,all important fields empty,remove_incomplete_rows
,,,,,,,<na>,,,,,,,6499,all important fields empty,remove_incomplete_rows
,,,,,,,<na>,,,,,,,6502,all important fields empty,remove_incomplete_rows
,,,,,,,<na>,,,,,,,6503,all important fields empty,remove_incomplete_rows
,,,,,,,<na>,,,,,,,6510,all important fields empty,remove_incomplete_rows
,,,,,,,<na>,,,,,,,6511,all important fields empty,remove_incomplete_rows
,,,,,,,<na>,,,,,,,6515,all important fields empty,remove_incomplete_rows
,,,,,,,<na>,,,,,,,6516,all important fields empty,remove_incomplete_rows
,,,,,,,<na>,,,,,,,6519,all important fields empty,remove_incomplete_rows
,,,,,,,<na>,,,,,,,6520,all important fields empty,remove_incomplete_rows
,,,,,,,<na>,,,,,,,6523,all important fields empty,remove_incomplete_rows
,,,,,,,<na>,,,,,,,6524,all important fields empty,remove_incomplete_rows
,,,,,,,<na>,,,,,,,6528,all important fields empty,remove_incomplete_rows
,,,,,,,<na>,,,,,,,6529,all important fields empty,remove_incomplete_rows
,,,,,,,<na>,,,,,,,6533,all important fields empty,remove_incomplete_rows
,,,,,,,<na>,,,,,,,6534,all important fields empty,remove_incomplete_rows
,,,,,,,<na>,,,,,,,6541,all important fields empty,remove_incomplete_rows
,,,,,,,<na>,,,,,,,6542,all important fields empty,remove_incomplete_rows
,,,,,,,<na>,,,,,,,6546,all important fields empty,remove_incomplete_rows
,,,,,,,<na>,,,,,,,6547,all important fields empty,remove_incomplete_rows
,,,,,,,<na>,,,,,,,6552,all important fields empty,remove_incomplete_rows
,,,,,,,<na>,,,,,,,6553,all important fields empty,remove_incomplete_rows
,,,,,,,<na>,,,,,,,6557,all important fields empty,remove_incomplete_rows
,,,,,,,<na>,,,,,,,6558,all important fields empty,remove_incomplete_rows
,,,,,,,<na>,,,,,,,6562,all important fields empty,remove_incomplete_rows
,,,,,,,<na>,,,,,,,6563,all important fields empty,remove_incomplete_rows
,,,,,,,<na>,,,,,,,6566,all important fields empty,remove_incomplete_rows
,,,,,,,<na>,,,,,,,6567,all important fields empty,remove_incomplete_rows
,,,,,,,<na>,,,,,,,6573,all important fields empty,remove_incomplete_rows
,,,,,,,<na>,,,,,,,6574,all important fields empty,remove_incomplete_rows
,,,,,,,<na>,,,,,,,6577,all important fields empty,remove_incomplete_rows
,,,,,,,<na>,,,,,,,6578,all important fields empty,remove_incomplete_rows
,,,,,,,<na>,,,,,,,6582,all important fields empty,remove_incomplete_rows
,,,,,,,<na>,,,,,,,6583,all important fields empty,remove_incomplete_rows
,,,,,,,<na>,,,,,,,6586,all important fields empty,remove_incomplete_rows
,,,,,,,<na>,,,,,,,6587,all important fields empty,remove_incomplete_rows
,,,,,,,<na>,,,,,,,6590,all important fields empty,remove_incomplete_rows
,,,,,,,<na>,,,,,,,6591,all important fields empty,remove_incomplete_rows
,,,,,,,<na>,,,,,,,6594,all important fields empty,remove_incomplete_rows
,,,,,,,<na>,,,,,,,6595,all important fields empty,remove_incomplete_rows
,,,,,,,<na>,,,,,,,6601,all important fields empty,remove_incomplete_rows
,,,,,,,<na>,,,,,,,6602,all important fields empty,remove_incomplete_rows
,,,,,,,<na>,,,,,,,6608,all important fields empty,remove_incomplete_rows
,,,,,,,<na>,,,,,,,6609,all important fields empty,remove_incomplete_rows
,,,,,,,<na>,,,,,,,6613,all important fields empty,remove_incomplete_rows
,,,,,,,<na>,,,,,,,6614,all important fields empty,remove_incomplete_rows
,,,,,,,<na>,,,,,,,6617,all important fields empty,remove_incomplete_rows
,,,,,,,<na>,,,,,,,6618,all important fields empty,remove_incomplete_rows
,,,,,,,<na>,,,,,,,6623,all important fields empty,remove_incomplete_rows
,,,,,,,<na>,,,,,,,6624,all important fields empty,remove_incomplete_rows
,,,,,,,<na>,,,,,,,6627,all important fields empty,remove_incomplete_rows
,,,,,,,<na>,,,,,,,6628,all important fields empty,remove_incomplete_rows
,,,,,,,<na>,,,,,,,6631,all important fields empty,remove_incomplete_rows
,,,,,,,<na>,,,,,,,6632,all important fields empty,remove_incomplete_rows
,,,,,,,<na>,,,,,,,6635,all important fields empty,remove_incomplete_rows
,,,,,,,<na>,,,,,,,6636,all important fields empty,remove_incomplete_rows
,,,,,,,<na>,,,,,,,6641,all important fields empty,remove_incomplete_rows
,,,,,,,<na>,,,,,,,6642,all important fields empty,remove_incomplete_rows
,,,,,,,<na>,,,,,,,6646,all important fields empty,remove_incomplete_rows
,,,,,,,<na>,,,,,,,6647,all important fields empty,remove_incomplete_rows
,,,,,,,<na>,,,,,,,6650,all important fields empty,remove_incomplete_rows
,,,,,,,<na>,,,,,,,6651,all important fields empty,remove_incomplete_rows
,,,,,,,<na>,,,,,,,6654,all important fields empty,remove_incomplete_rows
,,,,,,,<na>,,,,,,,6655,all important fields empty,remove_incomplete_rows
,,,,,,,<na>,,,,,,,6660,all important fields empty,remove_incomplete_rows
,,,,,,,<na>,,,,,,,6661,all important fields empty,remove_incomplete_rows
,,,,,,,<na>,,,,,,,6674,all important fields empty,remove_incomplete_rows
,,,,,,,<na>,,,,,,,6675,all important fields empty,remove_incomplete_rows
,,,,,,,<na>,,,,,,,6678,all important fields empty,remove_incomplete_rows
,,,,,,,<na>,,,,,,,6679,all important fields empty,remove_incomplete_rows
,,,,,,,<na>,,,,,,,6682,all important fields empty,remove_incomplete_rows
,,,,,,,<na>,,,,,,,6683,all important fields empty,remove_incomplete_rows
,,,,,,,<na>,,,,,,,6688,all important fields empty,remove_incomplete_rows
,,,,,,,<na>,,,,,,,6689,all important fields empty,remove_incomplete_rows
,,,,,,,<na>,,,,,,,6692,all important fields empty,remove_incomplete_rows
,,,,,,,<na>,,,,,,,6693,all important fields empty,remove_incomplete_rows
,,,,,,,<na>,,,,,,,6696,all important fields empty,remove_incomplete_rows
,,,,,,,<na>,,,,,,,6697,all important fields empty,remove_incomplete_rows
,,,,,,,<na>,,,,,,,6700,all important fields empty,remove_incomplete_rows
,,,,,,,<na>,,,,,,,6701,all important fields empty,remove_incomplete_rows
,,,,,,,<na>,,,,,,,6704,all important fields empty,remove_incomplete_rows
,,,,,,,<na>,,,,,,,6705,all important fields empty,remove_incomplete_rows
,,,,,,,<na>,,,,,,,6711,all important fields empty,remove_incomplete_rows
,,,,,,,<na>,,,,,,,6712,all important fields empty,remove_incomplete_rows
,,,,,,,<na>,,,,,,,6715,all important fields empty,remove_incomplete_rows
,,,,,,,<na>,,,,,,,6716,all important fields empty,remove_incomplete_rows
,,,,,,,<na>,,,,,,,6720,all important fields empty,remove_incomplete_rows
,,,,,,,<na>,,,,,,,6721,all important fields empty,remove_incomplete_rows
,,,,,,,<na>,,,,,,,6724,all important fields empty,remove_incomplete_rows
,,,,,,,<na>,,,,,,,6725,all important fields empty,remove_incomplete_rows
,,,,,,,<na>,,,,,,,6730,all important fields empty,remove_incomplete_rows
,,,,,,,<na>,,,,,,,6731,all important fields empty,remove_incomplete_rows
,,,,,,,<na>,,,,,,,6734,all important fields empty,remove_incomplete_rows
,,,,,,,<na>,,,,,,,6735,all important fields empty,remove_incomplete_rows
,,,,,,,<na>,,,,,,,6738,all important fields empty,remove_incomplete_rows
,,,,,,,<na>,,,,,,,6739,all important fields empty,remove_incomplete_rows
,,,,,,,<na>,,,,,,,6742,all important fields empty,remove_incomplete_rows
,,,,,,,<na>,,,,,,,6743,all important fields empty,remove_incomplete_rows
,,,,,,,<na>,,,,,,,6746,all important fields empty,remove_incomplete_rows
,,,,,,,<na>,,,,,,,6747,all important fields empty,remove_incomplete_rows
,,,,,,,<na>,,,,,,,6751,all important fields empty,remove_incomplete_rows
,,,,,,,<na>,,,,,,,6752,all important fields empty,remove_incomplete_rows
,,,,,,,<na>,,,,,,,6756,all important fields empty,remove_incomplete_rows
,,,,,,,<na>,,,,,,,6757,all important fields empty,remove_incomplete_rows
,,,,,,,<na>,,,,,,,6760,all important fields empty,remove_incomplete_rows
,,,,,,,<na>,,,,,,,6761,all important fields empty,remove_incomplete_rows
,,,,,,,<na>,,,,,,,6764,all important fields empty,remove_incomplete_rows
,,,,,,,<na>,,,,,,,6765,all important fields empty,remove_incomplete_rows
,,,,,,,<na>,,,,,,,6768,all important fields empty,remove_incomplete_rows
,,,,,,,<na>,,,,,,,6769,all important fields empty,remove_incomplete_rows
,,,,,,,<na>,,,,,,,6772,all important fields empty,remove_incomplete_rows
,,,,,,,<na>,,,,,,,6773,all important fields empty,remove_incomplete_rows
,,,,,,,<na>,,,,,,,6776,all important fields empty,remove_incomplete_rows
,,,,,,,<na>,,,,,,,6777,all important fields empty,remove_incomplete_rows
,,,,,,,<na>,,,,,,,6781,all important fields empty,remove_incomplete_rows
,,,,,,,<na>,,,,,,,6782,all important fields empty,remove_incomplete_rows
,,,,,,,<na>,,,,,,,6787,all important fields empty,remove_incomplete_rows
,,,,,,,<na>,,,,,,,6788,all important fields empty,remove_incomplete_rows
,,,,,,,<na>,,,,,,,6791,all important fields empty,remove_incomplete_rows
,,,,,,,<na>,,,,,,,6792,all important fields empty,remove_incomplete_rows
,,,,,,,<na>,,,,,,,6801,all important fields empty,remove_incomplete_rows
,,,,,,,<na>,,,,,,,6802,all important fields empty,remove_incomplete_rows
,,,,,,,<na>,,,,,,,6805,all important fields empty,remove_incomplete_rows
,,,,,,,<na>,,,,,,,6806,all important fields empty,remove_incomplete_rows
,,,,,,,<na>,,,,,,,6810,all important fields empty,remove_incomplete_rows
,,,,,,,<na>,,,,,,,6811,all important fields empty,remove_incomplete_rows
,,,,,,,<na>,,,,,,,6815,all important fields empty,remove_incomplete_rows
,,,,,,,<na>,,,,,,,6816,all important fields empty,remove_incomplete_rows
,,,,,,,<na>,,,,,,,6822,all important fields empty,remove_incomplete_rows
,,,,,,,<na>,,,,,,,6823,all important fields empty,remove_incomplete_rows
,,,,,,,<na>,,,,,,,6826,all important fields empty,remove_incomplete_rows
,,,,,,,<na>,,,,,,,6827,all important fields empty,remove_incomplete_rows
,,,,,,,<na>,,,,,,,6830,all important fields empty,remove_incomplete_rows
,,,,,,,<na>,,,,,,,6831,all important fields empty,remove_incomplete_rows
,,,,,,,<na>,,,,,,,6835,all important fields empty,remove_incomplete_rows
,,,,,,,<na>,,,,,,,6836,all important fields empty,remove_incomplete_rows
,,,,,,,<na>,,,,,,,6839,all important fields empty,remove_incomplete_rows
,,,,,,,<na>,,,,,,,6840,all important fields empty,remove_incomplete_rows
,,,,,,,<na>,,,,,,,6843,all important fields empty,remove_incomplete_rows
,,,,,,,<na>,,,,,,,6844,all important fields empty,remove_incomplete_rows
,,,,,,,<na>,,,,,,,6847,all important fields empty,remove_incomplete_rows
,,,,,,,<na>,,,,,,,6848,all important fields empty,remove_incomplete_rows
,,,,,,,<na>,,,,,,,6857,all important fields empty,remove_incomplete_rows
,,,,,,,<na>,,,,,,,6858,all important fields empty,remove_incomplete_rows
,,,,,,,<na>,,,,,,,6862,all important fields empty,remove_incomplete_rows
,,,,,,,<na>,,,,,,,6863,all important fields empty,remove_incomplete_rows
,,,,,,,<na>,,,,,,,6867,all important fields empty,remove_incomplete_rows
,,,,,,,<na>,,,,,,,6868,all important fields empty,remove_incomplete_rows
,,,,,,,<na>,,,,,,,6871,all important fields empty,remove_incomplete_rows
,,,,,,,<na>,,,,,,,6872,all important fields empty,remove_incomplete_rows
,,,,,,,<na>,,,,,,,6875,all important fields empty,remove_incomplete_rows
,,,,,,,<na>,,,,,,,6876,all important fields empty,remove_incomplete_rows
,,,,,,,<na>,,,,,,,6879,all important fields empty,remove_incomplete_rows
,,,,,,,<na>,,,,,,,6880,all important fields empty,remove_incomplete_rows
,,,,,,,<na>,,,,,,,6883,all important fields empty,remove_incomplete_rows
,,,,,,,<na>,,,,,,,6884,all important fields empty,remove_incomplete_rows
,,,,,,,<na>,,,,,,,6888,all important fields empty,remove_incomplete_rows
,,,,,,,<na>,,,,,,,6889,all important fields empty,remove_incomplete_rows
,,,,,,,<na>,,,,,,,6892,all important fields empty,remove_incomplete_rows
,,,,,,,<na>,,,,,,,6893,all important fields empty,remove_incomplete_rows
,,,,,,,<na>,,,,,,,6896,all important fields empty,remove_incomplete_rows
,,,,,,,<na>,,,,,,,6897,all important fields empty,remove_incomplete_rows
,,,,,,,<na>,,,,,,,6907,all important fields empty,remove_incomplete_rows
,,,,,,,<na>,,,,,,,6908,all important fields empty,remove_incomplete_rows
,,,,,,,<na>,,,,,,,6911,all important fields empty,remove_incomplete_rows
,,,,,,,<na>,,,,,,,6912,all important fields empty,remove_incomplete_rows
,,,,,,,<na>,,,,,,,6915,all important fields empty,remove_incomplete_rows
,,,,,,,<na>,,,,,,,6916,all important fields empty,remove_incomplete_rows
,,,,,,,<na>,,,,,,,6919,all important fields empty,remove_incomplete_rows
,,,,,,,<na>,,,,,,,6920,all important fields empty,remove_incomplete_rows
,,,,,,,<na>,,,,,,,6923,all important fields empty,remove_incomplete_rows
,,,,,,,<na>,,,,,,,6924,all important fields empty,remove_incomplete_rows
,,,,,,,<na>,,,,,,,6928,all important fields empty,remove_incomplete_rows
,,,,,,,<na>,,,,,,,6929,all important fields empty,remove_incomplete_rows
,,,,,,,<na>,,,,,,,6933,all important fields empty,remove_incomplete_rows
,,,,,,,<na>,,,,,,,6934,all important fields empty,remove_incomplete_rows
,,,,,,,<na>,,,,,,,6939,all important fields empty,remove_incomplete_rows
,,,,,,,<na>,,,,,,,6940,all important fields empty,remove_incomplete_rows
,,,,,,,<na>,,,,,,,6944,all important fields empty,remove_incomplete_rows
,,,,,,,<na>,,,,,,,6945,all important fields empty,remove_incomplete_rows
,,,,,,,<na>,,,,,,,6949,all important fields empty,remove_incomplete_rows
,,,,,,,<na>,,,,,,,6950,all important fields empty,remove_incomplete_rows
,,,,,,,<na>,,,,,,,6954,all important fields empty,remove_incomplete_rows
,,,,,,,<na>,,,,,,,6955,all important fields empty,remove_incomplete_rows
,,,,,,,<na>,,,,,,,6958,all important fields empty,remove_incomplete_rows
,,,,,,,<na>,,,,,,,6959,all important fields empty,remove_incomplete_rows
,,,,,,,<na>,,,,,,,6964,all important fields empty,remove_incomplete_rows
,,,,,,,<na>,,,,,,,6965,all important fields empty,remove_incomplete_rows
,,,,,,,<na>,,,,,,,6968,all important fields empty,remove_incomplete_rows
,,,,,,,<na>,,,,,,,6969,all important fields empty,remove_incomplete_rows
,,,,,,,<na>,,,,,,,6972,all important fields empty,remove_incomplete_rows
,,,,,,,<na>,,,,,,,6973,all important fields empty,remove_incomplete_rows
,,,,,,,<na>,,,,,,,6977,all important fields empty,remove_incomplete_rows
,,,,,,,<na>,,,,,,,6978,all important fields empty,remove_incomplete_rows
,,,,,,,<na>,,,,,,,6982,all important fields empty,remove_incomplete_rows
,,,,,,,<na>,,,,,,,6983,all important fields empty,remove_incomplete_rows
,,,,,,,<na>,,,,,,,6986,all important fields empty,remove_incomplete_rows
,,,,,,,<na>,,,,,,,6987,all important fields empty,remove_incomplete_rows
,,,,,,,<na>,,,,,,,6992,all important fields empty,remove_incomplete_rows
,,,,,,,<na>,,,,,,,6993,all important fields empty,remove_incomplete_rows
,,,,,,,<na>,,,,,,,6997,all important fields empty,remove_incomplete_rows
,,,,,,,<na>,,,,,,,6998,all important fields empty,remove_incomplete_rows
,,,,,,,<na>,,,,,,,7001,all important fields empty,remove_incomplete_rows
,,,,,,,<na>,,,,,,,7002,all important fields empty,remove_incomplete_rows
,,,,,,,<na>,,,,,,,7006,all important fields empty,remove_incomplete_rows
,,,,,,,<na>,,,,,,,7007,all important fields empty,remove_incomplete_rows
,,,,,,,<na>,,,,,,,7011,all important fields empty,remove_incomplete_rows
,,,,,,,<na>,,,,,,,7012,all important fields empty,remove_incomplete_rows
,,,,,,,<na>,,,,,,,7015,all important fields empty,remove_incomplete_rows
,,,,,,,<na>,,,,,,,7016,all important fields empty,remove_incomplete_rows
,,,,,,,<na>,,,,,,,7019,all important fields empty,remove_incomplete_rows
,,,,,,,<na>,,,,,,,7020,all important fields empty,remove_incomplete_rows
,,,,,,,<na>,,,,,,,7024,all important fields empty,remove_incomplete_rows
,,,,,,,<na>,,,,,,,7025,all important fields empty,remove_incomplete_rows
,,,,,,,<na>,,,,,,,7030,all important fields empty,remove_incomplete_rows
,,,,,,,<na>,,,,,,,7031,all important fields empty,remove_incomplete_rows
,,,,,,,<na>,,,,,,,7036,all important fields empty,remove_incomplete_rows
,,,,,,,<na>,,,,,,,7037,all important fields empty,remove_incomplete_rows
,,,,,,,<na>,,,,,,,7041,all important fields empty,remove_incomplete_rows
,,,,,,,<na>,,,,,,,7042,all important fields empty,remove_incomplete_rows
,,,,,,,<na>,,,,,,,7047,all important fields empty,remove_incomplete_rows
,,,,,,,<na>,,,,,,,7048,all important fields empty,remove_incomplete_rows
,,,,,,,<na>,,,,,,,7051,all important fields empty,remove_incomplete_rows
,,,,,,,<na>,,,,,,,7052,all important fields empty,remove_incomplete_rows
,,,,,,,<na>,,,,,,,7057,all important fields empty,remove_incomplete_rows
,,,,,,,<na>,,,,,,,7058,all important fields empty,remove_incomplete_rows
,,,,,,,<na>,,,,,,,7061,all important fields empty,remove_incomplete_rows
,,,,,,,<na>,,,,,,,7062,all important fields empty,remove_incomplete_rows
,,,,,,,<na>,,,,,,,7066,all important fields empty,remove_incomplete_rows
,,,,,,,<na>,,,,,,,7067,all important fields empty,remove_incomplete_rows
,,,,,,,<na>,,,,,,,7070,all important fields empty,remove_incomplete_rows
,,,,,,,<na>,,,,,,,7071,all important fields empty,remove_incomplete_rows
,,,,,,,<na>,,,,,,,7074,all important fields empty,remove_incomplete_rows
,,,,,,,<na>,,,,,,,7075,all important fields empty,remove_incomplete_rows
,,,,,,,<na>,,,,,,,7078,all important fields empty,remove_incomplete_rows
,,,,,,,<na>,,,,,,,7079,all important fields empty,remove_incomplete_rows
,,,,,,,<na>,,,,,,,7082,all important fields empty,remove_incomplete_rows
,,,,,,,<na>,,,,,,,7083,all important fields empty,remove_incomplete_rows
,,,,,,,<na>,,,,,,,7088,all important fields empty,remove_incomplete_rows
,,,,,,,<na>,,,,,,,7089,all important fields empty,remove_incomplete_rows
,,,,,,,<na>,,,,,,,7098,all important fields empty,remove_incomplete_rows
,,,,,,,<na>,,,,,,,7099,all important fields empty,remove_incomplete_rows
,,,,,,,<na>,,,,,,,7103,all important fields empty,remove_incomplete_rows
,,,,,,,<na>,,,,,,,7104,all important fields empty,remove_incomplete_rows
,,,,,,,<na>,,,,,,,7108,all important fields empty,remove_incomplete_rows
,,,,,,,<na>,,,,,,,7109,all important fields empty,remove_incomplete_rows
,,,,,,,<na>,,,,,,,7112,all important fields empty,remove_incomplete_rows
,,,,,,,<na>,,,,,,,7113,all important fields empty,remove_incomplete_rows
,,,,,,,<na>,,,,,,,7116,all important fields empty,remove_incomplete_rows
,,,,,,,<na>,,,,,,,7117,all important fields empty,remove_incomplete_rows
,,,,,,,<na>,,,,,,,7122,all important fields empty,remove_incomplete_rows
,,,,,,,<na>,,,,,,,7123,all important fields empty,remove_incomplete_rows
,,,,,,,<na>,,,,,,,7126,all important fields empty,remove_incomplete_rows
,,,,,,,<na>,,,,,,,7127,all important fields empty,remove_incomplete_rows
,,,,,,,<na>,,,,,,,7130,all important fields empty,remove_incomplete_rows
,,,,,,,<na>,,,,,,,7131,all important fields empty,remove_incomplete_rows
,,,,,,,<na>,,,,,,,7134,all important fields empty,remove_incomplete_rows
,,,,,,,<na>,,,,,,,7135,all important fields empty,remove_incomplete_rows
,,,,,,,<na>,,,,,,,7138,all important fields empty,remove_incomplete_rows
,,,,,,,<na>,,,,,,,7139,all important fields empty,remove_incomplete_rows
,,,,,,,<na>,,,,,,,7142,all important fields empty,remove_incomplete_rows
,,,,,,,<na>,,,,,,,7143,all important fields empty,remove_incomplete_rows
,,,,,,,<na>,,,,,,,7151,all important fields empty,remove_incomplete_rows
,,,,,,,<na>,,,,,,,7152,all important fields empty,remove_incomplete_rows
,,,,,,,<na>,,,,,,,7155,all important fields empty,remove_incomplete_rows
,,,,,,,<na>,,,,,,,7156,all important fields empty,remove_incomplete_rows
,,,,,,,<na>,,,,,,,7161,all important fields empty,remove_incomplete_rows
,,,,,,,<na>,,,,,,,7162,all important fields empty,remove_incomplete_rows
,,,,,,,<na>,,,,,,,7165,all important fields empty,remove_incomplete_rows
,,,,,,,<na>,,,,,,,7166,all important fields empty,remove_incomplete_rows
,,,,,,,<na>,,,,,,,7169,all important fields empty,remove_incomplete_rows
,,,,,,,<na>,,,,,,,7170,all important fields empty,remove_incomplete_rows
,,,,,,,<na>,,,,,,,7173,all important fields empty,remove_incomplete_rows
,,,,,,,<na>,,,,,,,7174,all important fields empty,remove_incomplete_rows
,,,,,,,<na>,,,,,,,7180,all important fields empty,remove_incomplete_rows
,,,,,,,<na>,,,,,,,7181,all important fields empty,remove_incomplete_rows
,,,,,,,<na>,,,,,,,7184,all important fields empty,remove_incomplete_rows
,,,,,,,<na>,,,,,,,7185,all important fields empty,remove_incomplete_rows
,,,,,,,<na>,,,,,,,7189,all important fields empty,remove_incomplete_rows
,,,,,,,<na>,,,,,,,7190,all important fields empty,remove_incomplete_rows
,,,,,,,<na>,,,,,,,7193,all important fields empty,remove_incomplete_rows
,,,,,,,<na>,,,,,,,7194,all important fields empty,remove_incomplete_rows
,,,,,,,<na>,,,,,,,7197,all important fields empty,remove_incomplete_rows
,,,,,,,<na>,,,,,,,7198,all important fields empty,remove_incomplete_rows
,,,,,,,<na>,,,,,,,7203,all important fields empty,remove_incomplete_rows
,,,,,,,<na>,,,,,,,7204,all important fields empty,remove_incomplete_rows
,,,,,,,<na>,,,,,,,7207,all important fields empty,remove_incomplete_rows
,,,,,,,<na>,,,,,,,7208,all important fields empty,remove_incomplete_rows
,,,,,,,<na>,,,,,,,7213,all important fields empty,remove_incomplete_rows
,,,,,,,<na>,,,,,,,7214,all important fields empty,remove_incomplete_rows
,,,,,,,<na>,,,,,,,7217,all important fields empty,remove_incomplete_rows
,,,,,,,<na>,,,,,,,7218,all important fields empty,remove_incomplete_rows
,,,,,,,<na>,,,,,,,7222,all important fields empty,remove_incomplete_rows
,,,,,,,<na>,,,,,,,7223,all important fields empty,remove_incomplete_rows
,,,,,,,<na>,,,,,,,7227,all important fields empty,remove_incomplete_rows
,,,,,,,<na>,,,,,,,7228,all important fields empty,remove_incomplete_rows
,,,,,,,<na>,,,,,,,7234,all important fields empty,remove_incomplete_rows
,,,,,,,<na>,,,,,,,7235,all important fields empty,remove_incomplete_rows
,,,,,,,<na>,,,,,,,7238,all important fields empty,remove_incomplete_rows
,,,,,,,<na>,,,,,,,7239,all important fields empty,remove_incomplete_rows
,,,,,,,<na>,,,,,,,7245,all important fields empty,remove_incomplete_rows
,,,,,,,<na>,,,,,,,7246,all important fields empty,remove_incomplete_rows
,,,,,,,<na>,,,,,,,7252,all important fields empty,remove_incomplete_rows
,,,,,,,<na>,,,,,,,7253,all important fields empty,remove_incomplete_rows
,,,,,,,<na>,,,,,,,7258,all important fields empty,remove_incomplete_rows
,,,,,,,<na>,,,,,,,7259,all important fields empty,remove_incomplete_rows
,,,,,,,<na>,,,,,,,7263,all important fields empty,remove_incomplete_rows
,,,,,,,<na>,,,,,,,7264,all important fields empty,remove_incomplete_rows
,,,,,,,<na>,,,,,,,7267,all important fields empty,remove_incomplete_rows
,,,,,,,<na>,,,,,,,7268,all important fields empty,remove_incomplete_rows
,,,,,,,<na>,,,,,,,7273,all important fields empty,remove_incomplete_rows
,,,,,,,<na>,,,,,,,7274,all important fields empty,remove_incomplete_rows
,,,,,,,<na>,,,,,,,7278,all important fields empty,remove_incomplete_rows
,,,,,,,<na>,,,,,,,7279,all important fields empty,remove_incomplete_rows
,,,,,,,<na>,,,,,,,7283,all important fields empty,remove_incomplete_rows
,,,,,,,<na>,,,,,,,7284,all important fields empty,remove_incomplete_rows
,,,,,,,<na>,,,,,,,7287,all important fields empty,remove_incomplete_rows
,,,,,,,<na>,,,,,,,7288,all important fields empty,remove_incomplete_rows
,,,,,,,<na>,,,,,,,7293,all important fields empty,remove_incomplete_rows
,,,,,,,<na>,,,,,,,7294,all important fields empty,remove_incomplete_rows
,,,,,,,<na>,,,,,,,7297,all important fields empty,remove_incomplete_rows
,,,,,,,<na>,,,,,,,7298,all important fields empty,remove_incomplete_rows
,,,,,,,<na>,,,,,,,7306,all important fields empty,remove_incomplete_rows
,,,,,,,<na>,,,,,,,7307,all important fields empty,remove_incomplete_rows
,,,,,,,<na>,,,,,,,7310,all important fields empty,remove_incomplete_rows
,,,,,,,<na>,,,,,,,7311,all important fields empty,remove_incomplete_rows
,,,,,,,<na>,,,,,,,7317,all important fields empty,remove_incomplete_rows
,,,,,,,<na>,,,,,,,7318,all important fields empty,remove_incomplete_rows
,,,,,,,<na>,,,,,,,7321,all important fields empty,remove_incomplete_rows
,,,,,,,<na>,,,,,,,7322,all important fields empty,remove_incomplete_rows
,,,,,,,<na>,,,,,,,7325,all important fields empty,remove_incomplete_rows
,,,,,,,<na>,,,,,,,7326,all important fields empty,remove_incomplete_rows
,,,,,,,<na>,,,,,,,7330,all important fields empty,remove_incomplete_rows
,,,,,,,<na>,,,,,,,7331,all important fields empty,remove_incomplete_rows
,,,,,,,<na>,,,,,,,7336,all important fields empty,remove_incomplete_rows
,,,,,,,<na>,,,,,,,7337,all important fields empty,remove_incomplete_rows
,,,,,,,<na>,,,,,,,7340,all important fields empty,remove_incomplete_rows
,,,,,,,<na>,,,,,,,7341,all important fields empty,remove_incomplete_rows
,,,,,,,<na>,,,,,,,7344,all important fields empty,remove_incomplete_rows
,,,,,,,<na>,,,,,,,7345,all important fields empty,remove_incomplete_rows
,,,,,,,<na>,,,,,,,7348,all important fields empty,remove_incomplete_rows
,,,,,,,<na>,,,,,,,7349,all important fields empty,remove_incomplete_rows
,,,,,,,<na>,,,,,,,7352,all important fields empty,remove_incomplete_rows
,,,,,,,<na>,,,,,,,7353,all important fields empty,remove_incomplete_rows
,,,,,,,<na>,,,,,,,7356,all important fields empty,remove_incomplete_rows
,,,,,,,<na>,,,,,,,7357,all important fields empty,remove_incomplete_rows
,,,,,,,<na>,,,,,,,7360,all important fields empty,remove_incomplete_rows
,,,,,,,<na>,,,,,,,7361,all important fields empty,remove_incomplete_rows
,,,,,,,<na>,,,,,,,7365,all important fields empty,remove_incomplete_rows
,,,,,,,<na>,,,,,,,7366,all important fields empty,remove_incomplete_rows
,,,,,,,<na>,,,,,,,7370,all important fields empty,remove_incomplete_rows
,,,,,,,<na>,,,,,,,7371,all important fields empty,remove_incomplete_rows
,,,,,,,<na>,,,,,,,7374,all important fields empty,remove_incomplete_rows
,,,,,,,<na>,,,,,,,7375,all important fields empty,remove_incomplete_rows
,,,,,,,<na>,,,,,,,7381,all important fields empty,remove_incomplete_rows
,,,,,,,<na>,,,,,,,7382,all important fields empty,remove_incomplete_rows
,,,,,,,<na>,,,,,,,7385,all important fields empty,remove_incomplete_rows
,,,,,,,<na>,,,,,,,7386,all important fields empty,remove_incomplete_rows
,,,,,,,<na>,,,,,,,7390,all important fields empty,remove_incomplete_rows
,,,,,,,<na>,,,,,,,7391,all important fields empty,remove_incomplete_rows
,,,,,,,<na>,,,,,,,7394,all important fields empty,remove_incomplete_rows
,,,,,,,<na>,,,,,,,7395,all important fields empty,remove_incomplete_rows
,,,,,,,<na>,,,,,,,7400,all important fields empty,remove_incomplete_rows
,,,,,,,<na>,,,,,,,7401,all important fields empty,remove_incomplete_rows
,,,,,,,<na>,,,,,,,7404,all important fields empty,remove_incomplete_rows
,,,,,,,<na>,,,,,,,7405,all important fields empty,remove_incomplete_rows
,,,,,,,<na>,,,,,,,7408,all important fields empty,remove_incomplete_rows
,,,,,,,<na>,,,,,,,7409,all important fields empty,remove_incomplete_rows
,,,,,,,<na>,,,,,,,7413,all important fields empty,remove_incomplete_rows
,,,,,,,<na>,,,,,,,7414,all important fields empty,remove_incomplete_rows
,,,,,,,<na>,,,,,,,7418,all important fields empty,remove_incomplete_rows
,,,,,,,<na>,,,,,,,7419,all important fields empty,remove_incomplete_rows
,,,,,,,<na>,,,,,,,7422,all important fields empty,remove_incomplete_rows
,,,,,,,<na>,,,,,,,7423,all important fields empty,remove_incomplete_rows
,,,,,,,<na>,,,,,,,7428,all important fields empty,remove_incomplete_rows
,,,,,,,<na>,,,,,,,7429,all important fields empty,remove_incomplete_rows
,,,,,,,<na>,,,,,,,7435,all important fields empty,remove_incomplete_rows
,,,,,,,<na>,,,,,,,7436,all important fields empty,remove_incomplete_rows
,,,,,,,<na>,,,,,,,7439,all important fields empty,remove_incomplete_rows
,,,,,,,<na>,,,,,,,7440,all important fields empty,remove_incomplete_rows
,,,,,,,<na>,,,,,,,7444,all important fields empty,remove_incomplete_rows
,,,,,,,<na>,,,,,,,7445,all important fields empty,remove_incomplete_rows
,,,,,,,<na>,,,,,,,7448,all important fields empty,remove_incomplete_rows
,,,,,,,<na>,,,,,,,7449,all important fields empty,remove_incomplete_rows
,,,,,,,<na>,,,,,,,7457,all important fields empty,remove_incomplete_rows
,,,,,,,<na>,,,,,,,7458,all important fields empty,remove_incomplete_rows
,,,,,,,<na>,,,,,,,7461,all important fields empty,remove_incomplete_rows
,,,,,,,<na>,,,,,,,7462,all important fields empty,remove_incomplete_rows
,,,,,,,<na>,,,,,,,7467,all important fields empty,remove_incomplete_rows
,,,,,,,<na>,,,,,,,7468,all important fields empty,remove_incomplete_rows
,,,,,,,<na>,,,,,,,7472,all important fields empty,remove_incomplete_rows
,,,,,,,<na>,,,,,,,7473,all important fields empty,remove_incomplete_rows
,,,,,,,<na>,,,,,,,7477,all important fields empty,remove_incomplete_rows
,,,,,,,<na>,,,,,,,7478,all important fields empty,remove_incomplete_rows
,,,,,,,<na>,,,,,,,7481,all important fields empty,remove_incomplete_rows
,,,,,,,<na>,,,,,,,7482,all important fields empty,remove_incomplete_rows
,,,,,,,<na>,,,,,,,7485,all important fields empty,remove_incomplete_rows
,,,,,,,<na>,,,,,,,7486,all important fields empty,remove_incomplete_rows
,,,,,,,<na>,,,,,,,7489,all important fields empty,remove_incomplete_rows
,,,,,,,<na>,,,,,,,7490,all important fields empty,remove_incomplete_rows
,,,,,,,<na>,,,,,,,7493,all important fields empty,remove_incomplete_rows
,,,,,,,<na>,,,,,,,7494,all important fields empty,remove_incomplete_rows
,,,,,,,<na>,,,,,,,7498,all important fields empty,remove_incomplete_rows
,,,,,,,<na>,,,,,,,7499,all important fields empty,remove_incomplete_rows
,,,,,,,<na>,,,,,,,7506,all important fields empty,remove_incomplete_rows
,,,,,,,<na>,,,,,,,7507,all important fields empty,remove_incomplete_rows
,,,,,,,<na>,,,,,,,7510,all important fields empty,remove_incomplete_rows
,,,,,,,<na>,,,,,,,7511,all important fields empty,remove_incomplete_rows
,,,,,,,<na>,,,,,,,7514,all important fields empty,remove_incomplete_rows
,,,,,,,<na>,,,,,,,7515,all important fields empty,remove_incomplete_rows
,,,,,,,<na>,,,,,,,7518,all important fields empty,remove_incomplete_rows
,,,,,,,<na>,,,,,,,7519,all important fields empty,remove_incomplete_rows
,,,,,,,<na>,,,,,,,7524,all important fields empty,remove_incomplete_rows
,,,,,,,<na>,,,,,,,7525,all important fields empty,remove_incomplete_rows
,,,,,,,<na>,,,,,,,7531,all important fields empty,remove_incomplete_rows
,,,,,,,<na>,,,,,,,7532,all important fields empty,remove_incomplete_rows
,,,,,,,<na>,,,,,,,7535,all important fields empty,remove_incomplete_rows
,,,,,,,<na>,,,,,,,7536,all important fields empty,remove_incomplete_rows
,,,,,,,<na>,,,,,,,7539,all important fields empty,remove_incomplete_rows
,,,,,,,<na>,,,,,,,7540,all important fields empty,remove_incomplete_rows
,,,,,,,<na>,,,,,,,7544,all important fields empty,remove_incomplete_rows
,,,,,,,<na>,,,,,,,7545,all important fields empty,remove_incomplete_rows
,,,,,,,<na>,,,,,,,7548,all important fields empty,remove_incomplete_rows
,,,,,,,<na>,,,,,,,7549,all important fields empty,remove_incomplete_rows
,,,,,,,<na>,,,,,,,7552,all important fields empty,remove_incomplete_rows
,,,,,,,<na>,,,,,,,7553,all important fields empty,remove_incomplete_rows
,,,,,,,<na>,,,,,,,7556,all important fields empty,remove_incomplete_rows
,,,,,,,<na>,,,,,,,7557,all important fields empty,remove_incomplete_rows
,,,,,,,<na>,,,,,,,7560,all important fields empty,remove_incomplete_rows
,,,,,,,<na>,,,,,,,7561,all important fields empty,remove_incomplete_rows
,,,,,,,<na>,,,,,,,7564,all important fields empty,remove_incomplete_rows
,,,,,,,<na>,,,,,,,7565,all important fields empty,remove_incomplete_rows
,,,,,,,<na>,,,,,,,7568,all important fields empty,remove_incomplete_rows
,,,,,,,<na>,,,,,,,7569,all important fields empty,remove_incomplete_rows
,,,,,,,<na>,,,,,,,7572,all important fields empty,remove_incomplete_rows
,,,,,,,<na>,,,,,,,7573,all important fields empty,remove_incomplete_rows
,,,,,,,<na>,,,,,,,7576,all important fields empty,remove_incomplete_rows
,,,,,,,<na>,,,,,,,7577,all important fields empty,remove_incomplete_rows
,,,,,,,<na>,,,,,,,7581,all important fields empty,remove_incomplete_rows
,,,,,,,<na>,,,,,,,7582,all important fields empty,remove_incomplete_rows
,,,,,,,<na>,,,,,,,7585,all important fields empty,remove_incomplete_rows
,,,,,,,<na>,,,,,,,7586,all important fields empty,remove_incomplete_rows
,,,,,,,<na>,,,,,,,7589,all important fields empty,remove_incomplete_rows
,,,,,,,<na>,,,,,,,7590,all important fields empty,remove_incomplete_rows
,,,,,,,<na>,,,,,,,7593,all important fields empty,remove_incomplete_rows
,,,,,,,<na>,,,,,,,7594,all important fields empty,remove_incomplete_rows
,,,,,,,<na>,,,,,,,7597,all important fields empty,remove_incomplete_rows
,,,,,,,<na>,,,,,,,7598,all important fields empty,remove_incomplete_rows
,,,,,,,<na>,,,,,,,7604,all important fields empty,remove_incomplete_rows
,,,,,,,<na>,,,,,,,7605,all important fields empty,remove_incomplete_rows
,,,,,,,<na>,,,,,,,7608,all important fields empty,remove_incomplete_rows
,,,,,,,<na>,,,,,,,7609,all important fields empty,remove_incomplete_rows
,,,,,,,<na>,,,,,,,7612,all important fields empty,remove_incomplete_rows
,,,,,,,<na>,,,,,,,7613,all important fields empty,remove_incomplete_rows
,,,,,,,<na>,,,,,,,7616,all important fields empty,remove_incomplete_rows
,,,,,,,<na>,,,,,,,7617,all important fields empty,remove_incomplete_rows
,,,,,,,<na>,,,,,,,7621,all important fields empty,remove_incomplete_rows
,,,,,,,<na>,,,,,,,7622,all important fields empty,remove_incomplete_rows
,,,,,,,<na>,,,,,,,7626,all important fields empty,remove_incomplete_rows
,,,,,,,<na>,,,,,,,7627,all important fields empty,remove_incomplete_rows
,,,,,,,<na>,,,,,,,7631,all important fields empty,remove_incomplete_rows
,,,,,,,<na>,,,,,,,7632,all important fields empty,remove_incomplete_rows
,,,,,,,<na>,,,,,,,7635,all important fields empty,remove_incomplete_rows
,,,,,,,<na>,,,,,,,7636,all important fields empty,remove_incomplete_rows
,,,,,,,<na>,,,,,,,7640,all important fields empty,remove_incomplete_rows
,,,,,,,<na>,,,,,,,7641,all important fields empty,remove_incomplete_rows
,,,,,,,<na>,,,,,,,7644,all important fields empty,remove_incomplete_rows
,,,,,,,<na>,,,,,,,7645,all important fields empty,remove_incomplete_rows
,,,,,,,<na>,,,,,,,7648,all important fields empty,remove_incomplete_rows
,,,,,,,<na>,,,,,,,7649,all important fields empty,remove_incomplete_rows
,,,,,,,<na>,,,,,,,7652,all important fields empty,remove_incomplete_rows
,,,,,,,<na>,,,,,,,7653,all important fields empty,remove_incomplete_rows
,,,,,,,<na>,,,,,,,7656,all important fields empty,remove_incomplete_rows
,,,,,,,<na>,,,,,,,7657,all important fields empty,remove_incomplete_rows
,,,,,,,<na>,,,,,,,7660,all important fields empty,remove_incomplete_rows
,,,,,,,<na>,,,,,,,7661,all important fields empty,remove_incomplete_rows
,,,,,,,<na>,,,,,,,7664,all important fields empty,remove_incomplete_rows
,,,,,,,<na>,,,,,,,7665,all important fields empty,remove_incomplete_rows
,,,,,,,<na>,,,,,,,7668,all important fields empty,remove_incomplete_rows
,,,,,,,<na>,,,,,,,7669,all important fields empty,remove_incomplete_rows
,,,,,,,<na>,,,,,,,7672,all important fields empty,remove_incomplete_rows
,,,,,,,<na>,,,,,,,7673,all important fields empty,remove_incomplete_rows
,,,,,,,<na>,,,,,,,7676,all important fields empty,remove_incomplete_rows
,,,,,,,<na>,,,,,,,7677,all important fields empty,remove_incomplete_rows
,,,,,,,<na>,,,,,,,7681,all important fields empty,remove_incomplete_rows
,,,,,,,<na>,,,,,,,7682,all important fields empty,remove_incomplete_rows
,,,,,,,<na>,,,,,,,7686,all important fields empty,remove_incomplete_rows
,,,,,,,<na>,,,,,,,7687,all important fields empty,remove_incomplete_rows
,,,,,,,<na>,,,,,,,7690,all important fields empty,remove_incomplete_rows
,,,,,,,<na>,,,,,,,7691,all important fields empty,remove_incomplete_rows
,,,,,,,<na>,,,,,,,7695,all important fields empty,remove_incomplete_rows
,,,,,,,<na>,,,,,,,7696,all important fields empty,remove_incomplete_rows
,,,,,,,<na>,,,,,,,7699,all important fields empty,remove_incomplete_rows
,,,,,,,<na>,,,,,,,7700,all important fields empty,remove_incomplete_rows
,,,,,,,<na>,,,,,,,7703,all important fields empty,remove_incomplete_rows
,,,,,,,<na>,,,,,,,7704,all important fields empty,remove_incomplete_rows
,,,,,,,<na>,,,,,,,7707,all important fields empty,remove_incomplete_rows
,,,,,,,<na>,,,,,,,7708,all important fields empty,remove_incomplete_rows
,,,,,,,<na>,,,,,,,7712,all important fields empty,remove_incomplete_rows
,,,,,,,<na>,,,,,,,7713,all important fields empty,remove_incomplete_rows
,,,,,,,<na>,,,,,,,7719,all important fields empty,remove_incomplete_rows
,,,,,,,<na>,,,,,,,7720,all important fields empty,remove_incomplete_rows
,,,,,,,<na>,,,,,,,7725,all important fields empty,remove_incomplete_rows
,,,,,,,<na>,,,,,,,7726,all important fields empty,remove_incomplete_rows
,,,,,,,<na>,,,,,,,7729,all important fields empty,remove_incomplete_rows
,,,,,,,<na>,,,,,,,7730,all important fields empty,remove_incomplete_rows
,,,,,,,<na>,,,,,,,7733,all important fields empty,remove_incomplete_rows
,,,,,,,<na>,,,,,,,7734,all important fields empty,remove_incomplete_rows
,,,,,,,<na>,,,,,,,7737,all important fields empty,remove_incomplete_rows
,,,,,,,<na>,,,,,,,7738,all important fields empty,remove_incomplete_rows
,,,,,,,<na>,,,,,,,7741,all important fields empty,remove_incomplete_rows
,,,,,,,<na>,,,,,,,7742,all important fields empty,remove_incomplete_rows
,,,,,,,<na>,,,,,,,7747,all important fields empty,remove_incomplete_rows
,,,,,,,<na>,,,,,,,7748,all important fields empty,remove_incomplete_rows
,,,,,,,<na>,,,,,,,7752,all important fields empty,remove_incomplete_rows
,,,,,,,<na>,,,,,,,7753,all important fields empty,remove_incomplete_rows
,,,,,,,<na>,,,,,,,7760,all important fields empty,remove_incomplete_rows
,,,,,,,<na>,,,,,,,7761,all important fields empty,remove_incomplete_rows
,,,,,,,<na>,,,,,,,7767,all important fields empty,remove_incomplete_rows
,,,,,,,<na>,,,,,,,7768,all important fields empty,remove_incomplete_rows
,,,,,,,<na>,,,,,,,7772,all important fields empty,remove_incomplete_rows
,,,,,,,<na>,,,,,,,7773,all important fields empty,remove_incomplete_rows
,,,,,,,<na>,,,,,,,7777,all important fields empty,remove_incomplete_rows
,,,,,,,<na>,,,,,,,7778,all important fields empty,remove_incomplete_rows
,,,,,,,<na>,,,,,,,7783,all important fields empty,remove_incomplete_rows
,,,,,,,<na>,,,,,,,7784,all important fields empty,remove_incomplete_rows
,,,,,,,<na>,,,,,,,7787,all important fields empty,remove_incomplete_rows
,,,,,,,<na>,,,,,,,7788,all important fields empty,remove_incomplete_rows
,,,,,,,<na>,,,,,,,7791,all important fields empty,remove_incomplete_rows
,,,,,,,<na>,,,,,,,7792,all important fields empty,remove_incomplete_rows
,,,,,,,<na>,,,,,,,7797,all important fields empty,remove_incomplete_rows
,,,,,,,<na>,,,,,,,7798,all important fields empty,remove_incomplete_rows
,,,,,,,<na>,,,,,,,7801,all important fields empty,remove_incomplete_rows
,,,,,,,<na>,,,,,,,7802,all important fields empty,remove_incomplete_rows
,,,,,,,<na>,,,,,,,7809,all important fields empty,remove_incomplete_rows
,,,,,,,<na>,,,,,,,7810,all important fields empty,remove_incomplete_rows
,,,,,,,<na>,,,,,,,7813,all important fields empty,remove_incomplete_rows
,,,,,,,<na>,,,,,,,7814,all important fields empty,remove_incomplete_rows
,,,,,,,<na>,,,,,,,7817,all important fields empty,remove_incomplete_rows
,,,,,,,<na>,,,,,,,7818,all important fields empty,remove_incomplete_rows
,,,,,,,<na>,,,,,,,7821,all important fields empty,remove_incomplete_rows
,,,,,,,<na>,,,,,,,7822,all important fields empty,remove_incomplete_rows
,,,,,,,<na>,,,,,,,7827,all important fields empty,remove_incomplete_rows
,,,,,,,<na>,,,,,,,7828,all important fields empty,remove_incomplete_rows
,,,,,,,<na>,,,,,,,7831,all important fields empty,remove_incomplete_rows
,,,,,,,<na>,,,,,,,7832,all important fields empty,remove_incomplete_rows
,,,,,,,<na>,,,,,,,7835,all important fields empty,remove_incomplete_rows
,,,,,,,<na>,,,,,,,7836,all important fields empty,remove_incomplete_rows
,,,,,,,<na>,,,,,,,7840,all important fields empty,remove_incomplete_rows
,,,,,,,<na>,,,,,,,7841,all important fields empty,remove_incomplete_rows
,,,,,,,<na>,,,,,,,7845,all important fields empty,remove_incomplete_rows
,,,,,,,<na>,,,,,,,7846,all important fields empty,remove_incomplete_rows
,,,,,,,<na>,,,,,,,7856,all important fields empty,remove_incomplete_rows
,,,,,,,<na>,,,,,,,7857,all important fields empty,remove_incomplete_rows
,,,,,,,<na>,,,,,,,7861,all important fields empty,remove_incomplete_rows
,,,,,,,<na>,,,,,,,7862,all important fields empty,remove_incomplete_rows
,,,,,,,<na>,,,,,,,7865,all important fields empty,remove_incomplete_rows
,,,,,,,<na>,,,,,,,7866,all important fields empty,remove_incomplete_rows
,,,,,,,<na>,,,,,,,7870,all important fields empty,remove_incomplete_rows
,,,,,,,<na>,,,,,,,7871,all important fields empty,remove_incomplete_rows
,,,,,,,<na>,,,,,,,7874,all important fields empty,remove_incomplete_rows
,,,,,,,<na>,,,,,,,7875,all important fields empty,remove_incomplete_rows
,,,,,,,<na>,,,,,,,7878,all important fields empty,remove_incomplete_rows
,,,,,,,<na>,,,,,,,7879,all important fields empty,remove_incomplete_rows
,,,,,,,<na>,,,,,,,7883,all important fields empty,remove_incomplete_rows
,,,,,,,<na>,,,,,,,7884,all important fields empty,remove_incomplete_rows
,,,,,,,<na>,,,,,,,7887,all important fields empty,remove_incomplete_rows
,,,,,,,<na>,,,,,,,7888,all important fields empty,remove_incomplete_rows
,,,,,,,<na>,,,,,,,7891,all important fields empty,remove_incomplete_rows
,,,,,,,<na>,,,,,,,7892,all important fields empty,remove_incomplete_rows
,,,,,,,<na>,,,,,,,7895,all important fields empty,remove_incomplete_rows
,,,,,,,<na>,,,,,,,7896,all important fields empty,remove_incomplete_rows
,,,,,,,<na>,,,,,,,7899,all important fields empty,remove_incomplete_rows
,,,,,,,<na>,,,,,,,7900,all important fields empty,remove_incomplete_rows
,,,,,,,<na>,,,,,,,7906,all important fields empty,remove_incomplete_rows
,,,,,,,<na>,,,,,,,7907,all important fields empty,remove_incomplete_rows
,,,,,,,<na>,,,,,,,7911,all important fields empty,remove_incomplete_rows
,,,,,,,<na>,,,,,,,7912,all important fields empty,remove_incomplete_rows
,,,,,,,<na>,,,,,,,7915,all important fields empty,remove_incomplete_rows
,,,,,,,<na>,,,,,,,7916,all important fields empty,remove_incomplete_rows
,,,,,,,<na>,,,,,,,7919,all important fields empty,remove_incomplete_rows
,,,,,,,<na>,,,,,,,7920,all important fields empty,remove_incomplete_rows
,,,,,,,<na>,,,,,,,7923,all important fields empty,remove_incomplete_rows
,,,,,,,<na>,,,,,,,7924,all important fields empty,remove_incomplete_rows
,,,,,,,<na>,,,,,,,7928,all important fields empty,remove_incomplete_rows
,,,,,,,<na>,,,,,,,7929,all important fields empty,remove_incomplete_rows
,,,,,,,<na>,,,,,,,7932,all important fields empty,remove_incomplete_rows
,,,,,,,<na>,,,,,,,7933,all important fields empty,remove_incomplete_rows
,,,,,,,<na>,,,,,,,7936,all important fields empty,remove_incomplete_rows
,,,,,,,<na>,,,,,,,7937,all important fields empty,remove_incomplete_rows
,,,,,,,<na>,,,,,,,7940,all important fields empty,remove_incomplete_rows
,,,,,,,<na>,,,,,,,7941,all important fields empty,remove_incomplete_rows
,,,,,,,<na>,,,,,,,7944,all important fields empty,remove_incomplete_rows
,,,,,,,<na>,,,,,,,7945,all important fields empty,remove_incomplete_rows
,,,,,,,<na>,,,,,,,7948,all important fields empty,remove_incomplete_rows
,,,,,,,<na>,,,,,,,7949,all important fields empty,remove_incomplete_rows
,,,,,,,<na>,,,,,,,7952,all important fields empty,remove_incomplete_rows
,,,,,,,<na>,,,,,,,7953,all important fields empty,remove_incomplete_rows
,,,,,,,<na>,,,,,,,7956,all important fields empty,remove_incomplete_rows
,,,,,,,<na>,,,,,,,7957,all important fields empty,remove_incomplete_rows
,,,,,,,<na>,,,,,,,7961,all important fields empty,remove_incomplete_rows
,,,,,,,<na>,,,,,,,7962,all important fields empty,remove_incomplete_rows
,,,,,,,<na>,,,,,,,7965,all important fields empty,remove_incomplete_rows
,,,,,,,<na>,,,,,,,7966,all important fields empty,remove_incomplete_rows
,,,,,,,<na>,,,,,,,7969,all important fields empty,remove_incomplete_rows
,,,,,,,<na>,,,,,,,7970,all important fields empty,remove_incomplete_rows
,,,,,,,<na>,,,,,,,7973,all important fields empty,remove_incomplete_rows
,,,,,,,<na>,,,,,,,7974,all important fields empty,remove_incomplete_rows
,,,,,,,<na>,,,,,,,7977,all important fields empty,remove_incomplete_rows
,,,,,,,<na>,,,,,,,7978,all important fields empty,remove_incomplete_rows
,,,,,,,<na>,,,,,,,7982,all important fields empty,remove_incomplete_rows
,,,,,,,<na>,,,,,,,7983,all important fields empty,remove_incomplete_rows
,,,,,,,<na>,,,,,,,7986,all important fields empty,remove_incomplete_rows
,,,,,,,<na>,,,,,,,7987,all important fields empty,remove_incomplete_rows
,,,,,,,<na>,,,,,,,7990,all important fields empty,remove_incomplete_rows
,,,,,,,<na>,,,,,,,7991,all important fields empty,remove_incomplete_rows
,,,,,,,<na>,,,,,,,7995,all important fields empty,remove_incomplete_rows
,,,,,,,<na>,,,,,,,7996,all important fields empty,remove_incomplete_rows
,,,,,,,<na>,,,,,,,7999,all important fields empty,remove_incomplete_rows
,,,,,,,<na>,,,,,,,8000,all important fields empty,remove_incomplete_rows
,,,,,,,<na>,,,,,,,8003,all important fields empty,remove_incomplete_rows
,,,,,,,<na>,,,,,,,8004,all important fields empty,remove_incomplete_rows
,,,,,,,<na>,,,,,,,8007,all important fields empty,remove_incomplete_rows
,,,,,,,<na>,,,,,,,8008,all important fields empty,remove_incomplete_rows
,,,,,,,<na>,,,,,,,8011,all important fields empty,remove_incomplete_rows
,,,,,,,<na>,,,,,,,8012,all important fields empty,remove_incomplete_rows
,,,,,,,<na>,,,,,,,8015,all important fields empty,remove_incomplete_rows
,,,,,,,<na>,,,,,,,8016,all important fields empty,remove_incomplete_rows
,,,,,,,<na>,,,,,,,8021,all important fields empty,remove_incomplete_rows
,,,,,,,<na>,,,,,,,8022,all important fields empty,remove_incomplete_rows
,,,,,,,<na>,,,,,,,8025,all important fields empty,remove_incomplete_rows
,,,,,,,<na>,,,,,,,8026,all important fields empty,remove_incomplete_rows
,,,,,,,<na>,,,,,,,8030,all important fields empty,remove_incomplete_rows
,,,,,,,<na>,,,,,,,8031,all important fields empty,remove_incomplete_rows
,,,,,,,<na>,,,,,,,8035,all important fields empty,remove_incomplete_rows
,,,,,,,<na>,,,,,,,8036,all important fields empty,remove_incomplete_rows
,,,,,,,<na>,,,,,,,8039,all important fields empty,remove_incomplete_rows
,,,,,,,<na>,,,,,,,8040,all important fields empty,remove_incomplete_rows
,,,,,,,<na>,,,,,,,8043,all important fields empty,remove_incomplete_rows
,,,,,,,<na>,,,,,,,8044,all important fields empty,remove_incomplete_rows
,,,,,,,<na>,,,,,,,8049,all important fields empty,remove_incomplete_rows
,,,,,,,<na>,,,,,,,8050,all important fields empty,remove_incomplete_rows
,,,,,,,<na>,,,,,,,8058,all important fields empty,remove_incomplete_rows
,,,,,,,<na>,,,,,,,8059,all important fields empty,remove_incomplete_rows
,,,,,,,<na>,,,,,,,8063,all important fields empty,remove_incomplete_rows
,,,,,,,<na>,,,,,,,8064,all important fields empty,remove_incomplete_rows
,,,,,,,<na>,,,,,,,8067,all important fields empty,remove_incomplete_rows
,,,,,,,<na>,,,,,,,8068,all important fields empty,remove_incomplete_rows
,,,,,,,<na>,,,,,,,8071,all important fields empty,remove_incomplete_rows
,,,,,,,<na>,,,,,,,8072,all important fields empty,remove_incomplete_rows
,,,,,,,<na>,,,,,,,8075,all important fields empty,remove_incomplete_rows
,,,,,,,<na>,,,,,,,8076,all important fields empty,remove_incomplete_rows
,,,,,,,<na>,,,,,,,8079,all important fields empty,remove_incomplete_rows
,,,,,,,<na>,,,,,,,8080,all important fields empty,remove_incomplete_rows
,,,,,,,<na>,,,,,,,8084,all important fields empty,remove_incomplete_rows
,,,,,,,<na>,,,,,,,8085,all important fields empty,remove_incomplete_rows
,,,,,,,<na>,,,,,,,8088,all important fields empty,remove_incomplete_rows
,,,,,,,<na>,,,,,,,8089,all important fields empty,remove_incomplete_rows
,,,,,,,<na>,,,,,,,8094,all important fields empty,remove_incomplete_rows
,,,,,,,<na>,,,,,,,8095,all important fields empty,remove_incomplete_rows
,,,,,,,<na>,,,,,,,8098,all important fields empty,remove_incomplete_rows
,,,,,,,<na>,,,,,,,8099,all important fields empty,remove_incomplete_rows
,,,,,,,<na>,,,,,,,8102,all important fields empty,remove_incomplete_rows
,,,,,,,<na>,,,,,,,8103,all important fields empty,remove_incomplete_rows
,,,,,,,<na>,,,,,,,8106,all important fields empty,remove_incomplete_rows
,,,,,,,<na>,,,,,,,8107,all important fields empty,remove_incomplete_rows
,,,,,,,<na>,,,,,,,8111,all important fields empty,remove_incomplete_rows
,,,,,,,<na>,,,,,,,8112,all important fields empty,remove_incomplete_rows
,,,,,,,<na>,,,,,,,8116,all important fields empty,remove_incomplete_rows
,,,,,,,<na>,,,,,,,8117,all important fields empty,remove_incomplete_rows
,,,,,,,<na>,,,,,,,8121,all important fields empty,remove_incomplete_rows
,,,,,,,<na>,,,,,,,8122,all important fields empty,remove_incomplete_rows
,,,,,,,<na>,,,,,,,8127,all important fields empty,remove_incomplete_rows
,,,,,,,<na>,,,,,,,8128,all important fields empty,remove_incomplete_rows
,,,,,,,<na>,,,,,,,8132,all important fields empty,remove_incomplete_rows
,,,,,,,<na>,,,,,,,8133,all important fields empty,remove_incomplete_rows
,,,,,,,<na>,,,,,,,8136,all important fields empty,remove_incomplete_rows
,,,,,,,<na>,,,,,,,8137,all important fields empty,remove_incomplete_rows
,,,,,,,<na>,,,,,,,8140,all important fields empty,remove_incomplete_rows
,,,,,,,<na>,,,,,,,8141,all important fields empty,remove_incomplete_rows
,,,,,,,<na>,,,,,,,8144,all important fields empty,remove_incomplete_rows
,,,,,,,<na>,,,,,,,8145,all important fields empty,remove_incomplete_rows
,,,,,,,<na>,,,,,,,8151,all important fields empty,remove_incomplete_rows
,,,,,,,<na>,,,,,,,8152,all important fields empty,remove_incomplete_rows
,,,,,,,<na>,,,,,,,8155,all important fields empty,remove_incomplete_rows
,,,,,,,<na>,,,,,,,8156,all important fields empty,remove_incomplete_rows
,,,,,,,<na>,,,,,,,8160,all important fields empty,remove_incomplete_rows
,,,,,,,<na>,,,,,,,8161,all important fields empty,remove_incomplete_rows
,,,,,,,<na>,,,,,,,8166,all important fields empty,remove_incomplete_rows
,,,,,,,<na>,,,,,,,8167,all important fields empty,remove_incomplete_rows
,,,,,,,<na>,,,,,,,8171,all important fields empty,remove_incomplete_rows
,,,,,,,<na>,,,,,,,8172,all important fields empty,remove_incomplete_rows
,,,,,,,<na>,,,,,,,8175,all important fields empty,remove_incomplete_rows
,,,,,,,<na>,,,,,,,8176,all important fields empty,remove_incomplete_rows
,,,,,,,<na>,,,,,,,8179,all important fields empty,remove_incomplete_rows
,,,,,,,<na>,,,,,,,8180,all important fields empty,remove_incomplete_rows
,,,,,,,<na>,,,,,,,8183,all important fields empty,remove_incomplete_rows
,,,,,,,<na>,,,,,,,8184,all important fields empty,remove_incomplete_rows
,,,,,,,<na>,,,,,,,8187,all important fields empty,remove_incomplete_rows
,,,,,,,<na>,,,,,,,8188,all important fields empty,remove_incomplete_rows
,,,,,,,<na>,,,,,,,8191,all important fields empty,remove_incomplete_rows
,,,,,,,<na>,,,,,,,8192,all important fields empty,remove_incomplete_rows
,,,,,,,<na>,,,,,,,8195,all important fields empty,remove_incomplete_rows
,,,,,,,<na>,,,,,,,8196,all important fields empty,remove_incomplete_rows
,,,,,,,<na>,,,,,,,8199,all important fields empty,remove_incomplete_rows
,,,,,,,<na>,,,,,,,8200,all important fields empty,remove_incomplete_rows
,,,,,,,<na>,,,,,,,8204,all important fields empty,remove_incomplete_rows
,,,,,,,<na>,,,,,,,8205,all important fields empty,remove_incomplete_rows
,,,,,,,<na>,,,,,,,8208,all important fields empty,remove_incomplete_rows
,,,,,,,<na>,,,,,,,8209,all important fields empty,remove_incomplete_rows
,,,,,,,<na>,,,,,,,8212,all important fields empty,remove_incomplete_rows
,,,,,,,<na>,,,,,,,8213,all important fields empty,remove_incomplete_rows
,,,,,,,<na>,,,,,,,8217,all important fields empty,remove_incomplete_rows
,,,,,,,<na>,,,,,,,8218,all important fields empty,remove_incomplete_rows
,,,,,,,<na>,,,,,,,8221,all important fields empty,remove_incomplete_rows
,,,,,,,<na>,,,,,,,8222,all important fields empty,remove_incomplete_rows
,,,,,,,<na>,,,,,,,8225,all important fields empty,remove_incomplete_rows
,,,,,,,<na>,,,,,,,8226,all important fields empty,remove_incomplete_rows
,,,,,,,<na>,,,,,,,8229,all important fields empty,remove_incomplete_rows
,,,,,,,<na>,,,,,,,8230,all important fields empty,remove_incomplete_rows
,,,,,,,<na>,,,,,,,8234,all important fields empty,remove_incomplete_rows
,,,,,,,<na>,,,,,,,8235,all important fields empty,remove_incomplete_rows
,,,,,,,<na>,,,,,,,8238,all important fields empty,remove_incomplete_rows
,,,,,,,<na>,,,,,,,8239,all important fields empty,remove_incomplete_rows
,,,,,,,<na>,,,,,,,8242,all important fields empty,remove_incomplete_rows
,,,,,,,<na>,,,,,,,8243,all important fields empty,remove_incomplete_rows
,,,,,,,<na>,,,,,,,8246,all important fields empty,remove_incomplete_rows
,,,,,,,<na>,,,,,,,8247,all important fields empty,remove_incomplete_rows
,,,,,,,<na>,,,,,,,8250,all important fields empty,remove_incomplete_rows
,,,,,,,<na>,,,,,,,8251,all important fields empty,remove_incomplete_rows
,,,,,,,<na>,,,,,,,8254,all important fields empty,remove_incomplete_rows
,,,,,,,<na>,,,,,,,8255,all important fields empty,remove_incomplete_rows
,,,,,,,<na>,,,,,,,8262,all important fields empty,remove_incomplete_rows
,,,,,,,<na>,,,,,,,8263,all important fields empty,remove_incomplete_rows
,,,,,,,<na>,,,,,,,8266,all important fields empty,remove_incomplete_rows
,,,,,,,<na>,,,,,,,8267,all important fields empty,remove_incomplete_rows
,,,,,,,<na>,,,,,,,8270,all important fields empty,remove_incomplete_rows
,,,,,,,<na>,,,,,,,8271,all important fields empty,remove_incomplete_rows
,,,,,,,<na>,,,,,,,8274,all important fields empty,remove_incomplete_rows
,,,,,,,<na>,,,,,,,8275,all important fields empty,remove_incomplete_rows
,,,,,,,<na>,,,,,,,8278,all important fields empty,remove_incomplete_rows
,,,,,,,<na>,,,,,,,8279,all important fields empty,remove_incomplete_rows
,,,,,,,<na>,,,,,,,8282,all important fields empty,remove_incomplete_rows
,,,,,,,<na>,,,,,,,8283,all important fields empty,remove_incomplete_rows
,,,,,,,<na>,,,,,,,8286,all important fields empty,remove_incomplete_rows
,,,,,,,<na>,,,,,,,8287,all important fields empty,remove_incomplete_rows
,,,,,,,<na>,,,,,,,8290,all important fields empty,remove_incomplete_rows
,,,,,,,<na>,,,,,,,8291,all important fields empty,remove_incomplete_rows
,,,,,,,<na>,,,,,,,8294,all important fields empty,remove_incomplete_rows
,,,,,,,<na>,,,,,,,8295,all important fields empty,remove_incomplete_rows
,,,,,,,<na>,,,,,,,8298,all important fields empty,remove_incomplete_rows
,,,,,,,<na>,,,,,,,8299,all important fields empty,remove_incomplete_rows
,,,,,,,<na>,,,,,,,8302,all important fields empty,remove_incomplete_rows
,,,,,,,<na>,,,,,,,8303,all important fields empty,remove_incomplete_rows
,,,,,,,<na>,,,,,,,8313,all important fields empty,remove_incomplete_rows
,,,,,,,<na>,,,,,,,8314,all important fields empty,remove_incomplete_rows
,,,,,,,<na>,,,,,,,8317,all important fields empty,remove_incomplete_rows
,,,,,,,<na>,,,,,,,8318,all important fields empty,remove_incomplete_rows
,,,,,,,<na>,,,,,,,8322,all important fields empty,remove_incomplete_rows
,,,,,,,<na>,,,,,,,8323,all important fields empty,remove_incomplete_rows
,,,,,,,<na>,,,,,,,8325,all important fields empty,remove_incomplete_rows
,,,,,,,<na>,,,,,,,8327,all important fields empty,remove_incomplete_rows
,,,,,,,<na>,,,,,,,8328,all important fields empty,remove_incomplete_rows
,,,,,,,<na>,,0.0,0.0,0.0,,,2,"placeholder/non-item row (e.g., header like ""Account : ..."")",remove_incomplete_rows
,,,,,,,<na>,,0.0,0.0,0.0,,,37,"placeholder/non-item row (e.g., header like ""Account : ..."")",remove_incomplete_rows
,,,,,,,<na>,,0.0,0.0,0.0,,,116,"placeholder/non-item row (e.g., header like ""Account : ..."")",remove_incomplete_rows
,,,,,,,<na>,,0.0,0.0,0.0,,,371,"placeholder/non-item row (e.g., header like ""Account : ..."")",remove_incomplete_rows
,,,,,,,<na>,,0.0,0.0,0.0,,,404,"placeholder/non-item row (e.g., header like ""Account : ..."")",remove_incomplete_rows
2023-03-02 00:00:00,,,SD,Sales Discount Variance,,0.0,pcs,0.0,0.0,0.0,0.0,,,509,"placeholder/non-item row (e.g., header like ""Account : ..."")",remove_incomplete_rows
,,,,,,,<na>,,0.0,0.0,0.0,,,510,"placeholder/non-item row (e.g., header like ""Account : ..."")",remove_incomplete_rows
2023-03-02 00:00:00,,,SD,Sales Discount Variance,,0.0,pcs,0.0,0.0,0.0,0.0,,,514,"placeholder/non-item row (e.g., header like ""Account : ..."")",remove_incomplete_rows
,,,,,,,<na>,,0.0,0.0,0.0,,,515,"placeholder/non-item row (e.g., header like ""Account : ..."")",remove_incomplete_rows
,,,ACCOUNT : GAIL PAOLO RIMANDO,,,,<na>,,,,,,,1650,"placeholder/non-item row (e.g., header like ""Account : ..."")",remove_incomplete_rows
,,,ACCOUNT : JESSMEL RAMIREZ,,,,<na>,,,,,,,1793,"placeholder/non-item row (e.g., header like ""Account : ..."")",remove_incomplete_rows
,,,,,,,<na>,,0.0,0.0,0.0,,,1957,"placeholder/non-item row (e.g., header like ""Account : ..."")",remove_incomplete_rows
,,,ACCOUNT : PRINCESS LOU MARZO,,,,<na>,,,,,,,1998,"placeholder/non-item row (e.g., header like ""Account : ..."")",remove_incomplete_rows
,,,,,,,<na>,,0.0,0.0,0.0,,,2098,"placeholder/non-item row (e.g., header like ""Account : ..."")",remove_incomplete_rows
,,,ACCOUNT : MEDSPECS SOLUTIONS INC.,,,,<na>,,,,,,,3619,"placeholder/non-item row (e.g., header like ""Account : ..."")",remove_incomplete_rows
,,,ACCOUNT : PRINCESS LOU MARZO,,,,<na>,,,,,,,3730,"placeholder/non-item row (e.g., header like ""Account : ..."")",remove_incomplete_rows
,,,ACCOUNT : GAIL PAOLO RIMANDO,,,,<na>,,,,,,,4148,"placeholder/non-item row (e.g., header like ""Account : ..."")",remove_incomplete_rows
,,,ACCOUNT : PETRONILO V. MENDOZA JR,,,,<na>,,,,,,,4285,"placeholder/non-item row (e.g., header like ""Account : ..."")",remove_incomplete_rows
,,,ACCOUNT : PRINCESS LOU MARZO,,,,<na>,,,,,,,4880,"placeholder/non-item row (e.g., header like ""Account : ..."")",remove_incomplete_rows
,,,ACCOUNT : PRINCESS LOU MARZO,,,,<na>,,,,,,,4943,"placeholder/non-item row (e.g., header like ""Account : ..."")",remove_incomplete_rows
,,,ACCOUNT : PRINCESS LOU MARZO,,,,<na>,,,,,,,4954,"placeholder/non-item row (e.g., header like ""Account : ..."")",remove_incomplete_rows
,,,,,,,<na>,,0.0,0.0,0.0,,,5645,"placeholder/non-item row (e.g., header like ""Account : ..."")",remove_incomplete_rows
,,,ACCOUNT : JESSMEL RAMIREZ,,,,<na>,,,,,,,6079,"placeholder/non-item row (e.g., header like ""Account : ..."")",remove_incomplete_rows
,,,ACCOUNT : PETRONILO V. MENDOZA,,,,<na>,,,,,,,6144,"placeholder/non-item row (e.g., header like ""Account : ..."")",remove_incomplete_rows
,,,ACCOUNT : SHIELD DRUGSTORE,,,,<na>,,,,,,,6580,"placeholder/non-item row (e.g., header like ""Account : ..."")",remove_incomplete_rows
,,,,,,,<na>,,0.0,0.0,0.0,,,6659,"placeholder/non-item row (e.g., header like ""Account : ..."")",remove_incomplete_rows
,,,,,,,<na>,,0.0,0.0,0.0,,,6759,"placeholder/non-item row (e.g., header like ""Account : ..."")",remove_incomplete_rows
,,,ACCOUNT : PRINCESS LOU MARZO,,,,<na>,,,,,,,6799,"placeholder/non-item row (e.g., header like ""Account : ..."")",remove_incomplete_rows
,,,,,,,<na>,,0.0,0.0,0.0,,,6800,"placeholder/non-item row (e.g., header like ""Account : ..."")",remove_incomplete_rows
,,,ACCOUNT : PRINCESS LOU MARZO,,,,<na>,,,,,,,6855,"placeholder/non-item row (e.g., header like ""Account : ..."")",remove_incomplete_rows
,,,ACCOUNT : PRINCESS LOU MARZO,,,,<na>,,,,,,,7055,"placeholder/non-item row (e.g., header like ""Account : ..."")",remove_incomplete_rows
,,,ACCOUNT : GAIL PAOLO RIMANDO,,,,<na>,,,,,,,7096,"placeholder/non-item row (e.g., header like ""Account : ..."")",remove_incomplete_rows
,,,,,,,<na>,,0.0,0.0,0.0,,,7266,"placeholder/non-item row (e.g., header like ""Account : ..."")",remove_incomplete_rows
,,,ACCOUNT : PETRONILO V. MENDOZA JR,,,,<na>,,,,,,,7455,"placeholder/non-item row (e.g., header like ""Account : ..."")",remove_incomplete_rows
,,,,,,,<na>,,0.0,0.0,0.0,,,7981,"placeholder/non-item row (e.g., header like ""Account : ..."")",remove_incomplete_rows
2023-03-01 00:00:00,,,SD,Sales Discount Variance,,1.0,pcs,0.0,0.0,0.0,0.0,,,58,"non-item adjustment (e.g., Sales Discount/VOID/rounding)",remove_incomplete_rows
2023-03-01 00:00:00,,,SD,Sales Discount Variance,,1.0,pcs,0.0,0.0,0.0,0.0,,,163,"non-item adjustment (e.g., Sales Discount/VOID/rounding)",remove_incomplete_rows
2023-03-01 00:00:00,,,SD,Sales Discount Variance,,1.0,pcs,0.0,0.0,0.0,0.0,,,321,"non-item adjustment (e.g., Sales Discount/VOID/rounding)",remove_incomplete_rows
2023-03-02 00:00:00,,,SD,Sales Discount Variance,,1.0,pcs,0.0,0.0,0.0,0.0,,,348,"non-item adjustment (e.g., Sales Discount/VOID/rounding)",remove_incomplete_rows
2023-03-03 00:00:00,,,SD,Sales Discount Variance,,1.0,pcs,0.0,0.0,0.0,0.0,,camille,628,"non-item adjustment (e.g., Sales Discount/VOID/rounding)",remove_incomplete_rows
2023-03-03 00:00:00,,,SD,Sales Discount Variance,,1.0,pcs,0.0,0.0,0.0,0.0,,camille,671,"non-item adjustment (e.g., Sales Discount/VOID/rounding)",remove_incomplete_rows
2023-03-03 00:00:00,,,SD,Sales Discount Variance,,1.0,pcs,0.0,0.0,0.0,0.0,,camille,823,"non-item adjustment (e.g., Sales Discount/VOID/rounding)",remove_incomplete_rows
2023-03-04 00:00:00,,,SD,Sales Discount Variance,,1.0,pcs,0.0,0.0,0.0,0.0,,jane,1038,"non-item adjustment (e.g., Sales Discount/VOID/rounding)",remove_incomplete_rows
2023-03-06 00:00:00,,,SD,Sales Discount Variance,,1.0,pcs,0.0,0.0,0.0,0.0,,camille,1482,"non-item adjustment (e.g., Sales Discount/VOID/rounding)",remove_incomplete_rows
2023-03-06 00:00:00,,,SD,Sales Discount Variance,,1.0,pcs,0.0,0.0,0.0,0.0,,camille,1493,"non-item adjustment (e.g., Sales Discount/VOID/rounding)",remove_incomplete_rows
2023-03-06 00:00:00,,,SD,Sales Discount Variance,,1.0,pcs,0.0,0.0,0.0,0.0,,jane,1681,"non-item adjustment (e.g., Sales Discount/VOID/rounding)",remove_incomplete_rows
2023-03-07 00:00:00,,,SD,Sales Discount Variance,,1.0,pcs,0.0,0.0,0.0,0.0,,jane,1808,"non-item adjustment (e.g., Sales Discount/VOID/rounding)",remove_incomplete_rows
2023-03-08 00:00:00,,,SD,Sales Discount Variance,,1.0,pcs,0.0,0.0,0.0,0.0,,camille,2003,"non-item adjustment (e.g., Sales Discount/VOID/rounding)",remove_incomplete_rows
2023-03-08 00:00:00,,,SD,Sales Discount Variance,,1.0,pcs,0.0,0.0,0.0,0.0,,jane,2146,"non-item adjustment (e.g., Sales Discount/VOID/rounding)",remove_incomplete_rows
2023-03-09 00:00:00,,,SD,Sales Discount Variance,,1.0,pcs,0.0,0.0,0.0,0.0,,jane,2267,"non-item adjustment (e.g., Sales Discount/VOID/rounding)",remove_incomplete_rows
2023-03-09 00:00:00,,,SD,Sales Discount Variance,,1.0,pcs,0.0,0.0,0.0,0.0,,jane,2321,"non-item adjustment (e.g., Sales Discount/VOID/rounding)",remove_incomplete_rows
2023-03-09 00:00:00,,,SD,Sales Discount Variance,,1.0,pcs,0.0,0.0,0.0,0.0,,jane,2330,"non-item adjustment (e.g., Sales Discount/VOID/rounding)",remove_incomplete_rows
2023-03-10 00:00:00,,,SD,Sales Discount Variance,,1.0,pcs,0.0,0.0,0.0,0.0,,camille,2586,"non-item adjustment (e.g., Sales Discount/VOID/rounding)",remove_incomplete_rows
2023-03-10 00:00:00,,,SD,Sales Discount Variance,,1.0,pcs,0.0,0.0,0.0,0.0,,camille,2704,"non-item adjustment (e.g., Sales Discount/VOID/rounding)",remove_incomplete_rows
2023-03-10 00:00:00,,,SD,Sales Discount Variance,,1.0,pcs,0.0,0.0,0.0,0.0,,jane,2729,"non-item adjustment (e.g., Sales Discount/VOID/rounding)",remove_incomplete_rows
2023-03-11 00:00:00,,,SD,Sales Discount Variance,,1.0,pcs,0.0,0.0,0.0,0.0,,camille,2992,"non-item adjustment (e.g., Sales Discount/VOID/rounding)",remove_incomplete_rows
2023-03-12 00:00:00,,,SD,Sales Discount Variance,,1.0,pcs,0.0,0.0,0.0,0.0,,jane,3169,"non-item adjustment (e.g., Sales Discount/VOID/rounding)",remove_incomplete_rows
2023-03-13 00:00:00,,,SD,Sales Discount Variance,,1.0,pcs,0.0,0.0,0.0,0.0,,camille,3227,"non-item adjustment (e.g., Sales Discount/VOID/rounding)",remove_incomplete_rows
2023-03-14 00:00:00,,,SD,Sales Discount Variance,,1.0,pcs,0.0,0.0,0.0,0.0,,jane,3762,"non-item adjustment (e.g., Sales Discount/VOID/rounding)",remove_incomplete_rows
2023-03-14 00:00:00,,,SD,Sales Discount Variance,,1.0,pcs,0.0,0.0,0.0,0.0,,jane,3839,"non-item adjustment (e.g., Sales Discount/VOID/rounding)",remove_incomplete_rows
2023-03-14 00:00:00,,,SD,Sales Discount Variance,,1.0,pcs,0.0,0.0,0.0,0.0,,camille,3866,"non-item adjustment (e.g., Sales Discount/VOID/rounding)",remove_incomplete_rows
2023-03-14 00:00:00,,,SD,Sales Discount Variance,,1.0,pcs,0.0,0.0,0.0,0.0,,camille,3944,"non-item adjustment (e.g., Sales Discount/VOID/rounding)",remove_incomplete_rows
2023-03-15 00:00:00,,,SD,Sales Discount Variance,,1.0,pcs,0.0,0.0,0.0,0.0,,camille,3978,"non-item adjustment (e.g., Sales Discount/VOID/rounding)",remove_incomplete_rows
2023-03-15 00:00:00,,,SD,Sales Discount Variance,,1.0,pcs,0.0,0.0,0.0,0.0,,camille,4107,"non-item adjustment (e.g., Sales Discount/VOID/rounding)",remove_incomplete_rows
2023-03-16 00:00:00,,,SD,Sales Discount Variance,,1.0,pcs,0.0,0.0,0.0,0.0,,jane,4329,"non-item adjustment (e.g., Sales Discount/VOID/rounding)",remove_incomplete_rows
2023-03-16 00:00:00,,,SD,Sales Discount Variance,,1.0,pcs,0.0,0.0,0.0,0.0,,jane,4343,"non-item adjustment (e.g., Sales Discount/VOID/rounding)",remove_incomplete_rows
2023-03-16 00:00:00,,,SD,Sales Discount Variance,,1.0,pcs,0.0,0.0,0.0,0.0,,jane,4466,"non-item adjustment (e.g., Sales Discount/VOID/rounding)",remove_incomplete_rows
2023-03-18 00:00:00,,,SD,Sales Discount Variance,,1.0,pcs,0.0,0.0,0.0,0.0,,camille,4855,"non-item adjustment (e.g., Sales Discount/VOID/rounding)",remove_incomplete_rows
2023-03-21 00:00:00,,,SD,Sales Discount Variance,,1.0,pcs,0.0,0.0,0.0,0.0,,jane,5516,"non-item adjustment (e.g., Sales Discount/VOID/rounding)",remove_incomplete_rows
2023-03-21 00:00:00,,,SD,Sales Discount Variance,,1.0,pcs,0.0,0.0,0.0,0.0,,jane,5651,"non-item adjustment (e.g., Sales Discount/VOID/rounding)",remove_incomplete_rows
2023-03-21 00:00:00,,,SD,Sales Discount Variance,,1.0,pcs,0.0,0.0,0.0,0.0,,jane,5704,"non-item adjustment (e.g., Sales Discount/VOID/rounding)",remove_incomplete_rows
2023-03-21 00:00:00,,,SD,Sales Discount Variance,,1.0,pcs,0.0,0.0,0.0,0.0,,camille,5794,"non-item adjustment (e.g., Sales Discount/VOID/rounding)",remove_incomplete_rows
2023-03-22 00:00:00,,,SD,Sales Discount Variance,,1.0,pcs,0.0,0.0,0.0,0.0,,camille,5954,"non-item adjustment (e.g., Sales Discount/VOID/rounding)",remove_incomplete_rows
2023-03-22 00:00:00,,,SD,Sales Discount Variance,,1.0,pcs,0.0,0.0,0.0,0.0,,jane,6158,"non-item adjustment (e.g., Sales Discount/VOID/rounding)",remove_incomplete_rows
2023-03-23 00:00:00,,,SD,Sales Discount Variance,,1.0,pcs,0.0,0.0,0.0,0.0,,jane,6206,"non-item adjustment (e.g., Sales Discount/VOID/rounding)",remove_incomplete_rows
2023-03-24 00:00:00,,,SD,Sales Discount Variance,,1.0,pcs,0.0,0.0,0.0,0.0,,camille,6453,"non-item adjustment (e.g., Sales Discount/VOID/rounding)",remove_incomplete_rows
2023-03-24 00:00:00,,,SD,Sales Discount Variance,,1.0,pcs,0.0,0.0,0.0,0.0,,camille,6526,"non-item adjustment (e.g., Sales Discount/VOID/rounding)",remove_incomplete_rows
2023-03-25 00:00:00,,,SD,Sales Discount Variance,,1.0,pcs,0.0,0.0,0.0,0.0,,camille,6644,"non-item adjustment (e.g., Sales Discount/VOID/rounding)",remove_incomplete_rows
2023-03-25 00:00:00,,,SD,Sales Discount Variance,,1.0,pcs,0.0,0.0,0.0,0.0,,camille,6672,"non-item adjustment (e.g., Sales Discount/VOID/rounding)",remove_incomplete_rows
2023-03-26 00:00:00,,,SD,Sales Discount Variance,,1.0,pcs,0.0,0.0,0.0,0.0,,jane,6937,"non-item adjustment (e.g., Sales Discount/VOID/rounding)",remove_incomplete_rows
2023-03-27 00:00:00,,,SD,Sales Discount Variance,,1.0,pcs,0.0,0.0,0.0,0.0,,camille,7009,"non-item adjustment (e.g., Sales Discount/VOID/rounding)",remove_incomplete_rows
2023-03-27 00:00:00,,,SD,Sales Discount Variance,,1.0,pcs,0.0,0.0,0.0,0.0,,camille,7022,"non-item adjustment (e.g., Sales Discount/VOID/rounding)",remove_incomplete_rows
2023-03-27 00:00:00,,,SD,Sales Discount Variance,,1.0,pcs,0.0,0.0,0.0,0.0,,camille,7028,"non-item adjustment (e.g., Sales Discount/VOID/rounding)",remove_incomplete_rows
2023-03-27 00:00:00,,,SD,Sales Discount Variance,,1.0,pcs,0.0,0.0,0.0,0.0,,camille,7086,"non-item adjustment (e.g., Sales Discount/VOID/rounding)",remove_incomplete_rows
2023-03-27 00:00:00,,,SD,Sales Discount Variance,,1.0,pcs,0.0,0.0,0.0,0.0,,camille,7106,"non-item adjustment (e.g., Sales Discount/VOID/rounding)",remove_incomplete_rows
2023-03-27 00:00:00,,,SD,Sales Discount Variance,,1.0,pcs,0.0,0.0,0.0,0.0,,jane,7250,"non-item adjustment (e.g., Sales Discount/VOID/rounding)",remove_incomplete_rows
2023-03-28 00:00:00,,,SD,Sales Discount Variance,,1.0,pcs,0.0,0.0,0.0,0.0,,jane,7363,"non-item adjustment (e.g., Sales Discount/VOID/rounding)",remove_incomplete_rows
2023-03-28 00:00:00,,,SD,Sales Discount Variance,,1.0,pcs,0.0,0.0,0.0,0.0,,jane,7368,"non-item adjustment (e.g., Sales Discount/VOID/rounding)",remove_incomplete_rows
2023-03-28 00:00:00,,,SD,Sales Discount Variance,,1.0,pcs,0.0,0.0,0.0,0.0,,camille,7454,"non-item adjustment (e.g., Sales Discount/VOID/rounding)",remove_incomplete_rows
2023-03-28 00:00:00,,,SD,Sales Discount Variance,,1.0,pcs,0.0,0.0,0.0,0.0,,camille,7496,"non-item adjustment (e.g., Sales Discount/VOID/rounding)",remove_incomplete_rows
2023-03-29 00:00:00,,,SD,Sales Discount Variance,,1.0,pcs,0.0,0.0,0.0,0.0,,camille,7602,"non-item adjustment (e.g., Sales Discount/VOID/rounding)",remove_incomplete_rows
2023-03-30 00:00:00,,,SD,Sales Discount Variance,,1.0,pcs,0.0,0.0,0.0,0.0,,jane,7854,"non-item adjustment (e.g., Sales Discount/VOID/rounding)",remove_incomplete_rows
2023-03-30 00:00:00,,,SD,Sales Discount Variance,,1.0,pcs,0.0,0.0,0.0,0.0,,camille,8028,"non-item adjustment (e.g., Sales Discount/VOID/rounding)",remove_incomplete_rows
2023-03-01 00:00:00,,,4806502351901,SANICARE BATHROOM TISSUE 1&#039;S,,1.0,pcs,0.0,18.5,15.16,3.34,,,46,duplicate row,duplicates
2023-03-01 00:00:00,,,8996001600375,LE MINERALE 330ML,,1.0,pcs,0.0,11.0,6.33,4.67,,,149,duplicate row,duplicates
2023-03-02 00:00:00,,,8996001600269,LE MINERALE 600ML,,1.0,pcs,0.0,15.0,9.2,5.8,,,559,duplicate row,duplicates
2023-03-04 00:00:00,,,4806502352380,SANICARE CLEANSING WIPES - ALOE 80 SHEETS,2023-04-01,1.0,pcs,0.0,108.0,89.25,18.75,,jane,1172,duplicate row,duplicates
2023-03-06 00:00:00,,,8964001206033,CELCOXX (CELECOXIB) 200MG CAP,2024-07-01,5.0,pcs,0.0,156.25,25.77,27.39,,jane,1649,duplicate row,duplicates
2023-03-08 00:00:00,,,4806502351901,SANICARE BATHROOM TISSUE 1&#039;S,,1.0,pcs,0.0,18.5,15.16,3.34,,camille,2085,duplicate row,duplicates
2023-03-08 00:00:00,,,1900010021,SAPHLOPID (CLOPIDOGREL) 75MG TAB,2025-07-01,10.0,pcs,0.0,58.0,1.11,46.85,,jane,2174,duplicate row,duplicates
2023-03-09 00:00:00,,,4806534570240,CETRINOVA (CETIRIZINE) 10MG FC TAB,,10.0,pcs,0.0,30.0,0.36,26.4,,jane,2399,duplicate row,duplicates
2023-03-09 00:00:00,,,4807788559593,NEOZEP FORTE (PHENYLEPHRINE HCL + PARACETAMOL) TAB,2025-08-29,10.0,pcs,0.0,57.5,5.19,5.6,,camille,2432,duplicate row,duplicates
2023-03-09 00:00:00,,,4806534570240,CETRINOVA (CETIRIZINE) 10MG FC TAB,,10.0,pcs,0.0,30.0,0.36,26.4,,camille,2438,duplicate row,duplicates
2023-03-11 00:00:00,,,4987176092267,GILLETE RAZOR BLUE 2 FLEXI,,1.0,pcs,0.0,29.0,25.33,3.67,,camille,3051,duplicate row,duplicates
2023-03-12 00:00:00,,,4806502351901,SANICARE BATHROOM TISSUE 1&#039;S,,2.0,pcs,0.0,37.0,15.16,6.68,,jane,3151,duplicate row,duplicates
2023-03-15 00:00:00,,,4800011132921,EFFICASCENT OIL EXTREME25ML,2027-06-30,1.0,pcs,0.0,41.0,36.02,4.98,,jane,4202,duplicate row,duplicates
2023-03-15 00:00:00,,,4800011132921,EFFICASCENT OIL EXTREME25ML,2027-06-30,1.0,pcs,0.0,41.0,36.02,4.98,,jane,4257,duplicate row,duplicates
2023-03-15 00:00:00,,,4800488100089,CHARMEE BREATHABLE PANTY LINER GREEN 20&#039;S,2025-06-25,1.0,pcs,0.0,28.5,25.08,3.42,,jane,4295,duplicate row,duplicates
2023-03-15 00:00:00,,,4800135005705,PH CARE COOLING COMFORT 50ML,2024-08-14,1.0,pcs,0.0,58.25,48.6,9.65,,jane,4296,duplicate row,duplicates
2023-03-16 00:00:00,,,88124903602,MICROPORE 1 INCH,2024-12-29,1.0,pcs,0.0,52.68,43.87,8.81,,jane,4465,duplicate row,duplicates
2023-03-16 00:00:00,,,8904179014702,NOVASARTAN (LOSARTAN K) 50MG FC TAB,,100.0,pcs,0.0,250.0,0.78,172.0,,jane,4494,duplicate row,duplicates
2023-03-16 00:00:00,,,8996001600375,LE MINERALE 330ML,,1.0,pcs,0.0,11.0,6.33,4.67,,camille,4598,duplicate row,duplicates
2023-03-17 00:00:00,,,8996001600375,LE MINERALE 330ML,,1.0,pcs,0.0,11.0,6.33,4.67,,jane,4731,duplicate row,duplicates
2023-03-20 00:00:00,,,4807788561688,BIOGESIC (PARACETAMOL) 500MG TAB,2026-08-29,10.0,pcs,0.0,42.5,3.65,6.01,,jane,5473,duplicate row,duplicates
2023-03-24 00:00:00,,,4806534570240,CETRINOVA (CETIRIZINE) 10MG FC TAB,,20.0,pcs,0.0,60.0,0.36,52.8,,jane,6621,duplicate row,duplicates
2023-03-25 00:00:00,,,4800011139401,EFFICASCENT RELAXSCENT OIL 3ML,2026-01-31,1.0,pcs,0.0,52.9,46.01,6.89,,camille,6754,duplicate row,duplicates
2023-03-28 00:00:00,,,8996001600269,LE MINERALE 600ML,,1.0,pcs,0.0,15.0,9.2,5.8,,jane,7388,duplicate row,duplicates
