Date,Receipt,SO,Item Code,Description,Expiration Date,Qty,Unit,Discount,Sales,Cost,Profit,Payment,Cashier ID,_row_id,error_reason,error_stage
Grand Total,,,,,7032,,"373,899.16",,"373,899.16","141,524.18","71,430.75","365,269.19",,7032,summary/total row matched 'grand total',pre-map
,,,,,,,<na>,,2978.25,127.26,646.03,,,10,financial data present but missing supporting fields,remove_incomplete_rows
,,,,,,,<na>,,114.33,51.23,35.1,,,19,financial data present but missing supporting fields,remove_incomplete_rows
,,,,,,,<na>,,16.0,7.13,1.74,,,23,financial data present but missing supporting fields,remove_incomplete_rows
,,,,,,,<na>,,63.5,2.5,36.3,,,28,financial data present but missing supporting fields,remove_incomplete_rows
,,,,,,,<na>,,109.0,40.13,20.14,,,33,financial data present but missing supporting fields,remove_incomplete_rows
,,,,,,,<na>,,106.0,23.73,11.08,,,37,financial data present but missing supporting fields,remove_incomplete_rows
,,,,,,,<na>,,145.0,5.8,87.0,,,41,financial data present but missing supporting fields,remove_incomplete_rows
,,,,,,,<na>,,110.5,51.49,15.1,,,48,financial data present but missing supporting fields,remove_incomplete_rows
,,,,,,,<na>,,40.0,1.29,19.36,,,52,financial data present but missing supporting fields,remove_incomplete_rows
,,,,,,,<na>,,330.25,70.52,109.93,,,58,financial data present but missing supporting fields,remove_incomplete_rows
,,,,,,,<na>,,58.0,22.1,13.8,,,62,financial data present but missing supporting fields,remove_incomplete_rows
,,,,,,,<na>,,854.0,51.17,36.86,,,67,financial data present but missing supporting fields,remove_incomplete_rows
,,,,,,,<na>,,79.6,20.5,16.34,,,72,financial data present but missing supporting fields,remove_incomplete_rows
,,,,,,,<na>,,13.0,11.7,1.3,,,76,financial data present but missing supporting fields,remove_incomplete_rows
,,,,,,,<na>,,598.0,536.92,61.08,,,86,financial data present but missing supporting fields,remove_incomplete_rows
,,,,,,,<na>,,22.25,19.55,2.7,,,90,financial data present but missing supporting fields,remove_incomplete_rows
,,,,,,,<na>,,63.5,24.99,13.52,,,94,financial data present but missing supporting fields,remove_incomplete_rows
,,,,,,,<na>,,40.0,3.57,4.3,,,98,financial data present but missing supporting fields,remove_incomplete_rows
,,,,,,,<na>,,70.5,62.07,8.43,,,102,financial data present but missing supporting fields,remove_incomplete_rows
,,,,,,,<na>,,261.0,237.86,23.14,,,107,financial data present but missing supporting fields,remove_incomplete_rows
,,,,,,,<na>,,2.5,0.85,1.65,,,111,financial data present but missing supporting fields,remove_incomplete_rows
,,,,,,,<na>,,144.54,66.22,12.09,,,117,financial data present but missing supporting fields,remove_incomplete_rows
,,,,,,,<na>,,137.75,99.42,38.33,,,122,financial data present but missing supporting fields,remove_incomplete_rows
,,,,,,,<na>,,68.0,59.67,8.33,,,126,financial data present but missing supporting fields,remove_incomplete_rows
,,,,,,,<na>,,22.3,0.4,18.35,,,130,financial data present but missing supporting fields,remove_incomplete_rows
,,,,,,,<na>,,16.5,7.15,2.19,,,134,financial data present but missing supporting fields,remove_incomplete_rows
,,,,,,,<na>,,484.3,35.38,130.5,,,141,financial data present but missing supporting fields,remove_incomplete_rows
,,,,,,,<na>,,1105.0,425.0,255.0,,,145,financial data present but missing supporting fields,remove_incomplete_rows
,,,,,,,<na>,,67.8,28.53,10.73,,,149,financial data present but missing supporting fields,remove_incomplete_rows
,,,,,,,<na>,,447.25,190.97,85.26,,,164,financial data present but missing supporting fields,remove_incomplete_rows
,,,,,,,<na>,,11.0,6.0,5.0,,,168,financial data present but missing supporting fields,remove_incomplete_rows
,,,,,,,<na>,,108.0,75.02,32.98,,,172,financial data present but missing supporting fields,remove_incomplete_rows
,,,,,,,<na>,,178.75,80.22,30.7,,,177,financial data present but missing supporting fields,remove_incomplete_rows
,,,,,,,<na>,,327.0,74.72,28.12,,,181,financial data present but missing supporting fields,remove_incomplete_rows
,,,,,,,<na>,,487.9,232.58,255.32,,,187,financial data present but missing supporting fields,remove_incomplete_rows
,,,,,,,<na>,,908.58,128.5,137.58,,,191,financial data present but missing supporting fields,remove_incomplete_rows
,,,,,,,<na>,,83.0,75.0,8.0,,,195,financial data present but missing supporting fields,remove_incomplete_rows
,,,,,,,<na>,,1755.0,23.04,372.52,,,200,financial data present but missing supporting fields,remove_incomplete_rows
,,,,,,,<na>,,15.0,0.48,10.2,,,204,financial data present but missing supporting fields,remove_incomplete_rows
,,,,,,,<na>,,155.5,69.0,24.13,,,209,financial data present but missing supporting fields,remove_incomplete_rows
,,,,,,,<na>,,18.0,10.71,7.29,,,213,financial data present but missing supporting fields,remove_incomplete_rows
,,,,,,,<na>,,185.0,149.19,35.81,,,217,financial data present but missing supporting fields,remove_incomplete_rows
,,,,,,,<na>,,402.25,226.68,100.55,,,223,financial data present but missing supporting fields,remove_incomplete_rows
,,,,,,,<na>,,11.0,6.0,5.0,,,227,financial data present but missing supporting fields,remove_incomplete_rows
,,,,,,,<na>,,115.66,57.09,16.54,,,232,financial data present but missing supporting fields,remove_incomplete_rows
,,,,,,,<na>,,66.25,59.55,6.7,,,237,financial data present but missing supporting fields,remove_incomplete_rows
,,,,,,,<na>,,173.5,37.97,26.36,,,242,financial data present but missing supporting fields,remove_incomplete_rows
,,,,,,,<na>,,25.8,7.67,2.79,,,247,financial data present but missing supporting fields,remove_incomplete_rows
,,,,,,,<na>,,44.0,40.04,3.96,,,251,financial data present but missing supporting fields,remove_incomplete_rows
,,,,,,,<na>,,195.46,112.71,54.75,,,261,financial data present but missing supporting fields,remove_incomplete_rows
,,,,,,,<na>,,87.5,7.24,15.1,,,265,financial data present but missing supporting fields,remove_incomplete_rows
,,,,,,,<na>,,30.0,7.87,14.26,,,269,financial data present but missing supporting fields,remove_incomplete_rows
,,,,,,,<na>,,70.5,62.07,8.43,,,273,financial data present but missing supporting fields,remove_incomplete_rows
,,,,,,,<na>,,159.6,36.26,14.56,,,277,financial data present but missing supporting fields,remove_incomplete_rows
,,,,,,,<na>,,56.5,33.56,16.94,,,282,financial data present but missing supporting fields,remove_incomplete_rows
,,,,,,,<na>,,12.0,3.57,1.29,,,286,financial data present but missing supporting fields,remove_incomplete_rows
,,,,,,,<na>,,5.0,1.29,2.42,,,290,financial data present but missing supporting fields,remove_incomplete_rows
,,,,,,,<na>,,277.5,4.2,151.5,,,294,financial data present but missing supporting fields,remove_incomplete_rows
,,,,,,,<na>,,76.5,56.98,17.83,,,300,financial data present but missing supporting fields,remove_incomplete_rows
,,,,,,,<na>,,43.0,1.45,28.5,,,305,financial data present but missing supporting fields,remove_incomplete_rows
,,,,,,,<na>,,66.0,50.66,15.35,,,309,financial data present but missing supporting fields,remove_incomplete_rows
,,,,,,,<na>,,67.0,50.23,16.78,,,314,financial data present but missing supporting fields,remove_incomplete_rows
,,,,,,,<na>,,65.0,55.58,9.43,,,318,financial data present but missing supporting fields,remove_incomplete_rows
,,,,,,,<na>,,1007.0,36.36,156.59,,,324,financial data present but missing supporting fields,remove_incomplete_rows
,,,,,,,<na>,,13.0,11.7,1.3,,,328,financial data present but missing supporting fields,remove_incomplete_rows
,,,,,,,<na>,,435.0,20.32,28.54,,,332,financial data present but missing supporting fields,remove_incomplete_rows
,,,,,,,<na>,,363.0,19.68,148.2,,,337,financial data present but missing supporting fields,remove_incomplete_rows
,,,,,,,<na>,,380.5,26.0,96.3,,,342,financial data present but missing supporting fields,remove_incomplete_rows
,,,,,,,<na>,,30.0,7.87,14.26,,,346,financial data present but missing supporting fields,remove_incomplete_rows
,,,,,,,<na>,,16.0,3.2,9.6,,,350,financial data present but missing supporting fields,remove_incomplete_rows
,,,,,,,<na>,,213.0,19.8,94.2,,,355,financial data present but missing supporting fields,remove_incomplete_rows
,,,,,,,<na>,,42.0,6.13,5.22,,,359,financial data present but missing supporting fields,remove_incomplete_rows
,,,,,,,<na>,,96.42,16.31,-1.44,,,363,financial data present but missing supporting fields,remove_incomplete_rows
,,,,,,,<na>,,140.0,113.86,16.76,,,369,financial data present but missing supporting fields,remove_incomplete_rows
,,,,,,,<na>,,437.5,12.0,269.48,,,373,financial data present but missing supporting fields,remove_incomplete_rows
,,,,,,,<na>,,96.0,80.5,15.5,,,377,financial data present but missing supporting fields,remove_incomplete_rows
,,,,,,,<na>,,5.0,1.29,2.42,,,381,financial data present but missing supporting fields,remove_incomplete_rows
,,,,,,,<na>,,216.77,146.96,41.81,,,391,financial data present but missing supporting fields,remove_incomplete_rows
,,,,,,,<na>,,99.0,30.23,8.32,,,395,financial data present but missing supporting fields,remove_incomplete_rows
,,,,,,,<na>,,1260.0,575.0,685.0,,,400,financial data present but missing supporting fields,remove_incomplete_rows
,,,,,,,<na>,,230.5,45.75,32.95,,,412,financial data present but missing supporting fields,remove_incomplete_rows
,,,,,,,<na>,,400.0,184.0,216.0,,,416,financial data present but missing supporting fields,remove_incomplete_rows
,,,,,,,<na>,,22.0,6.0,10.0,,,420,financial data present but missing supporting fields,remove_incomplete_rows
,,,,,,,<na>,,15.0,7.87,7.13,,,424,financial data present but missing supporting fields,remove_incomplete_rows
,,,,,,,<na>,,30.0,16.0,14.0,,,428,financial data present but missing supporting fields,remove_incomplete_rows
,,,,,,,<na>,,49.4,15.54,10.85,,,433,financial data present but missing supporting fields,remove_incomplete_rows
,,,,,,,<na>,,108.0,75.02,32.98,,,437,financial data present but missing supporting fields,remove_incomplete_rows
,,,,,,,<na>,,21.0,17.52,3.48,,,441,financial data present but missing supporting fields,remove_incomplete_rows
,,,,,,,<na>,,306.75,235.13,60.22,,,446,financial data present but missing supporting fields,remove_incomplete_rows
,,,,,,,<na>,,31.2,2.45,16.5,,,450,financial data present but missing supporting fields,remove_incomplete_rows
,,,,,,,<na>,,79.8,36.26,7.28,,,454,financial data present but missing supporting fields,remove_incomplete_rows
,,,,,,,<na>,,6821.52,719.29,106.62,,,463,financial data present but missing supporting fields,remove_incomplete_rows
,,,,,,,<na>,,103.7,8.64,17.29,,,468,financial data present but missing supporting fields,remove_incomplete_rows
,,,,,,,<na>,,13.0,11.7,1.3,,,472,financial data present but missing supporting fields,remove_incomplete_rows
,,,,,,,<na>,,51.75,43.24,8.51,,,476,financial data present but missing supporting fields,remove_incomplete_rows
,,,,,,,<na>,,50.0,2.53,37.35,,,480,financial data present but missing supporting fields,remove_incomplete_rows
,,,,,,,<na>,,253.2,83.73,69.74,,,485,financial data present but missing supporting fields,remove_incomplete_rows
,,,,,,,<na>,,157.6,10.85,40.6,,,490,financial data present but missing supporting fields,remove_incomplete_rows
,,,,,,,<na>,,15.0,7.87,7.13,,,494,financial data present but missing supporting fields,remove_incomplete_rows
,,,,,,,<na>,,30.0,16.0,14.0,,,498,financial data present but missing supporting fields,remove_incomplete_rows
,,,,,,,<na>,,75.08,67.93,7.16,,,502,financial data present but missing supporting fields,remove_incomplete_rows
,,,,,,,<na>,,161.0,31.53,34.88,,,506,financial data present but missing supporting fields,remove_incomplete_rows
,,,,,,,<na>,,10.0,1.29,4.84,,,510,financial data present but missing supporting fields,remove_incomplete_rows
,,,,,,,<na>,,12.0,4.0,8.0,,,514,financial data present but missing supporting fields,remove_incomplete_rows
,,,,,,,<na>,,145.0,13.0,15.0,,,519,financial data present but missing supporting fields,remove_incomplete_rows
,,,,,,,<na>,,10635.66,9300.0,1335.66,,,527,financial data present but missing supporting fields,remove_incomplete_rows
,,,,,,,<na>,,217.0,26.82,29.27,,,532,financial data present but missing supporting fields,remove_incomplete_rows
,,,,,,,<na>,,200.9,30.0,50.9,,,536,financial data present but missing supporting fields,remove_incomplete_rows
,,,,,,,<na>,,880.0,550.0,330.0,,,540,financial data present but missing supporting fields,remove_incomplete_rows
,,,,,,,<na>,,152.65,48.98,60.65,,,546,financial data present but missing supporting fields,remove_incomplete_rows
,,,,,,,<na>,,40.5,36.0,4.5,,,550,financial data present but missing supporting fields,remove_incomplete_rows
,,,,,,,<na>,,11.0,6.0,5.0,,,554,financial data present but missing supporting fields,remove_incomplete_rows
,,,,,,,<na>,,26.51,28.79,-2.28,,,558,financial data present but missing supporting fields,remove_incomplete_rows
,,,,,,,<na>,,27.75,23.04,4.71,,,562,financial data present but missing supporting fields,remove_incomplete_rows
,,,,,,,<na>,,19575.0,2858.33,5283.33,,,566,financial data present but missing supporting fields,remove_incomplete_rows
,,,,,,,<na>,,78.75,53.54,16.18,,,571,financial data present but missing supporting fields,remove_incomplete_rows
,,,,,,,<na>,,94.0,79.45,14.55,,,575,financial data present but missing supporting fields,remove_incomplete_rows
,,,,,,,<na>,,120.0,124.11,-4.11,,,579,financial data present but missing supporting fields,remove_incomplete_rows
,,,,,,,<na>,,95.0,57.21,33.97,,,584,financial data present but missing supporting fields,remove_incomplete_rows
,,,,,,,<na>,,35.0,16.0,19.0,,,588,financial data present but missing supporting fields,remove_incomplete_rows
,,,,,,,<na>,,48.22,15.0,18.22,,,592,financial data present but missing supporting fields,remove_incomplete_rows
,,,,,,,<na>,,99.0,85.61,13.39,,,596,financial data present but missing supporting fields,remove_incomplete_rows
,,,,,,,<na>,,195.0,33.38,48.26,,,601,financial data present but missing supporting fields,remove_incomplete_rows
,,,,,,,<na>,,151.0,77.36,19.4,,,607,financial data present but missing supporting fields,remove_incomplete_rows
,,,,,,,<na>,,171.32,143.15,20.47,,,612,financial data present but missing supporting fields,remove_incomplete_rows
,,,,,,,<na>,,197.0,80.09,27.89,,,617,financial data present but missing supporting fields,remove_incomplete_rows
,,,,,,,<na>,,377.64,31.08,-88.56,,,622,financial data present but missing supporting fields,remove_incomplete_rows
,,,,,,,<na>,,351.73,149.5,101.08,,,642,financial data present but missing supporting fields,remove_incomplete_rows
,,,,,,,<na>,,679.0,294.72,160.12,,,647,financial data present but missing supporting fields,remove_incomplete_rows
,,,,,,,<na>,,356.84,50.65,-22.6,,,653,financial data present but missing supporting fields,remove_incomplete_rows
,,,,,,,<na>,,81.0,33.82,35.48,,,659,financial data present but missing supporting fields,remove_incomplete_rows
,,,,,,,<na>,,246.25,71.79,91.51,,,667,financial data present but missing supporting fields,remove_incomplete_rows
,,,,,,,<na>,,79.8,36.26,7.28,,,671,financial data present but missing supporting fields,remove_incomplete_rows
,,,,,,,<na>,,520.6,34.35,49.27,,,676,financial data present but missing supporting fields,remove_incomplete_rows
,,,,,,,<na>,,395.0,177.27,40.46,,,680,financial data present but missing supporting fields,remove_incomplete_rows
,,,,,,,<na>,,705.0,9.69,123.74,,,684,financial data present but missing supporting fields,remove_incomplete_rows
,,,,,,,<na>,,57.0,25.25,6.5,,,688,financial data present but missing supporting fields,remove_incomplete_rows
,,,,,,,<na>,,72.0,18.97,13.37,,,694,financial data present but missing supporting fields,remove_incomplete_rows
,,,,,,,<na>,,90.0,3.4,49.2,,,698,financial data present but missing supporting fields,remove_incomplete_rows
,,,,,,,<na>,,17.0,14.1,2.9,,,702,financial data present but missing supporting fields,remove_incomplete_rows
,,,,,,,<na>,,312.75,108.34,31.07,,,707,financial data present but missing supporting fields,remove_incomplete_rows
,,,,,,,<na>,,382.5,88.76,36.04,,,712,financial data present but missing supporting fields,remove_incomplete_rows
,,,,,,,<na>,,134.14,70.18,19.18,,,721,financial data present but missing supporting fields,remove_incomplete_rows
,,,,,,,<na>,,208.0,167.21,40.79,,,726,financial data present but missing supporting fields,remove_incomplete_rows
,,,,,,,<na>,,18.0,10.71,7.29,,,730,financial data present but missing supporting fields,remove_incomplete_rows
,,,,,,,<na>,,5.0,1.29,2.42,,,734,financial data present but missing supporting fields,remove_incomplete_rows
,,,,,,,<na>,,5.3,4.72,0.58,,,738,financial data present but missing supporting fields,remove_incomplete_rows
,,,,,,,<na>,,17.0,14.1,2.9,,,742,financial data present but missing supporting fields,remove_incomplete_rows
,,,,,,,<na>,,-607.14,-550.0,-57.14,,,746,financial data present but missing supporting fields,remove_incomplete_rows
,,,,,,,<na>,,263.6,258.85,4.75,,,751,financial data present but missing supporting fields,remove_incomplete_rows
,,,,,,,<na>,,94.82,42.39,10.04,,,756,financial data present but missing supporting fields,remove_incomplete_rows
,,,,,,,<na>,,34.5,6.16,3.68,,,760,financial data present but missing supporting fields,remove_incomplete_rows
,,,,,,,<na>,,447.28,384.25,63.03,,,765,financial data present but missing supporting fields,remove_incomplete_rows
,,,,,,,<na>,,244.0,148.38,38.2,,,770,financial data present but missing supporting fields,remove_incomplete_rows
,,,,,,,<na>,,370.6,333.85,36.75,,,774,financial data present but missing supporting fields,remove_incomplete_rows
,,,,,,,<na>,,252.27,179.38,44.89,,,785,financial data present but missing supporting fields,remove_incomplete_rows
,,,,,,,<na>,,36.0,3.6,21.6,,,789,financial data present but missing supporting fields,remove_incomplete_rows
,,,,,,,<na>,,75.0,6.5,10.0,,,793,financial data present but missing supporting fields,remove_incomplete_rows
,,,,,,,<na>,,11.0,9.7,1.3,,,797,financial data present but missing supporting fields,remove_incomplete_rows
,,,,,,,<na>,,195.0,33.38,48.26,,,802,financial data present but missing supporting fields,remove_incomplete_rows
,,,,,,,<na>,,34.5,27.56,6.94,,,806,financial data present but missing supporting fields,remove_incomplete_rows
,,,,,,,<na>,,292.0,277.08,14.92,,,812,financial data present but missing supporting fields,remove_incomplete_rows
,,,,,,,<na>,,31.5,4.72,3.2,,,816,financial data present but missing supporting fields,remove_incomplete_rows
,,,,,,,<na>,,129.0,1.31,89.67,,,821,financial data present but missing supporting fields,remove_incomplete_rows
,,,,,,,<na>,,34.5,6.16,3.68,,,825,financial data present but missing supporting fields,remove_incomplete_rows
,,,,,,,<na>,,256.7,23.0,26.7,,,830,financial data present but missing supporting fields,remove_incomplete_rows
,,,,,,,<na>,,29.75,24.61,5.14,,,834,financial data present but missing supporting fields,remove_incomplete_rows
,,,,,,,<na>,,401.75,284.4,95.35,,,839,financial data present but missing supporting fields,remove_incomplete_rows
,,,,,,,<na>,,519.25,463.29,55.96,,,844,financial data present but missing supporting fields,remove_incomplete_rows
,,,,,,,<na>,,139.75,114.68,25.07,,,848,financial data present but missing supporting fields,remove_incomplete_rows
,,,,,,,<na>,,39.25,35.65,3.6,,,852,financial data present but missing supporting fields,remove_incomplete_rows
,,,,,,,<na>,,5.5,3.5,2.0,,,856,financial data present but missing supporting fields,remove_incomplete_rows
,,,,,,,<na>,,554.4,35.32,59.93,,,860,financial data present but missing supporting fields,remove_incomplete_rows
,,,,,,,<na>,,39.75,35.95,3.8,,,864,financial data present but missing supporting fields,remove_incomplete_rows
,,,,,,,<na>,,68.0,59.67,8.33,,,868,financial data present but missing supporting fields,remove_incomplete_rows
,,,,,,,<na>,,452.25,412.95,39.3,,,873,financial data present but missing supporting fields,remove_incomplete_rows
,,,,,,,<na>,,400.0,184.0,216.0,,,877,financial data present but missing supporting fields,remove_incomplete_rows
,,,,,,,<na>,,528.05,283.07,65.07,,,884,financial data present but missing supporting fields,remove_incomplete_rows
,,,,,,,<na>,,104.0,65.0,39.0,,,888,financial data present but missing supporting fields,remove_incomplete_rows
,,,,,,,<na>,,118.0,5.6,70.8,,,893,financial data present but missing supporting fields,remove_incomplete_rows
,,,,,,,<na>,,68.5,62.31,6.19,,,898,financial data present but missing supporting fields,remove_incomplete_rows
,,,,,,,<na>,,438.24,35.29,85.39,,,908,financial data present but missing supporting fields,remove_incomplete_rows
,,,,,,,<na>,,63.0,28.0,7.0,,,912,financial data present but missing supporting fields,remove_incomplete_rows
,,,,,,,<na>,,167.9,56.39,18.12,,,917,financial data present but missing supporting fields,remove_incomplete_rows
,,,,,,,<na>,,17.5,1.37,10.65,,,921,financial data present but missing supporting fields,remove_incomplete_rows
,,,,,,,<na>,,26.0,13.0,13.0,,,925,financial data present but missing supporting fields,remove_incomplete_rows
,,,,,,,<na>,,29.0,22.1,6.9,,,929,financial data present but missing supporting fields,remove_incomplete_rows
,,,,,,,<na>,,82.0,35.84,10.32,,,933,financial data present but missing supporting fields,remove_incomplete_rows
,,,,,,,<na>,,50.25,46.22,4.03,,,937,financial data present but missing supporting fields,remove_incomplete_rows
,,,,,,,<na>,,502.5,44.86,155.36,,,943,financial data present but missing supporting fields,remove_incomplete_rows
,,,,,,,<na>,,33.0,30.23,2.78,,,947,financial data present but missing supporting fields,remove_incomplete_rows
,,,,,,,<na>,,304.56,32.17,-17.1,,,952,financial data present but missing supporting fields,remove_incomplete_rows
,,,,,,,<na>,,98.75,76.65,22.1,,,956,financial data present but missing supporting fields,remove_incomplete_rows
,,,,,,,<na>,,46.25,39.67,6.58,,,961,financial data present but missing supporting fields,remove_incomplete_rows
,,,,,,,<na>,,54.0,10.71,21.86,,,965,financial data present but missing supporting fields,remove_incomplete_rows
,,,,,,,<na>,,433.0,392.93,40.07,,,969,financial data present but missing supporting fields,remove_incomplete_rows
,,,,,,,<na>,,311.88,79.48,63.42,,,981,financial data present but missing supporting fields,remove_incomplete_rows
,,,,,,,<na>,,279.0,25.05,28.5,,,985,financial data present but missing supporting fields,remove_incomplete_rows
,,,,,,,<na>,,34.88,29.07,5.81,,,989,financial data present but missing supporting fields,remove_incomplete_rows
,,,,,,,<na>,,40.75,31.03,9.07,,,994,financial data present but missing supporting fields,remove_incomplete_rows
,,,,,,,<na>,,48.5,40.33,8.17,,,998,financial data present but missing supporting fields,remove_incomplete_rows
,,,,,,,<na>,,17.5,15.6,1.9,,,1002,financial data present but missing supporting fields,remove_incomplete_rows
,,,,,,,<na>,,137.5,38.99,19.52,,,1008,financial data present but missing supporting fields,remove_incomplete_rows
,,,,,,,<na>,,70.5,62.07,8.43,,,1012,financial data present but missing supporting fields,remove_incomplete_rows
,,,,,,,<na>,,252.27,179.38,44.89,,,1022,financial data present but missing supporting fields,remove_incomplete_rows
,,,,,,,<na>,,62.75,48.95,13.8,,,1027,financial data present but missing supporting fields,remove_incomplete_rows
,,,,,,,<na>,,17.5,15.6,1.9,,,1031,financial data present but missing supporting fields,remove_incomplete_rows
,,,,,,,<na>,,26.25,12.5,13.75,,,1035,financial data present but missing supporting fields,remove_incomplete_rows
,,,,,,,<na>,,28.5,8.6,2.7,,,1039,financial data present but missing supporting fields,remove_incomplete_rows
,,,,,,,<na>,,34.0,3.3,18.15,,,1044,financial data present but missing supporting fields,remove_incomplete_rows
,,,,,,,<na>,,56.0,21.89,12.22,,,1048,financial data present but missing supporting fields,remove_incomplete_rows
,,,,,,,<na>,,11.0,6.0,5.0,,,1052,financial data present but missing supporting fields,remove_incomplete_rows
,,,,,,,<na>,,343.75,55.0,68.75,,,1056,financial data present but missing supporting fields,remove_incomplete_rows
,,,,,,,<na>,,204.0,30.54,20.76,,,1060,financial data present but missing supporting fields,remove_incomplete_rows
,,,,,,,<na>,,430.0,47.39,-43.85,,,1066,financial data present but missing supporting fields,remove_incomplete_rows
,,,,,,,<na>,,26.5,25.26,1.24,,,1070,financial data present but missing supporting fields,remove_incomplete_rows
,,,,,,,<na>,,2775.0,52.43,482.12,,,1076,financial data present but missing supporting fields,remove_incomplete_rows
,,,,,,,<na>,,514.3,434.86,79.44,,,1081,financial data present but missing supporting fields,remove_incomplete_rows
,,,,,,,<na>,,47.5,43.1,4.4,,,1085,financial data present but missing supporting fields,remove_incomplete_rows
,,,,,,,<na>,,71.0,50.47,20.53,,,1090,financial data present but missing supporting fields,remove_incomplete_rows
,,,,,,,<na>,,119.44,4.37,69.3,,,1097,financial data present but missing supporting fields,remove_incomplete_rows
,,,,,,,<na>,,42.75,35.52,7.23,,,1101,financial data present but missing supporting fields,remove_incomplete_rows
,,,,,,,<na>,,1139.5,83.74,406.65,,,1108,financial data present but missing supporting fields,remove_incomplete_rows
,,,,,,,<na>,,84.0,1.2,48.0,,,1112,financial data present but missing supporting fields,remove_incomplete_rows
,,,,,,,<na>,,13.0,11.7,1.3,,,1116,financial data present but missing supporting fields,remove_incomplete_rows
,,,,,,,<na>,,76.5,11.0,10.5,,,1121,financial data present but missing supporting fields,remove_incomplete_rows
,,,,,,,<na>,,42.0,32.08,9.92,,,1125,financial data present but missing supporting fields,remove_incomplete_rows
,,,,,,,<na>,,3939.4,3417.64,521.76,,,1132,financial data present but missing supporting fields,remove_incomplete_rows
,,,,,,,<na>,,16.0,7.13,1.74,,,1136,financial data present but missing supporting fields,remove_incomplete_rows
,,,,,,,<na>,,770.0,250.0,270.0,,,1140,financial data present but missing supporting fields,remove_incomplete_rows
,,,,,,,<na>,,31.0,27.94,3.06,,,1144,financial data present but missing supporting fields,remove_incomplete_rows
,,,,,,,<na>,,68.0,59.67,8.33,,,1148,financial data present but missing supporting fields,remove_incomplete_rows
,,,,,,,<na>,,72.25,65.49,6.76,,,1152,financial data present but missing supporting fields,remove_incomplete_rows
,,,,,,,<na>,,156.0,111.37,44.63,,,1157,financial data present but missing supporting fields,remove_incomplete_rows
,,,,,,,<na>,,1100.75,88.07,166.73,,,1163,financial data present but missing supporting fields,remove_incomplete_rows
,,,,,,,<na>,,111.25,95.1,16.15,,,1168,financial data present but missing supporting fields,remove_incomplete_rows
,,,,,,,<na>,,392.0,8.64,271.05,,,1172,financial data present but missing supporting fields,remove_incomplete_rows
,,,,,,,<na>,,165.0,12.02,44.8,,,1177,financial data present but missing supporting fields,remove_incomplete_rows
,,,,,,,<na>,,198.8,21.82,24.21,,,1183,financial data present but missing supporting fields,remove_incomplete_rows
,,,,,,,<na>,,283.64,88.22,27.63,,,1188,financial data present but missing supporting fields,remove_incomplete_rows
,,,,,,,<na>,,149.0,135.45,13.55,,,1192,financial data present but missing supporting fields,remove_incomplete_rows
,,,,,,,<na>,,52.9,46.01,6.89,,,1196,financial data present but missing supporting fields,remove_incomplete_rows
,,,,,,,<na>,,266.75,236.46,30.29,,,1201,financial data present but missing supporting fields,remove_incomplete_rows
,,,,,,,<na>,,8.0,3.57,0.86,,,1205,financial data present but missing supporting fields,remove_incomplete_rows
,,,,,,,<na>,,120.93,99.33,21.6,,,1210,financial data present but missing supporting fields,remove_incomplete_rows
,,,,,,,<na>,,90.0,0.42,77.28,,,1214,financial data present but missing supporting fields,remove_incomplete_rows
,,,,,,,<na>,,147.25,110.49,36.76,,,1219,financial data present but missing supporting fields,remove_incomplete_rows
,,,,,,,<na>,,433.0,392.93,40.07,,,1223,financial data present but missing supporting fields,remove_incomplete_rows
,,,,,,,<na>,,40.0,0.6,28.0,,,1227,financial data present but missing supporting fields,remove_incomplete_rows
,,,,,,,<na>,,69.0,41.79,14.88,,,1232,financial data present but missing supporting fields,remove_incomplete_rows
,,,,,,,<na>,,79.8,36.26,7.28,,,1236,financial data present but missing supporting fields,remove_incomplete_rows
,,,,,,,<na>,,447.04,8.45,240.54,,,1246,financial data present but missing supporting fields,remove_incomplete_rows
,,,,,,,<na>,,201.8,45.07,21.53,,,1251,financial data present but missing supporting fields,remove_incomplete_rows
,,,,,,,<na>,,281.02,194.54,58.48,,,1262,financial data present but missing supporting fields,remove_incomplete_rows
,,,,,,,<na>,,130.7,42.26,15.92,,,1267,financial data present but missing supporting fields,remove_incomplete_rows
,,,,,,,<na>,,33.0,9.7,3.9,,,1271,financial data present but missing supporting fields,remove_incomplete_rows
,,,,,,,<na>,,7.5,1.29,3.63,,,1275,financial data present but missing supporting fields,remove_incomplete_rows
,,,,,,,<na>,,986.8,142.31,100.7,,,1282,financial data present but missing supporting fields,remove_incomplete_rows
,,,,,,,<na>,,28.5,25.57,2.93,,,1286,financial data present but missing supporting fields,remove_incomplete_rows
,,,,,,,<na>,,17.0,14.23,2.77,,,1290,financial data present but missing supporting fields,remove_incomplete_rows
,,,,,,,<na>,,15.0,1.29,7.26,,,1294,financial data present but missing supporting fields,remove_incomplete_rows
,,,,,,,<na>,,30.0,16.0,14.0,,,1298,financial data present but missing supporting fields,remove_incomplete_rows
,,,,,,,<na>,,15.0,7.87,7.13,,,1302,financial data present but missing supporting fields,remove_incomplete_rows
,,,,,,,<na>,,766.78,678.34,88.44,,,1309,financial data present but missing supporting fields,remove_incomplete_rows
,,,,,,,<na>,,40.0,14.0,26.0,,,1313,financial data present but missing supporting fields,remove_incomplete_rows
,,,,,,,<na>,,22.0,6.0,10.0,,,1317,financial data present but missing supporting fields,remove_incomplete_rows
,,,,,,,<na>,,14.0,2.8,8.4,,,1321,financial data present but missing supporting fields,remove_incomplete_rows
,,,,,,,<na>,,13.0,11.7,1.3,,,1325,financial data present but missing supporting fields,remove_incomplete_rows
,,,,,,,<na>,,27.75,23.04,4.71,,,1329,financial data present but missing supporting fields,remove_incomplete_rows
,,,,,,,<na>,,1354.72,830.32,250.27,,,1335,financial data present but missing supporting fields,remove_incomplete_rows
,,,,,,,<na>,,1114.75,916.6,198.15,,,1342,financial data present but missing supporting fields,remove_incomplete_rows
,,,,,,,<na>,,36.75,30.77,5.98,,,1346,financial data present but missing supporting fields,remove_incomplete_rows
,,,,,,,<na>,,2850.0,61.99,990.38,,,1353,financial data present but missing supporting fields,remove_incomplete_rows
,,,,,,,<na>,,881.0,15.67,93.5,,,1358,financial data present but missing supporting fields,remove_incomplete_rows
,,,,,,,<na>,,17.5,15.6,1.9,,,1362,financial data present but missing supporting fields,remove_incomplete_rows
,,,,,,,<na>,,17.0,14.1,2.9,,,1366,financial data present but missing supporting fields,remove_incomplete_rows
,,,,,,,<na>,,93.75,2.0,63.75,,,1370,financial data present but missing supporting fields,remove_incomplete_rows
,,,,,,,<na>,,363.8,149.94,149.36,,,1375,financial data present but missing supporting fields,remove_incomplete_rows
,,,,,,,<na>,,162.5,55.0,107.5,,,1379,financial data present but missing supporting fields,remove_incomplete_rows
,,,,,,,<na>,,403.0,38.81,53.25,,,1385,financial data present but missing supporting fields,remove_incomplete_rows
,,,,,,,<na>,,306.56,284.12,22.44,,,1390,financial data present but missing supporting fields,remove_incomplete_rows
,,,,,,,<na>,,80.0,3.57,8.6,,,1394,financial data present but missing supporting fields,remove_incomplete_rows
,,,,,,,<na>,,437.5,28.89,33.04,,,1398,financial data present but missing supporting fields,remove_incomplete_rows
,,,,,,,<na>,,578.9,34.25,75.98,,,1405,financial data present but missing supporting fields,remove_incomplete_rows
,,,,,,,<na>,,350.0,220.0,130.0,,,1409,financial data present but missing supporting fields,remove_incomplete_rows
,,,,,,,<na>,,209.0,140.09,33.07,,,1414,financial data present but missing supporting fields,remove_incomplete_rows
,,,,,,,<na>,,175.0,153.49,21.52,,,1419,financial data present but missing supporting fields,remove_incomplete_rows
,,,,,,,<na>,,822.8,33.69,81.62,,,1423,financial data present but missing supporting fields,remove_incomplete_rows
,,,,,,,<na>,,232.75,17.5,150.5,,,1430,financial data present but missing supporting fields,remove_incomplete_rows
,,,,,,,<na>,,56.25,10.0,6.27,,,1434,financial data present but missing supporting fields,remove_incomplete_rows
,,,,,,,<na>,,81.0,10.82,16.08,,,1438,financial data present but missing supporting fields,remove_incomplete_rows
,,,,,,,<na>,,918.6,798.09,120.51,,,1442,financial data present but missing supporting fields,remove_incomplete_rows
,,,,,,,<na>,,133.75,24.07,13.42,,,1446,financial data present but missing supporting fields,remove_incomplete_rows
,,,,,,,<na>,,880.0,550.0,330.0,,,1450,financial data present but missing supporting fields,remove_incomplete_rows
,,,,,,,<na>,,70.75,58.91,11.84,,,1454,financial data present but missing supporting fields,remove_incomplete_rows
,,,,,,,<na>,,444.0,342.9,57.94,,,1462,financial data present but missing supporting fields,remove_incomplete_rows
,,,,,,,<na>,,55.25,27.87,6.38,,,1467,financial data present but missing supporting fields,remove_incomplete_rows
,,,,,,,<na>,,112.44,52.86,-13.51,,,1474,financial data present but missing supporting fields,remove_incomplete_rows
,,,,,,,<na>,,16.0,7.13,1.74,,,1478,financial data present but missing supporting fields,remove_incomplete_rows
,,,,,,,<na>,,53.5,14.61,5.42,,,1483,financial data present but missing supporting fields,remove_incomplete_rows
,,,,,,,<na>,,40.0,25.0,15.0,,,1487,financial data present but missing supporting fields,remove_incomplete_rows
,,,,,,,<na>,,30.25,19.41,3.31,,,1492,financial data present but missing supporting fields,remove_incomplete_rows
,,,,,,,<na>,,240.77,163.01,49.76,,,1503,financial data present but missing supporting fields,remove_incomplete_rows
,,,,,,,<na>,,69.45,20.83,6.96,,,1508,financial data present but missing supporting fields,remove_incomplete_rows
,,,,,,,<na>,,580.0,2.05,375.0,,,1513,financial data present but missing supporting fields,remove_incomplete_rows
,,,,,,,<na>,,13.0,11.7,1.3,,,1517,financial data present but missing supporting fields,remove_incomplete_rows
,,,,,,,<na>,,31.0,27.94,3.06,,,1521,financial data present but missing supporting fields,remove_incomplete_rows
,,,,,,,<na>,,26.51,28.79,-2.28,,,1525,financial data present but missing supporting fields,remove_incomplete_rows
,,,,,,,<na>,,63.78,4.19,38.64,,,1530,financial data present but missing supporting fields,remove_incomplete_rows
,,,,,,,<na>,,70.5,28.0,7.37,,,1535,financial data present but missing supporting fields,remove_incomplete_rows
,,,,,,,<na>,,51.75,14.23,9.06,,,1539,financial data present but missing supporting fields,remove_incomplete_rows
,,,,,,,<na>,,72.75,65.83,6.92,,,1544,financial data present but missing supporting fields,remove_incomplete_rows
,,,,,,,<na>,,31.0,26.86,4.14,,,1548,financial data present but missing supporting fields,remove_incomplete_rows
,,,,,,,<na>,,97.5,115.0,-17.5,,,1552,financial data present but missing supporting fields,remove_incomplete_rows
,,,,,,,<na>,,28.8,11.63,5.54,,,1557,financial data present but missing supporting fields,remove_incomplete_rows
,,,,,,,<na>,,69.0,60.85,8.15,,,1561,financial data present but missing supporting fields,remove_incomplete_rows
,,,,,,,<na>,,66.0,9.89,6.65,,,1565,financial data present but missing supporting fields,remove_incomplete_rows
,,,,,,,<na>,,25.0,0.0,25.0,,,1569,financial data present but missing supporting fields,remove_incomplete_rows
,,,,,,,<na>,,15.0,7.87,7.13,,,1573,financial data present but missing supporting fields,remove_incomplete_rows
,,,,,,,<na>,,15.0,7.87,7.13,,,1577,financial data present but missing supporting fields,remove_incomplete_rows
,,,,,,,<na>,,59.0,46.55,12.45,,,1582,financial data present but missing supporting fields,remove_incomplete_rows
,,,,,,,<na>,,614.0,49.63,195.93,,,1591,financial data present but missing supporting fields,remove_incomplete_rows
,,,,,,,<na>,,5.75,4.74,1.01,,,1595,financial data present but missing supporting fields,remove_incomplete_rows
,,,,,,,<na>,,243.75,82.83,24.06,,,1601,financial data present but missing supporting fields,remove_incomplete_rows
,,,,,,,<na>,,107.8,47.54,12.72,,,1605,financial data present but missing supporting fields,remove_incomplete_rows
,,,,,,,<na>,,546.55,217.23,45.6,,,1612,financial data present but missing supporting fields,remove_incomplete_rows
,,,,,,,<na>,,66.9,0.4,55.05,,,1616,financial data present but missing supporting fields,remove_incomplete_rows
,,,,,,,<na>,,15.0,7.87,7.13,,,1620,financial data present but missing supporting fields,remove_incomplete_rows
,,,,,,,<na>,,755.6,51.69,153.32,,,1627,financial data present but missing supporting fields,remove_incomplete_rows
,,,,,,,<na>,,490.2,8.1,315.2,,,1632,financial data present but missing supporting fields,remove_incomplete_rows
,,,,,,,<na>,,55.0,22.0,33.0,,,1636,financial data present but missing supporting fields,remove_incomplete_rows
,,,,,,,<na>,,83.0,67.0,16.0,,,1641,financial data present but missing supporting fields,remove_incomplete_rows
,,,,,,,<na>,,108.0,87.96,20.04,,,1645,financial data present but missing supporting fields,remove_incomplete_rows
,,,,,,,<na>,,94.5,78.55,15.95,,,1649,financial data present but missing supporting fields,remove_incomplete_rows
,,,,,,,<na>,,42.0,11.17,27.01,,,1654,financial data present but missing supporting fields,remove_incomplete_rows
,,,,,,,<na>,,165.0,149.11,15.89,,,1658,financial data present but missing supporting fields,remove_incomplete_rows
,,,,,,,<na>,,125.0,28.0,13.01,,,1663,financial data present but missing supporting fields,remove_incomplete_rows
,,,,,,,<na>,,58.0,25.58,6.84,,,1667,financial data present but missing supporting fields,remove_incomplete_rows
,,,,,,,<na>,,543.75,460.51,83.24,,,1672,financial data present but missing supporting fields,remove_incomplete_rows
,,,,,,,<na>,,66.0,30.23,5.55,,,1676,financial data present but missing supporting fields,remove_incomplete_rows
,,,,,,,<na>,,15.9,4.72,1.75,,,1681,financial data present but missing supporting fields,remove_incomplete_rows
,,,,,,,<na>,,118.0,11.38,78.84,,,1687,financial data present but missing supporting fields,remove_incomplete_rows
,,,,,,,<na>,,63.75,14.71,6.58,,,1692,financial data present but missing supporting fields,remove_incomplete_rows
,,,,,,,<na>,,45.0,18.0,27.0,,,1696,financial data present but missing supporting fields,remove_incomplete_rows
,,,,,,,<na>,,28.2,13.67,6.86,,,1701,financial data present but missing supporting fields,remove_incomplete_rows
,,,,,,,<na>,,1046.64,29.65,361.14,,,1711,financial data present but missing supporting fields,remove_incomplete_rows
,,,,,,,<na>,,36.75,31.4,5.35,,,1715,financial data present but missing supporting fields,remove_incomplete_rows
,,,,,,,<na>,,63.0,26.94,9.12,,,1719,financial data present but missing supporting fields,remove_incomplete_rows
,,,,,,,<na>,,116.25,34.59,12.47,,,1723,financial data present but missing supporting fields,remove_incomplete_rows
,,,,,,,<na>,,108.14,56.41,34.73,,,1732,financial data present but missing supporting fields,remove_incomplete_rows
,,,,,,,<na>,,281.02,194.54,58.48,,,1743,financial data present but missing supporting fields,remove_incomplete_rows
,,,,,,,<na>,,80.5,31.53,17.44,,,1747,financial data present but missing supporting fields,remove_incomplete_rows
,,,,,,,<na>,,220.0,137.21,82.79,,,1759,financial data present but missing supporting fields,remove_incomplete_rows
,,,,,,,<na>,,2010.67,2437.79,-427.12,,,1764,financial data present but missing supporting fields,remove_incomplete_rows
,,,,,,,<na>,,99.0,9.89,9.98,,,1768,financial data present but missing supporting fields,remove_incomplete_rows
,,,,,,,<na>,,20.0,1.29,9.68,,,1772,financial data present but missing supporting fields,remove_incomplete_rows
,,,,,,,<na>,,99.2,11.13,10.17,,,1776,financial data present but missing supporting fields,remove_incomplete_rows
,,,,,,,<na>,,244.2,34.02,26.69,,,1781,financial data present but missing supporting fields,remove_incomplete_rows
,,,,,,,<na>,,18.75,5.45,2.39,,,1785,financial data present but missing supporting fields,remove_incomplete_rows
,,,,,,,<na>,,148.0,13.7,93.2,,,1790,financial data present but missing supporting fields,remove_incomplete_rows
,,,,,,,<na>,,210.5,6.85,118.0,,,1795,financial data present but missing supporting fields,remove_incomplete_rows
,,,,,,,<na>,,56.25,10.0,6.27,,,1799,financial data present but missing supporting fields,remove_incomplete_rows
,,,,,,,<na>,,66.0,30.23,5.55,,,1803,financial data present but missing supporting fields,remove_incomplete_rows
,,,,,,,<na>,,16.5,7.15,2.19,,,1807,financial data present but missing supporting fields,remove_incomplete_rows
,,,,,,,<na>,,71.5,48.4,20.7,,,1813,financial data present but missing supporting fields,remove_incomplete_rows
,,,,,,,<na>,,59.25,48.91,10.34,,,1817,financial data present but missing supporting fields,remove_incomplete_rows
,,,,,,,<na>,,547.04,161.05,13.64,,,1824,financial data present but missing supporting fields,remove_incomplete_rows
,,,,,,,<na>,,69.5,43.16,10.74,,,1829,financial data present but missing supporting fields,remove_incomplete_rows
,,,,,,,<na>,,217.5,20.32,14.27,,,1833,financial data present but missing supporting fields,remove_incomplete_rows
,,,,,,,<na>,,180.0,14.5,122.0,,,1837,financial data present but missing supporting fields,remove_incomplete_rows
,,,,,,,<na>,,24.25,21.05,3.2,,,1841,financial data present but missing supporting fields,remove_incomplete_rows
,,,,,,,<na>,,12.0,4.0,8.0,,,1845,financial data present but missing supporting fields,remove_incomplete_rows
,,,,,,,<na>,,65.0,2.0,45.0,,,1850,financial data present but missing supporting fields,remove_incomplete_rows
,,,,,,,<na>,,375.0,6.74,220.4,,,1855,financial data present but missing supporting fields,remove_incomplete_rows
,,,,,,,<na>,,60.5,54.0,6.5,,,1859,financial data present but missing supporting fields,remove_incomplete_rows
,,,,,,,<na>,,30.0,0.42,25.76,,,1863,financial data present but missing supporting fields,remove_incomplete_rows
,,,,,,,<na>,,159.56,145.26,14.3,,,1868,financial data present but missing supporting fields,remove_incomplete_rows
,,,,,,,<na>,,3552.4,97.69,402.33,,,1875,financial data present but missing supporting fields,remove_incomplete_rows
,,,,,,,<na>,,492.5,30.36,73.3,,,1880,financial data present but missing supporting fields,remove_incomplete_rows
,,,,,,,<na>,,274.5,238.32,36.18,,,1884,financial data present but missing supporting fields,remove_incomplete_rows
,,,,,,,<na>,,93.5,81.34,12.16,,,1888,financial data present but missing supporting fields,remove_incomplete_rows
,,,,,,,<na>,,177.0,22.67,40.98,,,1892,financial data present but missing supporting fields,remove_incomplete_rows
,,,,,,,<na>,,174.1,14.98,24.25,,,1898,financial data present but missing supporting fields,remove_incomplete_rows
,,,,,,,<na>,,31.0,11.5,19.5,,,1902,financial data present but missing supporting fields,remove_incomplete_rows
,,,,,,,<na>,,136.0,113.88,22.12,,,1907,financial data present but missing supporting fields,remove_incomplete_rows
,,,,,,,<na>,,52.5,42.0,10.5,,,1911,financial data present but missing supporting fields,remove_incomplete_rows
,,,,,,,<na>,,57.25,34.81,8.29,,,1916,financial data present but missing supporting fields,remove_incomplete_rows
,,,,,,,<na>,,32.5,14.15,4.19,,,1921,financial data present but missing supporting fields,remove_incomplete_rows
,,,,,,,<na>,,258.0,16.87,4.95,,,1926,financial data present but missing supporting fields,remove_incomplete_rows
,,,,,,,<na>,,30.0,16.0,14.0,,,1930,financial data present but missing supporting fields,remove_incomplete_rows
,,,,,,,<na>,,43.5,12.35,27.33,,,1935,financial data present but missing supporting fields,remove_incomplete_rows
,,,,,,,<na>,,147.5,124.99,22.51,,,1941,financial data present but missing supporting fields,remove_incomplete_rows
,,,,,,,<na>,,30.0,16.0,14.0,,,1945,financial data present but missing supporting fields,remove_incomplete_rows
,,,,,,,<na>,,89.05,75.97,13.08,,,1951,financial data present but missing supporting fields,remove_incomplete_rows
,,,,,,,<na>,,15.0,9.38,5.63,,,1955,financial data present but missing supporting fields,remove_incomplete_rows
,,,,,,,<na>,,229.54,154.14,47.4,,,1965,financial data present but missing supporting fields,remove_incomplete_rows
,,,,,,,<na>,,65.0,55.58,9.43,,,1969,financial data present but missing supporting fields,remove_incomplete_rows
,,,,,,,<na>,,249.1,194.27,39.23,,,1976,financial data present but missing supporting fields,remove_incomplete_rows
,,,,,,,<na>,,133.6,15.18,-18.2,,,1980,financial data present but missing supporting fields,remove_incomplete_rows
,,,,,,,<na>,,54.0,24.52,4.96,,,1984,financial data present but missing supporting fields,remove_incomplete_rows
,,,,,,,<na>,,13.0,11.7,1.3,,,1988,financial data present but missing supporting fields,remove_incomplete_rows
,,,,,,,<na>,,15.0,0.42,12.88,,,1992,financial data present but missing supporting fields,remove_incomplete_rows
,,,,,,,<na>,,87.0,31.56,23.5,,,1998,financial data present but missing supporting fields,remove_incomplete_rows
,,,,,,,<na>,,48.5,40.33,8.17,,,2002,financial data present but missing supporting fields,remove_incomplete_rows
,,,,,,,<na>,,288.5,58.25,30.59,,,2007,financial data present but missing supporting fields,remove_incomplete_rows
,,,,,,,<na>,,314.5,24.85,65.96,,,2012,financial data present but missing supporting fields,remove_incomplete_rows
,,,,,,,<na>,,18.0,10.71,7.29,,,2016,financial data present but missing supporting fields,remove_incomplete_rows
,,,,,2020-01-01,,<na>,,40.0,14.0,26.0,,,2020,financial data present but missing supporting fields,remove_incomplete_rows
,,,,,2026-01-01,,<na>,,64.26,62.71,1.56,,,2026,financial data present but missing supporting fields,remove_incomplete_rows
,,,,,2030-01-01,,<na>,,40.5,11.93,4.72,,,2030,financial data present but missing supporting fields,remove_incomplete_rows
,,,,,2038-01-01,,<na>,,1346.85,116.88,191.42,,,2038,financial data present but missing supporting fields,remove_incomplete_rows
,,,,,2042-01-01,,<na>,,30.0,0.42,25.76,,,2042,financial data present but missing supporting fields,remove_incomplete_rows
,,,,,,,<na>,,328.0,8.5,216.37,,,2049,financial data present but missing supporting fields,remove_incomplete_rows
,,,,,,,<na>,,207.5,178.19,29.31,,,2055,financial data present but missing supporting fields,remove_incomplete_rows
,,,,,,,<na>,,18.0,10.71,7.29,,,2059,financial data present but missing supporting fields,remove_incomplete_rows
,,,,,,,<na>,,352.0,220.0,132.0,,,2063,financial data present but missing supporting fields,remove_incomplete_rows
,,,,,,,<na>,,263.77,181.34,49.71,,,2075,financial data present but missing supporting fields,remove_incomplete_rows
,,,,,,,<na>,,43.0,35.58,7.42,,,2079,financial data present but missing supporting fields,remove_incomplete_rows
,,,,,,,<na>,,77.5,34.59,8.31,,,2083,financial data present but missing supporting fields,remove_incomplete_rows
,,,,,,,<na>,,140.8,55.19,30.42,,,2088,financial data present but missing supporting fields,remove_incomplete_rows
,,,,,,,<na>,,155.75,141.5,14.25,,,2092,financial data present but missing supporting fields,remove_incomplete_rows
,,,,,,,<na>,,850.0,550.0,300.0,,,2096,financial data present but missing supporting fields,remove_incomplete_rows
,,,,,,,<na>,,86.78,52.45,10.95,,,2101,financial data present but missing supporting fields,remove_incomplete_rows
,,,,,,,<na>,,100.0,5.7,77.2,,,2105,financial data present but missing supporting fields,remove_incomplete_rows
,,,,,,,<na>,,108.25,77.4,27.85,,,2110,financial data present but missing supporting fields,remove_incomplete_rows
,,,,,,,<na>,,147.75,123.12,24.63,,,2114,financial data present but missing supporting fields,remove_incomplete_rows
,,,,,,,<na>,,80.0,7.13,8.68,,,2118,financial data present but missing supporting fields,remove_incomplete_rows
,,,,,,,<na>,,80.0,3.57,8.6,,,2122,financial data present but missing supporting fields,remove_incomplete_rows
,,,,,,,<na>,,106.0,23.73,11.08,,,2126,financial data present but missing supporting fields,remove_incomplete_rows
,,,,,,,<na>,,839.2,162.27,105.58,,,2133,financial data present but missing supporting fields,remove_incomplete_rows
,,,,,,,<na>,,15.0,7.87,7.13,,,2137,financial data present but missing supporting fields,remove_incomplete_rows
,,,,,,,<na>,,18.0,10.71,7.29,,,2141,financial data present but missing supporting fields,remove_incomplete_rows
,,,,,,,<na>,,20.0,0.5,15.0,,,2145,financial data present but missing supporting fields,remove_incomplete_rows
,,,,,,,<na>,,199.15,25.55,20.6,,,2150,financial data present but missing supporting fields,remove_incomplete_rows
,,,,,,,<na>,,119.5,87.45,32.05,,,2154,financial data present but missing supporting fields,remove_incomplete_rows
,,,,,,,<na>,,64.0,7.0,8.0,,,2158,financial data present but missing supporting fields,remove_incomplete_rows
,,,,,,,<na>,,15.0,6.38,2.24,,,2162,financial data present but missing supporting fields,remove_incomplete_rows
,,,,,,,<na>,,64.0,1.26,38.8,,,2166,financial data present but missing supporting fields,remove_incomplete_rows
,,,,,,,<na>,,22.0,9.7,2.6,,,2170,financial data present but missing supporting fields,remove_incomplete_rows
,,,,,,,<na>,,134.4,24.0,38.4,,,2174,financial data present but missing supporting fields,remove_incomplete_rows
,,,,,,,<na>,,82.0,35.84,10.32,,,2178,financial data present but missing supporting fields,remove_incomplete_rows
,,,,,,,<na>,,120.0,58.0,62.0,,,2182,financial data present but missing supporting fields,remove_incomplete_rows
,,,,,,,<na>,,40.0,13.0,14.0,,,2186,financial data present but missing supporting fields,remove_incomplete_rows
,,,,,,,<na>,,600.3,418.37,64.09,,,2191,financial data present but missing supporting fields,remove_incomplete_rows
,,,,,,,<na>,,139.75,114.68,25.07,,,2195,financial data present but missing supporting fields,remove_incomplete_rows
,,,,,,,<na>,,121.6,109.53,12.07,,,2199,financial data present but missing supporting fields,remove_incomplete_rows
,,,,,,,<na>,,2280.0,13.0,980.0,,,2203,financial data present but missing supporting fields,remove_incomplete_rows
,,,,,,,<na>,,366.0,33.67,-43.43,,,2208,financial data present but missing supporting fields,remove_incomplete_rows
,,,,,,,<na>,,50.0,0.0,50.0,,,2212,financial data present but missing supporting fields,remove_incomplete_rows
,,,,,,,<na>,,39.9,36.26,3.64,,,2216,financial data present but missing supporting fields,remove_incomplete_rows
,,,,,,,<na>,,39.9,36.26,3.64,,,2220,financial data present but missing supporting fields,remove_incomplete_rows
,,,,,,,<na>,,64.0,7.13,6.94,,,2224,financial data present but missing supporting fields,remove_incomplete_rows
,,,,,,,<na>,,36.75,4.72,3.73,,,2228,financial data present but missing supporting fields,remove_incomplete_rows
,,,,,,,<na>,,100.0,83.89,16.11,,,2232,financial data present but missing supporting fields,remove_incomplete_rows
,,,,,,,<na>,,169.75,73.06,25.96,,,2237,financial data present but missing supporting fields,remove_incomplete_rows
,,,,,,,<na>,,11.0,6.0,5.0,,,2241,financial data present but missing supporting fields,remove_incomplete_rows
,,,,,,,<na>,,147.5,118.47,16.22,,,2246,financial data present but missing supporting fields,remove_incomplete_rows
,,,,,,,<na>,,84.0,1.67,50.67,,,2250,financial data present but missing supporting fields,remove_incomplete_rows
,,,,,,,<na>,,59.76,17.94,5.94,,,2255,financial data present but missing supporting fields,remove_incomplete_rows
,,,,,,,<na>,,98.0,90.15,7.85,,,2259,financial data present but missing supporting fields,remove_incomplete_rows
,,,,,,,<na>,,14.75,13.4,1.35,,,2263,financial data present but missing supporting fields,remove_incomplete_rows
,,,,,,,<na>,,426.0,18.56,145.18,,,2271,financial data present but missing supporting fields,remove_incomplete_rows
,,,,,,,<na>,,315.0,28.65,28.49,,,2275,financial data present but missing supporting fields,remove_incomplete_rows
,,,,,,,<na>,,105.25,65.88,9.15,,,2280,financial data present but missing supporting fields,remove_incomplete_rows
,,,,,,,<na>,,216.25,20.27,64.31,,,2285,financial data present but missing supporting fields,remove_incomplete_rows
,,,,,,,<na>,,100.0,0.46,76.95,,,2289,financial data present but missing supporting fields,remove_incomplete_rows
,,,,,,,<na>,,997.25,351.61,484.45,,,2295,financial data present but missing supporting fields,remove_incomplete_rows
,,,,,,,<na>,,1494.0,82.68,253.8,,,2303,financial data present but missing supporting fields,remove_incomplete_rows
,,,,,,,<na>,,66.0,30.23,5.55,,,2307,financial data present but missing supporting fields,remove_incomplete_rows
,,,,,,,<na>,,323.95,187.81,136.14,,,2316,financial data present but missing supporting fields,remove_incomplete_rows
,,,,,,,<na>,,162.5,55.0,107.5,,,2320,financial data present but missing supporting fields,remove_incomplete_rows
,,,,,,,<na>,,188.0,79.45,29.1,,,2324,financial data present but missing supporting fields,remove_incomplete_rows
,,,,,,,<na>,,21.0,1.2,13.8,,,2328,financial data present but missing supporting fields,remove_incomplete_rows
,,,,,,,<na>,,186.5,157.93,28.57,,,2333,financial data present but missing supporting fields,remove_incomplete_rows
,,,,,,,<na>,,437.5,25.47,80.92,,,2337,financial data present but missing supporting fields,remove_incomplete_rows
,,,,,,,<na>,,99.0,85.61,13.39,,,2341,financial data present but missing supporting fields,remove_incomplete_rows
,,,,,,,<na>,,165.0,145.53,19.47,,,2345,financial data present but missing supporting fields,remove_incomplete_rows
,,,,,,,<na>,,11.0,9.7,1.3,,,2349,financial data present but missing supporting fields,remove_incomplete_rows
,,,,,,,<na>,,45.5,41.36,4.14,,,2353,financial data present but missing supporting fields,remove_incomplete_rows
,,,,,,,<na>,,183.2,126.74,51.24,,,2358,financial data present but missing supporting fields,remove_incomplete_rows
,,,,,,,<na>,,296.27,212.2,56.07,,,2370,financial data present but missing supporting fields,remove_incomplete_rows
,,,,,,,<na>,,53.9,47.54,6.36,,,2374,financial data present but missing supporting fields,remove_incomplete_rows
,,,,,,,<na>,,20.0,3.57,2.15,,,2378,financial data present but missing supporting fields,remove_incomplete_rows
,,,,,,,<na>,,81.28,2.3,43.57,,,2383,financial data present but missing supporting fields,remove_incomplete_rows
,,,,,,,<na>,,13.0,11.7,1.3,,,2387,financial data present but missing supporting fields,remove_incomplete_rows
,,,,,,,<na>,,71.4,6.63,5.1,,,2392,financial data present but missing supporting fields,remove_incomplete_rows
,,,,,,,<na>,,433.0,392.93,40.07,,,2396,financial data present but missing supporting fields,remove_incomplete_rows
,,,,,,,<na>,,42.0,37.73,4.27,,,2400,financial data present but missing supporting fields,remove_incomplete_rows
,,,,,,,<na>,,85.0,1.38,66.92,,,2405,financial data present but missing supporting fields,remove_incomplete_rows
,,,,,,,<na>,,15.0,7.87,7.13,,,2409,financial data present but missing supporting fields,remove_incomplete_rows
,,,,,,,<na>,,496.7,106.61,274.09,,,2415,financial data present but missing supporting fields,remove_incomplete_rows
,,,,,,,<na>,,429.8,63.84,93.92,,,2425,financial data present but missing supporting fields,remove_incomplete_rows
,,,,,,,<na>,,164.0,137.74,26.26,,,2430,financial data present but missing supporting fields,remove_incomplete_rows
,,,,,,,<na>,,29.0,25.58,3.42,,,2434,financial data present but missing supporting fields,remove_incomplete_rows
,,,,,,,<na>,,40.0,7.13,4.34,,,2438,financial data present but missing supporting fields,remove_incomplete_rows
,,,,,,,<na>,,49.25,44.2,5.05,,,2442,financial data present but missing supporting fields,remove_incomplete_rows
,,,,,,,<na>,,30.0,16.0,14.0,,,2446,financial data present but missing supporting fields,remove_incomplete_rows
,,,,,,,<na>,,90.0,50.0,40.0,,,2450,financial data present but missing supporting fields,remove_incomplete_rows
,,,,,,,<na>,,52.0,44.99,7.01,,,2454,financial data present but missing supporting fields,remove_incomplete_rows
,,,,,,,<na>,,10.0,0.94,5.3,,,2458,financial data present but missing supporting fields,remove_incomplete_rows
,,,,,,,<na>,,87.0,22.1,20.7,,,2462,financial data present but missing supporting fields,remove_incomplete_rows
,,,,,,,<na>,,118.0,105.66,12.34,,,2466,financial data present but missing supporting fields,remove_incomplete_rows
,,,,,,,<na>,,506.86,28.25,90.61,,,2471,financial data present but missing supporting fields,remove_incomplete_rows
,,,,,,,<na>,,493.25,418.18,71.25,,,2477,financial data present but missing supporting fields,remove_incomplete_rows
,,,,,,,<na>,,103.75,95.0,8.75,,,2481,financial data present but missing supporting fields,remove_incomplete_rows
,,,,,,,<na>,,147.5,22.67,34.15,,,2485,financial data present but missing supporting fields,remove_incomplete_rows
,,,,,,,<na>,,11.0,6.0,5.0,,,2489,financial data present but missing supporting fields,remove_incomplete_rows
,,,,,,,<na>,,94.5,78.55,15.95,,,2493,financial data present but missing supporting fields,remove_incomplete_rows
,,,,,,,<na>,,20.0,0.35,16.5,,,2497,financial data present but missing supporting fields,remove_incomplete_rows
,,,,,,,<na>,,31.0,11.79,7.42,,,2501,financial data present but missing supporting fields,remove_incomplete_rows
,,,,,,,<na>,,166.5,151.3,15.2,,,2505,financial data present but missing supporting fields,remove_incomplete_rows
,,,,,,,<na>,,903.0,52.64,-149.51,,,2513,financial data present but missing supporting fields,remove_incomplete_rows
,,,,,,,<na>,,196.75,166.5,30.25,,,2518,financial data present but missing supporting fields,remove_incomplete_rows
,,,,,,,<na>,,216.25,196.75,19.5,,,2522,financial data present but missing supporting fields,remove_incomplete_rows
,,,,,,,<na>,,56.82,26.1,4.63,,,2527,financial data present but missing supporting fields,remove_incomplete_rows
,,,,,,,<na>,,40.0,36.07,3.93,,,2531,financial data present but missing supporting fields,remove_incomplete_rows
,,,,,,,<na>,,85.0,71.31,13.69,,,2536,financial data present but missing supporting fields,remove_incomplete_rows
,,,,,,,<na>,,671.25,190.16,100.77,,,2540,financial data present but missing supporting fields,remove_incomplete_rows
,,,,,,,<na>,,34.0,40.42,-6.42,,,2544,financial data present but missing supporting fields,remove_incomplete_rows
,,,,,,,<na>,,32.9,1.75,15.4,,,2548,financial data present but missing supporting fields,remove_incomplete_rows
,,,,,,,<na>,,36.5,29.0,7.5,,,2553,financial data present but missing supporting fields,remove_incomplete_rows
,,,,,,,<na>,,26.25,12.5,13.75,,,2557,financial data present but missing supporting fields,remove_incomplete_rows
,,,,,,,<na>,,25.0,17.5,7.5,,,2561,financial data present but missing supporting fields,remove_incomplete_rows
,,,,,,,<na>,,242.77,163.76,51.01,,,2573,financial data present but missing supporting fields,remove_incomplete_rows
,,,,,,,<na>,,22.25,19.55,2.7,,,2577,financial data present but missing supporting fields,remove_incomplete_rows
,,,,,,,<na>,,40.0,7.13,4.34,,,2581,financial data present but missing supporting fields,remove_incomplete_rows
,,,,,,,<na>,,4.6,0.85,2.9,,,2585,financial data present but missing supporting fields,remove_incomplete_rows
,,,,,,,<na>,,412.5,55.0,82.5,,,2589,financial data present but missing supporting fields,remove_incomplete_rows
,,,,,,,<na>,,80.0,14.0,52.0,,,2593,financial data present but missing supporting fields,remove_incomplete_rows
,,,,,,,<na>,,80.0,3.57,8.6,,,2597,financial data present but missing supporting fields,remove_incomplete_rows
,,,,,,,<na>,,22.0,6.0,10.0,,,2601,financial data present but missing supporting fields,remove_incomplete_rows
,,,,,,,<na>,,13.0,11.7,1.3,,,2605,financial data present but missing supporting fields,remove_incomplete_rows
,,,,,,,<na>,,100.0,27.71,47.64,,,2610,financial data present but missing supporting fields,remove_incomplete_rows
,,,,,,,<na>,,6.0,0.32,5.36,,,2614,financial data present but missing supporting fields,remove_incomplete_rows
,,,,,,,<na>,,450.0,4.83,305.1,,,2618,financial data present but missing supporting fields,remove_incomplete_rows
,,,,,,,<na>,,52.5,4.72,5.33,,,2622,financial data present but missing supporting fields,remove_incomplete_rows
,,,,,,,<na>,,1799.99,1100.0,699.99,,,2626,financial data present but missing supporting fields,remove_incomplete_rows
,,,,,,,<na>,,45.0,7.87,21.39,,,2630,financial data present but missing supporting fields,remove_incomplete_rows
,,,,,,,<na>,,105.0,42.0,21.0,,,2634,financial data present but missing supporting fields,remove_incomplete_rows
,,,,,,,<na>,,46.5,20.87,4.77,,,2638,financial data present but missing supporting fields,remove_incomplete_rows
,,,,,,,<na>,,30.0,16.0,14.0,,,2642,financial data present but missing supporting fields,remove_incomplete_rows
,,,,,,,<na>,,281.25,75.0,56.25,,,2646,financial data present but missing supporting fields,remove_incomplete_rows
,,,,,,,<na>,,75.0,10.0,45.0,,,2650,financial data present but missing supporting fields,remove_incomplete_rows
,,,,,,,<na>,,345.1,144.51,39.37,,,2656,financial data present but missing supporting fields,remove_incomplete_rows
,,,,,,,<na>,,984.7,49.86,157.43,,,2662,financial data present but missing supporting fields,remove_incomplete_rows
,,,,,,,<na>,,313.6,277.69,35.91,,,2667,financial data present but missing supporting fields,remove_incomplete_rows
,,,,,,,<na>,,13.5,3.27,6.96,,,2671,financial data present but missing supporting fields,remove_incomplete_rows
,,,,,,,<na>,,155.0,11.5,97.5,,,2675,financial data present but missing supporting fields,remove_incomplete_rows
,,,,,,,<na>,,92.0,3.67,55.3,,,2679,financial data present but missing supporting fields,remove_incomplete_rows
,,,,,,,<na>,,94.5,28.65,8.55,,,2683,financial data present but missing supporting fields,remove_incomplete_rows
,,,,,,,<na>,,12.0,3.57,1.29,,,2687,financial data present but missing supporting fields,remove_incomplete_rows
,,,,,,,<na>,,104.0,60.0,44.0,,,2691,financial data present but missing supporting fields,remove_incomplete_rows
,,,,,,,<na>,,39.9,36.26,3.64,,,2695,financial data present but missing supporting fields,remove_incomplete_rows
,,,,,,,<na>,,40.0,3.57,4.3,,,2699,financial data present but missing supporting fields,remove_incomplete_rows
,,,,,,,<na>,,204.25,166.38,37.87,,,2703,financial data present but missing supporting fields,remove_incomplete_rows
,,,,,,,<na>,,93.0,20.87,9.54,,,2707,financial data present but missing supporting fields,remove_incomplete_rows
,,,,,,,<na>,,66.0,14.66,7.35,,,2712,financial data present but missing supporting fields,remove_incomplete_rows
,,,,,,,<na>,,32.5,6.77,15.92,,,2717,financial data present but missing supporting fields,remove_incomplete_rows
,,,,,,,<na>,,71.44,11.47,25.57,,,2722,financial data present but missing supporting fields,remove_incomplete_rows
,,,,,,,<na>,,265.02,183.31,53.71,,,2734,financial data present but missing supporting fields,remove_incomplete_rows
,,,,,,,<na>,,47.5,43.1,4.4,,,2738,financial data present but missing supporting fields,remove_incomplete_rows
,,,,,,,<na>,,39.9,36.26,3.64,,,2742,financial data present but missing supporting fields,remove_incomplete_rows
,,,,,,,<na>,,44.0,31.95,12.05,,,2746,financial data present but missing supporting fields,remove_incomplete_rows
,,,,,,,<na>,,13.0,11.7,1.3,,,2750,financial data present but missing supporting fields,remove_incomplete_rows
,,,,,,,<na>,,49.6,11.13,5.09,,,2754,financial data present but missing supporting fields,remove_incomplete_rows
,,,,,,,<na>,,8096.33,6907.88,839.87,,,2762,financial data present but missing supporting fields,remove_incomplete_rows
,,,,,,,<na>,,216.25,196.75,19.5,,,2766,financial data present but missing supporting fields,remove_incomplete_rows
,,,,,,,<na>,,80.5,31.53,17.44,,,2770,financial data present but missing supporting fields,remove_incomplete_rows
,,,,,,,<na>,,10.5,0.6,6.3,,,2774,financial data present but missing supporting fields,remove_incomplete_rows
,,,,,,,<na>,,27.0,24.4,2.6,,,2778,financial data present but missing supporting fields,remove_incomplete_rows
,,,,,,,<na>,,21.75,20.63,1.12,,,2782,financial data present but missing supporting fields,remove_incomplete_rows
,,,,,,,<na>,,18.9,8.55,1.8,,,2786,financial data present but missing supporting fields,remove_incomplete_rows
,,,,,,,<na>,,119.3,107.49,11.81,,,2790,financial data present but missing supporting fields,remove_incomplete_rows
,,,,,,,<na>,,99.25,90.1,9.15,,,2794,financial data present but missing supporting fields,remove_incomplete_rows
,,,,,,,<na>,,230.34,30.48,30.34,,,2799,financial data present but missing supporting fields,remove_incomplete_rows
,,,,,,,<na>,,68.0,59.67,8.33,,,2803,financial data present but missing supporting fields,remove_incomplete_rows
,,,,,,,<na>,,299.18,170.54,34.88,,,2809,financial data present but missing supporting fields,remove_incomplete_rows
,,,,,,,<na>,,105.0,23.87,49.13,,,2814,financial data present but missing supporting fields,remove_incomplete_rows
,,,,,,,<na>,,408.74,74.72,-114.3,,,2819,financial data present but missing supporting fields,remove_incomplete_rows
,,,,,,,<na>,,100.0,2.55,74.5,,,2823,financial data present but missing supporting fields,remove_incomplete_rows
,,,,,,,<na>,,385.0,250.0,135.0,,,2827,financial data present but missing supporting fields,remove_incomplete_rows
,,,,,,,<na>,,11.0,6.0,5.0,,,2831,financial data present but missing supporting fields,remove_incomplete_rows
,,,,,,,<na>,,516.5,83.42,99.99,,,2836,financial data present but missing supporting fields,remove_incomplete_rows
,,,,,,,<na>,,556.5,29.0,150.5,,,2841,financial data present but missing supporting fields,remove_incomplete_rows
,,,,,,,<na>,,5.0,0.96,3.08,,,2845,financial data present but missing supporting fields,remove_incomplete_rows
,,,,,,,<na>,,134.4,24.0,38.4,,,2849,financial data present but missing supporting fields,remove_incomplete_rows
,,,,,,,<na>,,101.5,32.9,30.22,,,2854,financial data present but missing supporting fields,remove_incomplete_rows
,,,,,,,<na>,,297.5,21.0,87.5,,,2858,financial data present but missing supporting fields,remove_incomplete_rows
,,,,,,,<na>,,80.5,31.53,17.44,,,2862,financial data present but missing supporting fields,remove_incomplete_rows
,,,,,,,<na>,,1648.75,96.8,517.87,,,2868,financial data present but missing supporting fields,remove_incomplete_rows
,,,,,,,<na>,,51.75,43.54,8.21,,,2873,financial data present but missing supporting fields,remove_incomplete_rows
,,,,,,,<na>,,45.0,10.0,5.02,,,2877,financial data present but missing supporting fields,remove_incomplete_rows
,,,,,,,<na>,,94.34,26.3,38.34,,,2882,financial data present but missing supporting fields,remove_incomplete_rows
,,,,,,,<na>,,402.84,30.49,228.72,,,2891,financial data present but missing supporting fields,remove_incomplete_rows
,,,,,,,<na>,,40.5,19.24,7.02,,,2896,financial data present but missing supporting fields,remove_incomplete_rows
,,,,,,,<na>,,48.5,40.33,8.17,,,2900,financial data present but missing supporting fields,remove_incomplete_rows
,,,,,,,<na>,,110.0,93.95,16.05,,,2906,financial data present but missing supporting fields,remove_incomplete_rows
,,,,,,,<na>,,75.0,37.0,38.0,,,2910,financial data present but missing supporting fields,remove_incomplete_rows
,,,,,,,<na>,,39.9,36.26,3.64,,,2914,financial data present but missing supporting fields,remove_incomplete_rows
,,,,,,,<na>,,813.84,85.58,-109.0,,,2921,financial data present but missing supporting fields,remove_incomplete_rows
,,,,,,,<na>,,99.0,30.23,8.32,,,2925,financial data present but missing supporting fields,remove_incomplete_rows
,,,,,,,<na>,,53.9,47.54,6.36,,,2929,financial data present but missing supporting fields,remove_incomplete_rows
,,,,,,,<na>,,219.75,210.3,9.45,,,2933,financial data present but missing supporting fields,remove_incomplete_rows
,,,,,,,<na>,,265.02,183.31,53.71,,,2945,financial data present but missing supporting fields,remove_incomplete_rows
,,,,,,,<na>,,29.25,15.0,14.25,,,2949,financial data present but missing supporting fields,remove_incomplete_rows
,,,,,,,<na>,,66.0,50.66,15.35,,,2953,financial data present but missing supporting fields,remove_incomplete_rows
,,,,,,,<na>,,3117.75,240.7,668.87,,,2979,financial data present but missing supporting fields,remove_incomplete_rows
,,,,,,,<na>,,77.5,34.59,8.31,,,2983,financial data present but missing supporting fields,remove_incomplete_rows
,,,,,,,<na>,,95.5,86.55,8.95,,,2987,financial data present but missing supporting fields,remove_incomplete_rows
,,,,,,,<na>,,80.5,31.53,17.44,,,2991,financial data present but missing supporting fields,remove_incomplete_rows
,,,,,,,<na>,,105.0,23.87,49.13,,,2996,financial data present but missing supporting fields,remove_incomplete_rows
,,,,,,,<na>,,13.0,11.7,1.3,,,3000,financial data present but missing supporting fields,remove_incomplete_rows
,,,,,,,<na>,,83.5,35.08,13.35,,,3004,financial data present but missing supporting fields,remove_incomplete_rows
,,,,,,,<na>,,400.5,336.42,64.08,,,3009,financial data present but missing supporting fields,remove_incomplete_rows
,,,,,,,<na>,,108.0,87.96,20.04,,,3013,financial data present but missing supporting fields,remove_incomplete_rows
,,,,,,,<na>,,31.0,11.44,8.85,,,3018,financial data present but missing supporting fields,remove_incomplete_rows
,,,,,,,<na>,,174.0,20.63,-32.34,,,3022,financial data present but missing supporting fields,remove_incomplete_rows
,,,,,,,<na>,,62.0,27.94,6.12,,,3026,financial data present but missing supporting fields,remove_incomplete_rows
,,,,,,,<na>,,136.0,59.67,16.66,,,3030,financial data present but missing supporting fields,remove_incomplete_rows
,,,,,,,<na>,,80.0,1.26,48.5,,,3034,financial data present but missing supporting fields,remove_incomplete_rows
,,,,,,,<na>,,30.0,16.0,14.0,,,3038,financial data present but missing supporting fields,remove_incomplete_rows
,,,,,,,<na>,,191.0,144.51,38.62,,,3045,financial data present but missing supporting fields,remove_incomplete_rows
,,,,,,,<na>,,25.0,0.96,15.4,,,3049,financial data present but missing supporting fields,remove_incomplete_rows
,,,,,,,<na>,,766.5,686.87,79.63,,,3055,financial data present but missing supporting fields,remove_incomplete_rows
,,,,,,,<na>,,115.2,44.0,27.2,,,3059,financial data present but missing supporting fields,remove_incomplete_rows
,,,,,,,<na>,,918.6,798.09,120.51,,,3063,financial data present but missing supporting fields,remove_incomplete_rows
,,,,,,,<na>,,19.25,17.29,1.96,,,3067,financial data present but missing supporting fields,remove_incomplete_rows
,,,,,,,<na>,,27.75,23.04,4.71,,,3071,financial data present but missing supporting fields,remove_incomplete_rows
,,,,,,,<na>,,44.0,31.95,12.05,,,3075,financial data present but missing supporting fields,remove_incomplete_rows
,,,,,,,<na>,,100.5,91.26,9.24,,,3079,financial data present but missing supporting fields,remove_incomplete_rows
,,,,,,,<na>,,139.0,132.11,6.89,,,3083,financial data present but missing supporting fields,remove_incomplete_rows
,,,,,,,<na>,,47.0,12.12,22.55,,,3088,financial data present but missing supporting fields,remove_incomplete_rows
,,,,,,,<na>,,32.5,13.5,19.0,,,3092,financial data present but missing supporting fields,remove_incomplete_rows
,,,,,,,<na>,,16.5,7.15,2.19,,,3096,financial data present but missing supporting fields,remove_incomplete_rows
,,,,,,,<na>,,99.0,85.61,13.39,,,3100,financial data present but missing supporting fields,remove_incomplete_rows
,,,,,,,<na>,,280.5,115.76,129.04,,,3105,financial data present but missing supporting fields,remove_incomplete_rows
,,,,,,,<na>,,138.25,124.36,13.89,,,3109,financial data present but missing supporting fields,remove_incomplete_rows
,,,,,,,<na>,,27.0,11.93,3.15,,,3113,financial data present but missing supporting fields,remove_incomplete_rows
,,,,,,,<na>,,50.5,45.75,4.75,,,3117,financial data present but missing supporting fields,remove_incomplete_rows
,,,,,,,<na>,,216.25,36.0,36.25,,,3121,financial data present but missing supporting fields,remove_incomplete_rows
,,,,,,,<na>,,36.0,16.02,3.96,,,3125,financial data present but missing supporting fields,remove_incomplete_rows
,,,,,,,<na>,,75.0,62.45,12.55,,,3129,financial data present but missing supporting fields,remove_incomplete_rows
,,,,,,,<na>,,33.0,30.23,2.78,,,3133,financial data present but missing supporting fields,remove_incomplete_rows
,,,,,,,<na>,,103.75,95.0,8.75,,,3137,financial data present but missing supporting fields,remove_incomplete_rows
,,,,,,,<na>,,97.5,88.64,8.86,,,3141,financial data present but missing supporting fields,remove_incomplete_rows
,,,,,,,<na>,,451.2,22.79,81.49,,,3147,financial data present but missing supporting fields,remove_incomplete_rows
,,,,,,,<na>,,222.4,23.17,-9.26,,,3151,financial data present but missing supporting fields,remove_incomplete_rows
,,,,,,,<na>,,69.0,53.33,15.67,,,3155,financial data present but missing supporting fields,remove_incomplete_rows
,,,,,,,<na>,,59.75,32.25,19.85,,,3160,financial data present but missing supporting fields,remove_incomplete_rows
,,,,,,,<na>,,110.0,82.25,27.75,,,3166,financial data present but missing supporting fields,remove_incomplete_rows
,,,,,,,<na>,,71.9,43.39,7.11,,,3171,financial data present but missing supporting fields,remove_incomplete_rows
,,,,,,,<na>,,30.0,16.0,14.0,,,3175,financial data present but missing supporting fields,remove_incomplete_rows
,,,,,,,<na>,,62.0,49.02,12.98,,,3179,financial data present but missing supporting fields,remove_incomplete_rows
,,,,,,,<na>,,96.0,28.54,10.39,,,3183,financial data present but missing supporting fields,remove_incomplete_rows
,,,,,,,<na>,,95.0,80.09,14.91,,,3187,financial data present but missing supporting fields,remove_incomplete_rows
,,,,,,,<na>,,4.46,2.26,2.2,,,3191,financial data present but missing supporting fields,remove_incomplete_rows
,,,,,,,<na>,,21.0,1.2,13.8,,,3195,financial data present but missing supporting fields,remove_incomplete_rows
,,,,,,,<na>,,180.0,3.0,120.0,,,3199,financial data present but missing supporting fields,remove_incomplete_rows
,,,,,,,<na>,,11.25,10.0,1.25,,,3203,financial data present but missing supporting fields,remove_incomplete_rows
,,,,,,,<na>,,124.0,34.59,-14.38,,,3207,financial data present but missing supporting fields,remove_incomplete_rows
,,,,,,,<na>,,265.02,183.31,53.71,,,3219,financial data present but missing supporting fields,remove_incomplete_rows
,,,,,,,<na>,,18.4,0.85,9.9,,,3223,financial data present but missing supporting fields,remove_incomplete_rows
,,,,,,,<na>,,420.0,265.43,58.02,,,3229,financial data present but missing supporting fields,remove_incomplete_rows
,,,,,,,<na>,,15.0,0.48,10.2,,,3233,financial data present but missing supporting fields,remove_incomplete_rows
,,,,,,,<na>,,11.0,9.7,1.3,,,3237,financial data present but missing supporting fields,remove_incomplete_rows
,,,,,,,<na>,,80.0,3.57,8.6,,,3241,financial data present but missing supporting fields,remove_incomplete_rows
,,,,,,,<na>,,46.5,38.75,7.75,,,3245,financial data present but missing supporting fields,remove_incomplete_rows
,,,,,,,<na>,,337.0,107.78,46.32,,,3250,financial data present but missing supporting fields,remove_incomplete_rows
,,,,,,,<na>,,147.5,22.67,34.15,,,3254,financial data present but missing supporting fields,remove_incomplete_rows
,,,,,,,<na>,,175.15,27.05,90.05,,,3260,financial data present but missing supporting fields,remove_incomplete_rows
,,,,,,,<na>,,205.3,78.48,24.45,,,3266,financial data present but missing supporting fields,remove_incomplete_rows
,,,,,,,<na>,,172.75,157.01,15.74,,,3270,financial data present but missing supporting fields,remove_incomplete_rows
,,,,,,,<na>,,40.0,3.57,4.3,,,3274,financial data present but missing supporting fields,remove_incomplete_rows
,,,,,,,<na>,,13.0,11.7,1.3,,,3278,financial data present but missing supporting fields,remove_incomplete_rows
,,,,,,,<na>,,6.9,6.16,0.74,,,3282,financial data present but missing supporting fields,remove_incomplete_rows
,,,,,,,<na>,,325.0,296.01,28.99,,,3286,financial data present but missing supporting fields,remove_incomplete_rows
,,,,,,,<na>,,344.0,66.78,43.21,,,3292,financial data present but missing supporting fields,remove_incomplete_rows
,,,,,,,<na>,,227.25,202.57,24.68,,,3297,financial data present but missing supporting fields,remove_incomplete_rows
,,,,,,,<na>,,93.75,28.0,9.76,,,3302,financial data present but missing supporting fields,remove_incomplete_rows
,,,,,,,<na>,,216.75,6.0,146.75,,,3307,financial data present but missing supporting fields,remove_incomplete_rows
,,,,,,,<na>,,385.05,23.0,40.05,,,3311,financial data present but missing supporting fields,remove_incomplete_rows
,,,,,,,<na>,,11.0,6.0,5.0,,,3315,financial data present but missing supporting fields,remove_incomplete_rows
,,,,,,,<na>,,475.0,19.48,85.4,,,3319,financial data present but missing supporting fields,remove_incomplete_rows
,,,,,,,<na>,,216.0,75.02,65.96,,,3323,financial data present but missing supporting fields,remove_incomplete_rows
,,,,,,,<na>,,1035.0,84.95,185.5,,,3328,financial data present but missing supporting fields,remove_incomplete_rows
,,,,,,,<na>,,340.0,59.67,41.65,,,3332,financial data present but missing supporting fields,remove_incomplete_rows
,,,,,,,<na>,,103.55,80.21,23.34,,,3339,financial data present but missing supporting fields,remove_incomplete_rows
,,,,,,,<na>,,138.0,68.71,69.29,,,3344,financial data present but missing supporting fields,remove_incomplete_rows
,,,,,,,<na>,,224.0,189.95,34.05,,,3348,financial data present but missing supporting fields,remove_incomplete_rows
,,,,,,,<na>,,42.75,30.99,11.76,,,3353,financial data present but missing supporting fields,remove_incomplete_rows
,,,,,,,<na>,,18.0,10.71,7.29,,,3357,financial data present but missing supporting fields,remove_incomplete_rows
,,,,,,,<na>,,428.16,56.87,-26.76,,,3361,financial data present but missing supporting fields,remove_incomplete_rows
,,,,,,,<na>,,1050.0,27.27,231.92,,,3365,financial data present but missing supporting fields,remove_incomplete_rows
,,,,,,,<na>,,562.5,75.0,112.5,,,3369,financial data present but missing supporting fields,remove_incomplete_rows
,,,,,,,<na>,,170.0,11.16,58.39,,,3373,financial data present but missing supporting fields,remove_incomplete_rows
,,,,,,,<na>,,107.2,2.35,60.2,,,3377,financial data present but missing supporting fields,remove_incomplete_rows
,,,,,,,<na>,,139.0,132.11,6.89,,,3381,financial data present but missing supporting fields,remove_incomplete_rows
,,,,,,,<na>,,291.0,58.0,1.0,,,3386,financial data present but missing supporting fields,remove_incomplete_rows
,,,,,,,<na>,,29.0,25.58,3.42,,,3390,financial data present but missing supporting fields,remove_incomplete_rows
,,,,,,,<na>,,385.0,250.0,135.0,,,3394,financial data present but missing supporting fields,remove_incomplete_rows
,,,,,,,<na>,,108.75,20.32,7.13,,,3398,financial data present but missing supporting fields,remove_incomplete_rows
,,,,,,,<na>,,52.9,46.01,6.89,,,3402,financial data present but missing supporting fields,remove_incomplete_rows
,,,,,,,<na>,,11.0,9.7,1.3,,,3406,financial data present but missing supporting fields,remove_incomplete_rows
,,,,,,,<na>,,388.92,31.08,-77.28,,,3412,financial data present but missing supporting fields,remove_incomplete_rows
,,,,,,,<na>,,180.2,11.35,38.5,,,3420,financial data present but missing supporting fields,remove_incomplete_rows
,,,,,,,<na>,,80.0,46.82,9.62,,,3427,financial data present but missing supporting fields,remove_incomplete_rows
,,,,,,,<na>,,143.4,22.1,79.9,,,3434,financial data present but missing supporting fields,remove_incomplete_rows
,,,,,,,<na>,,23.0,0.85,14.5,,,3438,financial data present but missing supporting fields,remove_incomplete_rows
,,,,,,,<na>,,810.0,134.11,139.45,,,3444,financial data present but missing supporting fields,remove_incomplete_rows
,,,,,,,<na>,,65.0,55.58,9.43,,,3448,financial data present but missing supporting fields,remove_incomplete_rows
,,,,,,,<na>,,108.5,90.15,18.35,,,3452,financial data present but missing supporting fields,remove_incomplete_rows
,,,,,,,<na>,,60.0,7.67,21.65,,,3456,financial data present but missing supporting fields,remove_incomplete_rows
,,,,,,,<na>,,201.5,31.9,10.13,,,3462,financial data present but missing supporting fields,remove_incomplete_rows
,,,,,,,<na>,,20.25,6.0,2.24,,,3466,financial data present but missing supporting fields,remove_incomplete_rows
,,,,,,,<na>,,22.08,3.83,6.76,,,3471,financial data present but missing supporting fields,remove_incomplete_rows
,,,,,,,<na>,,265.02,183.31,53.71,,,3483,financial data present but missing supporting fields,remove_incomplete_rows
,,,,,,,<na>,,215.25,162.26,37.39,,,3491,financial data present but missing supporting fields,remove_incomplete_rows
,,,,,,,<na>,,11.25,10.0,1.25,,,3495,financial data present but missing supporting fields,remove_incomplete_rows
,,,,,,,<na>,,13.0,11.7,1.3,,,3499,financial data present but missing supporting fields,remove_incomplete_rows
,,,,,,,<na>,,31.5,1.37,19.17,,,3503,financial data present but missing supporting fields,remove_incomplete_rows
,,,,,,,<na>,,198.5,87.4,111.1,,,3508,financial data present but missing supporting fields,remove_incomplete_rows
,,,,,,,<na>,,40.0,14.0,26.0,,,3512,financial data present but missing supporting fields,remove_incomplete_rows
,,,,,,,<na>,,175.0,1.31,118.67,,,3517,financial data present but missing supporting fields,remove_incomplete_rows
,,,,,,,<na>,,80.0,3.57,8.6,,,3521,financial data present but missing supporting fields,remove_incomplete_rows
,,,,,,,<na>,,715.0,64.31,71.9,,,3526,financial data present but missing supporting fields,remove_incomplete_rows
,,,,,,,<na>,,261.5,64.57,36.11,,,3531,financial data present but missing supporting fields,remove_incomplete_rows
,,,,,,,<na>,,450.0,9.33,310.05,,,3535,financial data present but missing supporting fields,remove_incomplete_rows
,,,,,,,<na>,,58.0,47.55,-3.81,,,3540,financial data present but missing supporting fields,remove_incomplete_rows
,,,,,,,<na>,,329.5,38.98,33.3,,,3545,financial data present but missing supporting fields,remove_incomplete_rows
,,,,,,,<na>,,57.5,10.38,5.61,,,3549,financial data present but missing supporting fields,remove_incomplete_rows
,,,,,,,<na>,,1265.95,611.22,126.98,,,3559,financial data present but missing supporting fields,remove_incomplete_rows
,,,,,,,<na>,,15.0,0.42,12.88,,,3563,financial data present but missing supporting fields,remove_incomplete_rows
,,,,,,,<na>,,266.27,184.31,53.96,,,3575,financial data present but missing supporting fields,remove_incomplete_rows
,,,,,,,<na>,,124.0,34.59,-14.38,,,3579,financial data present but missing supporting fields,remove_incomplete_rows
,,,,,,,<na>,,145.0,4.69,91.38,,,3584,financial data present but missing supporting fields,remove_incomplete_rows
,,,,,,,<na>,,30.0,16.0,14.0,,,3588,financial data present but missing supporting fields,remove_incomplete_rows
,,,,,,,<na>,,55.55,4.46,32.61,,,3593,financial data present but missing supporting fields,remove_incomplete_rows
,,,,,,,<na>,,60.5,25.32,9.86,,,3597,financial data present but missing supporting fields,remove_incomplete_rows
,,,,,,,<na>,,896.04,141.71,-63.4,,,3605,financial data present but missing supporting fields,remove_incomplete_rows
,,,,,,,<na>,,113.5,19.13,15.81,,,3610,financial data present but missing supporting fields,remove_incomplete_rows
,,,,,,,<na>,,27.75,23.04,4.71,,,3614,financial data present but missing supporting fields,remove_incomplete_rows
,,,,,,,<na>,,2010.67,1924.08,86.59,,,3619,financial data present but missing supporting fields,remove_incomplete_rows
,,,,,,,<na>,,4.0,0.94,2.12,,,3623,financial data present but missing supporting fields,remove_incomplete_rows
,,,,,,,<na>,,613.5,38.98,184.75,,,3628,financial data present but missing supporting fields,remove_incomplete_rows
,,,,,,,<na>,,428.3,385.77,42.53,,,3632,financial data present but missing supporting fields,remove_incomplete_rows
,,,,,,,<na>,,3.4,0.69,2.02,,,3636,financial data present but missing supporting fields,remove_incomplete_rows
,,,,,,,<na>,,303.52,17.0,-36.48,,,3644,financial data present but missing supporting fields,remove_incomplete_rows
,,,,,,,<na>,,77.41,55.71,17.71,,,3654,financial data present but missing supporting fields,remove_incomplete_rows
,,,,,,,<na>,,26.0,15.78,3.09,,,3659,financial data present but missing supporting fields,remove_incomplete_rows
,,,,,,,<na>,,79.8,36.26,7.28,,,3663,financial data present but missing supporting fields,remove_incomplete_rows
,,,,,,,<na>,,69.75,62.25,7.5,,,3669,financial data present but missing supporting fields,remove_incomplete_rows
,,,,,,,<na>,,49.6,11.13,5.09,,,3673,financial data present but missing supporting fields,remove_incomplete_rows
,,,,,,,<na>,,98.25,33.4,16.14,,,3679,financial data present but missing supporting fields,remove_incomplete_rows
,,,,,,,<na>,,13.0,11.7,1.3,,,3683,financial data present but missing supporting fields,remove_incomplete_rows
,,,,,,,<na>,,92.93,77.44,15.49,,,3687,financial data present but missing supporting fields,remove_incomplete_rows
,,,,,,,<na>,,99.0,30.23,8.32,,,3691,financial data present but missing supporting fields,remove_incomplete_rows
,,,,,,,<na>,,40.0,0.85,23.0,,,3695,financial data present but missing supporting fields,remove_incomplete_rows
,,,,,,,<na>,,53.75,46.12,7.63,,,3700,financial data present but missing supporting fields,remove_incomplete_rows
,,,,,,,<na>,,18.0,10.71,7.29,,,3704,financial data present but missing supporting fields,remove_incomplete_rows
,,,,,,,<na>,,50.5,45.75,4.75,,,3708,financial data present but missing supporting fields,remove_incomplete_rows
,,,,,,,<na>,,624.75,21.0,183.75,,,3712,financial data present but missing supporting fields,remove_incomplete_rows
,,,,,,,<na>,,3800.0,3500.0,300.0,,,3716,financial data present but missing supporting fields,remove_incomplete_rows
,,,,,,,<na>,,380.0,170.0,210.0,,,3720,financial data present but missing supporting fields,remove_incomplete_rows
,,,,,,,<na>,,15.0,7.87,7.13,,,3724,financial data present but missing supporting fields,remove_incomplete_rows
,,,,,,,<na>,,128.5,38.65,56.18,,,3730,financial data present but missing supporting fields,remove_incomplete_rows
,,,,,,,<na>,,309.82,286.28,23.54,,,3734,financial data present but missing supporting fields,remove_incomplete_rows
,,,,,,,<na>,,66.0,32.82,29.36,,,3739,financial data present but missing supporting fields,remove_incomplete_rows
,,,,,,,<na>,,3800.0,3500.0,300.0,,,3743,financial data present but missing supporting fields,remove_incomplete_rows
,,,,,,,<na>,,40.5,36.0,4.5,,,3747,financial data present but missing supporting fields,remove_incomplete_rows
,,,,,,,<na>,,352.0,220.0,132.0,,,3751,financial data present but missing supporting fields,remove_incomplete_rows
,,,,,,,<na>,,1004.75,86.67,169.72,,,3756,financial data present but missing supporting fields,remove_incomplete_rows
,,,,,,,<na>,,17.5,15.6,1.9,,,3760,financial data present but missing supporting fields,remove_incomplete_rows
,,,,,,,<na>,,146.8,122.84,23.96,,,3765,financial data present but missing supporting fields,remove_incomplete_rows
,,,,,,,<na>,,99.6,82.68,16.92,,,3769,financial data present but missing supporting fields,remove_incomplete_rows
,,,,,,,<na>,,50.0,0.0,50.0,,,3773,financial data present but missing supporting fields,remove_incomplete_rows
,,,,,,,<na>,,181.5,25.32,29.57,,,3777,financial data present but missing supporting fields,remove_incomplete_rows
,,,,,,,<na>,,15.0,7.87,7.13,,,3781,financial data present but missing supporting fields,remove_incomplete_rows
,,,,,,,<na>,,1106.0,39.63,-81.7,,,3786,financial data present but missing supporting fields,remove_incomplete_rows
,,,,,,,<na>,,194.25,180.01,14.24,,,3791,financial data present but missing supporting fields,remove_incomplete_rows
,,,,,,,<na>,,200.0,80.0,120.0,,,3795,financial data present but missing supporting fields,remove_incomplete_rows
,,,,,,,<na>,,192.5,58.94,29.36,,,3801,financial data present but missing supporting fields,remove_incomplete_rows
,,,,,,,<na>,,53.9,47.54,6.36,,,3805,financial data present but missing supporting fields,remove_incomplete_rows
,,,,,,,<na>,,26.0,2.45,16.2,,,3809,financial data present but missing supporting fields,remove_incomplete_rows
,,,,,,,<na>,,95.0,17.02,9.88,,,3814,financial data present but missing supporting fields,remove_incomplete_rows
,,,,,,,<na>,,200.25,83.27,110.44,,,3819,financial data present but missing supporting fields,remove_incomplete_rows
,,,,,,,<na>,,457.0,213.27,63.73,,,3824,financial data present but missing supporting fields,remove_incomplete_rows
,,,,,,,<na>,,177.0,145.15,31.85,,,3832,financial data present but missing supporting fields,remove_incomplete_rows
,,,,,,,<na>,,36.75,30.77,5.98,,,3836,financial data present but missing supporting fields,remove_incomplete_rows
,,,,,,,<na>,,92.5,84.04,8.46,,,3840,financial data present but missing supporting fields,remove_incomplete_rows
,,,,,,,<na>,,37.74,32.86,4.88,,,3845,financial data present but missing supporting fields,remove_incomplete_rows
,,,,,,,<na>,,81.0,16.87,13.52,,,3849,financial data present but missing supporting fields,remove_incomplete_rows
,,,,,,,<na>,,100.8,14.0,16.8,,,3853,financial data present but missing supporting fields,remove_incomplete_rows
,,,,,,,<na>,,385.0,250.0,135.0,,,3857,financial data present but missing supporting fields,remove_incomplete_rows
,,,,,,,<na>,,137.5,11.82,19.33,,,3862,financial data present but missing supporting fields,remove_incomplete_rows
,,,,,,,<na>,,292.76,253.61,39.15,,,3867,financial data present but missing supporting fields,remove_incomplete_rows
,,,,,,,<na>,,119.3,107.49,11.81,,,3871,financial data present but missing supporting fields,remove_incomplete_rows
,,,,,,,<na>,,39.5,21.6,11.9,,,3876,financial data present but missing supporting fields,remove_incomplete_rows
,,,,,,,<na>,,21.0,4.72,2.13,,,3880,financial data present but missing supporting fields,remove_incomplete_rows
,,,,,,,<na>,,75.0,37.0,38.0,,,3884,financial data present but missing supporting fields,remove_incomplete_rows
,,,,,,,<na>,,530.0,23.89,52.3,,,3888,financial data present but missing supporting fields,remove_incomplete_rows
,,,,,,,<na>,,79.5,64.09,15.41,,,3893,financial data present but missing supporting fields,remove_incomplete_rows
,,,,,,,<na>,,1437.5,24.67,204.0,,,3897,financial data present but missing supporting fields,remove_incomplete_rows
,,,,,,,<na>,,30.0,0.42,25.76,,,3901,financial data present but missing supporting fields,remove_incomplete_rows
,,,,,,,<na>,,244.02,164.76,51.26,,,3913,financial data present but missing supporting fields,remove_incomplete_rows
,,,,,,,<na>,,44.0,31.95,12.05,,,3917,financial data present but missing supporting fields,remove_incomplete_rows
,,,,,,,<na>,,538.72,20.9,81.72,,,3922,financial data present but missing supporting fields,remove_incomplete_rows
,,,,,,,<na>,,182.25,109.97,31.63,,,3927,financial data present but missing supporting fields,remove_incomplete_rows
,,,,,,,<na>,,6.75,3.27,3.48,,,3931,financial data present but missing supporting fields,remove_incomplete_rows
,,,,,,,<na>,,18.0,10.71,7.29,,,3935,financial data present but missing supporting fields,remove_incomplete_rows
,,,,,,,<na>,,13.0,11.7,1.3,,,3939,financial data present but missing supporting fields,remove_incomplete_rows
,,,,,,,<na>,,167.1,28.0,27.1,,,3945,financial data present but missing supporting fields,remove_incomplete_rows
,,,,,,,<na>,,67.0,60.6,6.4,,,3949,financial data present but missing supporting fields,remove_incomplete_rows
,,,,,,,<na>,,60.5,25.32,9.86,,,3953,financial data present but missing supporting fields,remove_incomplete_rows
,,,,,,,<na>,,263.5,70.27,38.2,,,3959,financial data present but missing supporting fields,remove_incomplete_rows
,,,,,,,<na>,,60.0,16.0,28.0,,,3963,financial data present but missing supporting fields,remove_incomplete_rows
,,,,,,,<na>,,94.5,78.55,15.95,,,3967,financial data present but missing supporting fields,remove_incomplete_rows
,,,,,,,<na>,,195.5,177.58,17.92,,,3971,financial data present but missing supporting fields,remove_incomplete_rows
,,,,,,,<na>,,60.0,51.17,8.83,,,3976,financial data present but missing supporting fields,remove_incomplete_rows
,,,,,,,<na>,,66.0,50.66,15.35,,,3980,financial data present but missing supporting fields,remove_incomplete_rows
,,,,,,,<na>,,99.0,30.23,8.32,,,3984,financial data present but missing supporting fields,remove_incomplete_rows
,,,,,,,<na>,,11.0,9.7,1.3,,,3988,financial data present but missing supporting fields,remove_incomplete_rows
,,,,,,,<na>,,1251.6,30.07,349.45,,,3994,financial data present but missing supporting fields,remove_incomplete_rows
,,,,,,,<na>,,60.0,0.89,48.84,,,3999,financial data present but missing supporting fields,remove_incomplete_rows
,,,,,,,<na>,,287.5,25.86,28.9,,,4003,financial data present but missing supporting fields,remove_incomplete_rows
,,,,,,,<na>,,66.0,14.15,9.41,,,4007,financial data present but missing supporting fields,remove_incomplete_rows
,,,,,,,<na>,,406.68,71.94,69.75,,,4013,financial data present but missing supporting fields,remove_incomplete_rows
,,,,,,,<na>,,40.0,3.57,4.3,,,4017,financial data present but missing supporting fields,remove_incomplete_rows
,,,,,,,<na>,,119.0,4.75,71.5,,,4021,financial data present but missing supporting fields,remove_incomplete_rows
,,,,,,,<na>,,248.5,163.99,27.15,,,4027,financial data present but missing supporting fields,remove_incomplete_rows
,,,,,,,<na>,,42.75,35.52,7.23,,,4031,financial data present but missing supporting fields,remove_incomplete_rows
,,,,,,,<na>,,108.0,75.02,32.98,,,4035,financial data present but missing supporting fields,remove_incomplete_rows
,,,,,,,<na>,,34.75,30.38,4.37,,,4039,financial data present but missing supporting fields,remove_incomplete_rows
,,,,,,,<na>,,475.88,118.7,-38.12,,,4046,financial data present but missing supporting fields,remove_incomplete_rows
,,,,,,,<na>,,236.0,26.61,29.48,,,4052,financial data present but missing supporting fields,remove_incomplete_rows
,,,,,,,<na>,,56.5,6.62,18.6,,,4057,financial data present but missing supporting fields,remove_incomplete_rows
,,,,,,,<na>,,35.5,32.14,3.36,,,4061,financial data present but missing supporting fields,remove_incomplete_rows
,,,,,,,<na>,,30.25,25.32,4.93,,,4065,financial data present but missing supporting fields,remove_incomplete_rows
,,,,,,,<na>,,66.0,30.23,5.55,,,4069,financial data present but missing supporting fields,remove_incomplete_rows
,,,,,,,<na>,,80.1,5.64,48.06,,,4074,financial data present but missing supporting fields,remove_incomplete_rows
,,,,,,,<na>,,99.0,30.23,8.32,,,4078,financial data present but missing supporting fields,remove_incomplete_rows
,,,,,,,<na>,,48.0,40.5,7.5,,,4082,financial data present but missing supporting fields,remove_incomplete_rows
,,,,,,,<na>,,170.5,104.0,66.5,,,4087,financial data present but missing supporting fields,remove_incomplete_rows
,,,,,,,<na>,,19.0,7.55,3.9,,,4091,financial data present but missing supporting fields,remove_incomplete_rows
,,,,,,,<na>,,23.0,0.85,14.5,,,4095,financial data present but missing supporting fields,remove_incomplete_rows
,,,,,,,<na>,,120.0,58.0,62.0,,,4099,financial data present but missing supporting fields,remove_incomplete_rows
,,,,,,,<na>,,17.5,1.37,10.65,,,4103,financial data present but missing supporting fields,remove_incomplete_rows
,,,,,,,<na>,,95.0,79.35,15.65,,,4108,financial data present but missing supporting fields,remove_incomplete_rows
,,,,,,,<na>,,124.0,34.59,-14.38,,,4112,financial data present but missing supporting fields,remove_incomplete_rows
,,,,,,,<na>,,683.0,63.27,120.09,,,4117,financial data present but missing supporting fields,remove_incomplete_rows
,,,,,,,<na>,,80.5,67.84,12.66,,,4123,financial data present but missing supporting fields,remove_incomplete_rows
,,,,,,,<na>,,60.0,7.67,21.65,,,4127,financial data present but missing supporting fields,remove_incomplete_rows
,,,,,,,<na>,,85.0,56.22,-0.31,,,4132,financial data present but missing supporting fields,remove_incomplete_rows
,,,,,,,<na>,,402.5,31.53,87.2,,,4136,financial data present but missing supporting fields,remove_incomplete_rows
,,,,,,,<na>,,244.02,164.76,51.26,,,4148,financial data present but missing supporting fields,remove_incomplete_rows
,,,,,,,<na>,,199.0,145.64,53.36,,,4152,financial data present but missing supporting fields,remove_incomplete_rows
,,,,,,,<na>,,61.2,27.52,6.16,,,4156,financial data present but missing supporting fields,remove_incomplete_rows
,,,,,,,<na>,,56.0,42.6,13.4,,,4160,financial data present but missing supporting fields,remove_incomplete_rows
,,,,,,,<na>,,60.0,16.0,28.0,,,4164,financial data present but missing supporting fields,remove_incomplete_rows
,,,,,,,<na>,,236.0,22.67,54.64,,,4168,financial data present but missing supporting fields,remove_incomplete_rows
,,,,,,,<na>,,650.75,268.53,30.33,,,4175,financial data present but missing supporting fields,remove_incomplete_rows
,,,,,,,<na>,,60.0,16.0,28.0,,,4179,financial data present but missing supporting fields,remove_incomplete_rows
,,,,,,,<na>,,75.0,37.0,38.0,,,4183,financial data present but missing supporting fields,remove_incomplete_rows
,,,,,,,<na>,,31.0,26.86,4.14,,,4187,financial data present but missing supporting fields,remove_incomplete_rows
,,,,,,,<na>,,153.0,121.26,16.14,,,4192,financial data present but missing supporting fields,remove_incomplete_rows
,,,,,,,<na>,,173.0,150.48,22.52,,,4196,financial data present but missing supporting fields,remove_incomplete_rows
,,,,,,,<na>,,13.0,11.7,1.3,,,4200,financial data present but missing supporting fields,remove_incomplete_rows
,,,,,,,<na>,,34.0,15.35,3.3,,,4204,financial data present but missing supporting fields,remove_incomplete_rows
,,,,,,,<na>,,33.0,9.89,3.33,,,4208,financial data present but missing supporting fields,remove_incomplete_rows
,,,,,,,<na>,,21.0,4.72,2.13,,,4212,financial data present but missing supporting fields,remove_incomplete_rows
,,,,,,,<na>,,65.0,56.79,8.21,,,4216,financial data present but missing supporting fields,remove_incomplete_rows
,,,,,,,<na>,,25.0,17.5,7.5,,,4220,financial data present but missing supporting fields,remove_incomplete_rows
,,,,,,,<na>,,52.75,47.75,5.0,,,4224,financial data present but missing supporting fields,remove_incomplete_rows
,,,,,,,<na>,,40.0,14.0,26.0,,,4228,financial data present but missing supporting fields,remove_incomplete_rows
,,,,,,,<na>,,40.0,3.57,4.3,,,4232,financial data present but missing supporting fields,remove_incomplete_rows
,,,,,,,<na>,,21.0,9.43,2.14,,,4236,financial data present but missing supporting fields,remove_incomplete_rows
,,,,,,,<na>,,770.0,250.0,270.0,,,4240,financial data present but missing supporting fields,remove_incomplete_rows
,,,,,,,<na>,,16.5,1.47,12.08,,,4244,financial data present but missing supporting fields,remove_incomplete_rows
,,,,,,,<na>,,20.74,18.76,1.98,,,4248,financial data present but missing supporting fields,remove_incomplete_rows
,,,,,,,<na>,,947.5,76.39,183.6,,,4253,financial data present but missing supporting fields,remove_incomplete_rows
,,,,,,,<na>,,627.45,335.27,148.18,,,4259,financial data present but missing supporting fields,remove_incomplete_rows
,,,,,,,<na>,,17.5,15.6,1.9,,,4263,financial data present but missing supporting fields,remove_incomplete_rows
,,,,,,,<na>,,63.75,62.25,1.5,,,4267,financial data present but missing supporting fields,remove_incomplete_rows
,,,,,,,<na>,,350.0,220.0,130.0,,,4271,financial data present but missing supporting fields,remove_incomplete_rows
,,,,,,,<na>,,2320.42,130.88,587.01,,,4277,financial data present but missing supporting fields,remove_incomplete_rows
,,,,,,,<na>,,84.6,53.48,8.72,,,4282,financial data present but missing supporting fields,remove_incomplete_rows
,,,,,,,<na>,,140.25,120.0,20.25,,,4290,financial data present but missing supporting fields,remove_incomplete_rows
,,,,,,,<na>,,18.0,10.71,7.29,,,4294,financial data present but missing supporting fields,remove_incomplete_rows
,,,,,,,<na>,,51.0,46.0,5.0,,,4298,financial data present but missing supporting fields,remove_incomplete_rows
,,,,,,,<na>,,53.76,3.2,28.16,,,4302,financial data present but missing supporting fields,remove_incomplete_rows
,,,,,,,<na>,,336.41,302.8,33.62,,,4307,financial data present but missing supporting fields,remove_incomplete_rows
,,,,,,,<na>,,27.8,23.17,4.63,,,4311,financial data present but missing supporting fields,remove_incomplete_rows
,,,,,,,<na>,,364.6,54.41,75.87,,,4319,financial data present but missing supporting fields,remove_incomplete_rows
,,,,,,,<na>,,145.0,12.84,16.6,,,4323,financial data present but missing supporting fields,remove_incomplete_rows
,,,,,,,<na>,,46.5,20.87,4.77,,,4327,financial data present but missing supporting fields,remove_incomplete_rows
,,,,,,,<na>,,143.52,6.24,81.17,,,4334,financial data present but missing supporting fields,remove_incomplete_rows
,,,,,,,<na>,,162.5,12.26,39.9,,,4338,financial data present but missing supporting fields,remove_incomplete_rows
,,,,,,,<na>,,63.0,6.87,35.52,,,4343,financial data present but missing supporting fields,remove_incomplete_rows
,,,,,,,<na>,,76.12,18.26,32.57,,,4350,financial data present but missing supporting fields,remove_incomplete_rows
,,,,,,,<na>,,103.5,89.96,13.54,,,4354,financial data present but missing supporting fields,remove_incomplete_rows
,,,,,,,<na>,,389.0,12.08,76.31,,,4359,financial data present but missing supporting fields,remove_incomplete_rows
,,,,,,,<na>,,23.0,0.85,14.5,,,4363,financial data present but missing supporting fields,remove_incomplete_rows
,,,,,,,<na>,,439.5,66.28,41.81,,,4367,financial data present but missing supporting fields,remove_incomplete_rows
,,,,,,,<na>,,81.75,74.72,7.03,,,4371,financial data present but missing supporting fields,remove_incomplete_rows
,,,,,,,<na>,,108.0,75.02,32.98,,,4375,financial data present but missing supporting fields,remove_incomplete_rows
,,,,,,,<na>,,244.02,164.76,51.26,,,4387,financial data present but missing supporting fields,remove_incomplete_rows
,,,,,,,<na>,,29.75,24.4,5.35,,,4391,financial data present but missing supporting fields,remove_incomplete_rows
,,,,,,,<na>,,75.0,23.87,35.13,,,4396,financial data present but missing supporting fields,remove_incomplete_rows
,,,,,,,<na>,,30.0,16.0,14.0,,,4400,financial data present but missing supporting fields,remove_incomplete_rows
,,,,,,,<na>,,2.5,1.29,1.21,,,4404,financial data present but missing supporting fields,remove_incomplete_rows
,,,,,,,<na>,,221.75,98.4,36.68,,,4410,financial data present but missing supporting fields,remove_incomplete_rows
,,,,,,,<na>,,83.5,58.74,10.52,,,4415,financial data present but missing supporting fields,remove_incomplete_rows
,,,,,,,<na>,,36.75,31.4,5.35,,,4419,financial data present but missing supporting fields,remove_incomplete_rows
,,,,,,,<na>,,15.0,7.87,7.13,,,4423,financial data present but missing supporting fields,remove_incomplete_rows
,,,,,,,<na>,,760.25,714.09,46.16,,,4431,financial data present but missing supporting fields,remove_incomplete_rows
,,,,,,,<na>,,95.26,7.8,9.5,,,4435,financial data present but missing supporting fields,remove_incomplete_rows
,,,,,,,<na>,,381.5,154.88,26.94,,,4441,financial data present but missing supporting fields,remove_incomplete_rows
,,,,,,,<na>,,13.0,11.7,1.3,,,4449,financial data present but missing supporting fields,remove_incomplete_rows
,,,,,,,<na>,,29.0,22.1,6.9,,,4453,financial data present but missing supporting fields,remove_incomplete_rows
,,,,,,,<na>,,320.25,182.01,138.24,,,4458,financial data present but missing supporting fields,remove_incomplete_rows
,,,,,,,<na>,,156.0,46.37,16.89,,,4462,financial data present but missing supporting fields,remove_incomplete_rows
,,,,,,,<na>,,51.45,37.86,13.59,,,4467,financial data present but missing supporting fields,remove_incomplete_rows
,,,,,,,<na>,,57.0,40.4,16.6,,,4472,financial data present but missing supporting fields,remove_incomplete_rows
,,,,,,,<na>,,1420.85,473.76,163.09,,,4478,financial data present but missing supporting fields,remove_incomplete_rows
,,,,,,,<na>,,100.75,89.86,10.89,,,4482,financial data present but missing supporting fields,remove_incomplete_rows
,,,,,,,<na>,,42.0,9.43,4.28,,,4486,financial data present but missing supporting fields,remove_incomplete_rows
,,,,,,,<na>,,958.0,984.7,-26.7,,,4490,financial data present but missing supporting fields,remove_incomplete_rows
,,,,,,,<na>,,31.75,24.99,6.76,,,4494,financial data present but missing supporting fields,remove_incomplete_rows
,,,,,,,<na>,,75.0,6.38,11.2,,,4498,financial data present but missing supporting fields,remove_incomplete_rows
,,,,,,,<na>,,172.5,14.23,30.2,,,4502,financial data present but missing supporting fields,remove_incomplete_rows
,,,,,,,<na>,,279.0,25.05,28.5,,,4506,financial data present but missing supporting fields,remove_incomplete_rows
,,,,,,,<na>,,119.5,87.45,32.05,,,4510,financial data present but missing supporting fields,remove_incomplete_rows
,,,,,,,<na>,,225.0,14.5,152.5,,,4515,financial data present but missing supporting fields,remove_incomplete_rows
,,,,,,,<na>,,382.5,10.47,68.4,,,4519,financial data present but missing supporting fields,remove_incomplete_rows
,,,,,,,<na>,,237.75,70.8,25.36,,,4523,financial data present but missing supporting fields,remove_incomplete_rows
,,,,,,,<na>,,306.0,10.47,-8.1,,,4532,financial data present but missing supporting fields,remove_incomplete_rows
,,,,,,,<na>,,334.8,10.0,34.8,,,4536,financial data present but missing supporting fields,remove_incomplete_rows
,,,,,,,<na>,,1031.25,55.0,206.25,,,4540,financial data present but missing supporting fields,remove_incomplete_rows
,,,,,,,<na>,,283.0,12.23,160.7,,,4545,financial data present but missing supporting fields,remove_incomplete_rows
,,,,,,,<na>,,116.0,105.12,10.88,,,4549,financial data present but missing supporting fields,remove_incomplete_rows
,,,,,,,<na>,,12.0,4.0,8.0,,,4553,financial data present but missing supporting fields,remove_incomplete_rows
,,,,,,,<na>,,339.0,28.53,53.67,,,4557,financial data present but missing supporting fields,remove_incomplete_rows
,,,,,,,<na>,,223.3,201.55,21.75,,,4562,financial data present but missing supporting fields,remove_incomplete_rows
,,,,,,,<na>,,152.0,82.18,18.88,,,4568,financial data present but missing supporting fields,remove_incomplete_rows
,,,,,,,<na>,,108.0,24.52,9.92,,,4572,financial data present but missing supporting fields,remove_incomplete_rows
,,,,,,,<na>,,88.9,58.04,11.99,,,4579,financial data present but missing supporting fields,remove_incomplete_rows
,,,,,,,<na>,,147.8,118.58,29.22,,,4583,financial data present but missing supporting fields,remove_incomplete_rows
,,,,,,,<na>,,219.75,66.28,20.9,,,4587,financial data present but missing supporting fields,remove_incomplete_rows
,,,,,,,<na>,,104.6,0.82,88.22,,,4592,financial data present but missing supporting fields,remove_incomplete_rows
,,,,,,,<na>,,21.0,4.72,2.13,,,4596,financial data present but missing supporting fields,remove_incomplete_rows
,,,,,,,<na>,,39.84,17.94,3.96,,,4600,financial data present but missing supporting fields,remove_incomplete_rows
,,,,,,,<na>,,10.6,4.72,1.17,,,4604,financial data present but missing supporting fields,remove_incomplete_rows
,,,,,,,<na>,,154.0,139.8,14.2,,,4608,financial data present but missing supporting fields,remove_incomplete_rows
,,,,,,,<na>,,124.0,34.59,-14.38,,,4612,financial data present but missing supporting fields,remove_incomplete_rows
,,,,,,,<na>,,121.0,103.84,17.16,,,4618,financial data present but missing supporting fields,remove_incomplete_rows
,,,,,,,<na>,,28.0,3.57,3.01,,,4622,financial data present but missing supporting fields,remove_incomplete_rows
,,,,,,,<na>,,37.6,4.22,-4.61,,,4626,financial data present but missing supporting fields,remove_incomplete_rows
,,,,,,,<na>,,17.25,15.65,1.6,,,4630,financial data present but missing supporting fields,remove_incomplete_rows
,,,,,,,<na>,,33.0,9.7,3.9,,,4634,financial data present but missing supporting fields,remove_incomplete_rows
,,,,,,,<na>,,244.02,164.76,51.26,,,4646,financial data present but missing supporting fields,remove_incomplete_rows
,,,,,,,<na>,,60.0,0.46,46.17,,,4650,financial data present but missing supporting fields,remove_incomplete_rows
,,,,,,,<na>,,4281.0,31.87,481.13,,,4655,financial data present but missing supporting fields,remove_incomplete_rows
,,,,,,,<na>,,80.0,14.0,52.0,,,4659,financial data present but missing supporting fields,remove_incomplete_rows
,,,,,,,<na>,,337.6,206.45,14.71,,,4664,financial data present but missing supporting fields,remove_incomplete_rows
,,,,,,,<na>,,275.5,167.09,98.21,,,4670,financial data present but missing supporting fields,remove_incomplete_rows
,,,,,,,<na>,,40.0,14.0,26.0,,,4674,financial data present but missing supporting fields,remove_incomplete_rows
,,,,,,,<na>,,183.95,34.2,19.79,,,4680,financial data present but missing supporting fields,remove_incomplete_rows
,,,,,,,<na>,,70.5,31.67,7.16,,,4684,financial data present but missing supporting fields,remove_incomplete_rows
,,,,,,,<na>,,60.0,16.0,28.0,,,4688,financial data present but missing supporting fields,remove_incomplete_rows
,,,,,,,<na>,,20.0,16.06,3.94,,,4693,financial data present but missing supporting fields,remove_incomplete_rows
,,,,,,,<na>,,45.4,13.67,8.72,,,4698,financial data present but missing supporting fields,remove_incomplete_rows
,,,,,,,<na>,,515.0,77.07,97.25,,,4705,financial data present but missing supporting fields,remove_incomplete_rows
,,,,,,,<na>,,11.0,6.0,5.0,,,4709,financial data present but missing supporting fields,remove_incomplete_rows
,,,,,,,<na>,,875.0,7.43,132.07,,,4713,financial data present but missing supporting fields,remove_incomplete_rows
,,,,,,,<na>,,587.25,513.21,74.04,,,4720,financial data present but missing supporting fields,remove_incomplete_rows
,,,,,,,<na>,,140.25,22.26,59.93,,,4726,financial data present but missing supporting fields,remove_incomplete_rows
,,,,,,,<na>,,20.0,0.46,15.39,,,4730,financial data present but missing supporting fields,remove_incomplete_rows
,,,,,,,<na>,,30.0,9.33,20.67,,,4734,financial data present but missing supporting fields,remove_incomplete_rows
,,,,,,,<na>,,112.0,2.0,84.0,,,4738,financial data present but missing supporting fields,remove_incomplete_rows
,,,,,,,<na>,,35.0,1.37,21.3,,,4742,financial data present but missing supporting fields,remove_incomplete_rows
,,,,,,,<na>,,593.25,341.77,99.3,,,4749,financial data present but missing supporting fields,remove_incomplete_rows
,,,,,,,<na>,,30.0,0.42,25.76,,,4753,financial data present but missing supporting fields,remove_incomplete_rows
,,,,,,,<na>,,18.0,16.02,1.98,,,4757,financial data present but missing supporting fields,remove_incomplete_rows
,,,,,,,<na>,,458.0,43.39,10.04,,,4762,financial data present but missing supporting fields,remove_incomplete_rows
,,,,,,,<na>,,18.0,10.71,7.29,,,4766,financial data present but missing supporting fields,remove_incomplete_rows
,,,,,,,<na>,,52.5,4.72,5.33,,,4770,financial data present but missing supporting fields,remove_incomplete_rows
,,,,,,,<na>,,1257.0,199.62,125.07,,,4777,financial data present but missing supporting fields,remove_incomplete_rows
,,,,,,,<na>,,180.0,16.02,19.8,,,4781,financial data present but missing supporting fields,remove_incomplete_rows
,,,,,,,<na>,,293.75,149.7,33.77,,,4788,financial data present but missing supporting fields,remove_incomplete_rows
,,,,,,,<na>,,312.44,14.4,136.54,,,4794,financial data present but missing supporting fields,remove_incomplete_rows
,,,,,,,<na>,,59.25,48.91,10.34,,,4802,financial data present but missing supporting fields,remove_incomplete_rows
,,,,,,,<na>,,21.75,5.95,3.89,,,4806,financial data present but missing supporting fields,remove_incomplete_rows
,,,,,,,<na>,,8.5,7.53,0.97,,,4810,financial data present but missing supporting fields,remove_incomplete_rows
,,,,,,,<na>,,218.5,90.56,37.38,,,4814,financial data present but missing supporting fields,remove_incomplete_rows
,,,,,,,<na>,,-58.75,-10.5,-6.25,,,4818,financial data present but missing supporting fields,remove_incomplete_rows
,,,,,,,<na>,,244.02,164.76,51.26,,,4830,financial data present but missing supporting fields,remove_incomplete_rows
,,,,,,,<na>,,106.5,90.31,16.19,,,4836,financial data present but missing supporting fields,remove_incomplete_rows
,,,,,,,<na>,,18.0,10.71,7.29,,,4840,financial data present but missing supporting fields,remove_incomplete_rows
,,,,,,,<na>,,749.28,56.87,-46.83,,,4845,financial data present but missing supporting fields,remove_incomplete_rows
,,,,,,,<na>,,38.75,34.59,4.16,,,4849,financial data present but missing supporting fields,remove_incomplete_rows
,,,,,,,<na>,,18.4,1.11,14.9,,,4854,financial data present but missing supporting fields,remove_incomplete_rows
,,,,,,,<na>,,94.0,79.45,14.55,,,4858,financial data present but missing supporting fields,remove_incomplete_rows
,,,,,,,<na>,,410.87,36.0,50.87,,,4863,financial data present but missing supporting fields,remove_incomplete_rows
,,,,,,,<na>,,162.5,55.0,107.5,,,4867,financial data present but missing supporting fields,remove_incomplete_rows
,,,,,,,<na>,,146.0,25.87,58.26,,,4872,financial data present but missing supporting fields,remove_incomplete_rows
,,,,,,,<na>,,87.5,1.29,42.35,,,4876,financial data present but missing supporting fields,remove_incomplete_rows
,,,,,,,<na>,,122.5,87.25,15.26,,,4881,financial data present but missing supporting fields,remove_incomplete_rows
,,,,,,,<na>,,661.4,24.82,253.21,,,4888,financial data present but missing supporting fields,remove_incomplete_rows
,,,,,,,<na>,,47.5,43.1,4.4,,,4892,financial data present but missing supporting fields,remove_incomplete_rows
,,,,,,,<na>,,33.0,30.23,2.78,,,4896,financial data present but missing supporting fields,remove_incomplete_rows
,,,,,,,<na>,,1227.6,14.0,457.6,,,4900,financial data present but missing supporting fields,remove_incomplete_rows
,,,,,,,<na>,,178.0,112.24,24.37,,,4906,financial data present but missing supporting fields,remove_incomplete_rows
,,,,,,,<na>,,702.44,337.83,77.87,,,4913,financial data present but missing supporting fields,remove_incomplete_rows
,,,,,,,<na>,,400.0,184.0,216.0,,,4917,financial data present but missing supporting fields,remove_incomplete_rows
,,,,,,,<na>,,437.5,25.77,76.68,,,4921,financial data present but missing supporting fields,remove_incomplete_rows
,,,,,,,<na>,,1008.0,348.0,197.94,,,4927,financial data present but missing supporting fields,remove_incomplete_rows
,,,,,,,<na>,,119.5,87.45,32.05,,,4931,financial data present but missing supporting fields,remove_incomplete_rows
,,,,,,,<na>,,253.0,221.81,31.19,,,4935,financial data present but missing supporting fields,remove_incomplete_rows
,,,,,,,<na>,,1132.5,33.8,118.5,,,4939,financial data present but missing supporting fields,remove_incomplete_rows
,,,,,,,<na>,,120.25,107.44,12.81,,,4944,financial data present but missing supporting fields,remove_incomplete_rows
,,,,,,,<na>,,378.0,11.43,35.1,,,4948,financial data present but missing supporting fields,remove_incomplete_rows
,,,,,,,<na>,,365.61,13.58,80.43,,,4952,financial data present but missing supporting fields,remove_incomplete_rows
,,,,,,,<na>,,82.6,67.07,15.53,,,4958,financial data present but missing supporting fields,remove_incomplete_rows
,,,,,,,<na>,,239.5,90.47,30.26,,,4964,financial data present but missing supporting fields,remove_incomplete_rows
,,,,,,,<na>,,1647.6,62.64,-155.78,,,4971,financial data present but missing supporting fields,remove_incomplete_rows
,,,,,,,<na>,,346.0,65.62,48.16,,,4976,financial data present but missing supporting fields,remove_incomplete_rows
,,,,,,,<na>,,345.5,157.01,31.48,,,4980,financial data present but missing supporting fields,remove_incomplete_rows
,,,,,,,<na>,,493.5,30.39,145.4,,,4987,financial data present but missing supporting fields,remove_incomplete_rows
,,,,,,,<na>,,10.5,1.38,6.36,,,4991,financial data present but missing supporting fields,remove_incomplete_rows
,,,,,,,<na>,,228.75,11.73,52.8,,,4995,financial data present but missing supporting fields,remove_incomplete_rows
,,,,,,,<na>,,4.46,2.2,2.26,,,4999,financial data present but missing supporting fields,remove_incomplete_rows
,,,,,,,<na>,,152.4,31.26,16.24,,,5004,financial data present but missing supporting fields,remove_incomplete_rows
,,,,,,,<na>,,195.0,55.58,28.28,,,5008,financial data present but missing supporting fields,remove_incomplete_rows
,,,,,,,<na>,,30.0,16.0,14.0,,,5012,financial data present but missing supporting fields,remove_incomplete_rows
,,,,,,,<na>,,201.25,124.93,29.52,,,5017,financial data present but missing supporting fields,remove_incomplete_rows
,,,,,,,<na>,,449.75,148.11,64.49,,,5024,financial data present but missing supporting fields,remove_incomplete_rows
,,,,,,,<na>,,66.0,9.89,6.65,,,5028,financial data present but missing supporting fields,remove_incomplete_rows
,,,,,,,<na>,,92.93,77.44,15.49,,,5032,financial data present but missing supporting fields,remove_incomplete_rows
,,,,,,,<na>,,58.25,48.6,9.65,,,5036,financial data present but missing supporting fields,remove_incomplete_rows
,,,,,,,<na>,,65.0,56.79,8.21,,,5040,financial data present but missing supporting fields,remove_incomplete_rows
,,,,,,,<na>,,83.55,53.23,23.82,,,5045,financial data present but missing supporting fields,remove_incomplete_rows
,,,,,,,<na>,,150.0,0.0,150.0,,,5049,financial data present but missing supporting fields,remove_incomplete_rows
,,,,,,,<na>,,807.5,731.31,76.19,,,5055,financial data present but missing supporting fields,remove_incomplete_rows
,,,,,,,<na>,,443.08,55.08,90.31,,,5061,financial data present but missing supporting fields,remove_incomplete_rows
,,,,,,,<na>,,54.3,44.69,9.61,,,5066,financial data present but missing supporting fields,remove_incomplete_rows
,,,,,,,<na>,,244.02,164.76,51.26,,,5078,financial data present but missing supporting fields,remove_incomplete_rows
,,,,,,,<na>,,280.0,14.28,41.93,,,5084,financial data present but missing supporting fields,remove_incomplete_rows
,,,,,,,<na>,,81.6,11.63,29.09,,,5089,financial data present but missing supporting fields,remove_incomplete_rows
,,,,,,,<na>,,357.0,237.09,55.72,,,5095,financial data present but missing supporting fields,remove_incomplete_rows
,,,,,,,<na>,,13.0,11.7,1.3,,,5099,financial data present but missing supporting fields,remove_incomplete_rows
,,,,,,,<na>,,53.9,47.54,6.36,,,5103,financial data present but missing supporting fields,remove_incomplete_rows
,,,,,,,<na>,,46.5,20.87,4.77,,,5107,financial data present but missing supporting fields,remove_incomplete_rows
,,,,,,,<na>,,114.2,21.52,60.1,,,5113,financial data present but missing supporting fields,remove_incomplete_rows
,,,,,,,<na>,,205.0,185.06,19.94,,,5117,financial data present but missing supporting fields,remove_incomplete_rows
,,,,,,,<na>,,49.6,11.13,5.09,,,5121,financial data present but missing supporting fields,remove_incomplete_rows
,,,,,,,<na>,,13.0,11.7,1.3,,,5125,financial data present but missing supporting fields,remove_incomplete_rows
,,,,,,,<na>,,18.0,16.02,1.98,,,5129,financial data present but missing supporting fields,remove_incomplete_rows
,,,,,,,<na>,,3.0,0.42,2.58,,,5133,financial data present but missing supporting fields,remove_incomplete_rows
,,,,,,,<na>,,1138.0,84.42,299.46,,,5140,financial data present but missing supporting fields,remove_incomplete_rows
,,,,,,,<na>,,733.0,73.8,91.44,,,5146,financial data present but missing supporting fields,remove_incomplete_rows
,,,,,,,<na>,,551.25,485.82,65.43,,,5150,financial data present but missing supporting fields,remove_incomplete_rows
,,,,,,,<na>,,187.1,13.68,117.09,,,5155,financial data present but missing supporting fields,remove_incomplete_rows
,,,,,,,<na>,,1250.0,880.0,370.0,,,5159,financial data present but missing supporting fields,remove_incomplete_rows
,,,,,,,<na>,,29.5,24.06,5.44,,,5163,financial data present but missing supporting fields,remove_incomplete_rows
,,,,,,,<na>,,111.0,39.0,47.3,,,5168,financial data present but missing supporting fields,remove_incomplete_rows
,,,,,,,<na>,,88.75,77.25,11.5,,,5172,financial data present but missing supporting fields,remove_incomplete_rows
,,,,,,,<na>,,139.5,20.87,14.31,,,5176,financial data present but missing supporting fields,remove_incomplete_rows
,,,,,,,<na>,,8.0,7.07,0.93,,,5180,financial data present but missing supporting fields,remove_incomplete_rows
,,,,,,,<na>,,22.0,9.7,2.6,,,5184,financial data present but missing supporting fields,remove_incomplete_rows
,,,,,,,<na>,,30.0,16.0,14.0,,,5188,financial data present but missing supporting fields,remove_incomplete_rows
,,,,,,,<na>,,17.5,15.6,1.9,,,5192,financial data present but missing supporting fields,remove_incomplete_rows
,,,,,,,<na>,,244.02,164.76,51.26,,,5204,financial data present but missing supporting fields,remove_incomplete_rows
,,,,,,,<na>,,79.0,55.04,17.38,,,5210,financial data present but missing supporting fields,remove_incomplete_rows
,,,,,,,<na>,,100.0,3.57,10.75,,,5214,financial data present but missing supporting fields,remove_incomplete_rows
,,,,,,,<na>,,1824.25,432.57,519.75,,,5221,financial data present but missing supporting fields,remove_incomplete_rows
,,,,,,,<na>,,83.0,1.82,64.76,,,5227,financial data present but missing supporting fields,remove_incomplete_rows
,,,,,,,<na>,,54.0,10.71,21.86,,,5231,financial data present but missing supporting fields,remove_incomplete_rows
,,,,,,,<na>,,13.0,11.7,1.3,,,5235,financial data present but missing supporting fields,remove_incomplete_rows
,,,,,,,<na>,,47.5,8.6,4.49,,,5239,financial data present but missing supporting fields,remove_incomplete_rows
,,,,,,,<na>,,226.75,181.53,20.7,,,5244,financial data present but missing supporting fields,remove_incomplete_rows
,,,,,,,<na>,,15.0,7.87,7.13,,,5248,financial data present but missing supporting fields,remove_incomplete_rows
,,,,,,,<na>,,451.05,130.53,59.45,,,5256,financial data present but missing supporting fields,remove_incomplete_rows
,,,,,,,<na>,,235.2,24.0,67.2,,,5261,financial data present but missing supporting fields,remove_incomplete_rows
,,,,,,,<na>,,260.0,23.21,27.9,,,5265,financial data present but missing supporting fields,remove_incomplete_rows
,,,,,,,<na>,,75.0,6.38,11.2,,,5269,financial data present but missing supporting fields,remove_incomplete_rows
,,,,,,,<na>,,488.88,8.15,244.38,,,5275,financial data present but missing supporting fields,remove_incomplete_rows
,,,,,,,<na>,,341.25,307.54,33.71,,,5280,financial data present but missing supporting fields,remove_incomplete_rows
,,,,,,,<na>,,59.25,48.91,10.34,,,5284,financial data present but missing supporting fields,remove_incomplete_rows
,,,,,,,<na>,,170.7,70.44,44.26,,,5289,financial data present but missing supporting fields,remove_incomplete_rows
,,,,,,,<na>,,35.0,14.0,21.0,,,5293,financial data present but missing supporting fields,remove_incomplete_rows
,,,,,,,<na>,,35.0,14.0,21.0,,,5297,financial data present but missing supporting fields,remove_incomplete_rows
,,,,,,,<na>,,2105.54,144.91,328.5,,,5306,financial data present but missing supporting fields,remove_incomplete_rows
,,,,,,,<na>,,819.28,58.7,-2.51,,,5312,financial data present but missing supporting fields,remove_incomplete_rows
,,,,,,,<na>,,11.9,4.75,7.15,,,5316,financial data present but missing supporting fields,remove_incomplete_rows
,,,,,,,<na>,,442.0,52.17,142.14,,,5321,financial data present but missing supporting fields,remove_incomplete_rows
,,,,,,,<na>,,238.88,10.68,125.58,,,5329,financial data present but missing supporting fields,remove_incomplete_rows
,,,,,,,<na>,,84.25,71.18,13.07,,,5334,financial data present but missing supporting fields,remove_incomplete_rows
,,,,,,,<na>,,11.0,6.0,5.0,,,5338,financial data present but missing supporting fields,remove_incomplete_rows
,,,,,,,<na>,,82.0,65.4,16.6,,,5343,financial data present but missing supporting fields,remove_incomplete_rows
,,,,,,,<na>,,80.0,6.22,17.84,,,5347,financial data present but missing supporting fields,remove_incomplete_rows
,,,,,,,<na>,,48.0,7.13,5.21,,,5351,financial data present but missing supporting fields,remove_incomplete_rows
,,,,,,,<na>,,88.75,34.2,17.73,,,5357,financial data present but missing supporting fields,remove_incomplete_rows
,,,,,,,<na>,,200.0,80.0,120.0,,,5361,financial data present but missing supporting fields,remove_incomplete_rows
,,,,,,,<na>,,172.5,36.53,25.7,,,5366,financial data present but missing supporting fields,remove_incomplete_rows
,,,,,,,<na>,,75.0,37.0,38.0,,,5370,financial data present but missing supporting fields,remove_incomplete_rows
,,,,,,,<na>,,1607.04,14.0,347.04,,,5374,financial data present but missing supporting fields,remove_incomplete_rows
,,,,,,,<na>,,96.0,51.08,41.1,,,5379,financial data present but missing supporting fields,remove_incomplete_rows
,,,,,,,<na>,,54.0,11.93,6.29,,,5383,financial data present but missing supporting fields,remove_incomplete_rows
,,,,,,,<na>,,64.75,24.17,8.45,,,5388,financial data present but missing supporting fields,remove_incomplete_rows
,,,,,,,<na>,,119.0,102.66,16.34,,,5392,financial data present but missing supporting fields,remove_incomplete_rows
,,,,,,,<na>,,98.75,76.58,22.17,,,5396,financial data present but missing supporting fields,remove_incomplete_rows
,,,,,,,<na>,,17.25,15.65,1.6,,,5400,financial data present but missing supporting fields,remove_incomplete_rows
,,,,,,,<na>,,43.5,11.26,9.72,,,5405,financial data present but missing supporting fields,remove_incomplete_rows
,,,,,,,<na>,,846.88,92.98,-99.88,,,5414,financial data present but missing supporting fields,remove_incomplete_rows
,,,,,,,<na>,,296.5,165.01,83.16,,,5422,financial data present but missing supporting fields,remove_incomplete_rows
,,,,,,,<na>,,54.1,37.31,6.34,,,5427,financial data present but missing supporting fields,remove_incomplete_rows
,,,,,,,<na>,,402.43,367.07,35.36,,,5434,financial data present but missing supporting fields,remove_incomplete_rows
,,,,,,,<na>,,104.0,65.0,39.0,,,5438,financial data present but missing supporting fields,remove_incomplete_rows
,,,,,,,<na>,,6.0,1.0,5.0,,,5442,financial data present but missing supporting fields,remove_incomplete_rows
,,,,,,,<na>,,205.0,41.48,39.08,,,5446,financial data present but missing supporting fields,remove_incomplete_rows
,,,,,,,<na>,,24.0,7.13,2.6,,,5450,financial data present but missing supporting fields,remove_incomplete_rows
,,,,,,,<na>,,136.0,30.54,13.84,,,5454,financial data present but missing supporting fields,remove_incomplete_rows
,,,,,,,<na>,,65.3,38.18,19.25,,,5460,financial data present but missing supporting fields,remove_incomplete_rows
,,,,,,,<na>,,165.39,69.33,-8.33,,,5467,financial data present but missing supporting fields,remove_incomplete_rows
,,,,,,,<na>,,47.4,9.43,4.95,,,5472,financial data present but missing supporting fields,remove_incomplete_rows
,,,,,,,<na>,,82.5,33.0,49.5,,,5476,financial data present but missing supporting fields,remove_incomplete_rows
,,,,,,,<na>,,22.0,26.48,-4.48,,,5480,financial data present but missing supporting fields,remove_incomplete_rows
,,,,,,,<na>,,108.0,24.52,9.92,,,5484,financial data present but missing supporting fields,remove_incomplete_rows
,,,,,,,<na>,,42.0,29.31,12.69,,,5488,financial data present but missing supporting fields,remove_incomplete_rows
,,,,,,,<na>,,46.0,38.07,7.93,,,5492,financial data present but missing supporting fields,remove_incomplete_rows
,,,,,,,<na>,,10.0,1.29,4.84,,,5496,financial data present but missing supporting fields,remove_incomplete_rows
,,,,,,,<na>,,900.0,16.02,99.0,,,5500,financial data present but missing supporting fields,remove_incomplete_rows
,,,,,,,<na>,,60.0,16.0,28.0,,,5504,financial data present but missing supporting fields,remove_incomplete_rows
,,,,,,,<na>,,5.75,4.74,1.01,,,5508,financial data present but missing supporting fields,remove_incomplete_rows
,,,,,,,<na>,,34.5,27.56,6.94,,,5512,financial data present but missing supporting fields,remove_incomplete_rows
,,,,,,,<na>,,3500.0,2999.0,501.0,,,5516,financial data present but missing supporting fields,remove_incomplete_rows
,,,,,,,<na>,,66.0,32.82,29.36,,,5521,financial data present but missing supporting fields,remove_incomplete_rows
,,,,,,,<na>,,49.25,44.2,5.05,,,5525,financial data present but missing supporting fields,remove_incomplete_rows
,,,,,,,<na>,,43.0,7.67,4.65,,,5529,financial data present but missing supporting fields,remove_incomplete_rows
,,,,,,,<na>,,30.0,16.0,14.0,,,5533,financial data present but missing supporting fields,remove_incomplete_rows
,,,,,,,<na>,,113.0,41.58,16.92,,,5540,financial data present but missing supporting fields,remove_incomplete_rows
,,,,,,,<na>,,17.5,15.6,1.9,,,5544,financial data present but missing supporting fields,remove_incomplete_rows
,,,,,,,<na>,,50.0,0.0,50.0,,,5548,financial data present but missing supporting fields,remove_incomplete_rows
,,,,,,,<na>,,14.6,6.55,8.05,,,5552,financial data present but missing supporting fields,remove_incomplete_rows
,,,,,,,<na>,,245.25,74.72,21.09,,,5556,financial data present but missing supporting fields,remove_incomplete_rows
,,,,,,,<na>,,216.25,196.75,19.5,,,5560,financial data present but missing supporting fields,remove_incomplete_rows
,,,,,,,<na>,,50.55,42.85,7.7,,,5565,financial data present but missing supporting fields,remove_incomplete_rows
,,,,,,,<na>,,227.7,6.9,124.2,,,5569,financial data present but missing supporting fields,remove_incomplete_rows
,,,,,,,<na>,,92.88,3.61,56.78,,,5573,financial data present but missing supporting fields,remove_incomplete_rows
,,,,,,,<na>,,673.0,63.27,116.64,,,5578,financial data present but missing supporting fields,remove_incomplete_rows
,,,,,,,<na>,,100.0,83.89,16.11,,,5582,financial data present but missing supporting fields,remove_incomplete_rows
,,,,,,,<na>,,244.02,164.76,51.26,,,5594,financial data present but missing supporting fields,remove_incomplete_rows
,,,,,,,<na>,,65.25,20.63,3.35,,,5598,financial data present but missing supporting fields,remove_incomplete_rows
,,,,,,,<na>,,93.5,81.34,12.16,,,5602,financial data present but missing supporting fields,remove_incomplete_rows
,,,,,,,<na>,,159.5,9.37,65.8,,,5608,financial data present but missing supporting fields,remove_incomplete_rows
,,,,,,,<na>,,470.8,471.61,-0.81,,,5613,financial data present but missing supporting fields,remove_incomplete_rows
,,,,,,,<na>,,814.56,43.76,-8.77,,,5621,financial data present but missing supporting fields,remove_incomplete_rows
,,,,,,,<na>,,13.0,11.7,1.3,,,5625,financial data present but missing supporting fields,remove_incomplete_rows
,,,,,,,<na>,,90.0,10.71,36.43,,,5629,financial data present but missing supporting fields,remove_incomplete_rows
,,,,,,,<na>,,40.5,11.93,4.72,,,5633,financial data present but missing supporting fields,remove_incomplete_rows
,,,,,,,<na>,,225.0,37.0,114.0,,,5637,financial data present but missing supporting fields,remove_incomplete_rows
,,,,,,,<na>,,37.5,5.66,3.54,,,5641,financial data present but missing supporting fields,remove_incomplete_rows
,,,,,,,<na>,,15.3,0.68,8.5,,,5645,financial data present but missing supporting fields,remove_incomplete_rows
,,,,,,,<na>,,40.0,14.0,26.0,,,5653,financial data present but missing supporting fields,remove_incomplete_rows
,,,,,,,<na>,,55.0,21.87,33.13,,,5658,financial data present but missing supporting fields,remove_incomplete_rows
,,,,,,,<na>,,22.0,6.0,10.0,,,5666,financial data present but missing supporting fields,remove_incomplete_rows
,,,,,,,<na>,,31.0,26.86,4.14,,,5670,financial data present but missing supporting fields,remove_incomplete_rows
,,,,,,,<na>,,1593.5,301.56,265.89,,,5676,financial data present but missing supporting fields,remove_incomplete_rows
,,,,,,,<na>,,10.0,0.94,5.3,,,5680,financial data present but missing supporting fields,remove_incomplete_rows
,,,,,,,<na>,,437.5,25.77,76.68,,,5684,financial data present but missing supporting fields,remove_incomplete_rows
,,,,,,,<na>,,128.51,96.66,16.25,,,5690,financial data present but missing supporting fields,remove_incomplete_rows
,,,,,,,<na>,,32.5,29.52,2.98,,,5694,financial data present but missing supporting fields,remove_incomplete_rows
,,,,,,,<na>,,709.0,244.51,89.79,,,5705,financial data present but missing supporting fields,remove_incomplete_rows
,,,,,,,<na>,,81.0,41.57,10.9,,,5710,financial data present but missing supporting fields,remove_incomplete_rows
,,,,,,,<na>,,23.0,9.57,6.29,,,5715,financial data present but missing supporting fields,remove_incomplete_rows
,,,,,,,<na>,,25.8,7.67,2.79,,,5720,financial data present but missing supporting fields,remove_incomplete_rows
,,,,,,,<na>,,58.6,25.37,7.86,,,5725,financial data present but missing supporting fields,remove_incomplete_rows
,,,,,,,<na>,,240.0,3.01,59.27,,,5729,financial data present but missing supporting fields,remove_incomplete_rows
,,,,,,,<na>,,1260.25,310.66,131.51,,,5737,financial data present but missing supporting fields,remove_incomplete_rows
,,,,,,,<na>,,42.0,29.31,12.69,,,5741,financial data present but missing supporting fields,remove_incomplete_rows
,,,,,,,<na>,,102.6,2.27,61.74,,,5746,financial data present but missing supporting fields,remove_incomplete_rows
,,,,,,,<na>,,11.0,9.7,1.3,,,5750,financial data present but missing supporting fields,remove_incomplete_rows
,,,,,,,<na>,,78.78,2.3,42.03,,,5755,financial data present but missing supporting fields,remove_incomplete_rows
,,,,,,,<na>,,90.0,50.0,40.0,,,5759,financial data present but missing supporting fields,remove_incomplete_rows
,,,,,,,<na>,,40.0,14.0,26.0,,,5763,financial data present but missing supporting fields,remove_incomplete_rows
,,,,,,,<na>,,414.0,14.23,-12.9,,,5767,financial data present but missing supporting fields,remove_incomplete_rows
,,,,,,,<na>,,490.5,74.72,42.18,,,5771,financial data present but missing supporting fields,remove_incomplete_rows
,,,,,,,<na>,,55.0,0.35,54.65,,,5775,financial data present but missing supporting fields,remove_incomplete_rows
,,,,,,,<na>,,866.4,130.04,86.19,,,5780,financial data present but missing supporting fields,remove_incomplete_rows
,,,,,,,<na>,,72.5,5.95,12.97,,,5784,financial data present but missing supporting fields,remove_incomplete_rows
,,,,,,,<na>,,1539.0,24.0,99.0,,,5788,financial data present but missing supporting fields,remove_incomplete_rows
,,,,,,,<na>,,65.0,53.81,11.19,,,5792,financial data present but missing supporting fields,remove_incomplete_rows
,,,,,,,<na>,,16.0,7.13,1.74,,,5796,financial data present but missing supporting fields,remove_incomplete_rows
,,,,,,,<na>,,84.87,26.79,4.5,,,5800,financial data present but missing supporting fields,remove_incomplete_rows
,,,,,,,<na>,,263.2,37.5,98.7,,,5805,financial data present but missing supporting fields,remove_incomplete_rows
,,,,,,,<na>,,17.5,15.6,1.9,,,5809,financial data present but missing supporting fields,remove_incomplete_rows
,,,,,,,<na>,,99.04,54.41,29.62,,,5818,financial data present but missing supporting fields,remove_incomplete_rows
,,,,,,,<na>,,49.25,44.2,5.05,,,5822,financial data present but missing supporting fields,remove_incomplete_rows
,,,,,,,<na>,,140.5,78.93,14.11,,,5827,financial data present but missing supporting fields,remove_incomplete_rows
,,,,,,,<na>,,1794.6,53.32,492.56,,,5835,financial data present but missing supporting fields,remove_incomplete_rows
,,,,,,,<na>,,10.5,4.72,1.07,,,5839,financial data present but missing supporting fields,remove_incomplete_rows
,,,,,,,<na>,,120.25,34.23,29.1,,,5844,financial data present but missing supporting fields,remove_incomplete_rows
,,,,,,,<na>,,108.0,87.96,20.04,,,5848,financial data present but missing supporting fields,remove_incomplete_rows
,,,,,,,<na>,,-45.0,-14.5,-30.5,,,5853,financial data present but missing supporting fields,remove_incomplete_rows
,,,,,,,<na>,,46.0,0.85,29.0,,,5857,financial data present but missing supporting fields,remove_incomplete_rows
,,,,,,,<na>,,244.02,164.76,51.26,,,5869,financial data present but missing supporting fields,remove_incomplete_rows
,,,,,,,<na>,,22.5,10.0,2.51,,,5873,financial data present but missing supporting fields,remove_incomplete_rows
,,,,,,,<na>,,77.5,34.59,8.31,,,5877,financial data present but missing supporting fields,remove_incomplete_rows
,,,,,,,<na>,,437.0,64.21,-16.06,,,5883,financial data present but missing supporting fields,remove_incomplete_rows
,,,,,,,<na>,,41.0,34.44,6.57,,,5887,financial data present but missing supporting fields,remove_incomplete_rows
,,,,,,,<na>,,2.0,0.94,1.06,,,5891,financial data present but missing supporting fields,remove_incomplete_rows
,,,,,,,<na>,,2.5,0.65,1.85,,,5895,financial data present but missing supporting fields,remove_incomplete_rows
,,,,,,,<na>,,1300.5,81.61,150.28,,,5901,financial data present but missing supporting fields,remove_incomplete_rows
,,,,,,,<na>,,7771.39,6800.0,971.39,,,5906,financial data present but missing supporting fields,remove_incomplete_rows
,,,,,,,<na>,,33.0,32.48,0.52,,,5911,financial data present but missing supporting fields,remove_incomplete_rows
,,,,,,,<na>,,2.5,0.65,1.85,,,5915,financial data present but missing supporting fields,remove_incomplete_rows
,,,,,,,<na>,,372.8,179.58,59.52,,,5922,financial data present but missing supporting fields,remove_incomplete_rows
,,,,,,,<na>,,425.0,17.05,301.5,,,5927,financial data present but missing supporting fields,remove_incomplete_rows
,,,,,,,<na>,,11.0,6.0,5.0,,,5931,financial data present but missing supporting fields,remove_incomplete_rows
,,,,,,,<na>,,13.0,11.7,1.3,,,5935,financial data present but missing supporting fields,remove_incomplete_rows
,,,,,,,<na>,,256.25,41.48,48.85,,,5939,financial data present but missing supporting fields,remove_incomplete_rows
,,,,,,,<na>,,178.0,161.68,16.32,,,5943,financial data present but missing supporting fields,remove_incomplete_rows
,,,,,,,<na>,,88.0,18.38,14.48,,,5947,financial data present but missing supporting fields,remove_incomplete_rows
,,,,,,,<na>,,11.0,9.7,1.3,,,5951,financial data present but missing supporting fields,remove_incomplete_rows
,,,,,,,<na>,,11.0,9.7,1.3,,,5955,financial data present but missing supporting fields,remove_incomplete_rows
,,,,,,,<na>,,45.0,10.0,5.02,,,5959,financial data present but missing supporting fields,remove_incomplete_rows
,,,,,,,<na>,,560.0,59.83,141.2,,,5963,financial data present but missing supporting fields,remove_incomplete_rows
,,,,,,,<na>,,30.0,15.71,14.29,,,5967,financial data present but missing supporting fields,remove_incomplete_rows
,,,,,,,<na>,,1017.16,290.0,287.16,,,5972,financial data present but missing supporting fields,remove_incomplete_rows
,,,,,,,<na>,,25.22,21.02,4.2,,,5976,financial data present but missing supporting fields,remove_incomplete_rows
,,,,,,,<na>,,570.0,24.0,90.0,,,5980,financial data present but missing supporting fields,remove_incomplete_rows
,,,,,,,<na>,,125.0,98.74,26.26,,,5984,financial data present but missing supporting fields,remove_incomplete_rows
,,,,,,,<na>,,648.5,46.45,257.73,,,5990,financial data present but missing supporting fields,remove_incomplete_rows
,,,,,,,<na>,,73.5,33.43,6.64,,,5994,financial data present but missing supporting fields,remove_incomplete_rows
,,,,,,,<na>,,433.0,392.93,40.07,,,5998,financial data present but missing supporting fields,remove_incomplete_rows
,,,,,,,<na>,,17.5,15.6,1.9,,,6002,financial data present but missing supporting fields,remove_incomplete_rows
,,,,,,,<na>,,230.75,125.93,71.7,,,6009,financial data present but missing supporting fields,remove_incomplete_rows
,,,,,,,<na>,,291.0,80.15,50.55,,,6013,financial data present but missing supporting fields,remove_incomplete_rows
,,,,,,,<na>,,40.0,3.57,4.3,,,6017,financial data present but missing supporting fields,remove_incomplete_rows
,,,,,,,<na>,,123.75,6.49,26.43,,,6021,financial data present but missing supporting fields,remove_incomplete_rows
,,,,,,,<na>,,18.0,16.02,1.98,,,6025,financial data present but missing supporting fields,remove_incomplete_rows
,,,,,,,<na>,,257.5,22.46,50.6,,,6030,financial data present but missing supporting fields,remove_incomplete_rows
,,,,,,,<na>,,139.5,20.87,14.31,,,6034,financial data present but missing supporting fields,remove_incomplete_rows
,,,,,,,<na>,,178.5,161.5,17.0,,,6038,financial data present but missing supporting fields,remove_incomplete_rows
,,,,,,,<na>,,55.24,46.32,8.92,,,6043,financial data present but missing supporting fields,remove_incomplete_rows
,,,,,,,<na>,,77.25,19.7,18.15,,,6047,financial data present but missing supporting fields,remove_incomplete_rows
,,,,,,,<na>,,44.8,37.35,7.45,,,6051,financial data present but missing supporting fields,remove_incomplete_rows
,,,,,,,<na>,,33.0,14.15,4.71,,,6055,financial data present but missing supporting fields,remove_incomplete_rows
,,,,,,,<na>,,83.5,35.08,13.35,,,6059,financial data present but missing supporting fields,remove_incomplete_rows
,,,,,,,<na>,,277.18,163.75,15.15,,,6068,financial data present but missing supporting fields,remove_incomplete_rows
,,,,,,,<na>,,36.75,31.4,5.35,,,6072,financial data present but missing supporting fields,remove_incomplete_rows
,,,,,,,<na>,,219.75,210.3,9.45,,,6076,financial data present but missing supporting fields,remove_incomplete_rows
,,,,,,,<na>,,16.0,7.13,1.74,,,6080,financial data present but missing supporting fields,remove_incomplete_rows
,,,,,,,<na>,,17.0,15.44,1.56,,,6084,financial data present but missing supporting fields,remove_incomplete_rows
,,,,,,,<na>,,6.0,0.94,3.18,,,6088,financial data present but missing supporting fields,remove_incomplete_rows
,,,,,,,<na>,,244.02,164.76,51.26,,,6099,financial data present but missing supporting fields,remove_incomplete_rows
,,,,,,,<na>,,70.0,1.37,42.6,,,6103,financial data present but missing supporting fields,remove_incomplete_rows
,,,,,,,<na>,,385.0,250.0,135.0,,,6107,financial data present but missing supporting fields,remove_incomplete_rows
,,,,,,,<na>,,282.25,160.15,40.09,,,6114,financial data present but missing supporting fields,remove_incomplete_rows
,,,,,,,<na>,,95.5,86.55,8.95,,,6118,financial data present but missing supporting fields,remove_incomplete_rows
,,,,,,,<na>,,17.5,1.37,10.65,,,6122,financial data present but missing supporting fields,remove_incomplete_rows
,,,,,,,<na>,,655.92,14.71,360.32,,,6131,financial data present but missing supporting fields,remove_incomplete_rows
,,,,,,,<na>,,4.0,0.94,2.12,,,6135,financial data present but missing supporting fields,remove_incomplete_rows
,,,,,,,<na>,,95.0,15.03,13.9,,,6140,financial data present but missing supporting fields,remove_incomplete_rows
,,,,,,,<na>,,-52.9,-46.01,-6.89,,,6148,financial data present but missing supporting fields,remove_incomplete_rows
,,,,,,,<na>,,77.5,61.38,16.12,,,6152,financial data present but missing supporting fields,remove_incomplete_rows
,,,,,,,<na>,,1717.4,73.87,240.09,,,6157,financial data present but missing supporting fields,remove_incomplete_rows
,,,,,,,<na>,,6.0,0.94,3.18,,,6161,financial data present but missing supporting fields,remove_incomplete_rows
,,,,,,,<na>,,13.0,11.7,1.3,,,6165,financial data present but missing supporting fields,remove_incomplete_rows
,,,,,,,<na>,,37.75,29.41,8.34,,,6169,financial data present but missing supporting fields,remove_incomplete_rows
,,,,,,,<na>,,58.04,45.0,13.04,,,6173,financial data present but missing supporting fields,remove_incomplete_rows
,,,,,,,<na>,,40.0,0.46,30.78,,,6177,financial data present but missing supporting fields,remove_incomplete_rows
,,,,,,,<na>,,32.5,26.25,6.25,,,6181,financial data present but missing supporting fields,remove_incomplete_rows
,,,,,,,<na>,,40.0,0.85,23.0,,,6185,financial data present but missing supporting fields,remove_incomplete_rows
,,,,,,,<na>,,74.0,62.61,11.39,,,6189,financial data present but missing supporting fields,remove_incomplete_rows
,,,,,,,<na>,,21.5,19.13,2.37,,,6194,financial data present but missing supporting fields,remove_incomplete_rows
,,,,,,,<na>,,488.54,127.53,113.1,,,6200,financial data present but missing supporting fields,remove_incomplete_rows
,,,,,,,<na>,,46.5,20.87,4.77,,,6204,financial data present but missing supporting fields,remove_incomplete_rows
,,,,,,,<na>,,30.0,15.71,14.29,,,6208,financial data present but missing supporting fields,remove_incomplete_rows
,,,,,,,<na>,,260.53,167.72,66.03,,,6213,financial data present but missing supporting fields,remove_incomplete_rows
,,,,,,,<na>,,10.5,9.43,1.07,,,6217,financial data present but missing supporting fields,remove_incomplete_rows
,,,,,,,<na>,,96.4,64.88,12.65,,,6222,financial data present but missing supporting fields,remove_incomplete_rows
,,,,,,,<na>,,41.0,36.02,4.98,,,6226,financial data present but missing supporting fields,remove_incomplete_rows
,,,,,,,<na>,,46.5,38.75,7.75,,,6230,financial data present but missing supporting fields,remove_incomplete_rows
,,,,,,,<na>,,338.0,142.58,144.13,,,6237,financial data present but missing supporting fields,remove_incomplete_rows
,,,,,,,<na>,,280.33,250.86,29.47,,,6241,financial data present but missing supporting fields,remove_incomplete_rows
,,,,,,,<na>,,356.25,43.03,141.1,,,6246,financial data present but missing supporting fields,remove_incomplete_rows
,,,,,,,<na>,,226.0,9.1,119.5,,,6251,financial data present but missing supporting fields,remove_incomplete_rows
,,,,,,,<na>,,270.4,11.61,96.67,,,6258,financial data present but missing supporting fields,remove_incomplete_rows
,,,,,,,<na>,,217.45,139.65,48.5,,,6265,financial data present but missing supporting fields,remove_incomplete_rows
,,,,,,,<na>,,190.0,34.22,37.8,,,6270,financial data present but missing supporting fields,remove_incomplete_rows
,,,,,,,<na>,,90.0,10.71,36.43,,,6274,financial data present but missing supporting fields,remove_incomplete_rows
,,,,,,,<na>,,97.5,26.25,18.75,,,6278,financial data present but missing supporting fields,remove_incomplete_rows
,,,,,,,<na>,,35.0,15.6,3.8,,,6282,financial data present but missing supporting fields,remove_incomplete_rows
,,,,,,,<na>,,243.3,114.01,38.57,,,6289,financial data present but missing supporting fields,remove_incomplete_rows
,,,,,,,<na>,,196.13,178.3,17.83,,,6294,financial data present but missing supporting fields,remove_incomplete_rows
,,,,,,,<na>,,15.0,13.13,1.87,,,6298,financial data present but missing supporting fields,remove_incomplete_rows
,,,,,,,<na>,,15.0,10.48,4.52,,,6302,financial data present but missing supporting fields,remove_incomplete_rows
,,,,,,,<na>,,72.64,18.87,53.77,,,6307,financial data present but missing supporting fields,remove_incomplete_rows
,,,,,,,<na>,,169.75,111.48,42.56,,,6313,financial data present but missing supporting fields,remove_incomplete_rows
,,,,,,,<na>,,291.75,262.4,29.35,,,6317,financial data present but missing supporting fields,remove_incomplete_rows
,,,,,,,<na>,,918.6,798.09,120.51,,,6321,financial data present but missing supporting fields,remove_incomplete_rows
,,,,,,,<na>,,88.25,76.6,11.65,,,6326,financial data present but missing supporting fields,remove_incomplete_rows
,,,,,,,<na>,,81.7,63.51,11.11,,,6331,financial data present but missing supporting fields,remove_incomplete_rows
,,,,,,,<na>,,30.0,0.48,20.4,,,6335,financial data present but missing supporting fields,remove_incomplete_rows
,,,,,,,<na>,,363.0,64.15,41.46,,,6341,financial data present but missing supporting fields,remove_incomplete_rows
,,,,,,,<na>,,54.0,15.12,8.64,,,6345,financial data present but missing supporting fields,remove_incomplete_rows
,,,,,,,<na>,,73.0,6.55,40.25,,,6349,financial data present but missing supporting fields,remove_incomplete_rows
,,,,,,,<na>,,31.5,28.0,3.5,,,6353,financial data present but missing supporting fields,remove_incomplete_rows
,,,,,,,<na>,,92.5,84.04,8.46,,,6357,financial data present but missing supporting fields,remove_incomplete_rows
,,,,,,,<na>,,62.5,25.77,10.95,,,6361,financial data present but missing supporting fields,remove_incomplete_rows
,,,,,,,<na>,,68.0,59.67,8.33,,,6365,financial data present but missing supporting fields,remove_incomplete_rows
,,,,,,,<na>,,49.6,43.69,5.91,,,6370,financial data present but missing supporting fields,remove_incomplete_rows
,,,,,,,<na>,,182.6,164.54,18.06,,,6374,financial data present but missing supporting fields,remove_incomplete_rows
,,,,,,,<na>,,244.02,164.76,51.26,,,6386,financial data present but missing supporting fields,remove_incomplete_rows
,,,,,,,<na>,,65.0,61.07,3.93,,,6390,financial data present but missing supporting fields,remove_incomplete_rows
,,,,,,,<na>,,18.0,10.71,7.29,,,6394,financial data present but missing supporting fields,remove_incomplete_rows
,,,,,,,<na>,,199.24,94.84,18.67,,,6399,financial data present but missing supporting fields,remove_incomplete_rows
,,,,,,,<na>,,27.6,6.16,2.94,,,6403,financial data present but missing supporting fields,remove_incomplete_rows
,,,,,,,<na>,,58.0,25.58,6.84,,,6407,financial data present but missing supporting fields,remove_incomplete_rows
,,,,,,,<na>,,104.28,68.18,20.79,,,6423,financial data present but missing supporting fields,remove_incomplete_rows
,,,,,,,<na>,,204.0,136.53,38.66,,,6434,financial data present but missing supporting fields,remove_incomplete_rows
,,,,,,,<na>,,79.54,36.64,9.76,,,6441,financial data present but missing supporting fields,remove_incomplete_rows
,,,,,,,<na>,,2010.67,1924.08,86.59,,,6446,financial data present but missing supporting fields,remove_incomplete_rows
,,,,,,,<na>,,17.5,0.7,14.0,,,6454,financial data present but missing supporting fields,remove_incomplete_rows
,,,,,,,<na>,,98.75,76.58,22.17,,,6458,financial data present but missing supporting fields,remove_incomplete_rows
,,,,,,,<na>,,119.5,87.45,32.05,,,6462,financial data present but missing supporting fields,remove_incomplete_rows
,,,,,,,<na>,,463.25,417.76,45.49,,,6467,financial data present but missing supporting fields,remove_incomplete_rows
,,,,,,,<na>,,502.75,69.31,28.98,,,6472,financial data present but missing supporting fields,remove_incomplete_rows
,,,,,,,<na>,,437.5,12.0,269.48,,,6476,financial data present but missing supporting fields,remove_incomplete_rows
,,,,,,,<na>,,131.16,8.8,-0.83,,,6481,financial data present but missing supporting fields,remove_incomplete_rows
,,,,,,,<na>,,131.25,7.43,19.81,,,6485,financial data present but missing supporting fields,remove_incomplete_rows
,,,,,,,<na>,,70.75,58.91,11.84,,,6489,financial data present but missing supporting fields,remove_incomplete_rows
,,,,,,,<na>,,245.5,85.07,90.64,,,6495,financial data present but missing supporting fields,remove_incomplete_rows
,,,,,,,<na>,,11.0,9.7,1.3,,,6499,financial data present but missing supporting fields,remove_incomplete_rows
,,,,,,,<na>,,13.0,11.7,1.3,,,6503,financial data present but missing supporting fields,remove_incomplete_rows
,,,,,,,<na>,,119.8,75.28,14.23,,,6508,financial data present but missing supporting fields,remove_incomplete_rows
,,,,,,,<na>,,346.5,149.73,52.77,,,6513,financial data present but missing supporting fields,remove_incomplete_rows
,,,,,,,<na>,,30.0,15.71,14.29,,,6517,financial data present but missing supporting fields,remove_incomplete_rows
,,,,,,,<na>,,185.0,11.7,68.0,,,6522,financial data present but missing supporting fields,remove_incomplete_rows
,,,,,,,<na>,,120.0,58.0,62.0,,,6526,financial data present but missing supporting fields,remove_incomplete_rows
,,,,,,,<na>,,299.36,235.81,39.49,,,6532,financial data present but missing supporting fields,remove_incomplete_rows
,,,,,,,<na>,,110.0,50.0,60.0,,,6536,financial data present but missing supporting fields,remove_incomplete_rows
,,,,,,,<na>,,315.0,261.99,37.36,,,6545,financial data present but missing supporting fields,remove_incomplete_rows
,,,,,,,<na>,,352.0,73.08,168.85,,,6551,financial data present but missing supporting fields,remove_incomplete_rows
,,,,,,,<na>,,87.68,56.0,31.68,,,6556,financial data present but missing supporting fields,remove_incomplete_rows
,,,,,,,<na>,,374.45,148.05,72.47,,,6563,financial data present but missing supporting fields,remove_incomplete_rows
,,,,,,,<na>,,18.5,16.63,1.87,,,6567,financial data present but missing supporting fields,remove_incomplete_rows
,,,,,,,<na>,,77.0,35.81,13.25,,,6572,financial data present but missing supporting fields,remove_incomplete_rows
,,,,,,,<na>,,30.0,7.87,14.26,,,6576,financial data present but missing supporting fields,remove_incomplete_rows
,,,,,,,<na>,,15.0,7.87,7.13,,,6580,financial data present but missing supporting fields,remove_incomplete_rows
,,,,,,,<na>,,100.0,2.0,60.0,,,6584,financial data present but missing supporting fields,remove_incomplete_rows
,,,,,,,<na>,,41.0,34.44,6.57,,,6588,financial data present but missing supporting fields,remove_incomplete_rows
,,,,,,,<na>,,400.0,1.97,203.33,,,6592,financial data present but missing supporting fields,remove_incomplete_rows
,,,,,,,<na>,,107.1,10.0,7.1,,,6597,financial data present but missing supporting fields,remove_incomplete_rows
,,,,,,,<na>,,224.0,198.49,25.51,,,6602,financial data present but missing supporting fields,remove_incomplete_rows
,,,,,,,<na>,,42.0,1.2,27.6,,,6606,financial data present but missing supporting fields,remove_incomplete_rows
,,,,,,,<na>,,100.5,60.9,12.0,,,6611,financial data present but missing supporting fields,remove_incomplete_rows
,,,,,,,<na>,,137.55,137.21,0.34,,,6615,financial data present but missing supporting fields,remove_incomplete_rows
,,,,,,,<na>,,69.5,18.97,13.27,,,6621,financial data present but missing supporting fields,remove_incomplete_rows
,,,,,,,<na>,,509.5,322.81,87.29,,,6630,financial data present but missing supporting fields,remove_incomplete_rows
,,,,,,,<na>,,160.0,7.13,17.36,,,6634,financial data present but missing supporting fields,remove_incomplete_rows
,,,,,,,<na>,,103.75,19.06,8.45,,,6638,financial data present but missing supporting fields,remove_incomplete_rows
,,,,,,,<na>,,59.0,24.06,10.88,,,6642,financial data present but missing supporting fields,remove_incomplete_rows
,,,,,,,<na>,,352.21,33.1,26.41,,,6650,financial data present but missing supporting fields,remove_incomplete_rows
,,,,,,,<na>,,70.0,9.34,28.8,,,6655,financial data present but missing supporting fields,remove_incomplete_rows
,,,,,,,<na>,,346.61,332.0,14.61,,,6659,financial data present but missing supporting fields,remove_incomplete_rows
,,,,,,,<na>,,65.0,56.79,8.21,,,6663,financial data present but missing supporting fields,remove_incomplete_rows
,,,,,,,<na>,,115.2,46.0,69.2,,,6669,financial data present but missing supporting fields,remove_incomplete_rows
,,,,,,,<na>,,60.5,54.0,6.5,,,6673,financial data present but missing supporting fields,remove_incomplete_rows
,,,,,,,<na>,,51.0,46.0,5.0,,,6677,financial data present but missing supporting fields,remove_incomplete_rows
,,,,,,,<na>,,244.02,164.76,51.26,,,6688,financial data present but missing supporting fields,remove_incomplete_rows
,,,,,,,<na>,,77.5,34.59,8.31,,,6692,financial data present but missing supporting fields,remove_incomplete_rows
,,,,,,,<na>,,2978.25,127.26,646.03,,,6704,financial data present but missing supporting fields,remove_incomplete_rows
,,,,,,,<na>,,91.5,6.28,55.26,,,6709,financial data present but missing supporting fields,remove_incomplete_rows
,,,,,,,<na>,,-62.0,-8.06,-21.7,,,6713,financial data present but missing supporting fields,remove_incomplete_rows
,,,,,,,<na>,,6.75,3.27,3.48,,,6717,financial data present but missing supporting fields,remove_incomplete_rows
,,,,,,,<na>,,274.55,124.53,83.87,,,6723,financial data present but missing supporting fields,remove_incomplete_rows
,,,,,,,<na>,,119.25,103.68,15.57,,,6727,financial data present but missing supporting fields,remove_incomplete_rows
,,,,,,,<na>,,257.5,27.46,18.61,,,6732,financial data present but missing supporting fields,remove_incomplete_rows
,,,,,,,<na>,,74.0,32.94,14.12,,,6737,financial data present but missing supporting fields,remove_incomplete_rows
,,,,,,,<na>,,68.0,59.67,8.33,,,6741,financial data present but missing supporting fields,remove_incomplete_rows
,,,,,,,<na>,,11.0,6.0,5.0,,,6745,financial data present but missing supporting fields,remove_incomplete_rows
,,,,,,,<na>,,204.56,11.25,92.06,,,6750,financial data present but missing supporting fields,remove_incomplete_rows
,,,,,,,<na>,,13.0,11.7,1.3,,,6754,financial data present but missing supporting fields,remove_incomplete_rows
,,,,,,,<na>,,16.0,6.96,8.08,,,6759,financial data present but missing supporting fields,remove_incomplete_rows
,,,,,,,<na>,,11.0,6.0,5.0,,,6763,financial data present but missing supporting fields,remove_incomplete_rows
,,,,,,,<na>,,40.0,3.57,4.3,,,6767,financial data present but missing supporting fields,remove_incomplete_rows
,,,,,,,<na>,,86.0,7.67,9.3,,,6771,financial data present but missing supporting fields,remove_incomplete_rows
,,,,,,,<na>,,5226.24,109.18,438.24,,,6782,financial data present but missing supporting fields,remove_incomplete_rows
,,,,,,,<na>,,230.75,165.0,41.35,,,6790,financial data present but missing supporting fields,remove_incomplete_rows
,,,,,,,<na>,,385.0,250.0,135.0,,,6794,financial data present but missing supporting fields,remove_incomplete_rows
,,,,,,,<na>,,164.12,16.95,79.4,,,6803,financial data present but missing supporting fields,remove_incomplete_rows
,,,,,,,<na>,,230.6,62.09,55.73,,,6809,financial data present but missing supporting fields,remove_incomplete_rows
,,,,,,,<na>,,20.0,3.57,2.15,,,6813,financial data present but missing supporting fields,remove_incomplete_rows
,,,,,,,<na>,,88.75,40.57,25.86,,,6818,financial data present but missing supporting fields,remove_incomplete_rows
,,,,,,,<na>,,83.0,76.0,7.0,,,6822,financial data present but missing supporting fields,remove_incomplete_rows
,,,,,,,<na>,,353.5,40.5,70.0,,,6826,financial data present but missing supporting fields,remove_incomplete_rows
,,,,,,,<na>,,39.0,4.4,17.0,,,6830,financial data present but missing supporting fields,remove_incomplete_rows
,,,,,,,<na>,,394.32,6.07,212.37,,,6837,financial data present but missing supporting fields,remove_incomplete_rows
,,,,,,,<na>,,40.0,0.5,30.0,,,6841,financial data present but missing supporting fields,remove_incomplete_rows
,,,,,,,<na>,,457.5,11.73,105.6,,,6845,financial data present but missing supporting fields,remove_incomplete_rows
,,,,,,,<na>,,62.5,25.66,11.19,,,6849,financial data present but missing supporting fields,remove_incomplete_rows
,,,,,,,<na>,,126.0,4.35,75.7,,,6854,financial data present but missing supporting fields,remove_incomplete_rows
,,,,,,,<na>,,125.0,5.66,11.8,,,6858,financial data present but missing supporting fields,remove_incomplete_rows
,,,,,,,<na>,,22.5,16.8,5.7,,,6862,financial data present but missing supporting fields,remove_incomplete_rows
,,,,,,,<na>,,15.0,10.48,4.52,,,6866,financial data present but missing supporting fields,remove_incomplete_rows
,,,,,,,<na>,,225.0,90.0,135.0,,,6870,financial data present but missing supporting fields,remove_incomplete_rows
,,,,,,,<na>,,225.0,90.0,135.0,,,6874,financial data present but missing supporting fields,remove_incomplete_rows
,,,,,,,<na>,,179.75,163.55,16.2,,,6878,financial data present but missing supporting fields,remove_incomplete_rows
,,,,,,,<na>,,75.08,67.93,7.16,,,6882,financial data present but missing supporting fields,remove_incomplete_rows
,,,,,,,<na>,,75.0,37.0,38.0,,,6886,financial data present but missing supporting fields,remove_incomplete_rows
,,,,,,,<na>,,36.4,2.45,19.25,,,6890,financial data present but missing supporting fields,remove_incomplete_rows
,,,,,,,<na>,,355.75,88.44,139.71,,,6895,financial data present but missing supporting fields,remove_incomplete_rows
,,,,,,,<na>,,244.02,164.76,51.26,,,6907,financial data present but missing supporting fields,remove_incomplete_rows
,,,,,,,<na>,,78.0,70.94,7.06,,,6911,financial data present but missing supporting fields,remove_incomplete_rows
,,,,,,,<na>,,237.75,70.8,25.36,,,6915,financial data present but missing supporting fields,remove_incomplete_rows
,,,,,,,<na>,,30.8,18.6,10.72,,,6920,financial data present but missing supporting fields,remove_incomplete_rows
,,,,,,,<na>,,677.28,66.84,-60.49,,,6926,financial data present but missing supporting fields,remove_incomplete_rows
,,,,,,,<na>,,201.25,31.53,43.6,,,6930,financial data present but missing supporting fields,remove_incomplete_rows
,,,,,,,<na>,,97.5,88.64,8.86,,,6934,financial data present but missing supporting fields,remove_incomplete_rows
,,,,,,,<na>,,5.0,0.96,3.08,,,6938,financial data present but missing supporting fields,remove_incomplete_rows
,,,,,,,<na>,,180.0,16.02,19.8,,,6942,financial data present but missing supporting fields,remove_incomplete_rows
,,,,,,,<na>,,11.25,10.0,1.25,,,6946,financial data present but missing supporting fields,remove_incomplete_rows
,,,,,,,<na>,,4.46,2.2,2.26,,,6950,financial data present but missing supporting fields,remove_incomplete_rows
,,,,,,,<na>,,109.0,99.57,9.43,,,6955,financial data present but missing supporting fields,remove_incomplete_rows
,,,,,,,<na>,,385.05,23.0,40.05,,,6959,financial data present but missing supporting fields,remove_incomplete_rows
,,,,,,,<na>,,100.0,13.0,35.0,,,6963,financial data present but missing supporting fields,remove_incomplete_rows
,,,,,,,<na>,,186.0,27.94,18.36,,,6967,financial data present but missing supporting fields,remove_incomplete_rows
,,,,,,,<na>,,13.0,11.7,1.3,,,6971,financial data present but missing supporting fields,remove_incomplete_rows
,,,,,,,<na>,,91.74,7.28,48.06,,,6975,financial data present but missing supporting fields,remove_incomplete_rows
,,,,,,,<na>,,40.0,7.07,4.64,,,6979,financial data present but missing supporting fields,remove_incomplete_rows
,,,,,,,<na>,,189.0,29.93,9.41,,,6983,financial data present but missing supporting fields,remove_incomplete_rows
,,,,,,,<na>,,207.0,59.58,36.0,,,6991,financial data present but missing supporting fields,remove_incomplete_rows
,,,,,,,<na>,,51.0,7.53,5.82,,,6995,financial data present but missing supporting fields,remove_incomplete_rows
,,,,,,,<na>,,40.05,19.55,0.95,,,6999,financial data present but missing supporting fields,remove_incomplete_rows
,,,,,,,<na>,,83.7,60.63,14.43,,,7004,financial data present but missing supporting fields,remove_incomplete_rows
,,,,,,,<na>,,132.12,3.46,80.49,,,7011,financial data present but missing supporting fields,remove_incomplete_rows
,,,,,,,<na>,,18.0,10.71,7.29,,,7015,financial data present but missing supporting fields,remove_incomplete_rows
,,,,,,,<na>,,325.75,258.23,35.39,,,7022,financial data present but missing supporting fields,remove_incomplete_rows
,,,,,,,<na>,,129.5,114.56,14.94,,,7029,financial data present but missing supporting fields,remove_incomplete_rows
,,,,,,,<na>,,,,,,,0,all important fields empty,remove_incomplete_rows
,,,,,,,<na>,,,,,,,11,all important fields empty,remove_incomplete_rows
,,,,,,,<na>,,,,,,,12,all important fields empty,remove_incomplete_rows
,,,,,,,<na>,,,,,,,20,all important fields empty,remove_incomplete_rows
,,,,,,,<na>,,,,,,,21,all important fields empty,remove_incomplete_rows
,,,,,,,<na>,,,,,,,24,all important fields empty,remove_incomplete_rows
,,,,,,,<na>,,,,,,,25,all important fields empty,remove_incomplete_rows
,,,,,,,<na>,,,,,,,29,all important fields empty,remove_incomplete_rows
,,,,,,,<na>,,,,,,,30,all important fields empty,remove_incomplete_rows
,,,,,,,<na>,,,,,,,34,all important fields empty,remove_incomplete_rows
,,,,,,,<na>,,,,,,,35,all important fields empty,remove_incomplete_rows
,,,,,,,<na>,,,,,,,38,all important fields empty,remove_incomplete_rows
,,,,,,,<na>,,,,,,,39,all important fields empty,remove_incomplete_rows
,,,,,,,<na>,,,,,,,42,all important fields empty,remove_incomplete_rows
,,,,,,,<na>,,,,,,,43,all important fields empty,remove_incomplete_rows
,,,,,,,<na>,,,,,,,49,all important fields empty,remove_incomplete_rows
,,,,,,,<na>,,,,,,,50,all important fields empty,remove_incomplete_rows
,,,,,,,<na>,,,,,,,53,all important fields empty,remove_incomplete_rows
,,,,,,,<na>,,,,,,,54,all important fields empty,remove_incomplete_rows
,,,,,,,<na>,,,,,,,59,all important fields empty,remove_incomplete_rows
,,,,,,,<na>,,,,,,,60,all important fields empty,remove_incomplete_rows
,,,,,,,<na>,,,,,,,63,all important fields empty,remove_incomplete_rows
,,,,,,,<na>,,,,,,,64,all important fields empty,remove_incomplete_rows
,,,,,,,<na>,,,,,,,68,all important fields empty,remove_incomplete_rows
,,,,,,,<na>,,,,,,,69,all important fields empty,remove_incomplete_rows
,,,,,,,<na>,,,,,,,73,all important fields empty,remove_incomplete_rows
,,,,,,,<na>,,,,,,,74,all important fields empty,remove_incomplete_rows
,,,,,,,<na>,,,,,,,77,all important fields empty,remove_incomplete_rows
,,,,,,,<na>,,,,,,,78,all important fields empty,remove_incomplete_rows
,,,,,,,<na>,,,,,,,87,all important fields empty,remove_incomplete_rows
,,,,,,,<na>,,,,,,,88,all important fields empty,remove_incomplete_rows
,,,,,,,<na>,,,,,,,91,all important fields empty,remove_incomplete_rows
,,,,,,,<na>,,,,,,,92,all important fields empty,remove_incomplete_rows
,,,,,,,<na>,,,,,,,95,all important fields empty,remove_incomplete_rows
,,,,,,,<na>,,,,,,,96,all important fields empty,remove_incomplete_rows
,,,,,,,<na>,,,,,,,99,all important fields empty,remove_incomplete_rows
,,,,,,,<na>,,,,,,,100,all important fields empty,remove_incomplete_rows
,,,,,,,<na>,,,,,,,103,all important fields empty,remove_incomplete_rows
,,,,,,,<na>,,,,,,,104,all important fields empty,remove_incomplete_rows
,,,,,,,<na>,,,,,,,108,all important fields empty,remove_incomplete_rows
,,,,,,,<na>,,,,,,,109,all important fields empty,remove_incomplete_rows
,,,,,,,<na>,,,,,,,112,all important fields empty,remove_incomplete_rows
,,,,,,,<na>,,,,,,,113,all important fields empty,remove_incomplete_rows
,,,,,,,<na>,,,,,,,118,all important fields empty,remove_incomplete_rows
,,,,,,,<na>,,,,,,,119,all important fields empty,remove_incomplete_rows
,,,,,,,<na>,,,,,,,123,all important fields empty,remove_incomplete_rows
,,,,,,,<na>,,,,,,,124,all important fields empty,remove_incomplete_rows
,,,,,,,<na>,,,,,,,127,all important fields empty,remove_incomplete_rows
,,,,,,,<na>,,,,,,,128,all important fields empty,remove_incomplete_rows
,,,,,,,<na>,,,,,,,131,all important fields empty,remove_incomplete_rows
,,,,,,,<na>,,,,,,,132,all important fields empty,remove_incomplete_rows
,,,,,,,<na>,,,,,,,135,all important fields empty,remove_incomplete_rows
,,,,,,,<na>,,,,,,,136,all important fields empty,remove_incomplete_rows
,,,,,,,<na>,,,,,,,142,all important fields empty,remove_incomplete_rows
,,,,,,,<na>,,,,,,,143,all important fields empty,remove_incomplete_rows
,,,,,,,<na>,,,,,,,146,all important fields empty,remove_incomplete_rows
,,,,,,,<na>,,,,,,,147,all important fields empty,remove_incomplete_rows
,,,,,,,<na>,,,,,,,150,all important fields empty,remove_incomplete_rows
,,,,,,,<na>,,,,,,,151,all important fields empty,remove_incomplete_rows
,,,,,,,<na>,,,,,,,165,all important fields empty,remove_incomplete_rows
,,,,,,,<na>,,,,,,,166,all important fields empty,remove_incomplete_rows
,,,,,,,<na>,,,,,,,169,all important fields empty,remove_incomplete_rows
,,,,,,,<na>,,,,,,,170,all important fields empty,remove_incomplete_rows
,,,,,,,<na>,,,,,,,173,all important fields empty,remove_incomplete_rows
,,,,,,,<na>,,,,,,,174,all important fields empty,remove_incomplete_rows
,,,,,,,<na>,,,,,,,178,all important fields empty,remove_incomplete_rows
,,,,,,,<na>,,,,,,,179,all important fields empty,remove_incomplete_rows
,,,,,,,<na>,,,,,,,182,all important fields empty,remove_incomplete_rows
,,,,,,,<na>,,,,,,,183,all important fields empty,remove_incomplete_rows
,,,,,,,<na>,,,,,,,188,all important fields empty,remove_incomplete_rows
,,,,,,,<na>,,,,,,,189,all important fields empty,remove_incomplete_rows
,,,,,,,<na>,,,,,,,192,all important fields empty,remove_incomplete_rows
,,,,,,,<na>,,,,,,,193,all important fields empty,remove_incomplete_rows
,,,,,,,<na>,,,,,,,196,all important fields empty,remove_incomplete_rows
,,,,,,,<na>,,,,,,,197,all important fields empty,remove_incomplete_rows
,,,,,,,<na>,,,,,,,201,all important fields empty,remove_incomplete_rows
,,,,,,,<na>,,,,,,,202,all important fields empty,remove_incomplete_rows
,,,,,,,<na>,,,,,,,205,all important fields empty,remove_incomplete_rows
,,,,,,,<na>,,,,,,,206,all important fields empty,remove_incomplete_rows
,,,,,,,<na>,,,,,,,210,all important fields empty,remove_incomplete_rows
,,,,,,,<na>,,,,,,,211,all important fields empty,remove_incomplete_rows
,,,,,,,<na>,,,,,,,214,all important fields empty,remove_incomplete_rows
,,,,,,,<na>,,,,,,,215,all important fields empty,remove_incomplete_rows
,,,,,,,<na>,,,,,,,218,all important fields empty,remove_incomplete_rows
,,,,,,,<na>,,,,,,,219,all important fields empty,remove_incomplete_rows
,,,,,,,<na>,,,,,,,224,all important fields empty,remove_incomplete_rows
,,,,,,,<na>,,,,,,,225,all important fields empty,remove_incomplete_rows
,,,,,,,<na>,,,,,,,228,all important fields empty,remove_incomplete_rows
,,,,,,,<na>,,,,,,,229,all important fields empty,remove_incomplete_rows
,,,,,,,<na>,,,,,,,233,all important fields empty,remove_incomplete_rows
,,,,,,,<na>,,,,,,,234,all important fields empty,remove_incomplete_rows
,,,,,,,<na>,,,,,,,238,all important fields empty,remove_incomplete_rows
,,,,,,,<na>,,,,,,,239,all important fields empty,remove_incomplete_rows
,,,,,,,<na>,,,,,,,243,all important fields empty,remove_incomplete_rows
,,,,,,,<na>,,,,,,,244,all important fields empty,remove_incomplete_rows
,,,,,,,<na>,,,,,,,248,all important fields empty,remove_incomplete_rows
,,,,,,,<na>,,,,,,,249,all important fields empty,remove_incomplete_rows
,,,,,,,<na>,,,,,,,252,all important fields empty,remove_incomplete_rows
,,,,,,,<na>,,,,,,,253,all important fields empty,remove_incomplete_rows
,,,,,,,<na>,,,,,,,262,all important fields empty,remove_incomplete_rows
,,,,,,,<na>,,,,,,,263,all important fields empty,remove_incomplete_rows
,,,,,,,<na>,,,,,,,266,all important fields empty,remove_incomplete_rows
,,,,,,,<na>,,,,,,,267,all important fields empty,remove_incomplete_rows
,,,,,,,<na>,,,,,,,270,all important fields empty,remove_incomplete_rows
,,,,,,,<na>,,,,,,,271,all important fields empty,remove_incomplete_rows
,,,,,,,<na>,,,,,,,274,all important fields empty,remove_incomplete_rows
,,,,,,,<na>,,,,,,,275,all important fields empty,remove_incomplete_rows
,,,,,,,<na>,,,,,,,278,all important fields empty,remove_incomplete_rows
,,,,,,,<na>,,,,,,,279,all important fields empty,remove_incomplete_rows
,,,,,,,<na>,,,,,,,283,all important fields empty,remove_incomplete_rows
,,,,,,,<na>,,,,,,,284,all important fields empty,remove_incomplete_rows
,,,,,,,<na>,,,,,,,287,all important fields empty,remove_incomplete_rows
,,,,,,,<na>,,,,,,,288,all important fields empty,remove_incomplete_rows
,,,,,,,<na>,,,,,,,291,all important fields empty,remove_incomplete_rows
,,,,,,,<na>,,,,,,,292,all important fields empty,remove_incomplete_rows
,,,,,,,<na>,,,,,,,295,all important fields empty,remove_incomplete_rows
,,,,,,,<na>,,,,,,,296,all important fields empty,remove_incomplete_rows
,,,,,,,<na>,,,,,,,301,all important fields empty,remove_incomplete_rows
,,,,,,,<na>,,,,,,,302,all important fields empty,remove_incomplete_rows
,,,,,,,<na>,,,,,,,306,all important fields empty,remove_incomplete_rows
,,,,,,,<na>,,,,,,,307,all important fields empty,remove_incomplete_rows
,,,,,,,<na>,,,,,,,310,all important fields empty,remove_incomplete_rows
,,,,,,,<na>,,,,,,,311,all important fields empty,remove_incomplete_rows
,,,,,,,<na>,,,,,,,315,all important fields empty,remove_incomplete_rows
,,,,,,,<na>,,,,,,,316,all important fields empty,remove_incomplete_rows
,,,,,,,<na>,,,,,,,319,all important fields empty,remove_incomplete_rows
,,,,,,,<na>,,,,,,,320,all important fields empty,remove_incomplete_rows
,,,,,,,<na>,,,,,,,325,all important fields empty,remove_incomplete_rows
,,,,,,,<na>,,,,,,,326,all important fields empty,remove_incomplete_rows
,,,,,,,<na>,,,,,,,329,all important fields empty,remove_incomplete_rows
,,,,,,,<na>,,,,,,,330,all important fields empty,remove_incomplete_rows
,,,,,,,<na>,,,,,,,333,all important fields empty,remove_incomplete_rows
,,,,,,,<na>,,,,,,,334,all important fields empty,remove_incomplete_rows
,,,,,,,<na>,,,,,,,338,all important fields empty,remove_incomplete_rows
,,,,,,,<na>,,,,,,,339,all important fields empty,remove_incomplete_rows
,,,,,,,<na>,,,,,,,343,all important fields empty,remove_incomplete_rows
,,,,,,,<na>,,,,,,,344,all important fields empty,remove_incomplete_rows
,,,,,,,<na>,,,,,,,347,all important fields empty,remove_incomplete_rows
,,,,,,,<na>,,,,,,,348,all important fields empty,remove_incomplete_rows
,,,,,,,<na>,,,,,,,351,all important fields empty,remove_incomplete_rows
,,,,,,,<na>,,,,,,,352,all important fields empty,remove_incomplete_rows
,,,,,,,<na>,,,,,,,356,all important fields empty,remove_incomplete_rows
,,,,,,,<na>,,,,,,,357,all important fields empty,remove_incomplete_rows
,,,,,,,<na>,,,,,,,360,all important fields empty,remove_incomplete_rows
,,,,,,,<na>,,,,,,,361,all important fields empty,remove_incomplete_rows
,,,,,,,<na>,,,,,,,364,all important fields empty,remove_incomplete_rows
,,,,,,,<na>,,,,,,,365,all important fields empty,remove_incomplete_rows
,,,,,,,<na>,,,,,,,370,all important fields empty,remove_incomplete_rows
,,,,,,,<na>,,,,,,,371,all important fields empty,remove_incomplete_rows
,,,,,,,<na>,,,,,,,374,all important fields empty,remove_incomplete_rows
,,,,,,,<na>,,,,,,,375,all important fields empty,remove_incomplete_rows
,,,,,,,<na>,,,,,,,378,all important fields empty,remove_incomplete_rows
,,,,,,,<na>,,,,,,,379,all important fields empty,remove_incomplete_rows
,,,,,,,<na>,,,,,,,382,all important fields empty,remove_incomplete_rows
,,,,,,,<na>,,,,,,,383,all important fields empty,remove_incomplete_rows
,,,,,,,<na>,,,,,,,392,all important fields empty,remove_incomplete_rows
,,,,,,,<na>,,,,,,,393,all important fields empty,remove_incomplete_rows
,,,,,,,<na>,,,,,,,396,all important fields empty,remove_incomplete_rows
,,,,,,,<na>,,,,,,,397,all important fields empty,remove_incomplete_rows
,,,,,,,<na>,,,,,,,401,all important fields empty,remove_incomplete_rows
,,,,,,,<na>,,,,,,,402,all important fields empty,remove_incomplete_rows
,,,,,,,<na>,,,,,,,407,all important fields empty,remove_incomplete_rows
,,,,,,,<na>,,,,,,,408,all important fields empty,remove_incomplete_rows
,,,,,,,<na>,,,,,,,413,all important fields empty,remove_incomplete_rows
,,,,,,,<na>,,,,,,,414,all important fields empty,remove_incomplete_rows
,,,,,,,<na>,,,,,,,417,all important fields empty,remove_incomplete_rows
,,,,,,,<na>,,,,,,,418,all important fields empty,remove_incomplete_rows
,,,,,,,<na>,,,,,,,421,all important fields empty,remove_incomplete_rows
,,,,,,,<na>,,,,,,,422,all important fields empty,remove_incomplete_rows
,,,,,,,<na>,,,,,,,425,all important fields empty,remove_incomplete_rows
,,,,,,,<na>,,,,,,,426,all important fields empty,remove_incomplete_rows
,,,,,,,<na>,,,,,,,429,all important fields empty,remove_incomplete_rows
,,,,,,,<na>,,,,,,,430,all important fields empty,remove_incomplete_rows
,,,,,,,<na>,,,,,,,434,all important fields empty,remove_incomplete_rows
,,,,,,,<na>,,,,,,,435,all important fields empty,remove_incomplete_rows
,,,,,,,<na>,,,,,,,438,all important fields empty,remove_incomplete_rows
,,,,,,,<na>,,,,,,,439,all important fields empty,remove_incomplete_rows
,,,,,,,<na>,,,,,,,442,all important fields empty,remove_incomplete_rows
,,,,,,,<na>,,,,,,,443,all important fields empty,remove_incomplete_rows
,,,,,,,<na>,,,,,,,447,all important fields empty,remove_incomplete_rows
,,,,,,,<na>,,,,,,,448,all important fields empty,remove_incomplete_rows
,,,,,,,<na>,,,,,,,451,all important fields empty,remove_incomplete_rows
,,,,,,,<na>,,,,,,,452,all important fields empty,remove_incomplete_rows
,,,,,,,<na>,,,,,,,455,all important fields empty,remove_incomplete_rows
,,,,,,,<na>,,,,,,,456,all important fields empty,remove_incomplete_rows
,,,,,,,<na>,,,,,,,464,all important fields empty,remove_incomplete_rows
,,,,,,,<na>,,,,,,,465,all important fields empty,remove_incomplete_rows
,,,,,,,<na>,,,,,,,469,all important fields empty,remove_incomplete_rows
,,,,,,,<na>,,,,,,,470,all important fields empty,remove_incomplete_rows
,,,,,,,<na>,,,,,,,473,all important fields empty,remove_incomplete_rows
,,,,,,,<na>,,,,,,,474,all important fields empty,remove_incomplete_rows
,,,,,,,<na>,,,,,,,477,all important fields empty,remove_incomplete_rows
,,,,,,,<na>,,,,,,,478,all important fields empty,remove_incomplete_rows
,,,,,,,<na>,,,,,,,481,all important fields empty,remove_incomplete_rows
,,,,,,,<na>,,,,,,,482,all important fields empty,remove_incomplete_rows
,,,,,,,<na>,,,,,,,486,all important fields empty,remove_incomplete_rows
,,,,,,,<na>,,,,,,,487,all important fields empty,remove_incomplete_rows
,,,,,,,<na>,,,,,,,491,all important fields empty,remove_incomplete_rows
,,,,,,,<na>,,,,,,,492,all important fields empty,remove_incomplete_rows
,,,,,,,<na>,,,,,,,495,all important fields empty,remove_incomplete_rows
,,,,,,,<na>,,,,,,,496,all important fields empty,remove_incomplete_rows
,,,,,,,<na>,,,,,,,499,all important fields empty,remove_incomplete_rows
,,,,,,,<na>,,,,,,,500,all important fields empty,remove_incomplete_rows
,,,,,,,<na>,,,,,,,503,all important fields empty,remove_incomplete_rows
,,,,,,,<na>,,,,,,,504,all important fields empty,remove_incomplete_rows
,,,,,,,<na>,,,,,,,507,all important fields empty,remove_incomplete_rows
,,,,,,,<na>,,,,,,,508,all important fields empty,remove_incomplete_rows
,,,,,,,<na>,,,,,,,511,all important fields empty,remove_incomplete_rows
,,,,,,,<na>,,,,,,,512,all important fields empty,remove_incomplete_rows
,,,,,,,<na>,,,,,,,515,all important fields empty,remove_incomplete_rows
,,,,,,,<na>,,,,,,,516,all important fields empty,remove_incomplete_rows
,,,,,,,<na>,,,,,,,520,all important fields empty,remove_incomplete_rows
,,,,,,,<na>,,,,,,,521,all important fields empty,remove_incomplete_rows
,,,,,,,<na>,,,,,,,528,all important fields empty,remove_incomplete_rows
,,,,,,,<na>,,,,,,,529,all important fields empty,remove_incomplete_rows
,,,,,,,<na>,,,,,,,533,all important fields empty,remove_incomplete_rows
,,,,,,,<na>,,,,,,,534,all important fields empty,remove_incomplete_rows
,,,,,,,<na>,,,,,,,537,all important fields empty,remove_incomplete_rows
,,,,,,,<na>,,,,,,,538,all important fields empty,remove_incomplete_rows
,,,,,,,<na>,,,,,,,541,all important fields empty,remove_incomplete_rows
,,,,,,,<na>,,,,,,,542,all important fields empty,remove_incomplete_rows
,,,,,,,<na>,,,,,,,547,all important fields empty,remove_incomplete_rows
,,,,,,,<na>,,,,,,,548,all important fields empty,remove_incomplete_rows
,,,,,,,<na>,,,,,,,551,all important fields empty,remove_incomplete_rows
,,,,,,,<na>,,,,,,,552,all important fields empty,remove_incomplete_rows
,,,,,,,<na>,,,,,,,555,all important fields empty,remove_incomplete_rows
,,,,,,,<na>,,,,,,,556,all important fields empty,remove_incomplete_rows
,,,,,,,<na>,,,,,,,559,all important fields empty,remove_incomplete_rows
,,,,,,,<na>,,,,,,,560,all important fields empty,remove_incomplete_rows
,,,,,,,<na>,,,,,,,563,all important fields empty,remove_incomplete_rows
,,,,,,,<na>,,,,,,,564,all important fields empty,remove_incomplete_rows
,,,,,,,<na>,,,,,,,567,all important fields empty,remove_incomplete_rows
,,,,,,,<na>,,,,,,,568,all important fields empty,remove_incomplete_rows
,,,,,,,<na>,,,,,,,572,all important fields empty,remove_incomplete_rows
,,,,,,,<na>,,,,,,,573,all important fields empty,remove_incomplete_rows
,,,,,,,<na>,,,,,,,576,all important fields empty,remove_incomplete_rows
,,,,,,,<na>,,,,,,,577,all important fields empty,remove_incomplete_rows
,,,,,,,<na>,,,,,,,580,all important fields empty,remove_incomplete_rows
,,,,,,,<na>,,,,,,,581,all important fields empty,remove_incomplete_rows
,,,,,,,<na>,,,,,,,585,all important fields empty,remove_incomplete_rows
,,,,,,,<na>,,,,,,,586,all important fields empty,remove_incomplete_rows
,,,,,,,<na>,,,,,,,589,all important fields empty,remove_incomplete_rows
,,,,,,,<na>,,,,,,,590,all important fields empty,remove_incomplete_rows
,,,,,,,<na>,,,,,,,593,all important fields empty,remove_incomplete_rows
,,,,,,,<na>,,,,,,,594,all important fields empty,remove_incomplete_rows
,,,,,,,<na>,,,,,,,597,all important fields empty,remove_incomplete_rows
,,,,,,,<na>,,,,,,,598,all important fields empty,remove_incomplete_rows
,,,,,,,<na>,,,,,,,602,all important fields empty,remove_incomplete_rows
,,,,,,,<na>,,,,,,,603,all important fields empty,remove_incomplete_rows
,,,,,,,<na>,,,,,,,608,all important fields empty,remove_incomplete_rows
,,,,,,,<na>,,,,,,,609,all important fields empty,remove_incomplete_rows
,,,,,,,<na>,,,,,,,613,all important fields empty,remove_incomplete_rows
,,,,,,,<na>,,,,,,,614,all important fields empty,remove_incomplete_rows
,,,,,,,<na>,,,,,,,618,all important fields empty,remove_incomplete_rows
,,,,,,,<na>,,,,,,,619,all important fields empty,remove_incomplete_rows
,,,,,,,<na>,,,,,,,623,all important fields empty,remove_incomplete_rows
,,,,,,,<na>,,,,,,,624,all important fields empty,remove_incomplete_rows
,,,,,,,<na>,,,,,,,630,all important fields empty,remove_incomplete_rows
,,,,,,,<na>,,,,,,,631,all important fields empty,remove_incomplete_rows
,,,,,,,<na>,,,,,,,643,all important fields empty,remove_incomplete_rows
,,,,,,,<na>,,,,,,,644,all important fields empty,remove_incomplete_rows
,,,,,,,<na>,,,,,,,648,all important fields empty,remove_incomplete_rows
,,,,,,,<na>,,,,,,,649,all important fields empty,remove_incomplete_rows
,,,,,,,<na>,,,,,,,654,all important fields empty,remove_incomplete_rows
,,,,,,,<na>,,,,,,,655,all important fields empty,remove_incomplete_rows
,,,,,,,<na>,,,,,,,660,all important fields empty,remove_incomplete_rows
,,,,,,,<na>,,,,,,,661,all important fields empty,remove_incomplete_rows
,,,,,,,<na>,,,,,,,668,all important fields empty,remove_incomplete_rows
,,,,,,,<na>,,,,,,,669,all important fields empty,remove_incomplete_rows
,,,,,,,<na>,,,,,,,672,all important fields empty,remove_incomplete_rows
,,,,,,,<na>,,,,,,,673,all important fields empty,remove_incomplete_rows
,,,,,,,<na>,,,,,,,677,all important fields empty,remove_incomplete_rows
,,,,,,,<na>,,,,,,,678,all important fields empty,remove_incomplete_rows
,,,,,,,<na>,,,,,,,681,all important fields empty,remove_incomplete_rows
,,,,,,,<na>,,,,,,,682,all important fields empty,remove_incomplete_rows
,,,,,,,<na>,,,,,,,685,all important fields empty,remove_incomplete_rows
,,,,,,,<na>,,,,,,,686,all important fields empty,remove_incomplete_rows
,,,,,,,<na>,,,,,,,689,all important fields empty,remove_incomplete_rows
,,,,,,,<na>,,,,,,,690,all important fields empty,remove_incomplete_rows
,,,,,,,<na>,,,,,,,695,all important fields empty,remove_incomplete_rows
,,,,,,,<na>,,,,,,,696,all important fields empty,remove_incomplete_rows
,,,,,,,<na>,,,,,,,699,all important fields empty,remove_incomplete_rows
,,,,,,,<na>,,,,,,,700,all important fields empty,remove_incomplete_rows
,,,,,,,<na>,,,,,,,703,all important fields empty,remove_incomplete_rows
,,,,,,,<na>,,,,,,,704,all important fields empty,remove_incomplete_rows
,,,,,,,<na>,,,,,,,708,all important fields empty,remove_incomplete_rows
,,,,,,,<na>,,,,,,,709,all important fields empty,remove_incomplete_rows
,,,,,,,<na>,,,,,,,713,all important fields empty,remove_incomplete_rows
,,,,,,,<na>,,,,,,,714,all important fields empty,remove_incomplete_rows
,,,,,,,<na>,,,,,,,722,all important fields empty,remove_incomplete_rows
,,,,,,,<na>,,,,,,,723,all important fields empty,remove_incomplete_rows
,,,,,,,<na>,,,,,,,727,all important fields empty,remove_incomplete_rows
,,,,,,,<na>,,,,,,,728,all important fields empty,remove_incomplete_rows
,,,,,,,<na>,,,,,,,731,all important fields empty,remove_incomplete_rows
,,,,,,,<na>,,,,,,,732,all important fields empty,remove_incomplete_rows
,,,,,,,<na>,,,,,,,735,all important fields empty,remove_incomplete_rows
,,,,,,,<na>,,,,,,,736,all important fields empty,remove_incomplete_rows
,,,,,,,<na>,,,,,,,739,all important fields empty,remove_incomplete_rows
,,,,,,,<na>,,,,,,,740,all important fields empty,remove_incomplete_rows
,,,,,,,<na>,,,,,,,743,all important fields empty,remove_incomplete_rows
,,,,,,,<na>,,,,,,,744,all important fields empty,remove_incomplete_rows
,,,,,,,<na>,,,,,,,747,all important fields empty,remove_incomplete_rows
,,,,,,,<na>,,,,,,,748,all important fields empty,remove_incomplete_rows
,,,,,,,<na>,,,,,,,752,all important fields empty,remove_incomplete_rows
,,,,,,,<na>,,,,,,,753,all important fields empty,remove_incomplete_rows
,,,,,,,<na>,,,,,,,757,all important fields empty,remove_incomplete_rows
,,,,,,,<na>,,,,,,,758,all important fields empty,remove_incomplete_rows
,,,,,,,<na>,,,,,,,761,all important fields empty,remove_incomplete_rows
,,,,,,,<na>,,,,,,,762,all important fields empty,remove_incomplete_rows
,,,,,,,<na>,,,,,,,766,all important fields empty,remove_incomplete_rows
,,,,,,,<na>,,,,,,,767,all important fields empty,remove_incomplete_rows
,,,,,,,<na>,,,,,,,771,all important fields empty,remove_incomplete_rows
,,,,,,,<na>,,,,,,,772,all important fields empty,remove_incomplete_rows
,,,,,,,<na>,,,,,,,775,all important fields empty,remove_incomplete_rows
,,,,,,,<na>,,,,,,,776,all important fields empty,remove_incomplete_rows
,,,,,,,<na>,,,,,,,786,all important fields empty,remove_incomplete_rows
,,,,,,,<na>,,,,,,,787,all important fields empty,remove_incomplete_rows
,,,,,,,<na>,,,,,,,790,all important fields empty,remove_incomplete_rows
,,,,,,,<na>,,,,,,,791,all important fields empty,remove_incomplete_rows
,,,,,,,<na>,,,,,,,794,all important fields empty,remove_incomplete_rows
,,,,,,,<na>,,,,,,,795,all important fields empty,remove_incomplete_rows
,,,,,,,<na>,,,,,,,798,all important fields empty,remove_incomplete_rows
,,,,,,,<na>,,,,,,,799,all important fields empty,remove_incomplete_rows
,,,,,,,<na>,,,,,,,803,all important fields empty,remove_incomplete_rows
,,,,,,,<na>,,,,,,,804,all important fields empty,remove_incomplete_rows
,,,,,,,<na>,,,,,,,807,all important fields empty,remove_incomplete_rows
,,,,,,,<na>,,,,,,,808,all important fields empty,remove_incomplete_rows
,,,,,,,<na>,,,,,,,813,all important fields empty,remove_incomplete_rows
,,,,,,,<na>,,,,,,,814,all important fields empty,remove_incomplete_rows
,,,,,,,<na>,,,,,,,817,all important fields empty,remove_incomplete_rows
,,,,,,,<na>,,,,,,,818,all important fields empty,remove_incomplete_rows
,,,,,,,<na>,,,,,,,822,all important fields empty,remove_incomplete_rows
,,,,,,,<na>,,,,,,,823,all important fields empty,remove_incomplete_rows
,,,,,,,<na>,,,,,,,826,all important fields empty,remove_incomplete_rows
,,,,,,,<na>,,,,,,,827,all important fields empty,remove_incomplete_rows
,,,,,,,<na>,,,,,,,831,all important fields empty,remove_incomplete_rows
,,,,,,,<na>,,,,,,,832,all important fields empty,remove_incomplete_rows
,,,,,,,<na>,,,,,,,835,all important fields empty,remove_incomplete_rows
,,,,,,,<na>,,,,,,,836,all important fields empty,remove_incomplete_rows
,,,,,,,<na>,,,,,,,840,all important fields empty,remove_incomplete_rows
,,,,,,,<na>,,,,,,,841,all important fields empty,remove_incomplete_rows
,,,,,,,<na>,,,,,,,845,all important fields empty,remove_incomplete_rows
,,,,,,,<na>,,,,,,,846,all important fields empty,remove_incomplete_rows
,,,,,,,<na>,,,,,,,849,all important fields empty,remove_incomplete_rows
,,,,,,,<na>,,,,,,,850,all important fields empty,remove_incomplete_rows
,,,,,,,<na>,,,,,,,853,all important fields empty,remove_incomplete_rows
,,,,,,,<na>,,,,,,,854,all important fields empty,remove_incomplete_rows
,,,,,,,<na>,,,,,,,857,all important fields empty,remove_incomplete_rows
,,,,,,,<na>,,,,,,,858,all important fields empty,remove_incomplete_rows
,,,,,,,<na>,,,,,,,861,all important fields empty,remove_incomplete_rows
,,,,,,,<na>,,,,,,,862,all important fields empty,remove_incomplete_rows
,,,,,,,<na>,,,,,,,865,all important fields empty,remove_incomplete_rows
,,,,,,,<na>,,,,,,,866,all important fields empty,remove_incomplete_rows
,,,,,,,<na>,,,,,,,869,all important fields empty,remove_incomplete_rows
,,,,,,,<na>,,,,,,,870,all important fields empty,remove_incomplete_rows
,,,,,,,<na>,,,,,,,874,all important fields empty,remove_incomplete_rows
,,,,,,,<na>,,,,,,,875,all important fields empty,remove_incomplete_rows
,,,,,,,<na>,,,,,,,878,all important fields empty,remove_incomplete_rows
,,,,,,,<na>,,,,,,,879,all important fields empty,remove_incomplete_rows
,,,,,,,<na>,,,,,,,885,all important fields empty,remove_incomplete_rows
,,,,,,,<na>,,,,,,,886,all important fields empty,remove_incomplete_rows
,,,,,,,<na>,,,,,,,889,all important fields empty,remove_incomplete_rows
,,,,,,,<na>,,,,,,,890,all important fields empty,remove_incomplete_rows
,,,,,,,<na>,,,,,,,894,all important fields empty,remove_incomplete_rows
,,,,,,,<na>,,,,,,,895,all important fields empty,remove_incomplete_rows
,,,,,,,<na>,,,,,,,899,all important fields empty,remove_incomplete_rows
,,,,,,,<na>,,,,,,,900,all important fields empty,remove_incomplete_rows
,,,,,,,<na>,,,,,,,909,all important fields empty,remove_incomplete_rows
,,,,,,,<na>,,,,,,,910,all important fields empty,remove_incomplete_rows
,,,,,,,<na>,,,,,,,913,all important fields empty,remove_incomplete_rows
,,,,,,,<na>,,,,,,,914,all important fields empty,remove_incomplete_rows
,,,,,,,<na>,,,,,,,918,all important fields empty,remove_incomplete_rows
,,,,,,,<na>,,,,,,,919,all important fields empty,remove_incomplete_rows
,,,,,,,<na>,,,,,,,922,all important fields empty,remove_incomplete_rows
,,,,,,,<na>,,,,,,,923,all important fields empty,remove_incomplete_rows
,,,,,,,<na>,,,,,,,926,all important fields empty,remove_incomplete_rows
,,,,,,,<na>,,,,,,,927,all important fields empty,remove_incomplete_rows
,,,,,,,<na>,,,,,,,930,all important fields empty,remove_incomplete_rows
,,,,,,,<na>,,,,,,,931,all important fields empty,remove_incomplete_rows
,,,,,,,<na>,,,,,,,934,all important fields empty,remove_incomplete_rows
,,,,,,,<na>,,,,,,,935,all important fields empty,remove_incomplete_rows
,,,,,,,<na>,,,,,,,938,all important fields empty,remove_incomplete_rows
,,,,,,,<na>,,,,,,,939,all important fields empty,remove_incomplete_rows
,,,,,,,<na>,,,,,,,944,all important fields empty,remove_incomplete_rows
,,,,,,,<na>,,,,,,,945,all important fields empty,remove_incomplete_rows
,,,,,,,<na>,,,,,,,948,all important fields empty,remove_incomplete_rows
,,,,,,,<na>,,,,,,,949,all important fields empty,remove_incomplete_rows
,,,,,,,<na>,,,,,,,953,all important fields empty,remove_incomplete_rows
,,,,,,,<na>,,,,,,,954,all important fields empty,remove_incomplete_rows
,,,,,,,<na>,,,,,,,957,all important fields empty,remove_incomplete_rows
,,,,,,,<na>,,,,,,,958,all important fields empty,remove_incomplete_rows
,,,,,,,<na>,,,,,,,962,all important fields empty,remove_incomplete_rows
,,,,,,,<na>,,,,,,,963,all important fields empty,remove_incomplete_rows
,,,,,,,<na>,,,,,,,966,all important fields empty,remove_incomplete_rows
,,,,,,,<na>,,,,,,,967,all important fields empty,remove_incomplete_rows
,,,,,,,<na>,,,,,,,970,all important fields empty,remove_incomplete_rows
,,,,,,,<na>,,,,,,,971,all important fields empty,remove_incomplete_rows
,,,,,,,<na>,,,,,,,982,all important fields empty,remove_incomplete_rows
,,,,,,,<na>,,,,,,,983,all important fields empty,remove_incomplete_rows
,,,,,,,<na>,,,,,,,986,all important fields empty,remove_incomplete_rows
,,,,,,,<na>,,,,,,,987,all important fields empty,remove_incomplete_rows
,,,,,,,<na>,,,,,,,990,all important fields empty,remove_incomplete_rows
,,,,,,,<na>,,,,,,,991,all important fields empty,remove_incomplete_rows
,,,,,,,<na>,,,,,,,995,all important fields empty,remove_incomplete_rows
,,,,,,,<na>,,,,,,,996,all important fields empty,remove_incomplete_rows
,,,,,,,<na>,,,,,,,999,all important fields empty,remove_incomplete_rows
,,,,,,,<na>,,,,,,,1000,all important fields empty,remove_incomplete_rows
,,,,,,,<na>,,,,,,,1003,all important fields empty,remove_incomplete_rows
,,,,,,,<na>,,,,,,,1004,all important fields empty,remove_incomplete_rows
,,,,,,,<na>,,,,,,,1009,all important fields empty,remove_incomplete_rows
,,,,,,,<na>,,,,,,,1010,all important fields empty,remove_incomplete_rows
,,,,,,,<na>,,,,,,,1013,all important fields empty,remove_incomplete_rows
,,,,,,,<na>,,,,,,,1014,all important fields empty,remove_incomplete_rows
,,,,,,,<na>,,,,,,,1023,all important fields empty,remove_incomplete_rows
,,,,,,,<na>,,,,,,,1024,all important fields empty,remove_incomplete_rows
,,,,,,,<na>,,,,,,,1028,all important fields empty,remove_incomplete_rows
,,,,,,,<na>,,,,,,,1029,all important fields empty,remove_incomplete_rows
,,,,,,,<na>,,,,,,,1032,all important fields empty,remove_incomplete_rows
,,,,,,,<na>,,,,,,,1033,all important fields empty,remove_incomplete_rows
,,,,,,,<na>,,,,,,,1036,all important fields empty,remove_incomplete_rows
,,,,,,,<na>,,,,,,,1037,all important fields empty,remove_incomplete_rows
,,,,,,,<na>,,,,,,,1040,all important fields empty,remove_incomplete_rows
,,,,,,,<na>,,,,,,,1041,all important fields empty,remove_incomplete_rows
,,,,,,,<na>,,,,,,,1045,all important fields empty,remove_incomplete_rows
,,,,,,,<na>,,,,,,,1046,all important fields empty,remove_incomplete_rows
,,,,,,,<na>,,,,,,,1049,all important fields empty,remove_incomplete_rows
,,,,,,,<na>,,,,,,,1050,all important fields empty,remove_incomplete_rows
,,,,,,,<na>,,,,,,,1053,all important fields empty,remove_incomplete_rows
,,,,,,,<na>,,,,,,,1054,all important fields empty,remove_incomplete_rows
,,,,,,,<na>,,,,,,,1057,all important fields empty,remove_incomplete_rows
,,,,,,,<na>,,,,,,,1058,all important fields empty,remove_incomplete_rows
,,,,,,,<na>,,,,,,,1061,all important fields empty,remove_incomplete_rows
,,,,,,,<na>,,,,,,,1062,all important fields empty,remove_incomplete_rows
,,,,,,,<na>,,,,,,,1067,all important fields empty,remove_incomplete_rows
,,,,,,,<na>,,,,,,,1068,all important fields empty,remove_incomplete_rows
,,,,,,,<na>,,,,,,,1071,all important fields empty,remove_incomplete_rows
,,,,,,,<na>,,,,,,,1072,all important fields empty,remove_incomplete_rows
,,,,,,,<na>,,,,,,,1077,all important fields empty,remove_incomplete_rows
,,,,,,,<na>,,,,,,,1078,all important fields empty,remove_incomplete_rows
,,,,,,,<na>,,,,,,,1082,all important fields empty,remove_incomplete_rows
,,,,,,,<na>,,,,,,,1083,all important fields empty,remove_incomplete_rows
,,,,,,,<na>,,,,,,,1086,all important fields empty,remove_incomplete_rows
,,,,,,,<na>,,,,,,,1087,all important fields empty,remove_incomplete_rows
,,,,,,,<na>,,,,,,,1091,all important fields empty,remove_incomplete_rows
,,,,,,,<na>,,,,,,,1092,all important fields empty,remove_incomplete_rows
,,,,,,,<na>,,,,,,,1098,all important fields empty,remove_incomplete_rows
,,,,,,,<na>,,,,,,,1099,all important fields empty,remove_incomplete_rows
,,,,,,,<na>,,,,,,,1102,all important fields empty,remove_incomplete_rows
,,,,,,,<na>,,,,,,,1103,all important fields empty,remove_incomplete_rows
,,,,,,,<na>,,,,,,,1109,all important fields empty,remove_incomplete_rows
,,,,,,,<na>,,,,,,,1110,all important fields empty,remove_incomplete_rows
,,,,,,,<na>,,,,,,,1113,all important fields empty,remove_incomplete_rows
,,,,,,,<na>,,,,,,,1114,all important fields empty,remove_incomplete_rows
,,,,,,,<na>,,,,,,,1117,all important fields empty,remove_incomplete_rows
,,,,,,,<na>,,,,,,,1118,all important fields empty,remove_incomplete_rows
,,,,,,,<na>,,,,,,,1122,all important fields empty,remove_incomplete_rows
,,,,,,,<na>,,,,,,,1123,all important fields empty,remove_incomplete_rows
,,,,,,,<na>,,,,,,,1126,all important fields empty,remove_incomplete_rows
,,,,,,,<na>,,,,,,,1127,all important fields empty,remove_incomplete_rows
,,,,,,,<na>,,,,,,,1133,all important fields empty,remove_incomplete_rows
,,,,,,,<na>,,,,,,,1134,all important fields empty,remove_incomplete_rows
,,,,,,,<na>,,,,,,,1137,all important fields empty,remove_incomplete_rows
,,,,,,,<na>,,,,,,,1138,all important fields empty,remove_incomplete_rows
,,,,,,,<na>,,,,,,,1141,all important fields empty,remove_incomplete_rows
,,,,,,,<na>,,,,,,,1142,all important fields empty,remove_incomplete_rows
,,,,,,,<na>,,,,,,,1145,all important fields empty,remove_incomplete_rows
,,,,,,,<na>,,,,,,,1146,all important fields empty,remove_incomplete_rows
,,,,,,,<na>,,,,,,,1149,all important fields empty,remove_incomplete_rows
,,,,,,,<na>,,,,,,,1150,all important fields empty,remove_incomplete_rows
,,,,,,,<na>,,,,,,,1153,all important fields empty,remove_incomplete_rows
,,,,,,,<na>,,,,,,,1154,all important fields empty,remove_incomplete_rows
,,,,,,,<na>,,,,,,,1158,all important fields empty,remove_incomplete_rows
,,,,,,,<na>,,,,,,,1159,all important fields empty,remove_incomplete_rows
,,,,,,,<na>,,,,,,,1164,all important fields empty,remove_incomplete_rows
,,,,,,,<na>,,,,,,,1165,all important fields empty,remove_incomplete_rows
,,,,,,,<na>,,,,,,,1169,all important fields empty,remove_incomplete_rows
,,,,,,,<na>,,,,,,,1170,all important fields empty,remove_incomplete_rows
,,,,,,,<na>,,,,,,,1173,all important fields empty,remove_incomplete_rows
,,,,,,,<na>,,,,,,,1174,all important fields empty,remove_incomplete_rows
,,,,,,,<na>,,,,,,,1178,all important fields empty,remove_incomplete_rows
,,,,,,,<na>,,,,,,,1179,all important fields empty,remove_incomplete_rows
,,,,,,,<na>,,,,,,,1184,all important fields empty,remove_incomplete_rows
,,,,,,,<na>,,,,,,,1185,all important fields empty,remove_incomplete_rows
,,,,,,,<na>,,,,,,,1189,all important fields empty,remove_incomplete_rows
,,,,,,,<na>,,,,,,,1190,all important fields empty,remove_incomplete_rows
,,,,,,,<na>,,,,,,,1193,all important fields empty,remove_incomplete_rows
,,,,,,,<na>,,,,,,,1194,all important fields empty,remove_incomplete_rows
,,,,,,,<na>,,,,,,,1197,all important fields empty,remove_incomplete_rows
,,,,,,,<na>,,,,,,,1198,all important fields empty,remove_incomplete_rows
,,,,,,,<na>,,,,,,,1202,all important fields empty,remove_incomplete_rows
,,,,,,,<na>,,,,,,,1203,all important fields empty,remove_incomplete_rows
,,,,,,,<na>,,,,,,,1206,all important fields empty,remove_incomplete_rows
,,,,,,,<na>,,,,,,,1207,all important fields empty,remove_incomplete_rows
,,,,,,,<na>,,,,,,,1211,all important fields empty,remove_incomplete_rows
,,,,,,,<na>,,,,,,,1212,all important fields empty,remove_incomplete_rows
,,,,,,,<na>,,,,,,,1215,all important fields empty,remove_incomplete_rows
,,,,,,,<na>,,,,,,,1216,all important fields empty,remove_incomplete_rows
,,,,,,,<na>,,,,,,,1220,all important fields empty,remove_incomplete_rows
,,,,,,,<na>,,,,,,,1221,all important fields empty,remove_incomplete_rows
,,,,,,,<na>,,,,,,,1224,all important fields empty,remove_incomplete_rows
,,,,,,,<na>,,,,,,,1225,all important fields empty,remove_incomplete_rows
,,,,,,,<na>,,,,,,,1228,all important fields empty,remove_incomplete_rows
,,,,,,,<na>,,,,,,,1229,all important fields empty,remove_incomplete_rows
,,,,,,,<na>,,,,,,,1233,all important fields empty,remove_incomplete_rows
,,,,,,,<na>,,,,,,,1234,all important fields empty,remove_incomplete_rows
,,,,,,,<na>,,,,,,,1237,all important fields empty,remove_incomplete_rows
,,,,,,,<na>,,,,,,,1238,all important fields empty,remove_incomplete_rows
,,,,,,,<na>,,,,,,,1242,all important fields empty,remove_incomplete_rows
,,,,,,,<na>,,,,,,,1243,all important fields empty,remove_incomplete_rows
,,,,,,,<na>,,,,,,,1247,all important fields empty,remove_incomplete_rows
,,,,,,,<na>,,,,,,,1248,all important fields empty,remove_incomplete_rows
,,,,,,,<na>,,,,,,,1252,all important fields empty,remove_incomplete_rows
,,,,,,,<na>,,,,,,,1253,all important fields empty,remove_incomplete_rows
,,,,,,,<na>,,,,,,,1263,all important fields empty,remove_incomplete_rows
,,,,,,,<na>,,,,,,,1264,all important fields empty,remove_incomplete_rows
,,,,,,,<na>,,,,,,,1268,all important fields empty,remove_incomplete_rows
,,,,,,,<na>,,,,,,,1269,all important fields empty,remove_incomplete_rows
,,,,,,,<na>,,,,,,,1272,all important fields empty,remove_incomplete_rows
,,,,,,,<na>,,,,,,,1273,all important fields empty,remove_incomplete_rows
,,,,,,,<na>,,,,,,,1276,all important fields empty,remove_incomplete_rows
,,,,,,,<na>,,,,,,,1277,all important fields empty,remove_incomplete_rows
,,,,,,,<na>,,,,,,,1283,all important fields empty,remove_incomplete_rows
,,,,,,,<na>,,,,,,,1284,all important fields empty,remove_incomplete_rows
,,,,,,,<na>,,,,,,,1287,all important fields empty,remove_incomplete_rows
,,,,,,,<na>,,,,,,,1288,all important fields empty,remove_incomplete_rows
,,,,,,,<na>,,,,,,,1291,all important fields empty,remove_incomplete_rows
,,,,,,,<na>,,,,,,,1292,all important fields empty,remove_incomplete_rows
,,,,,,,<na>,,,,,,,1295,all important fields empty,remove_incomplete_rows
,,,,,,,<na>,,,,,,,1296,all important fields empty,remove_incomplete_rows
,,,,,,,<na>,,,,,,,1299,all important fields empty,remove_incomplete_rows
,,,,,,,<na>,,,,,,,1300,all important fields empty,remove_incomplete_rows
,,,,,,,<na>,,,,,,,1303,all important fields empty,remove_incomplete_rows
,,,,,,,<na>,,,,,,,1304,all important fields empty,remove_incomplete_rows
,,,,,,,<na>,,,,,,,1310,all important fields empty,remove_incomplete_rows
,,,,,,,<na>,,,,,,,1311,all important fields empty,remove_incomplete_rows
,,,,,,,<na>,,,,,,,1314,all important fields empty,remove_incomplete_rows
,,,,,,,<na>,,,,,,,1315,all important fields empty,remove_incomplete_rows
,,,,,,,<na>,,,,,,,1318,all important fields empty,remove_incomplete_rows
,,,,,,,<na>,,,,,,,1319,all important fields empty,remove_incomplete_rows
,,,,,,,<na>,,,,,,,1322,all important fields empty,remove_incomplete_rows
,,,,,,,<na>,,,,,,,1323,all important fields empty,remove_incomplete_rows
,,,,,,,<na>,,,,,,,1326,all important fields empty,remove_incomplete_rows
,,,,,,,<na>,,,,,,,1327,all important fields empty,remove_incomplete_rows
,,,,,,,<na>,,,,,,,1330,all important fields empty,remove_incomplete_rows
,,,,,,,<na>,,,,,,,1331,all important fields empty,remove_incomplete_rows
,,,,,,,<na>,,,,,,,1336,all important fields empty,remove_incomplete_rows
,,,,,,,<na>,,,,,,,1337,all important fields empty,remove_incomplete_rows
,,,,,,,<na>,,,,,,,1343,all important fields empty,remove_incomplete_rows
,,,,,,,<na>,,,,,,,1344,all important fields empty,remove_incomplete_rows
,,,,,,,<na>,,,,,,,1347,all important fields empty,remove_incomplete_rows
,,,,,,,<na>,,,,,,,1348,all important fields empty,remove_incomplete_rows
,,,,,,,<na>,,,,,,,1354,all important fields empty,remove_incomplete_rows
,,,,,,,<na>,,,,,,,1355,all important fields empty,remove_incomplete_rows
,,,,,,,<na>,,,,,,,1359,all important fields empty,remove_incomplete_rows
,,,,,,,<na>,,,,,,,1360,all important fields empty,remove_incomplete_rows
,,,,,,,<na>,,,,,,,1363,all important fields empty,remove_incomplete_rows
,,,,,,,<na>,,,,,,,1364,all important fields empty,remove_incomplete_rows
,,,,,,,<na>,,,,,,,1367,all important fields empty,remove_incomplete_rows
,,,,,,,<na>,,,,,,,1368,all important fields empty,remove_incomplete_rows
,,,,,,,<na>,,,,,,,1371,all important fields empty,remove_incomplete_rows
,,,,,,,<na>,,,,,,,1372,all important fields empty,remove_incomplete_rows
,,,,,,,<na>,,,,,,,1376,all important fields empty,remove_incomplete_rows
,,,,,,,<na>,,,,,,,1377,all important fields empty,remove_incomplete_rows
,,,,,,,<na>,,,,,,,1380,all important fields empty,remove_incomplete_rows
,,,,,,,<na>,,,,,,,1381,all important fields empty,remove_incomplete_rows
,,,,,,,<na>,,,,,,,1386,all important fields empty,remove_incomplete_rows
,,,,,,,<na>,,,,,,,1387,all important fields empty,remove_incomplete_rows
,,,,,,,<na>,,,,,,,1391,all important fields empty,remove_incomplete_rows
,,,,,,,<na>,,,,,,,1392,all important fields empty,remove_incomplete_rows
,,,,,,,<na>,,,,,,,1395,all important fields empty,remove_incomplete_rows
,,,,,,,<na>,,,,,,,1396,all important fields empty,remove_incomplete_rows
,,,,,,,<na>,,,,,,,1399,all important fields empty,remove_incomplete_rows
,,,,,,,<na>,,,,,,,1400,all important fields empty,remove_incomplete_rows
,,,,,,,<na>,,,,,,,1406,all important fields empty,remove_incomplete_rows
,,,,,,,<na>,,,,,,,1407,all important fields empty,remove_incomplete_rows
,,,,,,,<na>,,,,,,,1410,all important fields empty,remove_incomplete_rows
,,,,,,,<na>,,,,,,,1411,all important fields empty,remove_incomplete_rows
,,,,,,,<na>,,,,,,,1415,all important fields empty,remove_incomplete_rows
,,,,,,,<na>,,,,,,,1416,all important fields empty,remove_incomplete_rows
,,,,,,,<na>,,,,,,,1420,all important fields empty,remove_incomplete_rows
,,,,,,,<na>,,,,,,,1421,all important fields empty,remove_incomplete_rows
,,,,,,,<na>,,,,,,,1424,all important fields empty,remove_incomplete_rows
,,,,,,,<na>,,,,,,,1425,all important fields empty,remove_incomplete_rows
,,,,,,,<na>,,,,,,,1431,all important fields empty,remove_incomplete_rows
,,,,,,,<na>,,,,,,,1432,all important fields empty,remove_incomplete_rows
,,,,,,,<na>,,,,,,,1435,all important fields empty,remove_incomplete_rows
,,,,,,,<na>,,,,,,,1436,all important fields empty,remove_incomplete_rows
,,,,,,,<na>,,,,,,,1439,all important fields empty,remove_incomplete_rows
,,,,,,,<na>,,,,,,,1440,all important fields empty,remove_incomplete_rows
,,,,,,,<na>,,,,,,,1443,all important fields empty,remove_incomplete_rows
,,,,,,,<na>,,,,,,,1444,all important fields empty,remove_incomplete_rows
,,,,,,,<na>,,,,,,,1447,all important fields empty,remove_incomplete_rows
,,,,,,,<na>,,,,,,,1448,all important fields empty,remove_incomplete_rows
,,,,,,,<na>,,,,,,,1451,all important fields empty,remove_incomplete_rows
,,,,,,,<na>,,,,,,,1452,all important fields empty,remove_incomplete_rows
,,,,,,,<na>,,,,,,,1455,all important fields empty,remove_incomplete_rows
,,,,,,,<na>,,,,,,,1456,all important fields empty,remove_incomplete_rows
,,,,,,,<na>,,,,,,,1463,all important fields empty,remove_incomplete_rows
,,,,,,,<na>,,,,,,,1464,all important fields empty,remove_incomplete_rows
,,,,,,,<na>,,,,,,,1468,all important fields empty,remove_incomplete_rows
,,,,,,,<na>,,,,,,,1469,all important fields empty,remove_incomplete_rows
,,,,,,,<na>,,,,,,,1475,all important fields empty,remove_incomplete_rows
,,,,,,,<na>,,,,,,,1476,all important fields empty,remove_incomplete_rows
,,,,,,,<na>,,,,,,,1479,all important fields empty,remove_incomplete_rows
,,,,,,,<na>,,,,,,,1480,all important fields empty,remove_incomplete_rows
,,,,,,,<na>,,,,,,,1484,all important fields empty,remove_incomplete_rows
,,,,,,,<na>,,,,,,,1485,all important fields empty,remove_incomplete_rows
,,,,,,,<na>,,,,,,,1488,all important fields empty,remove_incomplete_rows
,,,,,,,<na>,,,,,,,1489,all important fields empty,remove_incomplete_rows
,,,,,,,<na>,,,,,,,1493,all important fields empty,remove_incomplete_rows
,,,,,,,<na>,,,,,,,1494,all important fields empty,remove_incomplete_rows
,,,,,,,<na>,,,,,,,1504,all important fields empty,remove_incomplete_rows
,,,,,,,<na>,,,,,,,1505,all important fields empty,remove_incomplete_rows
,,,,,,,<na>,,,,,,,1509,all important fields empty,remove_incomplete_rows
,,,,,,,<na>,,,,,,,1510,all important fields empty,remove_incomplete_rows
,,,,,,,<na>,,,,,,,1514,all important fields empty,remove_incomplete_rows
,,,,,,,<na>,,,,,,,1515,all important fields empty,remove_incomplete_rows
,,,,,,,<na>,,,,,,,1518,all important fields empty,remove_incomplete_rows
,,,,,,,<na>,,,,,,,1519,all important fields empty,remove_incomplete_rows
,,,,,,,<na>,,,,,,,1522,all important fields empty,remove_incomplete_rows
,,,,,,,<na>,,,,,,,1523,all important fields empty,remove_incomplete_rows
,,,,,,,<na>,,,,,,,1526,all important fields empty,remove_incomplete_rows
,,,,,,,<na>,,,,,,,1527,all important fields empty,remove_incomplete_rows
,,,,,,,<na>,,,,,,,1531,all important fields empty,remove_incomplete_rows
,,,,,,,<na>,,,,,,,1532,all important fields empty,remove_incomplete_rows
,,,,,,,<na>,,,,,,,1536,all important fields empty,remove_incomplete_rows
,,,,,,,<na>,,,,,,,1537,all important fields empty,remove_incomplete_rows
,,,,,,,<na>,,,,,,,1540,all important fields empty,remove_incomplete_rows
,,,,,,,<na>,,,,,,,1541,all important fields empty,remove_incomplete_rows
,,,,,,,<na>,,,,,,,1545,all important fields empty,remove_incomplete_rows
,,,,,,,<na>,,,,,,,1546,all important fields empty,remove_incomplete_rows
,,,,,,,<na>,,,,,,,1549,all important fields empty,remove_incomplete_rows
,,,,,,,<na>,,,,,,,1550,all important fields empty,remove_incomplete_rows
,,,,,,,<na>,,,,,,,1553,all important fields empty,remove_incomplete_rows
,,,,,,,<na>,,,,,,,1554,all important fields empty,remove_incomplete_rows
,,,,,,,<na>,,,,,,,1558,all important fields empty,remove_incomplete_rows
,,,,,,,<na>,,,,,,,1559,all important fields empty,remove_incomplete_rows
,,,,,,,<na>,,,,,,,1562,all important fields empty,remove_incomplete_rows
,,,,,,,<na>,,,,,,,1563,all important fields empty,remove_incomplete_rows
,,,,,,,<na>,,,,,,,1566,all important fields empty,remove_incomplete_rows
,,,,,,,<na>,,,,,,,1567,all important fields empty,remove_incomplete_rows
,,,,,,,<na>,,,,,,,1570,all important fields empty,remove_incomplete_rows
,,,,,,,<na>,,,,,,,1571,all important fields empty,remove_incomplete_rows
,,,,,,,<na>,,,,,,,1574,all important fields empty,remove_incomplete_rows
,,,,,,,<na>,,,,,,,1575,all important fields empty,remove_incomplete_rows
,,,,,,,<na>,,,,,,,1578,all important fields empty,remove_incomplete_rows
,,,,,,,<na>,,,,,,,1579,all important fields empty,remove_incomplete_rows
,,,,,,,<na>,,,,,,,1583,all important fields empty,remove_incomplete_rows
,,,,,,,<na>,,,,,,,1584,all important fields empty,remove_incomplete_rows
,,,,,,,<na>,,,,,,,1592,all important fields empty,remove_incomplete_rows
,,,,,,,<na>,,,,,,,1593,all important fields empty,remove_incomplete_rows
,,,,,,,<na>,,,,,,,1596,all important fields empty,remove_incomplete_rows
,,,,,,,<na>,,,,,,,1597,all important fields empty,remove_incomplete_rows
,,,,,,,<na>,,,,,,,1602,all important fields empty,remove_incomplete_rows
,,,,,,,<na>,,,,,,,1603,all important fields empty,remove_incomplete_rows
,,,,,,,<na>,,,,,,,1606,all important fields empty,remove_incomplete_rows
,,,,,,,<na>,,,,,,,1607,all important fields empty,remove_incomplete_rows
,,,,,,,<na>,,,,,,,1613,all important fields empty,remove_incomplete_rows
,,,,,,,<na>,,,,,,,1614,all important fields empty,remove_incomplete_rows
,,,,,,,<na>,,,,,,,1617,all important fields empty,remove_incomplete_rows
,,,,,,,<na>,,,,,,,1618,all important fields empty,remove_incomplete_rows
,,,,,,,<na>,,,,,,,1621,all important fields empty,remove_incomplete_rows
,,,,,,,<na>,,,,,,,1622,all important fields empty,remove_incomplete_rows
,,,,,,,<na>,,,,,,,1628,all important fields empty,remove_incomplete_rows
,,,,,,,<na>,,,,,,,1629,all important fields empty,remove_incomplete_rows
,,,,,,,<na>,,,,,,,1633,all important fields empty,remove_incomplete_rows
,,,,,,,<na>,,,,,,,1634,all important fields empty,remove_incomplete_rows
,,,,,,,<na>,,,,,,,1637,all important fields empty,remove_incomplete_rows
,,,,,,,<na>,,,,,,,1638,all important fields empty,remove_incomplete_rows
,,,,,,,<na>,,,,,,,1642,all important fields empty,remove_incomplete_rows
,,,,,,,<na>,,,,,,,1643,all important fields empty,remove_incomplete_rows
,,,,,,,<na>,,,,,,,1646,all important fields empty,remove_incomplete_rows
,,,,,,,<na>,,,,,,,1647,all important fields empty,remove_incomplete_rows
,,,,,,,<na>,,,,,,,1650,all important fields empty,remove_incomplete_rows
,,,,,,,<na>,,,,,,,1651,all important fields empty,remove_incomplete_rows
,,,,,,,<na>,,,,,,,1655,all important fields empty,remove_incomplete_rows
,,,,,,,<na>,,,,,,,1656,all important fields empty,remove_incomplete_rows
,,,,,,,<na>,,,,,,,1659,all important fields empty,remove_incomplete_rows
,,,,,,,<na>,,,,,,,1660,all important fields empty,remove_incomplete_rows
,,,,,,,<na>,,,,,,,1664,all important fields empty,remove_incomplete_rows
,,,,,,,<na>,,,,,,,1665,all important fields empty,remove_incomplete_rows
,,,,,,,<na>,,,,,,,1668,all important fields empty,remove_incomplete_rows
,,,,,,,<na>,,,,,,,1669,all important fields empty,remove_incomplete_rows
,,,,,,,<na>,,,,,,,1673,all important fields empty,remove_incomplete_rows
,,,,,,,<na>,,,,,,,1674,all important fields empty,remove_incomplete_rows
,,,,,,,<na>,,,,,,,1677,all important fields empty,remove_incomplete_rows
,,,,,,,<na>,,,,,,,1678,all important fields empty,remove_incomplete_rows
,,,,,,,<na>,,,,,,,1682,all important fields empty,remove_incomplete_rows
,,,,,,,<na>,,,,,,,1683,all important fields empty,remove_incomplete_rows
,,,,,,,<na>,,,,,,,1688,all important fields empty,remove_incomplete_rows
,,,,,,,<na>,,,,,,,1689,all important fields empty,remove_incomplete_rows
,,,,,,,<na>,,,,,,,1693,all important fields empty,remove_incomplete_rows
,,,,,,,<na>,,,,,,,1694,all important fields empty,remove_incomplete_rows
,,,,,,,<na>,,,,,,,1697,all important fields empty,remove_incomplete_rows
,,,,,,,<na>,,,,,,,1698,all important fields empty,remove_incomplete_rows
,,,,,,,<na>,,,,,,,1702,all important fields empty,remove_incomplete_rows
,,,,,,,<na>,,,,,,,1703,all important fields empty,remove_incomplete_rows
,,,,,,,<na>,,,,,,,1712,all important fields empty,remove_incomplete_rows
,,,,,,,<na>,,,,,,,1713,all important fields empty,remove_incomplete_rows
,,,,,,,<na>,,,,,,,1716,all important fields empty,remove_incomplete_rows
,,,,,,,<na>,,,,,,,1717,all important fields empty,remove_incomplete_rows
,,,,,,,<na>,,,,,,,1720,all important fields empty,remove_incomplete_rows
,,,,,,,<na>,,,,,,,1721,all important fields empty,remove_incomplete_rows
,,,,,,,<na>,,,,,,,1724,all important fields empty,remove_incomplete_rows
,,,,,,,<na>,,,,,,,1725,all important fields empty,remove_incomplete_rows
,,,,,,,<na>,,,,,,,1733,all important fields empty,remove_incomplete_rows
,,,,,,,<na>,,,,,,,1734,all important fields empty,remove_incomplete_rows
,,,,,,,<na>,,,,,,,1744,all important fields empty,remove_incomplete_rows
,,,,,,,<na>,,,,,,,1745,all important fields empty,remove_incomplete_rows
,,,,,,,<na>,,,,,,,1748,all important fields empty,remove_incomplete_rows
,,,,,,,<na>,,,,,,,1749,all important fields empty,remove_incomplete_rows
,,,,,,,<na>,,,,,,,1753,all important fields empty,remove_incomplete_rows
,,,,,,,<na>,,,,,,,1754,all important fields empty,remove_incomplete_rows
,,,,,,,<na>,,,,,,,1760,all important fields empty,remove_incomplete_rows
,,,,,,,<na>,,,,,,,1761,all important fields empty,remove_incomplete_rows
,,,,,,,<na>,,,,,,,1765,all important fields empty,remove_incomplete_rows
,,,,,,,<na>,,,,,,,1766,all important fields empty,remove_incomplete_rows
,,,,,,,<na>,,,,,,,1769,all important fields empty,remove_incomplete_rows
,,,,,,,<na>,,,,,,,1770,all important fields empty,remove_incomplete_rows
,,,,,,,<na>,,,,,,,1773,all important fields empty,remove_incomplete_rows
,,,,,,,<na>,,,,,,,1774,all important fields empty,remove_incomplete_rows
,,,,,,,<na>,,,,,,,1777,all important fields empty,remove_incomplete_rows
,,,,,,,<na>,,,,,,,1778,all important fields empty,remove_incomplete_rows
,,,,,,,<na>,,,,,,,1782,all important fields empty,remove_incomplete_rows
,,,,,,,<na>,,,,,,,1783,all important fields empty,remove_incomplete_rows
,,,,,,,<na>,,,,,,,1786,all important fields empty,remove_incomplete_rows
,,,,,,,<na>,,,,,,,1787,all important fields empty,remove_incomplete_rows
,,,,,,,<na>,,,,,,,1791,all important fields empty,remove_incomplete_rows
,,,,,,,<na>,,,,,,,1792,all important fields empty,remove_incomplete_rows
,,,,,,,<na>,,,,,,,1796,all important fields empty,remove_incomplete_rows
,,,,,,,<na>,,,,,,,1797,all important fields empty,remove_incomplete_rows
,,,,,,,<na>,,,,,,,1800,all important fields empty,remove_incomplete_rows
,,,,,,,<na>,,,,,,,1801,all important fields empty,remove_incomplete_rows
,,,,,,,<na>,,,,,,,1804,all important fields empty,remove_incomplete_rows
,,,,,,,<na>,,,,,,,1805,all important fields empty,remove_incomplete_rows
,,,,,,,<na>,,,,,,,1808,all important fields empty,remove_incomplete_rows
,,,,,,,<na>,,,,,,,1809,all important fields empty,remove_incomplete_rows
,,,,,,,<na>,,,,,,,1814,all important fields empty,remove_incomplete_rows
,,,,,,,<na>,,,,,,,1815,all important fields empty,remove_incomplete_rows
,,,,,,,<na>,,,,,,,1818,all important fields empty,remove_incomplete_rows
,,,,,,,<na>,,,,,,,1819,all important fields empty,remove_incomplete_rows
,,,,,,,<na>,,,,,,,1825,all important fields empty,remove_incomplete_rows
,,,,,,,<na>,,,,,,,1826,all important fields empty,remove_incomplete_rows
,,,,,,,<na>,,,,,,,1830,all important fields empty,remove_incomplete_rows
,,,,,,,<na>,,,,,,,1831,all important fields empty,remove_incomplete_rows
,,,,,,,<na>,,,,,,,1834,all important fields empty,remove_incomplete_rows
,,,,,,,<na>,,,,,,,1835,all important fields empty,remove_incomplete_rows
,,,,,,,<na>,,,,,,,1838,all important fields empty,remove_incomplete_rows
,,,,,,,<na>,,,,,,,1839,all important fields empty,remove_incomplete_rows
,,,,,,,<na>,,,,,,,1842,all important fields empty,remove_incomplete_rows
,,,,,,,<na>,,,,,,,1843,all important fields empty,remove_incomplete_rows
,,,,,,,<na>,,,,,,,1846,all important fields empty,remove_incomplete_rows
,,,,,,,<na>,,,,,,,1847,all important fields empty,remove_incomplete_rows
,,,,,,,<na>,,,,,,,1851,all important fields empty,remove_incomplete_rows
,,,,,,,<na>,,,,,,,1852,all important fields empty,remove_incomplete_rows
,,,,,,,<na>,,,,,,,1856,all important fields empty,remove_incomplete_rows
,,,,,,,<na>,,,,,,,1857,all important fields empty,remove_incomplete_rows
,,,,,,,<na>,,,,,,,1860,all important fields empty,remove_incomplete_rows
,,,,,,,<na>,,,,,,,1861,all important fields empty,remove_incomplete_rows
,,,,,,,<na>,,,,,,,1864,all important fields empty,remove_incomplete_rows
,,,,,,,<na>,,,,,,,1865,all important fields empty,remove_incomplete_rows
,,,,,,,<na>,,,,,,,1869,all important fields empty,remove_incomplete_rows
,,,,,,,<na>,,,,,,,1870,all important fields empty,remove_incomplete_rows
,,,,,,,<na>,,,,,,,1876,all important fields empty,remove_incomplete_rows
,,,,,,,<na>,,,,,,,1877,all important fields empty,remove_incomplete_rows
,,,,,,,<na>,,,,,,,1881,all important fields empty,remove_incomplete_rows
,,,,,,,<na>,,,,,,,1882,all important fields empty,remove_incomplete_rows
,,,,,,,<na>,,,,,,,1885,all important fields empty,remove_incomplete_rows
,,,,,,,<na>,,,,,,,1886,all important fields empty,remove_incomplete_rows
,,,,,,,<na>,,,,,,,1889,all important fields empty,remove_incomplete_rows
,,,,,,,<na>,,,,,,,1890,all important fields empty,remove_incomplete_rows
,,,,,,,<na>,,,,,,,1893,all important fields empty,remove_incomplete_rows
,,,,,,,<na>,,,,,,,1894,all important fields empty,remove_incomplete_rows
,,,,,,,<na>,,,,,,,1899,all important fields empty,remove_incomplete_rows
,,,,,,,<na>,,,,,,,1900,all important fields empty,remove_incomplete_rows
,,,,,,,<na>,,,,,,,1903,all important fields empty,remove_incomplete_rows
,,,,,,,<na>,,,,,,,1904,all important fields empty,remove_incomplete_rows
,,,,,,,<na>,,,,,,,1908,all important fields empty,remove_incomplete_rows
,,,,,,,<na>,,,,,,,1909,all important fields empty,remove_incomplete_rows
,,,,,,,<na>,,,,,,,1912,all important fields empty,remove_incomplete_rows
,,,,,,,<na>,,,,,,,1913,all important fields empty,remove_incomplete_rows
,,,,,,,<na>,,,,,,,1917,all important fields empty,remove_incomplete_rows
,,,,,,,<na>,,,,,,,1918,all important fields empty,remove_incomplete_rows
,,,,,,,<na>,,,,,,,1922,all important fields empty,remove_incomplete_rows
,,,,,,,<na>,,,,,,,1923,all important fields empty,remove_incomplete_rows
,,,,,,,<na>,,,,,,,1927,all important fields empty,remove_incomplete_rows
,,,,,,,<na>,,,,,,,1928,all important fields empty,remove_incomplete_rows
,,,,,,,<na>,,,,,,,1931,all important fields empty,remove_incomplete_rows
,,,,,,,<na>,,,,,,,1932,all important fields empty,remove_incomplete_rows
,,,,,,,<na>,,,,,,,1936,all important fields empty,remove_incomplete_rows
,,,,,,,<na>,,,,,,,1937,all important fields empty,remove_incomplete_rows
,,,,,,,<na>,,,,,,,1942,all important fields empty,remove_incomplete_rows
,,,,,,,<na>,,,,,,,1943,all important fields empty,remove_incomplete_rows
,,,,,,,<na>,,,,,,,1946,all important fields empty,remove_incomplete_rows
,,,,,,,<na>,,,,,,,1947,all important fields empty,remove_incomplete_rows
,,,,,,,<na>,,,,,,,1952,all important fields empty,remove_incomplete_rows
,,,,,,,<na>,,,,,,,1953,all important fields empty,remove_incomplete_rows
,,,,,,,<na>,,,,,,,1956,all important fields empty,remove_incomplete_rows
,,,,,,,<na>,,,,,,,1957,all important fields empty,remove_incomplete_rows
,,,,,,,<na>,,,,,,,1966,all important fields empty,remove_incomplete_rows
,,,,,,,<na>,,,,,,,1967,all important fields empty,remove_incomplete_rows
,,,,,,,<na>,,,,,,,1970,all important fields empty,remove_incomplete_rows
,,,,,,,<na>,,,,,,,1971,all important fields empty,remove_incomplete_rows
,,,,,,,<na>,,,,,,,1977,all important fields empty,remove_incomplete_rows
,,,,,,,<na>,,,,,,,1978,all important fields empty,remove_incomplete_rows
,,,,,,,<na>,,,,,,,1981,all important fields empty,remove_incomplete_rows
,,,,,,,<na>,,,,,,,1982,all important fields empty,remove_incomplete_rows
,,,,,,,<na>,,,,,,,1985,all important fields empty,remove_incomplete_rows
,,,,,,,<na>,,,,,,,1986,all important fields empty,remove_incomplete_rows
,,,,,,,<na>,,,,,,,1989,all important fields empty,remove_incomplete_rows
,,,,,,,<na>,,,,,,,1990,all important fields empty,remove_incomplete_rows
,,,,,,,<na>,,,,,,,1993,all important fields empty,remove_incomplete_rows
,,,,,,,<na>,,,,,,,1994,all important fields empty,remove_incomplete_rows
,,,,,,,<na>,,,,,,,1999,all important fields empty,remove_incomplete_rows
,,,,,,,<na>,,,,,,,2000,all important fields empty,remove_incomplete_rows
,,,,,,,<na>,,,,,,,2003,all important fields empty,remove_incomplete_rows
,,,,,,,<na>,,,,,,,2004,all important fields empty,remove_incomplete_rows
,,,,,,,<na>,,,,,,,2008,all important fields empty,remove_incomplete_rows
,,,,,,,<na>,,,,,,,2009,all important fields empty,remove_incomplete_rows
,,,,,,,<na>,,,,,,,2013,all important fields empty,remove_incomplete_rows
,,,,,,,<na>,,,,,,,2014,all important fields empty,remove_incomplete_rows
,,,,,,,<na>,,,,,,,2017,all important fields empty,remove_incomplete_rows
,,,,,,,<na>,,,,,,,2018,all important fields empty,remove_incomplete_rows
,,,,,2021-01-01,,<na>,,,,,,,2021,all important fields empty,remove_incomplete_rows
,,,,,2022-01-01,,<na>,,,,,,,2022,all important fields empty,remove_incomplete_rows
,,,,,2027-01-01,,<na>,,,,,,,2027,all important fields empty,remove_incomplete_rows
,,,,,2028-01-01,,<na>,,,,,,,2028,all important fields empty,remove_incomplete_rows
,,,,,2031-01-01,,<na>,,,,,,,2031,all important fields empty,remove_incomplete_rows
,,,,,2032-01-01,,<na>,,,,,,,2032,all important fields empty,remove_incomplete_rows
,,,,,2039-01-01,,<na>,,,,,,,2039,all important fields empty,remove_incomplete_rows
,,,,,2040-01-01,,<na>,,,,,,,2040,all important fields empty,remove_incomplete_rows
,,,,,2043-01-01,,<na>,,,,,,,2043,all important fields empty,remove_incomplete_rows
,,,,,2044-01-01,,<na>,,,,,,,2044,all important fields empty,remove_incomplete_rows
,,,,,,,<na>,,,,,,,2050,all important fields empty,remove_incomplete_rows
,,,,,,,<na>,,,,,,,2051,all important fields empty,remove_incomplete_rows
,,,,,,,<na>,,,,,,,2056,all important fields empty,remove_incomplete_rows
,,,,,,,<na>,,,,,,,2057,all important fields empty,remove_incomplete_rows
,,,,,,,<na>,,,,,,,2060,all important fields empty,remove_incomplete_rows
,,,,,,,<na>,,,,,,,2061,all important fields empty,remove_incomplete_rows
,,,,,,,<na>,,,,,,,2064,all important fields empty,remove_incomplete_rows
,,,,,,,<na>,,,,,,,2065,all important fields empty,remove_incomplete_rows
,,,,,,,<na>,,,,,,,2076,all important fields empty,remove_incomplete_rows
,,,,,,,<na>,,,,,,,2077,all important fields empty,remove_incomplete_rows
,,,,,,,<na>,,,,,,,2080,all important fields empty,remove_incomplete_rows
,,,,,,,<na>,,,,,,,2081,all important fields empty,remove_incomplete_rows
,,,,,,,<na>,,,,,,,2084,all important fields empty,remove_incomplete_rows
,,,,,,,<na>,,,,,,,2085,all important fields empty,remove_incomplete_rows
,,,,,,,<na>,,,,,,,2089,all important fields empty,remove_incomplete_rows
,,,,,,,<na>,,,,,,,2090,all important fields empty,remove_incomplete_rows
,,,,,,,<na>,,,,,,,2093,all important fields empty,remove_incomplete_rows
,,,,,,,<na>,,,,,,,2094,all important fields empty,remove_incomplete_rows
,,,,,,,<na>,,,,,,,2097,all important fields empty,remove_incomplete_rows
,,,,,,,<na>,,,,,,,2098,all important fields empty,remove_incomplete_rows
,,,,,,,<na>,,,,,,,2102,all important fields empty,remove_incomplete_rows
,,,,,,,<na>,,,,,,,2103,all important fields empty,remove_incomplete_rows
,,,,,,,<na>,,,,,,,2106,all important fields empty,remove_incomplete_rows
,,,,,,,<na>,,,,,,,2107,all important fields empty,remove_incomplete_rows
,,,,,,,<na>,,,,,,,2111,all important fields empty,remove_incomplete_rows
,,,,,,,<na>,,,,,,,2112,all important fields empty,remove_incomplete_rows
,,,,,,,<na>,,,,,,,2115,all important fields empty,remove_incomplete_rows
,,,,,,,<na>,,,,,,,2116,all important fields empty,remove_incomplete_rows
,,,,,,,<na>,,,,,,,2119,all important fields empty,remove_incomplete_rows
,,,,,,,<na>,,,,,,,2120,all important fields empty,remove_incomplete_rows
,,,,,,,<na>,,,,,,,2123,all important fields empty,remove_incomplete_rows
,,,,,,,<na>,,,,,,,2124,all important fields empty,remove_incomplete_rows
,,,,,,,<na>,,,,,,,2127,all important fields empty,remove_incomplete_rows
,,,,,,,<na>,,,,,,,2128,all important fields empty,remove_incomplete_rows
,,,,,,,<na>,,,,,,,2134,all important fields empty,remove_incomplete_rows
,,,,,,,<na>,,,,,,,2135,all important fields empty,remove_incomplete_rows
,,,,,,,<na>,,,,,,,2138,all important fields empty,remove_incomplete_rows
,,,,,,,<na>,,,,,,,2139,all important fields empty,remove_incomplete_rows
,,,,,,,<na>,,,,,,,2142,all important fields empty,remove_incomplete_rows
,,,,,,,<na>,,,,,,,2143,all important fields empty,remove_incomplete_rows
,,,,,,,<na>,,,,,,,2146,all important fields empty,remove_incomplete_rows
,,,,,,,<na>,,,,,,,2147,all important fields empty,remove_incomplete_rows
,,,,,,,<na>,,,,,,,2151,all important fields empty,remove_incomplete_rows
,,,,,,,<na>,,,,,,,2152,all important fields empty,remove_incomplete_rows
,,,,,,,<na>,,,,,,,2155,all important fields empty,remove_incomplete_rows
,,,,,,,<na>,,,,,,,2156,all important fields empty,remove_incomplete_rows
,,,,,,,<na>,,,,,,,2159,all important fields empty,remove_incomplete_rows
,,,,,,,<na>,,,,,,,2160,all important fields empty,remove_incomplete_rows
,,,,,,,<na>,,,,,,,2163,all important fields empty,remove_incomplete_rows
,,,,,,,<na>,,,,,,,2164,all important fields empty,remove_incomplete_rows
,,,,,,,<na>,,,,,,,2167,all important fields empty,remove_incomplete_rows
,,,,,,,<na>,,,,,,,2168,all important fields empty,remove_incomplete_rows
,,,,,,,<na>,,,,,,,2171,all important fields empty,remove_incomplete_rows
,,,,,,,<na>,,,,,,,2172,all important fields empty,remove_incomplete_rows
,,,,,,,<na>,,,,,,,2175,all important fields empty,remove_incomplete_rows
,,,,,,,<na>,,,,,,,2176,all important fields empty,remove_incomplete_rows
,,,,,,,<na>,,,,,,,2179,all important fields empty,remove_incomplete_rows
,,,,,,,<na>,,,,,,,2180,all important fields empty,remove_incomplete_rows
,,,,,,,<na>,,,,,,,2183,all important fields empty,remove_incomplete_rows
,,,,,,,<na>,,,,,,,2184,all important fields empty,remove_incomplete_rows
,,,,,,,<na>,,,,,,,2187,all important fields empty,remove_incomplete_rows
,,,,,,,<na>,,,,,,,2188,all important fields empty,remove_incomplete_rows
,,,,,,,<na>,,,,,,,2192,all important fields empty,remove_incomplete_rows
,,,,,,,<na>,,,,,,,2193,all important fields empty,remove_incomplete_rows
,,,,,,,<na>,,,,,,,2196,all important fields empty,remove_incomplete_rows
,,,,,,,<na>,,,,,,,2197,all important fields empty,remove_incomplete_rows
,,,,,,,<na>,,,,,,,2200,all important fields empty,remove_incomplete_rows
,,,,,,,<na>,,,,,,,2201,all important fields empty,remove_incomplete_rows
,,,,,,,<na>,,,,,,,2204,all important fields empty,remove_incomplete_rows
,,,,,,,<na>,,,,,,,2205,all important fields empty,remove_incomplete_rows
,,,,,,,<na>,,,,,,,2209,all important fields empty,remove_incomplete_rows
,,,,,,,<na>,,,,,,,2210,all important fields empty,remove_incomplete_rows
,,,,,,,<na>,,,,,,,2213,all important fields empty,remove_incomplete_rows
,,,,,,,<na>,,,,,,,2214,all important fields empty,remove_incomplete_rows
,,,,,,,<na>,,,,,,,2217,all important fields empty,remove_incomplete_rows
,,,,,,,<na>,,,,,,,2218,all important fields empty,remove_incomplete_rows
,,,,,,,<na>,,,,,,,2221,all important fields empty,remove_incomplete_rows
,,,,,,,<na>,,,,,,,2222,all important fields empty,remove_incomplete_rows
,,,,,,,<na>,,,,,,,2225,all important fields empty,remove_incomplete_rows
,,,,,,,<na>,,,,,,,2226,all important fields empty,remove_incomplete_rows
,,,,,,,<na>,,,,,,,2229,all important fields empty,remove_incomplete_rows
,,,,,,,<na>,,,,,,,2230,all important fields empty,remove_incomplete_rows
,,,,,,,<na>,,,,,,,2233,all important fields empty,remove_incomplete_rows
,,,,,,,<na>,,,,,,,2234,all important fields empty,remove_incomplete_rows
,,,,,,,<na>,,,,,,,2238,all important fields empty,remove_incomplete_rows
,,,,,,,<na>,,,,,,,2239,all important fields empty,remove_incomplete_rows
,,,,,,,<na>,,,,,,,2242,all important fields empty,remove_incomplete_rows
,,,,,,,<na>,,,,,,,2243,all important fields empty,remove_incomplete_rows
,,,,,,,<na>,,,,,,,2247,all important fields empty,remove_incomplete_rows
,,,,,,,<na>,,,,,,,2248,all important fields empty,remove_incomplete_rows
,,,,,,,<na>,,,,,,,2251,all important fields empty,remove_incomplete_rows
,,,,,,,<na>,,,,,,,2252,all important fields empty,remove_incomplete_rows
,,,,,,,<na>,,,,,,,2256,all important fields empty,remove_incomplete_rows
,,,,,,,<na>,,,,,,,2257,all important fields empty,remove_incomplete_rows
,,,,,,,<na>,,,,,,,2260,all important fields empty,remove_incomplete_rows
,,,,,,,<na>,,,,,,,2261,all important fields empty,remove_incomplete_rows
,,,,,,,<na>,,,,,,,2264,all important fields empty,remove_incomplete_rows
,,,,,,,<na>,,,,,,,2265,all important fields empty,remove_incomplete_rows
,,,,,,,<na>,,,,,,,2272,all important fields empty,remove_incomplete_rows
,,,,,,,<na>,,,,,,,2273,all important fields empty,remove_incomplete_rows
,,,,,,,<na>,,,,,,,2276,all important fields empty,remove_incomplete_rows
,,,,,,,<na>,,,,,,,2277,all important fields empty,remove_incomplete_rows
,,,,,,,<na>,,,,,,,2281,all important fields empty,remove_incomplete_rows
,,,,,,,<na>,,,,,,,2282,all important fields empty,remove_incomplete_rows
,,,,,,,<na>,,,,,,,2286,all important fields empty,remove_incomplete_rows
,,,,,,,<na>,,,,,,,2287,all important fields empty,remove_incomplete_rows
,,,,,,,<na>,,,,,,,2290,all important fields empty,remove_incomplete_rows
,,,,,,,<na>,,,,,,,2291,all important fields empty,remove_incomplete_rows
,,,,,,,<na>,,,,,,,2296,all important fields empty,remove_incomplete_rows
,,,,,,,<na>,,,,,,,2297,all important fields empty,remove_incomplete_rows
,,,,,,,<na>,,,,,,,2300,all important fields empty,remove_incomplete_rows
,,,,,,,<na>,,,,,,,2301,all important fields empty,remove_incomplete_rows
,,,,,,,<na>,,,,,,,2304,all important fields empty,remove_incomplete_rows
,,,,,,,<na>,,,,,,,2305,all important fields empty,remove_incomplete_rows
,,,,,,,<na>,,,,,,,2308,all important fields empty,remove_incomplete_rows
,,,,,,,<na>,,,,,,,2309,all important fields empty,remove_incomplete_rows
,,,,,,,<na>,,,,,,,2317,all important fields empty,remove_incomplete_rows
,,,,,,,<na>,,,,,,,2318,all important fields empty,remove_incomplete_rows
,,,,,,,<na>,,,,,,,2321,all important fields empty,remove_incomplete_rows
,,,,,,,<na>,,,,,,,2322,all important fields empty,remove_incomplete_rows
,,,,,,,<na>,,,,,,,2325,all important fields empty,remove_incomplete_rows
,,,,,,,<na>,,,,,,,2326,all important fields empty,remove_incomplete_rows
,,,,,,,<na>,,,,,,,2329,all important fields empty,remove_incomplete_rows
,,,,,,,<na>,,,,,,,2330,all important fields empty,remove_incomplete_rows
,,,,,,,<na>,,,,,,,2334,all important fields empty,remove_incomplete_rows
,,,,,,,<na>,,,,,,,2335,all important fields empty,remove_incomplete_rows
,,,,,,,<na>,,,,,,,2338,all important fields empty,remove_incomplete_rows
,,,,,,,<na>,,,,,,,2339,all important fields empty,remove_incomplete_rows
,,,,,,,<na>,,,,,,,2342,all important fields empty,remove_incomplete_rows
,,,,,,,<na>,,,,,,,2343,all important fields empty,remove_incomplete_rows
,,,,,,,<na>,,,,,,,2346,all important fields empty,remove_incomplete_rows
,,,,,,,<na>,,,,,,,2347,all important fields empty,remove_incomplete_rows
,,,,,,,<na>,,,,,,,2350,all important fields empty,remove_incomplete_rows
,,,,,,,<na>,,,,,,,2351,all important fields empty,remove_incomplete_rows
,,,,,,,<na>,,,,,,,2354,all important fields empty,remove_incomplete_rows
,,,,,,,<na>,,,,,,,2355,all important fields empty,remove_incomplete_rows
,,,,,,,<na>,,,,,,,2359,all important fields empty,remove_incomplete_rows
,,,,,,,<na>,,,,,,,2360,all important fields empty,remove_incomplete_rows
,,,,,,,<na>,,,,,,,2371,all important fields empty,remove_incomplete_rows
,,,,,,,<na>,,,,,,,2372,all important fields empty,remove_incomplete_rows
,,,,,,,<na>,,,,,,,2375,all important fields empty,remove_incomplete_rows
,,,,,,,<na>,,,,,,,2376,all important fields empty,remove_incomplete_rows
,,,,,,,<na>,,,,,,,2379,all important fields empty,remove_incomplete_rows
,,,,,,,<na>,,,,,,,2380,all important fields empty,remove_incomplete_rows
,,,,,,,<na>,,,,,,,2384,all important fields empty,remove_incomplete_rows
,,,,,,,<na>,,,,,,,2385,all important fields empty,remove_incomplete_rows
,,,,,,,<na>,,,,,,,2388,all important fields empty,remove_incomplete_rows
,,,,,,,<na>,,,,,,,2389,all important fields empty,remove_incomplete_rows
,,,,,,,<na>,,,,,,,2393,all important fields empty,remove_incomplete_rows
,,,,,,,<na>,,,,,,,2394,all important fields empty,remove_incomplete_rows
,,,,,,,<na>,,,,,,,2397,all important fields empty,remove_incomplete_rows
,,,,,,,<na>,,,,,,,2398,all important fields empty,remove_incomplete_rows
,,,,,,,<na>,,,,,,,2401,all important fields empty,remove_incomplete_rows
,,,,,,,<na>,,,,,,,2402,all important fields empty,remove_incomplete_rows
,,,,,,,<na>,,,,,,,2406,all important fields empty,remove_incomplete_rows
,,,,,,,<na>,,,,,,,2407,all important fields empty,remove_incomplete_rows
,,,,,,,<na>,,,,,,,2410,all important fields empty,remove_incomplete_rows
,,,,,,,<na>,,,,,,,2411,all important fields empty,remove_incomplete_rows
,,,,,,,<na>,,,,,,,2416,all important fields empty,remove_incomplete_rows
,,,,,,,<na>,,,,,,,2417,all important fields empty,remove_incomplete_rows
,,,,,,,<na>,,,,,,,2426,all important fields empty,remove_incomplete_rows
,,,,,,,<na>,,,,,,,2427,all important fields empty,remove_incomplete_rows
,,,,,,,<na>,,,,,,,2431,all important fields empty,remove_incomplete_rows
,,,,,,,<na>,,,,,,,2432,all important fields empty,remove_incomplete_rows
,,,,,,,<na>,,,,,,,2435,all important fields empty,remove_incomplete_rows
,,,,,,,<na>,,,,,,,2436,all important fields empty,remove_incomplete_rows
,,,,,,,<na>,,,,,,,2439,all important fields empty,remove_incomplete_rows
,,,,,,,<na>,,,,,,,2440,all important fields empty,remove_incomplete_rows
,,,,,,,<na>,,,,,,,2443,all important fields empty,remove_incomplete_rows
,,,,,,,<na>,,,,,,,2444,all important fields empty,remove_incomplete_rows
,,,,,,,<na>,,,,,,,2447,all important fields empty,remove_incomplete_rows
,,,,,,,<na>,,,,,,,2448,all important fields empty,remove_incomplete_rows
,,,,,,,<na>,,,,,,,2451,all important fields empty,remove_incomplete_rows
,,,,,,,<na>,,,,,,,2452,all important fields empty,remove_incomplete_rows
,,,,,,,<na>,,,,,,,2455,all important fields empty,remove_incomplete_rows
,,,,,,,<na>,,,,,,,2456,all important fields empty,remove_incomplete_rows
,,,,,,,<na>,,,,,,,2459,all important fields empty,remove_incomplete_rows
,,,,,,,<na>,,,,,,,2460,all important fields empty,remove_incomplete_rows
,,,,,,,<na>,,,,,,,2463,all important fields empty,remove_incomplete_rows
,,,,,,,<na>,,,,,,,2464,all important fields empty,remove_incomplete_rows
,,,,,,,<na>,,,,,,,2467,all important fields empty,remove_incomplete_rows
,,,,,,,<na>,,,,,,,2468,all important fields empty,remove_incomplete_rows
,,,,,,,<na>,,,,,,,2472,all important fields empty,remove_incomplete_rows
,,,,,,,<na>,,,,,,,2473,all important fields empty,remove_incomplete_rows
,,,,,,,<na>,,,,,,,2478,all important fields empty,remove_incomplete_rows
,,,,,,,<na>,,,,,,,2479,all important fields empty,remove_incomplete_rows
,,,,,,,<na>,,,,,,,2482,all important fields empty,remove_incomplete_rows
,,,,,,,<na>,,,,,,,2483,all important fields empty,remove_incomplete_rows
,,,,,,,<na>,,,,,,,2486,all important fields empty,remove_incomplete_rows
,,,,,,,<na>,,,,,,,2487,all important fields empty,remove_incomplete_rows
,,,,,,,<na>,,,,,,,2490,all important fields empty,remove_incomplete_rows
,,,,,,,<na>,,,,,,,2491,all important fields empty,remove_incomplete_rows
,,,,,,,<na>,,,,,,,2494,all important fields empty,remove_incomplete_rows
,,,,,,,<na>,,,,,,,2495,all important fields empty,remove_incomplete_rows
,,,,,,,<na>,,,,,,,2498,all important fields empty,remove_incomplete_rows
,,,,,,,<na>,,,,,,,2499,all important fields empty,remove_incomplete_rows
,,,,,,,<na>,,,,,,,2502,all important fields empty,remove_incomplete_rows
,,,,,,,<na>,,,,,,,2503,all important fields empty,remove_incomplete_rows
,,,,,,,<na>,,,,,,,2506,all important fields empty,remove_incomplete_rows
,,,,,,,<na>,,,,,,,2507,all important fields empty,remove_incomplete_rows
,,,,,,,<na>,,,,,,,2514,all important fields empty,remove_incomplete_rows
,,,,,,,<na>,,,,,,,2515,all important fields empty,remove_incomplete_rows
,,,,,,,<na>,,,,,,,2519,all important fields empty,remove_incomplete_rows
,,,,,,,<na>,,,,,,,2520,all important fields empty,remove_incomplete_rows
,,,,,,,<na>,,,,,,,2523,all important fields empty,remove_incomplete_rows
,,,,,,,<na>,,,,,,,2524,all important fields empty,remove_incomplete_rows
,,,,,,,<na>,,,,,,,2528,all important fields empty,remove_incomplete_rows
,,,,,,,<na>,,,,,,,2529,all important fields empty,remove_incomplete_rows
,,,,,,,<na>,,,,,,,2532,all important fields empty,remove_incomplete_rows
,,,,,,,<na>,,,,,,,2533,all important fields empty,remove_incomplete_rows
,,,,,,,<na>,,,,,,,2537,all important fields empty,remove_incomplete_rows
,,,,,,,<na>,,,,,,,2538,all important fields empty,remove_incomplete_rows
,,,,,,,<na>,,,,,,,2541,all important fields empty,remove_incomplete_rows
,,,,,,,<na>,,,,,,,2542,all important fields empty,remove_incomplete_rows
,,,,,,,<na>,,,,,,,2545,all important fields empty,remove_incomplete_rows
,,,,,,,<na>,,,,,,,2546,all important fields empty,remove_incomplete_rows
,,,,,,,<na>,,,,,,,2549,all important fields empty,remove_incomplete_rows
,,,,,,,<na>,,,,,,,2550,all important fields empty,remove_incomplete_rows
,,,,,,,<na>,,,,,,,2554,all important fields empty,remove_incomplete_rows
,,,,,,,<na>,,,,,,,2555,all important fields empty,remove_incomplete_rows
,,,,,,,<na>,,,,,,,2558,all important fields empty,remove_incomplete_rows
,,,,,,,<na>,,,,,,,2559,all important fields empty,remove_incomplete_rows
,,,,,,,<na>,,,,,,,2562,all important fields empty,remove_incomplete_rows
,,,,,,,<na>,,,,,,,2563,all important fields empty,remove_incomplete_rows
,,,,,,,<na>,,,,,,,2574,all important fields empty,remove_incomplete_rows
,,,,,,,<na>,,,,,,,2575,all important fields empty,remove_incomplete_rows
,,,,,,,<na>,,,,,,,2578,all important fields empty,remove_incomplete_rows
,,,,,,,<na>,,,,,,,2579,all important fields empty,remove_incomplete_rows
,,,,,,,<na>,,,,,,,2582,all important fields empty,remove_incomplete_rows
,,,,,,,<na>,,,,,,,2583,all important fields empty,remove_incomplete_rows
,,,,,,,<na>,,,,,,,2586,all important fields empty,remove_incomplete_rows
,,,,,,,<na>,,,,,,,2587,all important fields empty,remove_incomplete_rows
,,,,,,,<na>,,,,,,,2590,all important fields empty,remove_incomplete_rows
,,,,,,,<na>,,,,,,,2591,all important fields empty,remove_incomplete_rows
,,,,,,,<na>,,,,,,,2594,all important fields empty,remove_incomplete_rows
,,,,,,,<na>,,,,,,,2595,all important fields empty,remove_incomplete_rows
,,,,,,,<na>,,,,,,,2598,all important fields empty,remove_incomplete_rows
,,,,,,,<na>,,,,,,,2599,all important fields empty,remove_incomplete_rows
,,,,,,,<na>,,,,,,,2602,all important fields empty,remove_incomplete_rows
,,,,,,,<na>,,,,,,,2603,all important fields empty,remove_incomplete_rows
,,,,,,,<na>,,,,,,,2606,all important fields empty,remove_incomplete_rows
,,,,,,,<na>,,,,,,,2607,all important fields empty,remove_incomplete_rows
,,,,,,,<na>,,,,,,,2611,all important fields empty,remove_incomplete_rows
,,,,,,,<na>,,,,,,,2612,all important fields empty,remove_incomplete_rows
,,,,,,,<na>,,,,,,,2615,all important fields empty,remove_incomplete_rows
,,,,,,,<na>,,,,,,,2616,all important fields empty,remove_incomplete_rows
,,,,,,,<na>,,,,,,,2619,all important fields empty,remove_incomplete_rows
,,,,,,,<na>,,,,,,,2620,all important fields empty,remove_incomplete_rows
,,,,,,,<na>,,,,,,,2623,all important fields empty,remove_incomplete_rows
,,,,,,,<na>,,,,,,,2624,all important fields empty,remove_incomplete_rows
,,,,,,,<na>,,,,,,,2627,all important fields empty,remove_incomplete_rows
,,,,,,,<na>,,,,,,,2628,all important fields empty,remove_incomplete_rows
,,,,,,,<na>,,,,,,,2631,all important fields empty,remove_incomplete_rows
,,,,,,,<na>,,,,,,,2632,all important fields empty,remove_incomplete_rows
,,,,,,,<na>,,,,,,,2635,all important fields empty,remove_incomplete_rows
,,,,,,,<na>,,,,,,,2636,all important fields empty,remove_incomplete_rows
,,,,,,,<na>,,,,,,,2639,all important fields empty,remove_incomplete_rows
,,,,,,,<na>,,,,,,,2640,all important fields empty,remove_incomplete_rows
,,,,,,,<na>,,,,,,,2643,all important fields empty,remove_incomplete_rows
,,,,,,,<na>,,,,,,,2644,all important fields empty,remove_incomplete_rows
,,,,,,,<na>,,,,,,,2647,all important fields empty,remove_incomplete_rows
,,,,,,,<na>,,,,,,,2648,all important fields empty,remove_incomplete_rows
,,,,,,,<na>,,,,,,,2651,all important fields empty,remove_incomplete_rows
,,,,,,,<na>,,,,,,,2652,all important fields empty,remove_incomplete_rows
,,,,,,,<na>,,,,,,,2657,all important fields empty,remove_incomplete_rows
,,,,,,,<na>,,,,,,,2658,all important fields empty,remove_incomplete_rows
,,,,,,,<na>,,,,,,,2663,all important fields empty,remove_incomplete_rows
,,,,,,,<na>,,,,,,,2664,all important fields empty,remove_incomplete_rows
,,,,,,,<na>,,,,,,,2668,all important fields empty,remove_incomplete_rows
,,,,,,,<na>,,,,,,,2669,all important fields empty,remove_incomplete_rows
,,,,,,,<na>,,,,,,,2672,all important fields empty,remove_incomplete_rows
,,,,,,,<na>,,,,,,,2673,all important fields empty,remove_incomplete_rows
,,,,,,,<na>,,,,,,,2676,all important fields empty,remove_incomplete_rows
,,,,,,,<na>,,,,,,,2677,all important fields empty,remove_incomplete_rows
,,,,,,,<na>,,,,,,,2680,all important fields empty,remove_incomplete_rows
,,,,,,,<na>,,,,,,,2681,all important fields empty,remove_incomplete_rows
,,,,,,,<na>,,,,,,,2684,all important fields empty,remove_incomplete_rows
,,,,,,,<na>,,,,,,,2685,all important fields empty,remove_incomplete_rows
,,,,,,,<na>,,,,,,,2688,all important fields empty,remove_incomplete_rows
,,,,,,,<na>,,,,,,,2689,all important fields empty,remove_incomplete_rows
,,,,,,,<na>,,,,,,,2692,all important fields empty,remove_incomplete_rows
,,,,,,,<na>,,,,,,,2693,all important fields empty,remove_incomplete_rows
,,,,,,,<na>,,,,,,,2696,all important fields empty,remove_incomplete_rows
,,,,,,,<na>,,,,,,,2697,all important fields empty,remove_incomplete_rows
,,,,,,,<na>,,,,,,,2700,all important fields empty,remove_incomplete_rows
,,,,,,,<na>,,,,,,,2701,all important fields empty,remove_incomplete_rows
,,,,,,,<na>,,,,,,,2704,all important fields empty,remove_incomplete_rows
,,,,,,,<na>,,,,,,,2705,all important fields empty,remove_incomplete_rows
,,,,,,,<na>,,,,,,,2708,all important fields empty,remove_incomplete_rows
,,,,,,,<na>,,,,,,,2709,all important fields empty,remove_incomplete_rows
,,,,,,,<na>,,,,,,,2713,all important fields empty,remove_incomplete_rows
,,,,,,,<na>,,,,,,,2714,all important fields empty,remove_incomplete_rows
,,,,,,,<na>,,,,,,,2718,all important fields empty,remove_incomplete_rows
,,,,,,,<na>,,,,,,,2719,all important fields empty,remove_incomplete_rows
,,,,,,,<na>,,,,,,,2723,all important fields empty,remove_incomplete_rows
,,,,,,,<na>,,,,,,,2724,all important fields empty,remove_incomplete_rows
,,,,,,,<na>,,,,,,,2735,all important fields empty,remove_incomplete_rows
,,,,,,,<na>,,,,,,,2736,all important fields empty,remove_incomplete_rows
,,,,,,,<na>,,,,,,,2739,all important fields empty,remove_incomplete_rows
,,,,,,,<na>,,,,,,,2740,all important fields empty,remove_incomplete_rows
,,,,,,,<na>,,,,,,,2743,all important fields empty,remove_incomplete_rows
,,,,,,,<na>,,,,,,,2744,all important fields empty,remove_incomplete_rows
,,,,,,,<na>,,,,,,,2747,all important fields empty,remove_incomplete_rows
,,,,,,,<na>,,,,,,,2748,all important fields empty,remove_incomplete_rows
,,,,,,,<na>,,,,,,,2751,all important fields empty,remove_incomplete_rows
,,,,,,,<na>,,,,,,,2752,all important fields empty,remove_incomplete_rows
,,,,,,,<na>,,,,,,,2755,all important fields empty,remove_incomplete_rows
,,,,,,,<na>,,,,,,,2756,all important fields empty,remove_incomplete_rows
,,,,,,,<na>,,,,,,,2763,all important fields empty,remove_incomplete_rows
,,,,,,,<na>,,,,,,,2764,all important fields empty,remove_incomplete_rows
,,,,,,,<na>,,,,,,,2767,all important fields empty,remove_incomplete_rows
,,,,,,,<na>,,,,,,,2768,all important fields empty,remove_incomplete_rows
,,,,,,,<na>,,,,,,,2771,all important fields empty,remove_incomplete_rows
,,,,,,,<na>,,,,,,,2772,all important fields empty,remove_incomplete_rows
,,,,,,,<na>,,,,,,,2775,all important fields empty,remove_incomplete_rows
,,,,,,,<na>,,,,,,,2776,all important fields empty,remove_incomplete_rows
,,,,,,,<na>,,,,,,,2779,all important fields empty,remove_incomplete_rows
,,,,,,,<na>,,,,,,,2780,all important fields empty,remove_incomplete_rows
,,,,,,,<na>,,,,,,,2783,all important fields empty,remove_incomplete_rows
,,,,,,,<na>,,,,,,,2784,all important fields empty,remove_incomplete_rows
,,,,,,,<na>,,,,,,,2787,all important fields empty,remove_incomplete_rows
,,,,,,,<na>,,,,,,,2788,all important fields empty,remove_incomplete_rows
,,,,,,,<na>,,,,,,,2791,all important fields empty,remove_incomplete_rows
,,,,,,,<na>,,,,,,,2792,all important fields empty,remove_incomplete_rows
,,,,,,,<na>,,,,,,,2795,all important fields empty,remove_incomplete_rows
,,,,,,,<na>,,,,,,,2796,all important fields empty,remove_incomplete_rows
,,,,,,,<na>,,,,,,,2800,all important fields empty,remove_incomplete_rows
,,,,,,,<na>,,,,,,,2801,all important fields empty,remove_incomplete_rows
,,,,,,,<na>,,,,,,,2804,all important fields empty,remove_incomplete_rows
,,,,,,,<na>,,,,,,,2805,all important fields empty,remove_incomplete_rows
,,,,,,,<na>,,,,,,,2810,all important fields empty,remove_incomplete_rows
,,,,,,,<na>,,,,,,,2811,all important fields empty,remove_incomplete_rows
,,,,,,,<na>,,,,,,,2815,all important fields empty,remove_incomplete_rows
,,,,,,,<na>,,,,,,,2816,all important fields empty,remove_incomplete_rows
,,,,,,,<na>,,,,,,,2820,all important fields empty,remove_incomplete_rows
,,,,,,,<na>,,,,,,,2821,all important fields empty,remove_incomplete_rows
,,,,,,,<na>,,,,,,,2824,all important fields empty,remove_incomplete_rows
,,,,,,,<na>,,,,,,,2825,all important fields empty,remove_incomplete_rows
,,,,,,,<na>,,,,,,,2828,all important fields empty,remove_incomplete_rows
,,,,,,,<na>,,,,,,,2829,all important fields empty,remove_incomplete_rows
,,,,,,,<na>,,,,,,,2832,all important fields empty,remove_incomplete_rows
,,,,,,,<na>,,,,,,,2833,all important fields empty,remove_incomplete_rows
,,,,,,,<na>,,,,,,,2837,all important fields empty,remove_incomplete_rows
,,,,,,,<na>,,,,,,,2838,all important fields empty,remove_incomplete_rows
,,,,,,,<na>,,,,,,,2842,all important fields empty,remove_incomplete_rows
,,,,,,,<na>,,,,,,,2843,all important fields empty,remove_incomplete_rows
,,,,,,,<na>,,,,,,,2846,all important fields empty,remove_incomplete_rows
,,,,,,,<na>,,,,,,,2847,all important fields empty,remove_incomplete_rows
,,,,,,,<na>,,,,,,,2850,all important fields empty,remove_incomplete_rows
,,,,,,,<na>,,,,,,,2851,all important fields empty,remove_incomplete_rows
,,,,,,,<na>,,,,,,,2855,all important fields empty,remove_incomplete_rows
,,,,,,,<na>,,,,,,,2856,all important fields empty,remove_incomplete_rows
,,,,,,,<na>,,,,,,,2859,all important fields empty,remove_incomplete_rows
,,,,,,,<na>,,,,,,,2860,all important fields empty,remove_incomplete_rows
,,,,,,,<na>,,,,,,,2863,all important fields empty,remove_incomplete_rows
,,,,,,,<na>,,,,,,,2864,all important fields empty,remove_incomplete_rows
,,,,,,,<na>,,,,,,,2869,all important fields empty,remove_incomplete_rows
,,,,,,,<na>,,,,,,,2870,all important fields empty,remove_incomplete_rows
,,,,,,,<na>,,,,,,,2874,all important fields empty,remove_incomplete_rows
,,,,,,,<na>,,,,,,,2875,all important fields empty,remove_incomplete_rows
,,,,,,,<na>,,,,,,,2878,all important fields empty,remove_incomplete_rows
,,,,,,,<na>,,,,,,,2879,all important fields empty,remove_incomplete_rows
,,,,,,,<na>,,,,,,,2883,all important fields empty,remove_incomplete_rows
,,,,,,,<na>,,,,,,,2884,all important fields empty,remove_incomplete_rows
,,,,,,,<na>,,,,,,,2892,all important fields empty,remove_incomplete_rows
,,,,,,,<na>,,,,,,,2893,all important fields empty,remove_incomplete_rows
,,,,,,,<na>,,,,,,,2897,all important fields empty,remove_incomplete_rows
,,,,,,,<na>,,,,,,,2898,all important fields empty,remove_incomplete_rows
,,,,,,,<na>,,,,,,,2901,all important fields empty,remove_incomplete_rows
,,,,,,,<na>,,,,,,,2902,all important fields empty,remove_incomplete_rows
,,,,,,,<na>,,,,,,,2907,all important fields empty,remove_incomplete_rows
,,,,,,,<na>,,,,,,,2908,all important fields empty,remove_incomplete_rows
,,,,,,,<na>,,,,,,,2911,all important fields empty,remove_incomplete_rows
,,,,,,,<na>,,,,,,,2912,all important fields empty,remove_incomplete_rows
,,,,,,,<na>,,,,,,,2915,all important fields empty,remove_incomplete_rows
,,,,,,,<na>,,,,,,,2916,all important fields empty,remove_incomplete_rows
,,,,,,,<na>,,,,,,,2922,all important fields empty,remove_incomplete_rows
,,,,,,,<na>,,,,,,,2923,all important fields empty,remove_incomplete_rows
,,,,,,,<na>,,,,,,,2926,all important fields empty,remove_incomplete_rows
,,,,,,,<na>,,,,,,,2927,all important fields empty,remove_incomplete_rows
,,,,,,,<na>,,,,,,,2930,all important fields empty,remove_incomplete_rows
,,,,,,,<na>,,,,,,,2931,all important fields empty,remove_incomplete_rows
,,,,,,,<na>,,,,,,,2934,all important fields empty,remove_incomplete_rows
,,,,,,,<na>,,,,,,,2935,all important fields empty,remove_incomplete_rows
,,,,,,,<na>,,,,,,,2946,all important fields empty,remove_incomplete_rows
,,,,,,,<na>,,,,,,,2947,all important fields empty,remove_incomplete_rows
,,,,,,,<na>,,,,,,,2950,all important fields empty,remove_incomplete_rows
,,,,,,,<na>,,,,,,,2951,all important fields empty,remove_incomplete_rows
,,,,,,,<na>,,,,,,,2954,all important fields empty,remove_incomplete_rows
,,,,,,,<na>,,,,,,,2955,all important fields empty,remove_incomplete_rows
,,,,,,,<na>,,,,,,,2967,all important fields empty,remove_incomplete_rows
,,,,,,,<na>,,,,,,,2968,all important fields empty,remove_incomplete_rows
,,,,,,,<na>,,,,,,,2980,all important fields empty,remove_incomplete_rows
,,,,,,,<na>,,,,,,,2981,all important fields empty,remove_incomplete_rows
,,,,,,,<na>,,,,,,,2984,all important fields empty,remove_incomplete_rows
,,,,,,,<na>,,,,,,,2985,all important fields empty,remove_incomplete_rows
,,,,,,,<na>,,,,,,,2988,all important fields empty,remove_incomplete_rows
,,,,,,,<na>,,,,,,,2989,all important fields empty,remove_incomplete_rows
,,,,,,,<na>,,,,,,,2992,all important fields empty,remove_incomplete_rows
,,,,,,,<na>,,,,,,,2993,all important fields empty,remove_incomplete_rows
,,,,,,,<na>,,,,,,,2997,all important fields empty,remove_incomplete_rows
,,,,,,,<na>,,,,,,,2998,all important fields empty,remove_incomplete_rows
,,,,,,,<na>,,,,,,,3001,all important fields empty,remove_incomplete_rows
,,,,,,,<na>,,,,,,,3002,all important fields empty,remove_incomplete_rows
,,,,,,,<na>,,,,,,,3005,all important fields empty,remove_incomplete_rows
,,,,,,,<na>,,,,,,,3006,all important fields empty,remove_incomplete_rows
,,,,,,,<na>,,,,,,,3010,all important fields empty,remove_incomplete_rows
,,,,,,,<na>,,,,,,,3011,all important fields empty,remove_incomplete_rows
,,,,,,,<na>,,,,,,,3014,all important fields empty,remove_incomplete_rows
,,,,,,,<na>,,,,,,,3015,all important fields empty,remove_incomplete_rows
,,,,,,,<na>,,,,,,,3019,all important fields empty,remove_incomplete_rows
,,,,,,,<na>,,,,,,,3020,all important fields empty,remove_incomplete_rows
,,,,,,,<na>,,,,,,,3023,all important fields empty,remove_incomplete_rows
,,,,,,,<na>,,,,,,,3024,all important fields empty,remove_incomplete_rows
,,,,,,,<na>,,,,,,,3027,all important fields empty,remove_incomplete_rows
,,,,,,,<na>,,,,,,,3028,all important fields empty,remove_incomplete_rows
,,,,,,,<na>,,,,,,,3031,all important fields empty,remove_incomplete_rows
,,,,,,,<na>,,,,,,,3032,all important fields empty,remove_incomplete_rows
,,,,,,,<na>,,,,,,,3035,all important fields empty,remove_incomplete_rows
,,,,,,,<na>,,,,,,,3036,all important fields empty,remove_incomplete_rows
,,,,,,,<na>,,,,,,,3039,all important fields empty,remove_incomplete_rows
,,,,,,,<na>,,,,,,,3040,all important fields empty,remove_incomplete_rows
,,,,,,,<na>,,,,,,,3046,all important fields empty,remove_incomplete_rows
,,,,,,,<na>,,,,,,,3047,all important fields empty,remove_incomplete_rows
,,,,,,,<na>,,,,,,,3050,all important fields empty,remove_incomplete_rows
,,,,,,,<na>,,,,,,,3051,all important fields empty,remove_incomplete_rows
,,,,,,,<na>,,,,,,,3056,all important fields empty,remove_incomplete_rows
,,,,,,,<na>,,,,,,,3057,all important fields empty,remove_incomplete_rows
,,,,,,,<na>,,,,,,,3060,all important fields empty,remove_incomplete_rows
,,,,,,,<na>,,,,,,,3061,all important fields empty,remove_incomplete_rows
,,,,,,,<na>,,,,,,,3064,all important fields empty,remove_incomplete_rows
,,,,,,,<na>,,,,,,,3065,all important fields empty,remove_incomplete_rows
,,,,,,,<na>,,,,,,,3068,all important fields empty,remove_incomplete_rows
,,,,,,,<na>,,,,,,,3069,all important fields empty,remove_incomplete_rows
,,,,,,,<na>,,,,,,,3072,all important fields empty,remove_incomplete_rows
,,,,,,,<na>,,,,,,,3073,all important fields empty,remove_incomplete_rows
,,,,,,,<na>,,,,,,,3076,all important fields empty,remove_incomplete_rows
,,,,,,,<na>,,,,,,,3077,all important fields empty,remove_incomplete_rows
,,,,,,,<na>,,,,,,,3080,all important fields empty,remove_incomplete_rows
,,,,,,,<na>,,,,,,,3081,all important fields empty,remove_incomplete_rows
,,,,,,,<na>,,,,,,,3084,all important fields empty,remove_incomplete_rows
,,,,,,,<na>,,,,,,,3085,all important fields empty,remove_incomplete_rows
,,,,,,,<na>,,,,,,,3089,all important fields empty,remove_incomplete_rows
,,,,,,,<na>,,,,,,,3090,all important fields empty,remove_incomplete_rows
,,,,,,,<na>,,,,,,,3093,all important fields empty,remove_incomplete_rows
,,,,,,,<na>,,,,,,,3094,all important fields empty,remove_incomplete_rows
,,,,,,,<na>,,,,,,,3097,all important fields empty,remove_incomplete_rows
,,,,,,,<na>,,,,,,,3098,all important fields empty,remove_incomplete_rows
,,,,,,,<na>,,,,,,,3101,all important fields empty,remove_incomplete_rows
,,,,,,,<na>,,,,,,,3102,all important fields empty,remove_incomplete_rows
,,,,,,,<na>,,,,,,,3106,all important fields empty,remove_incomplete_rows
,,,,,,,<na>,,,,,,,3107,all important fields empty,remove_incomplete_rows
,,,,,,,<na>,,,,,,,3110,all important fields empty,remove_incomplete_rows
,,,,,,,<na>,,,,,,,3111,all important fields empty,remove_incomplete_rows
,,,,,,,<na>,,,,,,,3114,all important fields empty,remove_incomplete_rows
,,,,,,,<na>,,,,,,,3115,all important fields empty,remove_incomplete_rows
,,,,,,,<na>,,,,,,,3118,all important fields empty,remove_incomplete_rows
,,,,,,,<na>,,,,,,,3119,all important fields empty,remove_incomplete_rows
,,,,,,,<na>,,,,,,,3122,all important fields empty,remove_incomplete_rows
,,,,,,,<na>,,,,,,,3123,all important fields empty,remove_incomplete_rows
,,,,,,,<na>,,,,,,,3126,all important fields empty,remove_incomplete_rows
,,,,,,,<na>,,,,,,,3127,all important fields empty,remove_incomplete_rows
,,,,,,,<na>,,,,,,,3130,all important fields empty,remove_incomplete_rows
,,,,,,,<na>,,,,,,,3131,all important fields empty,remove_incomplete_rows
,,,,,,,<na>,,,,,,,3134,all important fields empty,remove_incomplete_rows
,,,,,,,<na>,,,,,,,3135,all important fields empty,remove_incomplete_rows
,,,,,,,<na>,,,,,,,3138,all important fields empty,remove_incomplete_rows
,,,,,,,<na>,,,,,,,3139,all important fields empty,remove_incomplete_rows
,,,,,,,<na>,,,,,,,3142,all important fields empty,remove_incomplete_rows
,,,,,,,<na>,,,,,,,3143,all important fields empty,remove_incomplete_rows
,,,,,,,<na>,,,,,,,3148,all important fields empty,remove_incomplete_rows
,,,,,,,<na>,,,,,,,3149,all important fields empty,remove_incomplete_rows
,,,,,,,<na>,,,,,,,3152,all important fields empty,remove_incomplete_rows
,,,,,,,<na>,,,,,,,3153,all important fields empty,remove_incomplete_rows
,,,,,,,<na>,,,,,,,3156,all important fields empty,remove_incomplete_rows
,,,,,,,<na>,,,,,,,3157,all important fields empty,remove_incomplete_rows
,,,,,,,<na>,,,,,,,3161,all important fields empty,remove_incomplete_rows
,,,,,,,<na>,,,,,,,3162,all important fields empty,remove_incomplete_rows
,,,,,,,<na>,,,,,,,3167,all important fields empty,remove_incomplete_rows
,,,,,,,<na>,,,,,,,3168,all important fields empty,remove_incomplete_rows
,,,,,,,<na>,,,,,,,3172,all important fields empty,remove_incomplete_rows
,,,,,,,<na>,,,,,,,3173,all important fields empty,remove_incomplete_rows
,,,,,,,<na>,,,,,,,3176,all important fields empty,remove_incomplete_rows
,,,,,,,<na>,,,,,,,3177,all important fields empty,remove_incomplete_rows
,,,,,,,<na>,,,,,,,3180,all important fields empty,remove_incomplete_rows
,,,,,,,<na>,,,,,,,3181,all important fields empty,remove_incomplete_rows
,,,,,,,<na>,,,,,,,3184,all important fields empty,remove_incomplete_rows
,,,,,,,<na>,,,,,,,3185,all important fields empty,remove_incomplete_rows
,,,,,,,<na>,,,,,,,3188,all important fields empty,remove_incomplete_rows
,,,,,,,<na>,,,,,,,3189,all important fields empty,remove_incomplete_rows
,,,,,,,<na>,,,,,,,3192,all important fields empty,remove_incomplete_rows
,,,,,,,<na>,,,,,,,3193,all important fields empty,remove_incomplete_rows
,,,,,,,<na>,,,,,,,3196,all important fields empty,remove_incomplete_rows
,,,,,,,<na>,,,,,,,3197,all important fields empty,remove_incomplete_rows
,,,,,,,<na>,,,,,,,3200,all important fields empty,remove_incomplete_rows
,,,,,,,<na>,,,,,,,3201,all important fields empty,remove_incomplete_rows
,,,,,,,<na>,,,,,,,3204,all important fields empty,remove_incomplete_rows
,,,,,,,<na>,,,,,,,3205,all important fields empty,remove_incomplete_rows
,,,,,,,<na>,,,,,,,3208,all important fields empty,remove_incomplete_rows
,,,,,,,<na>,,,,,,,3209,all important fields empty,remove_incomplete_rows
,,,,,,,<na>,,,,,,,3220,all important fields empty,remove_incomplete_rows
,,,,,,,<na>,,,,,,,3221,all important fields empty,remove_incomplete_rows
,,,,,,,<na>,,,,,,,3224,all important fields empty,remove_incomplete_rows
,,,,,,,<na>,,,,,,,3225,all important fields empty,remove_incomplete_rows
,,,,,,,<na>,,,,,,,3230,all important fields empty,remove_incomplete_rows
,,,,,,,<na>,,,,,,,3231,all important fields empty,remove_incomplete_rows
,,,,,,,<na>,,,,,,,3234,all important fields empty,remove_incomplete_rows
,,,,,,,<na>,,,,,,,3235,all important fields empty,remove_incomplete_rows
,,,,,,,<na>,,,,,,,3238,all important fields empty,remove_incomplete_rows
,,,,,,,<na>,,,,,,,3239,all important fields empty,remove_incomplete_rows
,,,,,,,<na>,,,,,,,3242,all important fields empty,remove_incomplete_rows
,,,,,,,<na>,,,,,,,3243,all important fields empty,remove_incomplete_rows
,,,,,,,<na>,,,,,,,3246,all important fields empty,remove_incomplete_rows
,,,,,,,<na>,,,,,,,3247,all important fields empty,remove_incomplete_rows
,,,,,,,<na>,,,,,,,3251,all important fields empty,remove_incomplete_rows
,,,,,,,<na>,,,,,,,3252,all important fields empty,remove_incomplete_rows
,,,,,,,<na>,,,,,,,3255,all important fields empty,remove_incomplete_rows
,,,,,,,<na>,,,,,,,3256,all important fields empty,remove_incomplete_rows
,,,,,,,<na>,,,,,,,3261,all important fields empty,remove_incomplete_rows
,,,,,,,<na>,,,,,,,3262,all important fields empty,remove_incomplete_rows
,,,,,,,<na>,,,,,,,3267,all important fields empty,remove_incomplete_rows
,,,,,,,<na>,,,,,,,3268,all important fields empty,remove_incomplete_rows
,,,,,,,<na>,,,,,,,3271,all important fields empty,remove_incomplete_rows
,,,,,,,<na>,,,,,,,3272,all important fields empty,remove_incomplete_rows
,,,,,,,<na>,,,,,,,3275,all important fields empty,remove_incomplete_rows
,,,,,,,<na>,,,,,,,3276,all important fields empty,remove_incomplete_rows
,,,,,,,<na>,,,,,,,3279,all important fields empty,remove_incomplete_rows
,,,,,,,<na>,,,,,,,3280,all important fields empty,remove_incomplete_rows
,,,,,,,<na>,,,,,,,3283,all important fields empty,remove_incomplete_rows
,,,,,,,<na>,,,,,,,3284,all important fields empty,remove_incomplete_rows
,,,,,,,<na>,,,,,,,3287,all important fields empty,remove_incomplete_rows
,,,,,,,<na>,,,,,,,3288,all important fields empty,remove_incomplete_rows
,,,,,,,<na>,,,,,,,3293,all important fields empty,remove_incomplete_rows
,,,,,,,<na>,,,,,,,3294,all important fields empty,remove_incomplete_rows
,,,,,,,<na>,,,,,,,3298,all important fields empty,remove_incomplete_rows
,,,,,,,<na>,,,,,,,3299,all important fields empty,remove_incomplete_rows
,,,,,,,<na>,,,,,,,3303,all important fields empty,remove_incomplete_rows
,,,,,,,<na>,,,,,,,3304,all important fields empty,remove_incomplete_rows
,,,,,,,<na>,,,,,,,3308,all important fields empty,remove_incomplete_rows
,,,,,,,<na>,,,,,,,3309,all important fields empty,remove_incomplete_rows
,,,,,,,<na>,,,,,,,3312,all important fields empty,remove_incomplete_rows
,,,,,,,<na>,,,,,,,3313,all important fields empty,remove_incomplete_rows
,,,,,,,<na>,,,,,,,3316,all important fields empty,remove_incomplete_rows
,,,,,,,<na>,,,,,,,3317,all important fields empty,remove_incomplete_rows
,,,,,,,<na>,,,,,,,3320,all important fields empty,remove_incomplete_rows
,,,,,,,<na>,,,,,,,3321,all important fields empty,remove_incomplete_rows
,,,,,,,<na>,,,,,,,3324,all important fields empty,remove_incomplete_rows
,,,,,,,<na>,,,,,,,3325,all important fields empty,remove_incomplete_rows
,,,,,,,<na>,,,,,,,3329,all important fields empty,remove_incomplete_rows
,,,,,,,<na>,,,,,,,3330,all important fields empty,remove_incomplete_rows
,,,,,,,<na>,,,,,,,3333,all important fields empty,remove_incomplete_rows
,,,,,,,<na>,,,,,,,3334,all important fields empty,remove_incomplete_rows
,,,,,,,<na>,,,,,,,3340,all important fields empty,remove_incomplete_rows
,,,,,,,<na>,,,,,,,3341,all important fields empty,remove_incomplete_rows
,,,,,,,<na>,,,,,,,3345,all important fields empty,remove_incomplete_rows
,,,,,,,<na>,,,,,,,3346,all important fields empty,remove_incomplete_rows
,,,,,,,<na>,,,,,,,3349,all important fields empty,remove_incomplete_rows
,,,,,,,<na>,,,,,,,3350,all important fields empty,remove_incomplete_rows
,,,,,,,<na>,,,,,,,3354,all important fields empty,remove_incomplete_rows
,,,,,,,<na>,,,,,,,3355,all important fields empty,remove_incomplete_rows
,,,,,,,<na>,,,,,,,3358,all important fields empty,remove_incomplete_rows
,,,,,,,<na>,,,,,,,3359,all important fields empty,remove_incomplete_rows
,,,,,,,<na>,,,,,,,3362,all important fields empty,remove_incomplete_rows
,,,,,,,<na>,,,,,,,3363,all important fields empty,remove_incomplete_rows
,,,,,,,<na>,,,,,,,3366,all important fields empty,remove_incomplete_rows
,,,,,,,<na>,,,,,,,3367,all important fields empty,remove_incomplete_rows
,,,,,,,<na>,,,,,,,3370,all important fields empty,remove_incomplete_rows
,,,,,,,<na>,,,,,,,3371,all important fields empty,remove_incomplete_rows
,,,,,,,<na>,,,,,,,3374,all important fields empty,remove_incomplete_rows
,,,,,,,<na>,,,,,,,3375,all important fields empty,remove_incomplete_rows
,,,,,,,<na>,,,,,,,3378,all important fields empty,remove_incomplete_rows
,,,,,,,<na>,,,,,,,3379,all important fields empty,remove_incomplete_rows
,,,,,,,<na>,,,,,,,3382,all important fields empty,remove_incomplete_rows
,,,,,,,<na>,,,,,,,3383,all important fields empty,remove_incomplete_rows
,,,,,,,<na>,,,,,,,3387,all important fields empty,remove_incomplete_rows
,,,,,,,<na>,,,,,,,3388,all important fields empty,remove_incomplete_rows
,,,,,,,<na>,,,,,,,3391,all important fields empty,remove_incomplete_rows
,,,,,,,<na>,,,,,,,3392,all important fields empty,remove_incomplete_rows
,,,,,,,<na>,,,,,,,3395,all important fields empty,remove_incomplete_rows
,,,,,,,<na>,,,,,,,3396,all important fields empty,remove_incomplete_rows
,,,,,,,<na>,,,,,,,3399,all important fields empty,remove_incomplete_rows
,,,,,,,<na>,,,,,,,3400,all important fields empty,remove_incomplete_rows
,,,,,,,<na>,,,,,,,3403,all important fields empty,remove_incomplete_rows
,,,,,,,<na>,,,,,,,3404,all important fields empty,remove_incomplete_rows
,,,,,,,<na>,,,,,,,3407,all important fields empty,remove_incomplete_rows
,,,,,,,<na>,,,,,,,3408,all important fields empty,remove_incomplete_rows
,,,,,,,<na>,,,,,,,3413,all important fields empty,remove_incomplete_rows
,,,,,,,<na>,,,,,,,3414,all important fields empty,remove_incomplete_rows
,,,,,,,<na>,,,,,,,3421,all important fields empty,remove_incomplete_rows
,,,,,,,<na>,,,,,,,3422,all important fields empty,remove_incomplete_rows
,,,,,,,<na>,,,,,,,3428,all important fields empty,remove_incomplete_rows
,,,,,,,<na>,,,,,,,3429,all important fields empty,remove_incomplete_rows
,,,,,,,<na>,,,,,,,3435,all important fields empty,remove_incomplete_rows
,,,,,,,<na>,,,,,,,3436,all important fields empty,remove_incomplete_rows
,,,,,,,<na>,,,,,,,3439,all important fields empty,remove_incomplete_rows
,,,,,,,<na>,,,,,,,3440,all important fields empty,remove_incomplete_rows
,,,,,,,<na>,,,,,,,3445,all important fields empty,remove_incomplete_rows
,,,,,,,<na>,,,,,,,3446,all important fields empty,remove_incomplete_rows
,,,,,,,<na>,,,,,,,3449,all important fields empty,remove_incomplete_rows
,,,,,,,<na>,,,,,,,3450,all important fields empty,remove_incomplete_rows
,,,,,,,<na>,,,,,,,3453,all important fields empty,remove_incomplete_rows
,,,,,,,<na>,,,,,,,3454,all important fields empty,remove_incomplete_rows
,,,,,,,<na>,,,,,,,3457,all important fields empty,remove_incomplete_rows
,,,,,,,<na>,,,,,,,3458,all important fields empty,remove_incomplete_rows
,,,,,,,<na>,,,,,,,3463,all important fields empty,remove_incomplete_rows
,,,,,,,<na>,,,,,,,3464,all important fields empty,remove_incomplete_rows
,,,,,,,<na>,,,,,,,3467,all important fields empty,remove_incomplete_rows
,,,,,,,<na>,,,,,,,3468,all important fields empty,remove_incomplete_rows
,,,,,,,<na>,,,,,,,3472,all important fields empty,remove_incomplete_rows
,,,,,,,<na>,,,,,,,3473,all important fields empty,remove_incomplete_rows
,,,,,,,<na>,,,,,,,3484,all important fields empty,remove_incomplete_rows
,,,,,,,<na>,,,,,,,3485,all important fields empty,remove_incomplete_rows
,,,,,,,<na>,,,,,,,3492,all important fields empty,remove_incomplete_rows
,,,,,,,<na>,,,,,,,3493,all important fields empty,remove_incomplete_rows
,,,,,,,<na>,,,,,,,3496,all important fields empty,remove_incomplete_rows
,,,,,,,<na>,,,,,,,3497,all important fields empty,remove_incomplete_rows
,,,,,,,<na>,,,,,,,3500,all important fields empty,remove_incomplete_rows
,,,,,,,<na>,,,,,,,3501,all important fields empty,remove_incomplete_rows
,,,,,,,<na>,,,,,,,3504,all important fields empty,remove_incomplete_rows
,,,,,,,<na>,,,,,,,3505,all important fields empty,remove_incomplete_rows
,,,,,,,<na>,,,,,,,3509,all important fields empty,remove_incomplete_rows
,,,,,,,<na>,,,,,,,3510,all important fields empty,remove_incomplete_rows
,,,,,,,<na>,,,,,,,3513,all important fields empty,remove_incomplete_rows
,,,,,,,<na>,,,,,,,3514,all important fields empty,remove_incomplete_rows
,,,,,,,<na>,,,,,,,3518,all important fields empty,remove_incomplete_rows
,,,,,,,<na>,,,,,,,3519,all important fields empty,remove_incomplete_rows
,,,,,,,<na>,,,,,,,3522,all important fields empty,remove_incomplete_rows
,,,,,,,<na>,,,,,,,3523,all important fields empty,remove_incomplete_rows
,,,,,,,<na>,,,,,,,3527,all important fields empty,remove_incomplete_rows
,,,,,,,<na>,,,,,,,3528,all important fields empty,remove_incomplete_rows
,,,,,,,<na>,,,,,,,3532,all important fields empty,remove_incomplete_rows
,,,,,,,<na>,,,,,,,3533,all important fields empty,remove_incomplete_rows
,,,,,,,<na>,,,,,,,3536,all important fields empty,remove_incomplete_rows
,,,,,,,<na>,,,,,,,3537,all important fields empty,remove_incomplete_rows
,,,,,,,<na>,,,,,,,3541,all important fields empty,remove_incomplete_rows
,,,,,,,<na>,,,,,,,3542,all important fields empty,remove_incomplete_rows
,,,,,,,<na>,,,,,,,3546,all important fields empty,remove_incomplete_rows
,,,,,,,<na>,,,,,,,3547,all important fields empty,remove_incomplete_rows
,,,,,,,<na>,,,,,,,3550,all important fields empty,remove_incomplete_rows
,,,,,,,<na>,,,,,,,3551,all important fields empty,remove_incomplete_rows
,,,,,,,<na>,,,,,,,3560,all important fields empty,remove_incomplete_rows
,,,,,,,<na>,,,,,,,3561,all important fields empty,remove_incomplete_rows
,,,,,,,<na>,,,,,,,3564,all important fields empty,remove_incomplete_rows
,,,,,,,<na>,,,,,,,3565,all important fields empty,remove_incomplete_rows
,,,,,,,<na>,,,,,,,3576,all important fields empty,remove_incomplete_rows
,,,,,,,<na>,,,,,,,3577,all important fields empty,remove_incomplete_rows
,,,,,,,<na>,,,,,,,3580,all important fields empty,remove_incomplete_rows
,,,,,,,<na>,,,,,,,3581,all important fields empty,remove_incomplete_rows
,,,,,,,<na>,,,,,,,3585,all important fields empty,remove_incomplete_rows
,,,,,,,<na>,,,,,,,3586,all important fields empty,remove_incomplete_rows
,,,,,,,<na>,,,,,,,3589,all important fields empty,remove_incomplete_rows
,,,,,,,<na>,,,,,,,3590,all important fields empty,remove_incomplete_rows
,,,,,,,<na>,,,,,,,3594,all important fields empty,remove_incomplete_rows
,,,,,,,<na>,,,,,,,3595,all important fields empty,remove_incomplete_rows
,,,,,,,<na>,,,,,,,3598,all important fields empty,remove_incomplete_rows
,,,,,,,<na>,,,,,,,3599,all important fields empty,remove_incomplete_rows
,,,,,,,<na>,,,,,,,3606,all important fields empty,remove_incomplete_rows
,,,,,,,<na>,,,,,,,3607,all important fields empty,remove_incomplete_rows
,,,,,,,<na>,,,,,,,3611,all important fields empty,remove_incomplete_rows
,,,,,,,<na>,,,,,,,3612,all important fields empty,remove_incomplete_rows
,,,,,,,<na>,,,,,,,3615,all important fields empty,remove_incomplete_rows
,,,,,,,<na>,,,,,,,3616,all important fields empty,remove_incomplete_rows
,,,,,,,<na>,,,,,,,3620,all important fields empty,remove_incomplete_rows
,,,,,,,<na>,,,,,,,3621,all important fields empty,remove_incomplete_rows
,,,,,,,<na>,,,,,,,3624,all important fields empty,remove_incomplete_rows
,,,,,,,<na>,,,,,,,3625,all important fields empty,remove_incomplete_rows
,,,,,,,<na>,,,,,,,3629,all important fields empty,remove_incomplete_rows
,,,,,,,<na>,,,,,,,3630,all important fields empty,remove_incomplete_rows
,,,,,,,<na>,,,,,,,3633,all important fields empty,remove_incomplete_rows
,,,,,,,<na>,,,,,,,3634,all important fields empty,remove_incomplete_rows
,,,,,,,<na>,,,,,,,3637,all important fields empty,remove_incomplete_rows
,,,,,,,<na>,,,,,,,3638,all important fields empty,remove_incomplete_rows
,,,,,,,<na>,,,,,,,3641,all important fields empty,remove_incomplete_rows
,,,,,,,<na>,,,,,,,3642,all important fields empty,remove_incomplete_rows
,,,,,,,<na>,,,,,,,3645,all important fields empty,remove_incomplete_rows
,,,,,,,<na>,,,,,,,3646,all important fields empty,remove_incomplete_rows
,,,,,,,<na>,,,,,,,3655,all important fields empty,remove_incomplete_rows
,,,,,,,<na>,,,,,,,3656,all important fields empty,remove_incomplete_rows
,,,,,,,<na>,,,,,,,3660,all important fields empty,remove_incomplete_rows
,,,,,,,<na>,,,,,,,3661,all important fields empty,remove_incomplete_rows
,,,,,,,<na>,,,,,,,3664,all important fields empty,remove_incomplete_rows
,,,,,,,<na>,,,,,,,3665,all important fields empty,remove_incomplete_rows
,,,,,,,<na>,,,,,,,3670,all important fields empty,remove_incomplete_rows
,,,,,,,<na>,,,,,,,3671,all important fields empty,remove_incomplete_rows
,,,,,,,<na>,,,,,,,3674,all important fields empty,remove_incomplete_rows
,,,,,,,<na>,,,,,,,3675,all important fields empty,remove_incomplete_rows
,,,,,,,<na>,,,,,,,3680,all important fields empty,remove_incomplete_rows
,,,,,,,<na>,,,,,,,3681,all important fields empty,remove_incomplete_rows
,,,,,,,<na>,,,,,,,3684,all important fields empty,remove_incomplete_rows
,,,,,,,<na>,,,,,,,3685,all important fields empty,remove_incomplete_rows
,,,,,,,<na>,,,,,,,3688,all important fields empty,remove_incomplete_rows
,,,,,,,<na>,,,,,,,3689,all important fields empty,remove_incomplete_rows
,,,,,,,<na>,,,,,,,3692,all important fields empty,remove_incomplete_rows
,,,,,,,<na>,,,,,,,3693,all important fields empty,remove_incomplete_rows
,,,,,,,<na>,,,,,,,3696,all important fields empty,remove_incomplete_rows
,,,,,,,<na>,,,,,,,3697,all important fields empty,remove_incomplete_rows
,,,,,,,<na>,,,,,,,3701,all important fields empty,remove_incomplete_rows
,,,,,,,<na>,,,,,,,3702,all important fields empty,remove_incomplete_rows
,,,,,,,<na>,,,,,,,3705,all important fields empty,remove_incomplete_rows
,,,,,,,<na>,,,,,,,3706,all important fields empty,remove_incomplete_rows
,,,,,,,<na>,,,,,,,3709,all important fields empty,remove_incomplete_rows
,,,,,,,<na>,,,,,,,3710,all important fields empty,remove_incomplete_rows
,,,,,,,<na>,,,,,,,3713,all important fields empty,remove_incomplete_rows
,,,,,,,<na>,,,,,,,3714,all important fields empty,remove_incomplete_rows
,,,,,,,<na>,,,,,,,3717,all important fields empty,remove_incomplete_rows
,,,,,,,<na>,,,,,,,3718,all important fields empty,remove_incomplete_rows
,,,,,,,<na>,,,,,,,3721,all important fields empty,remove_incomplete_rows
,,,,,,,<na>,,,,,,,3722,all important fields empty,remove_incomplete_rows
,,,,,,,<na>,,,,,,,3725,all important fields empty,remove_incomplete_rows
,,,,,,,<na>,,,,,,,3726,all important fields empty,remove_incomplete_rows
,,,,,,,<na>,,,,,,,3731,all important fields empty,remove_incomplete_rows
,,,,,,,<na>,,,,,,,3732,all important fields empty,remove_incomplete_rows
,,,,,,,<na>,,,,,,,3735,all important fields empty,remove_incomplete_rows
,,,,,,,<na>,,,,,,,3736,all important fields empty,remove_incomplete_rows
,,,,,,,<na>,,,,,,,3740,all important fields empty,remove_incomplete_rows
,,,,,,,<na>,,,,,,,3741,all important fields empty,remove_incomplete_rows
,,,,,,,<na>,,,,,,,3744,all important fields empty,remove_incomplete_rows
,,,,,,,<na>,,,,,,,3745,all important fields empty,remove_incomplete_rows
,,,,,,,<na>,,,,,,,3748,all important fields empty,remove_incomplete_rows
,,,,,,,<na>,,,,,,,3749,all important fields empty,remove_incomplete_rows
,,,,,,,<na>,,,,,,,3752,all important fields empty,remove_incomplete_rows
,,,,,,,<na>,,,,,,,3753,all important fields empty,remove_incomplete_rows
,,,,,,,<na>,,,,,,,3757,all important fields empty,remove_incomplete_rows
,,,,,,,<na>,,,,,,,3758,all important fields empty,remove_incomplete_rows
,,,,,,,<na>,,,,,,,3761,all important fields empty,remove_incomplete_rows
,,,,,,,<na>,,,,,,,3762,all important fields empty,remove_incomplete_rows
,,,,,,,<na>,,,,,,,3766,all important fields empty,remove_incomplete_rows
,,,,,,,<na>,,,,,,,3767,all important fields empty,remove_incomplete_rows
,,,,,,,<na>,,,,,,,3770,all important fields empty,remove_incomplete_rows
,,,,,,,<na>,,,,,,,3771,all important fields empty,remove_incomplete_rows
,,,,,,,<na>,,,,,,,3774,all important fields empty,remove_incomplete_rows
,,,,,,,<na>,,,,,,,3775,all important fields empty,remove_incomplete_rows
,,,,,,,<na>,,,,,,,3778,all important fields empty,remove_incomplete_rows
,,,,,,,<na>,,,,,,,3779,all important fields empty,remove_incomplete_rows
,,,,,,,<na>,,,,,,,3782,all important fields empty,remove_incomplete_rows
,,,,,,,<na>,,,,,,,3783,all important fields empty,remove_incomplete_rows
,,,,,,,<na>,,,,,,,3787,all important fields empty,remove_incomplete_rows
,,,,,,,<na>,,,,,,,3788,all important fields empty,remove_incomplete_rows
,,,,,,,<na>,,,,,,,3792,all important fields empty,remove_incomplete_rows
,,,,,,,<na>,,,,,,,3793,all important fields empty,remove_incomplete_rows
,,,,,,,<na>,,,,,,,3796,all important fields empty,remove_incomplete_rows
,,,,,,,<na>,,,,,,,3797,all important fields empty,remove_incomplete_rows
,,,,,,,<na>,,,,,,,3802,all important fields empty,remove_incomplete_rows
,,,,,,,<na>,,,,,,,3803,all important fields empty,remove_incomplete_rows
,,,,,,,<na>,,,,,,,3806,all important fields empty,remove_incomplete_rows
,,,,,,,<na>,,,,,,,3807,all important fields empty,remove_incomplete_rows
,,,,,,,<na>,,,,,,,3810,all important fields empty,remove_incomplete_rows
,,,,,,,<na>,,,,,,,3811,all important fields empty,remove_incomplete_rows
,,,,,,,<na>,,,,,,,3815,all important fields empty,remove_incomplete_rows
,,,,,,,<na>,,,,,,,3816,all important fields empty,remove_incomplete_rows
,,,,,,,<na>,,,,,,,3820,all important fields empty,remove_incomplete_rows
,,,,,,,<na>,,,,,,,3821,all important fields empty,remove_incomplete_rows
,,,,,,,<na>,,,,,,,3825,all important fields empty,remove_incomplete_rows
,,,,,,,<na>,,,,,,,3826,all important fields empty,remove_incomplete_rows
,,,,,,,<na>,,,,,,,3833,all important fields empty,remove_incomplete_rows
,,,,,,,<na>,,,,,,,3834,all important fields empty,remove_incomplete_rows
,,,,,,,<na>,,,,,,,3837,all important fields empty,remove_incomplete_rows
,,,,,,,<na>,,,,,,,3838,all important fields empty,remove_incomplete_rows
,,,,,,,<na>,,,,,,,3841,all important fields empty,remove_incomplete_rows
,,,,,,,<na>,,,,,,,3842,all important fields empty,remove_incomplete_rows
,,,,,,,<na>,,,,,,,3846,all important fields empty,remove_incomplete_rows
,,,,,,,<na>,,,,,,,3847,all important fields empty,remove_incomplete_rows
,,,,,,,<na>,,,,,,,3850,all important fields empty,remove_incomplete_rows
,,,,,,,<na>,,,,,,,3851,all important fields empty,remove_incomplete_rows
,,,,,,,<na>,,,,,,,3854,all important fields empty,remove_incomplete_rows
,,,,,,,<na>,,,,,,,3855,all important fields empty,remove_incomplete_rows
,,,,,,,<na>,,,,,,,3858,all important fields empty,remove_incomplete_rows
,,,,,,,<na>,,,,,,,3859,all important fields empty,remove_incomplete_rows
,,,,,,,<na>,,,,,,,3863,all important fields empty,remove_incomplete_rows
,,,,,,,<na>,,,,,,,3864,all important fields empty,remove_incomplete_rows
,,,,,,,<na>,,,,,,,3868,all important fields empty,remove_incomplete_rows
,,,,,,,<na>,,,,,,,3869,all important fields empty,remove_incomplete_rows
,,,,,,,<na>,,,,,,,3872,all important fields empty,remove_incomplete_rows
,,,,,,,<na>,,,,,,,3873,all important fields empty,remove_incomplete_rows
,,,,,,,<na>,,,,,,,3877,all important fields empty,remove_incomplete_rows
,,,,,,,<na>,,,,,,,3878,all important fields empty,remove_incomplete_rows
,,,,,,,<na>,,,,,,,3881,all important fields empty,remove_incomplete_rows
,,,,,,,<na>,,,,,,,3882,all important fields empty,remove_incomplete_rows
,,,,,,,<na>,,,,,,,3885,all important fields empty,remove_incomplete_rows
,,,,,,,<na>,,,,,,,3886,all important fields empty,remove_incomplete_rows
,,,,,,,<na>,,,,,,,3889,all important fields empty,remove_incomplete_rows
,,,,,,,<na>,,,,,,,3890,all important fields empty,remove_incomplete_rows
,,,,,,,<na>,,,,,,,3894,all important fields empty,remove_incomplete_rows
,,,,,,,<na>,,,,,,,3895,all important fields empty,remove_incomplete_rows
,,,,,,,<na>,,,,,,,3898,all important fields empty,remove_incomplete_rows
,,,,,,,<na>,,,,,,,3899,all important fields empty,remove_incomplete_rows
,,,,,,,<na>,,,,,,,3902,all important fields empty,remove_incomplete_rows
,,,,,,,<na>,,,,,,,3903,all important fields empty,remove_incomplete_rows
,,,,,,,<na>,,,,,,,3914,all important fields empty,remove_incomplete_rows
,,,,,,,<na>,,,,,,,3915,all important fields empty,remove_incomplete_rows
,,,,,,,<na>,,,,,,,3918,all important fields empty,remove_incomplete_rows
,,,,,,,<na>,,,,,,,3919,all important fields empty,remove_incomplete_rows
,,,,,,,<na>,,,,,,,3923,all important fields empty,remove_incomplete_rows
,,,,,,,<na>,,,,,,,3924,all important fields empty,remove_incomplete_rows
,,,,,,,<na>,,,,,,,3928,all important fields empty,remove_incomplete_rows
,,,,,,,<na>,,,,,,,3929,all important fields empty,remove_incomplete_rows
,,,,,,,<na>,,,,,,,3932,all important fields empty,remove_incomplete_rows
,,,,,,,<na>,,,,,,,3933,all important fields empty,remove_incomplete_rows
,,,,,,,<na>,,,,,,,3936,all important fields empty,remove_incomplete_rows
,,,,,,,<na>,,,,,,,3937,all important fields empty,remove_incomplete_rows
,,,,,,,<na>,,,,,,,3940,all important fields empty,remove_incomplete_rows
,,,,,,,<na>,,,,,,,3941,all important fields empty,remove_incomplete_rows
,,,,,,,<na>,,,,,,,3946,all important fields empty,remove_incomplete_rows
,,,,,,,<na>,,,,,,,3947,all important fields empty,remove_incomplete_rows
,,,,,,,<na>,,,,,,,3950,all important fields empty,remove_incomplete_rows
,,,,,,,<na>,,,,,,,3951,all important fields empty,remove_incomplete_rows
,,,,,,,<na>,,,,,,,3954,all important fields empty,remove_incomplete_rows
,,,,,,,<na>,,,,,,,3955,all important fields empty,remove_incomplete_rows
,,,,,,,<na>,,,,,,,3960,all important fields empty,remove_incomplete_rows
,,,,,,,<na>,,,,,,,3961,all important fields empty,remove_incomplete_rows
,,,,,,,<na>,,,,,,,3964,all important fields empty,remove_incomplete_rows
,,,,,,,<na>,,,,,,,3965,all important fields empty,remove_incomplete_rows
,,,,,,,<na>,,,,,,,3968,all important fields empty,remove_incomplete_rows
,,,,,,,<na>,,,,,,,3969,all important fields empty,remove_incomplete_rows
,,,,,,,<na>,,,,,,,3972,all important fields empty,remove_incomplete_rows
,,,,,,,<na>,,,,,,,3973,all important fields empty,remove_incomplete_rows
,,,,,,,<na>,,,,,,,3977,all important fields empty,remove_incomplete_rows
,,,,,,,<na>,,,,,,,3978,all important fields empty,remove_incomplete_rows
,,,,,,,<na>,,,,,,,3981,all important fields empty,remove_incomplete_rows
,,,,,,,<na>,,,,,,,3982,all important fields empty,remove_incomplete_rows
,,,,,,,<na>,,,,,,,3985,all important fields empty,remove_incomplete_rows
,,,,,,,<na>,,,,,,,3986,all important fields empty,remove_incomplete_rows
,,,,,,,<na>,,,,,,,3989,all important fields empty,remove_incomplete_rows
,,,,,,,<na>,,,,,,,3990,all important fields empty,remove_incomplete_rows
,,,,,,,<na>,,,,,,,3995,all important fields empty,remove_incomplete_rows
,,,,,,,<na>,,,,,,,3996,all important fields empty,remove_incomplete_rows
,,,,,,,<na>,,,,,,,4000,all important fields empty,remove_incomplete_rows
,,,,,,,<na>,,,,,,,4001,all important fields empty,remove_incomplete_rows
,,,,,,,<na>,,,,,,,4004,all important fields empty,remove_incomplete_rows
,,,,,,,<na>,,,,,,,4005,all important fields empty,remove_incomplete_rows
,,,,,,,<na>,,,,,,,4008,all important fields empty,remove_incomplete_rows
,,,,,,,<na>,,,,,,,4009,all important fields empty,remove_incomplete_rows
,,,,,,,<na>,,,,,,,4014,all important fields empty,remove_incomplete_rows
,,,,,,,<na>,,,,,,,4015,all important fields empty,remove_incomplete_rows
,,,,,,,<na>,,,,,,,4018,all important fields empty,remove_incomplete_rows
,,,,,,,<na>,,,,,,,4019,all important fields empty,remove_incomplete_rows
,,,,,,,<na>,,,,,,,4022,all important fields empty,remove_incomplete_rows
,,,,,,,<na>,,,,,,,4023,all important fields empty,remove_incomplete_rows
,,,,,,,<na>,,,,,,,4028,all important fields empty,remove_incomplete_rows
,,,,,,,<na>,,,,,,,4029,all important fields empty,remove_incomplete_rows
,,,,,,,<na>,,,,,,,4032,all important fields empty,remove_incomplete_rows
,,,,,,,<na>,,,,,,,4033,all important fields empty,remove_incomplete_rows
,,,,,,,<na>,,,,,,,4036,all important fields empty,remove_incomplete_rows
,,,,,,,<na>,,,,,,,4037,all important fields empty,remove_incomplete_rows
,,,,,,,<na>,,,,,,,4040,all important fields empty,remove_incomplete_rows
,,,,,,,<na>,,,,,,,4041,all important fields empty,remove_incomplete_rows
,,,,,,,<na>,,,,,,,4047,all important fields empty,remove_incomplete_rows
,,,,,,,<na>,,,,,,,4048,all important fields empty,remove_incomplete_rows
,,,,,,,<na>,,,,,,,4053,all important fields empty,remove_incomplete_rows
,,,,,,,<na>,,,,,,,4054,all important fields empty,remove_incomplete_rows
,,,,,,,<na>,,,,,,,4058,all important fields empty,remove_incomplete_rows
,,,,,,,<na>,,,,,,,4059,all important fields empty,remove_incomplete_rows
,,,,,,,<na>,,,,,,,4062,all important fields empty,remove_incomplete_rows
,,,,,,,<na>,,,,,,,4063,all important fields empty,remove_incomplete_rows
,,,,,,,<na>,,,,,,,4066,all important fields empty,remove_incomplete_rows
,,,,,,,<na>,,,,,,,4067,all important fields empty,remove_incomplete_rows
,,,,,,,<na>,,,,,,,4070,all important fields empty,remove_incomplete_rows
,,,,,,,<na>,,,,,,,4071,all important fields empty,remove_incomplete_rows
,,,,,,,<na>,,,,,,,4075,all important fields empty,remove_incomplete_rows
,,,,,,,<na>,,,,,,,4076,all important fields empty,remove_incomplete_rows
,,,,,,,<na>,,,,,,,4079,all important fields empty,remove_incomplete_rows
,,,,,,,<na>,,,,,,,4080,all important fields empty,remove_incomplete_rows
,,,,,,,<na>,,,,,,,4083,all important fields empty,remove_incomplete_rows
,,,,,,,<na>,,,,,,,4084,all important fields empty,remove_incomplete_rows
,,,,,,,<na>,,,,,,,4088,all important fields empty,remove_incomplete_rows
,,,,,,,<na>,,,,,,,4089,all important fields empty,remove_incomplete_rows
,,,,,,,<na>,,,,,,,4092,all important fields empty,remove_incomplete_rows
,,,,,,,<na>,,,,,,,4093,all important fields empty,remove_incomplete_rows
,,,,,,,<na>,,,,,,,4096,all important fields empty,remove_incomplete_rows
,,,,,,,<na>,,,,,,,4097,all important fields empty,remove_incomplete_rows
,,,,,,,<na>,,,,,,,4100,all important fields empty,remove_incomplete_rows
,,,,,,,<na>,,,,,,,4101,all important fields empty,remove_incomplete_rows
,,,,,,,<na>,,,,,,,4104,all important fields empty,remove_incomplete_rows
,,,,,,,<na>,,,,,,,4105,all important fields empty,remove_incomplete_rows
,,,,,,,<na>,,,,,,,4109,all important fields empty,remove_incomplete_rows
,,,,,,,<na>,,,,,,,4110,all important fields empty,remove_incomplete_rows
,,,,,,,<na>,,,,,,,4113,all important fields empty,remove_incomplete_rows
,,,,,,,<na>,,,,,,,4114,all important fields empty,remove_incomplete_rows
,,,,,,,<na>,,,,,,,4118,all important fields empty,remove_incomplete_rows
,,,,,,,<na>,,,,,,,4119,all important fields empty,remove_incomplete_rows
,,,,,,,<na>,,,,,,,4124,all important fields empty,remove_incomplete_rows
,,,,,,,<na>,,,,,,,4125,all important fields empty,remove_incomplete_rows
,,,,,,,<na>,,,,,,,4128,all important fields empty,remove_incomplete_rows
,,,,,,,<na>,,,,,,,4129,all important fields empty,remove_incomplete_rows
,,,,,,,<na>,,,,,,,4133,all important fields empty,remove_incomplete_rows
,,,,,,,<na>,,,,,,,4134,all important fields empty,remove_incomplete_rows
,,,,,,,<na>,,,,,,,4137,all important fields empty,remove_incomplete_rows
,,,,,,,<na>,,,,,,,4138,all important fields empty,remove_incomplete_rows
,,,,,,,<na>,,,,,,,4149,all important fields empty,remove_incomplete_rows
,,,,,,,<na>,,,,,,,4150,all important fields empty,remove_incomplete_rows
,,,,,,,<na>,,,,,,,4153,all important fields empty,remove_incomplete_rows
,,,,,,,<na>,,,,,,,4154,all important fields empty,remove_incomplete_rows
,,,,,,,<na>,,,,,,,4157,all important fields empty,remove_incomplete_rows
,,,,,,,<na>,,,,,,,4158,all important fields empty,remove_incomplete_rows
,,,,,,,<na>,,,,,,,4161,all important fields empty,remove_incomplete_rows
,,,,,,,<na>,,,,,,,4162,all important fields empty,remove_incomplete_rows
,,,,,,,<na>,,,,,,,4165,all important fields empty,remove_incomplete_rows
,,,,,,,<na>,,,,,,,4166,all important fields empty,remove_incomplete_rows
,,,,,,,<na>,,,,,,,4169,all important fields empty,remove_incomplete_rows
,,,,,,,<na>,,,,,,,4170,all important fields empty,remove_incomplete_rows
,,,,,,,<na>,,,,,,,4176,all important fields empty,remove_incomplete_rows
,,,,,,,<na>,,,,,,,4177,all important fields empty,remove_incomplete_rows
,,,,,,,<na>,,,,,,,4180,all important fields empty,remove_incomplete_rows
,,,,,,,<na>,,,,,,,4181,all important fields empty,remove_incomplete_rows
,,,,,,,<na>,,,,,,,4184,all important fields empty,remove_incomplete_rows
,,,,,,,<na>,,,,,,,4185,all important fields empty,remove_incomplete_rows
,,,,,,,<na>,,,,,,,4188,all important fields empty,remove_incomplete_rows
,,,,,,,<na>,,,,,,,4189,all important fields empty,remove_incomplete_rows
,,,,,,,<na>,,,,,,,4193,all important fields empty,remove_incomplete_rows
,,,,,,,<na>,,,,,,,4194,all important fields empty,remove_incomplete_rows
,,,,,,,<na>,,,,,,,4197,all important fields empty,remove_incomplete_rows
,,,,,,,<na>,,,,,,,4198,all important fields empty,remove_incomplete_rows
,,,,,,,<na>,,,,,,,4201,all important fields empty,remove_incomplete_rows
,,,,,,,<na>,,,,,,,4202,all important fields empty,remove_incomplete_rows
,,,,,,,<na>,,,,,,,4205,all important fields empty,remove_incomplete_rows
,,,,,,,<na>,,,,,,,4206,all important fields empty,remove_incomplete_rows
,,,,,,,<na>,,,,,,,4209,all important fields empty,remove_incomplete_rows
,,,,,,,<na>,,,,,,,4210,all important fields empty,remove_incomplete_rows
,,,,,,,<na>,,,,,,,4213,all important fields empty,remove_incomplete_rows
,,,,,,,<na>,,,,,,,4214,all important fields empty,remove_incomplete_rows
,,,,,,,<na>,,,,,,,4217,all important fields empty,remove_incomplete_rows
,,,,,,,<na>,,,,,,,4218,all important fields empty,remove_incomplete_rows
,,,,,,,<na>,,,,,,,4221,all important fields empty,remove_incomplete_rows
,,,,,,,<na>,,,,,,,4222,all important fields empty,remove_incomplete_rows
,,,,,,,<na>,,,,,,,4225,all important fields empty,remove_incomplete_rows
,,,,,,,<na>,,,,,,,4226,all important fields empty,remove_incomplete_rows
,,,,,,,<na>,,,,,,,4229,all important fields empty,remove_incomplete_rows
,,,,,,,<na>,,,,,,,4230,all important fields empty,remove_incomplete_rows
,,,,,,,<na>,,,,,,,4233,all important fields empty,remove_incomplete_rows
,,,,,,,<na>,,,,,,,4234,all important fields empty,remove_incomplete_rows
,,,,,,,<na>,,,,,,,4237,all important fields empty,remove_incomplete_rows
,,,,,,,<na>,,,,,,,4238,all important fields empty,remove_incomplete_rows
,,,,,,,<na>,,,,,,,4241,all important fields empty,remove_incomplete_rows
,,,,,,,<na>,,,,,,,4242,all important fields empty,remove_incomplete_rows
,,,,,,,<na>,,,,,,,4245,all important fields empty,remove_incomplete_rows
,,,,,,,<na>,,,,,,,4246,all important fields empty,remove_incomplete_rows
,,,,,,,<na>,,,,,,,4249,all important fields empty,remove_incomplete_rows
,,,,,,,<na>,,,,,,,4250,all important fields empty,remove_incomplete_rows
,,,,,,,<na>,,,,,,,4254,all important fields empty,remove_incomplete_rows
,,,,,,,<na>,,,,,,,4255,all important fields empty,remove_incomplete_rows
,,,,,,,<na>,,,,,,,4260,all important fields empty,remove_incomplete_rows
,,,,,,,<na>,,,,,,,4261,all important fields empty,remove_incomplete_rows
,,,,,,,<na>,,,,,,,4264,all important fields empty,remove_incomplete_rows
,,,,,,,<na>,,,,,,,4265,all important fields empty,remove_incomplete_rows
,,,,,,,<na>,,,,,,,4268,all important fields empty,remove_incomplete_rows
,,,,,,,<na>,,,,,,,4269,all important fields empty,remove_incomplete_rows
,,,,,,,<na>,,,,,,,4272,all important fields empty,remove_incomplete_rows
,,,,,,,<na>,,,,,,,4273,all important fields empty,remove_incomplete_rows
,,,,,,,<na>,,,,,,,4278,all important fields empty,remove_incomplete_rows
,,,,,,,<na>,,,,,,,4279,all important fields empty,remove_incomplete_rows
,,,,,,,<na>,,,,,,,4283,all important fields empty,remove_incomplete_rows
,,,,,,,<na>,,,,,,,4284,all important fields empty,remove_incomplete_rows
,,,,,,,<na>,,,,,,,4287,all important fields empty,remove_incomplete_rows
,,,,,,,<na>,,,,,,,4288,all important fields empty,remove_incomplete_rows
,,,,,,,<na>,,,,,,,4291,all important fields empty,remove_incomplete_rows
,,,,,,,<na>,,,,,,,4292,all important fields empty,remove_incomplete_rows
,,,,,,,<na>,,,,,,,4295,all important fields empty,remove_incomplete_rows
,,,,,,,<na>,,,,,,,4296,all important fields empty,remove_incomplete_rows
,,,,,,,<na>,,,,,,,4299,all important fields empty,remove_incomplete_rows
,,,,,,,<na>,,,,,,,4300,all important fields empty,remove_incomplete_rows
,,,,,,,<na>,,,,,,,4303,all important fields empty,remove_incomplete_rows
,,,,,,,<na>,,,,,,,4304,all important fields empty,remove_incomplete_rows
,,,,,,,<na>,,,,,,,4308,all important fields empty,remove_incomplete_rows
,,,,,,,<na>,,,,,,,4309,all important fields empty,remove_incomplete_rows
,,,,,,,<na>,,,,,,,4312,all important fields empty,remove_incomplete_rows
,,,,,,,<na>,,,,,,,4313,all important fields empty,remove_incomplete_rows
,,,,,,,<na>,,,,,,,4320,all important fields empty,remove_incomplete_rows
,,,,,,,<na>,,,,,,,4321,all important fields empty,remove_incomplete_rows
,,,,,,,<na>,,,,,,,4324,all important fields empty,remove_incomplete_rows
,,,,,,,<na>,,,,,,,4325,all important fields empty,remove_incomplete_rows
,,,,,,,<na>,,,,,,,4328,all important fields empty,remove_incomplete_rows
,,,,,,,<na>,,,,,,,4329,all important fields empty,remove_incomplete_rows
,,,,,,,<na>,,,,,,,4335,all important fields empty,remove_incomplete_rows
,,,,,,,<na>,,,,,,,4336,all important fields empty,remove_incomplete_rows
,,,,,,,<na>,,,,,,,4339,all important fields empty,remove_incomplete_rows
,,,,,,,<na>,,,,,,,4340,all important fields empty,remove_incomplete_rows
,,,,,,,<na>,,,,,,,4344,all important fields empty,remove_incomplete_rows
,,,,,,,<na>,,,,,,,4345,all important fields empty,remove_incomplete_rows
,,,,,,,<na>,,,,,,,4351,all important fields empty,remove_incomplete_rows
,,,,,,,<na>,,,,,,,4352,all important fields empty,remove_incomplete_rows
,,,,,,,<na>,,,,,,,4355,all important fields empty,remove_incomplete_rows
,,,,,,,<na>,,,,,,,4356,all important fields empty,remove_incomplete_rows
,,,,,,,<na>,,,,,,,4360,all important fields empty,remove_incomplete_rows
,,,,,,,<na>,,,,,,,4361,all important fields empty,remove_incomplete_rows
,,,,,,,<na>,,,,,,,4364,all important fields empty,remove_incomplete_rows
,,,,,,,<na>,,,,,,,4365,all important fields empty,remove_incomplete_rows
,,,,,,,<na>,,,,,,,4368,all important fields empty,remove_incomplete_rows
,,,,,,,<na>,,,,,,,4369,all important fields empty,remove_incomplete_rows
,,,,,,,<na>,,,,,,,4372,all important fields empty,remove_incomplete_rows
,,,,,,,<na>,,,,,,,4373,all important fields empty,remove_incomplete_rows
,,,,,,,<na>,,,,,,,4376,all important fields empty,remove_incomplete_rows
,,,,,,,<na>,,,,,,,4377,all important fields empty,remove_incomplete_rows
,,,,,,,<na>,,,,,,,4388,all important fields empty,remove_incomplete_rows
,,,,,,,<na>,,,,,,,4389,all important fields empty,remove_incomplete_rows
,,,,,,,<na>,,,,,,,4392,all important fields empty,remove_incomplete_rows
,,,,,,,<na>,,,,,,,4393,all important fields empty,remove_incomplete_rows
,,,,,,,<na>,,,,,,,4397,all important fields empty,remove_incomplete_rows
,,,,,,,<na>,,,,,,,4398,all important fields empty,remove_incomplete_rows
,,,,,,,<na>,,,,,,,4401,all important fields empty,remove_incomplete_rows
,,,,,,,<na>,,,,,,,4402,all important fields empty,remove_incomplete_rows
,,,,,,,<na>,,,,,,,4405,all important fields empty,remove_incomplete_rows
,,,,,,,<na>,,,,,,,4406,all important fields empty,remove_incomplete_rows
,,,,,,,<na>,,,,,,,4411,all important fields empty,remove_incomplete_rows
,,,,,,,<na>,,,,,,,4412,all important fields empty,remove_incomplete_rows
,,,,,,,<na>,,,,,,,4416,all important fields empty,remove_incomplete_rows
,,,,,,,<na>,,,,,,,4417,all important fields empty,remove_incomplete_rows
,,,,,,,<na>,,,,,,,4420,all important fields empty,remove_incomplete_rows
,,,,,,,<na>,,,,,,,4421,all important fields empty,remove_incomplete_rows
,,,,,,,<na>,,,,,,,4424,all important fields empty,remove_incomplete_rows
,,,,,,,<na>,,,,,,,4425,all important fields empty,remove_incomplete_rows
,,,,,,,<na>,,,,,,,4432,all important fields empty,remove_incomplete_rows
,,,,,,,<na>,,,,,,,4433,all important fields empty,remove_incomplete_rows
,,,,,,,<na>,,,,,,,4436,all important fields empty,remove_incomplete_rows
,,,,,,,<na>,,,,,,,4437,all important fields empty,remove_incomplete_rows
,,,,,,,<na>,,,,,,,4442,all important fields empty,remove_incomplete_rows
,,,,,,,<na>,,,,,,,4443,all important fields empty,remove_incomplete_rows
,,,,,,,<na>,,,,,,,4446,all important fields empty,remove_incomplete_rows
,,,,,,,<na>,,,,,,,4447,all important fields empty,remove_incomplete_rows
,,,,,,,<na>,,,,,,,4450,all important fields empty,remove_incomplete_rows
,,,,,,,<na>,,,,,,,4451,all important fields empty,remove_incomplete_rows
,,,,,,,<na>,,,,,,,4454,all important fields empty,remove_incomplete_rows
,,,,,,,<na>,,,,,,,4455,all important fields empty,remove_incomplete_rows
,,,,,,,<na>,,,,,,,4459,all important fields empty,remove_incomplete_rows
,,,,,,,<na>,,,,,,,4460,all important fields empty,remove_incomplete_rows
,,,,,,,<na>,,,,,,,4463,all important fields empty,remove_incomplete_rows
,,,,,,,<na>,,,,,,,4464,all important fields empty,remove_incomplete_rows
,,,,,,,<na>,,,,,,,4468,all important fields empty,remove_incomplete_rows
,,,,,,,<na>,,,,,,,4469,all important fields empty,remove_incomplete_rows
,,,,,,,<na>,,,,,,,4473,all important fields empty,remove_incomplete_rows
,,,,,,,<na>,,,,,,,4474,all important fields empty,remove_incomplete_rows
,,,,,,,<na>,,,,,,,4479,all important fields empty,remove_incomplete_rows
,,,,,,,<na>,,,,,,,4480,all important fields empty,remove_incomplete_rows
,,,,,,,<na>,,,,,,,4483,all important fields empty,remove_incomplete_rows
,,,,,,,<na>,,,,,,,4484,all important fields empty,remove_incomplete_rows
,,,,,,,<na>,,,,,,,4487,all important fields empty,remove_incomplete_rows
,,,,,,,<na>,,,,,,,4488,all important fields empty,remove_incomplete_rows
,,,,,,,<na>,,,,,,,4491,all important fields empty,remove_incomplete_rows
,,,,,,,<na>,,,,,,,4492,all important fields empty,remove_incomplete_rows
,,,,,,,<na>,,,,,,,4495,all important fields empty,remove_incomplete_rows
,,,,,,,<na>,,,,,,,4496,all important fields empty,remove_incomplete_rows
,,,,,,,<na>,,,,,,,4499,all important fields empty,remove_incomplete_rows
,,,,,,,<na>,,,,,,,4500,all important fields empty,remove_incomplete_rows
,,,,,,,<na>,,,,,,,4503,all important fields empty,remove_incomplete_rows
,,,,,,,<na>,,,,,,,4504,all important fields empty,remove_incomplete_rows
,,,,,,,<na>,,,,,,,4507,all important fields empty,remove_incomplete_rows
,,,,,,,<na>,,,,,,,4508,all important fields empty,remove_incomplete_rows
,,,,,,,<na>,,,,,,,4511,all important fields empty,remove_incomplete_rows
,,,,,,,<na>,,,,,,,4512,all important fields empty,remove_incomplete_rows
,,,,,,,<na>,,,,,,,4516,all important fields empty,remove_incomplete_rows
,,,,,,,<na>,,,,,,,4517,all important fields empty,remove_incomplete_rows
,,,,,,,<na>,,,,,,,4520,all important fields empty,remove_incomplete_rows
,,,,,,,<na>,,,,,,,4521,all important fields empty,remove_incomplete_rows
,,,,,,,<na>,,,,,,,4524,all important fields empty,remove_incomplete_rows
,,,,,,,<na>,,,,,,,4525,all important fields empty,remove_incomplete_rows
,,,,,,,<na>,,,,,,,4529,all important fields empty,remove_incomplete_rows
,,,,,,,<na>,,,,,,,4530,all important fields empty,remove_incomplete_rows
,,,,,,,<na>,,,,,,,4533,all important fields empty,remove_incomplete_rows
,,,,,,,<na>,,,,,,,4534,all important fields empty,remove_incomplete_rows
,,,,,,,<na>,,,,,,,4537,all important fields empty,remove_incomplete_rows
,,,,,,,<na>,,,,,,,4538,all important fields empty,remove_incomplete_rows
,,,,,,,<na>,,,,,,,4541,all important fields empty,remove_incomplete_rows
,,,,,,,<na>,,,,,,,4542,all important fields empty,remove_incomplete_rows
,,,,,,,<na>,,,,,,,4546,all important fields empty,remove_incomplete_rows
,,,,,,,<na>,,,,,,,4547,all important fields empty,remove_incomplete_rows
,,,,,,,<na>,,,,,,,4550,all important fields empty,remove_incomplete_rows
,,,,,,,<na>,,,,,,,4551,all important fields empty,remove_incomplete_rows
,,,,,,,<na>,,,,,,,4554,all important fields empty,remove_incomplete_rows
,,,,,,,<na>,,,,,,,4555,all important fields empty,remove_incomplete_rows
,,,,,,,<na>,,,,,,,4558,all important fields empty,remove_incomplete_rows
,,,,,,,<na>,,,,,,,4559,all important fields empty,remove_incomplete_rows
,,,,,,,<na>,,,,,,,4563,all important fields empty,remove_incomplete_rows
,,,,,,,<na>,,,,,,,4564,all important fields empty,remove_incomplete_rows
,,,,,,,<na>,,,,,,,4569,all important fields empty,remove_incomplete_rows
,,,,,,,<na>,,,,,,,4570,all important fields empty,remove_incomplete_rows
,,,,,,,<na>,,,,,,,4573,all important fields empty,remove_incomplete_rows
,,,,,,,<na>,,,,,,,4574,all important fields empty,remove_incomplete_rows
,,,,,,,<na>,,,,,,,4580,all important fields empty,remove_incomplete_rows
,,,,,,,<na>,,,,,,,4581,all important fields empty,remove_incomplete_rows
,,,,,,,<na>,,,,,,,4584,all important fields empty,remove_incomplete_rows
,,,,,,,<na>,,,,,,,4585,all important fields empty,remove_incomplete_rows
,,,,,,,<na>,,,,,,,4588,all important fields empty,remove_incomplete_rows
,,,,,,,<na>,,,,,,,4589,all important fields empty,remove_incomplete_rows
,,,,,,,<na>,,,,,,,4593,all important fields empty,remove_incomplete_rows
,,,,,,,<na>,,,,,,,4594,all important fields empty,remove_incomplete_rows
,,,,,,,<na>,,,,,,,4597,all important fields empty,remove_incomplete_rows
,,,,,,,<na>,,,,,,,4598,all important fields empty,remove_incomplete_rows
,,,,,,,<na>,,,,,,,4601,all important fields empty,remove_incomplete_rows
,,,,,,,<na>,,,,,,,4602,all important fields empty,remove_incomplete_rows
,,,,,,,<na>,,,,,,,4605,all important fields empty,remove_incomplete_rows
,,,,,,,<na>,,,,,,,4606,all important fields empty,remove_incomplete_rows
,,,,,,,<na>,,,,,,,4609,all important fields empty,remove_incomplete_rows
,,,,,,,<na>,,,,,,,4610,all important fields empty,remove_incomplete_rows
,,,,,,,<na>,,,,,,,4613,all important fields empty,remove_incomplete_rows
,,,,,,,<na>,,,,,,,4614,all important fields empty,remove_incomplete_rows
,,,,,,,<na>,,,,,,,4619,all important fields empty,remove_incomplete_rows
,,,,,,,<na>,,,,,,,4620,all important fields empty,remove_incomplete_rows
,,,,,,,<na>,,,,,,,4623,all important fields empty,remove_incomplete_rows
,,,,,,,<na>,,,,,,,4624,all important fields empty,remove_incomplete_rows
,,,,,,,<na>,,,,,,,4627,all important fields empty,remove_incomplete_rows
,,,,,,,<na>,,,,,,,4628,all important fields empty,remove_incomplete_rows
,,,,,,,<na>,,,,,,,4631,all important fields empty,remove_incomplete_rows
,,,,,,,<na>,,,,,,,4632,all important fields empty,remove_incomplete_rows
,,,,,,,<na>,,,,,,,4635,all important fields empty,remove_incomplete_rows
,,,,,,,<na>,,,,,,,4636,all important fields empty,remove_incomplete_rows
,,,,,,,<na>,,,,,,,4647,all important fields empty,remove_incomplete_rows
,,,,,,,<na>,,,,,,,4648,all important fields empty,remove_incomplete_rows
,,,,,,,<na>,,,,,,,4651,all important fields empty,remove_incomplete_rows
,,,,,,,<na>,,,,,,,4652,all important fields empty,remove_incomplete_rows
,,,,,,,<na>,,,,,,,4656,all important fields empty,remove_incomplete_rows
,,,,,,,<na>,,,,,,,4657,all important fields empty,remove_incomplete_rows
,,,,,,,<na>,,,,,,,4660,all important fields empty,remove_incomplete_rows
,,,,,,,<na>,,,,,,,4661,all important fields empty,remove_incomplete_rows
,,,,,,,<na>,,,,,,,4665,all important fields empty,remove_incomplete_rows
,,,,,,,<na>,,,,,,,4666,all important fields empty,remove_incomplete_rows
,,,,,,,<na>,,,,,,,4671,all important fields empty,remove_incomplete_rows
,,,,,,,<na>,,,,,,,4672,all important fields empty,remove_incomplete_rows
,,,,,,,<na>,,,,,,,4675,all important fields empty,remove_incomplete_rows
,,,,,,,<na>,,,,,,,4676,all important fields empty,remove_incomplete_rows
,,,,,,,<na>,,,,,,,4681,all important fields empty,remove_incomplete_rows
,,,,,,,<na>,,,,,,,4682,all important fields empty,remove_incomplete_rows
,,,,,,,<na>,,,,,,,4685,all important fields empty,remove_incomplete_rows
,,,,,,,<na>,,,,,,,4686,all important fields empty,remove_incomplete_rows
,,,,,,,<na>,,,,,,,4689,all important fields empty,remove_incomplete_rows
,,,,,,,<na>,,,,,,,4690,all important fields empty,remove_incomplete_rows
,,,,,,,<na>,,,,,,,4694,all important fields empty,remove_incomplete_rows
,,,,,,,<na>,,,,,,,4695,all important fields empty,remove_incomplete_rows
,,,,,,,<na>,,,,,,,4699,all important fields empty,remove_incomplete_rows
,,,,,,,<na>,,,,,,,4700,all important fields empty,remove_incomplete_rows
,,,,,,,<na>,,,,,,,4706,all important fields empty,remove_incomplete_rows
,,,,,,,<na>,,,,,,,4707,all important fields empty,remove_incomplete_rows
,,,,,,,<na>,,,,,,,4710,all important fields empty,remove_incomplete_rows
,,,,,,,<na>,,,,,,,4711,all important fields empty,remove_incomplete_rows
,,,,,,,<na>,,,,,,,4714,all important fields empty,remove_incomplete_rows
,,,,,,,<na>,,,,,,,4715,all important fields empty,remove_incomplete_rows
,,,,,,,<na>,,,,,,,4721,all important fields empty,remove_incomplete_rows
,,,,,,,<na>,,,,,,,4722,all important fields empty,remove_incomplete_rows
,,,,,,,<na>,,,,,,,4727,all important fields empty,remove_incomplete_rows
,,,,,,,<na>,,,,,,,4728,all important fields empty,remove_incomplete_rows
,,,,,,,<na>,,,,,,,4731,all important fields empty,remove_incomplete_rows
,,,,,,,<na>,,,,,,,4732,all important fields empty,remove_incomplete_rows
,,,,,,,<na>,,,,,,,4735,all important fields empty,remove_incomplete_rows
,,,,,,,<na>,,,,,,,4736,all important fields empty,remove_incomplete_rows
,,,,,,,<na>,,,,,,,4739,all important fields empty,remove_incomplete_rows
,,,,,,,<na>,,,,,,,4740,all important fields empty,remove_incomplete_rows
,,,,,,,<na>,,,,,,,4743,all important fields empty,remove_incomplete_rows
,,,,,,,<na>,,,,,,,4744,all important fields empty,remove_incomplete_rows
,,,,,,,<na>,,,,,,,4750,all important fields empty,remove_incomplete_rows
,,,,,,,<na>,,,,,,,4751,all important fields empty,remove_incomplete_rows
,,,,,,,<na>,,,,,,,4754,all important fields empty,remove_incomplete_rows
,,,,,,,<na>,,,,,,,4755,all important fields empty,remove_incomplete_rows
,,,,,,,<na>,,,,,,,4758,all important fields empty,remove_incomplete_rows
,,,,,,,<na>,,,,,,,4759,all important fields empty,remove_incomplete_rows
,,,,,,,<na>,,,,,,,4763,all important fields empty,remove_incomplete_rows
,,,,,,,<na>,,,,,,,4764,all important fields empty,remove_incomplete_rows
,,,,,,,<na>,,,,,,,4767,all important fields empty,remove_incomplete_rows
,,,,,,,<na>,,,,,,,4768,all important fields empty,remove_incomplete_rows
,,,,,,,<na>,,,,,,,4771,all important fields empty,remove_incomplete_rows
,,,,,,,<na>,,,,,,,4772,all important fields empty,remove_incomplete_rows
,,,,,,,<na>,,,,,,,4778,all important fields empty,remove_incomplete_rows
,,,,,,,<na>,,,,,,,4779,all important fields empty,remove_incomplete_rows
,,,,,,,<na>,,,,,,,4782,all important fields empty,remove_incomplete_rows
,,,,,,,<na>,,,,,,,4783,all important fields empty,remove_incomplete_rows
,,,,,,,<na>,,,,,,,4789,all important fields empty,remove_incomplete_rows
,,,,,,,<na>,,,,,,,4790,all important fields empty,remove_incomplete_rows
,,,,,,,<na>,,,,,,,4795,all important fields empty,remove_incomplete_rows
,,,,,,,<na>,,,,,,,4796,all important fields empty,remove_incomplete_rows
,,,,,,,<na>,,,,,,,4799,all important fields empty,remove_incomplete_rows
,,,,,,,<na>,,,,,,,4800,all important fields empty,remove_incomplete_rows
,,,,,,,<na>,,,,,,,4803,all important fields empty,remove_incomplete_rows
,,,,,,,<na>,,,,,,,4804,all important fields empty,remove_incomplete_rows
,,,,,,,<na>,,,,,,,4807,all important fields empty,remove_incomplete_rows
,,,,,,,<na>,,,,,,,4808,all important fields empty,remove_incomplete_rows
,,,,,,,<na>,,,,,,,4811,all important fields empty,remove_incomplete_rows
,,,,,,,<na>,,,,,,,4812,all important fields empty,remove_incomplete_rows
,,,,,,,<na>,,,,,,,4815,all important fields empty,remove_incomplete_rows
,,,,,,,<na>,,,,,,,4816,all important fields empty,remove_incomplete_rows
,,,,,,,<na>,,,,,,,4819,all important fields empty,remove_incomplete_rows
,,,,,,,<na>,,,,,,,4820,all important fields empty,remove_incomplete_rows
,,,,,,,<na>,,,,,,,4831,all important fields empty,remove_incomplete_rows
,,,,,,,<na>,,,,,,,4832,all important fields empty,remove_incomplete_rows
,,,,,,,<na>,,,,,,,4837,all important fields empty,remove_incomplete_rows
,,,,,,,<na>,,,,,,,4838,all important fields empty,remove_incomplete_rows
,,,,,,,<na>,,,,,,,4841,all important fields empty,remove_incomplete_rows
,,,,,,,<na>,,,,,,,4842,all important fields empty,remove_incomplete_rows
,,,,,,,<na>,,,,,,,4846,all important fields empty,remove_incomplete_rows
,,,,,,,<na>,,,,,,,4847,all important fields empty,remove_incomplete_rows
,,,,,,,<na>,,,,,,,4850,all important fields empty,remove_incomplete_rows
,,,,,,,<na>,,,,,,,4851,all important fields empty,remove_incomplete_rows
,,,,,,,<na>,,,,,,,4855,all important fields empty,remove_incomplete_rows
,,,,,,,<na>,,,,,,,4856,all important fields empty,remove_incomplete_rows
,,,,,,,<na>,,,,,,,4859,all important fields empty,remove_incomplete_rows
,,,,,,,<na>,,,,,,,4860,all important fields empty,remove_incomplete_rows
,,,,,,,<na>,,,,,,,4864,all important fields empty,remove_incomplete_rows
,,,,,,,<na>,,,,,,,4865,all important fields empty,remove_incomplete_rows
,,,,,,,<na>,,,,,,,4868,all important fields empty,remove_incomplete_rows
,,,,,,,<na>,,,,,,,4869,all important fields empty,remove_incomplete_rows
,,,,,,,<na>,,,,,,,4873,all important fields empty,remove_incomplete_rows
,,,,,,,<na>,,,,,,,4874,all important fields empty,remove_incomplete_rows
,,,,,,,<na>,,,,,,,4877,all important fields empty,remove_incomplete_rows
,,,,,,,<na>,,,,,,,4878,all important fields empty,remove_incomplete_rows
,,,,,,,<na>,,,,,,,4882,all important fields empty,remove_incomplete_rows
,,,,,,,<na>,,,,,,,4883,all important fields empty,remove_incomplete_rows
,,,,,,,<na>,,,,,,,4889,all important fields empty,remove_incomplete_rows
,,,,,,,<na>,,,,,,,4890,all important fields empty,remove_incomplete_rows
,,,,,,,<na>,,,,,,,4893,all important fields empty,remove_incomplete_rows
,,,,,,,<na>,,,,,,,4894,all important fields empty,remove_incomplete_rows
,,,,,,,<na>,,,,,,,4897,all important fields empty,remove_incomplete_rows
,,,,,,,<na>,,,,,,,4898,all important fields empty,remove_incomplete_rows
,,,,,,,<na>,,,,,,,4901,all important fields empty,remove_incomplete_rows
,,,,,,,<na>,,,,,,,4902,all important fields empty,remove_incomplete_rows
,,,,,,,<na>,,,,,,,4907,all important fields empty,remove_incomplete_rows
,,,,,,,<na>,,,,,,,4908,all important fields empty,remove_incomplete_rows
,,,,,,,<na>,,,,,,,4914,all important fields empty,remove_incomplete_rows
,,,,,,,<na>,,,,,,,4915,all important fields empty,remove_incomplete_rows
,,,,,,,<na>,,,,,,,4918,all important fields empty,remove_incomplete_rows
,,,,,,,<na>,,,,,,,4919,all important fields empty,remove_incomplete_rows
,,,,,,,<na>,,,,,,,4922,all important fields empty,remove_incomplete_rows
,,,,,,,<na>,,,,,,,4923,all important fields empty,remove_incomplete_rows
,,,,,,,<na>,,,,,,,4928,all important fields empty,remove_incomplete_rows
,,,,,,,<na>,,,,,,,4929,all important fields empty,remove_incomplete_rows
,,,,,,,<na>,,,,,,,4932,all important fields empty,remove_incomplete_rows
,,,,,,,<na>,,,,,,,4933,all important fields empty,remove_incomplete_rows
,,,,,,,<na>,,,,,,,4936,all important fields empty,remove_incomplete_rows
,,,,,,,<na>,,,,,,,4937,all important fields empty,remove_incomplete_rows
,,,,,,,<na>,,,,,,,4940,all important fields empty,remove_incomplete_rows
,,,,,,,<na>,,,,,,,4941,all important fields empty,remove_incomplete_rows
,,,,,,,<na>,,,,,,,4945,all important fields empty,remove_incomplete_rows
,,,,,,,<na>,,,,,,,4946,all important fields empty,remove_incomplete_rows
,,,,,,,<na>,,,,,,,4949,all important fields empty,remove_incomplete_rows
,,,,,,,<na>,,,,,,,4950,all important fields empty,remove_incomplete_rows
,,,,,,,<na>,,,,,,,4953,all important fields empty,remove_incomplete_rows
,,,,,,,<na>,,,,,,,4954,all important fields empty,remove_incomplete_rows
,,,,,,,<na>,,,,,,,4959,all important fields empty,remove_incomplete_rows
,,,,,,,<na>,,,,,,,4960,all important fields empty,remove_incomplete_rows
,,,,,,,<na>,,,,,,,4965,all important fields empty,remove_incomplete_rows
,,,,,,,<na>,,,,,,,4966,all important fields empty,remove_incomplete_rows
,,,,,,,<na>,,,,,,,4972,all important fields empty,remove_incomplete_rows
,,,,,,,<na>,,,,,,,4973,all important fields empty,remove_incomplete_rows
,,,,,,,<na>,,,,,,,4977,all important fields empty,remove_incomplete_rows
,,,,,,,<na>,,,,,,,4978,all important fields empty,remove_incomplete_rows
,,,,,,,<na>,,,,,,,4981,all important fields empty,remove_incomplete_rows
,,,,,,,<na>,,,,,,,4982,all important fields empty,remove_incomplete_rows
,,,,,,,<na>,,,,,,,4988,all important fields empty,remove_incomplete_rows
,,,,,,,<na>,,,,,,,4989,all important fields empty,remove_incomplete_rows
,,,,,,,<na>,,,,,,,4992,all important fields empty,remove_incomplete_rows
,,,,,,,<na>,,,,,,,4993,all important fields empty,remove_incomplete_rows
,,,,,,,<na>,,,,,,,4996,all important fields empty,remove_incomplete_rows
,,,,,,,<na>,,,,,,,4997,all important fields empty,remove_incomplete_rows
,,,,,,,<na>,,,,,,,5000,all important fields empty,remove_incomplete_rows
,,,,,,,<na>,,,,,,,5001,all important fields empty,remove_incomplete_rows
,,,,,,,<na>,,,,,,,5005,all important fields empty,remove_incomplete_rows
,,,,,,,<na>,,,,,,,5006,all important fields empty,remove_incomplete_rows
,,,,,,,<na>,,,,,,,5009,all important fields empty,remove_incomplete_rows
,,,,,,,<na>,,,,,,,5010,all important fields empty,remove_incomplete_rows
,,,,,,,<na>,,,,,,,5013,all important fields empty,remove_incomplete_rows
,,,,,,,<na>,,,,,,,5014,all important fields empty,remove_incomplete_rows
,,,,,,,<na>,,,,,,,5018,all important fields empty,remove_incomplete_rows
,,,,,,,<na>,,,,,,,5019,all important fields empty,remove_incomplete_rows
,,,,,,,<na>,,,,,,,5025,all important fields empty,remove_incomplete_rows
,,,,,,,<na>,,,,,,,5026,all important fields empty,remove_incomplete_rows
,,,,,,,<na>,,,,,,,5029,all important fields empty,remove_incomplete_rows
,,,,,,,<na>,,,,,,,5030,all important fields empty,remove_incomplete_rows
,,,,,,,<na>,,,,,,,5033,all important fields empty,remove_incomplete_rows
,,,,,,,<na>,,,,,,,5034,all important fields empty,remove_incomplete_rows
,,,,,,,<na>,,,,,,,5037,all important fields empty,remove_incomplete_rows
,,,,,,,<na>,,,,,,,5038,all important fields empty,remove_incomplete_rows
,,,,,,,<na>,,,,,,,5041,all important fields empty,remove_incomplete_rows
,,,,,,,<na>,,,,,,,5042,all important fields empty,remove_incomplete_rows
,,,,,,,<na>,,,,,,,5046,all important fields empty,remove_incomplete_rows
,,,,,,,<na>,,,,,,,5047,all important fields empty,remove_incomplete_rows
,,,,,,,<na>,,,,,,,5050,all important fields empty,remove_incomplete_rows
,,,,,,,<na>,,,,,,,5051,all important fields empty,remove_incomplete_rows
,,,,,,,<na>,,,,,,,5056,all important fields empty,remove_incomplete_rows
,,,,,,,<na>,,,,,,,5057,all important fields empty,remove_incomplete_rows
,,,,,,,<na>,,,,,,,5062,all important fields empty,remove_incomplete_rows
,,,,,,,<na>,,,,,,,5063,all important fields empty,remove_incomplete_rows
,,,,,,,<na>,,,,,,,5067,all important fields empty,remove_incomplete_rows
,,,,,,,<na>,,,,,,,5068,all important fields empty,remove_incomplete_rows
,,,,,,,<na>,,,,,,,5079,all important fields empty,remove_incomplete_rows
,,,,,,,<na>,,,,,,,5080,all important fields empty,remove_incomplete_rows
,,,,,,,<na>,,,,,,,5085,all important fields empty,remove_incomplete_rows
,,,,,,,<na>,,,,,,,5086,all important fields empty,remove_incomplete_rows
,,,,,,,<na>,,,,,,,5090,all important fields empty,remove_incomplete_rows
,,,,,,,<na>,,,,,,,5091,all important fields empty,remove_incomplete_rows
,,,,,,,<na>,,,,,,,5096,all important fields empty,remove_incomplete_rows
,,,,,,,<na>,,,,,,,5097,all important fields empty,remove_incomplete_rows
,,,,,,,<na>,,,,,,,5100,all important fields empty,remove_incomplete_rows
,,,,,,,<na>,,,,,,,5101,all important fields empty,remove_incomplete_rows
,,,,,,,<na>,,,,,,,5104,all important fields empty,remove_incomplete_rows
,,,,,,,<na>,,,,,,,5105,all important fields empty,remove_incomplete_rows
,,,,,,,<na>,,,,,,,5108,all important fields empty,remove_incomplete_rows
,,,,,,,<na>,,,,,,,5109,all important fields empty,remove_incomplete_rows
,,,,,,,<na>,,,,,,,5114,all important fields empty,remove_incomplete_rows
,,,,,,,<na>,,,,,,,5115,all important fields empty,remove_incomplete_rows
,,,,,,,<na>,,,,,,,5118,all important fields empty,remove_incomplete_rows
,,,,,,,<na>,,,,,,,5119,all important fields empty,remove_incomplete_rows
,,,,,,,<na>,,,,,,,5122,all important fields empty,remove_incomplete_rows
,,,,,,,<na>,,,,,,,5123,all important fields empty,remove_incomplete_rows
,,,,,,,<na>,,,,,,,5126,all important fields empty,remove_incomplete_rows
,,,,,,,<na>,,,,,,,5127,all important fields empty,remove_incomplete_rows
,,,,,,,<na>,,,,,,,5130,all important fields empty,remove_incomplete_rows
,,,,,,,<na>,,,,,,,5131,all important fields empty,remove_incomplete_rows
,,,,,,,<na>,,,,,,,5134,all important fields empty,remove_incomplete_rows
,,,,,,,<na>,,,,,,,5135,all important fields empty,remove_incomplete_rows
,,,,,,,<na>,,,,,,,5141,all important fields empty,remove_incomplete_rows
,,,,,,,<na>,,,,,,,5142,all important fields empty,remove_incomplete_rows
,,,,,,,<na>,,,,,,,5147,all important fields empty,remove_incomplete_rows
,,,,,,,<na>,,,,,,,5148,all important fields empty,remove_incomplete_rows
,,,,,,,<na>,,,,,,,5151,all important fields empty,remove_incomplete_rows
,,,,,,,<na>,,,,,,,5152,all important fields empty,remove_incomplete_rows
,,,,,,,<na>,,,,,,,5156,all important fields empty,remove_incomplete_rows
,,,,,,,<na>,,,,,,,5157,all important fields empty,remove_incomplete_rows
,,,,,,,<na>,,,,,,,5160,all important fields empty,remove_incomplete_rows
,,,,,,,<na>,,,,,,,5161,all important fields empty,remove_incomplete_rows
,,,,,,,<na>,,,,,,,5164,all important fields empty,remove_incomplete_rows
,,,,,,,<na>,,,,,,,5165,all important fields empty,remove_incomplete_rows
,,,,,,,<na>,,,,,,,5169,all important fields empty,remove_incomplete_rows
,,,,,,,<na>,,,,,,,5170,all important fields empty,remove_incomplete_rows
,,,,,,,<na>,,,,,,,5173,all important fields empty,remove_incomplete_rows
,,,,,,,<na>,,,,,,,5174,all important fields empty,remove_incomplete_rows
,,,,,,,<na>,,,,,,,5177,all important fields empty,remove_incomplete_rows
,,,,,,,<na>,,,,,,,5178,all important fields empty,remove_incomplete_rows
,,,,,,,<na>,,,,,,,5181,all important fields empty,remove_incomplete_rows
,,,,,,,<na>,,,,,,,5182,all important fields empty,remove_incomplete_rows
,,,,,,,<na>,,,,,,,5185,all important fields empty,remove_incomplete_rows
,,,,,,,<na>,,,,,,,5186,all important fields empty,remove_incomplete_rows
,,,,,,,<na>,,,,,,,5189,all important fields empty,remove_incomplete_rows
,,,,,,,<na>,,,,,,,5190,all important fields empty,remove_incomplete_rows
,,,,,,,<na>,,,,,,,5193,all important fields empty,remove_incomplete_rows
,,,,,,,<na>,,,,,,,5194,all important fields empty,remove_incomplete_rows
,,,,,,,<na>,,,,,,,5205,all important fields empty,remove_incomplete_rows
,,,,,,,<na>,,,,,,,5206,all important fields empty,remove_incomplete_rows
,,,,,,,<na>,,,,,,,5211,all important fields empty,remove_incomplete_rows
,,,,,,,<na>,,,,,,,5212,all important fields empty,remove_incomplete_rows
,,,,,,,<na>,,,,,,,5215,all important fields empty,remove_incomplete_rows
,,,,,,,<na>,,,,,,,5216,all important fields empty,remove_incomplete_rows
,,,,,,,<na>,,,,,,,5222,all important fields empty,remove_incomplete_rows
,,,,,,,<na>,,,,,,,5223,all important fields empty,remove_incomplete_rows
,,,,,,,<na>,,,,,,,5228,all important fields empty,remove_incomplete_rows
,,,,,,,<na>,,,,,,,5229,all important fields empty,remove_incomplete_rows
,,,,,,,<na>,,,,,,,5232,all important fields empty,remove_incomplete_rows
,,,,,,,<na>,,,,,,,5233,all important fields empty,remove_incomplete_rows
,,,,,,,<na>,,,,,,,5236,all important fields empty,remove_incomplete_rows
,,,,,,,<na>,,,,,,,5237,all important fields empty,remove_incomplete_rows
,,,,,,,<na>,,,,,,,5240,all important fields empty,remove_incomplete_rows
,,,,,,,<na>,,,,,,,5241,all important fields empty,remove_incomplete_rows
,,,,,,,<na>,,,,,,,5245,all important fields empty,remove_incomplete_rows
,,,,,,,<na>,,,,,,,5246,all important fields empty,remove_incomplete_rows
,,,,,,,<na>,,,,,,,5249,all important fields empty,remove_incomplete_rows
,,,,,,,<na>,,,,,,,5250,all important fields empty,remove_incomplete_rows
,,,,,,,<na>,,,,,,,5257,all important fields empty,remove_incomplete_rows
,,,,,,,<na>,,,,,,,5258,all important fields empty,remove_incomplete_rows
,,,,,,,<na>,,,,,,,5262,all important fields empty,remove_incomplete_rows
,,,,,,,<na>,,,,,,,5263,all important fields empty,remove_incomplete_rows
,,,,,,,<na>,,,,,,,5266,all important fields empty,remove_incomplete_rows
,,,,,,,<na>,,,,,,,5267,all important fields empty,remove_incomplete_rows
,,,,,,,<na>,,,,,,,5270,all important fields empty,remove_incomplete_rows
,,,,,,,<na>,,,,,,,5271,all important fields empty,remove_incomplete_rows
,,,,,,,<na>,,,,,,,5276,all important fields empty,remove_incomplete_rows
,,,,,,,<na>,,,,,,,5277,all important fields empty,remove_incomplete_rows
,,,,,,,<na>,,,,,,,5281,all important fields empty,remove_incomplete_rows
,,,,,,,<na>,,,,,,,5282,all important fields empty,remove_incomplete_rows
,,,,,,,<na>,,,,,,,5285,all important fields empty,remove_incomplete_rows
,,,,,,,<na>,,,,,,,5286,all important fields empty,remove_incomplete_rows
,,,,,,,<na>,,,,,,,5290,all important fields empty,remove_incomplete_rows
,,,,,,,<na>,,,,,,,5291,all important fields empty,remove_incomplete_rows
,,,,,,,<na>,,,,,,,5294,all important fields empty,remove_incomplete_rows
,,,,,,,<na>,,,,,,,5295,all important fields empty,remove_incomplete_rows
,,,,,,,<na>,,,,,,,5298,all important fields empty,remove_incomplete_rows
,,,,,,,<na>,,,,,,,5299,all important fields empty,remove_incomplete_rows
,,,,,,,<na>,,,,,,,5307,all important fields empty,remove_incomplete_rows
,,,,,,,<na>,,,,,,,5308,all important fields empty,remove_incomplete_rows
,,,,,,,<na>,,,,,,,5313,all important fields empty,remove_incomplete_rows
,,,,,,,<na>,,,,,,,5314,all important fields empty,remove_incomplete_rows
,,,,,,,<na>,,,,,,,5317,all important fields empty,remove_incomplete_rows
,,,,,,,<na>,,,,,,,5318,all important fields empty,remove_incomplete_rows
,,,,,,,<na>,,,,,,,5322,all important fields empty,remove_incomplete_rows
,,,,,,,<na>,,,,,,,5323,all important fields empty,remove_incomplete_rows
,,,,,,,<na>,,,,,,,5330,all important fields empty,remove_incomplete_rows
,,,,,,,<na>,,,,,,,5331,all important fields empty,remove_incomplete_rows
,,,,,,,<na>,,,,,,,5335,all important fields empty,remove_incomplete_rows
,,,,,,,<na>,,,,,,,5336,all important fields empty,remove_incomplete_rows
,,,,,,,<na>,,,,,,,5339,all important fields empty,remove_incomplete_rows
,,,,,,,<na>,,,,,,,5340,all important fields empty,remove_incomplete_rows
,,,,,,,<na>,,,,,,,5344,all important fields empty,remove_incomplete_rows
,,,,,,,<na>,,,,,,,5345,all important fields empty,remove_incomplete_rows
,,,,,,,<na>,,,,,,,5348,all important fields empty,remove_incomplete_rows
,,,,,,,<na>,,,,,,,5349,all important fields empty,remove_incomplete_rows
,,,,,,,<na>,,,,,,,5352,all important fields empty,remove_incomplete_rows
,,,,,,,<na>,,,,,,,5353,all important fields empty,remove_incomplete_rows
,,,,,,,<na>,,,,,,,5358,all important fields empty,remove_incomplete_rows
,,,,,,,<na>,,,,,,,5359,all important fields empty,remove_incomplete_rows
,,,,,,,<na>,,,,,,,5362,all important fields empty,remove_incomplete_rows
,,,,,,,<na>,,,,,,,5363,all important fields empty,remove_incomplete_rows
,,,,,,,<na>,,,,,,,5367,all important fields empty,remove_incomplete_rows
,,,,,,,<na>,,,,,,,5368,all important fields empty,remove_incomplete_rows
,,,,,,,<na>,,,,,,,5371,all important fields empty,remove_incomplete_rows
,,,,,,,<na>,,,,,,,5372,all important fields empty,remove_incomplete_rows
,,,,,,,<na>,,,,,,,5375,all important fields empty,remove_incomplete_rows
,,,,,,,<na>,,,,,,,5376,all important fields empty,remove_incomplete_rows
,,,,,,,<na>,,,,,,,5380,all important fields empty,remove_incomplete_rows
,,,,,,,<na>,,,,,,,5381,all important fields empty,remove_incomplete_rows
,,,,,,,<na>,,,,,,,5384,all important fields empty,remove_incomplete_rows
,,,,,,,<na>,,,,,,,5385,all important fields empty,remove_incomplete_rows
,,,,,,,<na>,,,,,,,5389,all important fields empty,remove_incomplete_rows
,,,,,,,<na>,,,,,,,5390,all important fields empty,remove_incomplete_rows
,,,,,,,<na>,,,,,,,5393,all important fields empty,remove_incomplete_rows
,,,,,,,<na>,,,,,,,5394,all important fields empty,remove_incomplete_rows
,,,,,,,<na>,,,,,,,5397,all important fields empty,remove_incomplete_rows
,,,,,,,<na>,,,,,,,5398,all important fields empty,remove_incomplete_rows
,,,,,,,<na>,,,,,,,5401,all important fields empty,remove_incomplete_rows
,,,,,,,<na>,,,,,,,5402,all important fields empty,remove_incomplete_rows
,,,,,,,<na>,,,,,,,5406,all important fields empty,remove_incomplete_rows
,,,,,,,<na>,,,,,,,5407,all important fields empty,remove_incomplete_rows
,,,,,,,<na>,,,,,,,5415,all important fields empty,remove_incomplete_rows
,,,,,,,<na>,,,,,,,5416,all important fields empty,remove_incomplete_rows
,,,,,,,<na>,,,,,,,5423,all important fields empty,remove_incomplete_rows
,,,,,,,<na>,,,,,,,5424,all important fields empty,remove_incomplete_rows
,,,,,,,<na>,,,,,,,5428,all important fields empty,remove_incomplete_rows
,,,,,,,<na>,,,,,,,5429,all important fields empty,remove_incomplete_rows
,,,,,,,<na>,,,,,,,5435,all important fields empty,remove_incomplete_rows
,,,,,,,<na>,,,,,,,5436,all important fields empty,remove_incomplete_rows
,,,,,,,<na>,,,,,,,5439,all important fields empty,remove_incomplete_rows
,,,,,,,<na>,,,,,,,5440,all important fields empty,remove_incomplete_rows
,,,,,,,<na>,,,,,,,5443,all important fields empty,remove_incomplete_rows
,,,,,,,<na>,,,,,,,5444,all important fields empty,remove_incomplete_rows
,,,,,,,<na>,,,,,,,5447,all important fields empty,remove_incomplete_rows
,,,,,,,<na>,,,,,,,5448,all important fields empty,remove_incomplete_rows
,,,,,,,<na>,,,,,,,5451,all important fields empty,remove_incomplete_rows
,,,,,,,<na>,,,,,,,5452,all important fields empty,remove_incomplete_rows
,,,,,,,<na>,,,,,,,5455,all important fields empty,remove_incomplete_rows
,,,,,,,<na>,,,,,,,5456,all important fields empty,remove_incomplete_rows
,,,,,,,<na>,,,,,,,5461,all important fields empty,remove_incomplete_rows
,,,,,,,<na>,,,,,,,5462,all important fields empty,remove_incomplete_rows
,,,,,,,<na>,,,,,,,5468,all important fields empty,remove_incomplete_rows
,,,,,,,<na>,,,,,,,5469,all important fields empty,remove_incomplete_rows
,,,,,,,<na>,,,,,,,5473,all important fields empty,remove_incomplete_rows
,,,,,,,<na>,,,,,,,5474,all important fields empty,remove_incomplete_rows
,,,,,,,<na>,,,,,,,5477,all important fields empty,remove_incomplete_rows
,,,,,,,<na>,,,,,,,5478,all important fields empty,remove_incomplete_rows
,,,,,,,<na>,,,,,,,5481,all important fields empty,remove_incomplete_rows
,,,,,,,<na>,,,,,,,5482,all important fields empty,remove_incomplete_rows
,,,,,,,<na>,,,,,,,5485,all important fields empty,remove_incomplete_rows
,,,,,,,<na>,,,,,,,5486,all important fields empty,remove_incomplete_rows
,,,,,,,<na>,,,,,,,5489,all important fields empty,remove_incomplete_rows
,,,,,,,<na>,,,,,,,5490,all important fields empty,remove_incomplete_rows
,,,,,,,<na>,,,,,,,5493,all important fields empty,remove_incomplete_rows
,,,,,,,<na>,,,,,,,5494,all important fields empty,remove_incomplete_rows
,,,,,,,<na>,,,,,,,5497,all important fields empty,remove_incomplete_rows
,,,,,,,<na>,,,,,,,5498,all important fields empty,remove_incomplete_rows
,,,,,,,<na>,,,,,,,5501,all important fields empty,remove_incomplete_rows
,,,,,,,<na>,,,,,,,5502,all important fields empty,remove_incomplete_rows
,,,,,,,<na>,,,,,,,5505,all important fields empty,remove_incomplete_rows
,,,,,,,<na>,,,,,,,5506,all important fields empty,remove_incomplete_rows
,,,,,,,<na>,,,,,,,5509,all important fields empty,remove_incomplete_rows
,,,,,,,<na>,,,,,,,5510,all important fields empty,remove_incomplete_rows
,,,,,,,<na>,,,,,,,5513,all important fields empty,remove_incomplete_rows
,,,,,,,<na>,,,,,,,5514,all important fields empty,remove_incomplete_rows
,,,,,,,<na>,,,,,,,5517,all important fields empty,remove_incomplete_rows
,,,,,,,<na>,,,,,,,5518,all important fields empty,remove_incomplete_rows
,,,,,,,<na>,,,,,,,5522,all important fields empty,remove_incomplete_rows
,,,,,,,<na>,,,,,,,5523,all important fields empty,remove_incomplete_rows
,,,,,,,<na>,,,,,,,5526,all important fields empty,remove_incomplete_rows
,,,,,,,<na>,,,,,,,5527,all important fields empty,remove_incomplete_rows
,,,,,,,<na>,,,,,,,5530,all important fields empty,remove_incomplete_rows
,,,,,,,<na>,,,,,,,5531,all important fields empty,remove_incomplete_rows
,,,,,,,<na>,,,,,,,5534,all important fields empty,remove_incomplete_rows
,,,,,,,<na>,,,,,,,5535,all important fields empty,remove_incomplete_rows
,,,,,,,<na>,,,,,,,5541,all important fields empty,remove_incomplete_rows
,,,,,,,<na>,,,,,,,5542,all important fields empty,remove_incomplete_rows
,,,,,,,<na>,,,,,,,5545,all important fields empty,remove_incomplete_rows
,,,,,,,<na>,,,,,,,5546,all important fields empty,remove_incomplete_rows
,,,,,,,<na>,,,,,,,5549,all important fields empty,remove_incomplete_rows
,,,,,,,<na>,,,,,,,5550,all important fields empty,remove_incomplete_rows
,,,,,,,<na>,,,,,,,5553,all important fields empty,remove_incomplete_rows
,,,,,,,<na>,,,,,,,5554,all important fields empty,remove_incomplete_rows
,,,,,,,<na>,,,,,,,5557,all important fields empty,remove_incomplete_rows
,,,,,,,<na>,,,,,,,5558,all important fields empty,remove_incomplete_rows
,,,,,,,<na>,,,,,,,5561,all important fields empty,remove_incomplete_rows
,,,,,,,<na>,,,,,,,5562,all important fields empty,remove_incomplete_rows
,,,,,,,<na>,,,,,,,5566,all important fields empty,remove_incomplete_rows
,,,,,,,<na>,,,,,,,5567,all important fields empty,remove_incomplete_rows
,,,,,,,<na>,,,,,,,5570,all important fields empty,remove_incomplete_rows
,,,,,,,<na>,,,,,,,5571,all important fields empty,remove_incomplete_rows
,,,,,,,<na>,,,,,,,5574,all important fields empty,remove_incomplete_rows
,,,,,,,<na>,,,,,,,5575,all important fields empty,remove_incomplete_rows
,,,,,,,<na>,,,,,,,5579,all important fields empty,remove_incomplete_rows
,,,,,,,<na>,,,,,,,5580,all important fields empty,remove_incomplete_rows
,,,,,,,<na>,,,,,,,5583,all important fields empty,remove_incomplete_rows
,,,,,,,<na>,,,,,,,5584,all important fields empty,remove_incomplete_rows
,,,,,,,<na>,,,,,,,5595,all important fields empty,remove_incomplete_rows
,,,,,,,<na>,,,,,,,5596,all important fields empty,remove_incomplete_rows
,,,,,,,<na>,,,,,,,5599,all important fields empty,remove_incomplete_rows
,,,,,,,<na>,,,,,,,5600,all important fields empty,remove_incomplete_rows
,,,,,,,<na>,,,,,,,5603,all important fields empty,remove_incomplete_rows
,,,,,,,<na>,,,,,,,5604,all important fields empty,remove_incomplete_rows
,,,,,,,<na>,,,,,,,5609,all important fields empty,remove_incomplete_rows
,,,,,,,<na>,,,,,,,5610,all important fields empty,remove_incomplete_rows
,,,,,,,<na>,,,,,,,5614,all important fields empty,remove_incomplete_rows
,,,,,,,<na>,,,,,,,5615,all important fields empty,remove_incomplete_rows
,,,,,,,<na>,,,,,,,5622,all important fields empty,remove_incomplete_rows
,,,,,,,<na>,,,,,,,5623,all important fields empty,remove_incomplete_rows
,,,,,,,<na>,,,,,,,5626,all important fields empty,remove_incomplete_rows
,,,,,,,<na>,,,,,,,5627,all important fields empty,remove_incomplete_rows
,,,,,,,<na>,,,,,,,5630,all important fields empty,remove_incomplete_rows
,,,,,,,<na>,,,,,,,5631,all important fields empty,remove_incomplete_rows
,,,,,,,<na>,,,,,,,5634,all important fields empty,remove_incomplete_rows
,,,,,,,<na>,,,,,,,5635,all important fields empty,remove_incomplete_rows
,,,,,,,<na>,,,,,,,5638,all important fields empty,remove_incomplete_rows
,,,,,,,<na>,,,,,,,5639,all important fields empty,remove_incomplete_rows
,,,,,,,<na>,,,,,,,5642,all important fields empty,remove_incomplete_rows
,,,,,,,<na>,,,,,,,5643,all important fields empty,remove_incomplete_rows
,,,,,,,<na>,,,,,,,5646,all important fields empty,remove_incomplete_rows
,,,,,,,<na>,,,,,,,5647,all important fields empty,remove_incomplete_rows
,,,,,,,<na>,,,,,,,5650,all important fields empty,remove_incomplete_rows
,,,,,,,<na>,,,,,,,5651,all important fields empty,remove_incomplete_rows
,,,,,,,<na>,,,,,,,5654,all important fields empty,remove_incomplete_rows
,,,,,,,<na>,,,,,,,5655,all important fields empty,remove_incomplete_rows
,,,,,,,<na>,,,,,,,5659,all important fields empty,remove_incomplete_rows
,,,,,,,<na>,,,,,,,5660,all important fields empty,remove_incomplete_rows
,,,,,,,<na>,,,,,,,5663,all important fields empty,remove_incomplete_rows
,,,,,,,<na>,,,,,,,5664,all important fields empty,remove_incomplete_rows
,,,,,,,<na>,,,,,,,5667,all important fields empty,remove_incomplete_rows
,,,,,,,<na>,,,,,,,5668,all important fields empty,remove_incomplete_rows
,,,,,,,<na>,,,,,,,5671,all important fields empty,remove_incomplete_rows
,,,,,,,<na>,,,,,,,5672,all important fields empty,remove_incomplete_rows
,,,,,,,<na>,,,,,,,5677,all important fields empty,remove_incomplete_rows
,,,,,,,<na>,,,,,,,5678,all important fields empty,remove_incomplete_rows
,,,,,,,<na>,,,,,,,5681,all important fields empty,remove_incomplete_rows
,,,,,,,<na>,,,,,,,5682,all important fields empty,remove_incomplete_rows
,,,,,,,<na>,,,,,,,5685,all important fields empty,remove_incomplete_rows
,,,,,,,<na>,,,,,,,5686,all important fields empty,remove_incomplete_rows
,,,,,,,<na>,,,,,,,5691,all important fields empty,remove_incomplete_rows
,,,,,,,<na>,,,,,,,5692,all important fields empty,remove_incomplete_rows
,,,,,,,<na>,,,,,,,5695,all important fields empty,remove_incomplete_rows
,,,,,,,<na>,,,,,,,5696,all important fields empty,remove_incomplete_rows
,,,,,,,<na>,,,,,,,5706,all important fields empty,remove_incomplete_rows
,,,,,,,<na>,,,,,,,5707,all important fields empty,remove_incomplete_rows
,,,,,,,<na>,,,,,,,5711,all important fields empty,remove_incomplete_rows
,,,,,,,<na>,,,,,,,5712,all important fields empty,remove_incomplete_rows
,,,,,,,<na>,,,,,,,5716,all important fields empty,remove_incomplete_rows
,,,,,,,<na>,,,,,,,5717,all important fields empty,remove_incomplete_rows
,,,,,,,<na>,,,,,,,5721,all important fields empty,remove_incomplete_rows
,,,,,,,<na>,,,,,,,5722,all important fields empty,remove_incomplete_rows
,,,,,,,<na>,,,,,,,5726,all important fields empty,remove_incomplete_rows
,,,,,,,<na>,,,,,,,5727,all important fields empty,remove_incomplete_rows
,,,,,,,<na>,,,,,,,5730,all important fields empty,remove_incomplete_rows
,,,,,,,<na>,,,,,,,5731,all important fields empty,remove_incomplete_rows
,,,,,,,<na>,,,,,,,5738,all important fields empty,remove_incomplete_rows
,,,,,,,<na>,,,,,,,5739,all important fields empty,remove_incomplete_rows
,,,,,,,<na>,,,,,,,5742,all important fields empty,remove_incomplete_rows
,,,,,,,<na>,,,,,,,5743,all important fields empty,remove_incomplete_rows
,,,,,,,<na>,,,,,,,5747,all important fields empty,remove_incomplete_rows
,,,,,,,<na>,,,,,,,5748,all important fields empty,remove_incomplete_rows
,,,,,,,<na>,,,,,,,5751,all important fields empty,remove_incomplete_rows
,,,,,,,<na>,,,,,,,5752,all important fields empty,remove_incomplete_rows
,,,,,,,<na>,,,,,,,5756,all important fields empty,remove_incomplete_rows
,,,,,,,<na>,,,,,,,5757,all important fields empty,remove_incomplete_rows
,,,,,,,<na>,,,,,,,5760,all important fields empty,remove_incomplete_rows
,,,,,,,<na>,,,,,,,5761,all important fields empty,remove_incomplete_rows
,,,,,,,<na>,,,,,,,5764,all important fields empty,remove_incomplete_rows
,,,,,,,<na>,,,,,,,5765,all important fields empty,remove_incomplete_rows
,,,,,,,<na>,,,,,,,5768,all important fields empty,remove_incomplete_rows
,,,,,,,<na>,,,,,,,5769,all important fields empty,remove_incomplete_rows
,,,,,,,<na>,,,,,,,5772,all important fields empty,remove_incomplete_rows
,,,,,,,<na>,,,,,,,5773,all important fields empty,remove_incomplete_rows
,,,,,,,<na>,,,,,,,5776,all important fields empty,remove_incomplete_rows
,,,,,,,<na>,,,,,,,5777,all important fields empty,remove_incomplete_rows
,,,,,,,<na>,,,,,,,5781,all important fields empty,remove_incomplete_rows
,,,,,,,<na>,,,,,,,5782,all important fields empty,remove_incomplete_rows
,,,,,,,<na>,,,,,,,5785,all important fields empty,remove_incomplete_rows
,,,,,,,<na>,,,,,,,5786,all important fields empty,remove_incomplete_rows
,,,,,,,<na>,,,,,,,5789,all important fields empty,remove_incomplete_rows
,,,,,,,<na>,,,,,,,5790,all important fields empty,remove_incomplete_rows
,,,,,,,<na>,,,,,,,5793,all important fields empty,remove_incomplete_rows
,,,,,,,<na>,,,,,,,5794,all important fields empty,remove_incomplete_rows
,,,,,,,<na>,,,,,,,5797,all important fields empty,remove_incomplete_rows
,,,,,,,<na>,,,,,,,5798,all important fields empty,remove_incomplete_rows
,,,,,,,<na>,,,,,,,5801,all important fields empty,remove_incomplete_rows
,,,,,,,<na>,,,,,,,5802,all important fields empty,remove_incomplete_rows
,,,,,,,<na>,,,,,,,5806,all important fields empty,remove_incomplete_rows
,,,,,,,<na>,,,,,,,5807,all important fields empty,remove_incomplete_rows
,,,,,,,<na>,,,,,,,5810,all important fields empty,remove_incomplete_rows
,,,,,,,<na>,,,,,,,5811,all important fields empty,remove_incomplete_rows
,,,,,,,<na>,,,,,,,5819,all important fields empty,remove_incomplete_rows
,,,,,,,<na>,,,,,,,5820,all important fields empty,remove_incomplete_rows
,,,,,,,<na>,,,,,,,5823,all important fields empty,remove_incomplete_rows
,,,,,,,<na>,,,,,,,5824,all important fields empty,remove_incomplete_rows
,,,,,,,<na>,,,,,,,5828,all important fields empty,remove_incomplete_rows
,,,,,,,<na>,,,,,,,5829,all important fields empty,remove_incomplete_rows
,,,,,,,<na>,,,,,,,5836,all important fields empty,remove_incomplete_rows
,,,,,,,<na>,,,,,,,5837,all important fields empty,remove_incomplete_rows
,,,,,,,<na>,,,,,,,5840,all important fields empty,remove_incomplete_rows
,,,,,,,<na>,,,,,,,5841,all important fields empty,remove_incomplete_rows
,,,,,,,<na>,,,,,,,5845,all important fields empty,remove_incomplete_rows
,,,,,,,<na>,,,,,,,5846,all important fields empty,remove_incomplete_rows
,,,,,,,<na>,,,,,,,5849,all important fields empty,remove_incomplete_rows
,,,,,,,<na>,,,,,,,5850,all important fields empty,remove_incomplete_rows
,,,,,,,<na>,,,,,,,5854,all important fields empty,remove_incomplete_rows
,,,,,,,<na>,,,,,,,5855,all important fields empty,remove_incomplete_rows
,,,,,,,<na>,,,,,,,5858,all important fields empty,remove_incomplete_rows
,,,,,,,<na>,,,,,,,5859,all important fields empty,remove_incomplete_rows
,,,,,,,<na>,,,,,,,5870,all important fields empty,remove_incomplete_rows
,,,,,,,<na>,,,,,,,5871,all important fields empty,remove_incomplete_rows
,,,,,,,<na>,,,,,,,5874,all important fields empty,remove_incomplete_rows
,,,,,,,<na>,,,,,,,5875,all important fields empty,remove_incomplete_rows
,,,,,,,<na>,,,,,,,5878,all important fields empty,remove_incomplete_rows
,,,,,,,<na>,,,,,,,5879,all important fields empty,remove_incomplete_rows
,,,,,,,<na>,,,,,,,5884,all important fields empty,remove_incomplete_rows
,,,,,,,<na>,,,,,,,5885,all important fields empty,remove_incomplete_rows
,,,,,,,<na>,,,,,,,5888,all important fields empty,remove_incomplete_rows
,,,,,,,<na>,,,,,,,5889,all important fields empty,remove_incomplete_rows
,,,,,,,<na>,,,,,,,5892,all important fields empty,remove_incomplete_rows
,,,,,,,<na>,,,,,,,5893,all important fields empty,remove_incomplete_rows
,,,,,,,<na>,,,,,,,5896,all important fields empty,remove_incomplete_rows
,,,,,,,<na>,,,,,,,5897,all important fields empty,remove_incomplete_rows
,,,,,,,<na>,,,,,,,5902,all important fields empty,remove_incomplete_rows
,,,,,,,<na>,,,,,,,5903,all important fields empty,remove_incomplete_rows
,,,,,,,<na>,,,,,,,5907,all important fields empty,remove_incomplete_rows
,,,,,,,<na>,,,,,,,5908,all important fields empty,remove_incomplete_rows
,,,,,,,<na>,,,,,,,5912,all important fields empty,remove_incomplete_rows
,,,,,,,<na>,,,,,,,5913,all important fields empty,remove_incomplete_rows
,,,,,,,<na>,,,,,,,5916,all important fields empty,remove_incomplete_rows
,,,,,,,<na>,,,,,,,5917,all important fields empty,remove_incomplete_rows
,,,,,,,<na>,,,,,,,5923,all important fields empty,remove_incomplete_rows
,,,,,,,<na>,,,,,,,5924,all important fields empty,remove_incomplete_rows
,,,,,,,<na>,,,,,,,5928,all important fields empty,remove_incomplete_rows
,,,,,,,<na>,,,,,,,5929,all important fields empty,remove_incomplete_rows
,,,,,,,<na>,,,,,,,5932,all important fields empty,remove_incomplete_rows
,,,,,,,<na>,,,,,,,5933,all important fields empty,remove_incomplete_rows
,,,,,,,<na>,,,,,,,5936,all important fields empty,remove_incomplete_rows
,,,,,,,<na>,,,,,,,5937,all important fields empty,remove_incomplete_rows
,,,,,,,<na>,,,,,,,5940,all important fields empty,remove_incomplete_rows
,,,,,,,<na>,,,,,,,5941,all important fields empty,remove_incomplete_rows
,,,,,,,<na>,,,,,,,5944,all important fields empty,remove_incomplete_rows
,,,,,,,<na>,,,,,,,5945,all important fields empty,remove_incomplete_rows
,,,,,,,<na>,,,,,,,5948,all important fields empty,remove_incomplete_rows
,,,,,,,<na>,,,,,,,5949,all important fields empty,remove_incomplete_rows
,,,,,,,<na>,,,,,,,5952,all important fields empty,remove_incomplete_rows
,,,,,,,<na>,,,,,,,5953,all important fields empty,remove_incomplete_rows
,,,,,,,<na>,,,,,,,5956,all important fields empty,remove_incomplete_rows
,,,,,,,<na>,,,,,,,5957,all important fields empty,remove_incomplete_rows
,,,,,,,<na>,,,,,,,5960,all important fields empty,remove_incomplete_rows
,,,,,,,<na>,,,,,,,5961,all important fields empty,remove_incomplete_rows
,,,,,,,<na>,,,,,,,5964,all important fields empty,remove_incomplete_rows
,,,,,,,<na>,,,,,,,5965,all important fields empty,remove_incomplete_rows
,,,,,,,<na>,,,,,,,5968,all important fields empty,remove_incomplete_rows
,,,,,,,<na>,,,,,,,5969,all important fields empty,remove_incomplete_rows
,,,,,,,<na>,,,,,,,5973,all important fields empty,remove_incomplete_rows
,,,,,,,<na>,,,,,,,5974,all important fields empty,remove_incomplete_rows
,,,,,,,<na>,,,,,,,5977,all important fields empty,remove_incomplete_rows
,,,,,,,<na>,,,,,,,5978,all important fields empty,remove_incomplete_rows
,,,,,,,<na>,,,,,,,5981,all important fields empty,remove_incomplete_rows
,,,,,,,<na>,,,,,,,5982,all important fields empty,remove_incomplete_rows
,,,,,,,<na>,,,,,,,5985,all important fields empty,remove_incomplete_rows
,,,,,,,<na>,,,,,,,5986,all important fields empty,remove_incomplete_rows
,,,,,,,<na>,,,,,,,5991,all important fields empty,remove_incomplete_rows
,,,,,,,<na>,,,,,,,5992,all important fields empty,remove_incomplete_rows
,,,,,,,<na>,,,,,,,5995,all important fields empty,remove_incomplete_rows
,,,,,,,<na>,,,,,,,5996,all important fields empty,remove_incomplete_rows
,,,,,,,<na>,,,,,,,5999,all important fields empty,remove_incomplete_rows
,,,,,,,<na>,,,,,,,6000,all important fields empty,remove_incomplete_rows
,,,,,,,<na>,,,,,,,6003,all important fields empty,remove_incomplete_rows
,,,,,,,<na>,,,,,,,6004,all important fields empty,remove_incomplete_rows
,,,,,,,<na>,,,,,,,6010,all important fields empty,remove_incomplete_rows
,,,,,,,<na>,,,,,,,6011,all important fields empty,remove_incomplete_rows
,,,,,,,<na>,,,,,,,6014,all important fields empty,remove_incomplete_rows
,,,,,,,<na>,,,,,,,6015,all important fields empty,remove_incomplete_rows
,,,,,,,<na>,,,,,,,6018,all important fields empty,remove_incomplete_rows
,,,,,,,<na>,,,,,,,6019,all important fields empty,remove_incomplete_rows
,,,,,,,<na>,,,,,,,6022,all important fields empty,remove_incomplete_rows
,,,,,,,<na>,,,,,,,6023,all important fields empty,remove_incomplete_rows
,,,,,,,<na>,,,,,,,6026,all important fields empty,remove_incomplete_rows
,,,,,,,<na>,,,,,,,6027,all important fields empty,remove_incomplete_rows
,,,,,,,<na>,,,,,,,6031,all important fields empty,remove_incomplete_rows
,,,,,,,<na>,,,,,,,6032,all important fields empty,remove_incomplete_rows
,,,,,,,<na>,,,,,,,6035,all important fields empty,remove_incomplete_rows
,,,,,,,<na>,,,,,,,6036,all important fields empty,remove_incomplete_rows
,,,,,,,<na>,,,,,,,6039,all important fields empty,remove_incomplete_rows
,,,,,,,<na>,,,,,,,6040,all important fields empty,remove_incomplete_rows
,,,,,,,<na>,,,,,,,6044,all important fields empty,remove_incomplete_rows
,,,,,,,<na>,,,,,,,6045,all important fields empty,remove_incomplete_rows
,,,,,,,<na>,,,,,,,6048,all important fields empty,remove_incomplete_rows
,,,,,,,<na>,,,,,,,6049,all important fields empty,remove_incomplete_rows
,,,,,,,<na>,,,,,,,6052,all important fields empty,remove_incomplete_rows
,,,,,,,<na>,,,,,,,6053,all important fields empty,remove_incomplete_rows
,,,,,,,<na>,,,,,,,6056,all important fields empty,remove_incomplete_rows
,,,,,,,<na>,,,,,,,6057,all important fields empty,remove_incomplete_rows
,,,,,,,<na>,,,,,,,6060,all important fields empty,remove_incomplete_rows
,,,,,,,<na>,,,,,,,6061,all important fields empty,remove_incomplete_rows
,,,,,,,<na>,,,,,,,6069,all important fields empty,remove_incomplete_rows
,,,,,,,<na>,,,,,,,6070,all important fields empty,remove_incomplete_rows
,,,,,,,<na>,,,,,,,6073,all important fields empty,remove_incomplete_rows
,,,,,,,<na>,,,,,,,6074,all important fields empty,remove_incomplete_rows
,,,,,,,<na>,,,,,,,6077,all important fields empty,remove_incomplete_rows
,,,,,,,<na>,,,,,,,6078,all important fields empty,remove_incomplete_rows
,,,,,,,<na>,,,,,,,6081,all important fields empty,remove_incomplete_rows
,,,,,,,<na>,,,,,,,6082,all important fields empty,remove_incomplete_rows
,,,,,,,<na>,,,,,,,6085,all important fields empty,remove_incomplete_rows
,,,,,,,<na>,,,,,,,6086,all important fields empty,remove_incomplete_rows
,,,,,,,<na>,,,,,,,6089,all important fields empty,remove_incomplete_rows
,,,,,,,<na>,,,,,,,6090,all important fields empty,remove_incomplete_rows
,,,,,,,<na>,,,,,,,6100,all important fields empty,remove_incomplete_rows
,,,,,,,<na>,,,,,,,6101,all important fields empty,remove_incomplete_rows
,,,,,,,<na>,,,,,,,6104,all important fields empty,remove_incomplete_rows
,,,,,,,<na>,,,,,,,6105,all important fields empty,remove_incomplete_rows
,,,,,,,<na>,,,,,,,6108,all important fields empty,remove_incomplete_rows
,,,,,,,<na>,,,,,,,6109,all important fields empty,remove_incomplete_rows
,,,,,,,<na>,,,,,,,6115,all important fields empty,remove_incomplete_rows
,,,,,,,<na>,,,,,,,6116,all important fields empty,remove_incomplete_rows
,,,,,,,<na>,,,,,,,6119,all important fields empty,remove_incomplete_rows
,,,,,,,<na>,,,,,,,6120,all important fields empty,remove_incomplete_rows
,,,,,,,<na>,,,,,,,6123,all important fields empty,remove_incomplete_rows
,,,,,,,<na>,,,,,,,6124,all important fields empty,remove_incomplete_rows
,,,,,,,<na>,,,,,,,6132,all important fields empty,remove_incomplete_rows
,,,,,,,<na>,,,,,,,6133,all important fields empty,remove_incomplete_rows
,,,,,,,<na>,,,,,,,6136,all important fields empty,remove_incomplete_rows
,,,,,,,<na>,,,,,,,6137,all important fields empty,remove_incomplete_rows
,,,,,,,<na>,,,,,,,6141,all important fields empty,remove_incomplete_rows
,,,,,,,<na>,,,,,,,6142,all important fields empty,remove_incomplete_rows
,,,,,,,<na>,,,,,,,6145,all important fields empty,remove_incomplete_rows
,,,,,,,<na>,,,,,,,6146,all important fields empty,remove_incomplete_rows
,,,,,,,<na>,,,,,,,6149,all important fields empty,remove_incomplete_rows
,,,,,,,<na>,,,,,,,6150,all important fields empty,remove_incomplete_rows
,,,,,,,<na>,,,,,,,6153,all important fields empty,remove_incomplete_rows
,,,,,,,<na>,,,,,,,6154,all important fields empty,remove_incomplete_rows
,,,,,,,<na>,,,,,,,6158,all important fields empty,remove_incomplete_rows
,,,,,,,<na>,,,,,,,6159,all important fields empty,remove_incomplete_rows
,,,,,,,<na>,,,,,,,6162,all important fields empty,remove_incomplete_rows
,,,,,,,<na>,,,,,,,6163,all important fields empty,remove_incomplete_rows
,,,,,,,<na>,,,,,,,6166,all important fields empty,remove_incomplete_rows
,,,,,,,<na>,,,,,,,6167,all important fields empty,remove_incomplete_rows
,,,,,,,<na>,,,,,,,6170,all important fields empty,remove_incomplete_rows
,,,,,,,<na>,,,,,,,6171,all important fields empty,remove_incomplete_rows
,,,,,,,<na>,,,,,,,6174,all important fields empty,remove_incomplete_rows
,,,,,,,<na>,,,,,,,6175,all important fields empty,remove_incomplete_rows
,,,,,,,<na>,,,,,,,6178,all important fields empty,remove_incomplete_rows
,,,,,,,<na>,,,,,,,6179,all important fields empty,remove_incomplete_rows
,,,,,,,<na>,,,,,,,6182,all important fields empty,remove_incomplete_rows
,,,,,,,<na>,,,,,,,6183,all important fields empty,remove_incomplete_rows
,,,,,,,<na>,,,,,,,6186,all important fields empty,remove_incomplete_rows
,,,,,,,<na>,,,,,,,6187,all important fields empty,remove_incomplete_rows
,,,,,,,<na>,,,,,,,6190,all important fields empty,remove_incomplete_rows
,,,,,,,<na>,,,,,,,6191,all important fields empty,remove_incomplete_rows
,,,,,,,<na>,,,,,,,6195,all important fields empty,remove_incomplete_rows
,,,,,,,<na>,,,,,,,6196,all important fields empty,remove_incomplete_rows
,,,,,,,<na>,,,,,,,6201,all important fields empty,remove_incomplete_rows
,,,,,,,<na>,,,,,,,6202,all important fields empty,remove_incomplete_rows
,,,,,,,<na>,,,,,,,6205,all important fields empty,remove_incomplete_rows
,,,,,,,<na>,,,,,,,6206,all important fields empty,remove_incomplete_rows
,,,,,,,<na>,,,,,,,6209,all important fields empty,remove_incomplete_rows
,,,,,,,<na>,,,,,,,6210,all important fields empty,remove_incomplete_rows
,,,,,,,<na>,,,,,,,6214,all important fields empty,remove_incomplete_rows
,,,,,,,<na>,,,,,,,6215,all important fields empty,remove_incomplete_rows
,,,,,,,<na>,,,,,,,6218,all important fields empty,remove_incomplete_rows
,,,,,,,<na>,,,,,,,6219,all important fields empty,remove_incomplete_rows
,,,,,,,<na>,,,,,,,6223,all important fields empty,remove_incomplete_rows
,,,,,,,<na>,,,,,,,6224,all important fields empty,remove_incomplete_rows
,,,,,,,<na>,,,,,,,6227,all important fields empty,remove_incomplete_rows
,,,,,,,<na>,,,,,,,6228,all important fields empty,remove_incomplete_rows
,,,,,,,<na>,,,,,,,6231,all important fields empty,remove_incomplete_rows
,,,,,,,<na>,,,,,,,6232,all important fields empty,remove_incomplete_rows
,,,,,,,<na>,,,,,,,6238,all important fields empty,remove_incomplete_rows
,,,,,,,<na>,,,,,,,6239,all important fields empty,remove_incomplete_rows
,,,,,,,<na>,,,,,,,6242,all important fields empty,remove_incomplete_rows
,,,,,,,<na>,,,,,,,6243,all important fields empty,remove_incomplete_rows
,,,,,,,<na>,,,,,,,6247,all important fields empty,remove_incomplete_rows
,,,,,,,<na>,,,,,,,6248,all important fields empty,remove_incomplete_rows
,,,,,,,<na>,,,,,,,6252,all important fields empty,remove_incomplete_rows
,,,,,,,<na>,,,,,,,6253,all important fields empty,remove_incomplete_rows
,,,,,,,<na>,,,,,,,6259,all important fields empty,remove_incomplete_rows
,,,,,,,<na>,,,,,,,6260,all important fields empty,remove_incomplete_rows
,,,,,,,<na>,,,,,,,6266,all important fields empty,remove_incomplete_rows
,,,,,,,<na>,,,,,,,6267,all important fields empty,remove_incomplete_rows
,,,,,,,<na>,,,,,,,6271,all important fields empty,remove_incomplete_rows
,,,,,,,<na>,,,,,,,6272,all important fields empty,remove_incomplete_rows
,,,,,,,<na>,,,,,,,6275,all important fields empty,remove_incomplete_rows
,,,,,,,<na>,,,,,,,6276,all important fields empty,remove_incomplete_rows
,,,,,,,<na>,,,,,,,6279,all important fields empty,remove_incomplete_rows
,,,,,,,<na>,,,,,,,6280,all important fields empty,remove_incomplete_rows
,,,,,,,<na>,,,,,,,6283,all important fields empty,remove_incomplete_rows
,,,,,,,<na>,,,,,,,6284,all important fields empty,remove_incomplete_rows
,,,,,,,<na>,,,,,,,6290,all important fields empty,remove_incomplete_rows
,,,,,,,<na>,,,,,,,6291,all important fields empty,remove_incomplete_rows
,,,,,,,<na>,,,,,,,6295,all important fields empty,remove_incomplete_rows
,,,,,,,<na>,,,,,,,6296,all important fields empty,remove_incomplete_rows
,,,,,,,<na>,,,,,,,6299,all important fields empty,remove_incomplete_rows
,,,,,,,<na>,,,,,,,6300,all important fields empty,remove_incomplete_rows
,,,,,,,<na>,,,,,,,6303,all important fields empty,remove_incomplete_rows
,,,,,,,<na>,,,,,,,6304,all important fields empty,remove_incomplete_rows
,,,,,,,<na>,,,,,,,6308,all important fields empty,remove_incomplete_rows
,,,,,,,<na>,,,,,,,6309,all important fields empty,remove_incomplete_rows
,,,,,,,<na>,,,,,,,6314,all important fields empty,remove_incomplete_rows
,,,,,,,<na>,,,,,,,6315,all important fields empty,remove_incomplete_rows
,,,,,,,<na>,,,,,,,6318,all important fields empty,remove_incomplete_rows
,,,,,,,<na>,,,,,,,6319,all important fields empty,remove_incomplete_rows
,,,,,,,<na>,,,,,,,6322,all important fields empty,remove_incomplete_rows
,,,,,,,<na>,,,,,,,6323,all important fields empty,remove_incomplete_rows
,,,,,,,<na>,,,,,,,6327,all important fields empty,remove_incomplete_rows
,,,,,,,<na>,,,,,,,6328,all important fields empty,remove_incomplete_rows
,,,,,,,<na>,,,,,,,6332,all important fields empty,remove_incomplete_rows
,,,,,,,<na>,,,,,,,6333,all important fields empty,remove_incomplete_rows
,,,,,,,<na>,,,,,,,6336,all important fields empty,remove_incomplete_rows
,,,,,,,<na>,,,,,,,6337,all important fields empty,remove_incomplete_rows
,,,,,,,<na>,,,,,,,6342,all important fields empty,remove_incomplete_rows
,,,,,,,<na>,,,,,,,6343,all important fields empty,remove_incomplete_rows
,,,,,,,<na>,,,,,,,6346,all important fields empty,remove_incomplete_rows
,,,,,,,<na>,,,,,,,6347,all important fields empty,remove_incomplete_rows
,,,,,,,<na>,,,,,,,6350,all important fields empty,remove_incomplete_rows
,,,,,,,<na>,,,,,,,6351,all important fields empty,remove_incomplete_rows
,,,,,,,<na>,,,,,,,6354,all important fields empty,remove_incomplete_rows
,,,,,,,<na>,,,,,,,6355,all important fields empty,remove_incomplete_rows
,,,,,,,<na>,,,,,,,6358,all important fields empty,remove_incomplete_rows
,,,,,,,<na>,,,,,,,6359,all important fields empty,remove_incomplete_rows
,,,,,,,<na>,,,,,,,6362,all important fields empty,remove_incomplete_rows
,,,,,,,<na>,,,,,,,6363,all important fields empty,remove_incomplete_rows
,,,,,,,<na>,,,,,,,6366,all important fields empty,remove_incomplete_rows
,,,,,,,<na>,,,,,,,6367,all important fields empty,remove_incomplete_rows
,,,,,,,<na>,,,,,,,6371,all important fields empty,remove_incomplete_rows
,,,,,,,<na>,,,,,,,6372,all important fields empty,remove_incomplete_rows
,,,,,,,<na>,,,,,,,6375,all important fields empty,remove_incomplete_rows
,,,,,,,<na>,,,,,,,6376,all important fields empty,remove_incomplete_rows
,,,,,,,<na>,,,,,,,6387,all important fields empty,remove_incomplete_rows
,,,,,,,<na>,,,,,,,6388,all important fields empty,remove_incomplete_rows
,,,,,,,<na>,,,,,,,6391,all important fields empty,remove_incomplete_rows
,,,,,,,<na>,,,,,,,6392,all important fields empty,remove_incomplete_rows
,,,,,,,<na>,,,,,,,6395,all important fields empty,remove_incomplete_rows
,,,,,,,<na>,,,,,,,6396,all important fields empty,remove_incomplete_rows
,,,,,,,<na>,,,,,,,6400,all important fields empty,remove_incomplete_rows
,,,,,,,<na>,,,,,,,6401,all important fields empty,remove_incomplete_rows
,,,,,,,<na>,,,,,,,6404,all important fields empty,remove_incomplete_rows
,,,,,,,<na>,,,,,,,6405,all important fields empty,remove_incomplete_rows
,,,,,,,<na>,,,,,,,6408,all important fields empty,remove_incomplete_rows
,,,,,,,<na>,,,,,,,6409,all important fields empty,remove_incomplete_rows
,,,,,,,<na>,,,,,,,6416,all important fields empty,remove_incomplete_rows
,,,,,,,<na>,,,,,,,6417,all important fields empty,remove_incomplete_rows
,,,,,,,<na>,,,,,,,6424,all important fields empty,remove_incomplete_rows
,,,,,,,<na>,,,,,,,6425,all important fields empty,remove_incomplete_rows
,,,,,,,<na>,,,,,,,6435,all important fields empty,remove_incomplete_rows
,,,,,,,<na>,,,,,,,6436,all important fields empty,remove_incomplete_rows
,,,,,,,<na>,,,,,,,6442,all important fields empty,remove_incomplete_rows
,,,,,,,<na>,,,,,,,6443,all important fields empty,remove_incomplete_rows
,,,,,,,<na>,,,,,,,6447,all important fields empty,remove_incomplete_rows
,,,,,,,<na>,,,,,,,6448,all important fields empty,remove_incomplete_rows
,,,,,,,<na>,,,,,,,6451,all important fields empty,remove_incomplete_rows
,,,,,,,<na>,,,,,,,6452,all important fields empty,remove_incomplete_rows
,,,,,,,<na>,,,,,,,6455,all important fields empty,remove_incomplete_rows
,,,,,,,<na>,,,,,,,6456,all important fields empty,remove_incomplete_rows
,,,,,,,<na>,,,,,,,6459,all important fields empty,remove_incomplete_rows
,,,,,,,<na>,,,,,,,6460,all important fields empty,remove_incomplete_rows
,,,,,,,<na>,,,,,,,6463,all important fields empty,remove_incomplete_rows
,,,,,,,<na>,,,,,,,6464,all important fields empty,remove_incomplete_rows
,,,,,,,<na>,,,,,,,6468,all important fields empty,remove_incomplete_rows
,,,,,,,<na>,,,,,,,6469,all important fields empty,remove_incomplete_rows
,,,,,,,<na>,,,,,,,6473,all important fields empty,remove_incomplete_rows
,,,,,,,<na>,,,,,,,6474,all important fields empty,remove_incomplete_rows
,,,,,,,<na>,,,,,,,6477,all important fields empty,remove_incomplete_rows
,,,,,,,<na>,,,,,,,6478,all important fields empty,remove_incomplete_rows
,,,,,,,<na>,,,,,,,6482,all important fields empty,remove_incomplete_rows
,,,,,,,<na>,,,,,,,6483,all important fields empty,remove_incomplete_rows
,,,,,,,<na>,,,,,,,6486,all important fields empty,remove_incomplete_rows
,,,,,,,<na>,,,,,,,6487,all important fields empty,remove_incomplete_rows
,,,,,,,<na>,,,,,,,6490,all important fields empty,remove_incomplete_rows
,,,,,,,<na>,,,,,,,6491,all important fields empty,remove_incomplete_rows
,,,,,,,<na>,,,,,,,6496,all important fields empty,remove_incomplete_rows
,,,,,,,<na>,,,,,,,6497,all important fields empty,remove_incomplete_rows
,,,,,,,<na>,,,,,,,6500,all important fields empty,remove_incomplete_rows
,,,,,,,<na>,,,,,,,6501,all important fields empty,remove_incomplete_rows
,,,,,,,<na>,,,,,,,6504,all important fields empty,remove_incomplete_rows
,,,,,,,<na>,,,,,,,6505,all important fields empty,remove_incomplete_rows
,,,,,,,<na>,,,,,,,6509,all important fields empty,remove_incomplete_rows
,,,,,,,<na>,,,,,,,6510,all important fields empty,remove_incomplete_rows
,,,,,,,<na>,,,,,,,6514,all important fields empty,remove_incomplete_rows
,,,,,,,<na>,,,,,,,6515,all important fields empty,remove_incomplete_rows
,,,,,,,<na>,,,,,,,6518,all important fields empty,remove_incomplete_rows
,,,,,,,<na>,,,,,,,6519,all important fields empty,remove_incomplete_rows
,,,,,,,<na>,,,,,,,6523,all important fields empty,remove_incomplete_rows
,,,,,,,<na>,,,,,,,6524,all important fields empty,remove_incomplete_rows
,,,,,,,<na>,,,,,,,6527,all important fields empty,remove_incomplete_rows
,,,,,,,<na>,,,,,,,6528,all important fields empty,remove_incomplete_rows
,,,,,,,<na>,,,,,,,6533,all important fields empty,remove_incomplete_rows
,,,,,,,<na>,,,,,,,6534,all important fields empty,remove_incomplete_rows
,,,,,,,<na>,,,,,,,6537,all important fields empty,remove_incomplete_rows
,,,,,,,<na>,,,,,,,6538,all important fields empty,remove_incomplete_rows
,,,,,,,<na>,,,,,,,6546,all important fields empty,remove_incomplete_rows
,,,,,,,<na>,,,,,,,6547,all important fields empty,remove_incomplete_rows
,,,,,,,<na>,,,,,,,6552,all important fields empty,remove_incomplete_rows
,,,,,,,<na>,,,,,,,6553,all important fields empty,remove_incomplete_rows
,,,,,,,<na>,,,,,,,6557,all important fields empty,remove_incomplete_rows
,,,,,,,<na>,,,,,,,6558,all important fields empty,remove_incomplete_rows
,,,,,,,<na>,,,,,,,6564,all important fields empty,remove_incomplete_rows
,,,,,,,<na>,,,,,,,6565,all important fields empty,remove_incomplete_rows
,,,,,,,<na>,,,,,,,6568,all important fields empty,remove_incomplete_rows
,,,,,,,<na>,,,,,,,6569,all important fields empty,remove_incomplete_rows
,,,,,,,<na>,,,,,,,6573,all important fields empty,remove_incomplete_rows
,,,,,,,<na>,,,,,,,6574,all important fields empty,remove_incomplete_rows
,,,,,,,<na>,,,,,,,6577,all important fields empty,remove_incomplete_rows
,,,,,,,<na>,,,,,,,6578,all important fields empty,remove_incomplete_rows
,,,,,,,<na>,,,,,,,6581,all important fields empty,remove_incomplete_rows
,,,,,,,<na>,,,,,,,6582,all important fields empty,remove_incomplete_rows
,,,,,,,<na>,,,,,,,6585,all important fields empty,remove_incomplete_rows
,,,,,,,<na>,,,,,,,6586,all important fields empty,remove_incomplete_rows
,,,,,,,<na>,,,,,,,6589,all important fields empty,remove_incomplete_rows
,,,,,,,<na>,,,,,,,6590,all important fields empty,remove_incomplete_rows
,,,,,,,<na>,,,,,,,6593,all important fields empty,remove_incomplete_rows
,,,,,,,<na>,,,,,,,6594,all important fields empty,remove_incomplete_rows
,,,,,,,<na>,,,,,,,6598,all important fields empty,remove_incomplete_rows
,,,,,,,<na>,,,,,,,6599,all important fields empty,remove_incomplete_rows
,,,,,,,<na>,,,,,,,6603,all important fields empty,remove_incomplete_rows
,,,,,,,<na>,,,,,,,6604,all important fields empty,remove_incomplete_rows
,,,,,,,<na>,,,,,,,6607,all important fields empty,remove_incomplete_rows
,,,,,,,<na>,,,,,,,6608,all important fields empty,remove_incomplete_rows
,,,,,,,<na>,,,,,,,6612,all important fields empty,remove_incomplete_rows
,,,,,,,<na>,,,,,,,6613,all important fields empty,remove_incomplete_rows
,,,,,,,<na>,,,,,,,6616,all important fields empty,remove_incomplete_rows
,,,,,,,<na>,,,,,,,6617,all important fields empty,remove_incomplete_rows
,,,,,,,<na>,,,,,,,6622,all important fields empty,remove_incomplete_rows
,,,,,,,<na>,,,,,,,6623,all important fields empty,remove_incomplete_rows
,,,,,,,<na>,,,,,,,6631,all important fields empty,remove_incomplete_rows
,,,,,,,<na>,,,,,,,6632,all important fields empty,remove_incomplete_rows
,,,,,,,<na>,,,,,,,6635,all important fields empty,remove_incomplete_rows
,,,,,,,<na>,,,,,,,6636,all important fields empty,remove_incomplete_rows
,,,,,,,<na>,,,,,,,6639,all important fields empty,remove_incomplete_rows
,,,,,,,<na>,,,,,,,6640,all important fields empty,remove_incomplete_rows
,,,,,,,<na>,,,,,,,6643,all important fields empty,remove_incomplete_rows
,,,,,,,<na>,,,,,,,6644,all important fields empty,remove_incomplete_rows
,,,,,,,<na>,,,,,,,6651,all important fields empty,remove_incomplete_rows
,,,,,,,<na>,,,,,,,6652,all important fields empty,remove_incomplete_rows
,,,,,,,<na>,,,,,,,6656,all important fields empty,remove_incomplete_rows
,,,,,,,<na>,,,,,,,6657,all important fields empty,remove_incomplete_rows
,,,,,,,<na>,,,,,,,6660,all important fields empty,remove_incomplete_rows
,,,,,,,<na>,,,,,,,6661,all important fields empty,remove_incomplete_rows
,,,,,,,<na>,,,,,,,6664,all important fields empty,remove_incomplete_rows
,,,,,,,<na>,,,,,,,6665,all important fields empty,remove_incomplete_rows
,,,,,,,<na>,,,,,,,6670,all important fields empty,remove_incomplete_rows
,,,,,,,<na>,,,,,,,6671,all important fields empty,remove_incomplete_rows
,,,,,,,<na>,,,,,,,6674,all important fields empty,remove_incomplete_rows
,,,,,,,<na>,,,,,,,6675,all important fields empty,remove_incomplete_rows
,,,,,,,<na>,,,,,,,6678,all important fields empty,remove_incomplete_rows
,,,,,,,<na>,,,,,,,6679,all important fields empty,remove_incomplete_rows
,,,,,,,<na>,,,,,,,6689,all important fields empty,remove_incomplete_rows
,,,,,,,<na>,,,,,,,6690,all important fields empty,remove_incomplete_rows
,,,,,,,<na>,,,,,,,6693,all important fields empty,remove_incomplete_rows
,,,,,,,<na>,,,,,,,6694,all important fields empty,remove_incomplete_rows
,,,,,,,<na>,,,,,,,6705,all important fields empty,remove_incomplete_rows
,,,,,,,<na>,,,,,,,6706,all important fields empty,remove_incomplete_rows
,,,,,,,<na>,,,,,,,6710,all important fields empty,remove_incomplete_rows
,,,,,,,<na>,,,,,,,6711,all important fields empty,remove_incomplete_rows
,,,,,,,<na>,,,,,,,6714,all important fields empty,remove_incomplete_rows
,,,,,,,<na>,,,,,,,6715,all important fields empty,remove_incomplete_rows
,,,,,,,<na>,,,,,,,6718,all important fields empty,remove_incomplete_rows
,,,,,,,<na>,,,,,,,6719,all important fields empty,remove_incomplete_rows
,,,,,,,<na>,,,,,,,6724,all important fields empty,remove_incomplete_rows
,,,,,,,<na>,,,,,,,6725,all important fields empty,remove_incomplete_rows
,,,,,,,<na>,,,,,,,6728,all important fields empty,remove_incomplete_rows
,,,,,,,<na>,,,,,,,6729,all important fields empty,remove_incomplete_rows
,,,,,,,<na>,,,,,,,6733,all important fields empty,remove_incomplete_rows
,,,,,,,<na>,,,,,,,6734,all important fields empty,remove_incomplete_rows
,,,,,,,<na>,,,,,,,6738,all important fields empty,remove_incomplete_rows
,,,,,,,<na>,,,,,,,6739,all important fields empty,remove_incomplete_rows
,,,,,,,<na>,,,,,,,6742,all important fields empty,remove_incomplete_rows
,,,,,,,<na>,,,,,,,6743,all important fields empty,remove_incomplete_rows
,,,,,,,<na>,,,,,,,6746,all important fields empty,remove_incomplete_rows
,,,,,,,<na>,,,,,,,6747,all important fields empty,remove_incomplete_rows
,,,,,,,<na>,,,,,,,6751,all important fields empty,remove_incomplete_rows
,,,,,,,<na>,,,,,,,6752,all important fields empty,remove_incomplete_rows
,,,,,,,<na>,,,,,,,6755,all important fields empty,remove_incomplete_rows
,,,,,,,<na>,,,,,,,6756,all important fields empty,remove_incomplete_rows
,,,,,,,<na>,,,,,,,6760,all important fields empty,remove_incomplete_rows
,,,,,,,<na>,,,,,,,6761,all important fields empty,remove_incomplete_rows
,,,,,,,<na>,,,,,,,6764,all important fields empty,remove_incomplete_rows
,,,,,,,<na>,,,,,,,6765,all important fields empty,remove_incomplete_rows
,,,,,,,<na>,,,,,,,6768,all important fields empty,remove_incomplete_rows
,,,,,,,<na>,,,,,,,6769,all important fields empty,remove_incomplete_rows
,,,,,,,<na>,,,,,,,6772,all important fields empty,remove_incomplete_rows
,,,,,,,<na>,,,,,,,6773,all important fields empty,remove_incomplete_rows
,,,,,,,<na>,,,,,,,6783,all important fields empty,remove_incomplete_rows
,,,,,,,<na>,,,,,,,6784,all important fields empty,remove_incomplete_rows
,,,,,,,<na>,,,,,,,6791,all important fields empty,remove_incomplete_rows
,,,,,,,<na>,,,,,,,6792,all important fields empty,remove_incomplete_rows
,,,,,,,<na>,,,,,,,6795,all important fields empty,remove_incomplete_rows
,,,,,,,<na>,,,,,,,6796,all important fields empty,remove_incomplete_rows
,,,,,,,<na>,,,,,,,6804,all important fields empty,remove_incomplete_rows
,,,,,,,<na>,,,,,,,6805,all important fields empty,remove_incomplete_rows
,,,,,,,<na>,,,,,,,6810,all important fields empty,remove_incomplete_rows
,,,,,,,<na>,,,,,,,6811,all important fields empty,remove_incomplete_rows
,,,,,,,<na>,,,,,,,6814,all important fields empty,remove_incomplete_rows
,,,,,,,<na>,,,,,,,6815,all important fields empty,remove_incomplete_rows
,,,,,,,<na>,,,,,,,6819,all important fields empty,remove_incomplete_rows
,,,,,,,<na>,,,,,,,6820,all important fields empty,remove_incomplete_rows
,,,,,,,<na>,,,,,,,6823,all important fields empty,remove_incomplete_rows
,,,,,,,<na>,,,,,,,6824,all important fields empty,remove_incomplete_rows
,,,,,,,<na>,,,,,,,6827,all important fields empty,remove_incomplete_rows
,,,,,,,<na>,,,,,,,6828,all important fields empty,remove_incomplete_rows
,,,,,,,<na>,,,,,,,6831,all important fields empty,remove_incomplete_rows
,,,,,,,<na>,,,,,,,6832,all important fields empty,remove_incomplete_rows
,,,,,,,<na>,,,,,,,6838,all important fields empty,remove_incomplete_rows
,,,,,,,<na>,,,,,,,6839,all important fields empty,remove_incomplete_rows
,,,,,,,<na>,,,,,,,6842,all important fields empty,remove_incomplete_rows
,,,,,,,<na>,,,,,,,6843,all important fields empty,remove_incomplete_rows
,,,,,,,<na>,,,,,,,6846,all important fields empty,remove_incomplete_rows
,,,,,,,<na>,,,,,,,6847,all important fields empty,remove_incomplete_rows
,,,,,,,<na>,,,,,,,6850,all important fields empty,remove_incomplete_rows
,,,,,,,<na>,,,,,,,6851,all important fields empty,remove_incomplete_rows
,,,,,,,<na>,,,,,,,6855,all important fields empty,remove_incomplete_rows
,,,,,,,<na>,,,,,,,6856,all important fields empty,remove_incomplete_rows
,,,,,,,<na>,,,,,,,6859,all important fields empty,remove_incomplete_rows
,,,,,,,<na>,,,,,,,6860,all important fields empty,remove_incomplete_rows
,,,,,,,<na>,,,,,,,6863,all important fields empty,remove_incomplete_rows
,,,,,,,<na>,,,,,,,6864,all important fields empty,remove_incomplete_rows
,,,,,,,<na>,,,,,,,6867,all important fields empty,remove_incomplete_rows
,,,,,,,<na>,,,,,,,6868,all important fields empty,remove_incomplete_rows
,,,,,,,<na>,,,,,,,6871,all important fields empty,remove_incomplete_rows
,,,,,,,<na>,,,,,,,6872,all important fields empty,remove_incomplete_rows
,,,,,,,<na>,,,,,,,6875,all important fields empty,remove_incomplete_rows
,,,,,,,<na>,,,,,,,6876,all important fields empty,remove_incomplete_rows
,,,,,,,<na>,,,,,,,6879,all important fields empty,remove_incomplete_rows
,,,,,,,<na>,,,,,,,6880,all important fields empty,remove_incomplete_rows
,,,,,,,<na>,,,,,,,6883,all important fields empty,remove_incomplete_rows
,,,,,,,<na>,,,,,,,6884,all important fields empty,remove_incomplete_rows
,,,,,,,<na>,,,,,,,6887,all important fields empty,remove_incomplete_rows
,,,,,,,<na>,,,,,,,6888,all important fields empty,remove_incomplete_rows
,,,,,,,<na>,,,,,,,6891,all important fields empty,remove_incomplete_rows
,,,,,,,<na>,,,,,,,6892,all important fields empty,remove_incomplete_rows
,,,,,,,<na>,,,,,,,6896,all important fields empty,remove_incomplete_rows
,,,,,,,<na>,,,,,,,6897,all important fields empty,remove_incomplete_rows
,,,,,,,<na>,,,,,,,6908,all important fields empty,remove_incomplete_rows
,,,,,,,<na>,,,,,,,6909,all important fields empty,remove_incomplete_rows
,,,,,,,<na>,,,,,,,6912,all important fields empty,remove_incomplete_rows
,,,,,,,<na>,,,,,,,6913,all important fields empty,remove_incomplete_rows
,,,,,,,<na>,,,,,,,6916,all important fields empty,remove_incomplete_rows
,,,,,,,<na>,,,,,,,6917,all important fields empty,remove_incomplete_rows
,,,,,,,<na>,,,,,,,6921,all important fields empty,remove_incomplete_rows
,,,,,,,<na>,,,,,,,6922,all important fields empty,remove_incomplete_rows
,,,,,,,<na>,,,,,,,6927,all important fields empty,remove_incomplete_rows
,,,,,,,<na>,,,,,,,6928,all important fields empty,remove_incomplete_rows
,,,,,,,<na>,,,,,,,6931,all important fields empty,remove_incomplete_rows
,,,,,,,<na>,,,,,,,6932,all important fields empty,remove_incomplete_rows
,,,,,,,<na>,,,,,,,6935,all important fields empty,remove_incomplete_rows
,,,,,,,<na>,,,,,,,6936,all important fields empty,remove_incomplete_rows
,,,,,,,<na>,,,,,,,6939,all important fields empty,remove_incomplete_rows
,,,,,,,<na>,,,,,,,6940,all important fields empty,remove_incomplete_rows
,,,,,,,<na>,,,,,,,6943,all important fields empty,remove_incomplete_rows
,,,,,,,<na>,,,,,,,6944,all important fields empty,remove_incomplete_rows
,,,,,,,<na>,,,,,,,6947,all important fields empty,remove_incomplete_rows
,,,,,,,<na>,,,,,,,6948,all important fields empty,remove_incomplete_rows
,,,,,,,<na>,,,,,,,6951,all important fields empty,remove_incomplete_rows
,,,,,,,<na>,,,,,,,6952,all important fields empty,remove_incomplete_rows
,,,,,,,<na>,,,,,,,6956,all important fields empty,remove_incomplete_rows
,,,,,,,<na>,,,,,,,6957,all important fields empty,remove_incomplete_rows
,,,,,,,<na>,,,,,,,6960,all important fields empty,remove_incomplete_rows
,,,,,,,<na>,,,,,,,6961,all important fields empty,remove_incomplete_rows
,,,,,,,<na>,,,,,,,6964,all important fields empty,remove_incomplete_rows
,,,,,,,<na>,,,,,,,6965,all important fields empty,remove_incomplete_rows
,,,,,,,<na>,,,,,,,6968,all important fields empty,remove_incomplete_rows
,,,,,,,<na>,,,,,,,6969,all important fields empty,remove_incomplete_rows
,,,,,,,<na>,,,,,,,6972,all important fields empty,remove_incomplete_rows
,,,,,,,<na>,,,,,,,6973,all important fields empty,remove_incomplete_rows
,,,,,,,<na>,,,,,,,6976,all important fields empty,remove_incomplete_rows
,,,,,,,<na>,,,,,,,6977,all important fields empty,remove_incomplete_rows
,,,,,,,<na>,,,,,,,6980,all important fields empty,remove_incomplete_rows
,,,,,,,<na>,,,,,,,6981,all important fields empty,remove_incomplete_rows
,,,,,,,<na>,,,,,,,6984,all important fields empty,remove_incomplete_rows
,,,,,,,<na>,,,,,,,6985,all important fields empty,remove_incomplete_rows
,,,,,,,<na>,,,,,,,6992,all important fields empty,remove_incomplete_rows
,,,,,,,<na>,,,,,,,6993,all important fields empty,remove_incomplete_rows
,,,,,,,<na>,,,,,,,6996,all important fields empty,remove_incomplete_rows
,,,,,,,<na>,,,,,,,6997,all important fields empty,remove_incomplete_rows
,,,,,,,<na>,,,,,,,7000,all important fields empty,remove_incomplete_rows
,,,,,,,<na>,,,,,,,7001,all important fields empty,remove_incomplete_rows
,,,,,,,<na>,,,,,,,7005,all important fields empty,remove_incomplete_rows
,,,,,,,<na>,,,,,,,7006,all important fields empty,remove_incomplete_rows
,,,,,,,<na>,,,,,,,7012,all important fields empty,remove_incomplete_rows
,,,,,,,<na>,,,,,,,7013,all important fields empty,remove_incomplete_rows
,,,,,,,<na>,,,,,,,7016,all important fields empty,remove_incomplete_rows
,,,,,,,<na>,,,,,,,7017,all important fields empty,remove_incomplete_rows
,,,,,,,<na>,,,,,,,7023,all important fields empty,remove_incomplete_rows
,,,,,,,<na>,,,,,,,7024,all important fields empty,remove_incomplete_rows
,,,,,,,<na>,,,,,,,7028,all important fields empty,remove_incomplete_rows
,,,,,,,<na>,,,,,,,7030,all important fields empty,remove_incomplete_rows
,,,,,,,<na>,,,,,,,7031,all important fields empty,remove_incomplete_rows
,,,,,,,<na>,,0.0,0.0,0.0,,,406,"placeholder/non-item row (e.g., header like ""Account : ..."")",remove_incomplete_rows
2022-07-04 00:00:00,,,SD,Sales Discount Variance,,0.0,pcs,0.0,0.0,0.0,0.0,,,628,"placeholder/non-item row (e.g., header like ""Account : ..."")",remove_incomplete_rows
,,,,,,,<na>,,0.0,0.0,0.0,,,629,"placeholder/non-item row (e.g., header like ""Account : ..."")",remove_incomplete_rows
,,,ACCOUNT : JESSMEL RAMIREZ,,,,<na>,,,,,,,1131,"placeholder/non-item row (e.g., header like ""Account : ..."")",remove_incomplete_rows
,,,,,,,<na>,,0.0,0.0,0.0,,,1241,"placeholder/non-item row (e.g., header like ""Account : ..."")",remove_incomplete_rows
2022-07-09 00:00:00,,,SD,Sales Discount Variance,,0.0,pcs,0.0,0.0,0.0,0.0,,,1751,"placeholder/non-item row (e.g., header like ""Account : ..."")",remove_incomplete_rows
,,,,,,,<na>,,0.0,0.0,0.0,,,1752,"placeholder/non-item row (e.g., header like ""Account : ..."")",remove_incomplete_rows
,,,ACCOUNT : GAILPAOLO RIMANDO,,2037-01-01,,<na>,,,,,,,2037,"placeholder/non-item row (e.g., header like ""Account : ..."")",remove_incomplete_rows
,,,,,,,<na>,,0.0,0.0,0.0,,,2299,"placeholder/non-item row (e.g., header like ""Account : ..."")",remove_incomplete_rows
,,,,,,,<na>,,0.0,0.0,0.0,,,2966,"placeholder/non-item row (e.g., header like ""Account : ..."")",remove_incomplete_rows
,,,ACCOUNT : PETRONILO V. MENDOZA JR,,,,<na>,,,,,,,3008,"placeholder/non-item row (e.g., header like ""Account : ..."")",remove_incomplete_rows
,,,ACCOUNT : PRINCESS LOU MARZO,,,,<na>,,,,,,,3443,"placeholder/non-item row (e.g., header like ""Account : ..."")",remove_incomplete_rows
,,,,,,,<na>,,0.0,0.0,0.0,,,3640,"placeholder/non-item row (e.g., header like ""Account : ..."")",remove_incomplete_rows
,,,,,,,<na>,,0.0,0.0,0.0,,,4286,"placeholder/non-item row (e.g., header like ""Account : ..."")",remove_incomplete_rows
,,,,,,,<na>,,0.0,0.0,0.0,,,4445,"placeholder/non-item row (e.g., header like ""Account : ..."")",remove_incomplete_rows
,,,ACCOUNT : GAIL PAOLO RIMANDO,,,,<na>,,,,,,,4514,"placeholder/non-item row (e.g., header like ""Account : ..."")",remove_incomplete_rows
,,,,,,,<na>,,0.0,0.0,0.0,,,4528,"placeholder/non-item row (e.g., header like ""Account : ..."")",remove_incomplete_rows
,,,,,,,<na>,,0.0,0.0,0.0,,,4798,"placeholder/non-item row (e.g., header like ""Account : ..."")",remove_incomplete_rows
,,,,,,,<na>,,0.0,0.0,0.0,,,5649,"placeholder/non-item row (e.g., header like ""Account : ..."")",remove_incomplete_rows
,,,,,,,<na>,,0.0,0.0,0.0,,,5662,"placeholder/non-item row (e.g., header like ""Account : ..."")",remove_incomplete_rows
,,,ACCOUNT : GAIL PAOLO RIMANDO,,,,<na>,,,,,,,5834,"placeholder/non-item row (e.g., header like ""Account : ..."")",remove_incomplete_rows
,,,ACCOUNT : GAIL PAOLO RIMANDO,,,,<na>,,,,,,,5852,"placeholder/non-item row (e.g., header like ""Account : ..."")",remove_incomplete_rows
2022-07-28 00:00:00,3537,3515.0,,,,0.0,pcs,0.0,0.0,0.0,0.0,0.00,,6143,"placeholder/non-item row (e.g., header like ""Account : ..."")",remove_incomplete_rows
,3537,3515.0,,,,,<na>,,0.0,0.0,0.0,,,6144,"placeholder/non-item row (e.g., header like ""Account : ..."")",remove_incomplete_rows
,3537,3515.0,ACCOUNT : GAIL PAOLO RIMANDO,,,,<na>,,,,,,,6293,"placeholder/non-item row (e.g., header like ""Account : ..."")",remove_incomplete_rows
,3537,3515.0,,,,,<na>,,0.0,0.0,0.0,,,6415,"placeholder/non-item row (e.g., header like ""Account : ..."")",remove_incomplete_rows
,3537,3515.0,,,,,<na>,,0.0,0.0,0.0,,,6450,"placeholder/non-item row (e.g., header like ""Account : ..."")",remove_incomplete_rows
2022-07-01 00:00:00,3537,3515.0,SD,Sales Discount Variance,,1.0,pcs,0.0,0.0,0.0,0.0,,,18,"non-item adjustment (e.g., Sales Discount/VOID/rounding)",remove_incomplete_rows
2022-07-01 00:00:00,3537,3515.0,SD,Sales Discount Variance,,1.0,pcs,0.0,0.0,0.0,0.0,,,140,"non-item adjustment (e.g., Sales Discount/VOID/rounding)",remove_incomplete_rows
2022-07-01 00:00:00,3537,3515.0,SD,Sales Discount Variance,,1.0,pcs,0.0,0.0,0.0,0.0,,,163,"non-item adjustment (e.g., Sales Discount/VOID/rounding)",remove_incomplete_rows
2022-07-01 00:00:00,3537,3515.0,SD,Sales Discount Variance,,1.0,pcs,0.0,0.0,0.0,0.0,,,246,"non-item adjustment (e.g., Sales Discount/VOID/rounding)",remove_incomplete_rows
2022-07-02 00:00:00,3537,3515.0,SD,Sales Discount Variance,,1.0,pcs,0.0,0.0,0.0,0.0,,,260,"non-item adjustment (e.g., Sales Discount/VOID/rounding)",remove_incomplete_rows
2022-07-04 00:00:00,3537,3515.0,SD,Sales Discount Variance,,1.0,pcs,0.0,0.0,0.0,0.0,,,462,"non-item adjustment (e.g., Sales Discount/VOID/rounding)",remove_incomplete_rows
2022-07-04 00:00:00,3537,3515.0,SD,Sales Discount Variance,,1.0,pcs,0.0,0.0,0.0,0.0,,,467,"non-item adjustment (e.g., Sales Discount/VOID/rounding)",remove_incomplete_rows
2022-07-04 00:00:00,3537,3515.0,SD,Sales Discount Variance,,1.0,pcs,0.0,0.0,0.0,0.0,,,526,"non-item adjustment (e.g., Sales Discount/VOID/rounding)",remove_incomplete_rows
2022-07-04 00:00:00,3537,3515.0,SD,Sales Discount Variance,,1.0,pcs,0.0,0.0,0.0,0.0,,,720,"non-item adjustment (e.g., Sales Discount/VOID/rounding)",remove_incomplete_rows
2022-07-05 00:00:00,3537,3515.0,SD,Sales Discount Variance,,1.0,pcs,0.0,0.0,0.0,0.0,,,784,"non-item adjustment (e.g., Sales Discount/VOID/rounding)",remove_incomplete_rows
2022-07-05 00:00:00,3537,3515.0,SD,Sales Discount Variance,,1.0,pcs,0.0,0.0,0.0,0.0,,,829,"non-item adjustment (e.g., Sales Discount/VOID/rounding)",remove_incomplete_rows
2022-07-05 00:00:00,3537,3515.0,SD,Sales Discount Variance,,1.0,pcs,0.0,0.0,0.0,0.0,,,907,"non-item adjustment (e.g., Sales Discount/VOID/rounding)",remove_incomplete_rows
2022-07-06 00:00:00,3537,3515.0,SD,Sales Discount Variance,,1.0,pcs,0.0,0.0,0.0,0.0,,,1096,"non-item adjustment (e.g., Sales Discount/VOID/rounding)",remove_incomplete_rows
2022-07-08 00:00:00,3537,3515.0,SD,Sales Discount Variance,,1.0,pcs,0.0,0.0,0.0,0.0,,,1473,"non-item adjustment (e.g., Sales Discount/VOID/rounding)",remove_incomplete_rows
2022-07-08 00:00:00,3537,3515.0,SD,Sales Discount Variance,,1.0,pcs,0.0,0.0,0.0,0.0,,,1502,"non-item adjustment (e.g., Sales Discount/VOID/rounding)",remove_incomplete_rows
2022-07-08 00:00:00,3537,3515.0,SD,Sales Discount Variance,,1.0,pcs,0.0,0.0,0.0,0.0,,,1507,"non-item adjustment (e.g., Sales Discount/VOID/rounding)",remove_incomplete_rows
2022-07-08 00:00:00,3537,3515.0,SD,Sales Discount Variance,,1.0,pcs,0.0,0.0,0.0,0.0,,,1680,"non-item adjustment (e.g., Sales Discount/VOID/rounding)",remove_incomplete_rows
2022-07-08 00:00:00,3537,3515.0,SD,Sales Discount Variance,,1.0,pcs,0.0,0.0,0.0,0.0,,,1710,"non-item adjustment (e.g., Sales Discount/VOID/rounding)",remove_incomplete_rows
2022-07-09 00:00:00,3537,3515.0,SD,Sales Discount Variance,,1.0,pcs,0.0,0.0,0.0,0.0,,,1731,"non-item adjustment (e.g., Sales Discount/VOID/rounding)",remove_incomplete_rows
2022-07-09 00:00:00,3537,3515.0,SD,Sales Discount Variance,,1.0,pcs,0.0,0.0,0.0,0.0,,,1897,"non-item adjustment (e.g., Sales Discount/VOID/rounding)",remove_incomplete_rows
2022-07-11 00:00:00,3537,3515.0,SD,Sales Discount Variance,,1.0,pcs,0.0,0.0,0.0,0.0,,,2254,"non-item adjustment (e.g., Sales Discount/VOID/rounding)",remove_incomplete_rows
2022-07-12 00:00:00,3537,3515.0,SD,Sales Discount Variance,,1.0,pcs,0.0,0.0,0.0,0.0,,,2391,"non-item adjustment (e.g., Sales Discount/VOID/rounding)",remove_incomplete_rows
2022-07-12 00:00:00,3537,3515.0,SD,Sales Discount Variance,,1.0,pcs,0.0,0.0,0.0,0.0,,,2414,"non-item adjustment (e.g., Sales Discount/VOID/rounding)",remove_incomplete_rows
2022-07-13 00:00:00,3537,3515.0,SD,Sales Discount Variance,,1.0,pcs,0.0,0.0,0.0,0.0,,,2572,"non-item adjustment (e.g., Sales Discount/VOID/rounding)",remove_incomplete_rows
2022-07-14 00:00:00,3537,3515.0,SD,Sales Discount Variance,,1.0,pcs,0.0,0.0,0.0,0.0,,,2818,"non-item adjustment (e.g., Sales Discount/VOID/rounding)",remove_incomplete_rows
2022-07-16 00:00:00,3537,3515.0,SD,Sales Discount Variance,,1.0,pcs,0.0,0.0,0.0,0.0,,,3411,"non-item adjustment (e.g., Sales Discount/VOID/rounding)",remove_incomplete_rows
2022-07-18 00:00:00,3537,3515.0,SD,Sales Discount Variance,,1.0,pcs,0.0,0.0,0.0,0.0,,,3653,"non-item adjustment (e.g., Sales Discount/VOID/rounding)",remove_incomplete_rows
2022-07-19 00:00:00,3537,3515.0,SD,Sales Discount Variance,,1.0,pcs,0.0,0.0,0.0,0.0,,,3912,"non-item adjustment (e.g., Sales Discount/VOID/rounding)",remove_incomplete_rows
2022-07-19 00:00:00,3537,3515.0,SD,Sales Discount Variance,,1.0,pcs,0.0,0.0,0.0,0.0,,,3944,"non-item adjustment (e.g., Sales Discount/VOID/rounding)",remove_incomplete_rows
2022-07-20 00:00:00,3537,3515.0,SD,Sales Discount Variance,,1.0,pcs,0.0,0.0,0.0,0.0,,,4147,"non-item adjustment (e.g., Sales Discount/VOID/rounding)",remove_incomplete_rows
2022-07-21 00:00:00,3537,3515.0,SD,Sales Discount Variance,,1.0,pcs,0.0,0.0,0.0,0.0,,,4386,"non-item adjustment (e.g., Sales Discount/VOID/rounding)",remove_incomplete_rows
2022-07-22 00:00:00,3537,3515.0,SD,Sales Discount Variance,,1.0,pcs,0.0,0.0,0.0,0.0,,,4645,"non-item adjustment (e.g., Sales Discount/VOID/rounding)",remove_incomplete_rows
2022-07-22 00:00:00,3537,3515.0,SD,Sales Discount Variance,,1.0,pcs,0.0,0.0,0.0,0.0,,,4793,"non-item adjustment (e.g., Sales Discount/VOID/rounding)",remove_incomplete_rows
2022-07-23 00:00:00,3537,3515.0,SD,Sales Discount Variance,,1.0,pcs,0.0,0.0,0.0,0.0,,,4829,"non-item adjustment (e.g., Sales Discount/VOID/rounding)",remove_incomplete_rows
2022-07-23 00:00:00,3537,3515.0,SD,Sales Discount Variance,,1.0,pcs,0.0,0.0,0.0,0.0,,,4844,"non-item adjustment (e.g., Sales Discount/VOID/rounding)",remove_incomplete_rows
2022-07-23 00:00:00,3537,3515.0,SD,Sales Discount Variance,,1.0,pcs,0.0,0.0,0.0,0.0,,,4862,"non-item adjustment (e.g., Sales Discount/VOID/rounding)",remove_incomplete_rows
2022-07-24 00:00:00,3537,3515.0,SD,Sales Discount Variance,,1.0,pcs,0.0,0.0,0.0,0.0,,,5077,"non-item adjustment (e.g., Sales Discount/VOID/rounding)",remove_incomplete_rows
2022-07-25 00:00:00,3537,3515.0,SD,Sales Discount Variance,,1.0,pcs,0.0,0.0,0.0,0.0,,,5203,"non-item adjustment (e.g., Sales Discount/VOID/rounding)",remove_incomplete_rows
2022-07-25 00:00:00,3537,3515.0,SD,Sales Discount Variance,,1.0,pcs,0.0,0.0,0.0,0.0,,,5260,"non-item adjustment (e.g., Sales Discount/VOID/rounding)",remove_incomplete_rows
2022-07-25 00:00:00,3537,3515.0,SD,Sales Discount Variance,,1.0,pcs,0.0,0.0,0.0,0.0,,,5328,"non-item adjustment (e.g., Sales Discount/VOID/rounding)",remove_incomplete_rows
2022-07-25 00:00:00,3537,3515.0,SD,Sales Discount Variance,,1.0,pcs,0.0,0.0,0.0,0.0,,,5413,"non-item adjustment (e.g., Sales Discount/VOID/rounding)",remove_incomplete_rows
2022-07-25 00:00:00,3537,3515.0,SD,Sales Discount Variance,,1.0,pcs,0.0,0.0,0.0,0.0,,,5466,"non-item adjustment (e.g., Sales Discount/VOID/rounding)",remove_incomplete_rows
2022-07-26 00:00:00,3537,3515.0,SD,Sales Discount Variance,,1.0,pcs,0.0,0.0,0.0,0.0,,,5593,"non-item adjustment (e.g., Sales Discount/VOID/rounding)",remove_incomplete_rows
2022-07-26 00:00:00,3537,3515.0,SD,Sales Discount Variance,,1.0,pcs,0.0,0.0,0.0,0.0,,,5620,"non-item adjustment (e.g., Sales Discount/VOID/rounding)",remove_incomplete_rows
2022-07-26 00:00:00,3537,3515.0,SD,Sales Discount Variance,,1.0,pcs,0.0,0.0,0.0,0.0,,,5719,"non-item adjustment (e.g., Sales Discount/VOID/rounding)",remove_incomplete_rows
2022-07-26 00:00:00,3537,3515.0,SD,Sales Discount Variance,,1.0,pcs,0.0,0.0,0.0,0.0,,,5745,"non-item adjustment (e.g., Sales Discount/VOID/rounding)",remove_incomplete_rows
2022-07-26 00:00:00,3537,3515.0,SD,Sales Discount Variance,,1.0,pcs,0.0,0.0,0.0,0.0,,,5779,"non-item adjustment (e.g., Sales Discount/VOID/rounding)",remove_incomplete_rows
2022-07-26 00:00:00,3537,3515.0,SD,Sales Discount Variance,,1.0,pcs,0.0,0.0,0.0,0.0,,,5817,"non-item adjustment (e.g., Sales Discount/VOID/rounding)",remove_incomplete_rows
2022-07-27 00:00:00,3537,3515.0,SD,Sales Discount Variance,,1.0,pcs,0.0,0.0,0.0,0.0,,,5868,"non-item adjustment (e.g., Sales Discount/VOID/rounding)",remove_incomplete_rows
2022-07-27 00:00:00,3537,3515.0,SD,Sales Discount Variance,,1.0,pcs,0.0,0.0,0.0,0.0,,,5905,"non-item adjustment (e.g., Sales Discount/VOID/rounding)",remove_incomplete_rows
2022-07-27 00:00:00,3537,3515.0,SD,Sales Discount Variance,,1.0,pcs,0.0,0.0,0.0,0.0,,,6067,"non-item adjustment (e.g., Sales Discount/VOID/rounding)",remove_incomplete_rows
2022-07-29 00:00:00,3537,3515.0,SD,Sales Discount Variance,,1.0,pcs,0.0,0.0,0.0,0.0,,,6385,"non-item adjustment (e.g., Sales Discount/VOID/rounding)",remove_incomplete_rows
2022-07-29 00:00:00,3537,3515.0,SD,Sales Discount Variance,,1.0,pcs,0.0,0.0,0.0,0.0,,,6596,"non-item adjustment (e.g., Sales Discount/VOID/rounding)",remove_incomplete_rows
2022-07-29 00:00:00,3537,3515.0,SD,Sales Discount Variance,,1.0,pcs,0.0,0.0,0.0,0.0,,,6649,"non-item adjustment (e.g., Sales Discount/VOID/rounding)",remove_incomplete_rows
2022-07-30 00:00:00,3537,3515.0,SD,Sales Discount Variance,,1.0,pcs,0.0,0.0,0.0,0.0,,,6836,"non-item adjustment (e.g., Sales Discount/VOID/rounding)",remove_incomplete_rows
2022-07-30 00:00:00,3537,3515.0,SD,Sales Discount Variance,,1.0,pcs,0.0,0.0,0.0,0.0,,,6906,"non-item adjustment (e.g., Sales Discount/VOID/rounding)",remove_incomplete_rows
2022-07-02 00:00:00,3537,3515.0,8996001600375,LE MINERALE 330ML,,2.0,pcs,0.0,22.0,6.0,10.0,,,323,duplicate row,duplicates
2022-07-04 00:00:00,3537,3515.0,4807788561688,BIOGESIC 500MG TAB,,10.0,pcs,0.0,40.0,3.57,4.3,,,692,duplicate row,duplicates
2022-07-04 00:00:00,3537,3515.0,8996001600269,LE MINERALE 600ML,,1.0,pcs,0.0,15.0,7.87,7.13,,,693,duplicate row,duplicates
2022-07-06 00:00:00,3537,3515.0,4800488958116,NURSY BABY WIPES UNSCENTED 90&#039;S,,1.0,pcs,0.0,94.0,79.45,14.55,,,1200,duplicate row,duplicates
2022-07-08 00:00:00,3537,3515.0,4801010104100,JOHNSONS MILK+RICE BABY POWDER 50G,,1.0,pcs,0.0,27.0,24.4,2.6,,,1599,duplicate row,duplicates
2022-07-08 00:00:00,3537,3515.0,4801010104100,JOHNSONS MILK+RICE BABY POWDER 50G,,1.0,pcs,0.0,27.0,24.4,2.6,,,1640,duplicate row,duplicates
2022-07-12 00:00:00,3537,3515.0,4806524140651,MECID (MEFENAMIC) 500MG CAP,,10.0,pcs,0.0,25.0,0.96,15.4,,,2404,duplicate row,duplicates
2022-07-15 00:00:00,3537,3515.0,8996001600269,LE MINERALE 600ML,,1.0,pcs,0.0,15.0,7.87,7.13,,,3017,duplicate row,duplicates
2022-07-15 00:00:00,3537,3515.0,4807788551177,SUPRACID (SODIUM BICARBONATE) 650MG,2026-09-01,1.0,pcs,0.0,130.5,113.21,17.29,,,3104,duplicate row,duplicates
2022-07-16 00:00:00,3537,3515.0,4806502367223,FERN-C PLUS (SODIUM ASCORBATE) CAP,2023-08-01,15.0,pcs,0.2,105.0,7.24,-3.6,,,3416,duplicate row,duplicates
2022-07-18 00:00:00,3537,3515.0,4800011132921,EFFICASCENT OIL EXTREME25ML,,1.0,pcs,0.0,41.0,36.02,4.98,,,3828,duplicate row,duplicates
2022-07-20 00:00:00,3537,3515.0,8904186000521,TRIMEBET (TRIMETAZIDINE) 35G TAB,2024-05-01,10.0,pcs,0.2,68.0,3.34,34.6,,,4333,duplicate row,duplicates
2022-07-22 00:00:00,3537,3515.0,4807788561688,BIOGESIC 500MG TAB,,20.0,pcs,0.0,80.0,3.57,8.6,,,4785,duplicate row,duplicates
2022-07-23 00:00:00,3537,3515.0,4801010107101,JOHNSONS COOLING BABY POWDER 50G,,1.0,pcs,0.0,27.0,24.4,2.6,,,5023,duplicate row,duplicates
2022-07-25 00:00:00,3537,3515.0,4806527194088,ALLECUR (CETIRIZINE) 10MG TAB,2024-11-01,10.0,pcs,0.0,30.0,0.42,25.76,,,5420,duplicate row,duplicates
2022-07-26 00:00:00,3537,3515.0,4807788561688,BIOGESIC (PARACETAMOL) 500MG TAB,,20.0,pcs,0.0,80.0,3.57,8.6,,,5736,duplicate row,duplicates
2022-07-29 00:00:00,3537,3515.0,90134809013300215,KOJIESAN CLASSIC 2&#039;S,,1.0,pcs,0.0,50.0,0.0,50.0,,,6521,duplicate row,duplicates
2022-07-29 00:00:00,3537,3515.0,4987176600776,VICKS VAPORUB 10G,,1.0,pcs,0.0,52.0,44.99,7.01,,,6544,duplicate row,duplicates
2022-07-29 00:00:00,3537,3515.0,8996001600269,LE MINERALE 600ML,,1.0,pcs,0.0,15.0,7.87,7.13,,,6620,duplicate row,duplicates
2022-07-30 00:00:00,3537,3515.0,4807788416537,AMVASC BE TAB 5MG,,1.0,pcs,0.0,19.75,18.3,1.45,,,6899,duplicate row,duplicates
2022-07-30 00:00:00,3537,3515.0,4807788414021,PLOGREL (CLOPIDOGREL) 75MG TAB,2023-08-01,1.0,pcs,0.0,43.0,35.58,7.42,,,6900,duplicate row,duplicates
2022-07-30 00:00:00,3537,3515.0,4800234406465,FORXIGA (DAPAGLIFLOZIN) 10MG,2024-09-30,1.0,pcs,0.0,42.0,32.08,9.92,,,6901,duplicate row,duplicates
2022-07-30 00:00:00,3537,3515.0,8964001206330,NEBIL 5MG (NEBIVOLOL) TAB,2023-08-01,1.0,pcs,0.0,16.07,16.31,-0.24,,,6902,duplicate row,duplicates
2022-07-30 00:00:00,3537,3515.0,8964001206439,ROVISTA (ROSUVASTATIN)20MG TAB,2025-03-31,1.0,pcs,0.0,29.24,27.27,1.97,,,6903,duplicate row,duplicates
2022-07-30 00:00:00,3537,3515.0,4806521160782,ATENURIX FCT 40MG,,1.0,pcs,0.0,23.75,19.48,4.27,,,6904,duplicate row,duplicates
2022-07-30 00:00:00,3537,3515.0,4800301903149,DIABEE (VITAMIN B COMPLEX) CAP,2024-03-01,1.0,pcs,0.0,3.25,1.75,1.5,,,6905,duplicate row,duplicates
