Date,Receipt,SO,Item Code,Description,Expiration Date,Qty,Unit,Discount,Sales,Cost,Profit,Payment,Cashier ID,_row_id,error_reason,error_stage
Grand Total,,,,,10718,,"579,101.51",,"579,101.51","208,197.51","153,213.65","552,055.26",,10718,summary/total row matched 'grand total',pre-map
,,,,,,,<na>,,81.33,49.19,-10.81,,,4,financial data present but missing supporting fields,remove_incomplete_rows
,,,,,,,<na>,,30.0,23.33,6.67,,,8,financial data present but missing supporting fields,remove_incomplete_rows
,,,,,,,<na>,,65.0,55.6,9.4,,,12,financial data present but missing supporting fields,remove_incomplete_rows
,,,,,,,<na>,,66.0,29.0,8.0,,,17,financial data present but missing supporting fields,remove_incomplete_rows
,,,,,,,<na>,,396.64,83.33,34.3,,,22,financial data present but missing supporting fields,remove_incomplete_rows
,,,,,,,<na>,,23.5,20.32,3.18,,,26,financial data present but missing supporting fields,remove_incomplete_rows
,,,,,,,<na>,,44.5,32.4,12.1,,,30,financial data present but missing supporting fields,remove_incomplete_rows
,,,,,,,<na>,,59.25,48.73,10.52,,,34,financial data present but missing supporting fields,remove_incomplete_rows
,,,,,,,<na>,,278.0,25.73,20.7,,,38,financial data present but missing supporting fields,remove_incomplete_rows
,,,,,,,<na>,,76.5,62.44,14.06,,,42,financial data present but missing supporting fields,remove_incomplete_rows
,,,,,,,<na>,,137.5,112.18,25.32,,,48,financial data present but missing supporting fields,remove_incomplete_rows
,,,,,,,<na>,,55.0,35.0,20.0,,,52,financial data present but missing supporting fields,remove_incomplete_rows
,,,,,,,<na>,,18.0,6.6,4.8,,,56,financial data present but missing supporting fields,remove_incomplete_rows
,,,,,,,<na>,,93.75,29.34,5.73,,,60,financial data present but missing supporting fields,remove_incomplete_rows
,,,,,,,<na>,,132.0,23.85,108.15,,,65,financial data present but missing supporting fields,remove_incomplete_rows
,,,,,,,<na>,,30.0,23.33,6.67,,,69,financial data present but missing supporting fields,remove_incomplete_rows
,,,,,,,<na>,,281.0,206.71,74.29,,,74,financial data present but missing supporting fields,remove_incomplete_rows
,,,,,,,<na>,,90.0,13.22,10.68,,,78,financial data present but missing supporting fields,remove_incomplete_rows
,,,,,,,<na>,,13.5,6.34,7.16,,,82,financial data present but missing supporting fields,remove_incomplete_rows
,,,,,,,<na>,,115.75,47.23,27.11,,,88,financial data present but missing supporting fields,remove_incomplete_rows
,,,,,,,<na>,,1365.0,54.5,275.0,,,92,financial data present but missing supporting fields,remove_incomplete_rows
,,,,,,,<na>,,93.5,82.02,11.48,,,96,financial data present but missing supporting fields,remove_incomplete_rows
,,,,,,,<na>,,37.0,15.16,6.68,,,100,financial data present but missing supporting fields,remove_incomplete_rows
,,,,,,,<na>,,62.0,28.26,5.48,,,104,financial data present but missing supporting fields,remove_incomplete_rows
,,,,,,,<na>,,115.5,55.0,60.5,,,108,financial data present but missing supporting fields,remove_incomplete_rows
,,,,,,,<na>,,30.0,22.0,8.0,,,112,financial data present but missing supporting fields,remove_incomplete_rows
,,,,,,,<na>,,340.5,291.36,49.14,,,116,financial data present but missing supporting fields,remove_incomplete_rows
,,,,,,,<na>,,52.5,46.0,6.5,,,120,financial data present but missing supporting fields,remove_incomplete_rows
,,,,,,,<na>,,893.9,70.62,94.61,,,126,financial data present but missing supporting fields,remove_incomplete_rows
,,,,,,,<na>,,570.0,38.0,114.0,,,130,financial data present but missing supporting fields,remove_incomplete_rows
,,,,,,,<na>,,91.3,73.78,17.52,,,134,financial data present but missing supporting fields,remove_incomplete_rows
,,,,,,,<na>,,15.0,8.9,6.1,,,138,financial data present but missing supporting fields,remove_incomplete_rows
,,,,,,,<na>,,717.0,295.45,126.1,,,142,financial data present but missing supporting fields,remove_incomplete_rows
,,,,,,,<na>,,397.5,35.32,44.3,,,146,financial data present but missing supporting fields,remove_incomplete_rows
,,,,,,,<na>,,54.0,35.96,9.5,,,151,financial data present but missing supporting fields,remove_incomplete_rows
,,,,,,,<na>,,27.0,6.6,7.2,,,155,financial data present but missing supporting fields,remove_incomplete_rows
,,,,,,,<na>,,40.0,38.17,1.83,,,159,financial data present but missing supporting fields,remove_incomplete_rows
,,,,,,,<na>,,45.0,12.98,6.06,,,163,financial data present but missing supporting fields,remove_incomplete_rows
,,,,,,,<na>,,125.0,63.08,61.92,,,168,financial data present but missing supporting fields,remove_incomplete_rows
,,,,,,,<na>,,113.25,25.67,22.91,,,174,financial data present but missing supporting fields,remove_incomplete_rows
,,,,,,,<na>,,39.31,32.23,4.92,,,180,financial data present but missing supporting fields,remove_incomplete_rows
,,,,,,,<na>,,102.4,26.33,-2.92,,,184,financial data present but missing supporting fields,remove_incomplete_rows
,,,,,,,<na>,,70.0,3.28,37.2,,,188,financial data present but missing supporting fields,remove_incomplete_rows
,,,,,,,<na>,,55.0,38.2,16.8,,,193,financial data present but missing supporting fields,remove_incomplete_rows
,,,,,,,<na>,,34.0,6.8,6.8,,,197,financial data present but missing supporting fields,remove_incomplete_rows
,,,,,,,<na>,,18.0,15.21,2.79,,,201,financial data present but missing supporting fields,remove_incomplete_rows
,,,,,,,<na>,,92.5,80.0,12.5,,,205,financial data present but missing supporting fields,remove_incomplete_rows
,,,,,,,<na>,,31.08,15.0,16.08,,,209,financial data present but missing supporting fields,remove_incomplete_rows
,,,,,,,<na>,,997.5,38.0,199.5,,,213,financial data present but missing supporting fields,remove_incomplete_rows
,,,,,,,<na>,,28.0,0.0,28.0,,,217,financial data present but missing supporting fields,remove_incomplete_rows
,,,,,,,<na>,,75.75,21.63,10.85,,,221,financial data present but missing supporting fields,remove_incomplete_rows
,,,,,,,<na>,,280.0,15.0,130.0,,,225,financial data present but missing supporting fields,remove_incomplete_rows
,,,,,,,<na>,,90.0,6.6,24.0,,,229,financial data present but missing supporting fields,remove_incomplete_rows
,,,,,,,<na>,,21.0,17.34,3.66,,,233,financial data present but missing supporting fields,remove_incomplete_rows
,,,,,,,<na>,,531.0,35.39,0.09,,,238,financial data present but missing supporting fields,remove_incomplete_rows
,,,,,,,<na>,,9.0,0.75,6.0,,,242,financial data present but missing supporting fields,remove_incomplete_rows
,,,,,,,<na>,,1200.0,0.0,1200.0,,,246,financial data present but missing supporting fields,remove_incomplete_rows
,,,,,,,<na>,,2533.5,11.61,2463.84,,,251,financial data present but missing supporting fields,remove_incomplete_rows
,,,,,,,<na>,,100.0,0.85,66.0,,,255,financial data present but missing supporting fields,remove_incomplete_rows
,,,,,,,<na>,,32.5,14.61,3.28,,,259,financial data present but missing supporting fields,remove_incomplete_rows
,,,,,,,<na>,,59.0,52.27,6.73,,,264,financial data present but missing supporting fields,remove_incomplete_rows
,,,,,,,<na>,,84.0,1.2,48.0,,,272,financial data present but missing supporting fields,remove_incomplete_rows
,,,,,,,<na>,,1301.76,38.76,138.96,,,280,financial data present but missing supporting fields,remove_incomplete_rows
,,,,,,,<na>,,651.0,22.65,-51.15,,,284,financial data present but missing supporting fields,remove_incomplete_rows
,,,,,,,<na>,,195.0,35.66,78.69,,,291,financial data present but missing supporting fields,remove_incomplete_rows
,,,,,,,<na>,,44.5,36.43,8.07,,,296,financial data present but missing supporting fields,remove_incomplete_rows
,,,,,,,<na>,,702.0,122.09,-30.54,,,301,financial data present but missing supporting fields,remove_incomplete_rows
,,,,,,,<na>,,420.8,39.51,25.7,,,308,financial data present but missing supporting fields,remove_incomplete_rows
,,,,,,,<na>,,30.0,23.33,6.67,,,312,financial data present but missing supporting fields,remove_incomplete_rows
,,,,,,,<na>,,18.0,15.21,2.79,,,316,financial data present but missing supporting fields,remove_incomplete_rows
,,,,,,,<na>,,2258.25,1309.82,514.79,,,323,financial data present but missing supporting fields,remove_incomplete_rows
,,,,,,,<na>,,451.0,398.22,52.78,,,328,financial data present but missing supporting fields,remove_incomplete_rows
,,,,,,,<na>,,45.0,22.82,6.96,,,333,financial data present but missing supporting fields,remove_incomplete_rows
,,,,,,,<na>,,96.0,22.23,29.31,,,337,financial data present but missing supporting fields,remove_incomplete_rows
,,,,,,,<na>,,1504.0,540.3,223.4,,,343,financial data present but missing supporting fields,remove_incomplete_rows
,,,,,,,<na>,,30.0,22.0,8.0,,,347,financial data present but missing supporting fields,remove_incomplete_rows
,,,,,,,<na>,,1244.5,11.61,1221.28,,,352,financial data present but missing supporting fields,remove_incomplete_rows
,,,,,,,<na>,,1440.0,233.64,699.08,,,362,financial data present but missing supporting fields,remove_incomplete_rows
,,,,,,,<na>,,90.0,73.42,16.58,,,366,financial data present but missing supporting fields,remove_incomplete_rows
,,,,,,,<na>,,60.4,4.63,14.14,,,371,financial data present but missing supporting fields,remove_incomplete_rows
,,,,,,,<na>,,18.5,15.16,3.34,,,375,financial data present but missing supporting fields,remove_incomplete_rows
,,,,,,,<na>,,70.5,62.72,7.78,,,379,financial data present but missing supporting fields,remove_incomplete_rows
,,,,,,,<na>,,18.5,15.16,3.34,,,383,financial data present but missing supporting fields,remove_incomplete_rows
,,,,,,,<na>,,138.68,56.12,37.41,,,388,financial data present but missing supporting fields,remove_incomplete_rows
,,,,,,,<na>,,495.0,258.11,236.89,,,392,financial data present but missing supporting fields,remove_incomplete_rows
,,,,,,,<na>,,31.0,25.18,5.82,,,396,financial data present but missing supporting fields,remove_incomplete_rows
,,,,,,,<na>,,132.0,96.91,35.09,,,400,financial data present but missing supporting fields,remove_incomplete_rows
,,,,,,,<na>,,862.5,23.93,144.6,,,404,financial data present but missing supporting fields,remove_incomplete_rows
,,,,,,,<na>,,23.0,18.22,4.78,,,408,financial data present but missing supporting fields,remove_incomplete_rows
,,,,,,,<na>,,2062.0,572.37,302.12,,,414,financial data present but missing supporting fields,remove_incomplete_rows
,,,,,,,<na>,,587.0,81.8,-10.75,,,420,financial data present but missing supporting fields,remove_incomplete_rows
,,,,,,,<na>,,25.5,11.94,1.62,,,424,financial data present but missing supporting fields,remove_incomplete_rows
,,,,,,,<na>,,722.0,324.8,72.4,,,428,financial data present but missing supporting fields,remove_incomplete_rows
,,,,,,,<na>,,42.0,36.37,5.63,,,432,financial data present but missing supporting fields,remove_incomplete_rows
,,,,,,,<na>,,560.0,59.0,442.0,,,436,financial data present but missing supporting fields,remove_incomplete_rows
,,,,,,,<na>,,15.0,9.2,5.8,,,440,financial data present but missing supporting fields,remove_incomplete_rows
,,,,,,,<na>,,118.0,23.17,71.66,,,444,financial data present but missing supporting fields,remove_incomplete_rows
,,,,,,,<na>,,44.5,38.55,5.95,,,449,financial data present but missing supporting fields,remove_incomplete_rows
,,,,,,,<na>,,1068.25,4.05,987.33,,,454,financial data present but missing supporting fields,remove_incomplete_rows
,,,,,,,<na>,,70.5,62.72,7.78,,,458,financial data present but missing supporting fields,remove_incomplete_rows
,,,,,,,<na>,,630.0,10.69,181.02,,,462,financial data present but missing supporting fields,remove_incomplete_rows
,,,,,,,<na>,,486.85,33.91,79.76,,,469,financial data present but missing supporting fields,remove_incomplete_rows
,,,,,,,<na>,,34.0,7.67,3.32,,,482,financial data present but missing supporting fields,remove_incomplete_rows
,,,,,,,<na>,,17.0,4.05,0.82,,,486,financial data present but missing supporting fields,remove_incomplete_rows
,,,,,,,<na>,,43.25,34.81,8.44,,,490,financial data present but missing supporting fields,remove_incomplete_rows
,,,,,,,<na>,,381.0,322.69,58.31,,,494,financial data present but missing supporting fields,remove_incomplete_rows
,,,,,,,<na>,,91.25,16.07,10.89,,,498,financial data present but missing supporting fields,remove_incomplete_rows
,,,,,,,<na>,,47.0,19.85,7.3,,,502,financial data present but missing supporting fields,remove_incomplete_rows
,,,,,,,<na>,,25.0,13.61,11.39,,,506,financial data present but missing supporting fields,remove_incomplete_rows
,,,,,,,<na>,,1182.0,364.8,132.4,,,511,financial data present but missing supporting fields,remove_incomplete_rows
,,,,,,,<na>,,173.0,81.24,43.04,,,516,financial data present but missing supporting fields,remove_incomplete_rows
,,,,,,,<na>,,460.0,60.29,176.89,,,522,financial data present but missing supporting fields,remove_incomplete_rows
,,,,,,,<na>,,160.0,24.37,38.15,,,526,financial data present but missing supporting fields,remove_incomplete_rows
,,,,,,,<na>,,701.3,83.89,205.85,,,534,financial data present but missing supporting fields,remove_incomplete_rows
,,,,,,,<na>,,250.0,0.85,165.0,,,538,financial data present but missing supporting fields,remove_incomplete_rows
,,,,,,,<na>,,57.0,32.0,25.0,,,544,financial data present but missing supporting fields,remove_incomplete_rows
,,,,,,,<na>,,211.0,39.17,116.95,,,549,financial data present but missing supporting fields,remove_incomplete_rows
,,,,,,,<na>,,178.0,44.0,60.0,,,555,financial data present but missing supporting fields,remove_incomplete_rows
,,,,,,,<na>,,393.75,16.78,112.6,,,560,financial data present but missing supporting fields,remove_incomplete_rows
,,,,,,,<na>,,360.0,0.92,304.8,,,564,financial data present but missing supporting fields,remove_incomplete_rows
,,,,,,,<na>,,96.0,38.99,21.31,,,569,financial data present but missing supporting fields,remove_incomplete_rows
,,,,,,,<na>,,25.0,20.87,4.13,,,573,financial data present but missing supporting fields,remove_incomplete_rows
,,,,,,,<na>,,190.25,95.03,69.21,,,579,financial data present but missing supporting fields,remove_incomplete_rows
,,,,,,,<na>,,98.0,60.75,17.73,,,585,financial data present but missing supporting fields,remove_incomplete_rows
,,,,,,,<na>,,177.5,110.69,54.31,,,591,financial data present but missing supporting fields,remove_incomplete_rows
,,,,,,,<na>,,45.0,20.04,17.31,,,596,financial data present but missing supporting fields,remove_incomplete_rows
,,,,,,,<na>,,3.0,0.4,2.6,,,600,financial data present but missing supporting fields,remove_incomplete_rows
,,,,,,,<na>,,54.5,31.0,23.5,,,604,financial data present but missing supporting fields,remove_incomplete_rows
,,,,,,,<na>,,420.0,9.8,126.0,,,608,financial data present but missing supporting fields,remove_incomplete_rows
,,,,,,,<na>,,157.0,70.17,29.51,,,613,financial data present but missing supporting fields,remove_incomplete_rows
,,,,,,,<na>,,50.75,46.24,4.51,,,618,financial data present but missing supporting fields,remove_incomplete_rows
,,,,,,,<na>,,10.0,1.28,4.89,,,622,financial data present but missing supporting fields,remove_incomplete_rows
,,,,,,,<na>,,17.0,8.0,1.0,,,626,financial data present but missing supporting fields,remove_incomplete_rows
,,,,,,,<na>,,90.0,50.0,40.0,,,630,financial data present but missing supporting fields,remove_incomplete_rows
,,,,,,,<na>,,34.0,11.05,22.95,,,635,financial data present but missing supporting fields,remove_incomplete_rows
,,,,,,,<na>,,57.5,39.51,17.99,,,639,financial data present but missing supporting fields,remove_incomplete_rows
,,,,,,,<na>,,58.25,52.83,5.42,,,643,financial data present but missing supporting fields,remove_incomplete_rows
,,,,,,,<na>,,46.5,0.0,46.5,,,647,financial data present but missing supporting fields,remove_incomplete_rows
,,,,,,,<na>,,272.5,246.74,22.16,,,655,financial data present but missing supporting fields,remove_incomplete_rows
,,,,,,,<na>,,167.0,55.26,92.54,,,662,financial data present but missing supporting fields,remove_incomplete_rows
,,,,,,,<na>,,24.0,18.53,5.47,,,666,financial data present but missing supporting fields,remove_incomplete_rows
,,,,,,,<na>,,10.0,9.0,1.0,,,670,financial data present but missing supporting fields,remove_incomplete_rows
,,,,,,,<na>,,69.5,25.73,18.04,,,674,financial data present but missing supporting fields,remove_incomplete_rows
,,,,,,,<na>,,30.0,22.0,8.0,,,678,financial data present but missing supporting fields,remove_incomplete_rows
,,,,,,,<na>,,32.5,14.1,18.4,,,683,financial data present but missing supporting fields,remove_incomplete_rows
,,,,,,,<na>,,15.0,0.0,15.0,,,687,financial data present but missing supporting fields,remove_incomplete_rows
,,,,,,,<na>,,264.0,28.6,-22.0,,,691,financial data present but missing supporting fields,remove_incomplete_rows
,,,,,,,<na>,,176.0,148.97,27.03,,,697,financial data present but missing supporting fields,remove_incomplete_rows
,,,,,,,<na>,,432.0,11.35,91.5,,,702,financial data present but missing supporting fields,remove_incomplete_rows
,,,,,,,<na>,,37.0,15.16,6.68,,,706,financial data present but missing supporting fields,remove_incomplete_rows
,,,,,,,<na>,,38.0,3.03,7.7,,,710,financial data present but missing supporting fields,remove_incomplete_rows
,,,,,,,<na>,,687.5,275.0,137.5,,,714,financial data present but missing supporting fields,remove_incomplete_rows
,,,,,,,<na>,,597.92,33.48,58.12,,,720,financial data present but missing supporting fields,remove_incomplete_rows
,,,,,,,<na>,,1612.0,918.78,259.58,,,727,financial data present but missing supporting fields,remove_incomplete_rows
,,,,,,,<na>,,1390.0,70.37,251.94,,,733,financial data present but missing supporting fields,remove_incomplete_rows
,,,,,,,<na>,,313.0,260.0,53.0,,,737,financial data present but missing supporting fields,remove_incomplete_rows
,,,,,,,<na>,,105.0,82.9,22.1,,,741,financial data present but missing supporting fields,remove_incomplete_rows
,,,,,,,<na>,,120.0,19.48,22.6,,,745,financial data present but missing supporting fields,remove_incomplete_rows
,,,,,,,<na>,,655.5,0.0,655.5,,,749,financial data present but missing supporting fields,remove_incomplete_rows
,,,,,,,<na>,,82.0,62.43,19.57,,,753,financial data present but missing supporting fields,remove_incomplete_rows
,,,,,,,<na>,,157.5,13.01,27.41,,,757,financial data present but missing supporting fields,remove_incomplete_rows
,,,,,,,<na>,,54.75,44.63,10.12,,,761,financial data present but missing supporting fields,remove_incomplete_rows
,,,,,,,<na>,,156.0,70.5,15.0,,,765,financial data present but missing supporting fields,remove_incomplete_rows
,,,,,,,<na>,,70.5,62.72,7.78,,,769,financial data present but missing supporting fields,remove_incomplete_rows
,,,,,,,<na>,,57.0,46.16,10.84,,,773,financial data present but missing supporting fields,remove_incomplete_rows
,,,,,,,<na>,,18.25,10.77,7.48,,,779,financial data present but missing supporting fields,remove_incomplete_rows
,,,,,,,<na>,,10.0,1.28,4.89,,,783,financial data present but missing supporting fields,remove_incomplete_rows
,,,,,,,<na>,,43.75,37.86,5.89,,,787,financial data present but missing supporting fields,remove_incomplete_rows
,,,,,,,<na>,,336.0,21.64,33.04,,,791,financial data present but missing supporting fields,remove_incomplete_rows
,,,,,,,<na>,,8.5,6.8,1.7,,,795,financial data present but missing supporting fields,remove_incomplete_rows
,,,,,,,<na>,,23.0,19.88,3.12,,,799,financial data present but missing supporting fields,remove_incomplete_rows
,,,,,,,<na>,,18.0,15.21,2.79,,,803,financial data present but missing supporting fields,remove_incomplete_rows
,,,,,,,<na>,,14.0,2.85,2.61,,,807,financial data present but missing supporting fields,remove_incomplete_rows
,,,,,,,<na>,,24.5,2.85,4.57,,,811,financial data present but missing supporting fields,remove_incomplete_rows
,,,,,,,<na>,,39.0,13.7,25.3,,,821,financial data present but missing supporting fields,remove_incomplete_rows
,,,,,,,<na>,,144.0,119.42,24.58,,,826,financial data present but missing supporting fields,remove_incomplete_rows
,,,,,,,<na>,,87.0,55.08,31.92,,,831,financial data present but missing supporting fields,remove_incomplete_rows
,,,,,,,<na>,,240.0,112.84,92.11,,,837,financial data present but missing supporting fields,remove_incomplete_rows
,,,,,,,<na>,,34.5,30.5,4.0,,,841,financial data present but missing supporting fields,remove_incomplete_rows
,,,,,,,<na>,,45.0,20.0,25.0,,,845,financial data present but missing supporting fields,remove_incomplete_rows
,,,,,,,<na>,,466.75,141.44,58.8,,,850,financial data present but missing supporting fields,remove_incomplete_rows
,,,,,,,<na>,,25.0,16.0,9.0,,,854,financial data present but missing supporting fields,remove_incomplete_rows
,,,,,,,<na>,,18.5,15.16,3.34,,,858,financial data present but missing supporting fields,remove_incomplete_rows
,,,,,,,<na>,,109.25,52.0,57.25,,,862,financial data present but missing supporting fields,remove_incomplete_rows
,,,,,,,<na>,,29.5,26.75,2.75,,,866,financial data present but missing supporting fields,remove_incomplete_rows
,,,,,,,<na>,,38.0,33.8,4.2,,,870,financial data present but missing supporting fields,remove_incomplete_rows
,,,,,,,<na>,,275.0,15.43,167.24,,,875,financial data present but missing supporting fields,remove_incomplete_rows
,,,,,,,<na>,,101.0,38.95,23.1,,,879,financial data present but missing supporting fields,remove_incomplete_rows
,,,,,,,<na>,,111.2,30.05,-9.0,,,883,financial data present but missing supporting fields,remove_incomplete_rows
,,,,,,,<na>,,12.0,9.22,2.78,,,887,financial data present but missing supporting fields,remove_incomplete_rows
,,,,,,,<na>,,104.5,150.0,-45.5,,,891,financial data present but missing supporting fields,remove_incomplete_rows
,,,,,,,<na>,,6.0,0.0,6.0,,,895,financial data present but missing supporting fields,remove_incomplete_rows
,,,,,,,<na>,,92.75,75.34,17.41,,,900,financial data present but missing supporting fields,remove_incomplete_rows
,,,,,,,<na>,,17.5,7.15,3.2,,,904,financial data present but missing supporting fields,remove_incomplete_rows
,,,,,,,<na>,,116.75,85.3,23.36,,,909,financial data present but missing supporting fields,remove_incomplete_rows
,,,,,,,<na>,,135.75,114.68,21.07,,,913,financial data present but missing supporting fields,remove_incomplete_rows
,,,,,,,<na>,,896.0,735.12,160.88,,,917,financial data present but missing supporting fields,remove_incomplete_rows
,,,,,,,<na>,,256.25,168.48,30.71,,,922,financial data present but missing supporting fields,remove_incomplete_rows
,,,,,,,<na>,,8.5,6.8,1.7,,,926,financial data present but missing supporting fields,remove_incomplete_rows
,,,,,,,<na>,,31.0,24.45,6.55,,,930,financial data present but missing supporting fields,remove_incomplete_rows
,,,,,,,<na>,,185.15,73.66,17.39,,,936,financial data present but missing supporting fields,remove_incomplete_rows
,,,,,,,<na>,,36.0,9.03,8.92,,,941,financial data present but missing supporting fields,remove_incomplete_rows
,,,,,,,<na>,,25.0,20.99,4.01,,,945,financial data present but missing supporting fields,remove_incomplete_rows
,,,,,,,<na>,,70.0,0.0,70.0,,,949,financial data present but missing supporting fields,remove_incomplete_rows
,,,,,,,<na>,,66.5,33.62,20.48,,,954,financial data present but missing supporting fields,remove_incomplete_rows
,,,,,,,<na>,,3498.0,236.52,1044.72,,,961,financial data present but missing supporting fields,remove_incomplete_rows
,,,,,,,<na>,,1458.75,319.13,237.28,,,970,financial data present but missing supporting fields,remove_incomplete_rows
,,,,,,,<na>,,232.0,195.92,36.08,,,975,financial data present but missing supporting fields,remove_incomplete_rows
,,,,,,,<na>,,59.25,48.73,10.52,,,979,financial data present but missing supporting fields,remove_incomplete_rows
,,,,,,,<na>,,183.5,32.04,111.61,,,985,financial data present but missing supporting fields,remove_incomplete_rows
,,,,,,,<na>,,18.0,15.21,2.79,,,989,financial data present but missing supporting fields,remove_incomplete_rows
,,,,,,,<na>,,79.5,28.6,50.9,,,994,financial data present but missing supporting fields,remove_incomplete_rows
,,,,,,,<na>,,80.0,55.0,25.0,,,998,financial data present but missing supporting fields,remove_incomplete_rows
,,,,,,,<na>,,160.0,76.05,83.95,,,1003,financial data present but missing supporting fields,remove_incomplete_rows
,,,,,,,<na>,,38.5,24.0,14.5,,,1007,financial data present but missing supporting fields,remove_incomplete_rows
,,,,,,,<na>,,82.0,46.89,35.11,,,1012,financial data present but missing supporting fields,remove_incomplete_rows
,,,,,,,<na>,,570.0,12.27,324.6,,,1017,financial data present but missing supporting fields,remove_incomplete_rows
,,,,,,,<na>,,18.0,0.4,15.6,,,1021,financial data present but missing supporting fields,remove_incomplete_rows
,,,,,,,<na>,,102.5,44.2,58.3,,,1026,financial data present but missing supporting fields,remove_incomplete_rows
,,,,,,,<na>,,33.0,6.33,14.02,,,1030,financial data present but missing supporting fields,remove_incomplete_rows
,,,,,,,<na>,,37.0,23.35,13.65,,,1035,financial data present but missing supporting fields,remove_incomplete_rows
,,,,,,,<na>,,25.5,4.05,1.22,,,1039,financial data present but missing supporting fields,remove_incomplete_rows
,,,,,,,<na>,,140.0,100.32,39.68,,,1044,financial data present but missing supporting fields,remove_incomplete_rows
,,,,,,,<na>,,42.9,1.43,28.6,,,1049,financial data present but missing supporting fields,remove_incomplete_rows
,,,,,,,<na>,,780.75,268.46,164.49,,,1056,financial data present but missing supporting fields,remove_incomplete_rows
,,,,,,,<na>,,42.0,13.21,2.37,,,1060,financial data present but missing supporting fields,remove_incomplete_rows
,,,,,,,<na>,,180.0,0.0,180.0,,,1064,financial data present but missing supporting fields,remove_incomplete_rows
,,,,,,,<na>,,37.0,15.16,6.68,,,1068,financial data present but missing supporting fields,remove_incomplete_rows
,,,,,,,<na>,,429.5,268.36,65.14,,,1073,financial data present but missing supporting fields,remove_incomplete_rows
,,,,,,,<na>,,139.0,129.91,9.09,,,1077,financial data present but missing supporting fields,remove_incomplete_rows
,,,,,,,<na>,,57.5,51.74,5.76,,,1081,financial data present but missing supporting fields,remove_incomplete_rows
,,,,,,,<na>,,39.5,30.39,9.11,,,1085,financial data present but missing supporting fields,remove_incomplete_rows
,,,,,,,<na>,,142.0,119.57,22.43,,,1089,financial data present but missing supporting fields,remove_incomplete_rows
,,,,,,,<na>,,60.0,22.0,16.0,,,1093,financial data present but missing supporting fields,remove_incomplete_rows
,,,,,,,<na>,,10.0,3.3,6.7,,,1097,financial data present but missing supporting fields,remove_incomplete_rows
,,,,,,,<na>,,3.0,0.4,2.6,,,1101,financial data present but missing supporting fields,remove_incomplete_rows
,,,,,,,<na>,,277.5,80.0,37.5,,,1105,financial data present but missing supporting fields,remove_incomplete_rows
,,,,,,,<na>,,12.9,5.06,2.78,,,1109,financial data present but missing supporting fields,remove_incomplete_rows
,,,,,,,<na>,,52.0,28.6,8.18,,,1114,financial data present but missing supporting fields,remove_incomplete_rows
,,,,,,,<na>,,374.75,159.86,65.29,,,1122,financial data present but missing supporting fields,remove_incomplete_rows
,,,,,,,<na>,,21.25,4.05,1.02,,,1126,financial data present but missing supporting fields,remove_incomplete_rows
,,,,,,,<na>,,117.25,97.66,19.59,,,1130,financial data present but missing supporting fields,remove_incomplete_rows
,,,,,,,<na>,,99.6,11.31,9.12,,,1134,financial data present but missing supporting fields,remove_incomplete_rows
,,,,,,,<na>,,10.0,3.3,6.7,,,1138,financial data present but missing supporting fields,remove_incomplete_rows
,,,,,,,<na>,,180.44,157.34,-9.73,,,1145,financial data present but missing supporting fields,remove_incomplete_rows
,,,,,,,<na>,,112.5,17.34,66.82,,,1151,financial data present but missing supporting fields,remove_incomplete_rows
,,,,,,,<na>,,17.0,4.05,0.82,,,1155,financial data present but missing supporting fields,remove_incomplete_rows
,,,,,,,<na>,,22.5,19.29,3.21,,,1159,financial data present but missing supporting fields,remove_incomplete_rows
,,,,,,,<na>,,104.0,81.25,22.75,,,1163,financial data present but missing supporting fields,remove_incomplete_rows
,,,,,,,<na>,,46.5,0.0,46.5,,,1167,financial data present but missing supporting fields,remove_incomplete_rows
,,,,,,,<na>,,24.15,21.95,2.2,,,1171,financial data present but missing supporting fields,remove_incomplete_rows
,,,,,,,<na>,,36.0,16.02,3.96,,,1175,financial data present but missing supporting fields,remove_incomplete_rows
,,,,,,,<na>,,64.0,24.37,15.26,,,1179,financial data present but missing supporting fields,remove_incomplete_rows
,,,,,,,<na>,,27.0,7.61,4.17,,,1183,financial data present but missing supporting fields,remove_incomplete_rows
,,,,,,,<na>,,123.0,150.0,-27.0,,,1188,financial data present but missing supporting fields,remove_incomplete_rows
,,,,,,,<na>,,632.16,41.07,139.32,,,1192,financial data present but missing supporting fields,remove_incomplete_rows
,,,,,,,<na>,,975.5,423.08,306.87,,,1200,financial data present but missing supporting fields,remove_incomplete_rows
,,,,,,,<na>,,110.0,16.05,21.95,,,1205,financial data present but missing supporting fields,remove_incomplete_rows
,,,,,,,<na>,,31.25,18.22,13.03,,,1210,financial data present but missing supporting fields,remove_incomplete_rows
,,,,,,,<na>,,55.0,45.53,9.47,,,1214,financial data present but missing supporting fields,remove_incomplete_rows
,,,,,,,<na>,,42.5,4.05,2.04,,,1218,financial data present but missing supporting fields,remove_incomplete_rows
,,,,,,,<na>,,27.0,6.6,7.2,,,1222,financial data present but missing supporting fields,remove_incomplete_rows
,,,,,,,<na>,,840.0,10.69,241.36,,,1226,financial data present but missing supporting fields,remove_incomplete_rows
,,,,,,,<na>,,343.75,275.0,68.75,,,1230,financial data present but missing supporting fields,remove_incomplete_rows
,,,,,,,<na>,,137.0,112.36,24.64,,,1234,financial data present but missing supporting fields,remove_incomplete_rows
,,,,,,,<na>,,612.0,442.85,101.15,,,1239,financial data present but missing supporting fields,remove_incomplete_rows
,,,,,,,<na>,,18.5,15.16,3.34,,,1243,financial data present but missing supporting fields,remove_incomplete_rows
,,,,,,,<na>,,67.0,23.35,17.25,,,1248,financial data present but missing supporting fields,remove_incomplete_rows
,,,,,,,<na>,,241.0,193.64,47.36,,,1252,financial data present but missing supporting fields,remove_incomplete_rows
,,,,,,,<na>,,18.0,15.21,2.79,,,1256,financial data present but missing supporting fields,remove_incomplete_rows
,,,,,,,<na>,,863.0,438.22,111.36,,,1262,financial data present but missing supporting fields,remove_incomplete_rows
,,,,,,,<na>,,1133.0,744.46,194.9,,,1269,financial data present but missing supporting fields,remove_incomplete_rows
,,,,,,,<na>,,15.0,0.4,13.0,,,1273,financial data present but missing supporting fields,remove_incomplete_rows
,,,,,,,<na>,,30.0,0.4,26.0,,,1277,financial data present but missing supporting fields,remove_incomplete_rows
,,,,,,,<na>,,18.0,15.21,2.79,,,1281,financial data present but missing supporting fields,remove_incomplete_rows
,,,,,,,<na>,,37.31,33.92,3.39,,,1285,financial data present but missing supporting fields,remove_incomplete_rows
,,,,,,,<na>,,155.2,15.44,0.8,,,1291,financial data present but missing supporting fields,remove_incomplete_rows
,,,,,,,<na>,,480.0,12.27,111.9,,,1295,financial data present but missing supporting fields,remove_incomplete_rows
,,,,,,,<na>,,81.0,22.62,9.36,,,1300,financial data present but missing supporting fields,remove_incomplete_rows
,,,,,,,<na>,,64.25,53.86,10.39,,,1304,financial data present but missing supporting fields,remove_incomplete_rows
,,,,,,,<na>,,19.5,16.18,3.32,,,1308,financial data present but missing supporting fields,remove_incomplete_rows
,,,,,,,<na>,,190.72,9.53,110.06,,,1314,financial data present but missing supporting fields,remove_incomplete_rows
,,,,,,,<na>,,20.0,0.0,20.0,,,1318,financial data present but missing supporting fields,remove_incomplete_rows
,,,,,,,<na>,,99.6,16.02,19.5,,,1323,financial data present but missing supporting fields,remove_incomplete_rows
,,,,,,,<na>,,683.0,364.8,78.2,,,1328,financial data present but missing supporting fields,remove_incomplete_rows
,,,,,,,<na>,,1196.5,394.48,276.06,,,1333,financial data present but missing supporting fields,remove_incomplete_rows
,,,,,,,<na>,,341.0,115.96,90.04,,,1339,financial data present but missing supporting fields,remove_incomplete_rows
,,,,,,,<na>,,72.75,0.0,72.75,,,1343,financial data present but missing supporting fields,remove_incomplete_rows
,,,,,,,<na>,,1518.35,123.55,134.8,,,1348,financial data present but missing supporting fields,remove_incomplete_rows
,,,,,,,<na>,,64.0,34.87,22.46,,,1353,financial data present but missing supporting fields,remove_incomplete_rows
,,,,,,,<na>,,90.0,23.33,20.01,,,1357,financial data present but missing supporting fields,remove_incomplete_rows
,,,,,,,<na>,,346.0,87.17,37.32,,,1362,financial data present but missing supporting fields,remove_incomplete_rows
,,,,,,,<na>,,91.25,15.16,76.09,,,1367,financial data present but missing supporting fields,remove_incomplete_rows
,,,,,,,<na>,,137.15,122.61,14.54,,,1372,financial data present but missing supporting fields,remove_incomplete_rows
,,,,,,,<na>,,135.0,14.24,40.6,,,1378,financial data present but missing supporting fields,remove_incomplete_rows
,,,,,,,<na>,,26.0,21.26,4.74,,,1382,financial data present but missing supporting fields,remove_incomplete_rows
,,,,,,,<na>,,42.5,4.05,2.04,,,1386,financial data present but missing supporting fields,remove_incomplete_rows
,,,,,,,<na>,,43.75,37.86,5.89,,,1390,financial data present but missing supporting fields,remove_incomplete_rows
,,,,,,,<na>,,11.0,1.85,7.3,,,1394,financial data present but missing supporting fields,remove_incomplete_rows
,,,,,,,<na>,,964.0,40.0,684.0,,,1399,financial data present but missing supporting fields,remove_incomplete_rows
,,,,,,,<na>,,1729.25,553.25,270.28,,,1405,financial data present but missing supporting fields,remove_incomplete_rows
,,,,,,,<na>,,402.5,67.42,65.4,,,1410,financial data present but missing supporting fields,remove_incomplete_rows
,,,,,,,<na>,,30.0,22.56,7.44,,,1415,financial data present but missing supporting fields,remove_incomplete_rows
,,,,,,,<na>,,27.0,24.15,2.85,,,1419,financial data present but missing supporting fields,remove_incomplete_rows
,,,,,,,<na>,,35.25,29.36,5.89,,,1423,financial data present but missing supporting fields,remove_incomplete_rows
,,,,,,,<na>,,622.5,217.85,84.27,,,1429,financial data present but missing supporting fields,remove_incomplete_rows
,,,,,,,<na>,,30.0,12.98,4.04,,,1433,financial data present but missing supporting fields,remove_incomplete_rows
,,,,,,,<na>,,230.0,201.6,28.4,,,1437,financial data present but missing supporting fields,remove_incomplete_rows
,,,,,,,<na>,,257.0,202.17,54.83,,,1441,financial data present but missing supporting fields,remove_incomplete_rows
,,,,,,,<na>,,954.0,19.74,665.46,,,1447,financial data present but missing supporting fields,remove_incomplete_rows
,,,,,,,<na>,,45.5,15.16,15.18,,,1452,financial data present but missing supporting fields,remove_incomplete_rows
,,,,,,,<na>,,443.0,182.18,41.46,,,1459,financial data present but missing supporting fields,remove_incomplete_rows
,,,,,,,<na>,,1105.82,66.55,-129.69,,,1465,financial data present but missing supporting fields,remove_incomplete_rows
,,,,,,,<na>,,265.75,46.0,21.75,,,1470,financial data present but missing supporting fields,remove_incomplete_rows
,,,,,,,<na>,,15.0,0.4,13.0,,,1474,financial data present but missing supporting fields,remove_incomplete_rows
,,,,,,,<na>,,336.0,21.64,33.04,,,1478,financial data present but missing supporting fields,remove_incomplete_rows
,,,,,,,<na>,,83.37,40.9,15.03,,,1484,financial data present but missing supporting fields,remove_incomplete_rows
,,,,,,,<na>,,275.0,82.14,192.86,,,1488,financial data present but missing supporting fields,remove_incomplete_rows
,,,,,,,<na>,,18.5,15.16,3.34,,,1492,financial data present but missing supporting fields,remove_incomplete_rows
,,,,,,,<na>,,251.5,79.35,111.95,,,1499,financial data present but missing supporting fields,remove_incomplete_rows
,,,,,,,<na>,,141.25,115.83,25.42,,,1505,financial data present but missing supporting fields,remove_incomplete_rows
,,,,,,,<na>,,64.0,58.11,5.89,,,1509,financial data present but missing supporting fields,remove_incomplete_rows
,,,,,,,<na>,,112.0,47.55,16.9,,,1513,financial data present but missing supporting fields,remove_incomplete_rows
,,,,,,,<na>,,30.0,0.4,26.0,,,1517,financial data present but missing supporting fields,remove_incomplete_rows
,,,,,,,<na>,,175.25,61.69,45.69,,,1523,financial data present but missing supporting fields,remove_incomplete_rows
,,,,,,,<na>,,37.75,20.21,15.53,,,1528,financial data present but missing supporting fields,remove_incomplete_rows
,,,,,,,<na>,,184.0,40.0,24.0,,,1532,financial data present but missing supporting fields,remove_incomplete_rows
,,,,,,,<na>,,36.0,9.11,8.67,,,1536,financial data present but missing supporting fields,remove_incomplete_rows
,,,,,,,<na>,,15.0,9.2,5.8,,,1540,financial data present but missing supporting fields,remove_incomplete_rows
,,,,,,,<na>,,63.85,8.45,21.6,,,1545,financial data present but missing supporting fields,remove_incomplete_rows
,,,,,,,<na>,,22.0,18.63,3.37,,,1549,financial data present but missing supporting fields,remove_incomplete_rows
,,,,,,,<na>,,21.0,0.0,21.0,,,1553,financial data present but missing supporting fields,remove_incomplete_rows
,,,,,,,<na>,,25.5,7.84,1.98,,,1557,financial data present but missing supporting fields,remove_incomplete_rows
,,,,,,,<na>,,30.0,23.33,6.67,,,1561,financial data present but missing supporting fields,remove_incomplete_rows
,,,,,,,<na>,,1760.0,400.0,160.0,,,1565,financial data present but missing supporting fields,remove_incomplete_rows
,,,,,,,<na>,,72.0,9.11,17.34,,,1569,financial data present but missing supporting fields,remove_incomplete_rows
,,,,,,,<na>,,20.0,12.4,7.6,,,1573,financial data present but missing supporting fields,remove_incomplete_rows
,,,,,,,<na>,,17.5,7.15,3.2,,,1577,financial data present but missing supporting fields,remove_incomplete_rows
,,,,,,,<na>,,30.0,23.33,6.67,,,1581,financial data present but missing supporting fields,remove_incomplete_rows
,,,,,,,<na>,,18.0,15.21,2.79,,,1585,financial data present but missing supporting fields,remove_incomplete_rows
,,,,,,,<na>,,116.0,26.42,21.42,,,1590,financial data present but missing supporting fields,remove_incomplete_rows
,,,,,,,<na>,,38.0,20.48,12.25,,,1595,financial data present but missing supporting fields,remove_incomplete_rows
,,,,,,,<na>,,65.0,53.81,11.19,,,1599,financial data present but missing supporting fields,remove_incomplete_rows
,,,,,,,<na>,,567.5,515.9,51.6,,,1603,financial data present but missing supporting fields,remove_incomplete_rows
,,,,,,,<na>,,370.0,27.0,100.0,,,1607,financial data present but missing supporting fields,remove_incomplete_rows
,,,,,,,<na>,,76.0,61.28,14.72,,,1611,financial data present but missing supporting fields,remove_incomplete_rows
,,,,,,,<na>,,59.75,54.84,4.91,,,1615,financial data present but missing supporting fields,remove_incomplete_rows
,,,,,,,<na>,,185.0,80.0,25.0,,,1619,financial data present but missing supporting fields,remove_incomplete_rows
,,,,,,,<na>,,15.0,9.2,5.8,,,1623,financial data present but missing supporting fields,remove_incomplete_rows
,,,,,,,<na>,,105.0,38.3,66.7,,,1628,financial data present but missing supporting fields,remove_incomplete_rows
,,,,,,,<na>,,18.0,15.21,2.79,,,1632,financial data present but missing supporting fields,remove_incomplete_rows
,,,,,,,<na>,,240.0,0.89,231.1,,,1637,financial data present but missing supporting fields,remove_incomplete_rows
,,,,,,,<na>,,1145.12,72.56,649.94,,,1645,financial data present but missing supporting fields,remove_incomplete_rows
,,,,,,,<na>,,604.5,348.99,255.51,,,1651,financial data present but missing supporting fields,remove_incomplete_rows
,,,,,,,<na>,,712.5,294.71,142.79,,,1656,financial data present but missing supporting fields,remove_incomplete_rows
,,,,,,,<na>,,773.75,545.97,124.86,,,1665,financial data present but missing supporting fields,remove_incomplete_rows
,,,,,,,<na>,,10.0,9.0,1.0,,,1669,financial data present but missing supporting fields,remove_incomplete_rows
,,,,,,,<na>,,1087.0,832.63,180.95,,,1675,financial data present but missing supporting fields,remove_incomplete_rows
,,,,,,,<na>,,1913.05,48.22,487.91,,,1688,financial data present but missing supporting fields,remove_incomplete_rows
,,,,,,,<na>,,1067.25,25.44,67.41,,,1693,financial data present but missing supporting fields,remove_incomplete_rows
,,,,,,,<na>,,70.55,58.45,12.1,,,1698,financial data present but missing supporting fields,remove_incomplete_rows
,,,,,,,<na>,,72.75,0.0,72.75,,,1702,financial data present but missing supporting fields,remove_incomplete_rows
,,,,,,,<na>,,29.5,26.75,2.75,,,1706,financial data present but missing supporting fields,remove_incomplete_rows
,,,,,,,<na>,,18.0,15.21,2.79,,,1717,financial data present but missing supporting fields,remove_incomplete_rows
,,,,,,,<na>,,41.75,37.86,3.89,,,1721,financial data present but missing supporting fields,remove_incomplete_rows
,,,,,,,<na>,,1604.85,39.26,358.91,,,1731,financial data present but missing supporting fields,remove_incomplete_rows
,,,,,,,<na>,,308.2,8.96,129.0,,,1737,financial data present but missing supporting fields,remove_incomplete_rows
,,,,,,,<na>,,1468.0,417.14,393.71,,,1742,financial data present but missing supporting fields,remove_incomplete_rows
,,,,,,,<na>,,93.0,35.63,20.93,,,1747,financial data present but missing supporting fields,remove_incomplete_rows
,,,,,,,<na>,,128.0,22.23,39.08,,,1751,financial data present but missing supporting fields,remove_incomplete_rows
,,,,,,,<na>,,17.0,5.8,11.2,,,1756,financial data present but missing supporting fields,remove_incomplete_rows
,,,,,,,<na>,,7.0,2.5,4.5,,,1760,financial data present but missing supporting fields,remove_incomplete_rows
,,,,,,,<na>,,1468.0,84.71,535.72,,,1766,financial data present but missing supporting fields,remove_incomplete_rows
,,,,,,,<na>,,22.0,3.72,7.12,,,1770,financial data present but missing supporting fields,remove_incomplete_rows
,,,,,,,<na>,,11.0,3.72,3.56,,,1774,financial data present but missing supporting fields,remove_incomplete_rows
,,,,,,,<na>,,30.0,0.4,26.0,,,1778,financial data present but missing supporting fields,remove_incomplete_rows
,,,,,,,<na>,,49.5,7.29,5.76,,,1786,financial data present but missing supporting fields,remove_incomplete_rows
,,,,,,,<na>,,255.0,11.89,17.28,,,1791,financial data present but missing supporting fields,remove_incomplete_rows
,,,,,,,<na>,,162.96,1.15,130.76,,,1795,financial data present but missing supporting fields,remove_incomplete_rows
,,,,,,,<na>,,12.0,9.22,2.78,,,1799,financial data present but missing supporting fields,remove_incomplete_rows
,,,,,,,<na>,,297.5,178.58,31.09,,,1804,financial data present but missing supporting fields,remove_incomplete_rows
,,,,,,,<na>,,316.0,29.42,21.8,,,1809,financial data present but missing supporting fields,remove_incomplete_rows
,,,,,,,<na>,,683.0,364.8,78.2,,,1814,financial data present but missing supporting fields,remove_incomplete_rows
,,,,,,,<na>,,2397.0,101.59,396.24,,,1820,financial data present but missing supporting fields,remove_incomplete_rows
,,,,,,,<na>,,124.5,53.76,16.98,,,1825,financial data present but missing supporting fields,remove_incomplete_rows
,,,,,,,<na>,,153.8,54.0,72.63,,,1831,financial data present but missing supporting fields,remove_incomplete_rows
,,,,,,,<na>,,102.0,33.05,12.22,,,1836,financial data present but missing supporting fields,remove_incomplete_rows
,,,,,,,<na>,,101.83,22.38,52.46,,,1842,financial data present but missing supporting fields,remove_incomplete_rows
,,,,,,,<na>,,34.5,30.5,4.0,,,1846,financial data present but missing supporting fields,remove_incomplete_rows
,,,,,,,<na>,,16.0,5.55,4.9,,,1850,financial data present but missing supporting fields,remove_incomplete_rows
,,,,,,,<na>,,294.0,37.72,167.19,,,1857,financial data present but missing supporting fields,remove_incomplete_rows
,,,,,,,<na>,,30.0,12.98,4.04,,,1861,financial data present but missing supporting fields,remove_incomplete_rows
,,,,,,,<na>,,970.42,291.36,96.34,,,1866,financial data present but missing supporting fields,remove_incomplete_rows
,,,,,,,<na>,,75.0,20.87,12.39,,,1870,financial data present but missing supporting fields,remove_incomplete_rows
,,,,,,,<na>,,27.25,19.64,7.61,,,1874,financial data present but missing supporting fields,remove_incomplete_rows
,,,,,,,<na>,,12.0,9.22,2.78,,,1878,financial data present but missing supporting fields,remove_incomplete_rows
,,,,,,,<na>,,111.0,52.15,39.95,,,1884,financial data present but missing supporting fields,remove_incomplete_rows
,,,,,,,<na>,,54.75,44.63,10.12,,,1888,financial data present but missing supporting fields,remove_incomplete_rows
,,,,,,,<na>,,130.5,117.49,13.01,,,1892,financial data present but missing supporting fields,remove_incomplete_rows
,,,,,,,<na>,,142.0,11.37,28.25,,,1897,financial data present but missing supporting fields,remove_incomplete_rows
,,,,,,,<na>,,199.0,167.29,31.71,,,1901,financial data present but missing supporting fields,remove_incomplete_rows
,,,,,,,<na>,,1967.18,555.86,673.59,,,1916,financial data present but missing supporting fields,remove_incomplete_rows
,,,,,,,<na>,,10.0,8.05,1.95,,,1920,financial data present but missing supporting fields,remove_incomplete_rows
,,,,,,,<na>,,105.0,29.17,17.49,,,1924,financial data present but missing supporting fields,remove_incomplete_rows
,,,,,,,<na>,,152.68,53.57,86.61,,,1929,financial data present but missing supporting fields,remove_incomplete_rows
,,,,,,,<na>,,92.5,6.5,60.0,,,1933,financial data present but missing supporting fields,remove_incomplete_rows
,,,,,,,<na>,,109.0,86.72,22.28,,,1938,financial data present but missing supporting fields,remove_incomplete_rows
,,,,,,,<na>,,173.75,25.73,45.1,,,1942,financial data present but missing supporting fields,remove_incomplete_rows
,,,,,,,<na>,,109.5,29.02,22.44,,,1946,financial data present but missing supporting fields,remove_incomplete_rows
,,,,,,,<na>,,35.0,27.76,7.24,,,1951,financial data present but missing supporting fields,remove_incomplete_rows
,,,,,,,<na>,,66.0,1.91,51.5,,,1956,financial data present but missing supporting fields,remove_incomplete_rows
,,,,,,,<na>,,110.0,0.0,110.0,,,1960,financial data present but missing supporting fields,remove_incomplete_rows
,,,,,,,<na>,,230.0,40.0,30.0,,,1964,financial data present but missing supporting fields,remove_incomplete_rows
,,,,,,,<na>,,25.0,0.85,16.5,,,1968,financial data present but missing supporting fields,remove_incomplete_rows
,,,,,,,<na>,,36.8,1.88,18.03,,,1973,financial data present but missing supporting fields,remove_incomplete_rows
,,,,,,,<na>,,217.0,69.44,20.01,,,1978,financial data present but missing supporting fields,remove_incomplete_rows
,,,,,,,<na>,,30.0,0.4,26.0,,,1982,financial data present but missing supporting fields,remove_incomplete_rows
,,,,,,,<na>,,15.0,9.2,5.8,,,1986,financial data present but missing supporting fields,remove_incomplete_rows
,,,,,,,<na>,,377.5,30.45,73.0,,,1991,financial data present but missing supporting fields,remove_incomplete_rows
,,,,,,,<na>,,185.0,80.0,25.0,,,1995,financial data present but missing supporting fields,remove_incomplete_rows
,,,,,,,<na>,,152.0,115.79,36.21,,,1999,financial data present but missing supporting fields,remove_incomplete_rows
,,,,,,,<na>,,15.0,9.2,5.8,,,2003,financial data present but missing supporting fields,remove_incomplete_rows
,,,,,,,<na>,,47.5,35.18,12.32,,,2008,financial data present but missing supporting fields,remove_incomplete_rows
,,,,,,,<na>,,74.0,15.85,10.6,,,2012,financial data present but missing supporting fields,remove_incomplete_rows
,,,,,,,<na>,,190.25,161.66,28.59,,,2018,financial data present but missing supporting fields,remove_incomplete_rows
,,,,,2023-01-01,,<na>,,37.0,16.75,20.25,,,2023,financial data present but missing supporting fields,remove_incomplete_rows
,,,,,2027-01-01,,<na>,,15.0,0.0,15.0,,,2027,financial data present but missing supporting fields,remove_incomplete_rows
,,,,,2032-01-01,,<na>,,83.5,42.1,14.46,,,2032,financial data present but missing supporting fields,remove_incomplete_rows
,,,,,2036-01-01,,<na>,,41.25,9.6,12.45,,,2036,financial data present but missing supporting fields,remove_incomplete_rows
,,,,,2040-01-01,,<na>,,32.5,14.61,3.28,,,2040,financial data present but missing supporting fields,remove_incomplete_rows
,,,,,2044-01-01,,<na>,,56.0,47.55,8.45,,,2044,financial data present but missing supporting fields,remove_incomplete_rows
,,,,,,,<na>,,445.8,58.52,25.27,,,2051,financial data present but missing supporting fields,remove_incomplete_rows
,,,,,,,<na>,,1249.8,82.73,372.94,,,2059,financial data present but missing supporting fields,remove_incomplete_rows
,,,,,,,<na>,,56.5,40.29,16.21,,,2064,financial data present but missing supporting fields,remove_incomplete_rows
,,,,,,,<na>,,802.0,433.02,128.98,,,2069,financial data present but missing supporting fields,remove_incomplete_rows
,,,,,,,<na>,,120.0,90.25,29.75,,,2073,financial data present but missing supporting fields,remove_incomplete_rows
,,,,,,,<na>,,228.75,41.69,20.3,,,2077,financial data present but missing supporting fields,remove_incomplete_rows
,,,,,,,<na>,,60.0,22.0,16.0,,,2081,financial data present but missing supporting fields,remove_incomplete_rows
,,,,,,,<na>,,156.0,46.54,17.88,,,2086,financial data present but missing supporting fields,remove_incomplete_rows
,,,,,,,<na>,,99.0,27.22,21.8,,,2091,financial data present but missing supporting fields,remove_incomplete_rows
,,,,,,,<na>,,75.0,50.8,18.93,,,2096,financial data present but missing supporting fields,remove_incomplete_rows
,,,,,,,<na>,,141.5,86.04,29.19,,,2103,financial data present but missing supporting fields,remove_incomplete_rows
,,,,,,,<na>,,476.0,74.71,-46.97,,,2107,financial data present but missing supporting fields,remove_incomplete_rows
,,,,,,,<na>,,78.5,73.35,5.15,,,2111,financial data present but missing supporting fields,remove_incomplete_rows
,,,,,,,<na>,,517.25,51.5,233.5,,,2116,financial data present but missing supporting fields,remove_incomplete_rows
,,,,,,,<na>,,1155.0,500.3,303.7,,,2122,financial data present but missing supporting fields,remove_incomplete_rows
,,,,,,,<na>,,92.5,80.0,12.5,,,2126,financial data present but missing supporting fields,remove_incomplete_rows
,,,,,,,<na>,,12.0,6.67,5.33,,,2130,financial data present but missing supporting fields,remove_incomplete_rows
,,,,,,,<na>,,18.0,15.21,2.79,,,2134,financial data present but missing supporting fields,remove_incomplete_rows
,,,,,,,<na>,,39.5,18.06,6.23,,,2139,financial data present but missing supporting fields,remove_incomplete_rows
,,,,,,,<na>,,988.0,605.57,142.43,,,2144,financial data present but missing supporting fields,remove_incomplete_rows
,,,,,,,<na>,,28.0,21.36,6.64,,,2148,financial data present but missing supporting fields,remove_incomplete_rows
,,,,,,,<na>,,194.0,14.4,136.4,,,2152,financial data present but missing supporting fields,remove_incomplete_rows
,,,,,,,<na>,,54.5,44.23,10.27,,,2157,financial data present but missing supporting fields,remove_incomplete_rows
,,,,,,,<na>,,20.0,12.4,7.6,,,2161,financial data present but missing supporting fields,remove_incomplete_rows
,,,,,,,<na>,,36.5,30.37,6.13,,,2166,financial data present but missing supporting fields,remove_incomplete_rows
,,,,,,,<na>,,80.68,53.0,15.75,,,2171,financial data present but missing supporting fields,remove_incomplete_rows
,,,,,,,<na>,,123.5,65.92,16.84,,,2177,financial data present but missing supporting fields,remove_incomplete_rows
,,,,,,,<na>,,193.5,162.96,30.54,,,2182,financial data present but missing supporting fields,remove_incomplete_rows
,,,,,,,<na>,,18.0,15.21,2.79,,,2186,financial data present but missing supporting fields,remove_incomplete_rows
,,,,,,,<na>,,281.4,41.94,-5.46,,,2191,financial data present but missing supporting fields,remove_incomplete_rows
,,,,,,,<na>,,1058.0,528.52,142.2,,,2196,financial data present but missing supporting fields,remove_incomplete_rows
,,,,,,,<na>,,17.0,6.8,3.4,,,2200,financial data present but missing supporting fields,remove_incomplete_rows
,,,,,,,<na>,,921.5,96.73,147.16,,,2206,financial data present but missing supporting fields,remove_incomplete_rows
,,,,,,,<na>,,96.0,83.8,12.2,,,2210,financial data present but missing supporting fields,remove_incomplete_rows
,,,,,,,<na>,,70.0,24.58,20.84,,,2215,financial data present but missing supporting fields,remove_incomplete_rows
,,,,,,,<na>,,1490.5,348.42,720.24,,,2221,financial data present but missing supporting fields,remove_incomplete_rows
,,,,,,,<na>,,59.75,54.84,4.91,,,2225,financial data present but missing supporting fields,remove_incomplete_rows
,,,,,,,<na>,,31.0,25.18,5.82,,,2229,financial data present but missing supporting fields,remove_incomplete_rows
,,,,,,,<na>,,136.5,63.0,73.5,,,2233,financial data present but missing supporting fields,remove_incomplete_rows
,,,,,,,<na>,,55.0,45.7,9.3,,,2237,financial data present but missing supporting fields,remove_incomplete_rows
,,,,,,,<na>,,10.0,5.27,4.73,,,2241,financial data present but missing supporting fields,remove_incomplete_rows
,,,,,,,<na>,,43.75,36.07,7.68,,,2245,financial data present but missing supporting fields,remove_incomplete_rows
,,,,,,,<na>,,92.5,80.0,12.5,,,2249,financial data present but missing supporting fields,remove_incomplete_rows
,,,,,,,<na>,,372.0,292.61,79.39,,,2253,financial data present but missing supporting fields,remove_incomplete_rows
,,,,,,,<na>,,8.5,4.05,0.41,,,2257,financial data present but missing supporting fields,remove_incomplete_rows
,,,,,,,<na>,,18.5,15.16,3.34,,,2261,financial data present but missing supporting fields,remove_incomplete_rows
,,,,,,,<na>,,20.0,0.85,11.5,,,2265,financial data present but missing supporting fields,remove_incomplete_rows
,,,,,,,<na>,,54.75,44.63,10.12,,,2269,financial data present but missing supporting fields,remove_incomplete_rows
,,,,,,,<na>,,18.0,15.21,2.79,,,2273,financial data present but missing supporting fields,remove_incomplete_rows
,,,,,,,<na>,,30.0,22.0,8.0,,,2277,financial data present but missing supporting fields,remove_incomplete_rows
,,,,,,,<na>,,25.0,17.81,7.19,,,2281,financial data present but missing supporting fields,remove_incomplete_rows
,,,,,,,<na>,,207.0,196.58,10.42,,,2285,financial data present but missing supporting fields,remove_incomplete_rows
,,,,,,,<na>,,22.5,19.29,3.21,,,2289,financial data present but missing supporting fields,remove_incomplete_rows
,,,,,,,<na>,,2820.5,12.27,2452.4,,,2296,financial data present but missing supporting fields,remove_incomplete_rows
,,,,,,,<na>,,2874.24,56.35,1632.74,,,2306,financial data present but missing supporting fields,remove_incomplete_rows
,,,,,,,<na>,,116.0,109.33,6.67,,,2310,financial data present but missing supporting fields,remove_incomplete_rows
,,,,,,,<na>,,24.0,0.4,20.0,,,2314,financial data present but missing supporting fields,remove_incomplete_rows
,,,,,,,<na>,,130.5,117.49,13.01,,,2318,financial data present but missing supporting fields,remove_incomplete_rows
,,,,,,,<na>,,67.5,18.43,12.21,,,2322,financial data present but missing supporting fields,remove_incomplete_rows
,,,,,,,<na>,,32.75,29.34,3.41,,,2326,financial data present but missing supporting fields,remove_incomplete_rows
,,,,,,,<na>,,378.0,301.81,76.19,,,2331,financial data present but missing supporting fields,remove_incomplete_rows
,,,,,,,<na>,,12.0,6.67,5.33,,,2335,financial data present but missing supporting fields,remove_incomplete_rows
,,,,,,,<na>,,49.5,43.03,6.47,,,2340,financial data present but missing supporting fields,remove_incomplete_rows
,,,,,,,<na>,,25.5,0.0,25.5,,,2344,financial data present but missing supporting fields,remove_incomplete_rows
,,,,,,,<na>,,1100.0,590.95,393.58,,,2350,financial data present but missing supporting fields,remove_incomplete_rows
,,,,,,,<na>,,25.0,20.99,4.01,,,2354,financial data present but missing supporting fields,remove_incomplete_rows
,,,,,,,<na>,,12.0,7.35,4.65,,,2358,financial data present but missing supporting fields,remove_incomplete_rows
,,,,,,,<na>,,150.0,0.85,99.0,,,2362,financial data present but missing supporting fields,remove_incomplete_rows
,,,,,,,<na>,,38.0,27.96,10.04,,,2367,financial data present but missing supporting fields,remove_incomplete_rows
,,,,,,,<na>,,90.0,7.61,13.9,,,2371,financial data present but missing supporting fields,remove_incomplete_rows
,,,,,,,<na>,,38.62,27.44,11.18,,,2375,financial data present but missing supporting fields,remove_incomplete_rows
,,,,,,,<na>,,50.5,21.63,7.23,,,2379,financial data present but missing supporting fields,remove_incomplete_rows
,,,,,,,<na>,,38.0,1.25,25.5,,,2383,financial data present but missing supporting fields,remove_incomplete_rows
,,,,,,,<na>,,145.0,118.16,26.84,,,2387,financial data present but missing supporting fields,remove_incomplete_rows
,,,,,,,<na>,,268.0,177.88,90.12,,,2393,financial data present but missing supporting fields,remove_incomplete_rows
,,,,,,,<na>,,43.0,33.0,10.0,,,2397,financial data present but missing supporting fields,remove_incomplete_rows
,,,,,,,<na>,,395.5,18.59,257.78,,,2402,financial data present but missing supporting fields,remove_incomplete_rows
,,,,,,,<na>,,56.0,47.55,8.45,,,2406,financial data present but missing supporting fields,remove_incomplete_rows
,,,,,,,<na>,,41.25,9.6,12.45,,,2410,financial data present but missing supporting fields,remove_incomplete_rows
,,,,,,,<na>,,64.0,24.37,15.26,,,2414,financial data present but missing supporting fields,remove_incomplete_rows
,,,,,,,<na>,,465.0,255.68,45.03,,,2419,financial data present but missing supporting fields,remove_incomplete_rows
,,,,,,,<na>,,38.0,27.96,10.04,,,2424,financial data present but missing supporting fields,remove_incomplete_rows
,,,,,,,<na>,,60.0,13.22,7.12,,,2428,financial data present but missing supporting fields,remove_incomplete_rows
,,,,,,,<na>,,60.0,12.98,8.08,,,2432,financial data present but missing supporting fields,remove_incomplete_rows
,,,,,,,<na>,,11.75,0.0,11.75,,,2436,financial data present but missing supporting fields,remove_incomplete_rows
,,,,,,,<na>,,50.0,5.27,23.65,,,2440,financial data present but missing supporting fields,remove_incomplete_rows
,,,,,,,<na>,,84.0,11.93,12.42,,,2444,financial data present but missing supporting fields,remove_incomplete_rows
,,,,,,,<na>,,422.0,338.74,83.26,,,2448,financial data present but missing supporting fields,remove_incomplete_rows
,,,,,,,<na>,,31.25,25.57,5.68,,,2452,financial data present but missing supporting fields,remove_incomplete_rows
,,,,,,,<na>,,30.0,0.4,26.0,,,2456,financial data present but missing supporting fields,remove_incomplete_rows
,,,,,,,<na>,,261.5,121.88,17.74,,,2460,financial data present but missing supporting fields,remove_incomplete_rows
,,,,,,,<na>,,198.0,157.63,40.37,,,2464,financial data present but missing supporting fields,remove_incomplete_rows
,,,,,,,<na>,,20.0,15.38,4.62,,,2468,financial data present but missing supporting fields,remove_incomplete_rows
,,,,,,,<na>,,30.0,22.0,8.0,,,2472,financial data present but missing supporting fields,remove_incomplete_rows
,,,,,,,<na>,,18.5,15.16,3.34,,,2476,financial data present but missing supporting fields,remove_incomplete_rows
,,,,,,,<na>,,36.0,15.21,5.58,,,2480,financial data present but missing supporting fields,remove_incomplete_rows
,,,,,,,<na>,,59.0,26.75,5.5,,,2484,financial data present but missing supporting fields,remove_incomplete_rows
,,,,,,,<na>,,37.0,0.0,37.0,,,2488,financial data present but missing supporting fields,remove_incomplete_rows
,,,,,,,<na>,,32.5,18.53,13.97,,,2493,financial data present but missing supporting fields,remove_incomplete_rows
,,,,,,,<na>,,289.5,192.71,41.95,,,2499,financial data present but missing supporting fields,remove_incomplete_rows
,,,,,,,<na>,,48.0,9.78,34.63,,,2504,financial data present but missing supporting fields,remove_incomplete_rows
,,,,,,,<na>,,490.0,18.35,9.5,,,2509,financial data present but missing supporting fields,remove_incomplete_rows
,,,,,,,<na>,,519.75,304.7,28.59,,,2514,financial data present but missing supporting fields,remove_incomplete_rows
,,,,,,,<na>,,133.0,117.15,15.85,,,2520,financial data present but missing supporting fields,remove_incomplete_rows
,,,,,,,<na>,,175.0,0.4,171.0,,,2525,financial data present but missing supporting fields,remove_incomplete_rows
,,,,,,,<na>,,26.0,11.19,3.63,,,2530,financial data present but missing supporting fields,remove_incomplete_rows
,,,,,,,<na>,,127.5,62.22,29.58,,,2535,financial data present but missing supporting fields,remove_incomplete_rows
,,,,,,,<na>,,343.75,275.0,68.75,,,2539,financial data present but missing supporting fields,remove_incomplete_rows
,,,,,,,<na>,,303.45,47.34,137.31,,,2546,financial data present but missing supporting fields,remove_incomplete_rows
,,,,,,,<na>,,187.08,111.33,73.67,,,2551,financial data present but missing supporting fields,remove_incomplete_rows
,,,,,,,<na>,,99.0,27.12,17.64,,,2555,financial data present but missing supporting fields,remove_incomplete_rows
,,,,,,,<na>,,218.5,169.31,49.19,,,2559,financial data present but missing supporting fields,remove_incomplete_rows
,,,,,,,<na>,,95.0,39.85,55.15,,,2564,financial data present but missing supporting fields,remove_incomplete_rows
,,,,,,,<na>,,13.75,9.6,4.15,,,2568,financial data present but missing supporting fields,remove_incomplete_rows
,,,,,,,<na>,,12.45,11.31,1.14,,,2572,financial data present but missing supporting fields,remove_incomplete_rows
,,,,,,,<na>,,668.75,533.1,135.65,,,2577,financial data present but missing supporting fields,remove_incomplete_rows
,,,,,,,<na>,,394.75,40.0,114.75,,,2582,financial data present but missing supporting fields,remove_incomplete_rows
,,,,,,,<na>,,12.0,4.0,8.0,,,2586,financial data present but missing supporting fields,remove_incomplete_rows
,,,,,,,<na>,,428.5,150.06,87.04,,,2591,financial data present but missing supporting fields,remove_incomplete_rows
,,,,,,,<na>,,298.5,61.95,178.95,,,2596,financial data present but missing supporting fields,remove_incomplete_rows
,,,,,,,<na>,,12.0,2.69,9.31,,,2600,financial data present but missing supporting fields,remove_incomplete_rows
,,,,,,,<na>,,586.0,83.09,336.73,,,2607,financial data present but missing supporting fields,remove_incomplete_rows
,,,,,,,<na>,,135.0,31.5,40.5,,,2611,financial data present but missing supporting fields,remove_incomplete_rows
,,,,,,,<na>,,221.0,170.61,50.39,,,2616,financial data present but missing supporting fields,remove_incomplete_rows
,,,,,,,<na>,,401.1,23.66,132.39,,,2622,financial data present but missing supporting fields,remove_incomplete_rows
,,,,,,,<na>,,911.5,131.49,256.89,,,2631,financial data present but missing supporting fields,remove_incomplete_rows
,,,,,,,<na>,,121.5,76.89,37.48,,,2636,financial data present but missing supporting fields,remove_incomplete_rows
,,,,,,,<na>,,118.9,75.67,35.73,,,2644,financial data present but missing supporting fields,remove_incomplete_rows
,,,,,,,<na>,,71.5,19.7,32.1,,,2648,financial data present but missing supporting fields,remove_incomplete_rows
,,,,,,,<na>,,706.0,245.33,350.1,,,2656,financial data present but missing supporting fields,remove_incomplete_rows
,,,,,,,<na>,,4841.0,482.47,1539.09,,,2666,financial data present but missing supporting fields,remove_incomplete_rows
,,,,,,,<na>,,361.0,324.8,36.2,,,2670,financial data present but missing supporting fields,remove_incomplete_rows
,,,,,,,<na>,,33.0,24.41,8.59,,,2675,financial data present but missing supporting fields,remove_incomplete_rows
,,,,,,,<na>,,697.5,16.99,187.91,,,2680,financial data present but missing supporting fields,remove_incomplete_rows
,,,,,,,<na>,,37.0,15.85,5.3,,,2684,financial data present but missing supporting fields,remove_incomplete_rows
,,,,,,,<na>,,104.25,90.72,13.53,,,2688,financial data present but missing supporting fields,remove_incomplete_rows
,,,,,,,<na>,,18.5,15.16,3.34,,,2692,financial data present but missing supporting fields,remove_incomplete_rows
,,,,,,,<na>,,12.0,4.55,7.45,,,2696,financial data present but missing supporting fields,remove_incomplete_rows
,,,,,,,<na>,,384.0,393.02,-9.02,,,2700,financial data present but missing supporting fields,remove_incomplete_rows
,,,,,,,<na>,,18.0,15.21,2.79,,,2704,financial data present but missing supporting fields,remove_incomplete_rows
,,,,,,,<na>,,111.2,30.05,-9.0,,,2708,financial data present but missing supporting fields,remove_incomplete_rows
,,,,,,,<na>,,763.35,40.19,160.5,,,2715,financial data present but missing supporting fields,remove_incomplete_rows
,,,,,,,<na>,,437.5,397.1,40.4,,,2722,financial data present but missing supporting fields,remove_incomplete_rows
,,,,,,,<na>,,200.36,33.25,4.06,,,2728,financial data present but missing supporting fields,remove_incomplete_rows
,,,,,,,<na>,,340.5,291.36,49.14,,,2732,financial data present but missing supporting fields,remove_incomplete_rows
,,,,,,,<na>,,92.5,80.0,12.5,,,2736,financial data present but missing supporting fields,remove_incomplete_rows
,,,,,,,<na>,,197.0,186.46,10.54,,,2740,financial data present but missing supporting fields,remove_incomplete_rows
,,,,,,,<na>,,472.05,11.31,370.26,,,2745,financial data present but missing supporting fields,remove_incomplete_rows
,,,,,,,<na>,,917.88,55.32,45.87,,,2752,financial data present but missing supporting fields,remove_incomplete_rows
,,,,,,,<na>,,168.0,3.6,128.0,,,2758,financial data present but missing supporting fields,remove_incomplete_rows
,,,,,,,<na>,,21.25,4.05,1.02,,,2762,financial data present but missing supporting fields,remove_incomplete_rows
,,,,,,,<na>,,11.75,6.6,5.15,,,2766,financial data present but missing supporting fields,remove_incomplete_rows
,,,,,,,<na>,,54.75,44.63,10.12,,,2770,financial data present but missing supporting fields,remove_incomplete_rows
,,,,,,,<na>,,146.25,21.62,36.14,,,2775,financial data present but missing supporting fields,remove_incomplete_rows
,,,,,,,<na>,,180.5,211.28,-30.78,,,2780,financial data present but missing supporting fields,remove_incomplete_rows
,,,,,,,<na>,,174.5,106.25,55.25,,,2785,financial data present but missing supporting fields,remove_incomplete_rows
,,,,,,,<na>,,55.0,3.72,17.8,,,2789,financial data present but missing supporting fields,remove_incomplete_rows
,,,,,,,<na>,,18.0,15.21,2.79,,,2793,financial data present but missing supporting fields,remove_incomplete_rows
,,,,,,,<na>,,10.0,6.0,4.0,,,2797,financial data present but missing supporting fields,remove_incomplete_rows
,,,,,,,<na>,,495.0,258.11,236.89,,,2801,financial data present but missing supporting fields,remove_incomplete_rows
,,,,,,,<na>,,72.5,59.15,13.35,,,2805,financial data present but missing supporting fields,remove_incomplete_rows
,,,,,,,<na>,,75.0,0.85,49.5,,,2809,financial data present but missing supporting fields,remove_incomplete_rows
,,,,,,,<na>,,720.8,37.41,-39.4,,,2814,financial data present but missing supporting fields,remove_incomplete_rows
,,,,,,,<na>,,15.0,9.2,5.8,,,2818,financial data present but missing supporting fields,remove_incomplete_rows
,,,,,,,<na>,,47.0,10.78,3.88,,,2822,financial data present but missing supporting fields,remove_incomplete_rows
,,,,,,,<na>,,1120.0,550.0,570.0,,,2826,financial data present but missing supporting fields,remove_incomplete_rows
,,,,,,,<na>,,80.0,33.12,13.77,,,2830,financial data present but missing supporting fields,remove_incomplete_rows
,,,,,,,<na>,,90.0,15.21,13.95,,,2834,financial data present but missing supporting fields,remove_incomplete_rows
,,,,,,,<na>,,54.0,15.21,8.37,,,2838,financial data present but missing supporting fields,remove_incomplete_rows
,,,,,,,<na>,,1072.75,208.48,-17.79,,,2849,financial data present but missing supporting fields,remove_incomplete_rows
,,,,,,,<na>,,161.0,50.1,110.9,,,2854,financial data present but missing supporting fields,remove_incomplete_rows
,,,,,,,<na>,,18.0,15.21,2.79,,,2858,financial data present but missing supporting fields,remove_incomplete_rows
,,,,,,,<na>,,455.0,10.95,328.58,,,2863,financial data present but missing supporting fields,remove_incomplete_rows
,,,,,,,<na>,,17.0,0.5,12.0,,,2867,financial data present but missing supporting fields,remove_incomplete_rows
,,,,,,,<na>,,18.0,15.21,2.79,,,2871,financial data present but missing supporting fields,remove_incomplete_rows
,,,,,,,<na>,,237.5,82.14,155.36,,,2875,financial data present but missing supporting fields,remove_incomplete_rows
,,,,,,,<na>,,96.25,5.36,37.29,,,2879,financial data present but missing supporting fields,remove_incomplete_rows
,,,,,,,<na>,,18.0,15.21,2.79,,,2883,financial data present but missing supporting fields,remove_incomplete_rows
,,,,,,,<na>,,18.5,15.16,3.34,,,2887,financial data present but missing supporting fields,remove_incomplete_rows
,,,,,,,<na>,,26.96,6.13,2.44,,,2891,financial data present but missing supporting fields,remove_incomplete_rows
,,,,,,,<na>,,54.0,35.12,18.88,,,2898,financial data present but missing supporting fields,remove_incomplete_rows
,,,,,,,<na>,,66.5,33.54,32.96,,,2904,financial data present but missing supporting fields,remove_incomplete_rows
,,,,,,,<na>,,278.0,25.73,20.7,,,2908,financial data present but missing supporting fields,remove_incomplete_rows
,,,,,,,<na>,,104.5,150.0,-45.5,,,2912,financial data present but missing supporting fields,remove_incomplete_rows
,,,,,,,<na>,,170.0,74.71,20.58,,,2916,financial data present but missing supporting fields,remove_incomplete_rows
,,,,,,,<na>,,170.0,74.71,20.58,,,2920,financial data present but missing supporting fields,remove_incomplete_rows
,,,,,,,<na>,,117.5,10.78,9.7,,,2924,financial data present but missing supporting fields,remove_incomplete_rows
,,,,,,,<na>,,29.5,26.75,2.75,,,2928,financial data present but missing supporting fields,remove_incomplete_rows
,,,,,,,<na>,,1866.0,1157.57,293.29,,,2937,financial data present but missing supporting fields,remove_incomplete_rows
,,,,,,,<na>,,15.0,9.2,5.8,,,2941,financial data present but missing supporting fields,remove_incomplete_rows
,,,,,,,<na>,,15.0,9.2,5.8,,,2945,financial data present but missing supporting fields,remove_incomplete_rows
,,,,,,,<na>,,132.0,154.35,-22.35,,,2949,financial data present but missing supporting fields,remove_incomplete_rows
,,,,,,,<na>,,155.0,7.53,79.75,,,2954,financial data present but missing supporting fields,remove_incomplete_rows
,,,,,,,<na>,,143.0,19.7,64.2,,,2958,financial data present but missing supporting fields,remove_incomplete_rows
,,,,,,,<na>,,15.0,12.98,2.02,,,2962,financial data present but missing supporting fields,remove_incomplete_rows
,,,,,,,<na>,,302.5,40.13,56.3,,,2968,financial data present but missing supporting fields,remove_incomplete_rows
,,,,,,,<na>,,30.0,0.4,26.0,,,2972,financial data present but missing supporting fields,remove_incomplete_rows
,,,,,,,<na>,,200.0,159.24,40.76,,,2987,financial data present but missing supporting fields,remove_incomplete_rows
,,,,,,,<na>,,642.0,190.63,124.7,,,2996,financial data present but missing supporting fields,remove_incomplete_rows
,,,,,,,<na>,,78.35,81.07,-2.72,,,3003,financial data present but missing supporting fields,remove_incomplete_rows
,,,,,,,<na>,,117.5,96.73,20.77,,,3007,financial data present but missing supporting fields,remove_incomplete_rows
,,,,,,,<na>,,28.5,19.36,9.14,,,3011,financial data present but missing supporting fields,remove_incomplete_rows
,,,,,,,<na>,,31.5,0.0,31.5,,,3016,financial data present but missing supporting fields,remove_incomplete_rows
,,,,,,,<na>,,49.0,29.34,19.66,,,3022,financial data present but missing supporting fields,remove_incomplete_rows
,,,,,,,<na>,,15.0,9.2,5.8,,,3026,financial data present but missing supporting fields,remove_incomplete_rows
,,,,,,,<na>,,412.0,113.42,58.58,,,3031,financial data present but missing supporting fields,remove_incomplete_rows
,,,,,,,<na>,,32.0,22.23,9.77,,,3035,financial data present but missing supporting fields,remove_incomplete_rows
,,,,,,,<na>,,29.5,26.75,2.75,,,3039,financial data present but missing supporting fields,remove_incomplete_rows
,,,,,,,<na>,,36.0,15.21,5.58,,,3043,financial data present but missing supporting fields,remove_incomplete_rows
,,,,,,,<na>,,56.0,46.65,9.35,,,3047,financial data present but missing supporting fields,remove_incomplete_rows
,,,,,,,<na>,,167.6,12.83,39.25,,,3052,financial data present but missing supporting fields,remove_incomplete_rows
,,,,,,,<na>,,1428.0,41.65,178.5,,,3057,financial data present but missing supporting fields,remove_incomplete_rows
,,,,,,,<na>,,275.5,55.8,148.9,,,3062,financial data present but missing supporting fields,remove_incomplete_rows
,,,,,,,<na>,,75.0,0.85,49.5,,,3066,financial data present but missing supporting fields,remove_incomplete_rows
,,,,,,,<na>,,494.56,26.7,59.65,,,3072,financial data present but missing supporting fields,remove_incomplete_rows
,,,,,,,<na>,,182.6,73.78,35.04,,,3076,financial data present but missing supporting fields,remove_incomplete_rows
,,,,,,,<na>,,139.5,123.22,16.28,,,3080,financial data present but missing supporting fields,remove_incomplete_rows
,,,,,,,<na>,,33.0,3.72,10.68,,,3084,financial data present but missing supporting fields,remove_incomplete_rows
,,,,,,,<na>,,802.25,693.26,108.99,,,3089,financial data present but missing supporting fields,remove_incomplete_rows
,,,,,,,<na>,,10.25,8.07,2.18,,,3093,financial data present but missing supporting fields,remove_incomplete_rows
,,,,,,,<na>,,437.0,387.33,49.67,,,3098,financial data present but missing supporting fields,remove_incomplete_rows
,,,,,,,<na>,,30.25,14.61,15.64,,,3103,financial data present but missing supporting fields,remove_incomplete_rows
,,,,,,,<na>,,225.0,55.08,59.76,,,3107,financial data present but missing supporting fields,remove_incomplete_rows
,,,,,,,<na>,,255.0,5.98,75.6,,,3111,financial data present but missing supporting fields,remove_incomplete_rows
,,,,,,,<na>,,1478.4,10.27,862.2,,,3116,financial data present but missing supporting fields,remove_incomplete_rows
,,,,,,,<na>,,25.5,7.67,2.49,,,3120,financial data present but missing supporting fields,remove_incomplete_rows
,,,,,,,<na>,,1800.75,68.38,245.79,,,3128,financial data present but missing supporting fields,remove_incomplete_rows
,,,,,,,<na>,,199.0,167.29,31.71,,,3132,financial data present but missing supporting fields,remove_incomplete_rows
,,,,,,,<na>,,18.0,15.21,2.79,,,3136,financial data present but missing supporting fields,remove_incomplete_rows
,,,,,,,<na>,,145.0,118.16,26.84,,,3140,financial data present but missing supporting fields,remove_incomplete_rows
,,,,,,,<na>,,2662.75,1943.02,526.09,,,3149,financial data present but missing supporting fields,remove_incomplete_rows
,,,,,,,<na>,,21.0,18.87,2.13,,,3153,financial data present but missing supporting fields,remove_incomplete_rows
,,,,,,,<na>,,170.0,63.13,43.74,,,3158,financial data present but missing supporting fields,remove_incomplete_rows
,,,,,,,<na>,,162.5,35.71,126.79,,,3162,financial data present but missing supporting fields,remove_incomplete_rows
,,,,,,,<na>,,37.0,28.21,4.75,,,3168,financial data present but missing supporting fields,remove_incomplete_rows
,,,,,,,<na>,,164.0,130.65,33.35,,,3172,financial data present but missing supporting fields,remove_incomplete_rows
,,,,,,,<na>,,30.0,17.18,8.99,,,3177,financial data present but missing supporting fields,remove_incomplete_rows
,,,,,,,<na>,,76.0,61.28,14.72,,,3181,financial data present but missing supporting fields,remove_incomplete_rows
,,,,,,,<na>,,90.0,44.91,15.39,,,3186,financial data present but missing supporting fields,remove_incomplete_rows
,,,,,,,<na>,,40.0,28.0,12.0,,,3191,financial data present but missing supporting fields,remove_incomplete_rows
,,,,,,,<na>,,29.75,26.67,3.08,,,3195,financial data present but missing supporting fields,remove_incomplete_rows
,,,,,,,<na>,,37.0,15.16,6.68,,,3199,financial data present but missing supporting fields,remove_incomplete_rows
,,,,,,,<na>,,25.5,6.34,19.16,,,3204,financial data present but missing supporting fields,remove_incomplete_rows
,,,,,,,<na>,,119.85,7.8,78.9,,,3210,financial data present but missing supporting fields,remove_incomplete_rows
,,,,,,,<na>,,60.0,1.03,39.4,,,3214,financial data present but missing supporting fields,remove_incomplete_rows
,,,,,,,<na>,,57.5,39.51,17.99,,,3218,financial data present but missing supporting fields,remove_incomplete_rows
,,,,,,,<na>,,8.5,7.67,0.83,,,3222,financial data present but missing supporting fields,remove_incomplete_rows
,,,,,,,<na>,,2186.2,2002.49,106.01,,,3229,financial data present but missing supporting fields,remove_incomplete_rows
,,,,,,,<na>,,140.0,123.48,16.52,,,3233,financial data present but missing supporting fields,remove_incomplete_rows
,,,,,,,<na>,,50.5,40.33,10.17,,,3237,financial data present but missing supporting fields,remove_incomplete_rows
,,,,,,,<na>,,710.45,91.9,133.53,,,3245,financial data present but missing supporting fields,remove_incomplete_rows
,,,,,,,<na>,,43.0,33.0,10.0,,,3249,financial data present but missing supporting fields,remove_incomplete_rows
,,,,,,,<na>,,60.0,23.33,13.34,,,3253,financial data present but missing supporting fields,remove_incomplete_rows
,,,,,,,<na>,,850.0,50.13,222.71,,,3258,financial data present but missing supporting fields,remove_incomplete_rows
,,,,,,,<na>,,210.36,0.0,210.36,,,3263,financial data present but missing supporting fields,remove_incomplete_rows
,,,,,,,<na>,,808.52,28.03,220.83,,,3268,financial data present but missing supporting fields,remove_incomplete_rows
,,,,,,,<na>,,72.0,17.15,3.4,,,3272,financial data present but missing supporting fields,remove_incomplete_rows
,,,,,,,<na>,,19.25,0.94,12.67,,,3276,financial data present but missing supporting fields,remove_incomplete_rows
,,,,,,,<na>,,184.0,40.0,24.0,,,3280,financial data present but missing supporting fields,remove_incomplete_rows
,,,,,,,<na>,,8.5,4.05,0.41,,,3284,financial data present but missing supporting fields,remove_incomplete_rows
,,,,,,,<na>,,178.5,133.61,44.89,,,3290,financial data present but missing supporting fields,remove_incomplete_rows
,,,,,,,<na>,,70.0,2.5,45.0,,,3294,financial data present but missing supporting fields,remove_incomplete_rows
,,,,,,,<na>,,481.0,415.05,65.95,,,3299,financial data present but missing supporting fields,remove_incomplete_rows
,,,,,,,<na>,,54.0,43.21,10.79,,,3303,financial data present but missing supporting fields,remove_incomplete_rows
,,,,,,,<na>,,72.25,57.22,15.03,,,3308,financial data present but missing supporting fields,remove_incomplete_rows
,,,,,,,<na>,,109.25,88.17,21.08,,,3312,financial data present but missing supporting fields,remove_incomplete_rows
,,,,,,,<na>,,5.0,0.78,3.44,,,3316,financial data present but missing supporting fields,remove_incomplete_rows
,,,,,,,<na>,,100.0,0.85,66.0,,,3320,financial data present but missing supporting fields,remove_incomplete_rows
,,,,,,,<na>,,156.0,23.21,16.74,,,3324,financial data present but missing supporting fields,remove_incomplete_rows
,,,,,,,<na>,,53.0,44.19,8.81,,,3328,financial data present but missing supporting fields,remove_incomplete_rows
,,,,,,,<na>,,1364.0,159.85,219.99,,,3334,financial data present but missing supporting fields,remove_incomplete_rows
,,,,,,,<na>,,145.0,81.85,63.15,,,3339,financial data present but missing supporting fields,remove_incomplete_rows
,,,,,,,<na>,,13.75,9.6,4.15,,,3343,financial data present but missing supporting fields,remove_incomplete_rows
,,,,,,,<na>,,245.5,142.48,40.42,,,3350,financial data present but missing supporting fields,remove_incomplete_rows
,,,,,,,<na>,,65.5,29.34,6.82,,,3354,financial data present but missing supporting fields,remove_incomplete_rows
,,,,,,,<na>,,73.5,61.14,12.36,,,3359,financial data present but missing supporting fields,remove_incomplete_rows
,,,,,,,<na>,,75.0,55.08,19.92,,,3363,financial data present but missing supporting fields,remove_incomplete_rows
,,,,,,,<na>,,18.0,15.21,2.79,,,3367,financial data present but missing supporting fields,remove_incomplete_rows
,,,,,,,<na>,,50.0,19.19,11.62,,,3371,financial data present but missing supporting fields,remove_incomplete_rows
,,,,,,,<na>,,64.5,9.9,5.1,,,3375,financial data present but missing supporting fields,remove_incomplete_rows
,,,,,,,<na>,,145.0,118.16,26.84,,,3379,financial data present but missing supporting fields,remove_incomplete_rows
,,,,,,,<na>,,1841.0,169.5,273.0,,,3384,financial data present but missing supporting fields,remove_incomplete_rows
,,,,,,,<na>,,46.5,0.0,46.5,,,3388,financial data present but missing supporting fields,remove_incomplete_rows
,,,,,,,<na>,,86.75,58.65,11.92,,,3393,financial data present but missing supporting fields,remove_incomplete_rows
,,,,,,,<na>,,121.05,28.72,34.89,,,3399,financial data present but missing supporting fields,remove_incomplete_rows
,,,,,,,<na>,,77.5,22.23,33.04,,,3404,financial data present but missing supporting fields,remove_incomplete_rows
,,,,,,,<na>,,21.0,0.0,21.0,,,3408,financial data present but missing supporting fields,remove_incomplete_rows
,,,,,,,<na>,,18.0,15.21,2.79,,,3412,financial data present but missing supporting fields,remove_incomplete_rows
,,,,,,,<na>,,272.75,171.08,47.96,,,3418,financial data present but missing supporting fields,remove_incomplete_rows
,,,,,,,<na>,,49.5,0.0,49.5,,,3423,financial data present but missing supporting fields,remove_incomplete_rows
,,,,,,,<na>,,67.95,17.81,37.14,,,3428,financial data present but missing supporting fields,remove_incomplete_rows
,,,,,,,<na>,,22.0,11.97,10.03,,,3433,financial data present but missing supporting fields,remove_incomplete_rows
,,,,,,,<na>,,117.25,41.31,56.44,,,3438,financial data present but missing supporting fields,remove_incomplete_rows
,,,,,,,<na>,,40.0,12.75,14.5,,,3442,financial data present but missing supporting fields,remove_incomplete_rows
,,,,,,,<na>,,1302.0,77.22,220.92,,,3446,financial data present but missing supporting fields,remove_incomplete_rows
,,,,,,,<na>,,119.9,27.3,18.37,,,3451,financial data present but missing supporting fields,remove_incomplete_rows
,,,,,,,<na>,,132.0,109.18,22.82,,,3456,financial data present but missing supporting fields,remove_incomplete_rows
,,,,,,,<na>,,111.0,14.29,25.26,,,3460,financial data present but missing supporting fields,remove_incomplete_rows
,,,,,,,<na>,,20.0,12.4,7.6,,,3464,financial data present but missing supporting fields,remove_incomplete_rows
,,,,,,,<na>,,30.0,0.4,26.0,,,3468,financial data present but missing supporting fields,remove_incomplete_rows
,,,,,,,<na>,,26.5,18.69,7.81,,,3472,financial data present but missing supporting fields,remove_incomplete_rows
,,,,,,,<na>,,14.25,10.17,4.08,,,3476,financial data present but missing supporting fields,remove_incomplete_rows
,,,,,,,<na>,,73.5,12.32,25.38,,,3481,financial data present but missing supporting fields,remove_incomplete_rows
,,,,,,,<na>,,17.0,6.8,3.4,,,3485,financial data present but missing supporting fields,remove_incomplete_rows
,,,,,,,<na>,,20.0,12.75,7.25,,,3489,financial data present but missing supporting fields,remove_incomplete_rows
,,,,,,,<na>,,99.25,56.2,43.05,,,3494,financial data present but missing supporting fields,remove_incomplete_rows
,,,,,,,<na>,,83.0,73.54,9.46,,,3498,financial data present but missing supporting fields,remove_incomplete_rows
,,,,,,,<na>,,18.0,15.21,2.79,,,3502,financial data present but missing supporting fields,remove_incomplete_rows
,,,,,,,<na>,,136.0,85.0,51.0,,,3506,financial data present but missing supporting fields,remove_incomplete_rows
,,,,,,,<na>,,73.75,57.27,16.48,,,3512,financial data present but missing supporting fields,remove_incomplete_rows
,,,,,,,<na>,,709.0,336.86,158.34,,,3518,financial data present but missing supporting fields,remove_incomplete_rows
,,,,,,,<na>,,20.0,12.75,7.25,,,3522,financial data present but missing supporting fields,remove_incomplete_rows
,,,,,,,<na>,,1127.5,772.21,355.29,,,3529,financial data present but missing supporting fields,remove_incomplete_rows
,,,,,,,<na>,,8.75,7.15,1.6,,,3533,financial data present but missing supporting fields,remove_incomplete_rows
,,,,,,,<na>,,21.0,17.34,3.66,,,3537,financial data present but missing supporting fields,remove_incomplete_rows
,,,,,,,<na>,,76.5,63.99,12.51,,,3541,financial data present but missing supporting fields,remove_incomplete_rows
,,,,,,,<na>,,55.0,45.53,9.47,,,3545,financial data present but missing supporting fields,remove_incomplete_rows
,,,,,,,<na>,,40.0,15.38,9.24,,,3549,financial data present but missing supporting fields,remove_incomplete_rows
,,,,,,,<na>,,35.25,29.36,5.89,,,3553,financial data present but missing supporting fields,remove_incomplete_rows
,,,,,,,<na>,,539.0,465.46,73.54,,,3558,financial data present but missing supporting fields,remove_incomplete_rows
,,,,,,,<na>,,30.0,23.33,6.67,,,3562,financial data present but missing supporting fields,remove_incomplete_rows
,,,,,,,<na>,,30.0,3.0,0.0,,,3566,financial data present but missing supporting fields,remove_incomplete_rows
,,,,,,,<na>,,638.25,75.85,58.03,,,3571,financial data present but missing supporting fields,remove_incomplete_rows
,,,,,,,<na>,,438.0,200.0,78.0,,,3576,financial data present but missing supporting fields,remove_incomplete_rows
,,,,,,,<na>,,72.0,9.11,17.34,,,3580,financial data present but missing supporting fields,remove_incomplete_rows
,,,,,,,<na>,,477.0,95.5,228.8,,,3586,financial data present but missing supporting fields,remove_incomplete_rows
,,,,,,,<na>,,35.25,29.36,5.89,,,3590,financial data present but missing supporting fields,remove_incomplete_rows
,,,,,,,<na>,,56.25,13.65,15.3,,,3594,financial data present but missing supporting fields,remove_incomplete_rows
,,,,,,,<na>,,46.5,0.0,46.5,,,3598,financial data present but missing supporting fields,remove_incomplete_rows
,,,,,,,<na>,,29.0,18.0,11.0,,,3602,financial data present but missing supporting fields,remove_incomplete_rows
,,,,,,,<na>,,1045.35,396.89,343.09,,,3614,financial data present but missing supporting fields,remove_incomplete_rows
,,,,,,,<na>,,68.0,45.23,22.77,,,3619,financial data present but missing supporting fields,remove_incomplete_rows
,,,,,,,<na>,,490.0,15.0,190.0,,,3624,financial data present but missing supporting fields,remove_incomplete_rows
,,,,,,,<na>,,18.5,15.16,3.34,,,3628,financial data present but missing supporting fields,remove_incomplete_rows
,,,,,,,<na>,,609.5,442.84,142.72,,,3633,financial data present but missing supporting fields,remove_incomplete_rows
,,,,,,,<na>,,823.75,287.27,180.65,,,3638,financial data present but missing supporting fields,remove_incomplete_rows
,,,,,,,<na>,,1079.3,679.35,159.95,,,3644,financial data present but missing supporting fields,remove_incomplete_rows
,,,,,,,<na>,,50.0,0.85,33.0,,,3648,financial data present but missing supporting fields,remove_incomplete_rows
,,,,,,,<na>,,322.0,40.0,42.0,,,3652,financial data present but missing supporting fields,remove_incomplete_rows
,,,,,,,<na>,,8.5,6.8,1.7,,,3656,financial data present but missing supporting fields,remove_incomplete_rows
,,,,,,,<na>,,154.0,35.28,12.88,,,3660,financial data present but missing supporting fields,remove_incomplete_rows
,,,,,,,<na>,,21.0,17.34,3.66,,,3664,financial data present but missing supporting fields,remove_incomplete_rows
,,,,,,,<na>,,25.0,16.0,9.0,,,3668,financial data present but missing supporting fields,remove_incomplete_rows
,,,,,,,<na>,,17.87,1.36,12.23,,,3683,financial data present but missing supporting fields,remove_incomplete_rows
,,,,,,,<na>,,208.5,46.88,67.86,,,3688,financial data present but missing supporting fields,remove_incomplete_rows
,,,,,,,<na>,,13.75,9.6,4.15,,,3692,financial data present but missing supporting fields,remove_incomplete_rows
,,,,,,,<na>,,109.5,29.02,22.44,,,3696,financial data present but missing supporting fields,remove_incomplete_rows
,,,,,,,<na>,,8.5,0.0,8.5,,,3700,financial data present but missing supporting fields,remove_incomplete_rows
,,,,,,,<na>,,61.75,48.06,13.69,,,3705,financial data present but missing supporting fields,remove_incomplete_rows
,,,,,,,<na>,,8.0,6.54,1.46,,,3709,financial data present but missing supporting fields,remove_incomplete_rows
,,,,,,,<na>,,52.0,47.17,4.83,,,3713,financial data present but missing supporting fields,remove_incomplete_rows
,,,,,,,<na>,,119.0,18.62,18.38,,,3718,financial data present but missing supporting fields,remove_incomplete_rows
,,,,,,,<na>,,24.0,6.3,11.4,,,3722,financial data present but missing supporting fields,remove_incomplete_rows
,,,,,,,<na>,,36.25,30.49,5.76,,,3727,financial data present but missing supporting fields,remove_incomplete_rows
,,,,,,,<na>,,62.0,25.18,11.64,,,3731,financial data present but missing supporting fields,remove_incomplete_rows
,,,,,,,<na>,,130.5,30.45,33.9,,,3736,financial data present but missing supporting fields,remove_incomplete_rows
,,,,,,,<na>,,12.0,7.35,4.65,,,3740,financial data present but missing supporting fields,remove_incomplete_rows
,,,,,,,<na>,,1229.0,799.21,189.79,,,3746,financial data present but missing supporting fields,remove_incomplete_rows
,,,,,,,<na>,,18.25,16.07,2.18,,,3750,financial data present but missing supporting fields,remove_incomplete_rows
,,,,,,,<na>,,1916.75,1253.64,469.47,,,3755,financial data present but missing supporting fields,remove_incomplete_rows
,,,,,,,<na>,,48.5,37.16,11.34,,,3760,financial data present but missing supporting fields,remove_incomplete_rows
,,,,,,,<na>,,474.0,30.43,324.36,,,3765,financial data present but missing supporting fields,remove_incomplete_rows
,,,,,,,<na>,,22.5,0.75,15.0,,,3769,financial data present but missing supporting fields,remove_incomplete_rows
,,,,,,,<na>,,200.0,50.0,100.0,,,3773,financial data present but missing supporting fields,remove_incomplete_rows
,,,,,,,<na>,,55.0,45.53,9.47,,,3777,financial data present but missing supporting fields,remove_incomplete_rows
,,,,,,,<na>,,181.5,67.1,34.08,,,3782,financial data present but missing supporting fields,remove_incomplete_rows
,,,,,,,<na>,,210.75,78.46,103.13,,,3790,financial data present but missing supporting fields,remove_incomplete_rows
,,,,,,,<na>,,343.75,275.0,68.75,,,3794,financial data present but missing supporting fields,remove_incomplete_rows
,,,,,,,<na>,,25.0,17.81,7.19,,,3798,financial data present but missing supporting fields,remove_incomplete_rows
,,,,,,,<na>,,35.74,24.13,11.61,,,3803,financial data present but missing supporting fields,remove_incomplete_rows
,,,,,,,<na>,,92.5,80.0,12.5,,,3807,financial data present but missing supporting fields,remove_incomplete_rows
,,,,,,,<na>,,594.75,26.89,485.28,,,3814,financial data present but missing supporting fields,remove_incomplete_rows
,,,,,,,<na>,,46.25,35.27,10.98,,,3819,financial data present but missing supporting fields,remove_incomplete_rows
,,,,,,,<na>,,18.5,15.16,3.34,,,3823,financial data present but missing supporting fields,remove_incomplete_rows
,,,,,,,<na>,,57.0,39.98,17.02,,,3828,financial data present but missing supporting fields,remove_incomplete_rows
,,,,,,,<na>,,120.75,31.82,25.29,,,3832,financial data present but missing supporting fields,remove_incomplete_rows
,,,,,,,<na>,,148.0,126.23,21.77,,,3837,financial data present but missing supporting fields,remove_incomplete_rows
,,,,,,,<na>,,34.83,9.03,7.74,,,3841,financial data present but missing supporting fields,remove_incomplete_rows
,,,,,,,<na>,,66.0,58.9,7.1,,,3845,financial data present but missing supporting fields,remove_incomplete_rows
,,,,,,,<na>,,25.0,13.7,11.3,,,3849,financial data present but missing supporting fields,remove_incomplete_rows
,,,,,,,<na>,,18.3,5.19,2.73,,,3854,financial data present but missing supporting fields,remove_incomplete_rows
,,,,,,,<na>,,30.0,22.0,8.0,,,3858,financial data present but missing supporting fields,remove_incomplete_rows
,,,,,,,<na>,,906.75,21.22,79.06,,,3862,financial data present but missing supporting fields,remove_incomplete_rows
,,,,,,,<na>,,21.0,17.34,3.66,,,3866,financial data present but missing supporting fields,remove_incomplete_rows
,,,,,,,<na>,,33.0,3.72,10.68,,,3870,financial data present but missing supporting fields,remove_incomplete_rows
,,,,,,,<na>,,105.0,53.99,20.35,,,3875,financial data present but missing supporting fields,remove_incomplete_rows
,,,,,,,<na>,,70.75,48.62,22.13,,,3880,financial data present but missing supporting fields,remove_incomplete_rows
,,,,,,,<na>,,252.0,11.05,123.4,,,3885,financial data present but missing supporting fields,remove_incomplete_rows
,,,,,,,<na>,,10.0,8.05,1.95,,,3889,financial data present but missing supporting fields,remove_incomplete_rows
,,,,,,,<na>,,41.0,13.21,14.58,,,3893,financial data present but missing supporting fields,remove_incomplete_rows
,,,,,,,<na>,,75.0,11.41,17.95,,,3897,financial data present but missing supporting fields,remove_incomplete_rows
,,,,,,,<na>,,45.0,20.0,25.0,,,3901,financial data present but missing supporting fields,remove_incomplete_rows
,,,,,,,<na>,,9.5,0.0,9.5,,,3905,financial data present but missing supporting fields,remove_incomplete_rows
,,,,,,,<na>,,46.75,45.54,1.21,,,3909,financial data present but missing supporting fields,remove_incomplete_rows
,,,,,,,<na>,,50.0,0.85,33.0,,,3913,financial data present but missing supporting fields,remove_incomplete_rows
,,,,,,,<na>,,54.0,0.0,54.0,,,3917,financial data present but missing supporting fields,remove_incomplete_rows
,,,,,,,<na>,,53.0,18.69,15.62,,,3921,financial data present but missing supporting fields,remove_incomplete_rows
,,,,,,,<na>,,508.8,89.25,-26.7,,,3926,financial data present but missing supporting fields,remove_incomplete_rows
,,,,,,,<na>,,33.75,28.0,5.75,,,3930,financial data present but missing supporting fields,remove_incomplete_rows
,,,,,,,<na>,,15.0,9.2,5.8,,,3934,financial data present but missing supporting fields,remove_incomplete_rows
,,,,,,,<na>,,3.12,0.65,2.47,,,3938,financial data present but missing supporting fields,remove_incomplete_rows
,,,,,,,<na>,,714.0,47.59,327.74,,,3943,financial data present but missing supporting fields,remove_incomplete_rows
,,,,,,,<na>,,235.5,67.57,32.79,,,3948,financial data present but missing supporting fields,remove_incomplete_rows
,,,,,,,<na>,,427.25,37.1,291.48,,,3953,financial data present but missing supporting fields,remove_incomplete_rows
,,,,,,,<na>,,95.2,16.53,12.55,,,3957,financial data present but missing supporting fields,remove_incomplete_rows
,,,,,,,<na>,,88.0,17.0,71.0,,,3962,financial data present but missing supporting fields,remove_incomplete_rows
,,,,,,,<na>,,113.75,108.25,5.5,,,3967,financial data present but missing supporting fields,remove_incomplete_rows
,,,,,,,<na>,,18.0,15.21,2.79,,,3971,financial data present but missing supporting fields,remove_incomplete_rows
,,,,,,,<na>,,1729.3,621.52,784.34,,,3991,financial data present but missing supporting fields,remove_incomplete_rows
,,,,,,,<na>,,25.5,4.05,1.22,,,3995,financial data present but missing supporting fields,remove_incomplete_rows
,,,,,,,<na>,,4.25,4.05,0.2,,,3999,financial data present but missing supporting fields,remove_incomplete_rows
,,,,,,,<na>,,104.0,65.0,39.0,,,4003,financial data present but missing supporting fields,remove_incomplete_rows
,,,,,,,<na>,,230.0,40.0,30.0,,,4007,financial data present but missing supporting fields,remove_incomplete_rows
,,,,,,,<na>,,64.0,24.37,15.26,,,4011,financial data present but missing supporting fields,remove_incomplete_rows
,,,,,,,<na>,,87.5,77.94,9.56,,,4016,financial data present but missing supporting fields,remove_incomplete_rows
,,,,,,,<na>,,92.5,80.0,12.5,,,4020,financial data present but missing supporting fields,remove_incomplete_rows
,,,,,,,<na>,,37.5,30.66,6.84,,,4024,financial data present but missing supporting fields,remove_incomplete_rows
,,,,,,,<na>,,754.0,46.4,34.2,,,4031,financial data present but missing supporting fields,remove_incomplete_rows
,,,,,,,<na>,,721.0,42.85,121.1,,,4035,financial data present but missing supporting fields,remove_incomplete_rows
,,,,,,,<na>,,693.0,34.3,212.8,,,4039,financial data present but missing supporting fields,remove_incomplete_rows
,,,,,,,<na>,,65.0,53.81,11.19,,,4043,financial data present but missing supporting fields,remove_incomplete_rows
,,,,,,,<na>,,234.2,18.75,46.7,,,4049,financial data present but missing supporting fields,remove_incomplete_rows
,,,,,,,<na>,,76.5,63.99,12.51,,,4053,financial data present but missing supporting fields,remove_incomplete_rows
,,,,,,,<na>,,280.0,7.59,204.1,,,4057,financial data present but missing supporting fields,remove_incomplete_rows
,,,,,,,<na>,,574.0,9.22,555.56,,,4063,financial data present but missing supporting fields,remove_incomplete_rows
,,,,,,,<na>,,137.5,114.62,22.88,,,4069,financial data present but missing supporting fields,remove_incomplete_rows
,,,,,,,<na>,,490.0,47.59,164.46,,,4074,financial data present but missing supporting fields,remove_incomplete_rows
,,,,,,,<na>,,180.5,102.16,45.94,,,4079,financial data present but missing supporting fields,remove_incomplete_rows
,,,,,,,<na>,,50.5,44.6,5.9,,,4083,financial data present but missing supporting fields,remove_incomplete_rows
,,,,,,,<na>,,136.5,122.67,13.83,,,4087,financial data present but missing supporting fields,remove_incomplete_rows
,,,,,,,<na>,,68.75,19.1,10.05,,,4092,financial data present but missing supporting fields,remove_incomplete_rows
,,,,,,,<na>,,234.0,46.65,140.7,,,4097,financial data present but missing supporting fields,remove_incomplete_rows
,,,,,,,<na>,,16.5,1.85,10.95,,,4101,financial data present but missing supporting fields,remove_incomplete_rows
,,,,,,,<na>,,1098.5,542.45,140.91,,,4106,financial data present but missing supporting fields,remove_incomplete_rows
,,,,,,,<na>,,307.5,9.12,33.9,,,4110,financial data present but missing supporting fields,remove_incomplete_rows
,,,,,,,<na>,,1415.25,69.96,114.39,,,4116,financial data present but missing supporting fields,remove_incomplete_rows
,,,,,,,<na>,,437.5,184.73,77.75,,,4121,financial data present but missing supporting fields,remove_incomplete_rows
,,,,,,,<na>,,207.75,172.04,35.71,,,4126,financial data present but missing supporting fields,remove_incomplete_rows
,,,,,,,<na>,,92.5,80.0,12.5,,,4130,financial data present but missing supporting fields,remove_incomplete_rows
,,,,,,,<na>,,301.25,53.85,32.0,,,4134,financial data present but missing supporting fields,remove_incomplete_rows
,,,,,,,<na>,,112.5,86.83,25.67,,,4141,financial data present but missing supporting fields,remove_incomplete_rows
,,,,,,,<na>,,53.5,20.21,25.64,,,4146,financial data present but missing supporting fields,remove_incomplete_rows
,,,,,,,<na>,,62.5,8.45,20.25,,,4150,financial data present but missing supporting fields,remove_incomplete_rows
,,,,,,,<na>,,109.5,0.0,109.5,,,4155,financial data present but missing supporting fields,remove_incomplete_rows
,,,,,,,<na>,,20.0,15.9,4.1,,,4159,financial data present but missing supporting fields,remove_incomplete_rows
,,,,,,,<na>,,104.0,47.17,9.66,,,4163,financial data present but missing supporting fields,remove_incomplete_rows
,,,,,,,<na>,,90.0,75.31,14.69,,,4168,financial data present but missing supporting fields,remove_incomplete_rows
,,,,,,,<na>,,27.0,21.73,5.27,,,4172,financial data present but missing supporting fields,remove_incomplete_rows
,,,,,,,<na>,,91.25,81.43,9.82,,,4177,financial data present but missing supporting fields,remove_incomplete_rows
,,,,,,,<na>,,149.0,119.46,29.54,,,4181,financial data present but missing supporting fields,remove_incomplete_rows
,,,,,,,<na>,,78.5,47.63,8.04,,,4186,financial data present but missing supporting fields,remove_incomplete_rows
,,,,,,,<na>,,47.38,34.03,13.35,,,4191,financial data present but missing supporting fields,remove_incomplete_rows
,,,,,,,<na>,,70.5,62.72,7.78,,,4195,financial data present but missing supporting fields,remove_incomplete_rows
,,,,,,,<na>,,39.5,30.39,9.11,,,4199,financial data present but missing supporting fields,remove_incomplete_rows
,,,,,,,<na>,,119.5,53.27,24.49,,,4204,financial data present but missing supporting fields,remove_incomplete_rows
,,,,,,,<na>,,21.0,3.36,14.28,,,4208,financial data present but missing supporting fields,remove_incomplete_rows
,,,,,,,<na>,,50.0,39.58,10.42,,,4213,financial data present but missing supporting fields,remove_incomplete_rows
,,,,,,,<na>,,160.0,12.25,37.5,,,4217,financial data present but missing supporting fields,remove_incomplete_rows
,,,,,,,<na>,,110.0,45.53,18.94,,,4221,financial data present but missing supporting fields,remove_incomplete_rows
,,,,,,,<na>,,18.0,15.21,2.79,,,4225,financial data present but missing supporting fields,remove_incomplete_rows
,,,,,,,<na>,,62.4,0.65,49.4,,,4230,financial data present but missing supporting fields,remove_incomplete_rows
,,,,,,,<na>,,21.0,2.85,3.92,,,4234,financial data present but missing supporting fields,remove_incomplete_rows
,,,,,,,<na>,,109.25,88.17,21.08,,,4238,financial data present but missing supporting fields,remove_incomplete_rows
,,,,,,,<na>,,67.5,4.55,22.04,,,4243,financial data present but missing supporting fields,remove_incomplete_rows
,,,,,,,<na>,,6.0,0.4,5.2,,,4247,financial data present but missing supporting fields,remove_incomplete_rows
,,,,,,,<na>,,3.0,0.4,2.6,,,4251,financial data present but missing supporting fields,remove_incomplete_rows
,,,,,,,<na>,,2476.0,826.2,439.35,,,4257,financial data present but missing supporting fields,remove_incomplete_rows
,,,,,,,<na>,,18.5,15.16,3.34,,,4261,financial data present but missing supporting fields,remove_incomplete_rows
,,,,,,,<na>,,18.5,15.16,3.34,,,4265,financial data present but missing supporting fields,remove_incomplete_rows
,,,,,,,<na>,,70.0,9.8,21.0,,,4269,financial data present but missing supporting fields,remove_incomplete_rows
,,,,,,,<na>,,110.0,76.59,17.56,,,4275,financial data present but missing supporting fields,remove_incomplete_rows
,,,,,,,<na>,,511.5,62.34,90.42,,,4280,financial data present but missing supporting fields,remove_incomplete_rows
,,,,,,,<na>,,243.24,62.33,83.7,,,4286,financial data present but missing supporting fields,remove_incomplete_rows
,,,,,,,<na>,,70.0,3.28,37.2,,,4290,financial data present but missing supporting fields,remove_incomplete_rows
,,,,,,,<na>,,165.0,45.8,27.6,,,4294,financial data present but missing supporting fields,remove_incomplete_rows
,,,,,,,<na>,,782.75,481.0,101.75,,,4299,financial data present but missing supporting fields,remove_incomplete_rows
,,,,,,,<na>,,462.5,63.09,399.41,,,4308,financial data present but missing supporting fields,remove_incomplete_rows
,,,,,,,<na>,,104.5,150.0,-45.5,,,4312,financial data present but missing supporting fields,remove_incomplete_rows
,,,,,,,<na>,,45.7,40.0,5.7,,,4316,financial data present but missing supporting fields,remove_incomplete_rows
,,,,,,,<na>,,68.0,52.57,15.43,,,4320,financial data present but missing supporting fields,remove_incomplete_rows
,,,,,,,<na>,,107.0,87.81,19.19,,,4326,financial data present but missing supporting fields,remove_incomplete_rows
,,,,,,,<na>,,49.5,39.7,9.8,,,4331,financial data present but missing supporting fields,remove_incomplete_rows
,,,,,,,<na>,,37.75,22.1,15.65,,,4335,financial data present but missing supporting fields,remove_incomplete_rows
,,,,,,,<na>,,37.75,22.1,15.65,,,4339,financial data present but missing supporting fields,remove_incomplete_rows
,,,,,,,<na>,,17.5,7.15,3.2,,,4343,financial data present but missing supporting fields,remove_incomplete_rows
,,,,,,,<na>,,71.5,19.7,32.1,,,4347,financial data present but missing supporting fields,remove_incomplete_rows
,,,,,,,<na>,,85.0,7.67,8.3,,,4351,financial data present but missing supporting fields,remove_incomplete_rows
,,,,,,,<na>,,280.0,21.89,61.1,,,4355,financial data present but missing supporting fields,remove_incomplete_rows
,,,,,,,<na>,,511.0,324.8,186.2,,,4360,financial data present but missing supporting fields,remove_incomplete_rows
,,,,,,,<na>,,76.0,62.53,13.47,,,4364,financial data present but missing supporting fields,remove_incomplete_rows
,,,,,,,<na>,,18.0,15.21,2.79,,,4368,financial data present but missing supporting fields,remove_incomplete_rows
,,,,,,,<na>,,118.2,16.53,35.55,,,4373,financial data present but missing supporting fields,remove_incomplete_rows
,,,,,,,<na>,,345.0,272.41,72.59,,,4379,financial data present but missing supporting fields,remove_incomplete_rows
,,,,,,,<na>,,33.75,28.0,5.75,,,4383,financial data present but missing supporting fields,remove_incomplete_rows
,,,,,,,<na>,,217.0,47.17,169.83,,,4388,financial data present but missing supporting fields,remove_incomplete_rows
,,,,,,,<na>,,18.0,7.61,2.78,,,4392,financial data present but missing supporting fields,remove_incomplete_rows
,,,,,,,<na>,,12.0,7.35,4.65,,,4396,financial data present but missing supporting fields,remove_incomplete_rows
,,,,,,,<na>,,423.0,324.42,94.98,,,4402,financial data present but missing supporting fields,remove_incomplete_rows
,,,,,,,<na>,,451.25,256.24,195.01,,,4409,financial data present but missing supporting fields,remove_incomplete_rows
,,,,,,,<na>,,610.5,71.1,86.8,,,4414,financial data present but missing supporting fields,remove_incomplete_rows
,,,,,,,<na>,,62.0,25.18,11.64,,,4418,financial data present but missing supporting fields,remove_incomplete_rows
,,,,,,,<na>,,50.0,20.87,8.26,,,4422,financial data present but missing supporting fields,remove_incomplete_rows
,,,,,,,<na>,,360.0,33.12,61.95,,,4426,financial data present but missing supporting fields,remove_incomplete_rows
,,,,,,,<na>,,203.6,37.59,130.35,,,4432,financial data present but missing supporting fields,remove_incomplete_rows
,,,,,,,<na>,,72.75,0.0,72.75,,,4436,financial data present but missing supporting fields,remove_incomplete_rows
,,,,,,,<na>,,98.5,51.6,10.49,,,4441,financial data present but missing supporting fields,remove_incomplete_rows
,,,,,,,<na>,,290.05,36.05,45.82,,,4446,financial data present but missing supporting fields,remove_incomplete_rows
,,,,,,,<na>,,2035.44,161.76,236.83,,,4457,financial data present but missing supporting fields,remove_incomplete_rows
,,,,,,,<na>,,16.5,3.72,5.34,,,4461,financial data present but missing supporting fields,remove_incomplete_rows
,,,,,,,<na>,,85.0,11.72,6.19,,,4466,financial data present but missing supporting fields,remove_incomplete_rows
,,,,,,,<na>,,28.5,19.36,9.14,,,4470,financial data present but missing supporting fields,remove_incomplete_rows
,,,,,,,<na>,,300.0,235.82,51.81,,,4476,financial data present but missing supporting fields,remove_incomplete_rows
,,,,,,,<na>,,535.84,14.15,252.75,,,4485,financial data present but missing supporting fields,remove_incomplete_rows
,,,,,,,<na>,,670.0,527.0,143.0,,,4491,financial data present but missing supporting fields,remove_incomplete_rows
,,,,,,,<na>,,149.0,119.46,29.54,,,4495,financial data present but missing supporting fields,remove_incomplete_rows
,,,,,,,<na>,,43.75,37.86,5.89,,,4499,financial data present but missing supporting fields,remove_incomplete_rows
,,,,,,,<na>,,572.0,51.91,52.91,,,4504,financial data present but missing supporting fields,remove_incomplete_rows
,,,,,,,<na>,,197.0,156.93,40.07,,,4511,financial data present but missing supporting fields,remove_incomplete_rows
,,,,,,,<na>,,169.4,111.7,44.83,,,4518,financial data present but missing supporting fields,remove_incomplete_rows
,,,,,,,<na>,,62.25,11.31,5.7,,,4522,financial data present but missing supporting fields,remove_incomplete_rows
,,,,,,,<na>,,48.0,3.86,9.4,,,4526,financial data present but missing supporting fields,remove_incomplete_rows
,,,,,,,<na>,,84.25,22.92,7.41,,,4531,financial data present but missing supporting fields,remove_incomplete_rows
,,,,,,,<na>,,27.08,10.82,5.45,,,4537,financial data present but missing supporting fields,remove_incomplete_rows
,,,,,,,<na>,,5.0,0.78,3.44,,,4541,financial data present but missing supporting fields,remove_incomplete_rows
,,,,,,,<na>,,157.25,68.86,18.19,,,4546,financial data present but missing supporting fields,remove_incomplete_rows
,,,,,,,<na>,,42.0,3.36,28.56,,,4550,financial data present but missing supporting fields,remove_incomplete_rows
,,,,,,,<na>,,32.75,29.34,3.41,,,4554,financial data present but missing supporting fields,remove_incomplete_rows
,,,,,,,<na>,,39.25,28.66,10.59,,,4559,financial data present but missing supporting fields,remove_incomplete_rows
,,,,,,,<na>,,108.0,90.75,17.25,,,4563,financial data present but missing supporting fields,remove_incomplete_rows
,,,,,,,<na>,,24.0,9.11,5.78,,,4567,financial data present but missing supporting fields,remove_incomplete_rows
,,,,,,,<na>,,35.0,28.97,6.03,,,4571,financial data present but missing supporting fields,remove_incomplete_rows
,,,,,,,<na>,,141.0,62.72,15.56,,,4575,financial data present but missing supporting fields,remove_incomplete_rows
,,,,,,,<na>,,39.5,0.4,35.5,,,4580,financial data present but missing supporting fields,remove_incomplete_rows
,,,,,,,<na>,,37.5,32.3,5.2,,,4585,financial data present but missing supporting fields,remove_incomplete_rows
,,,,,,,<na>,,36.8,1.88,18.03,,,4590,financial data present but missing supporting fields,remove_incomplete_rows
,,,,,,,<na>,,8.25,0.0,8.25,,,4594,financial data present but missing supporting fields,remove_incomplete_rows
,,,,,,,<na>,,18.5,15.16,3.34,,,4598,financial data present but missing supporting fields,remove_incomplete_rows
,,,,,,,<na>,,1083.0,685.88,157.12,,,4604,financial data present but missing supporting fields,remove_incomplete_rows
,,,,,,,<na>,,18.0,15.21,2.79,,,4608,financial data present but missing supporting fields,remove_incomplete_rows
,,,,,,,<na>,,18.5,15.16,3.34,,,4612,financial data present but missing supporting fields,remove_incomplete_rows
,,,,,,,<na>,,92.5,80.0,12.5,,,4616,financial data present but missing supporting fields,remove_incomplete_rows
,,,,,,,<na>,,75.5,47.12,20.77,,,4621,financial data present but missing supporting fields,remove_incomplete_rows
,,,,,,,<na>,,1461.65,153.58,187.03,,,4626,financial data present but missing supporting fields,remove_incomplete_rows
,,,,,,,<na>,,248.18,134.66,101.84,,,4633,financial data present but missing supporting fields,remove_incomplete_rows
,,,,,,,<na>,,24.0,18.53,5.47,,,4637,financial data present but missing supporting fields,remove_incomplete_rows
,,,,,,,<na>,,293.25,244.36,48.89,,,4641,financial data present but missing supporting fields,remove_incomplete_rows
,,,,,,,<na>,,28.5,0.4,24.5,,,4645,financial data present but missing supporting fields,remove_incomplete_rows
,,,,,,,<na>,,2.0,0.0,2.0,,,4649,financial data present but missing supporting fields,remove_incomplete_rows
,,,,,,,<na>,,252.0,29.56,187.7,,,4655,financial data present but missing supporting fields,remove_incomplete_rows
,,,,,,,<na>,,68.0,30.85,6.3,,,4660,financial data present but missing supporting fields,remove_incomplete_rows
,,,,,,,<na>,,72.5,28.26,15.98,,,4664,financial data present but missing supporting fields,remove_incomplete_rows
,,,,,,,<na>,,313.25,100.75,50.87,,,4670,financial data present but missing supporting fields,remove_incomplete_rows
,,,,,,,<na>,,43.25,34.81,8.44,,,4674,financial data present but missing supporting fields,remove_incomplete_rows
,,,,,,,<na>,,18.0,15.21,2.79,,,4678,financial data present but missing supporting fields,remove_incomplete_rows
,,,,,,,<na>,,69.0,9.25,13.5,,,4682,financial data present but missing supporting fields,remove_incomplete_rows
,,,,,,,<na>,,97.5,26.94,16.69,,,4686,financial data present but missing supporting fields,remove_incomplete_rows
,,,,,,,<na>,,158.0,36.86,21.56,,,4691,financial data present but missing supporting fields,remove_incomplete_rows
,,,,,,,<na>,,2646.05,16.31,2604.03,,,4698,financial data present but missing supporting fields,remove_incomplete_rows
,,,,,,,<na>,,108.0,90.75,17.25,,,4702,financial data present but missing supporting fields,remove_incomplete_rows
,,,,,,,<na>,,167.79,21.79,15.26,,,4706,financial data present but missing supporting fields,remove_incomplete_rows
,,,,,,,<na>,,4.25,4.05,0.2,,,4710,financial data present but missing supporting fields,remove_incomplete_rows
,,,,,,,<na>,,86.0,7.7,9.0,,,4714,financial data present but missing supporting fields,remove_incomplete_rows
,,,,,,,<na>,,2533.25,702.83,602.13,,,4728,financial data present but missing supporting fields,remove_incomplete_rows
,,,,,,,<na>,,671.75,116.9,131.35,,,4735,financial data present but missing supporting fields,remove_incomplete_rows
,,,,,,,<na>,,25.5,4.05,1.22,,,4739,financial data present but missing supporting fields,remove_incomplete_rows
,,,,,,,<na>,,675.0,126.7,226.58,,,4745,financial data present but missing supporting fields,remove_incomplete_rows
,,,,,,,<na>,,372.0,292.61,79.39,,,4749,financial data present but missing supporting fields,remove_incomplete_rows
,,,,,,,<na>,,15.0,9.2,5.8,,,4753,financial data present but missing supporting fields,remove_incomplete_rows
,,,,,,,<na>,,15.0,9.2,5.8,,,4757,financial data present but missing supporting fields,remove_incomplete_rows
,,,,,,,<na>,,20.0,13.64,6.36,,,4761,financial data present but missing supporting fields,remove_incomplete_rows
,,,,,,,<na>,,50.8,7.5,32.28,,,4766,financial data present but missing supporting fields,remove_incomplete_rows
,,,,,,,<na>,,1395.71,130.23,693.96,,,4781,financial data present but missing supporting fields,remove_incomplete_rows
,,,,,,,<na>,,47.5,41.96,5.54,,,4786,financial data present but missing supporting fields,remove_incomplete_rows
,,,,,,,<na>,,798.6,29.59,91.5,,,4797,financial data present but missing supporting fields,remove_incomplete_rows
,,,,,,,<na>,,506.65,65.7,178.15,,,4803,financial data present but missing supporting fields,remove_incomplete_rows
,,,,,,,<na>,,35.0,11.25,12.5,,,4807,financial data present but missing supporting fields,remove_incomplete_rows
,,,,,,,<na>,,210.0,6.91,161.63,,,4811,financial data present but missing supporting fields,remove_incomplete_rows
,,,,,,,<na>,,56.0,45.47,10.53,,,4815,financial data present but missing supporting fields,remove_incomplete_rows
,,,,,,,<na>,,40.5,22.62,4.68,,,4820,financial data present but missing supporting fields,remove_incomplete_rows
,,,,,,,<na>,,70.5,62.72,7.78,,,4824,financial data present but missing supporting fields,remove_incomplete_rows
,,,,,,,<na>,,46.5,0.0,46.5,,,4828,financial data present but missing supporting fields,remove_incomplete_rows
,,,,,,,<na>,,427.0,147.37,75.16,,,4833,financial data present but missing supporting fields,remove_incomplete_rows
,,,,,,,<na>,,15.0,9.2,5.8,,,4837,financial data present but missing supporting fields,remove_incomplete_rows
,,,,,,,<na>,,10.0,9.0,1.0,,,4841,financial data present but missing supporting fields,remove_incomplete_rows
,,,,,,,<na>,,42.0,36.37,5.63,,,4845,financial data present but missing supporting fields,remove_incomplete_rows
,,,,,,,<na>,,25.5,6.8,5.1,,,4849,financial data present but missing supporting fields,remove_incomplete_rows
,,,,,,,<na>,,172.25,72.13,42.52,,,4854,financial data present but missing supporting fields,remove_incomplete_rows
,,,,,,,<na>,,18.0,15.21,2.79,,,4858,financial data present but missing supporting fields,remove_incomplete_rows
,,,,,,,<na>,,96.0,22.23,29.31,,,4862,financial data present but missing supporting fields,remove_incomplete_rows
,,,,,,,<na>,,1298.5,572.37,161.33,,,4868,financial data present but missing supporting fields,remove_incomplete_rows
,,,,,,,<na>,,513.0,389.62,123.38,,,4872,financial data present but missing supporting fields,remove_incomplete_rows
,,,,,,,<na>,,30.0,20.16,9.84,,,4876,financial data present but missing supporting fields,remove_incomplete_rows
,,,,,,,<na>,,90.0,50.0,40.0,,,4880,financial data present but missing supporting fields,remove_incomplete_rows
,,,,,,,<na>,,254.0,229.45,24.55,,,4884,financial data present but missing supporting fields,remove_incomplete_rows
,,,,,,,<na>,,76.5,63.99,12.51,,,4888,financial data present but missing supporting fields,remove_incomplete_rows
,,,,,,,<na>,,57.79,25.85,6.09,,,4893,financial data present but missing supporting fields,remove_incomplete_rows
,,,,,,,<na>,,1674.0,964.74,315.62,,,4911,financial data present but missing supporting fields,remove_incomplete_rows
,,,,,,,<na>,,108.0,46.88,14.24,,,4915,financial data present but missing supporting fields,remove_incomplete_rows
,,,,,,,<na>,,25.0,21.45,3.55,,,4919,financial data present but missing supporting fields,remove_incomplete_rows
,,,,,,,<na>,,84.5,42.24,16.65,,,4925,financial data present but missing supporting fields,remove_incomplete_rows
,,,,,,,<na>,,86.0,47.23,-8.46,,,4931,financial data present but missing supporting fields,remove_incomplete_rows
,,,,,,,<na>,,66.9,0.78,43.5,,,4935,financial data present but missing supporting fields,remove_incomplete_rows
,,,,,,,<na>,,8.0,5.55,2.45,,,4939,financial data present but missing supporting fields,remove_incomplete_rows
,,,,,,,<na>,,199.2,16.02,39.0,,,4944,financial data present but missing supporting fields,remove_incomplete_rows
,,,,,,,<na>,,55.0,43.51,11.49,,,4949,financial data present but missing supporting fields,remove_incomplete_rows
,,,,,,,<na>,,13.5,8.6,4.9,,,4953,financial data present but missing supporting fields,remove_incomplete_rows
,,,,,,,<na>,,337.34,132.42,9.5,,,4961,financial data present but missing supporting fields,remove_incomplete_rows
,,,,,,,<na>,,51.0,5.98,15.12,,,4965,financial data present but missing supporting fields,remove_incomplete_rows
,,,,,,,<na>,,48.0,9.22,11.12,,,4969,financial data present but missing supporting fields,remove_incomplete_rows
,,,,,,,<na>,,12.0,9.11,2.89,,,4973,financial data present but missing supporting fields,remove_incomplete_rows
,,,,,,,<na>,,64.0,3.95,24.5,,,4978,financial data present but missing supporting fields,remove_incomplete_rows
,,,,,,,<na>,,106.0,44.19,17.62,,,4986,financial data present but missing supporting fields,remove_incomplete_rows
,,,,,,,<na>,,182.0,92.28,27.11,,,4992,financial data present but missing supporting fields,remove_incomplete_rows
,,,,,,,<na>,,131.25,55.19,76.06,,,5000,financial data present but missing supporting fields,remove_incomplete_rows
,,,,,,,<na>,,52.25,37.34,14.91,,,5004,financial data present but missing supporting fields,remove_incomplete_rows
,,,,,,,<na>,,14.0,9.8,4.2,,,5008,financial data present but missing supporting fields,remove_incomplete_rows
,,,,,,,<na>,,102.75,47.07,19.96,,,5014,financial data present but missing supporting fields,remove_incomplete_rows
,,,,,,,<na>,,25.0,17.5,7.5,,,5018,financial data present but missing supporting fields,remove_incomplete_rows
,,,,,,,<na>,,12.0,0.4,10.4,,,5022,financial data present but missing supporting fields,remove_incomplete_rows
,,,,,,,<na>,,260.0,35.71,188.58,,,5026,financial data present but missing supporting fields,remove_incomplete_rows
,,,,,,,<na>,,92.0,40.0,12.0,,,5030,financial data present but missing supporting fields,remove_incomplete_rows
,,,,,,,<na>,,39.0,3.1,8.0,,,5034,financial data present but missing supporting fields,remove_incomplete_rows
,,,,,,,<na>,,60.0,13.22,7.12,,,5038,financial data present but missing supporting fields,remove_incomplete_rows
,,,,,,,<na>,,436.22,17.72,262.93,,,5045,financial data present but missing supporting fields,remove_incomplete_rows
,,,,,,,<na>,,20.0,13.64,6.36,,,5049,financial data present but missing supporting fields,remove_incomplete_rows
,,,,,,,<na>,,15.0,9.2,5.8,,,5053,financial data present but missing supporting fields,remove_incomplete_rows
,,,,,,,<na>,,30.0,22.28,7.72,,,5058,financial data present but missing supporting fields,remove_incomplete_rows
,,,,,,,<na>,,230.0,175.5,54.5,,,5062,financial data present but missing supporting fields,remove_incomplete_rows
,,,,,,,<na>,,18.0,15.21,2.79,,,5066,financial data present but missing supporting fields,remove_incomplete_rows
,,,,,,,<na>,,30.0,23.33,6.67,,,5070,financial data present but missing supporting fields,remove_incomplete_rows
,,,,,,,<na>,,545.0,59.85,265.52,,,5076,financial data present but missing supporting fields,remove_incomplete_rows
,,,,,,,<na>,,15.0,9.2,5.8,,,5080,financial data present but missing supporting fields,remove_incomplete_rows
,,,,,,,<na>,,41.75,37.86,3.89,,,5084,financial data present but missing supporting fields,remove_incomplete_rows
,,,,,,,<na>,,185.0,164.02,20.98,,,5088,financial data present but missing supporting fields,remove_incomplete_rows
,,,,,,,<na>,,1380.0,40.0,180.0,,,5092,financial data present but missing supporting fields,remove_incomplete_rows
,,,,,,,<na>,,102.0,91.11,10.89,,,5096,financial data present but missing supporting fields,remove_incomplete_rows
,,,,,,,<na>,,21.5,9.9,1.7,,,5100,financial data present but missing supporting fields,remove_incomplete_rows
,,,,,,,<na>,,18.0,15.21,2.79,,,5104,financial data present but missing supporting fields,remove_incomplete_rows
,,,,,,,<na>,,447.0,301.09,69.2,,,5109,financial data present but missing supporting fields,remove_incomplete_rows
,,,,,,,<na>,,19.5,16.18,3.32,,,5113,financial data present but missing supporting fields,remove_incomplete_rows
,,,,,,,<na>,,30.0,23.33,6.67,,,5117,financial data present but missing supporting fields,remove_incomplete_rows
,,,,,,,<na>,,381.5,285.98,54.43,,,5124,financial data present but missing supporting fields,remove_incomplete_rows
,,,,,,,<na>,,72.5,58.37,14.13,,,5129,financial data present but missing supporting fields,remove_incomplete_rows
,,,,,,,<na>,,305.0,22.57,79.3,,,5133,financial data present but missing supporting fields,remove_incomplete_rows
,,,,,,,<na>,,218.5,169.31,49.19,,,5137,financial data present but missing supporting fields,remove_incomplete_rows
,,,,,,,<na>,,218.75,186.01,32.74,,,5142,financial data present but missing supporting fields,remove_incomplete_rows
,,,,,,,<na>,,912.5,54.65,240.01,,,5148,financial data present but missing supporting fields,remove_incomplete_rows
,,,,,,,<na>,,124.25,67.04,17.61,,,5153,financial data present but missing supporting fields,remove_incomplete_rows
,,,,,,,<na>,,75.0,10.85,20.75,,,5157,financial data present but missing supporting fields,remove_incomplete_rows
,,,,,,,<na>,,31.0,25.18,5.82,,,5161,financial data present but missing supporting fields,remove_incomplete_rows
,,,,,,,<na>,,30.0,22.0,8.0,,,5165,financial data present but missing supporting fields,remove_incomplete_rows
,,,,,,,<na>,,996.92,733.55,263.37,,,5170,financial data present but missing supporting fields,remove_incomplete_rows
,,,,,,,<na>,,24.9,11.31,2.28,,,5174,financial data present but missing supporting fields,remove_incomplete_rows
,,,,,,,<na>,,60.0,23.33,13.34,,,5178,financial data present but missing supporting fields,remove_incomplete_rows
,,,,,,,<na>,,19.5,16.18,3.32,,,5182,financial data present but missing supporting fields,remove_incomplete_rows
,,,,,,,<na>,,230.0,201.6,28.4,,,5186,financial data present but missing supporting fields,remove_incomplete_rows
,,,,,,,<na>,,199.0,180.8,18.2,,,5190,financial data present but missing supporting fields,remove_incomplete_rows
,,,,,,,<na>,,361.0,324.8,36.2,,,5194,financial data present but missing supporting fields,remove_incomplete_rows
,,,,,,,<na>,,55.5,47.84,7.66,,,5199,financial data present but missing supporting fields,remove_incomplete_rows
,,,,,,,<na>,,724.8,71.07,14.1,,,5211,financial data present but missing supporting fields,remove_incomplete_rows
,,,,,,,<na>,,104.0,81.25,22.75,,,5215,financial data present but missing supporting fields,remove_incomplete_rows
,,,,,,,<na>,,18.0,15.21,2.79,,,5219,financial data present but missing supporting fields,remove_incomplete_rows
,,,,,,,<na>,,42.5,40.02,2.48,,,5223,financial data present but missing supporting fields,remove_incomplete_rows
,,,,,,,<na>,,154.0,102.12,31.01,,,5228,financial data present but missing supporting fields,remove_incomplete_rows
,,,,,,,<na>,,2.75,0.94,1.81,,,5232,financial data present but missing supporting fields,remove_incomplete_rows
,,,,,,,<na>,,223.75,190.25,33.5,,,5238,financial data present but missing supporting fields,remove_incomplete_rows
,,,,,,,<na>,,73.75,64.25,9.5,,,5243,financial data present but missing supporting fields,remove_incomplete_rows
,,,,,,,<na>,,18.0,15.21,2.79,,,5247,financial data present but missing supporting fields,remove_incomplete_rows
,,,,,,,<na>,,17.5,0.0,17.5,,,5251,financial data present but missing supporting fields,remove_incomplete_rows
,,,,,,,<na>,,60.0,45.33,14.67,,,5256,financial data present but missing supporting fields,remove_incomplete_rows
,,,,,,,<na>,,20.0,15.9,4.1,,,5260,financial data present but missing supporting fields,remove_incomplete_rows
,,,,,,,<na>,,109.5,86.8,15.9,,,5265,financial data present but missing supporting fields,remove_incomplete_rows
,,,,,,,<na>,,8.5,0.0,8.5,,,5269,financial data present but missing supporting fields,remove_incomplete_rows
,,,,,,,<na>,,18.5,15.16,3.34,,,5273,financial data present but missing supporting fields,remove_incomplete_rows
,,,,,,,<na>,,43.25,34.81,8.44,,,5277,financial data present but missing supporting fields,remove_incomplete_rows
,,,,,,,<na>,,18.5,7.27,3.96,,,5281,financial data present but missing supporting fields,remove_incomplete_rows
,,,,,,,<na>,,30.0,23.33,6.67,,,5285,financial data present but missing supporting fields,remove_incomplete_rows
,,,,,,,<na>,,751.4,291.76,138.35,,,5296,financial data present but missing supporting fields,remove_incomplete_rows
,,,,,,,<na>,,117.6,2.86,77.56,,,5300,financial data present but missing supporting fields,remove_incomplete_rows
,,,,,,,<na>,,18.0,15.21,2.79,,,5304,financial data present but missing supporting fields,remove_incomplete_rows
,,,,,,,<na>,,1920.0,55.81,245.85,,,5310,financial data present but missing supporting fields,remove_incomplete_rows
,,,,,,,<na>,,76.5,63.99,12.51,,,5314,financial data present but missing supporting fields,remove_incomplete_rows
,,,,,,,<na>,,156.0,141.19,14.81,,,5320,financial data present but missing supporting fields,remove_incomplete_rows
,,,,,,,<na>,,288.0,38.5,63.6,,,5325,financial data present but missing supporting fields,remove_incomplete_rows
,,,,,,,<na>,,37.58,19.09,11.72,,,5332,financial data present but missing supporting fields,remove_incomplete_rows
,,,,,,,<na>,,65.5,29.34,6.82,,,5336,financial data present but missing supporting fields,remove_incomplete_rows
,,,,,,,<na>,,155.5,43.69,81.57,,,5341,financial data present but missing supporting fields,remove_incomplete_rows
,,,,,,,<na>,,340.5,291.36,49.14,,,5345,financial data present but missing supporting fields,remove_incomplete_rows
,,,,,,,<na>,,372.0,302.68,69.32,,,5352,financial data present but missing supporting fields,remove_incomplete_rows
,,,,,,,<na>,,145.25,127.89,17.36,,,5356,financial data present but missing supporting fields,remove_incomplete_rows
,,,,,,,<na>,,285.0,23.15,53.5,,,5360,financial data present but missing supporting fields,remove_incomplete_rows
,,,,,,,<na>,,51.2,24.37,2.46,,,5364,financial data present but missing supporting fields,remove_incomplete_rows
,,,,,,,<na>,,75.0,55.08,19.92,,,5368,financial data present but missing supporting fields,remove_incomplete_rows
,,,,,,,<na>,,113.0,103.59,9.41,,,5372,financial data present but missing supporting fields,remove_incomplete_rows
,,,,,,,<na>,,55.75,44.05,11.7,,,5376,financial data present but missing supporting fields,remove_incomplete_rows
,,,,,,,<na>,,73.5,46.36,11.92,,,5381,financial data present but missing supporting fields,remove_incomplete_rows
,,,,,,,<na>,,13.0,3.25,6.51,,,5386,financial data present but missing supporting fields,remove_incomplete_rows
,,,,,,,<na>,,75.5,22.1,31.3,,,5390,financial data present but missing supporting fields,remove_incomplete_rows
,,,,,,,<na>,,67.0,57.41,9.59,,,5395,financial data present but missing supporting fields,remove_incomplete_rows
,,,,,,,<na>,,292.75,250.54,35.06,,,5401,financial data present but missing supporting fields,remove_incomplete_rows
,,,,,,,<na>,,45.4,41.27,4.13,,,5405,financial data present but missing supporting fields,remove_incomplete_rows
,,,,,,,<na>,,145.5,86.59,29.46,,,5411,financial data present but missing supporting fields,remove_incomplete_rows
,,,,,,,<na>,,55.0,45.53,9.47,,,5415,financial data present but missing supporting fields,remove_incomplete_rows
,,,,,,,<na>,,60.0,1.66,35.1,,,5419,financial data present but missing supporting fields,remove_incomplete_rows
,,,,,,,<na>,,18.5,15.16,3.34,,,5423,financial data present but missing supporting fields,remove_incomplete_rows
,,,,,,,<na>,,2611.55,2045.54,566.01,,,5427,financial data present but missing supporting fields,remove_incomplete_rows
,,,,,,,<na>,,220.2,89.37,107.78,,,5437,financial data present but missing supporting fields,remove_incomplete_rows
,,,,,,,<na>,,450.0,74.71,76.45,,,5441,financial data present but missing supporting fields,remove_incomplete_rows
,,,,,,,<na>,,8.5,0.0,8.5,,,5445,financial data present but missing supporting fields,remove_incomplete_rows
,,,,,,,<na>,,186.5,155.25,31.25,,,5449,financial data present but missing supporting fields,remove_incomplete_rows
,,,,,,,<na>,,141.0,29.21,24.16,,,5453,financial data present but missing supporting fields,remove_incomplete_rows
,,,,,,,<na>,,30.0,23.33,6.67,,,5457,financial data present but missing supporting fields,remove_incomplete_rows
,,,,,,,<na>,,379.0,233.64,65.36,,,5462,financial data present but missing supporting fields,remove_incomplete_rows
,,,,,,,<na>,,218.5,169.31,49.19,,,5466,financial data present but missing supporting fields,remove_incomplete_rows
,,,,,,,<na>,,18.5,15.16,3.34,,,5470,financial data present but missing supporting fields,remove_incomplete_rows
,,,,,,,<na>,,494.0,13.5,-19.0,,,5474,financial data present but missing supporting fields,remove_incomplete_rows
,,,,,,,<na>,,515.0,42.85,86.5,,,5478,financial data present but missing supporting fields,remove_incomplete_rows
,,,,,,,<na>,,48.0,9.22,11.12,,,5482,financial data present but missing supporting fields,remove_incomplete_rows
,,,,,,,<na>,,8.5,4.05,0.41,,,5486,financial data present but missing supporting fields,remove_incomplete_rows
,,,,,,,<na>,,655.6,308.67,214.65,,,5492,financial data present but missing supporting fields,remove_incomplete_rows
,,,,,,,<na>,,1454.88,82.4,29.88,,,5498,financial data present but missing supporting fields,remove_incomplete_rows
,,,,,,,<na>,,153.75,9.12,16.95,,,5502,financial data present but missing supporting fields,remove_incomplete_rows
,,,,,,,<na>,,2863.2,91.71,89.86,,,5511,financial data present but missing supporting fields,remove_incomplete_rows
,,,,,,,<na>,,18.0,15.21,2.79,,,5515,financial data present but missing supporting fields,remove_incomplete_rows
,,,,,,,<na>,,502.25,60.76,76.93,,,5519,financial data present but missing supporting fields,remove_incomplete_rows
,,,,,,,<na>,,282.0,59.16,6.09,,,5525,financial data present but missing supporting fields,remove_incomplete_rows
,,,,,,,<na>,,383.2,52.55,57.4,,,5531,financial data present but missing supporting fields,remove_incomplete_rows
,,,,,,,<na>,,683.0,364.8,78.2,,,5536,financial data present but missing supporting fields,remove_incomplete_rows
,,,,,,,<na>,,397.25,309.36,87.89,,,5541,financial data present but missing supporting fields,remove_incomplete_rows
,,,,,,,<na>,,91.3,73.78,17.52,,,5545,financial data present but missing supporting fields,remove_incomplete_rows
,,,,,,,<na>,,30.0,10.69,8.62,,,5549,financial data present but missing supporting fields,remove_incomplete_rows
,,,,,,,<na>,,36.12,5.06,0.7,,,5553,financial data present but missing supporting fields,remove_incomplete_rows
,,,,,,,<na>,,39.5,30.39,9.11,,,5557,financial data present but missing supporting fields,remove_incomplete_rows
,,,,,,,<na>,,17.5,7.15,3.2,,,5561,financial data present but missing supporting fields,remove_incomplete_rows
,,,,,,,<na>,,763.5,481.06,282.44,,,5567,financial data present but missing supporting fields,remove_incomplete_rows
,,,,,,,<na>,,21.0,6.58,1.26,,,5571,financial data present but missing supporting fields,remove_incomplete_rows
,,,,,,,<na>,,45.25,39.56,5.69,,,5576,financial data present but missing supporting fields,remove_incomplete_rows
,,,,,,,<na>,,128.5,56.94,14.62,,,5581,financial data present but missing supporting fields,remove_incomplete_rows
,,,,,,,<na>,,107.75,6.17,83.07,,,5586,financial data present but missing supporting fields,remove_incomplete_rows
,,,,,,,<na>,,340.0,87.06,74.74,,,5592,financial data present but missing supporting fields,remove_incomplete_rows
,,,,,,,<na>,,9.0,7.61,1.39,,,5596,financial data present but missing supporting fields,remove_incomplete_rows
,,,,,,,<na>,,82.0,9.71,9.21,,,5601,financial data present but missing supporting fields,remove_incomplete_rows
,,,,,,,<na>,,128.0,115.0,13.0,,,5605,financial data present but missing supporting fields,remove_incomplete_rows
,,,,,,,<na>,,811.6,222.81,-9.77,,,5610,financial data present but missing supporting fields,remove_incomplete_rows
,,,,,,,<na>,,52.5,45.71,6.79,,,5615,financial data present but missing supporting fields,remove_incomplete_rows
,,,,,,,<na>,,97.5,13.71,15.26,,,5619,financial data present but missing supporting fields,remove_incomplete_rows
,,,,,,,<na>,,54.0,43.21,10.79,,,5623,financial data present but missing supporting fields,remove_incomplete_rows
,,,,,,,<na>,,18.5,15.16,3.34,,,5627,financial data present but missing supporting fields,remove_incomplete_rows
,,,,,,,<na>,,1843.05,1115.95,435.3,,,5634,financial data present but missing supporting fields,remove_incomplete_rows
,,,,,,,<na>,,17.0,7.67,1.66,,,5638,financial data present but missing supporting fields,remove_incomplete_rows
,,,,,,,<na>,,617.6,105.9,-46.31,,,5644,financial data present but missing supporting fields,remove_incomplete_rows
,,,,,,,<na>,,86.0,66.5,19.5,,,5649,financial data present but missing supporting fields,remove_incomplete_rows
,,,,,,,<na>,,467.0,154.68,72.32,,,5654,financial data present but missing supporting fields,remove_incomplete_rows
,,,,,,,<na>,,109.5,31.12,12.36,,,5660,financial data present but missing supporting fields,remove_incomplete_rows
,,,,,,,<na>,,1544.5,1092.84,320.41,,,5671,financial data present but missing supporting fields,remove_incomplete_rows
,,,,,,,<na>,,98.25,29.34,10.23,,,5675,financial data present but missing supporting fields,remove_incomplete_rows
,,,,,,,<na>,,4.25,4.05,0.2,,,5679,financial data present but missing supporting fields,remove_incomplete_rows
,,,,,,,<na>,,104.25,90.72,13.53,,,5683,financial data present but missing supporting fields,remove_incomplete_rows
,,,,,,,<na>,,356.0,46.8,48.8,,,5688,financial data present but missing supporting fields,remove_incomplete_rows
,,,,,,,<na>,,30.0,9.2,11.6,,,5692,financial data present but missing supporting fields,remove_incomplete_rows
,,,,,,,<na>,,26.25,21.49,4.76,,,5696,financial data present but missing supporting fields,remove_incomplete_rows
,,,,,,,<na>,,272.15,147.54,61.61,,,5704,financial data present but missing supporting fields,remove_incomplete_rows
,,,,,,,<na>,,752.75,313.25,78.6,,,5709,financial data present but missing supporting fields,remove_incomplete_rows
,,,,,,,<na>,,293.0,130.63,27.17,,,5714,financial data present but missing supporting fields,remove_incomplete_rows
,,,,,,,<na>,,243.0,32.04,50.76,,,5719,financial data present but missing supporting fields,remove_incomplete_rows
,,,,,,,<na>,,198.0,157.63,40.37,,,5723,financial data present but missing supporting fields,remove_incomplete_rows
,,,,,,,<na>,,581.95,133.93,14.73,,,5731,financial data present but missing supporting fields,remove_incomplete_rows
,,,,,,,<na>,,2560.0,2000.0,560.0,,,5735,financial data present but missing supporting fields,remove_incomplete_rows
,,,,,,,<na>,,2551.5,179.93,456.65,,,5742,financial data present but missing supporting fields,remove_incomplete_rows
,,,,,,,<na>,,369.75,108.51,134.21,,,5749,financial data present but missing supporting fields,remove_incomplete_rows
,,,,,,,<na>,,29.0,18.0,11.0,,,5753,financial data present but missing supporting fields,remove_incomplete_rows
,,,,,,,<na>,,104.0,81.25,22.75,,,5757,financial data present but missing supporting fields,remove_incomplete_rows
,,,,,,,<na>,,1350.0,980.0,370.0,,,5761,financial data present but missing supporting fields,remove_incomplete_rows
,,,,,,,<na>,,221.0,177.99,43.01,,,5766,financial data present but missing supporting fields,remove_incomplete_rows
,,,,,,,<na>,,18.0,7.61,2.78,,,5770,financial data present but missing supporting fields,remove_incomplete_rows
,,,,,,,<na>,,1589.75,230.93,294.46,,,5779,financial data present but missing supporting fields,remove_incomplete_rows
,,,,,,,<na>,,313.65,11.92,245.28,,,5785,financial data present but missing supporting fields,remove_incomplete_rows
,,,,,,,<na>,,261.27,17.01,156.06,,,5791,financial data present but missing supporting fields,remove_incomplete_rows
,,,,,,,<na>,,51.5,43.22,8.28,,,5795,financial data present but missing supporting fields,remove_incomplete_rows
,,,,,,,<na>,,99.21,62.43,30.93,,,5801,financial data present but missing supporting fields,remove_incomplete_rows
,,,,,,,<na>,,375.5,150.02,75.46,,,5806,financial data present but missing supporting fields,remove_incomplete_rows
,,,,,,,<na>,,90.0,7.61,13.9,,,5810,financial data present but missing supporting fields,remove_incomplete_rows
,,,,,,,<na>,,76.5,63.99,12.51,,,5814,financial data present but missing supporting fields,remove_incomplete_rows
,,,,,,,<na>,,1246.5,201.68,249.26,,,5820,financial data present but missing supporting fields,remove_incomplete_rows
,,,,,,,<na>,,246.0,36.75,1.56,,,5826,financial data present but missing supporting fields,remove_incomplete_rows
,,,,,,,<na>,,391.76,9.67,180.86,,,5831,financial data present but missing supporting fields,remove_incomplete_rows
,,,,,,,<na>,,1120.0,550.0,570.0,,,5835,financial data present but missing supporting fields,remove_incomplete_rows
,,,,,,,<na>,,54.0,16.02,5.94,,,5839,financial data present but missing supporting fields,remove_incomplete_rows
,,,,,,,<na>,,156.0,23.21,16.74,,,5843,financial data present but missing supporting fields,remove_incomplete_rows
,,,,,,,<na>,,56.0,47.55,8.45,,,5847,financial data present but missing supporting fields,remove_incomplete_rows
,,,,,,,<na>,,110.75,41.87,59.77,,,5853,financial data present but missing supporting fields,remove_incomplete_rows
,,,,,,,<na>,,30.0,22.0,8.0,,,5857,financial data present but missing supporting fields,remove_incomplete_rows
,,,,,,,<na>,,105.0,20.86,49.18,,,5864,financial data present but missing supporting fields,remove_incomplete_rows
,,,,,,,<na>,,85.0,4.05,4.08,,,5868,financial data present but missing supporting fields,remove_incomplete_rows
,,,,,,,<na>,,75.75,38.5,11.64,,,5873,financial data present but missing supporting fields,remove_incomplete_rows
,,,,,,,<na>,,70.5,57.13,13.37,,,5877,financial data present but missing supporting fields,remove_incomplete_rows
,,,,,,,<na>,,29.5,26.75,2.75,,,5881,financial data present but missing supporting fields,remove_incomplete_rows
,,,,,,,<na>,,74.25,6.37,16.88,,,5885,financial data present but missing supporting fields,remove_incomplete_rows
,,,,,,,<na>,,59.75,54.84,4.91,,,5889,financial data present but missing supporting fields,remove_incomplete_rows
,,,,,,,<na>,,100.0,38.09,34.64,,,5899,financial data present but missing supporting fields,remove_incomplete_rows
,,,,,,,<na>,,69.5,51.07,18.43,,,5906,financial data present but missing supporting fields,remove_incomplete_rows
,,,,,,,<na>,,970.28,32.77,407.8,,,5916,financial data present but missing supporting fields,remove_incomplete_rows
,,,,,,,<na>,,45.0,29.2,7.96,,,5921,financial data present but missing supporting fields,remove_incomplete_rows
,,,,,,,<na>,,324.5,33.26,50.36,,,5926,financial data present but missing supporting fields,remove_incomplete_rows
,,,,,,,<na>,,55.0,45.53,9.47,,,5930,financial data present but missing supporting fields,remove_incomplete_rows
,,,,,,,<na>,,1266.56,31.07,396.6,,,5939,financial data present but missing supporting fields,remove_incomplete_rows
,,,,,,,<na>,,82.5,42.22,3.87,,,5944,financial data present but missing supporting fields,remove_incomplete_rows
,,,,,,,<na>,,45.0,7.61,6.95,,,5948,financial data present but missing supporting fields,remove_incomplete_rows
,,,,,,,<na>,,42.0,36.37,5.63,,,5952,financial data present but missing supporting fields,remove_incomplete_rows
,,,,,,,<na>,,75.0,57.98,17.02,,,5956,financial data present but missing supporting fields,remove_incomplete_rows
,,,,,,,<na>,,87.75,78.66,9.09,,,5960,financial data present but missing supporting fields,remove_incomplete_rows
,,,,,,,<na>,,70.5,57.14,13.36,,,5964,financial data present but missing supporting fields,remove_incomplete_rows
,,,,,,,<na>,,33.75,28.0,5.75,,,5968,financial data present but missing supporting fields,remove_incomplete_rows
,,,,,,,<na>,,920.0,40.0,120.0,,,5972,financial data present but missing supporting fields,remove_incomplete_rows
,,,,,,,<na>,,54.0,15.21,8.37,,,5976,financial data present but missing supporting fields,remove_incomplete_rows
,,,,,,,<na>,,379.25,0.0,379.25,,,5980,financial data present but missing supporting fields,remove_incomplete_rows
,,,,,,,<na>,,33.75,28.0,5.75,,,5984,financial data present but missing supporting fields,remove_incomplete_rows
,,,,,,,<na>,,176.5,111.58,28.51,,,5990,financial data present but missing supporting fields,remove_incomplete_rows
,,,,,,,<na>,,205.5,9.6,186.3,,,5995,financial data present but missing supporting fields,remove_incomplete_rows
,,,,,,,<na>,,17.5,7.15,3.2,,,5999,financial data present but missing supporting fields,remove_incomplete_rows
,,,,,,,<na>,,276.0,40.0,36.0,,,6003,financial data present but missing supporting fields,remove_incomplete_rows
,,,,,,,<na>,,30.0,23.33,6.67,,,6007,financial data present but missing supporting fields,remove_incomplete_rows
,,,,,,,<na>,,104.0,81.25,22.75,,,6011,financial data present but missing supporting fields,remove_incomplete_rows
,,,,,,,<na>,,54.0,44.63,9.37,,,6015,financial data present but missing supporting fields,remove_incomplete_rows
,,,,,,,<na>,,110.0,45.0,20.0,,,6019,financial data present but missing supporting fields,remove_incomplete_rows
,,,,,,,<na>,,21.25,4.05,1.02,,,6023,financial data present but missing supporting fields,remove_incomplete_rows
,,,,,,,<na>,,42.0,20.0,22.0,,,6027,financial data present but missing supporting fields,remove_incomplete_rows
,,,,,,,<na>,,47.0,10.78,3.88,,,6031,financial data present but missing supporting fields,remove_incomplete_rows
,,,,,,,<na>,,39.25,31.81,7.44,,,6035,financial data present but missing supporting fields,remove_incomplete_rows
,,,,,,,<na>,,193.0,90.75,102.25,,,6040,financial data present but missing supporting fields,remove_incomplete_rows
,,,,,,,<na>,,49.5,22.77,3.95,,,6044,financial data present but missing supporting fields,remove_incomplete_rows
,,,,,,,<na>,,42.0,22.48,18.77,,,6049,financial data present but missing supporting fields,remove_incomplete_rows
,,,,,,,<na>,,48.0,9.11,11.56,,,6053,financial data present but missing supporting fields,remove_incomplete_rows
,,,,,,,<na>,,222.68,153.71,68.97,,,6061,financial data present but missing supporting fields,remove_incomplete_rows
,,,,,,,<na>,,2265.75,1307.57,510.61,,,6067,financial data present but missing supporting fields,remove_incomplete_rows
,,,,,,,<na>,,97.5,7.84,50.46,,,6072,financial data present but missing supporting fields,remove_incomplete_rows
,,,,,,,<na>,,177.75,87.16,75.43,,,6078,financial data present but missing supporting fields,remove_incomplete_rows
,,,,,,,<na>,,40.2,13.39,0.03,,,6082,financial data present but missing supporting fields,remove_incomplete_rows
,,,,,,,<na>,,75.5,22.1,31.3,,,6086,financial data present but missing supporting fields,remove_incomplete_rows
,,,,,,,<na>,,75.5,22.1,31.3,,,6090,financial data present but missing supporting fields,remove_incomplete_rows
,,,,,,,<na>,,256.75,218.21,38.54,,,6097,financial data present but missing supporting fields,remove_incomplete_rows
,,,,,,,<na>,,21.5,9.9,1.7,,,6101,financial data present but missing supporting fields,remove_incomplete_rows
,,,,,,,<na>,,12.0,7.35,4.65,,,6105,financial data present but missing supporting fields,remove_incomplete_rows
,,,,,,,<na>,,1250.0,850.0,400.0,,,6109,financial data present but missing supporting fields,remove_incomplete_rows
,,,,,,,<na>,,36.75,30.36,6.39,,,6113,financial data present but missing supporting fields,remove_incomplete_rows
,,,,,,,<na>,,3160.0,2380.0,780.0,,,6118,financial data present but missing supporting fields,remove_incomplete_rows
,,,,,,,<na>,,114.8,60.76,-6.72,,,6122,financial data present but missing supporting fields,remove_incomplete_rows
,,,,,,,<na>,,37.0,15.16,6.68,,,6126,financial data present but missing supporting fields,remove_incomplete_rows
,,,,,,,<na>,,54.0,44.63,9.37,,,6130,financial data present but missing supporting fields,remove_incomplete_rows
,,,,,,,<na>,,218.0,108.99,109.01,,,6136,financial data present but missing supporting fields,remove_incomplete_rows
,,,,,,,<na>,,25.5,4.05,1.22,,,6140,financial data present but missing supporting fields,remove_incomplete_rows
,,,,,,,<na>,,104.0,65.0,39.0,,,6144,financial data present but missing supporting fields,remove_incomplete_rows
,,,,,,,<na>,,70.5,21.17,6.99,,,6148,financial data present but missing supporting fields,remove_incomplete_rows
,,,,,,,<na>,,358.5,295.45,63.05,,,6152,financial data present but missing supporting fields,remove_incomplete_rows
,,,,,,,<na>,,10.0,8.64,1.36,,,6156,financial data present but missing supporting fields,remove_incomplete_rows
,,,,,,,<na>,,62.0,25.18,11.64,,,6160,financial data present but missing supporting fields,remove_incomplete_rows
,,,,,,,<na>,,52.0,37.04,14.96,,,6164,financial data present but missing supporting fields,remove_incomplete_rows
,,,,,,,<na>,,142.4,93.94,34.82,,,6172,financial data present but missing supporting fields,remove_incomplete_rows
,,,,,,,<na>,,85.0,7.67,8.3,,,6176,financial data present but missing supporting fields,remove_incomplete_rows
,,,,,,,<na>,,85.0,7.67,8.3,,,6180,financial data present but missing supporting fields,remove_incomplete_rows
,,,,,,,<na>,,372.0,292.61,79.39,,,6184,financial data present but missing supporting fields,remove_incomplete_rows
,,,,,,,<na>,,55.0,45.53,9.47,,,6188,financial data present but missing supporting fields,remove_incomplete_rows
,,,,,,,<na>,,21.0,2.85,3.92,,,6192,financial data present but missing supporting fields,remove_incomplete_rows
,,,,,,,<na>,,322.0,40.0,42.0,,,6196,financial data present but missing supporting fields,remove_incomplete_rows
,,,,,,,<na>,,1110.0,650.08,-4.66,,,6202,financial data present but missing supporting fields,remove_incomplete_rows
,,,,,,,<na>,,265.5,101.55,45.9,,,6215,financial data present but missing supporting fields,remove_incomplete_rows
,,,,,,,<na>,,90.0,7.61,13.9,,,6219,financial data present but missing supporting fields,remove_incomplete_rows
,,,,,,,<na>,,75.0,6.19,13.1,,,6223,financial data present but missing supporting fields,remove_incomplete_rows
,,,,,,,<na>,,12.0,9.11,2.89,,,6227,financial data present but missing supporting fields,remove_incomplete_rows
,,,,,,,<na>,,530.0,183.2,294.25,,,6234,financial data present but missing supporting fields,remove_incomplete_rows
,,,,,,,<na>,,179.5,34.95,60.08,,,6240,financial data present but missing supporting fields,remove_incomplete_rows
,,,,,,,<na>,,125.0,10.18,23.2,,,6244,financial data present but missing supporting fields,remove_incomplete_rows
,,,,,,,<na>,,1925.88,61.19,409.95,,,6256,financial data present but missing supporting fields,remove_incomplete_rows
,,,,,,,<na>,,116.1,9.03,25.8,,,6260,financial data present but missing supporting fields,remove_incomplete_rows
,,,,,,,<na>,,70.5,57.13,13.37,,,6264,financial data present but missing supporting fields,remove_incomplete_rows
,,,,,,,<na>,,30.0,23.33,6.67,,,6268,financial data present but missing supporting fields,remove_incomplete_rows
,,,,,,,<na>,,18.0,6.6,4.8,,,6272,financial data present but missing supporting fields,remove_incomplete_rows
,,,,,,,<na>,,1438.75,937.74,455.47,,,6282,financial data present but missing supporting fields,remove_incomplete_rows
,,,,,,,<na>,,58.5,34.54,17.65,,,6289,financial data present but missing supporting fields,remove_incomplete_rows
,,,,,,,<na>,,61.0,27.29,6.42,,,6293,financial data present but missing supporting fields,remove_incomplete_rows
,,,,,,,<na>,,35.0,20.31,14.69,,,6297,financial data present but missing supporting fields,remove_incomplete_rows
,,,,,,,<na>,,56.0,44.89,11.11,,,6302,financial data present but missing supporting fields,remove_incomplete_rows
,,,,,,,<na>,,333.25,268.12,65.13,,,6309,financial data present but missing supporting fields,remove_incomplete_rows
,,,,,,,<na>,,109.5,87.76,21.74,,,6315,financial data present but missing supporting fields,remove_incomplete_rows
,,,,,,,<na>,,81.5,11.96,19.08,,,6320,financial data present but missing supporting fields,remove_incomplete_rows
,,,,,,,<na>,,33.75,28.0,5.75,,,6324,financial data present but missing supporting fields,remove_incomplete_rows
,,,,,,,<na>,,790.5,45.82,127.2,,,6329,financial data present but missing supporting fields,remove_incomplete_rows
,,,,,,,<na>,,63.85,8.45,21.6,,,6334,financial data present but missing supporting fields,remove_incomplete_rows
,,,,,,,<na>,,206.5,8.05,198.45,,,6340,financial data present but missing supporting fields,remove_incomplete_rows
,,,,,,,<na>,,8.5,4.05,0.41,,,6344,financial data present but missing supporting fields,remove_incomplete_rows
,,,,,,,<na>,,150.0,12.98,20.2,,,6348,financial data present but missing supporting fields,remove_incomplete_rows
,,,,,,,<na>,,85.0,4.05,4.08,,,6352,financial data present but missing supporting fields,remove_incomplete_rows
,,,,,,,<na>,,85.0,4.05,4.08,,,6356,financial data present but missing supporting fields,remove_incomplete_rows
,,,,,,,<na>,,42.5,7.84,3.3,,,6360,financial data present but missing supporting fields,remove_incomplete_rows
,,,,,,,<na>,,294.0,68.9,87.3,,,6364,financial data present but missing supporting fields,remove_incomplete_rows
,,,,,,,<na>,,27.0,7.61,4.17,,,6368,financial data present but missing supporting fields,remove_incomplete_rows
,,,,,,,<na>,,21.0,2.85,3.92,,,6372,financial data present but missing supporting fields,remove_incomplete_rows
,,,,,,,<na>,,66.0,18.63,10.11,,,6376,financial data present but missing supporting fields,remove_incomplete_rows
,,,,,,,<na>,,83.0,21.13,22.11,,,6381,financial data present but missing supporting fields,remove_incomplete_rows
,,,,,,,<na>,,92.5,80.0,12.5,,,6385,financial data present but missing supporting fields,remove_incomplete_rows
,,,,,,,<na>,,135.52,25.43,33.81,,,6389,financial data present but missing supporting fields,remove_incomplete_rows
,,,,,,,<na>,,35.0,14.1,20.9,,,6394,financial data present but missing supporting fields,remove_incomplete_rows
,,,,,,,<na>,,36.5,30.37,6.13,,,6399,financial data present but missing supporting fields,remove_incomplete_rows
,,,,,,,<na>,,18.0,15.21,2.79,,,6403,financial data present but missing supporting fields,remove_incomplete_rows
,,,,,,,<na>,,18.0,15.21,2.79,,,6407,financial data present but missing supporting fields,remove_incomplete_rows
,,,,,,,<na>,,19.04,16.53,2.51,,,6411,financial data present but missing supporting fields,remove_incomplete_rows
,,,,,,,<na>,,287.65,206.64,81.01,,,6415,financial data present but missing supporting fields,remove_incomplete_rows
,,,,,,,<na>,,150.0,33.41,29.2,,,6421,financial data present but missing supporting fields,remove_incomplete_rows
,,,,,,,<na>,,691.0,322.44,46.12,,,6425,financial data present but missing supporting fields,remove_incomplete_rows
,,,,,,,<na>,,142.96,2.41,80.46,,,6432,financial data present but missing supporting fields,remove_incomplete_rows
,,,,,,,<na>,,683.0,364.8,78.2,,,6437,financial data present but missing supporting fields,remove_incomplete_rows
,,,,,,,<na>,,21.5,9.9,1.7,,,6441,financial data present but missing supporting fields,remove_incomplete_rows
,,,,,,,<na>,,978.0,258.11,461.78,,,6445,financial data present but missing supporting fields,remove_incomplete_rows
,,,,,,,<na>,,28.0,8.45,17.55,,,6450,financial data present but missing supporting fields,remove_incomplete_rows
,,,,,,,<na>,,25.0,13.7,11.3,,,6454,financial data present but missing supporting fields,remove_incomplete_rows
,,,,,,,<na>,,18.0,15.21,2.79,,,6458,financial data present but missing supporting fields,remove_incomplete_rows
,,,,,,,<na>,,78.0,70.5,7.5,,,6462,financial data present but missing supporting fields,remove_incomplete_rows
,,,,,,,<na>,,209.2,26.7,24.8,,,6467,financial data present but missing supporting fields,remove_incomplete_rows
,,,,,,,<na>,,18.0,15.21,2.79,,,6471,financial data present but missing supporting fields,remove_incomplete_rows
,,,,,,,<na>,,30.5,5.19,4.55,,,6475,financial data present but missing supporting fields,remove_incomplete_rows
,,,,,,,<na>,,18.5,15.16,3.34,,,6479,financial data present but missing supporting fields,remove_incomplete_rows
,,,,,,,<na>,,25.0,19.71,5.29,,,6483,financial data present but missing supporting fields,remove_incomplete_rows
,,,,,,,<na>,,42.5,4.05,2.04,,,6487,financial data present but missing supporting fields,remove_incomplete_rows
,,,,,,,<na>,,40.0,0.85,23.0,,,6491,financial data present but missing supporting fields,remove_incomplete_rows
,,,,,,,<na>,,92.25,65.02,17.47,,,6497,financial data present but missing supporting fields,remove_incomplete_rows
,,,,,,,<na>,,739.0,275.14,310.59,,,6502,financial data present but missing supporting fields,remove_incomplete_rows
,,,,,,,<na>,,94.5,9.9,5.4,,,6506,financial data present but missing supporting fields,remove_incomplete_rows
,,,,,,,<na>,,10.5,9.9,0.6,,,6510,financial data present but missing supporting fields,remove_incomplete_rows
,,,,,,,<na>,,27.0,6.8,6.6,,,6514,financial data present but missing supporting fields,remove_incomplete_rows
,,,,,,,<na>,,151.75,60.03,36.19,,,6519,financial data present but missing supporting fields,remove_incomplete_rows
,,,,,,,<na>,,260.25,115.69,69.58,,,6529,financial data present but missing supporting fields,remove_incomplete_rows
,,,,,,,<na>,,413.3,113.78,59.52,,,6534,financial data present but missing supporting fields,remove_incomplete_rows
,,,,,,,<na>,,457.5,22.57,118.95,,,6538,financial data present but missing supporting fields,remove_incomplete_rows
,,,,,,,<na>,,150.0,127.17,22.83,,,6543,financial data present but missing supporting fields,remove_incomplete_rows
,,,,,,,<na>,,10.0,8.64,1.36,,,6547,financial data present but missing supporting fields,remove_incomplete_rows
,,,,,,,<na>,,20.0,13.64,6.36,,,6551,financial data present but missing supporting fields,remove_incomplete_rows
,,,,,,,<na>,,911.5,650.23,84.71,,,6557,financial data present but missing supporting fields,remove_incomplete_rows
,,,,,,,<na>,,18.0,15.21,2.79,,,6561,financial data present but missing supporting fields,remove_incomplete_rows
,,,,,,,<na>,,326.25,72.41,158.82,,,6569,financial data present but missing supporting fields,remove_incomplete_rows
,,,,,,,<na>,,851.0,70.53,-30.6,,,6576,financial data present but missing supporting fields,remove_incomplete_rows
,,,,,,,<na>,,13.94,0.4,8.74,,,6581,financial data present but missing supporting fields,remove_incomplete_rows
,,,,,,,<na>,,896.5,207.57,688.93,,,6586,financial data present but missing supporting fields,remove_incomplete_rows
,,,,,,,<na>,,335.0,334.88,0.12,,,6590,financial data present but missing supporting fields,remove_incomplete_rows
,,,,,,,<na>,,9.0,6.8,2.2,,,6594,financial data present but missing supporting fields,remove_incomplete_rows
,,,,,,,<na>,,1232.5,465.68,508.71,,,6599,financial data present but missing supporting fields,remove_incomplete_rows
,,,,,,,<na>,,12.5,11.34,1.16,,,6604,financial data present but missing supporting fields,remove_incomplete_rows
,,,,,,,<na>,,55.0,45.53,9.47,,,6608,financial data present but missing supporting fields,remove_incomplete_rows
,,,,,,,<na>,,64.25,53.86,10.39,,,6612,financial data present but missing supporting fields,remove_incomplete_rows
,,,,,,,<na>,,8.5,4.05,0.41,,,6616,financial data present but missing supporting fields,remove_incomplete_rows
,,,,,,,<na>,,1192.0,572.37,172.06,,,6622,financial data present but missing supporting fields,remove_incomplete_rows
,,,,,,,<na>,,204.4,29.02,1.26,,,6626,financial data present but missing supporting fields,remove_incomplete_rows
,,,,,,,<na>,,53.0,45.66,7.34,,,6631,financial data present but missing supporting fields,remove_incomplete_rows
,,,,,,,<na>,,99.25,59.22,23.95,,,6636,financial data present but missing supporting fields,remove_incomplete_rows
,,,,,,,<na>,,121.2,44.53,8.74,,,6641,financial data present but missing supporting fields,remove_incomplete_rows
,,,,,,,<na>,,597.0,178.02,118.94,,,6647,financial data present but missing supporting fields,remove_incomplete_rows
,,,,,,,<na>,,18.0,15.21,2.79,,,6651,financial data present but missing supporting fields,remove_incomplete_rows
,,,,,,,<na>,,18.0,15.21,2.79,,,6655,financial data present but missing supporting fields,remove_incomplete_rows
,,,,,,,<na>,,16.5,7.29,1.92,,,6659,financial data present but missing supporting fields,remove_incomplete_rows
,,,,,,,<na>,,378.0,16.8,25.2,,,6663,financial data present but missing supporting fields,remove_incomplete_rows
,,,,,,,<na>,,135.0,114.12,20.88,,,6667,financial data present but missing supporting fields,remove_incomplete_rows
,,,,,,,<na>,,379.0,338.37,40.63,,,6672,financial data present but missing supporting fields,remove_incomplete_rows
,,,,,,,<na>,,47.0,30.01,16.99,,,6677,financial data present but missing supporting fields,remove_incomplete_rows
,,,,,,,<na>,,95.75,12.48,70.79,,,6683,financial data present but missing supporting fields,remove_incomplete_rows
,,,,,,,<na>,,113.0,103.59,9.41,,,6687,financial data present but missing supporting fields,remove_incomplete_rows
,,,,,,,<na>,,135.0,84.05,14.54,,,6692,financial data present but missing supporting fields,remove_incomplete_rows
,,,,,,,<na>,,86.0,33.0,20.0,,,6696,financial data present but missing supporting fields,remove_incomplete_rows
,,,,,,,<na>,,70.0,24.02,17.63,,,6701,financial data present but missing supporting fields,remove_incomplete_rows
,,,,,,,<na>,,45.0,3.15,13.5,,,6705,financial data present but missing supporting fields,remove_incomplete_rows
,,,,,,,<na>,,147.0,121.13,25.87,,,6710,financial data present but missing supporting fields,remove_incomplete_rows
,,,,,,,<na>,,265.0,10.65,52.08,,,6715,financial data present but missing supporting fields,remove_incomplete_rows
,,,,,,,<na>,,42.0,17.34,7.32,,,6719,financial data present but missing supporting fields,remove_incomplete_rows
,,,,,,,<na>,,159.0,80.05,38.41,,,6726,financial data present but missing supporting fields,remove_incomplete_rows
,,,,,,,<na>,,42.0,3.36,28.56,,,6730,financial data present but missing supporting fields,remove_incomplete_rows
,,,,,,,<na>,,90.0,16.02,9.9,,,6734,financial data present but missing supporting fields,remove_incomplete_rows
,,,,,,,<na>,,354.75,132.2,196.68,,,6757,financial data present but missing supporting fields,remove_incomplete_rows
,,,,,,,<na>,,128.5,24.73,21.86,,,6762,financial data present but missing supporting fields,remove_incomplete_rows
,,,,,,,<na>,,1051.62,136.97,383.72,,,6776,financial data present but missing supporting fields,remove_incomplete_rows
,,,,,,,<na>,,360.0,19.48,67.8,,,6780,financial data present but missing supporting fields,remove_incomplete_rows
,,,,,,,<na>,,4614.0,174.75,894.9,,,6787,financial data present but missing supporting fields,remove_incomplete_rows
,,,,,,,<na>,,385.0,23.58,70.14,,,6794,financial data present but missing supporting fields,remove_incomplete_rows
,,,,,,,<na>,,34.0,29.45,4.55,,,6798,financial data present but missing supporting fields,remove_incomplete_rows
,,,,,,,<na>,,97.8,65.82,13.38,,,6808,financial data present but missing supporting fields,remove_incomplete_rows
,,,,,,,<na>,,2250.0,126.0,360.0,,,6812,financial data present but missing supporting fields,remove_incomplete_rows
,,,,,,,<na>,,23.5,0.0,23.5,,,6816,financial data present but missing supporting fields,remove_incomplete_rows
,,,,,,,<na>,,314.5,115.52,163.19,,,6822,financial data present but missing supporting fields,remove_incomplete_rows
,,,,,,,<na>,,73.0,29.02,14.96,,,6826,financial data present but missing supporting fields,remove_incomplete_rows
,,,,,,,<na>,,55.0,45.7,9.3,,,6830,financial data present but missing supporting fields,remove_incomplete_rows
,,,,,,,<na>,,76.5,63.99,12.51,,,6834,financial data present but missing supporting fields,remove_incomplete_rows
,,,,,,,<na>,,44.5,41.09,3.41,,,6838,financial data present but missing supporting fields,remove_incomplete_rows
,,,,,,,<na>,,92.5,6.5,60.0,,,6842,financial data present but missing supporting fields,remove_incomplete_rows
,,,,,,,<na>,,76.5,63.99,12.51,,,6846,financial data present but missing supporting fields,remove_incomplete_rows
,,,,,,,<na>,,18.0,7.61,2.78,,,6850,financial data present but missing supporting fields,remove_incomplete_rows
,,,,,,,<na>,,18.0,7.61,2.78,,,6854,financial data present but missing supporting fields,remove_incomplete_rows
,,,,,,,<na>,,195.75,0.0,195.75,,,6858,financial data present but missing supporting fields,remove_incomplete_rows
,,,,,,,<na>,,34.5,30.5,4.0,,,6862,financial data present but missing supporting fields,remove_incomplete_rows
,,,,,,,<na>,,10.0,6.0,4.0,,,6866,financial data present but missing supporting fields,remove_incomplete_rows
,,,,,,,<na>,,152.0,89.96,62.04,,,6871,financial data present but missing supporting fields,remove_incomplete_rows
,,,,,,,<na>,,35.0,14.1,20.9,,,6876,financial data present but missing supporting fields,remove_incomplete_rows
,,,,,,,<na>,,180.0,87.32,58.63,,,6887,financial data present but missing supporting fields,remove_incomplete_rows
,,,,,,,<na>,,30.0,1.2,18.0,,,6891,financial data present but missing supporting fields,remove_incomplete_rows
,,,,,,,<na>,,45.0,7.61,6.95,,,6895,financial data present but missing supporting fields,remove_incomplete_rows
,,,,,,,<na>,,55.0,46.22,8.78,,,6899,financial data present but missing supporting fields,remove_incomplete_rows
,,,,,,,<na>,,73.25,59.79,13.46,,,6904,financial data present but missing supporting fields,remove_incomplete_rows
,,,,,,,<na>,,61.75,55.5,6.25,,,6908,financial data present but missing supporting fields,remove_incomplete_rows
,,,,,,,<na>,,159.0,35.32,17.72,,,6912,financial data present but missing supporting fields,remove_incomplete_rows
,,,,,,,<na>,,42.5,40.02,2.48,,,6916,financial data present but missing supporting fields,remove_incomplete_rows
,,,,,,,<na>,,21.25,4.05,1.02,,,6920,financial data present but missing supporting fields,remove_incomplete_rows
,,,,,,,<na>,,20.0,12.37,7.63,,,6924,financial data present but missing supporting fields,remove_incomplete_rows
,,,,,,,<na>,,21.5,1.95,14.3,,,6929,financial data present but missing supporting fields,remove_incomplete_rows
,,,,,,,<na>,,108.0,90.75,17.25,,,6942,financial data present but missing supporting fields,remove_incomplete_rows
,,,,,,,<na>,,105.0,9.9,6.0,,,6946,financial data present but missing supporting fields,remove_incomplete_rows
,,,,,,,<na>,,2111.0,1281.54,399.16,,,6957,financial data present but missing supporting fields,remove_incomplete_rows
,,,,,,,<na>,,64.25,53.86,10.39,,,6961,financial data present but missing supporting fields,remove_incomplete_rows
,,,,,,,<na>,,435.0,23.73,79.05,,,6965,financial data present but missing supporting fields,remove_incomplete_rows
,,,,,,,<na>,,30.0,23.33,6.67,,,6969,financial data present but missing supporting fields,remove_incomplete_rows
,,,,,,,<na>,,33.0,27.12,5.88,,,6973,financial data present but missing supporting fields,remove_incomplete_rows
,,,,,,,<na>,,92.5,80.0,12.5,,,6977,financial data present but missing supporting fields,remove_incomplete_rows
,,,,,,,<na>,,1299.75,49.53,312.09,,,6985,financial data present but missing supporting fields,remove_incomplete_rows
,,,,,,,<na>,,54.0,6.6,14.4,,,6989,financial data present but missing supporting fields,remove_incomplete_rows
,,,,,,,<na>,,235.5,31.18,29.82,,,6994,financial data present but missing supporting fields,remove_incomplete_rows
,,,,,,,<na>,,65.0,53.81,11.19,,,6998,financial data present but missing supporting fields,remove_incomplete_rows
,,,,,,,<na>,,413.0,235.34,74.97,,,7004,financial data present but missing supporting fields,remove_incomplete_rows
,,,,,,,<na>,,31.0,25.18,5.82,,,7008,financial data present but missing supporting fields,remove_incomplete_rows
,,,,,,,<na>,,61.25,0.0,61.25,,,7012,financial data present but missing supporting fields,remove_incomplete_rows
,,,,,,,<na>,,6.0,6.0,0.0,,,7016,financial data present but missing supporting fields,remove_incomplete_rows
,,,,,,,<na>,,95.0,45.0,50.0,,,7020,financial data present but missing supporting fields,remove_incomplete_rows
,,,,,,,<na>,,21.0,6.58,1.26,,,7024,financial data present but missing supporting fields,remove_incomplete_rows
,,,,,,,<na>,,368.0,347.98,20.02,,,7028,financial data present but missing supporting fields,remove_incomplete_rows
,,,,,,,<na>,,372.0,292.61,79.39,,,7032,financial data present but missing supporting fields,remove_incomplete_rows
,,,,,,,<na>,,384.5,87.19,61.46,,,7038,financial data present but missing supporting fields,remove_incomplete_rows
,,,,,,,<na>,,42.5,40.02,2.48,,,7042,financial data present but missing supporting fields,remove_incomplete_rows
,,,,,,,<na>,,18.0,15.21,2.79,,,7046,financial data present but missing supporting fields,remove_incomplete_rows
,,,,,,,<na>,,34.5,30.5,4.0,,,7050,financial data present but missing supporting fields,remove_incomplete_rows
,,,,,,,<na>,,20.0,15.9,4.1,,,7054,financial data present but missing supporting fields,remove_incomplete_rows
,,,,,,,<na>,,300.75,220.7,80.05,,,7060,financial data present but missing supporting fields,remove_incomplete_rows
,,,,,,,<na>,,160.0,48.64,28.8,,,7065,financial data present but missing supporting fields,remove_incomplete_rows
,,,,,,,<na>,,104.0,81.25,22.75,,,7069,financial data present but missing supporting fields,remove_incomplete_rows
,,,,,,,<na>,,63.5,55.67,7.83,,,7074,financial data present but missing supporting fields,remove_incomplete_rows
,,,,,,,<na>,,74.7,11.31,6.84,,,7079,financial data present but missing supporting fields,remove_incomplete_rows
,,,,,,,<na>,,25.0,0.78,17.2,,,7083,financial data present but missing supporting fields,remove_incomplete_rows
,,,,,,,<na>,,953.55,700.69,252.86,,,7095,financial data present but missing supporting fields,remove_incomplete_rows
,,,,,,,<na>,,125.0,13.26,89.12,,,7100,financial data present but missing supporting fields,remove_incomplete_rows
,,,,,,,<na>,,483.0,199.25,280.25,,,7106,financial data present but missing supporting fields,remove_incomplete_rows
,,,,,,,<na>,,261.25,9.5,80.75,,,7110,financial data present but missing supporting fields,remove_incomplete_rows
,,,,,,,<na>,,35.0,12.95,9.1,,,7114,financial data present but missing supporting fields,remove_incomplete_rows
,,,,,,,<na>,,33.75,28.0,5.75,,,7118,financial data present but missing supporting fields,remove_incomplete_rows
,,,,,,,<na>,,36.0,15.21,5.58,,,7122,financial data present but missing supporting fields,remove_incomplete_rows
,,,,,,,<na>,,476.85,15.21,461.64,,,7127,financial data present but missing supporting fields,remove_incomplete_rows
,,,,,,,<na>,,48.0,38.54,9.46,,,7132,financial data present but missing supporting fields,remove_incomplete_rows
,,,,,,,<na>,,52.0,34.34,17.66,,,7139,financial data present but missing supporting fields,remove_incomplete_rows
,,,,,,,<na>,,343.0,65.5,74.6,,,7144,financial data present but missing supporting fields,remove_incomplete_rows
,,,,,,,<na>,,165.0,45.8,27.6,,,7148,financial data present but missing supporting fields,remove_incomplete_rows
,,,,,,,<na>,,191.5,88.35,14.8,,,7152,financial data present but missing supporting fields,remove_incomplete_rows
,,,,,,,<na>,,995.5,479.27,196.23,,,7158,financial data present but missing supporting fields,remove_incomplete_rows
,,,,,,,<na>,,123.5,111.6,11.9,,,7162,financial data present but missing supporting fields,remove_incomplete_rows
,,,,,,,<na>,,55.0,45.53,9.47,,,7166,financial data present but missing supporting fields,remove_incomplete_rows
,,,,,,,<na>,,12.0,6.67,5.33,,,7170,financial data present but missing supporting fields,remove_incomplete_rows
,,,,,,,<na>,,27.5,0.94,18.1,,,7174,financial data present but missing supporting fields,remove_incomplete_rows
,,,,,,,<na>,,193.25,48.03,26.24,,,7179,financial data present but missing supporting fields,remove_incomplete_rows
,,,,,,,<na>,,18.0,15.21,2.79,,,7183,financial data present but missing supporting fields,remove_incomplete_rows
,,,,,,,<na>,,895.5,503.17,366.33,,,7189,financial data present but missing supporting fields,remove_incomplete_rows
,,,,,,,<na>,,36.0,15.21,5.58,,,7193,financial data present but missing supporting fields,remove_incomplete_rows
,,,,,,,<na>,,65.5,29.34,6.82,,,7197,financial data present but missing supporting fields,remove_incomplete_rows
,,,,,,,<na>,,185.0,164.02,20.98,,,7201,financial data present but missing supporting fields,remove_incomplete_rows
,,,,,,,<na>,,85.0,40.02,4.96,,,7206,financial data present but missing supporting fields,remove_incomplete_rows
,,,,,,,<na>,,30.0,23.33,6.67,,,7210,financial data present but missing supporting fields,remove_incomplete_rows
,,,,,,,<na>,,12.0,9.22,2.78,,,7214,financial data present but missing supporting fields,remove_incomplete_rows
,,,,,,,<na>,,122.5,4.05,41.58,,,7219,financial data present but missing supporting fields,remove_incomplete_rows
,,,,,,,<na>,,76.5,63.99,12.51,,,7223,financial data present but missing supporting fields,remove_incomplete_rows
,,,,,,,<na>,,3040.0,1562.8,1234.0,,,7229,financial data present but missing supporting fields,remove_incomplete_rows
,,,,,,,<na>,,50.0,0.85,28.75,,,7233,financial data present but missing supporting fields,remove_incomplete_rows
,,,,,,,<na>,,100.0,0.0,100.0,,,7237,financial data present but missing supporting fields,remove_incomplete_rows
,,,,,,,<na>,,480.0,12.27,111.9,,,7241,financial data present but missing supporting fields,remove_incomplete_rows
,,,,,,,<na>,,378.5,315.55,62.95,,,7247,financial data present but missing supporting fields,remove_incomplete_rows
,,,,,,,<na>,,98.75,85.43,13.32,,,7251,financial data present but missing supporting fields,remove_incomplete_rows
,,,,,,,<na>,,83.9,76.79,7.11,,,7256,financial data present but missing supporting fields,remove_incomplete_rows
,,,,,,,<na>,,38.0,1.25,25.5,,,7260,financial data present but missing supporting fields,remove_incomplete_rows
,,,,,,,<na>,,61.0,5.19,9.1,,,7264,financial data present but missing supporting fields,remove_incomplete_rows
,,,,,,,<na>,,343.75,275.0,68.75,,,7268,financial data present but missing supporting fields,remove_incomplete_rows
,,,,,,,<na>,,83.0,35.95,10.64,,,7273,financial data present but missing supporting fields,remove_incomplete_rows
,,,,,,,<na>,,107.5,71.43,21.78,,,7278,financial data present but missing supporting fields,remove_incomplete_rows
,,,,,,,<na>,,54.25,42.07,12.18,,,7283,financial data present but missing supporting fields,remove_incomplete_rows
,,,,,,,<na>,,183.5,112.36,71.14,,,7288,financial data present but missing supporting fields,remove_incomplete_rows
,,,,,,,<na>,,43.0,33.0,10.0,,,7292,financial data present but missing supporting fields,remove_incomplete_rows
,,,,,,,<na>,,212.25,188.21,24.04,,,7298,financial data present but missing supporting fields,remove_incomplete_rows
,,,,,,,<na>,,50.0,8.0,42.0,,,7302,financial data present but missing supporting fields,remove_incomplete_rows
,,,,,,,<na>,,148.0,108.95,22.97,,,7307,financial data present but missing supporting fields,remove_incomplete_rows
,,,,,,,<na>,,25.0,0.4,21.0,,,7311,financial data present but missing supporting fields,remove_incomplete_rows
,,,,,,,<na>,,48.0,23.65,0.7,,,7315,financial data present but missing supporting fields,remove_incomplete_rows
,,,,,,,<na>,,10.0,9.0,1.0,,,7319,financial data present but missing supporting fields,remove_incomplete_rows
,,,,,,,<na>,,72.5,59.15,13.35,,,7323,financial data present but missing supporting fields,remove_incomplete_rows
,,,,,,,<na>,,80.5,14.98,12.91,,,7328,financial data present but missing supporting fields,remove_incomplete_rows
,,,,,,,<na>,,1043.5,744.79,174.3,,,7342,financial data present but missing supporting fields,remove_incomplete_rows
,,,,,,,<na>,,6.3,3.0,3.3,,,7346,financial data present but missing supporting fields,remove_incomplete_rows
,,,,,,,<na>,,142.0,119.57,22.43,,,7350,financial data present but missing supporting fields,remove_incomplete_rows
,,,,,,,<na>,,215.5,29.34,156.82,,,7355,financial data present but missing supporting fields,remove_incomplete_rows
,,,,,,,<na>,,97.5,26.94,16.69,,,7359,financial data present but missing supporting fields,remove_incomplete_rows
,,,,,,,<na>,,95.0,11.35,28.43,,,7364,financial data present but missing supporting fields,remove_incomplete_rows
,,,,,,,<na>,,205.0,34.86,30.7,,,7368,financial data present but missing supporting fields,remove_incomplete_rows
,,,,,,,<na>,,76.5,63.99,12.51,,,7372,financial data present but missing supporting fields,remove_incomplete_rows
,,,,,,,<na>,,38.5,0.0,38.5,,,7377,financial data present but missing supporting fields,remove_incomplete_rows
,,,,,,,<na>,,422.0,338.74,83.26,,,7381,financial data present but missing supporting fields,remove_incomplete_rows
,,,,,,,<na>,,60.0,22.0,16.0,,,7385,financial data present but missing supporting fields,remove_incomplete_rows
,,,,,,,<na>,,29.0,2.58,23.84,,,7389,financial data present but missing supporting fields,remove_incomplete_rows
,,,,,,,<na>,,12.0,4.0,8.0,,,7393,financial data present but missing supporting fields,remove_incomplete_rows
,,,,,,,<na>,,90.0,23.33,20.01,,,7397,financial data present but missing supporting fields,remove_incomplete_rows
,,,,,,,<na>,,31.0,25.18,5.82,,,7401,financial data present but missing supporting fields,remove_incomplete_rows
,,,,,,,<na>,,18.5,15.16,3.34,,,7405,financial data present but missing supporting fields,remove_incomplete_rows
,,,,,,,<na>,,20.0,0.0,20.0,,,7409,financial data present but missing supporting fields,remove_incomplete_rows
,,,,,,,<na>,,660.8,561.21,99.59,,,7413,financial data present but missing supporting fields,remove_incomplete_rows
,,,,,,,<na>,,216.0,29.7,37.8,,,7417,financial data present but missing supporting fields,remove_incomplete_rows
,,,,,,,<na>,,70.5,62.72,7.78,,,7421,financial data present but missing supporting fields,remove_incomplete_rows
,,,,,,,<na>,,489.6,164.85,170.9,,,7431,financial data present but missing supporting fields,remove_incomplete_rows
,,,,,,,<na>,,870.0,532.37,130.06,,,7436,financial data present but missing supporting fields,remove_incomplete_rows
,,,,,,,<na>,,774.4,272.0,392.4,,,7445,financial data present but missing supporting fields,remove_incomplete_rows
,,,,,,,<na>,,105.0,95.65,9.35,,,7449,financial data present but missing supporting fields,remove_incomplete_rows
,,,,,,,<na>,,91.5,65.57,11.7,,,7454,financial data present but missing supporting fields,remove_incomplete_rows
,,,,,,,<na>,,37.5,30.39,7.11,,,7458,financial data present but missing supporting fields,remove_incomplete_rows
,,,,,,,<na>,,189.5,13.51,54.4,,,7463,financial data present but missing supporting fields,remove_incomplete_rows
,,,,,,,<na>,,127.5,11.94,8.1,,,7467,financial data present but missing supporting fields,remove_incomplete_rows
,,,,,,,<na>,,25.0,19.71,5.29,,,7471,financial data present but missing supporting fields,remove_incomplete_rows
,,,,,,,<na>,,579.25,488.69,90.56,,,7482,financial data present but missing supporting fields,remove_incomplete_rows
,,,,,,,<na>,,370.0,0.0,370.0,,,7486,financial data present but missing supporting fields,remove_incomplete_rows
,,,,,,,<na>,,683.0,432.97,250.03,,,7492,financial data present but missing supporting fields,remove_incomplete_rows
,,,,,,,<na>,,54.0,46.88,7.12,,,7496,financial data present but missing supporting fields,remove_incomplete_rows
,,,,,,,<na>,,89.0,75.0,14.0,,,7500,financial data present but missing supporting fields,remove_incomplete_rows
,,,,,,,<na>,,1097.25,357.49,414.39,,,7509,financial data present but missing supporting fields,remove_incomplete_rows
,,,,,,,<na>,,1677.5,716.26,210.2,,,7516,financial data present but missing supporting fields,remove_incomplete_rows
,,,,,,,<na>,,553.5,481.05,72.45,,,7521,financial data present but missing supporting fields,remove_incomplete_rows
,,,,,,,<na>,,305.25,71.1,43.4,,,7531,financial data present but missing supporting fields,remove_incomplete_rows
,,,,,,,<na>,,169.0,76.9,67.45,,,7536,financial data present but missing supporting fields,remove_incomplete_rows
,,,,,,,<na>,,55.0,45.53,9.47,,,7540,financial data present but missing supporting fields,remove_incomplete_rows
,,,,,,,<na>,,65.0,53.81,11.19,,,7544,financial data present but missing supporting fields,remove_incomplete_rows
,,,,,,,<na>,,172.5,93.0,79.5,,,7548,financial data present but missing supporting fields,remove_incomplete_rows
,,,,,,,<na>,,98.75,85.43,13.32,,,7552,financial data present but missing supporting fields,remove_incomplete_rows
,,,,,,,<na>,,15.0,6.92,8.08,,,7556,financial data present but missing supporting fields,remove_incomplete_rows
,,,,,,,<na>,,35.0,27.16,7.84,,,7561,financial data present but missing supporting fields,remove_incomplete_rows
,,,,,,,<na>,,50.0,8.0,42.0,,,7565,financial data present but missing supporting fields,remove_incomplete_rows
,,,,,,,<na>,,15.0,9.2,5.8,,,7569,financial data present but missing supporting fields,remove_incomplete_rows
,,,,,,,<na>,,92.5,80.0,12.5,,,7573,financial data present but missing supporting fields,remove_incomplete_rows
,,,,,,,<na>,,18.0,15.21,2.79,,,7577,financial data present but missing supporting fields,remove_incomplete_rows
,,,,,,,<na>,,240.0,12.27,55.95,,,7581,financial data present but missing supporting fields,remove_incomplete_rows
,,,,,,,<na>,,12.0,4.0,8.0,,,7585,financial data present but missing supporting fields,remove_incomplete_rows
,,,,,,,<na>,,42.0,22.0,20.0,,,7590,financial data present but missing supporting fields,remove_incomplete_rows
,,,,,,,<na>,,25.0,13.7,11.3,,,7594,financial data present but missing supporting fields,remove_incomplete_rows
,,,,,,,<na>,,48.0,9.22,11.12,,,7598,financial data present but missing supporting fields,remove_incomplete_rows
,,,,,,,<na>,,205.0,7.84,126.6,,,7603,financial data present but missing supporting fields,remove_incomplete_rows
,,,,,,,<na>,,12.0,6.67,5.33,,,7607,financial data present but missing supporting fields,remove_incomplete_rows
,,,,,,,<na>,,767.0,670.07,96.93,,,7613,financial data present but missing supporting fields,remove_incomplete_rows
,,,,,,,<na>,,54.0,46.88,7.12,,,7617,financial data present but missing supporting fields,remove_incomplete_rows
,,,,,,,<na>,,605.0,259.52,101.12,,,7622,financial data present but missing supporting fields,remove_incomplete_rows
,,,,,,,<na>,,25.0,17.81,7.19,,,7626,financial data present but missing supporting fields,remove_incomplete_rows
,,,,,,,<na>,,1818.0,113.44,602.92,,,7634,financial data present but missing supporting fields,remove_incomplete_rows
,,,,,,,<na>,,2060.0,98.44,302.16,,,7639,financial data present but missing supporting fields,remove_incomplete_rows
,,,,,,,<na>,,10.0,6.0,4.0,,,7643,financial data present but missing supporting fields,remove_incomplete_rows
,,,,,,,<na>,,630.25,52.62,577.63,,,7649,financial data present but missing supporting fields,remove_incomplete_rows
,,,,,,,<na>,,95.75,63.82,31.93,,,7656,financial data present but missing supporting fields,remove_incomplete_rows
,,,,,,,<na>,,392.5,26.94,96.18,,,7661,financial data present but missing supporting fields,remove_incomplete_rows
,,,,,,,<na>,,15.0,0.0,15.0,,,7665,financial data present but missing supporting fields,remove_incomplete_rows
,,,,,,,<na>,,277.5,24.79,29.6,,,7669,financial data present but missing supporting fields,remove_incomplete_rows
,,,,,,,<na>,,68.0,22.1,23.8,,,7673,financial data present but missing supporting fields,remove_incomplete_rows
,,,,,,,<na>,,138.75,7.27,29.7,,,7677,financial data present but missing supporting fields,remove_incomplete_rows
,,,,,,,<na>,,135.75,114.68,21.07,,,7681,financial data present but missing supporting fields,remove_incomplete_rows
,,,,,,,<na>,,15.0,9.2,5.8,,,7685,financial data present but missing supporting fields,remove_incomplete_rows
,,,,,,,<na>,,42.5,4.05,2.04,,,7689,financial data present but missing supporting fields,remove_incomplete_rows
,,,,,,,<na>,,27.0,6.6,7.2,,,7693,financial data present but missing supporting fields,remove_incomplete_rows
,,,,,,,<na>,,322.0,37.71,60.9,,,7698,financial data present but missing supporting fields,remove_incomplete_rows
,,,,,,,<na>,,43.0,33.0,10.0,,,7702,financial data present but missing supporting fields,remove_incomplete_rows
,,,,,,,<na>,,28.0,11.93,4.14,,,7706,financial data present but missing supporting fields,remove_incomplete_rows
,,,,,,,<na>,,87.5,6.17,25.8,,,7710,financial data present but missing supporting fields,remove_incomplete_rows
,,,,,,,<na>,,307.25,78.99,127.74,,,7717,financial data present but missing supporting fields,remove_incomplete_rows
,,,,,,,<na>,,180.0,29.7,31.5,,,7721,financial data present but missing supporting fields,remove_incomplete_rows
,,,,,,,<na>,,50.0,8.0,42.0,,,7725,financial data present but missing supporting fields,remove_incomplete_rows
,,,,,,,<na>,,28.58,21.45,6.55,,,7730,financial data present but missing supporting fields,remove_incomplete_rows
,,,,,,,<na>,,278.0,25.73,20.7,,,7734,financial data present but missing supporting fields,remove_incomplete_rows
,,,,,,,<na>,,1234.0,1082.14,151.86,,,7738,financial data present but missing supporting fields,remove_incomplete_rows
,,,,,,,<na>,,200.0,50.0,100.0,,,7742,financial data present but missing supporting fields,remove_incomplete_rows
,,,,,,,<na>,,100.0,6.34,36.6,,,7746,financial data present but missing supporting fields,remove_incomplete_rows
,,,,,,,<na>,,139.5,123.22,16.28,,,7750,financial data present but missing supporting fields,remove_incomplete_rows
,,,,,,,<na>,,120.0,9.53,24.7,,,7754,financial data present but missing supporting fields,remove_incomplete_rows
,,,,,,,<na>,,110.0,45.0,20.0,,,7758,financial data present but missing supporting fields,remove_incomplete_rows
,,,,,,,<na>,,120.0,9.53,24.7,,,7762,financial data present but missing supporting fields,remove_incomplete_rows
,,,,,,,<na>,,18.0,15.21,2.79,,,7766,financial data present but missing supporting fields,remove_incomplete_rows
,,,,,,,<na>,,43.0,33.0,10.0,,,7770,financial data present but missing supporting fields,remove_incomplete_rows
,,,,,,,<na>,,11.75,9.76,1.99,,,7774,financial data present but missing supporting fields,remove_incomplete_rows
,,,,,,,<na>,,29.0,25.17,3.83,,,7778,financial data present but missing supporting fields,remove_incomplete_rows
,,,,,,,<na>,,204.5,51.73,152.77,,,7783,financial data present but missing supporting fields,remove_incomplete_rows
,,,,,,,<na>,,33.0,21.45,11.55,,,7787,financial data present but missing supporting fields,remove_incomplete_rows
,,,,,,,<na>,,48.0,23.65,0.7,,,7791,financial data present but missing supporting fields,remove_incomplete_rows
,,,,,,,<na>,,25.0,19.71,5.29,,,7795,financial data present but missing supporting fields,remove_incomplete_rows
,,,,,,,<na>,,22.5,0.75,15.0,,,7799,financial data present but missing supporting fields,remove_incomplete_rows
,,,,,,,<na>,,778.75,93.7,180.05,,,7808,financial data present but missing supporting fields,remove_incomplete_rows
,,,,,,,<na>,,3491.75,1587.01,436.31,,,7827,financial data present but missing supporting fields,remove_incomplete_rows
,,,,,,,<na>,,400.0,0.0,400.0,,,7831,financial data present but missing supporting fields,remove_incomplete_rows
,,,,,,,<na>,,687.5,275.0,137.5,,,7835,financial data present but missing supporting fields,remove_incomplete_rows
,,,,,,,<na>,,573.25,214.37,88.43,,,7843,financial data present but missing supporting fields,remove_incomplete_rows
,,,,,,,<na>,,1485.22,821.73,412.85,,,7855,financial data present but missing supporting fields,remove_incomplete_rows
,,,,,,,<na>,,4678.05,1869.93,1140.12,,,7871,financial data present but missing supporting fields,remove_incomplete_rows
,,,,,,,<na>,,384.0,12.27,15.9,,,7875,financial data present but missing supporting fields,remove_incomplete_rows
,,,,,,,<na>,,2671.0,1048.66,535.6,,,7895,financial data present but missing supporting fields,remove_incomplete_rows
,,,,,,,<na>,,286.8,295.45,-8.65,,,7899,financial data present but missing supporting fields,remove_incomplete_rows
,,,,,,,<na>,,1274.0,116.85,54.67,,,7905,financial data present but missing supporting fields,remove_incomplete_rows
,,,,,,,<na>,,1164.8,0.0,1164.8,,,7909,financial data present but missing supporting fields,remove_incomplete_rows
,,,,,,,<na>,,1486.0,233.79,237.2,,,7915,financial data present but missing supporting fields,remove_incomplete_rows
,,,,,,,<na>,,37.0,15.16,6.68,,,7919,financial data present but missing supporting fields,remove_incomplete_rows
,,,,,,,<na>,,130.0,54.18,21.64,,,7923,financial data present but missing supporting fields,remove_incomplete_rows
,,,,,,,<na>,,1416.0,64.45,191.55,,,7928,financial data present but missing supporting fields,remove_incomplete_rows
,,,,,,,<na>,,408.24,34.75,191.68,,,7936,financial data present but missing supporting fields,remove_incomplete_rows
,,,,,,,<na>,,28.0,20.96,7.04,,,7940,financial data present but missing supporting fields,remove_incomplete_rows
,,,,,,,<na>,,74.0,62.76,11.24,,,7945,financial data present but missing supporting fields,remove_incomplete_rows
,,,,,,,<na>,,30.0,23.33,6.67,,,7949,financial data present but missing supporting fields,remove_incomplete_rows
,,,,,,,<na>,,200.0,50.0,100.0,,,7953,financial data present but missing supporting fields,remove_incomplete_rows
,,,,,,,<na>,,104.0,65.0,39.0,,,7957,financial data present but missing supporting fields,remove_incomplete_rows
,,,,,,,<na>,,81.25,45.37,35.88,,,7963,financial data present but missing supporting fields,remove_incomplete_rows
,,,,,,,<na>,,398.25,142.66,53.88,,,7970,financial data present but missing supporting fields,remove_incomplete_rows
,,,,,,,<na>,,408.0,318.74,89.26,,,7978,financial data present but missing supporting fields,remove_incomplete_rows
,,,,,,,<na>,,460.0,40.0,60.0,,,7982,financial data present but missing supporting fields,remove_incomplete_rows
,,,,,,,<na>,,342.5,80.85,177.5,,,7987,financial data present but missing supporting fields,remove_incomplete_rows
,,,,,,,<na>,,76.5,63.99,12.51,,,7991,financial data present but missing supporting fields,remove_incomplete_rows
,,,,,,,<na>,,22.5,19.29,3.21,,,7995,financial data present but missing supporting fields,remove_incomplete_rows
,,,,,,,<na>,,148.8,7.22,26.28,,,8000,financial data present but missing supporting fields,remove_incomplete_rows
,,,,,,,<na>,,218.5,129.16,67.34,,,8005,financial data present but missing supporting fields,remove_incomplete_rows
,,,,,,,<na>,,142.0,54.56,85.19,,,8012,financial data present but missing supporting fields,remove_incomplete_rows
,,,,,,,<na>,,109.25,90.56,18.69,,,8016,financial data present but missing supporting fields,remove_incomplete_rows
,,,,,,,<na>,,218.0,87.84,130.16,,,8022,financial data present but missing supporting fields,remove_incomplete_rows
,,,,,,,<na>,,561.6,12.48,436.8,,,8028,financial data present but missing supporting fields,remove_incomplete_rows
,,,,,,,<na>,,36.0,15.21,5.58,,,8036,financial data present but missing supporting fields,remove_incomplete_rows
,,,,,,,<na>,,17.0,0.5,12.0,,,8040,financial data present but missing supporting fields,remove_incomplete_rows
,,,,,,,<na>,,218.5,88.17,42.16,,,8044,financial data present but missing supporting fields,remove_incomplete_rows
,,,,,,,<na>,,62.0,25.18,11.64,,,8048,financial data present but missing supporting fields,remove_incomplete_rows
,,,,,,,<na>,,530.0,44.36,121.92,,,8053,financial data present but missing supporting fields,remove_incomplete_rows
,,,,,,,<na>,,70.0,3.28,37.2,,,8057,financial data present but missing supporting fields,remove_incomplete_rows
,,,,,,,<na>,,98.75,15.85,19.5,,,8061,financial data present but missing supporting fields,remove_incomplete_rows
,,,,,,,<na>,,71.04,32.2,18.53,,,8067,financial data present but missing supporting fields,remove_incomplete_rows
,,,,,,,<na>,,33.0,21.45,11.55,,,8071,financial data present but missing supporting fields,remove_incomplete_rows
,,,,,,,<na>,,116.0,91.39,24.61,,,8075,financial data present but missing supporting fields,remove_incomplete_rows
,,,,,,,<na>,,139.0,56.14,32.35,,,8082,financial data present but missing supporting fields,remove_incomplete_rows
,,,,,,,<na>,,35.0,19.7,15.3,,,8087,financial data present but missing supporting fields,remove_incomplete_rows
,,,,,,,<na>,,1188.0,32.4,313.2,,,8092,financial data present but missing supporting fields,remove_incomplete_rows
,,,,,,,<na>,,105.0,90.48,14.52,,,8098,financial data present but missing supporting fields,remove_incomplete_rows
,,,,,,,<na>,,35.25,6.6,15.45,,,8102,financial data present but missing supporting fields,remove_incomplete_rows
,,,,,,,<na>,,322.0,40.0,42.0,,,8106,financial data present but missing supporting fields,remove_incomplete_rows
,,,,,,,<na>,,68.0,0.0,68.0,,,8110,financial data present but missing supporting fields,remove_incomplete_rows
,,,,,,,<na>,,47.0,10.78,3.88,,,8114,financial data present but missing supporting fields,remove_incomplete_rows
,,,,,,,<na>,,70.5,57.13,13.37,,,8118,financial data present but missing supporting fields,remove_incomplete_rows
,,,,,,,<na>,,54.0,15.21,8.37,,,8122,financial data present but missing supporting fields,remove_incomplete_rows
,,,,,,,<na>,,13.5,8.6,4.9,,,8126,financial data present but missing supporting fields,remove_incomplete_rows
,,,,,,,<na>,,37.5,30.39,7.11,,,8130,financial data present but missing supporting fields,remove_incomplete_rows
,,,,,,,<na>,,115.0,70.16,23.39,,,8136,financial data present but missing supporting fields,remove_incomplete_rows
,,,,,,,<na>,,720.0,339.29,380.71,,,8140,financial data present but missing supporting fields,remove_incomplete_rows
,,,,,,,<na>,,36.0,15.21,5.58,,,8144,financial data present but missing supporting fields,remove_incomplete_rows
,,,,,,,<na>,,104.0,83.6,20.4,,,8148,financial data present but missing supporting fields,remove_incomplete_rows
,,,,,,,<na>,,105.5,86.32,19.18,,,8153,financial data present but missing supporting fields,remove_incomplete_rows
,,,,,,,<na>,,209.5,28.66,139.52,,,8161,financial data present but missing supporting fields,remove_incomplete_rows
,,,,,,,<na>,,538.0,362.46,92.16,,,8168,financial data present but missing supporting fields,remove_incomplete_rows
,,,,,,,<na>,,264.5,42.13,52.36,,,8173,financial data present but missing supporting fields,remove_incomplete_rows
,,,,,,,<na>,,100.0,50.0,50.0,,,8177,financial data present but missing supporting fields,remove_incomplete_rows
,,,,,,,<na>,,55.0,3.86,16.4,,,8181,financial data present but missing supporting fields,remove_incomplete_rows
,,,,,,,<na>,,65.5,29.34,6.82,,,8185,financial data present but missing supporting fields,remove_incomplete_rows
,,,,,,,<na>,,73.0,19.07,19.19,,,8190,financial data present but missing supporting fields,remove_incomplete_rows
,,,,,,,<na>,,141.0,119.85,21.15,,,8195,financial data present but missing supporting fields,remove_incomplete_rows
,,,,,,,<na>,,50.5,44.6,5.9,,,8199,financial data present but missing supporting fields,remove_incomplete_rows
,,,,,,,<na>,,45.0,29.08,15.92,,,8204,financial data present but missing supporting fields,remove_incomplete_rows
,,,,,,,<na>,,65.5,29.34,6.82,,,8208,financial data present but missing supporting fields,remove_incomplete_rows
,,,,,,,<na>,,79.92,0.65,66.92,,,8213,financial data present but missing supporting fields,remove_incomplete_rows
,,,,,,,<na>,,36.0,24.45,11.55,,,8217,financial data present but missing supporting fields,remove_incomplete_rows
,,,,,,,<na>,,121.0,17.91,25.47,,,8222,financial data present but missing supporting fields,remove_incomplete_rows
,,,,,,,<na>,,36.0,15.21,5.58,,,8226,financial data present but missing supporting fields,remove_incomplete_rows
,,,,,,,<na>,,178.75,169.0,9.75,,,8230,financial data present but missing supporting fields,remove_incomplete_rows
,,,,,,,<na>,,599.5,30.98,14.9,,,8236,financial data present but missing supporting fields,remove_incomplete_rows
,,,,,,,<na>,,88.38,15.5,-4.62,,,8240,financial data present but missing supporting fields,remove_incomplete_rows
,,,,,,,<na>,,21.0,3.36,14.28,,,8244,financial data present but missing supporting fields,remove_incomplete_rows
,,,,,,,<na>,,4.25,4.05,0.2,,,8248,financial data present but missing supporting fields,remove_incomplete_rows
,,,,,,,<na>,,276.25,147.66,118.75,,,8258,financial data present but missing supporting fields,remove_incomplete_rows
,,,,,,,<na>,,50.0,42.51,7.49,,,8263,financial data present but missing supporting fields,remove_incomplete_rows
,,,,,,,<na>,,83.25,24.79,8.88,,,8267,financial data present but missing supporting fields,remove_incomplete_rows
,,,,,,,<na>,,167.75,135.94,31.81,,,8271,financial data present but missing supporting fields,remove_incomplete_rows
,,,,,,,<na>,,151.5,137.7,13.8,,,8275,financial data present but missing supporting fields,remove_incomplete_rows
,,,,,,,<na>,,439.25,376.79,62.46,,,8280,financial data present but missing supporting fields,remove_incomplete_rows
,,,,,,,<na>,,44.5,41.09,3.41,,,8284,financial data present but missing supporting fields,remove_incomplete_rows
,,,,,,,<na>,,76.5,63.99,12.51,,,8288,financial data present but missing supporting fields,remove_incomplete_rows
,,,,,,,<na>,,2560.0,225.98,446.05,,,8294,financial data present but missing supporting fields,remove_incomplete_rows
,,,,,,,<na>,,18.0,15.21,2.79,,,8298,financial data present but missing supporting fields,remove_incomplete_rows
,,,,,,,<na>,,25.0,0.85,16.5,,,8302,financial data present but missing supporting fields,remove_incomplete_rows
,,,,,,,<na>,,34.0,7.67,3.32,,,8306,financial data present but missing supporting fields,remove_incomplete_rows
,,,,,,,<na>,,115.0,0.4,111.0,,,8311,financial data present but missing supporting fields,remove_incomplete_rows
,,,,,,,<na>,,64.0,2.55,43.6,,,8315,financial data present but missing supporting fields,remove_incomplete_rows
,,,,,,,<na>,,620.0,22.96,160.8,,,8320,financial data present but missing supporting fields,remove_incomplete_rows
,,,,,,,<na>,,363.0,302.69,60.31,,,8325,financial data present but missing supporting fields,remove_incomplete_rows
,,,,,,,<na>,,267.6,44.05,3.3,,,8329,financial data present but missing supporting fields,remove_incomplete_rows
,,,,,,,<na>,,972.0,45.94,241.92,,,8335,financial data present but missing supporting fields,remove_incomplete_rows
,,,,,,,<na>,,514.0,81.79,99.94,,,8341,financial data present but missing supporting fields,remove_incomplete_rows
,,,,,,,<na>,,491.5,48.7,344.4,,,8346,financial data present but missing supporting fields,remove_incomplete_rows
,,,,,,,<na>,,30.0,9.2,11.6,,,8350,financial data present but missing supporting fields,remove_incomplete_rows
,,,,,,,<na>,,343.75,275.0,68.75,,,8354,financial data present but missing supporting fields,remove_incomplete_rows
,,,,,,,<na>,,29.75,26.67,3.08,,,8358,financial data present but missing supporting fields,remove_incomplete_rows
,,,,,,,<na>,,18.0,15.21,2.79,,,8362,financial data present but missing supporting fields,remove_incomplete_rows
,,,,,,,<na>,,11.75,9.76,1.99,,,8366,financial data present but missing supporting fields,remove_incomplete_rows
,,,,,,,<na>,,65.0,53.81,11.19,,,8370,financial data present but missing supporting fields,remove_incomplete_rows
,,,,,,,<na>,,36.75,30.36,6.39,,,8374,financial data present but missing supporting fields,remove_incomplete_rows
,,,,,,,<na>,,18.5,15.16,3.34,,,8378,financial data present but missing supporting fields,remove_incomplete_rows
,,,,,,,<na>,,406.0,39.98,6.2,,,8383,financial data present but missing supporting fields,remove_incomplete_rows
,,,,,,,<na>,,657.0,224.26,117.42,,,8389,financial data present but missing supporting fields,remove_incomplete_rows
,,,,,,,<na>,,440.0,32.2,118.0,,,8394,financial data present but missing supporting fields,remove_incomplete_rows
,,,,,,,<na>,,6.0,0.32,5.36,,,8398,financial data present but missing supporting fields,remove_incomplete_rows
,,,,,,,<na>,,687.75,29.34,71.61,,,8402,financial data present but missing supporting fields,remove_incomplete_rows
,,,,,,,<na>,,201.5,176.01,25.49,,,8407,financial data present but missing supporting fields,remove_incomplete_rows
,,,,,,,<na>,,377.0,86.22,50.78,,,8412,financial data present but missing supporting fields,remove_incomplete_rows
,,,,,,,<na>,,278.0,25.73,20.7,,,8416,financial data present but missing supporting fields,remove_incomplete_rows
,,,,,,,<na>,,113.0,103.59,9.41,,,8420,financial data present but missing supporting fields,remove_incomplete_rows
,,,,,,,<na>,,7.0,0.0,7.0,,,8424,financial data present but missing supporting fields,remove_incomplete_rows
,,,,,,,<na>,,150.0,0.0,150.0,,,8428,financial data present but missing supporting fields,remove_incomplete_rows
,,,,,,,<na>,,43.25,34.81,8.44,,,8432,financial data present but missing supporting fields,remove_incomplete_rows
,,,,,,,<na>,,92.0,26.16,43.84,,,8437,financial data present but missing supporting fields,remove_incomplete_rows
,,,,,,,<na>,,48.0,40.29,7.71,,,8441,financial data present but missing supporting fields,remove_incomplete_rows
,,,,,,,<na>,,49.36,5.84,22.1,,,8446,financial data present but missing supporting fields,remove_incomplete_rows
,,,,,,,<na>,,43.75,12.7,31.05,,,8451,financial data present but missing supporting fields,remove_incomplete_rows
,,,,,,,<na>,,921.75,440.18,481.57,,,8456,financial data present but missing supporting fields,remove_incomplete_rows
,,,,,,,<na>,,18.5,15.16,3.34,,,8460,financial data present but missing supporting fields,remove_incomplete_rows
,,,,,,,<na>,,25.0,21.89,3.11,,,8464,financial data present but missing supporting fields,remove_incomplete_rows
,,,,,,,<na>,,89.0,75.0,14.0,,,8468,financial data present but missing supporting fields,remove_incomplete_rows
,,,,,,,<na>,,119.0,63.46,20.68,,,8473,financial data present but missing supporting fields,remove_incomplete_rows
,,,,,,,<na>,,1715.67,768.13,400.01,,,8479,financial data present but missing supporting fields,remove_incomplete_rows
,,,,,,,<na>,,165.0,21.82,34.08,,,8483,financial data present but missing supporting fields,remove_incomplete_rows
,,,,,,,<na>,,40.0,38.17,1.83,,,8487,financial data present but missing supporting fields,remove_incomplete_rows
,,,,,,,<na>,,150.0,12.98,20.2,,,8491,financial data present but missing supporting fields,remove_incomplete_rows
,,,,,,,<na>,,64.0,54.31,9.69,,,8496,financial data present but missing supporting fields,remove_incomplete_rows
,,,,,,,<na>,,28.0,24.21,3.79,,,8501,financial data present but missing supporting fields,remove_incomplete_rows
,,,,,,,<na>,,46.5,0.0,46.5,,,8505,financial data present but missing supporting fields,remove_incomplete_rows
,,,,,,,<na>,,514.0,420.3,93.7,,,8510,financial data present but missing supporting fields,remove_incomplete_rows
,,,,,,,<na>,,74.0,50.97,23.03,,,8515,financial data present but missing supporting fields,remove_incomplete_rows
,,,,,,,<na>,,331.0,158.78,76.67,,,8521,financial data present but missing supporting fields,remove_incomplete_rows
,,,,,,,<na>,,187.75,45.0,142.75,,,8525,financial data present but missing supporting fields,remove_incomplete_rows
,,,,,,,<na>,,152.0,55.0,97.0,,,8529,financial data present but missing supporting fields,remove_incomplete_rows
,,,,,,,<na>,,92.5,80.0,12.5,,,8533,financial data present but missing supporting fields,remove_incomplete_rows
,,,,,,,<na>,,19.5,0.98,16.56,,,8537,financial data present but missing supporting fields,remove_incomplete_rows
,,,,,,,<na>,,682.6,475.55,133.27,,,8543,financial data present but missing supporting fields,remove_incomplete_rows
,,,,,,,<na>,,3386.0,1055.98,706.6,,,8550,financial data present but missing supporting fields,remove_incomplete_rows
,,,,,,,<na>,,505.0,414.18,90.82,,,8555,financial data present but missing supporting fields,remove_incomplete_rows
,,,,,,,<na>,,211.0,175.12,35.88,,,8561,financial data present but missing supporting fields,remove_incomplete_rows
,,,,,,,<na>,,35.0,14.75,5.5,,,8566,financial data present but missing supporting fields,remove_incomplete_rows
,,,,,,,<na>,,171.0,113.16,30.18,,,8572,financial data present but missing supporting fields,remove_incomplete_rows
,,,,,,,<na>,,196.5,24.37,50.28,,,8576,financial data present but missing supporting fields,remove_incomplete_rows
,,,,,,,<na>,,1449.6,170.15,237.44,,,8584,financial data present but missing supporting fields,remove_incomplete_rows
,,,,,,,<na>,,530.0,200.0,90.0,,,8589,financial data present but missing supporting fields,remove_incomplete_rows
,,,,,,,<na>,,1355.0,114.87,206.3,,,8595,financial data present but missing supporting fields,remove_incomplete_rows
,,,,,,,<na>,,733.75,528.59,136.92,,,8604,financial data present but missing supporting fields,remove_incomplete_rows
,,,,,,,<na>,,38.0,1.25,25.5,,,8608,financial data present but missing supporting fields,remove_incomplete_rows
,,,,,,,<na>,,13.48,6.13,1.22,,,8612,financial data present but missing supporting fields,remove_incomplete_rows
,,,,,,,<na>,,107.2,70.48,30.12,,,8620,financial data present but missing supporting fields,remove_incomplete_rows
,,,,,,,<na>,,63.0,40.93,9.09,,,8625,financial data present but missing supporting fields,remove_incomplete_rows
,,,,,,,<na>,,23.5,9.38,11.78,,,8630,financial data present but missing supporting fields,remove_incomplete_rows
,,,,,,,<na>,,144.0,4.05,22.57,,,8634,financial data present but missing supporting fields,remove_incomplete_rows
,,,,,,,<na>,,65.5,29.34,6.82,,,8638,financial data present but missing supporting fields,remove_incomplete_rows
,,,,,,,<na>,,42.0,36.37,5.63,,,8642,financial data present but missing supporting fields,remove_incomplete_rows
,,,,,,,<na>,,135.25,71.5,22.61,,,8648,financial data present but missing supporting fields,remove_incomplete_rows
,,,,,,,<na>,,18.0,15.21,2.79,,,8652,financial data present but missing supporting fields,remove_incomplete_rows
,,,,,,,<na>,,412.25,159.96,66.58,,,8659,financial data present but missing supporting fields,remove_incomplete_rows
,,,,,,,<na>,,484.75,281.71,95.95,,,8664,financial data present but missing supporting fields,remove_incomplete_rows
,,,,,,,<na>,,18.0,15.21,2.79,,,8668,financial data present but missing supporting fields,remove_incomplete_rows
,,,,,,,<na>,,42.5,4.05,2.04,,,8672,financial data present but missing supporting fields,remove_incomplete_rows
,,,,,,,<na>,,119.75,104.47,15.28,,,8679,financial data present but missing supporting fields,remove_incomplete_rows
,,,,,,,<na>,,43.0,33.0,10.0,,,8683,financial data present but missing supporting fields,remove_incomplete_rows
,,,,,,,<na>,,525.0,110.71,92.81,,,8688,financial data present but missing supporting fields,remove_incomplete_rows
,,,,,,,<na>,,90.0,16.02,9.9,,,8692,financial data present but missing supporting fields,remove_incomplete_rows
,,,,,,,<na>,,322.0,193.83,67.44,,,8700,financial data present but missing supporting fields,remove_incomplete_rows
,,,,,,,<na>,,42.9,1.43,28.6,,,8705,financial data present but missing supporting fields,remove_incomplete_rows
,,,,,,,<na>,,60.0,14.1,17.7,,,8709,financial data present but missing supporting fields,remove_incomplete_rows
,,,,,,,<na>,,37.9,1.2,25.9,,,8713,financial data present but missing supporting fields,remove_incomplete_rows
,,,,,,,<na>,,25.0,0.85,16.5,,,8717,financial data present but missing supporting fields,remove_incomplete_rows
,,,,,,,<na>,,1265.5,549.26,368.59,,,8725,financial data present but missing supporting fields,remove_incomplete_rows
,,,,,,,<na>,,60.0,22.0,16.0,,,8729,financial data present but missing supporting fields,remove_incomplete_rows
,,,,,,,<na>,,36.0,15.21,5.58,,,8733,financial data present but missing supporting fields,remove_incomplete_rows
,,,,,,,<na>,,155.5,114.45,41.05,,,8739,financial data present but missing supporting fields,remove_incomplete_rows
,,,,,,,<na>,,257.25,9.02,67.9,,,8744,financial data present but missing supporting fields,remove_incomplete_rows
,,,,,,,<na>,,122.5,11.0,67.5,,,8748,financial data present but missing supporting fields,remove_incomplete_rows
,,,,,,,<na>,,227.39,19.2,115.81,,,8755,financial data present but missing supporting fields,remove_incomplete_rows
,,,,,,,<na>,,97.3,29.56,67.74,,,8761,financial data present but missing supporting fields,remove_incomplete_rows
,,,,,,,<na>,,55.0,38.28,16.72,,,8766,financial data present but missing supporting fields,remove_incomplete_rows
,,,,,,,<na>,,81.5,34.52,12.46,,,8770,financial data present but missing supporting fields,remove_incomplete_rows
,,,,,,,<na>,,42.0,36.37,5.63,,,8774,financial data present but missing supporting fields,remove_incomplete_rows
,,,,,,,<na>,,72.65,53.79,15.02,,,8779,financial data present but missing supporting fields,remove_incomplete_rows
,,,,,,,<na>,,444.0,89.75,-15.24,,,8784,financial data present but missing supporting fields,remove_incomplete_rows
,,,,,,,<na>,,288.0,228.39,59.61,,,8788,financial data present but missing supporting fields,remove_incomplete_rows
,,,,,,,<na>,,42.5,4.05,2.04,,,8792,financial data present but missing supporting fields,remove_incomplete_rows
,,,,,,,<na>,,672.0,370.94,168.31,,,8812,financial data present but missing supporting fields,remove_incomplete_rows
,,,,,,,<na>,,37.5,30.39,7.11,,,8816,financial data present but missing supporting fields,remove_incomplete_rows
,,,,,,,<na>,,35.0,2.85,6.54,,,8820,financial data present but missing supporting fields,remove_incomplete_rows
,,,,,,,<na>,,1162.25,64.52,452.39,,,8827,financial data present but missing supporting fields,remove_incomplete_rows
,,,,,,,<na>,,923.65,773.35,-14.06,,,8835,financial data present but missing supporting fields,remove_incomplete_rows
,,,,,,,<na>,,113.0,103.59,9.41,,,8839,financial data present but missing supporting fields,remove_incomplete_rows
,,,,,,,<na>,,70.5,62.72,7.78,,,8843,financial data present but missing supporting fields,remove_incomplete_rows
,,,,,,,<na>,,55.5,14.93,10.71,,,8847,financial data present but missing supporting fields,remove_incomplete_rows
,,,,,,,<na>,,61.0,36.99,17.41,,,8852,financial data present but missing supporting fields,remove_incomplete_rows
,,,,,,,<na>,,312.5,20.66,209.2,,,8859,financial data present but missing supporting fields,remove_incomplete_rows
,,,,,,,<na>,,166.0,66.43,40.17,,,8864,financial data present but missing supporting fields,remove_incomplete_rows
,,,,,,,<na>,,19.5,16.18,3.32,,,8868,financial data present but missing supporting fields,remove_incomplete_rows
,,,,,,,<na>,,31.0,25.18,5.82,,,8872,financial data present but missing supporting fields,remove_incomplete_rows
,,,,,,,<na>,,247.5,188.1,59.4,,,8876,financial data present but missing supporting fields,remove_incomplete_rows
,,,,,,,<na>,,90.75,72.91,17.84,,,8881,financial data present but missing supporting fields,remove_incomplete_rows
,,,,,,,<na>,,41.0,36.74,4.26,,,8885,financial data present but missing supporting fields,remove_incomplete_rows
,,,,,,,<na>,,38.5,32.0,6.5,,,8890,financial data present but missing supporting fields,remove_incomplete_rows
,,,,,,,<na>,,76.5,63.99,12.51,,,8894,financial data present but missing supporting fields,remove_incomplete_rows
,,,,,,,<na>,,199.0,167.29,31.71,,,8898,financial data present but missing supporting fields,remove_incomplete_rows
,,,,,,,<na>,,116.0,65.92,50.08,,,8904,financial data present but missing supporting fields,remove_incomplete_rows
,,,,,,,<na>,,308.7,80.54,52.96,,,8911,financial data present but missing supporting fields,remove_incomplete_rows
,,,,,,,<na>,,440.0,73.0,-7.84,,,8917,financial data present but missing supporting fields,remove_incomplete_rows
,,,,,,,<na>,,192.75,154.5,38.25,,,8921,financial data present but missing supporting fields,remove_incomplete_rows
,,,,,,,<na>,,53.0,18.69,15.62,,,8925,financial data present but missing supporting fields,remove_incomplete_rows
,,,,,,,<na>,,68.8,15.05,8.6,,,8929,financial data present but missing supporting fields,remove_incomplete_rows
,,,,,,,<na>,,390.5,173.91,112.05,,,8943,financial data present but missing supporting fields,remove_incomplete_rows
,,,,,,,<na>,,104.3,28.68,63.66,,,8950,financial data present but missing supporting fields,remove_incomplete_rows
,,,,,,,<na>,,2224.5,1194.13,691.0,,,8977,financial data present but missing supporting fields,remove_incomplete_rows
,,,,,,,<na>,,109.25,90.56,18.69,,,8981,financial data present but missing supporting fields,remove_incomplete_rows
,,,,,,,<na>,,130.5,107.2,23.3,,,8986,financial data present but missing supporting fields,remove_incomplete_rows
,,,,,,,<na>,,26.5,21.22,5.28,,,8990,financial data present but missing supporting fields,remove_incomplete_rows
,,,,,,,<na>,,639.5,399.72,239.78,,,8996,financial data present but missing supporting fields,remove_incomplete_rows
,,,,,,,<na>,,68.5,34.84,33.66,,,9001,financial data present but missing supporting fields,remove_incomplete_rows
,,,,,,,<na>,,18.0,15.21,2.79,,,9005,financial data present but missing supporting fields,remove_incomplete_rows
,,,,,,,<na>,,30.0,9.6,10.8,,,9009,financial data present but missing supporting fields,remove_incomplete_rows
,,,,,,,<na>,,85.5,31.0,40.0,,,9014,financial data present but missing supporting fields,remove_incomplete_rows
,,,,,,,<na>,,372.5,26.58,106.7,,,9019,financial data present but missing supporting fields,remove_incomplete_rows
,,,,,,,<na>,,1005.75,492.58,185.08,,,9034,financial data present but missing supporting fields,remove_incomplete_rows
,,,,,,,<na>,,17.0,0.0,17.0,,,9039,financial data present but missing supporting fields,remove_incomplete_rows
,,,,,,,<na>,,143.0,0.0,143.0,,,9044,financial data present but missing supporting fields,remove_incomplete_rows
,,,,,,,<na>,,18.5,15.16,3.34,,,9048,financial data present but missing supporting fields,remove_incomplete_rows
,,,,,,,<na>,,360.0,13.22,267.46,,,9053,financial data present but missing supporting fields,remove_incomplete_rows
,,,,,,,<na>,,78.0,70.5,7.5,,,9057,financial data present but missing supporting fields,remove_incomplete_rows
,,,,,,,<na>,,80.0,55.0,25.0,,,9061,financial data present but missing supporting fields,remove_incomplete_rows
,,,,,,,<na>,,137.5,107.5,30.0,,,9066,financial data present but missing supporting fields,remove_incomplete_rows
,,,,,,,<na>,,630.0,275.0,80.0,,,9070,financial data present but missing supporting fields,remove_incomplete_rows
,,,,,,,<na>,,142.75,108.54,34.21,,,9078,financial data present but missing supporting fields,remove_incomplete_rows
,,,,,,,<na>,,18.5,15.16,3.34,,,9082,financial data present but missing supporting fields,remove_incomplete_rows
,,,,,,,<na>,,37.0,0.0,37.0,,,9086,financial data present but missing supporting fields,remove_incomplete_rows
,,,,,,,<na>,,15.0,9.2,5.8,,,9090,financial data present but missing supporting fields,remove_incomplete_rows
,,,,,,,<na>,,70.5,62.72,7.78,,,9094,financial data present but missing supporting fields,remove_incomplete_rows
,,,,,,,<na>,,157.5,72.61,22.28,,,9099,financial data present but missing supporting fields,remove_incomplete_rows
,,,,,,,<na>,,50.0,9.83,10.68,,,9103,financial data present but missing supporting fields,remove_incomplete_rows
,,,,,,,<na>,,2508.0,87.84,-127.2,,,9109,financial data present but missing supporting fields,remove_incomplete_rows
,,,,,,,<na>,,26.25,21.49,4.76,,,9113,financial data present but missing supporting fields,remove_incomplete_rows
,,,,,,,<na>,,109.25,88.17,21.08,,,9117,financial data present but missing supporting fields,remove_incomplete_rows
,,,,,,,<na>,,55.0,39.33,15.67,,,9122,financial data present but missing supporting fields,remove_incomplete_rows
,,,,,,,<na>,,91.6,39.4,35.55,,,9128,financial data present but missing supporting fields,remove_incomplete_rows
,,,,,,,<na>,,40.5,16.02,8.46,,,9132,financial data present but missing supporting fields,remove_incomplete_rows
,,,,,,,<na>,,15.0,0.0,15.0,,,9136,financial data present but missing supporting fields,remove_incomplete_rows
,,,,,,,<na>,,315.0,275.0,40.0,,,9140,financial data present but missing supporting fields,remove_incomplete_rows
,,,,,,,<na>,,128.0,96.65,31.35,,,9145,financial data present but missing supporting fields,remove_incomplete_rows
,,,,,,,<na>,,32.0,29.05,2.95,,,9149,financial data present but missing supporting fields,remove_incomplete_rows
,,,,,,,<na>,,1410.5,410.95,241.14,,,9155,financial data present but missing supporting fields,remove_incomplete_rows
,,,,,,,<na>,,69.25,32.96,21.23,,,9162,financial data present but missing supporting fields,remove_incomplete_rows
,,,,,,,<na>,,55.0,45.7,9.3,,,9166,financial data present but missing supporting fields,remove_incomplete_rows
,,,,,,,<na>,,28.0,20.5,7.5,,,9171,financial data present but missing supporting fields,remove_incomplete_rows
,,,,,,,<na>,,1380.0,40.0,180.0,,,9175,financial data present but missing supporting fields,remove_incomplete_rows
,,,,,,,<na>,,176.25,29.21,30.2,,,9179,financial data present but missing supporting fields,remove_incomplete_rows
,,,,,,,<na>,,84.0,15.0,39.0,,,9183,financial data present but missing supporting fields,remove_incomplete_rows
,,,,,,,<na>,,54.75,44.63,10.12,,,9187,financial data present but missing supporting fields,remove_incomplete_rows
,,,,,,,<na>,,76.25,68.04,8.21,,,9192,financial data present but missing supporting fields,remove_incomplete_rows
,,,,,,,<na>,,95.75,27.41,21.52,,,9198,financial data present but missing supporting fields,remove_incomplete_rows
,,,,,,,<na>,,104.0,81.25,22.75,,,9202,financial data present but missing supporting fields,remove_incomplete_rows
,,,,,,,<na>,,230.0,36.68,164.82,,,9208,financial data present but missing supporting fields,remove_incomplete_rows
,,,,,,,<na>,,36.0,15.21,5.58,,,9212,financial data present but missing supporting fields,remove_incomplete_rows
,,,,,,,<na>,,33.0,0.0,33.0,,,9216,financial data present but missing supporting fields,remove_incomplete_rows
,,,,,,,<na>,,4.25,4.05,0.2,,,9220,financial data present but missing supporting fields,remove_incomplete_rows
,,,,,,,<na>,,1656.0,0.0,1656.0,,,9224,financial data present but missing supporting fields,remove_incomplete_rows
,,,,,,,<na>,,63.5,46.16,17.34,,,9229,financial data present but missing supporting fields,remove_incomplete_rows
,,,,,,,<na>,,15.0,9.2,5.8,,,9233,financial data present but missing supporting fields,remove_incomplete_rows
,,,,,,,<na>,,25.0,0.0,25.0,,,9237,financial data present but missing supporting fields,remove_incomplete_rows
,,,,,,,<na>,,225.0,0.0,225.0,,,9241,financial data present but missing supporting fields,remove_incomplete_rows
,,,,,,,<na>,,1837.25,1083.93,442.23,,,9246,financial data present but missing supporting fields,remove_incomplete_rows
,,,,,,,<na>,,66.0,37.21,13.58,,,9251,financial data present but missing supporting fields,remove_incomplete_rows
,,,,,,,<na>,,18.0,15.21,2.79,,,9255,financial data present but missing supporting fields,remove_incomplete_rows
,,,,,,,<na>,,21.0,17.34,3.66,,,9259,financial data present but missing supporting fields,remove_incomplete_rows
,,,,,,,<na>,,11.0,8.08,2.93,,,9263,financial data present but missing supporting fields,remove_incomplete_rows
,,,,,,,<na>,,172.5,93.0,79.5,,,9267,financial data present but missing supporting fields,remove_incomplete_rows
,,,,,,,<na>,,1707.25,1084.0,407.25,,,9272,financial data present but missing supporting fields,remove_incomplete_rows
,,,,,,,<na>,,33.4,2.66,28.08,,,9277,financial data present but missing supporting fields,remove_incomplete_rows
,,,,,,,<na>,,56.0,47.55,8.45,,,9281,financial data present but missing supporting fields,remove_incomplete_rows
,,,,,,,<na>,,683.2,31.68,-203.84,,,9285,financial data present but missing supporting fields,remove_incomplete_rows
,,,,,,,<na>,,42.5,4.05,2.04,,,9289,financial data present but missing supporting fields,remove_incomplete_rows
,,,,,,,<na>,,154.5,100.16,54.34,,,9294,financial data present but missing supporting fields,remove_incomplete_rows
,,,,,,,<na>,,54.0,6.6,14.4,,,9298,financial data present but missing supporting fields,remove_incomplete_rows
,,,,,,,<na>,,482.0,193.64,94.72,,,9302,financial data present but missing supporting fields,remove_incomplete_rows
,,,,,,,<na>,,20.0,12.75,7.25,,,9306,financial data present but missing supporting fields,remove_incomplete_rows
,,,,,,,<na>,,576.0,80.48,253.48,,,9314,financial data present but missing supporting fields,remove_incomplete_rows
,,,,,,,<na>,,674.0,584.8,89.2,,,9319,financial data present but missing supporting fields,remove_incomplete_rows
,,,,,,,<na>,,138.75,117.31,21.44,,,9324,financial data present but missing supporting fields,remove_incomplete_rows
,,,,,,,<na>,,359.5,40.62,189.18,,,9330,financial data present but missing supporting fields,remove_incomplete_rows
,,,,,,,<na>,,57.5,39.51,17.99,,,9334,financial data present but missing supporting fields,remove_incomplete_rows
,,,,,,,<na>,,67.4,44.75,18.65,,,9339,financial data present but missing supporting fields,remove_incomplete_rows
,,,,,,,<na>,,12.0,4.0,8.0,,,9343,financial data present but missing supporting fields,remove_incomplete_rows
,,,,,,,<na>,,235.0,30.91,32.64,,,9349,financial data present but missing supporting fields,remove_incomplete_rows
,,,,,,,<na>,,30.0,0.32,26.8,,,9353,financial data present but missing supporting fields,remove_incomplete_rows
,,,,,,,<na>,,18.0,15.21,2.79,,,9357,financial data present but missing supporting fields,remove_incomplete_rows
,,,,,,,<na>,,18.0,15.21,2.79,,,9361,financial data present but missing supporting fields,remove_incomplete_rows
,,,,,,,<na>,,57.0,31.44,25.56,,,9367,financial data present but missing supporting fields,remove_incomplete_rows
,,,,,,,<na>,,751.75,503.16,248.59,,,9374,financial data present but missing supporting fields,remove_incomplete_rows
,,,,,,,<na>,,40.0,30.0,10.0,,,9378,financial data present but missing supporting fields,remove_incomplete_rows
,,,,,,,<na>,,230.0,39.85,45.97,,,9383,financial data present but missing supporting fields,remove_incomplete_rows
,,,,,,,<na>,,803.75,450.5,177.75,,,9388,financial data present but missing supporting fields,remove_incomplete_rows
,,,,,,,<na>,,25.0,16.0,9.0,,,9392,financial data present but missing supporting fields,remove_incomplete_rows
,,,,,,,<na>,,422.0,338.74,83.26,,,9396,financial data present but missing supporting fields,remove_incomplete_rows
,,,,,,,<na>,,54.75,44.63,10.12,,,9400,financial data present but missing supporting fields,remove_incomplete_rows
,,,,,,,<na>,,64.8,0.72,43.2,,,9405,financial data present but missing supporting fields,remove_incomplete_rows
,,,,,,,<na>,,18.0,15.21,2.79,,,9409,financial data present but missing supporting fields,remove_incomplete_rows
,,,,,,,<na>,,138.25,69.02,23.75,,,9414,financial data present but missing supporting fields,remove_incomplete_rows
,,,,,,,<na>,,25.75,22.2,3.55,,,9418,financial data present but missing supporting fields,remove_incomplete_rows
,,,,,,,<na>,,96.0,21.64,9.44,,,9422,financial data present but missing supporting fields,remove_incomplete_rows
,,,,,,,<na>,,76.0,59.83,16.17,,,9426,financial data present but missing supporting fields,remove_incomplete_rows
,,,,,,,<na>,,30.0,22.0,8.0,,,9430,financial data present but missing supporting fields,remove_incomplete_rows
,,,,,,,<na>,,60.5,55.23,5.27,,,9435,financial data present but missing supporting fields,remove_incomplete_rows
,,,,,,,<na>,,25.24,21.29,3.95,,,9445,financial data present but missing supporting fields,remove_incomplete_rows
,,,,,,,<na>,,43.0,33.0,10.0,,,9449,financial data present but missing supporting fields,remove_incomplete_rows
,,,,,,,<na>,,18.5,15.16,3.34,,,9453,financial data present but missing supporting fields,remove_incomplete_rows
,,,,,,,<na>,,343.75,275.0,68.75,,,9457,financial data present but missing supporting fields,remove_incomplete_rows
,,,,,,,<na>,,1066.8,913.51,153.29,,,9463,financial data present but missing supporting fields,remove_incomplete_rows
,,,,,,,<na>,,1526.0,547.28,447.78,,,9470,financial data present but missing supporting fields,remove_incomplete_rows
,,,,,,,<na>,,18.0,15.21,2.79,,,9474,financial data present but missing supporting fields,remove_incomplete_rows
,,,,,,,<na>,,15.0,10.85,4.15,,,9478,financial data present but missing supporting fields,remove_incomplete_rows
,,,,,,,<na>,,55.5,22.62,6.48,,,9483,financial data present but missing supporting fields,remove_incomplete_rows
,,,,,,,<na>,,322.0,275.52,46.48,,,9487,financial data present but missing supporting fields,remove_incomplete_rows
,,,,,,,<na>,,41.0,31.41,9.6,,,9492,financial data present but missing supporting fields,remove_incomplete_rows
,,,,,,,<na>,,2089.5,421.43,246.6,,,9497,financial data present but missing supporting fields,remove_incomplete_rows
,,,,,,,<na>,,28.0,13.55,14.45,,,9501,financial data present but missing supporting fields,remove_incomplete_rows
,,,,,,,<na>,,35.25,29.36,5.89,,,9505,financial data present but missing supporting fields,remove_incomplete_rows
,,,,,,,<na>,,87.75,54.77,17.77,,,9511,financial data present but missing supporting fields,remove_incomplete_rows
,,,,,,,<na>,,88.0,35.26,17.48,,,9516,financial data present but missing supporting fields,remove_incomplete_rows
,,,,,,,<na>,,513.5,252.79,260.71,,,9522,financial data present but missing supporting fields,remove_incomplete_rows
,,,,,,,<na>,,267.5,40.73,63.85,,,9527,financial data present but missing supporting fields,remove_incomplete_rows
,,,,,,,<na>,,31.25,13.05,2.02,,,9532,financial data present but missing supporting fields,remove_incomplete_rows
,,,,,,,<na>,,355.5,257.62,68.14,,,9539,financial data present but missing supporting fields,remove_incomplete_rows
,,,,,,,<na>,,136.0,28.72,2.22,,,9549,financial data present but missing supporting fields,remove_incomplete_rows
,,,,,,,<na>,,63.0,9.9,3.6,,,9553,financial data present but missing supporting fields,remove_incomplete_rows
,,,,,,,<na>,,74.0,33.34,7.32,,,9557,financial data present but missing supporting fields,remove_incomplete_rows
,,,,,,,<na>,,52.68,41.07,11.61,,,9561,financial data present but missing supporting fields,remove_incomplete_rows
,,,,,,,<na>,,894.0,94.08,-46.8,,,9567,financial data present but missing supporting fields,remove_incomplete_rows
,,,,,,,<na>,,815.0,256.12,158.32,,,9574,financial data present but missing supporting fields,remove_incomplete_rows
,,,,,,,<na>,,375.5,10.05,329.04,,,9580,financial data present but missing supporting fields,remove_incomplete_rows
,,,,,,,<na>,,111.0,32.4,13.8,,,9588,financial data present but missing supporting fields,remove_incomplete_rows
,,,,,,,<na>,,107.0,27.47,45.46,,,9594,financial data present but missing supporting fields,remove_incomplete_rows
,,,,,,,<na>,,140.0,11.93,20.7,,,9598,financial data present but missing supporting fields,remove_incomplete_rows
,,,,,,,<na>,,18.0,15.21,2.79,,,9602,financial data present but missing supporting fields,remove_incomplete_rows
,,,,,,,<na>,,34.5,27.56,6.94,,,9606,financial data present but missing supporting fields,remove_incomplete_rows
,,,,,,,<na>,,135.0,10.06,82.77,,,9611,financial data present but missing supporting fields,remove_incomplete_rows
,,,,,,,<na>,,48.0,40.29,7.71,,,9615,financial data present but missing supporting fields,remove_incomplete_rows
,,,,,,,<na>,,44.5,35.37,9.13,,,9620,financial data present but missing supporting fields,remove_incomplete_rows
,,,,,,,<na>,,104.0,65.0,39.0,,,9624,financial data present but missing supporting fields,remove_incomplete_rows
,,,,,,,<na>,,53.0,18.69,15.62,,,9628,financial data present but missing supporting fields,remove_incomplete_rows
,,,,,,,<na>,,196.7,54.0,101.23,,,9634,financial data present but missing supporting fields,remove_incomplete_rows
,,,,,,,<na>,,125.0,1.28,61.17,,,9638,financial data present but missing supporting fields,remove_incomplete_rows
,,,,,,,<na>,,139.25,112.3,26.95,,,9645,financial data present but missing supporting fields,remove_incomplete_rows
,,,,,,,<na>,,64.25,53.86,10.39,,,9649,financial data present but missing supporting fields,remove_incomplete_rows
,,,,,,,<na>,,269.0,205.57,51.5,,,9654,financial data present but missing supporting fields,remove_incomplete_rows
,,,,,,,<na>,,72.5,59.15,13.35,,,9658,financial data present but missing supporting fields,remove_incomplete_rows
,,,,,,,<na>,,119.5,98.97,20.53,,,9664,financial data present but missing supporting fields,remove_incomplete_rows
,,,,,,,<na>,,150.0,12.98,20.2,,,9668,financial data present but missing supporting fields,remove_incomplete_rows
,,,,,,,<na>,,80.0,55.0,25.0,,,9672,financial data present but missing supporting fields,remove_incomplete_rows
,,,,,,,<na>,,53.0,3.36,46.28,,,9677,financial data present but missing supporting fields,remove_incomplete_rows
,,,,,,,<na>,,42.5,4.05,2.04,,,9681,financial data present but missing supporting fields,remove_incomplete_rows
,,,,,,,<na>,,161.25,133.31,27.94,,,9685,financial data present but missing supporting fields,remove_incomplete_rows
,,,,,,,<na>,,280.0,59.0,221.0,,,9689,financial data present but missing supporting fields,remove_incomplete_rows
,,,,,,,<na>,,210.0,162.48,47.52,,,9693,financial data present but missing supporting fields,remove_incomplete_rows
,,,,,,,<na>,,10.0,3.3,6.7,,,9697,financial data present but missing supporting fields,remove_incomplete_rows
,,,,,,,<na>,,89.0,41.09,6.82,,,9701,financial data present but missing supporting fields,remove_incomplete_rows
,,,,,,,<na>,,75.0,6.6,9.0,,,9705,financial data present but missing supporting fields,remove_incomplete_rows
,,,,,,,<na>,,143.0,41.72,22.79,,,9711,financial data present but missing supporting fields,remove_incomplete_rows
,,,,,,,<na>,,95.25,38.81,27.64,,,9716,financial data present but missing supporting fields,remove_incomplete_rows
,,,,,,,<na>,,427.75,367.1,60.65,,,9720,financial data present but missing supporting fields,remove_incomplete_rows
,,,,,,,<na>,,220.0,10.17,16.6,,,9724,financial data present but missing supporting fields,remove_incomplete_rows
,,,,,,,<na>,,109.25,90.56,18.69,,,9728,financial data present but missing supporting fields,remove_incomplete_rows
,,,,,,,<na>,,632.16,41.07,139.32,,,9732,financial data present but missing supporting fields,remove_incomplete_rows
,,,,,,,<na>,,411.01,153.44,161.66,,,9742,financial data present but missing supporting fields,remove_incomplete_rows
,,,,,,,<na>,,35.0,2.85,6.54,,,9746,financial data present but missing supporting fields,remove_incomplete_rows
,,,,,,,<na>,,21.12,15.86,5.26,,,9751,financial data present but missing supporting fields,remove_incomplete_rows
,,,,,,,<na>,,608.25,447.08,161.17,,,9757,financial data present but missing supporting fields,remove_incomplete_rows
,,,,,,,<na>,,1434.75,1060.0,374.75,,,9761,financial data present but missing supporting fields,remove_incomplete_rows
,,,,,,,<na>,,208.25,26.58,22.19,,,9765,financial data present but missing supporting fields,remove_incomplete_rows
,,,,,,,<na>,,802.0,433.02,128.98,,,9770,financial data present but missing supporting fields,remove_incomplete_rows
,,,,,,,<na>,,1152.0,455.55,131.65,,,9776,financial data present but missing supporting fields,remove_incomplete_rows
,,,,,,,<na>,,1471.25,110.41,248.54,,,9782,financial data present but missing supporting fields,remove_incomplete_rows
,,,,,,,<na>,,704.75,599.8,104.95,,,9787,financial data present but missing supporting fields,remove_incomplete_rows
,,,,,,,<na>,,210.0,88.13,15.31,,,9792,financial data present but missing supporting fields,remove_incomplete_rows
,,,,,,,<na>,,264.0,27.12,-7.2,,,9796,financial data present but missing supporting fields,remove_incomplete_rows
,,,,,,,<na>,,85.0,4.05,4.08,,,9800,financial data present but missing supporting fields,remove_incomplete_rows
,,,,,,,<na>,,737.75,370.2,127.55,,,9806,financial data present but missing supporting fields,remove_incomplete_rows
,,,,,,,<na>,,1432.0,336.7,492.43,,,9814,financial data present but missing supporting fields,remove_incomplete_rows
,,,,,,,<na>,,299.0,69.21,82.79,,,9820,financial data present but missing supporting fields,remove_incomplete_rows
,,,,,,,<na>,,2077.79,1350.13,596.92,,,9828,financial data present but missing supporting fields,remove_incomplete_rows
,,,,,,,<na>,,312.0,255.19,56.81,,,9832,financial data present but missing supporting fields,remove_incomplete_rows
,,,,,,,<na>,,18.0,15.21,2.79,,,9836,financial data present but missing supporting fields,remove_incomplete_rows
,,,,,,,<na>,,683.0,364.8,78.2,,,9841,financial data present but missing supporting fields,remove_incomplete_rows
,,,,,,,<na>,,1078.5,482.29,220.01,,,9847,financial data present but missing supporting fields,remove_incomplete_rows
,,,,,,,<na>,,54.0,15.21,8.37,,,9851,financial data present but missing supporting fields,remove_incomplete_rows
,,,,,,,<na>,,343.75,275.0,68.75,,,9855,financial data present but missing supporting fields,remove_incomplete_rows
,,,,,,,<na>,,133.5,112.21,21.29,,,9861,financial data present but missing supporting fields,remove_incomplete_rows
,,,,,,,<na>,,350.5,102.4,48.1,,,9867,financial data present but missing supporting fields,remove_incomplete_rows
,,,,,,,<na>,,322.0,40.0,42.0,,,9871,financial data present but missing supporting fields,remove_incomplete_rows
,,,,,,,<na>,,48.0,0.0,48.0,,,9875,financial data present but missing supporting fields,remove_incomplete_rows
,,,,,,,<na>,,18.0,15.21,2.79,,,9879,financial data present but missing supporting fields,remove_incomplete_rows
,,,,,,,<na>,,25.0,16.0,9.0,,,9883,financial data present but missing supporting fields,remove_incomplete_rows
,,,,,,,<na>,,393.0,29.34,40.92,,,9887,financial data present but missing supporting fields,remove_incomplete_rows
,,,,,,,<na>,,142.5,18.63,30.73,,,9891,financial data present but missing supporting fields,remove_incomplete_rows
,,,,,,,<na>,,13.5,8.6,4.9,,,9895,financial data present but missing supporting fields,remove_incomplete_rows
,,,,,,,<na>,,92.5,80.0,12.5,,,9899,financial data present but missing supporting fields,remove_incomplete_rows
,,,,,,,<na>,,684.25,78.55,134.4,,,9904,financial data present but missing supporting fields,remove_incomplete_rows
,,,,,,,<na>,,100.0,6.34,36.6,,,9908,financial data present but missing supporting fields,remove_incomplete_rows
,,,,,,,<na>,,44.0,10.65,8.02,,,9913,financial data present but missing supporting fields,remove_incomplete_rows
,,,,,,,<na>,,138.0,3.2,106.0,,,9919,financial data present but missing supporting fields,remove_incomplete_rows
,,,,,,,<na>,,49.0,11.0,27.0,,,9923,financial data present but missing supporting fields,remove_incomplete_rows
,,,,,,,<na>,,36.25,32.13,4.12,,,9927,financial data present but missing supporting fields,remove_incomplete_rows
,,,,,,,<na>,,51.25,7.02,24.24,,,9932,financial data present but missing supporting fields,remove_incomplete_rows
,,,,,,,<na>,,151.5,94.94,56.56,,,9940,financial data present but missing supporting fields,remove_incomplete_rows
,,,,,,,<na>,,250.0,100.12,84.2,,,9949,financial data present but missing supporting fields,remove_incomplete_rows
,,,,,,,<na>,,80.0,55.0,25.0,,,9953,financial data present but missing supporting fields,remove_incomplete_rows
,,,,,,,<na>,,152.5,22.57,39.65,,,9957,financial data present but missing supporting fields,remove_incomplete_rows
,,,,,,,<na>,,332.5,204.86,127.64,,,9962,financial data present but missing supporting fields,remove_incomplete_rows
,,,,,,,<na>,,30.0,23.33,6.67,,,9966,financial data present but missing supporting fields,remove_incomplete_rows
,,,,,,,<na>,,104.0,65.0,39.0,,,9970,financial data present but missing supporting fields,remove_incomplete_rows
,,,,,,,<na>,,10.0,8.64,1.36,,,9974,financial data present but missing supporting fields,remove_incomplete_rows
,,,,,,,<na>,,100.0,0.0,100.0,,,9978,financial data present but missing supporting fields,remove_incomplete_rows
,,,,,,,<na>,,85.0,5.98,25.2,,,9982,financial data present but missing supporting fields,remove_incomplete_rows
,,,,,,,<na>,,39.25,11.66,3.8,,,9987,financial data present but missing supporting fields,remove_incomplete_rows
,,,,,,,<na>,,49.25,35.79,6.88,,,9992,financial data present but missing supporting fields,remove_incomplete_rows
,,,,,,,<na>,,175.0,6.17,51.6,,,9996,financial data present but missing supporting fields,remove_incomplete_rows
,,,,,,,<na>,,17.0,0.5,12.0,,,10000,financial data present but missing supporting fields,remove_incomplete_rows
,,,,,,,<na>,,312.0,55.2,256.8,,,10006,financial data present but missing supporting fields,remove_incomplete_rows
,,,,,,,<na>,,289.5,44.26,206.05,,,10013,financial data present but missing supporting fields,remove_incomplete_rows
,,,,,,,<na>,,703.0,613.96,89.04,,,10019,financial data present but missing supporting fields,remove_incomplete_rows
,,,,,,,<na>,,50.0,20.87,8.26,,,10023,financial data present but missing supporting fields,remove_incomplete_rows
,,,,,,,<na>,,90.0,15.21,13.95,,,10027,financial data present but missing supporting fields,remove_incomplete_rows
,,,,,,,<na>,,638.05,506.39,131.66,,,10033,financial data present but missing supporting fields,remove_incomplete_rows
,,,,,,,<na>,,52.0,37.04,14.96,,,10037,financial data present but missing supporting fields,remove_incomplete_rows
,,,,,,,<na>,,104.0,0.0,104.0,,,10041,financial data present but missing supporting fields,remove_incomplete_rows
,,,,,,,<na>,,749.0,688.02,60.98,,,10047,financial data present but missing supporting fields,remove_incomplete_rows
,,,,,,,<na>,,72.75,0.0,72.75,,,10051,financial data present but missing supporting fields,remove_incomplete_rows
,,,,,,,<na>,,15.0,9.2,5.8,,,10055,financial data present but missing supporting fields,remove_incomplete_rows
,,,,,,,<na>,,1010.0,620.23,389.77,,,10063,financial data present but missing supporting fields,remove_incomplete_rows
,,,,,,,<na>,,436.5,80.01,52.11,,,10068,financial data present but missing supporting fields,remove_incomplete_rows
,,,,,,,<na>,,1315.45,165.84,114.57,,,10077,financial data present but missing supporting fields,remove_incomplete_rows
,,,,,,,<na>,,163.75,24.37,41.9,,,10081,financial data present but missing supporting fields,remove_incomplete_rows
,,,,,,,<na>,,57.5,39.51,17.99,,,10085,financial data present but missing supporting fields,remove_incomplete_rows
,,,,,,,<na>,,175.5,40.99,96.39,,,10091,financial data present but missing supporting fields,remove_incomplete_rows
,,,,,,,<na>,,36.0,7.61,5.56,,,10095,financial data present but missing supporting fields,remove_incomplete_rows
,,,,,,,<na>,,10.0,6.0,4.0,,,10099,financial data present but missing supporting fields,remove_incomplete_rows
,,,,,,,<na>,,659.75,531.2,128.55,,,10106,financial data present but missing supporting fields,remove_incomplete_rows
,,,,,,,<na>,,124.5,91.74,32.76,,,10113,financial data present but missing supporting fields,remove_incomplete_rows
,,,,,,,<na>,,372.0,292.61,79.39,,,10117,financial data present but missing supporting fields,remove_incomplete_rows
,,,,,,,<na>,,578.25,154.5,114.75,,,10121,financial data present but missing supporting fields,remove_incomplete_rows
,,,,,,,<na>,,1120.0,44.27,234.6,,,10126,financial data present but missing supporting fields,remove_incomplete_rows
,,,,,,,<na>,,200.0,20.87,33.04,,,10130,financial data present but missing supporting fields,remove_incomplete_rows
,,,,,,,<na>,,223.5,143.2,32.24,,,10137,financial data present but missing supporting fields,remove_incomplete_rows
,,,,,,,<na>,,233.75,62.75,163.75,,,10143,financial data present but missing supporting fields,remove_incomplete_rows
,,,,,,,<na>,,29.5,26.75,2.75,,,10147,financial data present but missing supporting fields,remove_incomplete_rows
,,,,,,,<na>,,76.0,61.28,14.72,,,10151,financial data present but missing supporting fields,remove_incomplete_rows
,,,,,,,<na>,,76.0,59.83,16.17,,,10155,financial data present but missing supporting fields,remove_incomplete_rows
,,,,,,,<na>,,35.0,2.85,6.54,,,10159,financial data present but missing supporting fields,remove_incomplete_rows
,,,,,,,<na>,,150.0,0.0,150.0,,,10163,financial data present but missing supporting fields,remove_incomplete_rows
,,,,,,,<na>,,102.25,35.47,40.09,,,10169,financial data present but missing supporting fields,remove_incomplete_rows
,,,,,,,<na>,,98.5,80.29,18.21,,,10173,financial data present but missing supporting fields,remove_incomplete_rows
,,,,,,,<na>,,98.0,50.55,47.45,,,10177,financial data present but missing supporting fields,remove_incomplete_rows
,,,,,,,<na>,,15.0,9.2,5.8,,,10181,financial data present but missing supporting fields,remove_incomplete_rows
,,,,,,,<na>,,25.75,22.2,3.55,,,10185,financial data present but missing supporting fields,remove_incomplete_rows
,,,,,,,<na>,,69.25,32.98,21.17,,,10192,financial data present but missing supporting fields,remove_incomplete_rows
,,,,,,,<na>,,86.5,34.81,16.87,,,10196,financial data present but missing supporting fields,remove_incomplete_rows
,,,,,,,<na>,,25.0,17.81,7.19,,,10200,financial data present but missing supporting fields,remove_incomplete_rows
,,,,,,,<na>,,95.0,18.63,20.48,,,10204,financial data present but missing supporting fields,remove_incomplete_rows
,,,,,,,<na>,,29.5,26.75,2.75,,,10208,financial data present but missing supporting fields,remove_incomplete_rows
,,,,,,,<na>,,50.0,8.0,42.0,,,10212,financial data present but missing supporting fields,remove_incomplete_rows
,,,,,,,<na>,,64.0,54.31,9.69,,,10217,financial data present but missing supporting fields,remove_incomplete_rows
,,,,,,,<na>,,177.68,99.67,21.01,,,10223,financial data present but missing supporting fields,remove_incomplete_rows
,,,,,,,<na>,,25.5,7.14,4.08,,,10227,financial data present but missing supporting fields,remove_incomplete_rows
,,,,,,,<na>,,70.0,26.5,17.0,,,10231,financial data present but missing supporting fields,remove_incomplete_rows
,,,,,,,<na>,,34.5,30.5,4.0,,,10235,financial data present but missing supporting fields,remove_incomplete_rows
,,,,,,,<na>,,81.0,16.02,16.92,,,10239,financial data present but missing supporting fields,remove_incomplete_rows
,,,,,,,<na>,,130.0,9.03,39.7,,,10243,financial data present but missing supporting fields,remove_incomplete_rows
,,,,,,,<na>,,66.0,27.12,11.76,,,10247,financial data present but missing supporting fields,remove_incomplete_rows
,,,,,,,<na>,,36.0,15.21,5.58,,,10251,financial data present but missing supporting fields,remove_incomplete_rows
,,,,,,,<na>,,672.75,611.52,61.23,,,10255,financial data present but missing supporting fields,remove_incomplete_rows
,,,,,,,<na>,,672.75,611.52,61.23,,,10259,financial data present but missing supporting fields,remove_incomplete_rows
,,,,,,,<na>,,320.0,32.73,58.16,,,10263,financial data present but missing supporting fields,remove_incomplete_rows
,,,,,,,<na>,,1249.32,60.89,563.88,,,10270,financial data present but missing supporting fields,remove_incomplete_rows
,,,,,,,<na>,,69.0,27.56,13.88,,,10274,financial data present but missing supporting fields,remove_incomplete_rows
,,,,,,,<na>,,683.0,220.44,222.56,,,10279,financial data present but missing supporting fields,remove_incomplete_rows
,,,,,,,<na>,,1004.0,40.86,36.54,,,10284,financial data present but missing supporting fields,remove_incomplete_rows
,,,,,,,<na>,,343.2,152.37,124.71,,,10291,financial data present but missing supporting fields,remove_incomplete_rows
,,,,,,,<na>,,55.0,45.7,9.3,,,10295,financial data present but missing supporting fields,remove_incomplete_rows
,,,,,,,<na>,,630.0,258.1,113.8,,,10299,financial data present but missing supporting fields,remove_incomplete_rows
,,,,,,,<na>,,25.0,17.81,7.19,,,10303,financial data present but missing supporting fields,remove_incomplete_rows
,,,,,,,<na>,,60.0,39.76,20.24,,,10309,financial data present but missing supporting fields,remove_incomplete_rows
,,,,,,,<na>,,76.75,63.57,13.18,,,10314,financial data present but missing supporting fields,remove_incomplete_rows
,,,,,,,<na>,,196.0,137.29,32.19,,,10319,financial data present but missing supporting fields,remove_incomplete_rows
,,,,,,,<na>,,1295.0,25.98,227.21,,,10324,financial data present but missing supporting fields,remove_incomplete_rows
,,,,,,,<na>,,498.0,200.0,298.0,,,10330,financial data present but missing supporting fields,remove_incomplete_rows
,,,,,,,<na>,,579.0,356.47,102.53,,,10336,financial data present but missing supporting fields,remove_incomplete_rows
,,,,,,,<na>,,343.75,275.0,68.75,,,10340,financial data present but missing supporting fields,remove_incomplete_rows
,,,,,,,<na>,,660.0,521.0,139.0,,,10345,financial data present but missing supporting fields,remove_incomplete_rows
,,,,,,,<na>,,1536.8,746.21,790.59,,,10351,financial data present but missing supporting fields,remove_incomplete_rows
,,,,,,,<na>,,1574.25,733.01,277.6,,,10358,financial data present but missing supporting fields,remove_incomplete_rows
,,,,,,,<na>,,25.0,19.19,5.81,,,10362,financial data present but missing supporting fields,remove_incomplete_rows
,,,,,,,<na>,,152.0,55.0,97.0,,,10366,financial data present but missing supporting fields,remove_incomplete_rows
,,,,,,,<na>,,185.0,28.48,120.43,,,10372,financial data present but missing supporting fields,remove_incomplete_rows
,,,,,,,<na>,,61.75,47.19,10.52,,,10378,financial data present but missing supporting fields,remove_incomplete_rows
,,,,,,,<na>,,36.0,15.21,5.58,,,10382,financial data present but missing supporting fields,remove_incomplete_rows
,,,,,,,<na>,,38.5,28.36,10.14,,,10387,financial data present but missing supporting fields,remove_incomplete_rows
,,,,,,,<na>,,76.5,63.99,12.51,,,10391,financial data present but missing supporting fields,remove_incomplete_rows
,,,,,,,<na>,,76.0,33.33,20.0,,,10397,financial data present but missing supporting fields,remove_incomplete_rows
,,,,,,,<na>,,69.25,25.98,11.88,,,10403,financial data present but missing supporting fields,remove_incomplete_rows
,,,,,,,<na>,,40.0,38.17,1.83,,,10407,financial data present but missing supporting fields,remove_incomplete_rows
,,,,,,,<na>,,61.0,49.19,11.81,,,10412,financial data present but missing supporting fields,remove_incomplete_rows
,,,,,,,<na>,,102.0,28.68,15.96,,,10416,financial data present but missing supporting fields,remove_incomplete_rows
,,,,,,,<na>,,21.0,17.96,3.04,,,10420,financial data present but missing supporting fields,remove_incomplete_rows
,,,,,,,<na>,,121.0,58.68,22.69,,,10425,financial data present but missing supporting fields,remove_incomplete_rows
,,,,,,,<na>,,5.5,3.72,1.78,,,10429,financial data present but missing supporting fields,remove_incomplete_rows
,,,,,,,<na>,,21.25,4.05,1.02,,,10433,financial data present but missing supporting fields,remove_incomplete_rows
,,,,,,,<na>,,311.5,122.44,66.62,,,10437,financial data present but missing supporting fields,remove_incomplete_rows
,,,,,,,<na>,,297.45,59.64,12.72,,,10442,financial data present but missing supporting fields,remove_incomplete_rows
,,,,,,,<na>,,44.5,32.4,12.1,,,10446,financial data present but missing supporting fields,remove_incomplete_rows
,,,,,,,<na>,,48.0,40.29,7.71,,,10450,financial data present but missing supporting fields,remove_incomplete_rows
,,,,,,,<na>,,3680.0,2200.0,1480.0,,,10454,financial data present but missing supporting fields,remove_incomplete_rows
,,,,,,,<na>,,230.0,175.5,54.5,,,10458,financial data present but missing supporting fields,remove_incomplete_rows
,,,,,,,<na>,,82.0,13.79,41.34,,,10463,financial data present but missing supporting fields,remove_incomplete_rows
,,,,,,,<na>,,25.0,16.0,9.0,,,10467,financial data present but missing supporting fields,remove_incomplete_rows
,,,,,,,<na>,,38.5,34.84,3.66,,,10471,financial data present but missing supporting fields,remove_incomplete_rows
,,,,,,,<na>,,75.0,20.87,12.39,,,10475,financial data present but missing supporting fields,remove_incomplete_rows
,,,,,,,<na>,,143.25,34.81,108.44,,,10480,financial data present but missing supporting fields,remove_incomplete_rows
,,,,,,,<na>,,12.45,11.31,1.14,,,10484,financial data present but missing supporting fields,remove_incomplete_rows
,,,,,,,<na>,,672.75,611.52,61.23,,,10488,financial data present but missing supporting fields,remove_incomplete_rows
,,,,,,,<na>,,25.0,21.45,3.55,,,10492,financial data present but missing supporting fields,remove_incomplete_rows
,,,,,,,<na>,,2026.35,0.0,2026.35,,,10496,financial data present but missing supporting fields,remove_incomplete_rows
,,,,,,,<na>,,298.15,233.32,53.52,,,10504,financial data present but missing supporting fields,remove_incomplete_rows
,,,,,,,<na>,,28.0,15.0,13.0,,,10508,financial data present but missing supporting fields,remove_incomplete_rows
,,,,,,,<na>,,17.0,5.98,5.04,,,10512,financial data present but missing supporting fields,remove_incomplete_rows
,,,,,,,<na>,,45.5,36.95,8.55,,,10517,financial data present but missing supporting fields,remove_incomplete_rows
,,,,,,,<na>,,107.5,49.06,24.54,,,10523,financial data present but missing supporting fields,remove_incomplete_rows
,,,,,,,<na>,,200.0,17.64,23.6,,,10527,financial data present but missing supporting fields,remove_incomplete_rows
,,,,,,,<na>,,12.0,6.67,5.33,,,10531,financial data present but missing supporting fields,remove_incomplete_rows
,,,,,,,<na>,,79.5,42.72,36.78,,,10537,financial data present but missing supporting fields,remove_incomplete_rows
,,,,,,,<na>,,65.0,53.81,11.19,,,10541,financial data present but missing supporting fields,remove_incomplete_rows
,,,,,,,<na>,,61.8,19.38,25.53,,,10547,financial data present but missing supporting fields,remove_incomplete_rows
,,,,,,,<na>,,70.5,57.14,13.36,,,10551,financial data present but missing supporting fields,remove_incomplete_rows
,,,,,,,<na>,,37.0,7.27,7.92,,,10555,financial data present but missing supporting fields,remove_incomplete_rows
,,,,,,,<na>,,138.75,123.6,15.15,,,10560,financial data present but missing supporting fields,remove_incomplete_rows
,,,,,,,<na>,,311.0,48.5,46.25,,,10565,financial data present but missing supporting fields,remove_incomplete_rows
,,,,,,,<na>,,530.0,200.0,90.0,,,10570,financial data present but missing supporting fields,remove_incomplete_rows
,,,,,,,<na>,,34.25,25.41,8.84,,,10574,financial data present but missing supporting fields,remove_incomplete_rows
,,,,,,,<na>,,885.25,549.35,289.02,,,10580,financial data present but missing supporting fields,remove_incomplete_rows
,,,,,,,<na>,,418.0,304.98,66.14,,,10585,financial data present but missing supporting fields,remove_incomplete_rows
,,,,,,,<na>,,70.0,2.85,13.07,,,10589,financial data present but missing supporting fields,remove_incomplete_rows
,,,,,,,<na>,,20.0,12.75,7.25,,,10593,financial data present but missing supporting fields,remove_incomplete_rows
,,,,,,,<na>,,15.0,9.2,5.8,,,10597,financial data present but missing supporting fields,remove_incomplete_rows
,,,,,,,<na>,,36.0,24.45,11.55,,,10601,financial data present but missing supporting fields,remove_incomplete_rows
,,,,,,,<na>,,63.0,42.71,20.29,,,10606,financial data present but missing supporting fields,remove_incomplete_rows
,,,,,,,<na>,,992.25,145.01,222.06,,,10611,financial data present but missing supporting fields,remove_incomplete_rows
,,,,,,,<na>,,650.5,322.72,87.78,,,10620,financial data present but missing supporting fields,remove_incomplete_rows
,,,,,,,<na>,,161.0,116.46,44.54,,,10624,financial data present but missing supporting fields,remove_incomplete_rows
,,,,,,,<na>,,68.0,22.1,23.8,,,10628,financial data present but missing supporting fields,remove_incomplete_rows
,,,,,,,<na>,,25.75,22.2,3.55,,,10632,financial data present but missing supporting fields,remove_incomplete_rows
,,,,,,,<na>,,20.0,15.38,4.62,,,10636,financial data present but missing supporting fields,remove_incomplete_rows
,,,,,,,<na>,,98.5,29.2,15.4,,,10641,financial data present but missing supporting fields,remove_incomplete_rows
,,,,,,,<na>,,88.0,32.4,23.2,,,10645,financial data present but missing supporting fields,remove_incomplete_rows
,,,,,,,<na>,,695.0,43.53,141.05,,,10650,financial data present but missing supporting fields,remove_incomplete_rows
,,,,,,,<na>,,18.0,15.21,2.79,,,10654,financial data present but missing supporting fields,remove_incomplete_rows
,,,,,,,<na>,,72.0,15.21,11.16,,,10658,financial data present but missing supporting fields,remove_incomplete_rows
,,,,,,,<na>,,18.0,15.21,2.79,,,10662,financial data present but missing supporting fields,remove_incomplete_rows
,,,,,,,<na>,,81.0,78.91,2.09,,,10666,financial data present but missing supporting fields,remove_incomplete_rows
,,,,,,,<na>,,93.5,77.94,15.56,,,10671,financial data present but missing supporting fields,remove_incomplete_rows
,,,,,,,<na>,,271.75,92.54,41.38,,,10677,financial data present but missing supporting fields,remove_incomplete_rows
,,,,,,,<na>,,348.38,133.67,-0.32,,,10685,financial data present but missing supporting fields,remove_incomplete_rows
,,,,,,,<na>,,18.0,15.21,2.79,,,10689,financial data present but missing supporting fields,remove_incomplete_rows
,,,,,,,<na>,,218.5,169.31,49.19,,,10693,financial data present but missing supporting fields,remove_incomplete_rows
,,,,,,,<na>,,895.0,79.32,101.8,,,10697,financial data present but missing supporting fields,remove_incomplete_rows
,,,,,,,<na>,,100.0,8.0,84.0,,,10701,financial data present but missing supporting fields,remove_incomplete_rows
,,,,,,,<na>,,3.0,1.74,1.26,,,10705,financial data present but missing supporting fields,remove_incomplete_rows
,,,,,,,<na>,,279.5,149.51,42.71,,,10710,financial data present but missing supporting fields,remove_incomplete_rows
,,,,,,,<na>,,1380.0,0.0,1380.0,,,10715,financial data present but missing supporting fields,remove_incomplete_rows
,,,,,,,<na>,,,,,,,0,all important fields empty,remove_incomplete_rows
,,,,,,,<na>,,,,,,,5,all important fields empty,remove_incomplete_rows
,,,,,,,<na>,,,,,,,6,all important fields empty,remove_incomplete_rows
,,,,,,,<na>,,,,,,,9,all important fields empty,remove_incomplete_rows
,,,,,,,<na>,,,,,,,10,all important fields empty,remove_incomplete_rows
,,,,,,,<na>,,,,,,,13,all important fields empty,remove_incomplete_rows
,,,,,,,<na>,,,,,,,14,all important fields empty,remove_incomplete_rows
,,,,,,,<na>,,,,,,,18,all important fields empty,remove_incomplete_rows
,,,,,,,<na>,,,,,,,19,all important fields empty,remove_incomplete_rows
,,,,,,,<na>,,,,,,,23,all important fields empty,remove_incomplete_rows
,,,,,,,<na>,,,,,,,24,all important fields empty,remove_incomplete_rows
,,,,,,,<na>,,,,,,,27,all important fields empty,remove_incomplete_rows
,,,,,,,<na>,,,,,,,28,all important fields empty,remove_incomplete_rows
,,,,,,,<na>,,,,,,,31,all important fields empty,remove_incomplete_rows
,,,,,,,<na>,,,,,,,32,all important fields empty,remove_incomplete_rows
,,,,,,,<na>,,,,,,,35,all important fields empty,remove_incomplete_rows
,,,,,,,<na>,,,,,,,36,all important fields empty,remove_incomplete_rows
,,,,,,,<na>,,,,,,,39,all important fields empty,remove_incomplete_rows
,,,,,,,<na>,,,,,,,40,all important fields empty,remove_incomplete_rows
,,,,,,,<na>,,,,,,,43,all important fields empty,remove_incomplete_rows
,,,,,,,<na>,,,,,,,44,all important fields empty,remove_incomplete_rows
,,,,,,,<na>,,,,,,,49,all important fields empty,remove_incomplete_rows
,,,,,,,<na>,,,,,,,50,all important fields empty,remove_incomplete_rows
,,,,,,,<na>,,,,,,,53,all important fields empty,remove_incomplete_rows
,,,,,,,<na>,,,,,,,54,all important fields empty,remove_incomplete_rows
,,,,,,,<na>,,,,,,,57,all important fields empty,remove_incomplete_rows
,,,,,,,<na>,,,,,,,58,all important fields empty,remove_incomplete_rows
,,,,,,,<na>,,,,,,,61,all important fields empty,remove_incomplete_rows
,,,,,,,<na>,,,,,,,62,all important fields empty,remove_incomplete_rows
,,,,,,,<na>,,,,,,,66,all important fields empty,remove_incomplete_rows
,,,,,,,<na>,,,,,,,67,all important fields empty,remove_incomplete_rows
,,,,,,,<na>,,,,,,,70,all important fields empty,remove_incomplete_rows
,,,,,,,<na>,,,,,,,71,all important fields empty,remove_incomplete_rows
,,,,,,,<na>,,,,,,,75,all important fields empty,remove_incomplete_rows
,,,,,,,<na>,,,,,,,76,all important fields empty,remove_incomplete_rows
,,,,,,,<na>,,,,,,,79,all important fields empty,remove_incomplete_rows
,,,,,,,<na>,,,,,,,80,all important fields empty,remove_incomplete_rows
,,,,,,,<na>,,,,,,,83,all important fields empty,remove_incomplete_rows
,,,,,,,<na>,,,,,,,84,all important fields empty,remove_incomplete_rows
,,,,,,,<na>,,,,,,,89,all important fields empty,remove_incomplete_rows
,,,,,,,<na>,,,,,,,90,all important fields empty,remove_incomplete_rows
,,,,,,,<na>,,,,,,,93,all important fields empty,remove_incomplete_rows
,,,,,,,<na>,,,,,,,94,all important fields empty,remove_incomplete_rows
,,,,,,,<na>,,,,,,,97,all important fields empty,remove_incomplete_rows
,,,,,,,<na>,,,,,,,98,all important fields empty,remove_incomplete_rows
,,,,,,,<na>,,,,,,,101,all important fields empty,remove_incomplete_rows
,,,,,,,<na>,,,,,,,102,all important fields empty,remove_incomplete_rows
,,,,,,,<na>,,,,,,,105,all important fields empty,remove_incomplete_rows
,,,,,,,<na>,,,,,,,106,all important fields empty,remove_incomplete_rows
,,,,,,,<na>,,,,,,,109,all important fields empty,remove_incomplete_rows
,,,,,,,<na>,,,,,,,110,all important fields empty,remove_incomplete_rows
,,,,,,,<na>,,,,,,,113,all important fields empty,remove_incomplete_rows
,,,,,,,<na>,,,,,,,114,all important fields empty,remove_incomplete_rows
,,,,,,,<na>,,,,,,,117,all important fields empty,remove_incomplete_rows
,,,,,,,<na>,,,,,,,118,all important fields empty,remove_incomplete_rows
,,,,,,,<na>,,,,,,,121,all important fields empty,remove_incomplete_rows
,,,,,,,<na>,,,,,,,122,all important fields empty,remove_incomplete_rows
,,,,,,,<na>,,,,,,,127,all important fields empty,remove_incomplete_rows
,,,,,,,<na>,,,,,,,128,all important fields empty,remove_incomplete_rows
,,,,,,,<na>,,,,,,,131,all important fields empty,remove_incomplete_rows
,,,,,,,<na>,,,,,,,132,all important fields empty,remove_incomplete_rows
,,,,,,,<na>,,,,,,,135,all important fields empty,remove_incomplete_rows
,,,,,,,<na>,,,,,,,136,all important fields empty,remove_incomplete_rows
,,,,,,,<na>,,,,,,,139,all important fields empty,remove_incomplete_rows
,,,,,,,<na>,,,,,,,140,all important fields empty,remove_incomplete_rows
,,,,,,,<na>,,,,,,,143,all important fields empty,remove_incomplete_rows
,,,,,,,<na>,,,,,,,144,all important fields empty,remove_incomplete_rows
,,,,,,,<na>,,,,,,,147,all important fields empty,remove_incomplete_rows
,,,,,,,<na>,,,,,,,148,all important fields empty,remove_incomplete_rows
,,,,,,,<na>,,,,,,,152,all important fields empty,remove_incomplete_rows
,,,,,,,<na>,,,,,,,153,all important fields empty,remove_incomplete_rows
,,,,,,,<na>,,,,,,,156,all important fields empty,remove_incomplete_rows
,,,,,,,<na>,,,,,,,157,all important fields empty,remove_incomplete_rows
,,,,,,,<na>,,,,,,,160,all important fields empty,remove_incomplete_rows
,,,,,,,<na>,,,,,,,161,all important fields empty,remove_incomplete_rows
,,,,,,,<na>,,,,,,,164,all important fields empty,remove_incomplete_rows
,,,,,,,<na>,,,,,,,165,all important fields empty,remove_incomplete_rows
,,,,,,,<na>,,,,,,,169,all important fields empty,remove_incomplete_rows
,,,,,,,<na>,,,,,,,170,all important fields empty,remove_incomplete_rows
,,,,,,,<na>,,,,,,,175,all important fields empty,remove_incomplete_rows
,,,,,,,<na>,,,,,,,176,all important fields empty,remove_incomplete_rows
,,,,,,,<na>,,,,,,,181,all important fields empty,remove_incomplete_rows
,,,,,,,<na>,,,,,,,182,all important fields empty,remove_incomplete_rows
,,,,,,,<na>,,,,,,,185,all important fields empty,remove_incomplete_rows
,,,,,,,<na>,,,,,,,186,all important fields empty,remove_incomplete_rows
,,,,,,,<na>,,,,,,,189,all important fields empty,remove_incomplete_rows
,,,,,,,<na>,,,,,,,190,all important fields empty,remove_incomplete_rows
,,,,,,,<na>,,,,,,,194,all important fields empty,remove_incomplete_rows
,,,,,,,<na>,,,,,,,195,all important fields empty,remove_incomplete_rows
,,,,,,,<na>,,,,,,,198,all important fields empty,remove_incomplete_rows
,,,,,,,<na>,,,,,,,199,all important fields empty,remove_incomplete_rows
,,,,,,,<na>,,,,,,,202,all important fields empty,remove_incomplete_rows
,,,,,,,<na>,,,,,,,203,all important fields empty,remove_incomplete_rows
,,,,,,,<na>,,,,,,,206,all important fields empty,remove_incomplete_rows
,,,,,,,<na>,,,,,,,207,all important fields empty,remove_incomplete_rows
,,,,,,,<na>,,,,,,,210,all important fields empty,remove_incomplete_rows
,,,,,,,<na>,,,,,,,211,all important fields empty,remove_incomplete_rows
,,,,,,,<na>,,,,,,,214,all important fields empty,remove_incomplete_rows
,,,,,,,<na>,,,,,,,215,all important fields empty,remove_incomplete_rows
,,,,,,,<na>,,,,,,,218,all important fields empty,remove_incomplete_rows
,,,,,,,<na>,,,,,,,219,all important fields empty,remove_incomplete_rows
,,,,,,,<na>,,,,,,,222,all important fields empty,remove_incomplete_rows
,,,,,,,<na>,,,,,,,223,all important fields empty,remove_incomplete_rows
,,,,,,,<na>,,,,,,,226,all important fields empty,remove_incomplete_rows
,,,,,,,<na>,,,,,,,227,all important fields empty,remove_incomplete_rows
,,,,,,,<na>,,,,,,,230,all important fields empty,remove_incomplete_rows
,,,,,,,<na>,,,,,,,231,all important fields empty,remove_incomplete_rows
,,,,,,,<na>,,,,,,,234,all important fields empty,remove_incomplete_rows
,,,,,,,<na>,,,,,,,235,all important fields empty,remove_incomplete_rows
,,,,,,,<na>,,,,,,,239,all important fields empty,remove_incomplete_rows
,,,,,,,<na>,,,,,,,240,all important fields empty,remove_incomplete_rows
,,,,,,,<na>,,,,,,,243,all important fields empty,remove_incomplete_rows
,,,,,,,<na>,,,,,,,244,all important fields empty,remove_incomplete_rows
,,,,,,,<na>,,,,,,,247,all important fields empty,remove_incomplete_rows
,,,,,,,<na>,,,,,,,248,all important fields empty,remove_incomplete_rows
,,,,,,,<na>,,,,,,,252,all important fields empty,remove_incomplete_rows
,,,,,,,<na>,,,,,,,253,all important fields empty,remove_incomplete_rows
,,,,,,,<na>,,,,,,,256,all important fields empty,remove_incomplete_rows
,,,,,,,<na>,,,,,,,257,all important fields empty,remove_incomplete_rows
,,,,,,,<na>,,,,,,,260,all important fields empty,remove_incomplete_rows
,,,,,,,<na>,,,,,,,261,all important fields empty,remove_incomplete_rows
,,,,,,,<na>,,,,,,,265,all important fields empty,remove_incomplete_rows
,,,,,,,<na>,,,,,,,266,all important fields empty,remove_incomplete_rows
,,,,,,,<na>,,,,,,,269,all important fields empty,remove_incomplete_rows
,,,,,,,<na>,,,,,,,270,all important fields empty,remove_incomplete_rows
,,,,,,,<na>,,,,,,,273,all important fields empty,remove_incomplete_rows
,,,,,,,<na>,,,,,,,274,all important fields empty,remove_incomplete_rows
,,,,,,,<na>,,,,,,,281,all important fields empty,remove_incomplete_rows
,,,,,,,<na>,,,,,,,282,all important fields empty,remove_incomplete_rows
,,,,,,,<na>,,,,,,,285,all important fields empty,remove_incomplete_rows
,,,,,,,<na>,,,,,,,286,all important fields empty,remove_incomplete_rows
,,,,,,,<na>,,,,,,,292,all important fields empty,remove_incomplete_rows
,,,,,,,<na>,,,,,,,293,all important fields empty,remove_incomplete_rows
,,,,,,,<na>,,,,,,,297,all important fields empty,remove_incomplete_rows
,,,,,,,<na>,,,,,,,298,all important fields empty,remove_incomplete_rows
,,,,,,,<na>,,,,,,,302,all important fields empty,remove_incomplete_rows
,,,,,,,<na>,,,,,,,303,all important fields empty,remove_incomplete_rows
,,,,,,,<na>,,,,,,,309,all important fields empty,remove_incomplete_rows
,,,,,,,<na>,,,,,,,310,all important fields empty,remove_incomplete_rows
,,,,,,,<na>,,,,,,,313,all important fields empty,remove_incomplete_rows
,,,,,,,<na>,,,,,,,314,all important fields empty,remove_incomplete_rows
,,,,,,,<na>,,,,,,,317,all important fields empty,remove_incomplete_rows
,,,,,,,<na>,,,,,,,318,all important fields empty,remove_incomplete_rows
,,,,,,,<na>,,,,,,,324,all important fields empty,remove_incomplete_rows
,,,,,,,<na>,,,,,,,325,all important fields empty,remove_incomplete_rows
,,,,,,,<na>,,,,,,,329,all important fields empty,remove_incomplete_rows
,,,,,,,<na>,,,,,,,330,all important fields empty,remove_incomplete_rows
,,,,,,,<na>,,,,,,,334,all important fields empty,remove_incomplete_rows
,,,,,,,<na>,,,,,,,335,all important fields empty,remove_incomplete_rows
,,,,,,,<na>,,,,,,,338,all important fields empty,remove_incomplete_rows
,,,,,,,<na>,,,,,,,339,all important fields empty,remove_incomplete_rows
,,,,,,,<na>,,,,,,,344,all important fields empty,remove_incomplete_rows
,,,,,,,<na>,,,,,,,345,all important fields empty,remove_incomplete_rows
,,,,,,,<na>,,,,,,,348,all important fields empty,remove_incomplete_rows
,,,,,,,<na>,,,,,,,349,all important fields empty,remove_incomplete_rows
,,,,,,,<na>,,,,,,,353,all important fields empty,remove_incomplete_rows
,,,,,,,<na>,,,,,,,354,all important fields empty,remove_incomplete_rows
,,,,,,,<na>,,,,,,,357,all important fields empty,remove_incomplete_rows
,,,,,,,<na>,,,,,,,358,all important fields empty,remove_incomplete_rows
,,,,,,,<na>,,,,,,,363,all important fields empty,remove_incomplete_rows
,,,,,,,<na>,,,,,,,364,all important fields empty,remove_incomplete_rows
,,,,,,,<na>,,,,,,,367,all important fields empty,remove_incomplete_rows
,,,,,,,<na>,,,,,,,368,all important fields empty,remove_incomplete_rows
,,,,,,,<na>,,,,,,,372,all important fields empty,remove_incomplete_rows
,,,,,,,<na>,,,,,,,373,all important fields empty,remove_incomplete_rows
,,,,,,,<na>,,,,,,,376,all important fields empty,remove_incomplete_rows
,,,,,,,<na>,,,,,,,377,all important fields empty,remove_incomplete_rows
,,,,,,,<na>,,,,,,,380,all important fields empty,remove_incomplete_rows
,,,,,,,<na>,,,,,,,381,all important fields empty,remove_incomplete_rows
,,,,,,,<na>,,,,,,,384,all important fields empty,remove_incomplete_rows
,,,,,,,<na>,,,,,,,385,all important fields empty,remove_incomplete_rows
,,,,,,,<na>,,,,,,,389,all important fields empty,remove_incomplete_rows
,,,,,,,<na>,,,,,,,390,all important fields empty,remove_incomplete_rows
,,,,,,,<na>,,,,,,,393,all important fields empty,remove_incomplete_rows
,,,,,,,<na>,,,,,,,394,all important fields empty,remove_incomplete_rows
,,,,,,,<na>,,,,,,,397,all important fields empty,remove_incomplete_rows
,,,,,,,<na>,,,,,,,398,all important fields empty,remove_incomplete_rows
,,,,,,,<na>,,,,,,,401,all important fields empty,remove_incomplete_rows
,,,,,,,<na>,,,,,,,402,all important fields empty,remove_incomplete_rows
,,,,,,,<na>,,,,,,,405,all important fields empty,remove_incomplete_rows
,,,,,,,<na>,,,,,,,406,all important fields empty,remove_incomplete_rows
,,,,,,,<na>,,,,,,,409,all important fields empty,remove_incomplete_rows
,,,,,,,<na>,,,,,,,410,all important fields empty,remove_incomplete_rows
,,,,,,,<na>,,,,,,,415,all important fields empty,remove_incomplete_rows
,,,,,,,<na>,,,,,,,416,all important fields empty,remove_incomplete_rows
,,,,,,,<na>,,,,,,,421,all important fields empty,remove_incomplete_rows
,,,,,,,<na>,,,,,,,422,all important fields empty,remove_incomplete_rows
,,,,,,,<na>,,,,,,,425,all important fields empty,remove_incomplete_rows
,,,,,,,<na>,,,,,,,426,all important fields empty,remove_incomplete_rows
,,,,,,,<na>,,,,,,,429,all important fields empty,remove_incomplete_rows
,,,,,,,<na>,,,,,,,430,all important fields empty,remove_incomplete_rows
,,,,,,,<na>,,,,,,,433,all important fields empty,remove_incomplete_rows
,,,,,,,<na>,,,,,,,434,all important fields empty,remove_incomplete_rows
,,,,,,,<na>,,,,,,,437,all important fields empty,remove_incomplete_rows
,,,,,,,<na>,,,,,,,438,all important fields empty,remove_incomplete_rows
,,,,,,,<na>,,,,,,,441,all important fields empty,remove_incomplete_rows
,,,,,,,<na>,,,,,,,442,all important fields empty,remove_incomplete_rows
,,,,,,,<na>,,,,,,,445,all important fields empty,remove_incomplete_rows
,,,,,,,<na>,,,,,,,446,all important fields empty,remove_incomplete_rows
,,,,,,,<na>,,,,,,,450,all important fields empty,remove_incomplete_rows
,,,,,,,<na>,,,,,,,451,all important fields empty,remove_incomplete_rows
,,,,,,,<na>,,,,,,,455,all important fields empty,remove_incomplete_rows
,,,,,,,<na>,,,,,,,456,all important fields empty,remove_incomplete_rows
,,,,,,,<na>,,,,,,,459,all important fields empty,remove_incomplete_rows
,,,,,,,<na>,,,,,,,460,all important fields empty,remove_incomplete_rows
,,,,,,,<na>,,,,,,,463,all important fields empty,remove_incomplete_rows
,,,,,,,<na>,,,,,,,464,all important fields empty,remove_incomplete_rows
,,,,,,,<na>,,,,,,,470,all important fields empty,remove_incomplete_rows
,,,,,,,<na>,,,,,,,471,all important fields empty,remove_incomplete_rows
,,,,,,,<na>,,,,,,,479,all important fields empty,remove_incomplete_rows
,,,,,,,<na>,,,,,,,480,all important fields empty,remove_incomplete_rows
,,,,,,,<na>,,,,,,,483,all important fields empty,remove_incomplete_rows
,,,,,,,<na>,,,,,,,484,all important fields empty,remove_incomplete_rows
,,,,,,,<na>,,,,,,,487,all important fields empty,remove_incomplete_rows
,,,,,,,<na>,,,,,,,488,all important fields empty,remove_incomplete_rows
,,,,,,,<na>,,,,,,,491,all important fields empty,remove_incomplete_rows
,,,,,,,<na>,,,,,,,492,all important fields empty,remove_incomplete_rows
,,,,,,,<na>,,,,,,,495,all important fields empty,remove_incomplete_rows
,,,,,,,<na>,,,,,,,496,all important fields empty,remove_incomplete_rows
,,,,,,,<na>,,,,,,,499,all important fields empty,remove_incomplete_rows
,,,,,,,<na>,,,,,,,500,all important fields empty,remove_incomplete_rows
,,,,,,,<na>,,,,,,,503,all important fields empty,remove_incomplete_rows
,,,,,,,<na>,,,,,,,504,all important fields empty,remove_incomplete_rows
,,,,,,,<na>,,,,,,,507,all important fields empty,remove_incomplete_rows
,,,,,,,<na>,,,,,,,508,all important fields empty,remove_incomplete_rows
,,,,,,,<na>,,,,,,,512,all important fields empty,remove_incomplete_rows
,,,,,,,<na>,,,,,,,513,all important fields empty,remove_incomplete_rows
,,,,,,,<na>,,,,,,,517,all important fields empty,remove_incomplete_rows
,,,,,,,<na>,,,,,,,518,all important fields empty,remove_incomplete_rows
,,,,,,,<na>,,,,,,,523,all important fields empty,remove_incomplete_rows
,,,,,,,<na>,,,,,,,524,all important fields empty,remove_incomplete_rows
,,,,,,,<na>,,,,,,,527,all important fields empty,remove_incomplete_rows
,,,,,,,<na>,,,,,,,528,all important fields empty,remove_incomplete_rows
,,,,,,,<na>,,,,,,,535,all important fields empty,remove_incomplete_rows
,,,,,,,<na>,,,,,,,536,all important fields empty,remove_incomplete_rows
,,,,,,,<na>,,,,,,,539,all important fields empty,remove_incomplete_rows
,,,,,,,<na>,,,,,,,540,all important fields empty,remove_incomplete_rows
,,,,,,,<na>,,,,,,,545,all important fields empty,remove_incomplete_rows
,,,,,,,<na>,,,,,,,546,all important fields empty,remove_incomplete_rows
,,,,,,,<na>,,,,,,,550,all important fields empty,remove_incomplete_rows
,,,,,,,<na>,,,,,,,551,all important fields empty,remove_incomplete_rows
,,,,,,,<na>,,,,,,,556,all important fields empty,remove_incomplete_rows
,,,,,,,<na>,,,,,,,557,all important fields empty,remove_incomplete_rows
,,,,,,,<na>,,,,,,,561,all important fields empty,remove_incomplete_rows
,,,,,,,<na>,,,,,,,562,all important fields empty,remove_incomplete_rows
,,,,,,,<na>,,,,,,,565,all important fields empty,remove_incomplete_rows
,,,,,,,<na>,,,,,,,566,all important fields empty,remove_incomplete_rows
,,,,,,,<na>,,,,,,,570,all important fields empty,remove_incomplete_rows
,,,,,,,<na>,,,,,,,571,all important fields empty,remove_incomplete_rows
,,,,,,,<na>,,,,,,,574,all important fields empty,remove_incomplete_rows
,,,,,,,<na>,,,,,,,575,all important fields empty,remove_incomplete_rows
,,,,,,,<na>,,,,,,,580,all important fields empty,remove_incomplete_rows
,,,,,,,<na>,,,,,,,581,all important fields empty,remove_incomplete_rows
,,,,,,,<na>,,,,,,,586,all important fields empty,remove_incomplete_rows
,,,,,,,<na>,,,,,,,587,all important fields empty,remove_incomplete_rows
,,,,,,,<na>,,,,,,,592,all important fields empty,remove_incomplete_rows
,,,,,,,<na>,,,,,,,593,all important fields empty,remove_incomplete_rows
,,,,,,,<na>,,,,,,,597,all important fields empty,remove_incomplete_rows
,,,,,,,<na>,,,,,,,598,all important fields empty,remove_incomplete_rows
,,,,,,,<na>,,,,,,,601,all important fields empty,remove_incomplete_rows
,,,,,,,<na>,,,,,,,602,all important fields empty,remove_incomplete_rows
,,,,,,,<na>,,,,,,,605,all important fields empty,remove_incomplete_rows
,,,,,,,<na>,,,,,,,606,all important fields empty,remove_incomplete_rows
,,,,,,,<na>,,,,,,,609,all important fields empty,remove_incomplete_rows
,,,,,,,<na>,,,,,,,610,all important fields empty,remove_incomplete_rows
,,,,,,,<na>,,,,,,,614,all important fields empty,remove_incomplete_rows
,,,,,,,<na>,,,,,,,615,all important fields empty,remove_incomplete_rows
,,,,,,,<na>,,,,,,,619,all important fields empty,remove_incomplete_rows
,,,,,,,<na>,,,,,,,620,all important fields empty,remove_incomplete_rows
,,,,,,,<na>,,,,,,,623,all important fields empty,remove_incomplete_rows
,,,,,,,<na>,,,,,,,624,all important fields empty,remove_incomplete_rows
,,,,,,,<na>,,,,,,,627,all important fields empty,remove_incomplete_rows
,,,,,,,<na>,,,,,,,628,all important fields empty,remove_incomplete_rows
,,,,,,,<na>,,,,,,,631,all important fields empty,remove_incomplete_rows
,,,,,,,<na>,,,,,,,632,all important fields empty,remove_incomplete_rows
,,,,,,,<na>,,,,,,,636,all important fields empty,remove_incomplete_rows
,,,,,,,<na>,,,,,,,637,all important fields empty,remove_incomplete_rows
,,,,,,,<na>,,,,,,,640,all important fields empty,remove_incomplete_rows
,,,,,,,<na>,,,,,,,641,all important fields empty,remove_incomplete_rows
,,,,,,,<na>,,,,,,,644,all important fields empty,remove_incomplete_rows
,,,,,,,<na>,,,,,,,645,all important fields empty,remove_incomplete_rows
,,,,,,,<na>,,,,,,,648,all important fields empty,remove_incomplete_rows
,,,,,,,<na>,,,,,,,649,all important fields empty,remove_incomplete_rows
,,,,,,,<na>,,,,,,,656,all important fields empty,remove_incomplete_rows
,,,,,,,<na>,,,,,,,657,all important fields empty,remove_incomplete_rows
,,,,,,,<na>,,,,,,,663,all important fields empty,remove_incomplete_rows
,,,,,,,<na>,,,,,,,664,all important fields empty,remove_incomplete_rows
,,,,,,,<na>,,,,,,,667,all important fields empty,remove_incomplete_rows
,,,,,,,<na>,,,,,,,668,all important fields empty,remove_incomplete_rows
,,,,,,,<na>,,,,,,,671,all important fields empty,remove_incomplete_rows
,,,,,,,<na>,,,,,,,672,all important fields empty,remove_incomplete_rows
,,,,,,,<na>,,,,,,,675,all important fields empty,remove_incomplete_rows
,,,,,,,<na>,,,,,,,676,all important fields empty,remove_incomplete_rows
,,,,,,,<na>,,,,,,,679,all important fields empty,remove_incomplete_rows
,,,,,,,<na>,,,,,,,680,all important fields empty,remove_incomplete_rows
,,,,,,,<na>,,,,,,,684,all important fields empty,remove_incomplete_rows
,,,,,,,<na>,,,,,,,685,all important fields empty,remove_incomplete_rows
,,,,,,,<na>,,,,,,,688,all important fields empty,remove_incomplete_rows
,,,,,,,<na>,,,,,,,689,all important fields empty,remove_incomplete_rows
,,,,,,,<na>,,,,,,,692,all important fields empty,remove_incomplete_rows
,,,,,,,<na>,,,,,,,693,all important fields empty,remove_incomplete_rows
,,,,,,,<na>,,,,,,,698,all important fields empty,remove_incomplete_rows
,,,,,,,<na>,,,,,,,699,all important fields empty,remove_incomplete_rows
,,,,,,,<na>,,,,,,,703,all important fields empty,remove_incomplete_rows
,,,,,,,<na>,,,,,,,704,all important fields empty,remove_incomplete_rows
,,,,,,,<na>,,,,,,,707,all important fields empty,remove_incomplete_rows
,,,,,,,<na>,,,,,,,708,all important fields empty,remove_incomplete_rows
,,,,,,,<na>,,,,,,,711,all important fields empty,remove_incomplete_rows
,,,,,,,<na>,,,,,,,712,all important fields empty,remove_incomplete_rows
,,,,,,,<na>,,,,,,,715,all important fields empty,remove_incomplete_rows
,,,,,,,<na>,,,,,,,716,all important fields empty,remove_incomplete_rows
,,,,,,,<na>,,,,,,,721,all important fields empty,remove_incomplete_rows
,,,,,,,<na>,,,,,,,722,all important fields empty,remove_incomplete_rows
,,,,,,,<na>,,,,,,,728,all important fields empty,remove_incomplete_rows
,,,,,,,<na>,,,,,,,729,all important fields empty,remove_incomplete_rows
,,,,,,,<na>,,,,,,,734,all important fields empty,remove_incomplete_rows
,,,,,,,<na>,,,,,,,735,all important fields empty,remove_incomplete_rows
,,,,,,,<na>,,,,,,,738,all important fields empty,remove_incomplete_rows
,,,,,,,<na>,,,,,,,739,all important fields empty,remove_incomplete_rows
,,,,,,,<na>,,,,,,,742,all important fields empty,remove_incomplete_rows
,,,,,,,<na>,,,,,,,743,all important fields empty,remove_incomplete_rows
,,,,,,,<na>,,,,,,,746,all important fields empty,remove_incomplete_rows
,,,,,,,<na>,,,,,,,747,all important fields empty,remove_incomplete_rows
,,,,,,,<na>,,,,,,,750,all important fields empty,remove_incomplete_rows
,,,,,,,<na>,,,,,,,751,all important fields empty,remove_incomplete_rows
,,,,,,,<na>,,,,,,,754,all important fields empty,remove_incomplete_rows
,,,,,,,<na>,,,,,,,755,all important fields empty,remove_incomplete_rows
,,,,,,,<na>,,,,,,,758,all important fields empty,remove_incomplete_rows
,,,,,,,<na>,,,,,,,759,all important fields empty,remove_incomplete_rows
,,,,,,,<na>,,,,,,,762,all important fields empty,remove_incomplete_rows
,,,,,,,<na>,,,,,,,763,all important fields empty,remove_incomplete_rows
,,,,,,,<na>,,,,,,,766,all important fields empty,remove_incomplete_rows
,,,,,,,<na>,,,,,,,767,all important fields empty,remove_incomplete_rows
,,,,,,,<na>,,,,,,,770,all important fields empty,remove_incomplete_rows
,,,,,,,<na>,,,,,,,771,all important fields empty,remove_incomplete_rows
,,,,,,,<na>,,,,,,,774,all important fields empty,remove_incomplete_rows
,,,,,,,<na>,,,,,,,775,all important fields empty,remove_incomplete_rows
,,,,,,,<na>,,,,,,,780,all important fields empty,remove_incomplete_rows
,,,,,,,<na>,,,,,,,781,all important fields empty,remove_incomplete_rows
,,,,,,,<na>,,,,,,,784,all important fields empty,remove_incomplete_rows
,,,,,,,<na>,,,,,,,785,all important fields empty,remove_incomplete_rows
,,,,,,,<na>,,,,,,,788,all important fields empty,remove_incomplete_rows
,,,,,,,<na>,,,,,,,789,all important fields empty,remove_incomplete_rows
,,,,,,,<na>,,,,,,,792,all important fields empty,remove_incomplete_rows
,,,,,,,<na>,,,,,,,793,all important fields empty,remove_incomplete_rows
,,,,,,,<na>,,,,,,,796,all important fields empty,remove_incomplete_rows
,,,,,,,<na>,,,,,,,797,all important fields empty,remove_incomplete_rows
,,,,,,,<na>,,,,,,,800,all important fields empty,remove_incomplete_rows
,,,,,,,<na>,,,,,,,801,all important fields empty,remove_incomplete_rows
,,,,,,,<na>,,,,,,,804,all important fields empty,remove_incomplete_rows
,,,,,,,<na>,,,,,,,805,all important fields empty,remove_incomplete_rows
,,,,,,,<na>,,,,,,,808,all important fields empty,remove_incomplete_rows
,,,,,,,<na>,,,,,,,809,all important fields empty,remove_incomplete_rows
,,,,,,,<na>,,,,,,,812,all important fields empty,remove_incomplete_rows
,,,,,,,<na>,,,,,,,813,all important fields empty,remove_incomplete_rows
,,,,,,,<na>,,,,,,,816,all important fields empty,remove_incomplete_rows
,,,,,,,<na>,,,,,,,817,all important fields empty,remove_incomplete_rows
,,,,,,,<na>,,,,,,,822,all important fields empty,remove_incomplete_rows
,,,,,,,<na>,,,,,,,823,all important fields empty,remove_incomplete_rows
,,,,,,,<na>,,,,,,,827,all important fields empty,remove_incomplete_rows
,,,,,,,<na>,,,,,,,828,all important fields empty,remove_incomplete_rows
,,,,,,,<na>,,,,,,,832,all important fields empty,remove_incomplete_rows
,,,,,,,<na>,,,,,,,833,all important fields empty,remove_incomplete_rows
,,,,,,,<na>,,,,,,,838,all important fields empty,remove_incomplete_rows
,,,,,,,<na>,,,,,,,839,all important fields empty,remove_incomplete_rows
,,,,,,,<na>,,,,,,,842,all important fields empty,remove_incomplete_rows
,,,,,,,<na>,,,,,,,843,all important fields empty,remove_incomplete_rows
,,,,,,,<na>,,,,,,,846,all important fields empty,remove_incomplete_rows
,,,,,,,<na>,,,,,,,847,all important fields empty,remove_incomplete_rows
,,,,,,,<na>,,,,,,,851,all important fields empty,remove_incomplete_rows
,,,,,,,<na>,,,,,,,852,all important fields empty,remove_incomplete_rows
,,,,,,,<na>,,,,,,,855,all important fields empty,remove_incomplete_rows
,,,,,,,<na>,,,,,,,856,all important fields empty,remove_incomplete_rows
,,,,,,,<na>,,,,,,,859,all important fields empty,remove_incomplete_rows
,,,,,,,<na>,,,,,,,860,all important fields empty,remove_incomplete_rows
,,,,,,,<na>,,,,,,,863,all important fields empty,remove_incomplete_rows
,,,,,,,<na>,,,,,,,864,all important fields empty,remove_incomplete_rows
,,,,,,,<na>,,,,,,,867,all important fields empty,remove_incomplete_rows
,,,,,,,<na>,,,,,,,868,all important fields empty,remove_incomplete_rows
,,,,,,,<na>,,,,,,,871,all important fields empty,remove_incomplete_rows
,,,,,,,<na>,,,,,,,872,all important fields empty,remove_incomplete_rows
,,,,,,,<na>,,,,,,,876,all important fields empty,remove_incomplete_rows
,,,,,,,<na>,,,,,,,877,all important fields empty,remove_incomplete_rows
,,,,,,,<na>,,,,,,,880,all important fields empty,remove_incomplete_rows
,,,,,,,<na>,,,,,,,881,all important fields empty,remove_incomplete_rows
,,,,,,,<na>,,,,,,,884,all important fields empty,remove_incomplete_rows
,,,,,,,<na>,,,,,,,885,all important fields empty,remove_incomplete_rows
,,,,,,,<na>,,,,,,,888,all important fields empty,remove_incomplete_rows
,,,,,,,<na>,,,,,,,889,all important fields empty,remove_incomplete_rows
,,,,,,,<na>,,,,,,,892,all important fields empty,remove_incomplete_rows
,,,,,,,<na>,,,,,,,893,all important fields empty,remove_incomplete_rows
,,,,,,,<na>,,,,,,,896,all important fields empty,remove_incomplete_rows
,,,,,,,<na>,,,,,,,897,all important fields empty,remove_incomplete_rows
,,,,,,,<na>,,,,,,,901,all important fields empty,remove_incomplete_rows
,,,,,,,<na>,,,,,,,902,all important fields empty,remove_incomplete_rows
,,,,,,,<na>,,,,,,,905,all important fields empty,remove_incomplete_rows
,,,,,,,<na>,,,,,,,906,all important fields empty,remove_incomplete_rows
,,,,,,,<na>,,,,,,,910,all important fields empty,remove_incomplete_rows
,,,,,,,<na>,,,,,,,911,all important fields empty,remove_incomplete_rows
,,,,,,,<na>,,,,,,,914,all important fields empty,remove_incomplete_rows
,,,,,,,<na>,,,,,,,915,all important fields empty,remove_incomplete_rows
,,,,,,,<na>,,,,,,,918,all important fields empty,remove_incomplete_rows
,,,,,,,<na>,,,,,,,919,all important fields empty,remove_incomplete_rows
,,,,,,,<na>,,,,,,,923,all important fields empty,remove_incomplete_rows
,,,,,,,<na>,,,,,,,924,all important fields empty,remove_incomplete_rows
,,,,,,,<na>,,,,,,,927,all important fields empty,remove_incomplete_rows
,,,,,,,<na>,,,,,,,928,all important fields empty,remove_incomplete_rows
,,,,,,,<na>,,,,,,,931,all important fields empty,remove_incomplete_rows
,,,,,,,<na>,,,,,,,932,all important fields empty,remove_incomplete_rows
,,,,,,,<na>,,,,,,,937,all important fields empty,remove_incomplete_rows
,,,,,,,<na>,,,,,,,938,all important fields empty,remove_incomplete_rows
,,,,,,,<na>,,,,,,,942,all important fields empty,remove_incomplete_rows
,,,,,,,<na>,,,,,,,943,all important fields empty,remove_incomplete_rows
,,,,,,,<na>,,,,,,,946,all important fields empty,remove_incomplete_rows
,,,,,,,<na>,,,,,,,947,all important fields empty,remove_incomplete_rows
,,,,,,,<na>,,,,,,,950,all important fields empty,remove_incomplete_rows
,,,,,,,<na>,,,,,,,951,all important fields empty,remove_incomplete_rows
,,,,,,,<na>,,,,,,,955,all important fields empty,remove_incomplete_rows
,,,,,,,<na>,,,,,,,956,all important fields empty,remove_incomplete_rows
,,,,,,,<na>,,,,,,,962,all important fields empty,remove_incomplete_rows
,,,,,,,<na>,,,,,,,963,all important fields empty,remove_incomplete_rows
,,,,,,,<na>,,,,,,,971,all important fields empty,remove_incomplete_rows
,,,,,,,<na>,,,,,,,972,all important fields empty,remove_incomplete_rows
,,,,,,,<na>,,,,,,,976,all important fields empty,remove_incomplete_rows
,,,,,,,<na>,,,,,,,977,all important fields empty,remove_incomplete_rows
,,,,,,,<na>,,,,,,,980,all important fields empty,remove_incomplete_rows
,,,,,,,<na>,,,,,,,981,all important fields empty,remove_incomplete_rows
,,,,,,,<na>,,,,,,,986,all important fields empty,remove_incomplete_rows
,,,,,,,<na>,,,,,,,987,all important fields empty,remove_incomplete_rows
,,,,,,,<na>,,,,,,,990,all important fields empty,remove_incomplete_rows
,,,,,,,<na>,,,,,,,991,all important fields empty,remove_incomplete_rows
,,,,,,,<na>,,,,,,,995,all important fields empty,remove_incomplete_rows
,,,,,,,<na>,,,,,,,996,all important fields empty,remove_incomplete_rows
,,,,,,,<na>,,,,,,,999,all important fields empty,remove_incomplete_rows
,,,,,,,<na>,,,,,,,1000,all important fields empty,remove_incomplete_rows
,,,,,,,<na>,,,,,,,1004,all important fields empty,remove_incomplete_rows
,,,,,,,<na>,,,,,,,1005,all important fields empty,remove_incomplete_rows
,,,,,,,<na>,,,,,,,1008,all important fields empty,remove_incomplete_rows
,,,,,,,<na>,,,,,,,1009,all important fields empty,remove_incomplete_rows
,,,,,,,<na>,,,,,,,1013,all important fields empty,remove_incomplete_rows
,,,,,,,<na>,,,,,,,1014,all important fields empty,remove_incomplete_rows
,,,,,,,<na>,,,,,,,1018,all important fields empty,remove_incomplete_rows
,,,,,,,<na>,,,,,,,1019,all important fields empty,remove_incomplete_rows
,,,,,,,<na>,,,,,,,1022,all important fields empty,remove_incomplete_rows
,,,,,,,<na>,,,,,,,1023,all important fields empty,remove_incomplete_rows
,,,,,,,<na>,,,,,,,1027,all important fields empty,remove_incomplete_rows
,,,,,,,<na>,,,,,,,1028,all important fields empty,remove_incomplete_rows
,,,,,,,<na>,,,,,,,1031,all important fields empty,remove_incomplete_rows
,,,,,,,<na>,,,,,,,1032,all important fields empty,remove_incomplete_rows
,,,,,,,<na>,,,,,,,1036,all important fields empty,remove_incomplete_rows
,,,,,,,<na>,,,,,,,1037,all important fields empty,remove_incomplete_rows
,,,,,,,<na>,,,,,,,1040,all important fields empty,remove_incomplete_rows
,,,,,,,<na>,,,,,,,1041,all important fields empty,remove_incomplete_rows
,,,,,,,<na>,,,,,,,1045,all important fields empty,remove_incomplete_rows
,,,,,,,<na>,,,,,,,1046,all important fields empty,remove_incomplete_rows
,,,,,,,<na>,,,,,,,1050,all important fields empty,remove_incomplete_rows
,,,,,,,<na>,,,,,,,1051,all important fields empty,remove_incomplete_rows
,,,,,,,<na>,,,,,,,1057,all important fields empty,remove_incomplete_rows
,,,,,,,<na>,,,,,,,1058,all important fields empty,remove_incomplete_rows
,,,,,,,<na>,,,,,,,1061,all important fields empty,remove_incomplete_rows
,,,,,,,<na>,,,,,,,1062,all important fields empty,remove_incomplete_rows
,,,,,,,<na>,,,,,,,1065,all important fields empty,remove_incomplete_rows
,,,,,,,<na>,,,,,,,1066,all important fields empty,remove_incomplete_rows
,,,,,,,<na>,,,,,,,1069,all important fields empty,remove_incomplete_rows
,,,,,,,<na>,,,,,,,1070,all important fields empty,remove_incomplete_rows
,,,,,,,<na>,,,,,,,1074,all important fields empty,remove_incomplete_rows
,,,,,,,<na>,,,,,,,1075,all important fields empty,remove_incomplete_rows
,,,,,,,<na>,,,,,,,1078,all important fields empty,remove_incomplete_rows
,,,,,,,<na>,,,,,,,1079,all important fields empty,remove_incomplete_rows
,,,,,,,<na>,,,,,,,1082,all important fields empty,remove_incomplete_rows
,,,,,,,<na>,,,,,,,1083,all important fields empty,remove_incomplete_rows
,,,,,,,<na>,,,,,,,1086,all important fields empty,remove_incomplete_rows
,,,,,,,<na>,,,,,,,1087,all important fields empty,remove_incomplete_rows
,,,,,,,<na>,,,,,,,1090,all important fields empty,remove_incomplete_rows
,,,,,,,<na>,,,,,,,1091,all important fields empty,remove_incomplete_rows
,,,,,,,<na>,,,,,,,1094,all important fields empty,remove_incomplete_rows
,,,,,,,<na>,,,,,,,1095,all important fields empty,remove_incomplete_rows
,,,,,,,<na>,,,,,,,1098,all important fields empty,remove_incomplete_rows
,,,,,,,<na>,,,,,,,1099,all important fields empty,remove_incomplete_rows
,,,,,,,<na>,,,,,,,1102,all important fields empty,remove_incomplete_rows
,,,,,,,<na>,,,,,,,1103,all important fields empty,remove_incomplete_rows
,,,,,,,<na>,,,,,,,1106,all important fields empty,remove_incomplete_rows
,,,,,,,<na>,,,,,,,1107,all important fields empty,remove_incomplete_rows
,,,,,,,<na>,,,,,,,1110,all important fields empty,remove_incomplete_rows
,,,,,,,<na>,,,,,,,1111,all important fields empty,remove_incomplete_rows
,,,,,,,<na>,,,,,,,1115,all important fields empty,remove_incomplete_rows
,,,,,,,<na>,,,,,,,1116,all important fields empty,remove_incomplete_rows
,,,,,,,<na>,,,,,,,1123,all important fields empty,remove_incomplete_rows
,,,,,,,<na>,,,,,,,1124,all important fields empty,remove_incomplete_rows
,,,,,,,<na>,,,,,,,1127,all important fields empty,remove_incomplete_rows
,,,,,,,<na>,,,,,,,1128,all important fields empty,remove_incomplete_rows
,,,,,,,<na>,,,,,,,1131,all important fields empty,remove_incomplete_rows
,,,,,,,<na>,,,,,,,1132,all important fields empty,remove_incomplete_rows
,,,,,,,<na>,,,,,,,1135,all important fields empty,remove_incomplete_rows
,,,,,,,<na>,,,,,,,1136,all important fields empty,remove_incomplete_rows
,,,,,,,<na>,,,,,,,1139,all important fields empty,remove_incomplete_rows
,,,,,,,<na>,,,,,,,1140,all important fields empty,remove_incomplete_rows
,,,,,,,<na>,,,,,,,1146,all important fields empty,remove_incomplete_rows
,,,,,,,<na>,,,,,,,1147,all important fields empty,remove_incomplete_rows
,,,,,,,<na>,,,,,,,1152,all important fields empty,remove_incomplete_rows
,,,,,,,<na>,,,,,,,1153,all important fields empty,remove_incomplete_rows
,,,,,,,<na>,,,,,,,1156,all important fields empty,remove_incomplete_rows
,,,,,,,<na>,,,,,,,1157,all important fields empty,remove_incomplete_rows
,,,,,,,<na>,,,,,,,1160,all important fields empty,remove_incomplete_rows
,,,,,,,<na>,,,,,,,1161,all important fields empty,remove_incomplete_rows
,,,,,,,<na>,,,,,,,1164,all important fields empty,remove_incomplete_rows
,,,,,,,<na>,,,,,,,1165,all important fields empty,remove_incomplete_rows
,,,,,,,<na>,,,,,,,1168,all important fields empty,remove_incomplete_rows
,,,,,,,<na>,,,,,,,1169,all important fields empty,remove_incomplete_rows
,,,,,,,<na>,,,,,,,1172,all important fields empty,remove_incomplete_rows
,,,,,,,<na>,,,,,,,1173,all important fields empty,remove_incomplete_rows
,,,,,,,<na>,,,,,,,1176,all important fields empty,remove_incomplete_rows
,,,,,,,<na>,,,,,,,1177,all important fields empty,remove_incomplete_rows
,,,,,,,<na>,,,,,,,1180,all important fields empty,remove_incomplete_rows
,,,,,,,<na>,,,,,,,1181,all important fields empty,remove_incomplete_rows
,,,,,,,<na>,,,,,,,1184,all important fields empty,remove_incomplete_rows
,,,,,,,<na>,,,,,,,1185,all important fields empty,remove_incomplete_rows
,,,,,,,<na>,,,,,,,1189,all important fields empty,remove_incomplete_rows
,,,,,,,<na>,,,,,,,1190,all important fields empty,remove_incomplete_rows
,,,,,,,<na>,,,,,,,1193,all important fields empty,remove_incomplete_rows
,,,,,,,<na>,,,,,,,1194,all important fields empty,remove_incomplete_rows
,,,,,,,<na>,,,,,,,1201,all important fields empty,remove_incomplete_rows
,,,,,,,<na>,,,,,,,1202,all important fields empty,remove_incomplete_rows
,,,,,,,<na>,,,,,,,1206,all important fields empty,remove_incomplete_rows
,,,,,,,<na>,,,,,,,1207,all important fields empty,remove_incomplete_rows
,,,,,,,<na>,,,,,,,1211,all important fields empty,remove_incomplete_rows
,,,,,,,<na>,,,,,,,1212,all important fields empty,remove_incomplete_rows
,,,,,,,<na>,,,,,,,1215,all important fields empty,remove_incomplete_rows
,,,,,,,<na>,,,,,,,1216,all important fields empty,remove_incomplete_rows
,,,,,,,<na>,,,,,,,1219,all important fields empty,remove_incomplete_rows
,,,,,,,<na>,,,,,,,1220,all important fields empty,remove_incomplete_rows
,,,,,,,<na>,,,,,,,1223,all important fields empty,remove_incomplete_rows
,,,,,,,<na>,,,,,,,1224,all important fields empty,remove_incomplete_rows
,,,,,,,<na>,,,,,,,1227,all important fields empty,remove_incomplete_rows
,,,,,,,<na>,,,,,,,1228,all important fields empty,remove_incomplete_rows
,,,,,,,<na>,,,,,,,1231,all important fields empty,remove_incomplete_rows
,,,,,,,<na>,,,,,,,1232,all important fields empty,remove_incomplete_rows
,,,,,,,<na>,,,,,,,1235,all important fields empty,remove_incomplete_rows
,,,,,,,<na>,,,,,,,1236,all important fields empty,remove_incomplete_rows
,,,,,,,<na>,,,,,,,1240,all important fields empty,remove_incomplete_rows
,,,,,,,<na>,,,,,,,1241,all important fields empty,remove_incomplete_rows
,,,,,,,<na>,,,,,,,1244,all important fields empty,remove_incomplete_rows
,,,,,,,<na>,,,,,,,1245,all important fields empty,remove_incomplete_rows
,,,,,,,<na>,,,,,,,1249,all important fields empty,remove_incomplete_rows
,,,,,,,<na>,,,,,,,1250,all important fields empty,remove_incomplete_rows
,,,,,,,<na>,,,,,,,1253,all important fields empty,remove_incomplete_rows
,,,,,,,<na>,,,,,,,1254,all important fields empty,remove_incomplete_rows
,,,,,,,<na>,,,,,,,1257,all important fields empty,remove_incomplete_rows
,,,,,,,<na>,,,,,,,1258,all important fields empty,remove_incomplete_rows
,,,,,,,<na>,,,,,,,1263,all important fields empty,remove_incomplete_rows
,,,,,,,<na>,,,,,,,1264,all important fields empty,remove_incomplete_rows
,,,,,,,<na>,,,,,,,1270,all important fields empty,remove_incomplete_rows
,,,,,,,<na>,,,,,,,1271,all important fields empty,remove_incomplete_rows
,,,,,,,<na>,,,,,,,1274,all important fields empty,remove_incomplete_rows
,,,,,,,<na>,,,,,,,1275,all important fields empty,remove_incomplete_rows
,,,,,,,<na>,,,,,,,1278,all important fields empty,remove_incomplete_rows
,,,,,,,<na>,,,,,,,1279,all important fields empty,remove_incomplete_rows
,,,,,,,<na>,,,,,,,1282,all important fields empty,remove_incomplete_rows
,,,,,,,<na>,,,,,,,1283,all important fields empty,remove_incomplete_rows
,,,,,,,<na>,,,,,,,1286,all important fields empty,remove_incomplete_rows
,,,,,,,<na>,,,,,,,1287,all important fields empty,remove_incomplete_rows
,,,,,,,<na>,,,,,,,1292,all important fields empty,remove_incomplete_rows
,,,,,,,<na>,,,,,,,1293,all important fields empty,remove_incomplete_rows
,,,,,,,<na>,,,,,,,1296,all important fields empty,remove_incomplete_rows
,,,,,,,<na>,,,,,,,1297,all important fields empty,remove_incomplete_rows
,,,,,,,<na>,,,,,,,1301,all important fields empty,remove_incomplete_rows
,,,,,,,<na>,,,,,,,1302,all important fields empty,remove_incomplete_rows
,,,,,,,<na>,,,,,,,1305,all important fields empty,remove_incomplete_rows
,,,,,,,<na>,,,,,,,1306,all important fields empty,remove_incomplete_rows
,,,,,,,<na>,,,,,,,1309,all important fields empty,remove_incomplete_rows
,,,,,,,<na>,,,,,,,1310,all important fields empty,remove_incomplete_rows
,,,,,,,<na>,,,,,,,1315,all important fields empty,remove_incomplete_rows
,,,,,,,<na>,,,,,,,1316,all important fields empty,remove_incomplete_rows
,,,,,,,<na>,,,,,,,1319,all important fields empty,remove_incomplete_rows
,,,,,,,<na>,,,,,,,1320,all important fields empty,remove_incomplete_rows
,,,,,,,<na>,,,,,,,1324,all important fields empty,remove_incomplete_rows
,,,,,,,<na>,,,,,,,1325,all important fields empty,remove_incomplete_rows
,,,,,,,<na>,,,,,,,1329,all important fields empty,remove_incomplete_rows
,,,,,,,<na>,,,,,,,1330,all important fields empty,remove_incomplete_rows
,,,,,,,<na>,,,,,,,1334,all important fields empty,remove_incomplete_rows
,,,,,,,<na>,,,,,,,1335,all important fields empty,remove_incomplete_rows
,,,,,,,<na>,,,,,,,1340,all important fields empty,remove_incomplete_rows
,,,,,,,<na>,,,,,,,1341,all important fields empty,remove_incomplete_rows
,,,,,,,<na>,,,,,,,1344,all important fields empty,remove_incomplete_rows
,,,,,,,<na>,,,,,,,1345,all important fields empty,remove_incomplete_rows
,,,,,,,<na>,,,,,,,1349,all important fields empty,remove_incomplete_rows
,,,,,,,<na>,,,,,,,1350,all important fields empty,remove_incomplete_rows
,,,,,,,<na>,,,,,,,1354,all important fields empty,remove_incomplete_rows
,,,,,,,<na>,,,,,,,1355,all important fields empty,remove_incomplete_rows
,,,,,,,<na>,,,,,,,1358,all important fields empty,remove_incomplete_rows
,,,,,,,<na>,,,,,,,1359,all important fields empty,remove_incomplete_rows
,,,,,,,<na>,,,,,,,1363,all important fields empty,remove_incomplete_rows
,,,,,,,<na>,,,,,,,1364,all important fields empty,remove_incomplete_rows
,,,,,,,<na>,,,,,,,1368,all important fields empty,remove_incomplete_rows
,,,,,,,<na>,,,,,,,1369,all important fields empty,remove_incomplete_rows
,,,,,,,<na>,,,,,,,1373,all important fields empty,remove_incomplete_rows
,,,,,,,<na>,,,,,,,1374,all important fields empty,remove_incomplete_rows
,,,,,,,<na>,,,,,,,1379,all important fields empty,remove_incomplete_rows
,,,,,,,<na>,,,,,,,1380,all important fields empty,remove_incomplete_rows
,,,,,,,<na>,,,,,,,1383,all important fields empty,remove_incomplete_rows
,,,,,,,<na>,,,,,,,1384,all important fields empty,remove_incomplete_rows
,,,,,,,<na>,,,,,,,1387,all important fields empty,remove_incomplete_rows
,,,,,,,<na>,,,,,,,1388,all important fields empty,remove_incomplete_rows
,,,,,,,<na>,,,,,,,1391,all important fields empty,remove_incomplete_rows
,,,,,,,<na>,,,,,,,1392,all important fields empty,remove_incomplete_rows
,,,,,,,<na>,,,,,,,1395,all important fields empty,remove_incomplete_rows
,,,,,,,<na>,,,,,,,1396,all important fields empty,remove_incomplete_rows
,,,,,,,<na>,,,,,,,1400,all important fields empty,remove_incomplete_rows
,,,,,,,<na>,,,,,,,1401,all important fields empty,remove_incomplete_rows
,,,,,,,<na>,,,,,,,1406,all important fields empty,remove_incomplete_rows
,,,,,,,<na>,,,,,,,1407,all important fields empty,remove_incomplete_rows
,,,,,,,<na>,,,,,,,1411,all important fields empty,remove_incomplete_rows
,,,,,,,<na>,,,,,,,1412,all important fields empty,remove_incomplete_rows
,,,,,,,<na>,,,,,,,1416,all important fields empty,remove_incomplete_rows
,,,,,,,<na>,,,,,,,1417,all important fields empty,remove_incomplete_rows
,,,,,,,<na>,,,,,,,1420,all important fields empty,remove_incomplete_rows
,,,,,,,<na>,,,,,,,1421,all important fields empty,remove_incomplete_rows
,,,,,,,<na>,,,,,,,1424,all important fields empty,remove_incomplete_rows
,,,,,,,<na>,,,,,,,1425,all important fields empty,remove_incomplete_rows
,,,,,,,<na>,,,,,,,1430,all important fields empty,remove_incomplete_rows
,,,,,,,<na>,,,,,,,1431,all important fields empty,remove_incomplete_rows
,,,,,,,<na>,,,,,,,1434,all important fields empty,remove_incomplete_rows
,,,,,,,<na>,,,,,,,1435,all important fields empty,remove_incomplete_rows
,,,,,,,<na>,,,,,,,1438,all important fields empty,remove_incomplete_rows
,,,,,,,<na>,,,,,,,1439,all important fields empty,remove_incomplete_rows
,,,,,,,<na>,,,,,,,1442,all important fields empty,remove_incomplete_rows
,,,,,,,<na>,,,,,,,1443,all important fields empty,remove_incomplete_rows
,,,,,,,<na>,,,,,,,1448,all important fields empty,remove_incomplete_rows
,,,,,,,<na>,,,,,,,1449,all important fields empty,remove_incomplete_rows
,,,,,,,<na>,,,,,,,1453,all important fields empty,remove_incomplete_rows
,,,,,,,<na>,,,,,,,1454,all important fields empty,remove_incomplete_rows
,,,,,,,<na>,,,,,,,1460,all important fields empty,remove_incomplete_rows
,,,,,,,<na>,,,,,,,1461,all important fields empty,remove_incomplete_rows
,,,,,,,<na>,,,,,,,1466,all important fields empty,remove_incomplete_rows
,,,,,,,<na>,,,,,,,1467,all important fields empty,remove_incomplete_rows
,,,,,,,<na>,,,,,,,1471,all important fields empty,remove_incomplete_rows
,,,,,,,<na>,,,,,,,1472,all important fields empty,remove_incomplete_rows
,,,,,,,<na>,,,,,,,1475,all important fields empty,remove_incomplete_rows
,,,,,,,<na>,,,,,,,1476,all important fields empty,remove_incomplete_rows
,,,,,,,<na>,,,,,,,1479,all important fields empty,remove_incomplete_rows
,,,,,,,<na>,,,,,,,1480,all important fields empty,remove_incomplete_rows
,,,,,,,<na>,,,,,,,1485,all important fields empty,remove_incomplete_rows
,,,,,,,<na>,,,,,,,1486,all important fields empty,remove_incomplete_rows
,,,,,,,<na>,,,,,,,1489,all important fields empty,remove_incomplete_rows
,,,,,,,<na>,,,,,,,1490,all important fields empty,remove_incomplete_rows
,,,,,,,<na>,,,,,,,1493,all important fields empty,remove_incomplete_rows
,,,,,,,<na>,,,,,,,1494,all important fields empty,remove_incomplete_rows
,,,,,,,<na>,,,,,,,1500,all important fields empty,remove_incomplete_rows
,,,,,,,<na>,,,,,,,1501,all important fields empty,remove_incomplete_rows
,,,,,,,<na>,,,,,,,1506,all important fields empty,remove_incomplete_rows
,,,,,,,<na>,,,,,,,1507,all important fields empty,remove_incomplete_rows
,,,,,,,<na>,,,,,,,1510,all important fields empty,remove_incomplete_rows
,,,,,,,<na>,,,,,,,1511,all important fields empty,remove_incomplete_rows
,,,,,,,<na>,,,,,,,1514,all important fields empty,remove_incomplete_rows
,,,,,,,<na>,,,,,,,1515,all important fields empty,remove_incomplete_rows
,,,,,,,<na>,,,,,,,1518,all important fields empty,remove_incomplete_rows
,,,,,,,<na>,,,,,,,1519,all important fields empty,remove_incomplete_rows
,,,,,,,<na>,,,,,,,1524,all important fields empty,remove_incomplete_rows
,,,,,,,<na>,,,,,,,1525,all important fields empty,remove_incomplete_rows
,,,,,,,<na>,,,,,,,1529,all important fields empty,remove_incomplete_rows
,,,,,,,<na>,,,,,,,1530,all important fields empty,remove_incomplete_rows
,,,,,,,<na>,,,,,,,1533,all important fields empty,remove_incomplete_rows
,,,,,,,<na>,,,,,,,1534,all important fields empty,remove_incomplete_rows
,,,,,,,<na>,,,,,,,1537,all important fields empty,remove_incomplete_rows
,,,,,,,<na>,,,,,,,1538,all important fields empty,remove_incomplete_rows
,,,,,,,<na>,,,,,,,1541,all important fields empty,remove_incomplete_rows
,,,,,,,<na>,,,,,,,1542,all important fields empty,remove_incomplete_rows
,,,,,,,<na>,,,,,,,1546,all important fields empty,remove_incomplete_rows
,,,,,,,<na>,,,,,,,1547,all important fields empty,remove_incomplete_rows
,,,,,,,<na>,,,,,,,1550,all important fields empty,remove_incomplete_rows
,,,,,,,<na>,,,,,,,1551,all important fields empty,remove_incomplete_rows
,,,,,,,<na>,,,,,,,1554,all important fields empty,remove_incomplete_rows
,,,,,,,<na>,,,,,,,1555,all important fields empty,remove_incomplete_rows
,,,,,,,<na>,,,,,,,1558,all important fields empty,remove_incomplete_rows
,,,,,,,<na>,,,,,,,1559,all important fields empty,remove_incomplete_rows
,,,,,,,<na>,,,,,,,1562,all important fields empty,remove_incomplete_rows
,,,,,,,<na>,,,,,,,1563,all important fields empty,remove_incomplete_rows
,,,,,,,<na>,,,,,,,1566,all important fields empty,remove_incomplete_rows
,,,,,,,<na>,,,,,,,1567,all important fields empty,remove_incomplete_rows
,,,,,,,<na>,,,,,,,1570,all important fields empty,remove_incomplete_rows
,,,,,,,<na>,,,,,,,1571,all important fields empty,remove_incomplete_rows
,,,,,,,<na>,,,,,,,1574,all important fields empty,remove_incomplete_rows
,,,,,,,<na>,,,,,,,1575,all important fields empty,remove_incomplete_rows
,,,,,,,<na>,,,,,,,1578,all important fields empty,remove_incomplete_rows
,,,,,,,<na>,,,,,,,1579,all important fields empty,remove_incomplete_rows
,,,,,,,<na>,,,,,,,1582,all important fields empty,remove_incomplete_rows
,,,,,,,<na>,,,,,,,1583,all important fields empty,remove_incomplete_rows
,,,,,,,<na>,,,,,,,1586,all important fields empty,remove_incomplete_rows
,,,,,,,<na>,,,,,,,1587,all important fields empty,remove_incomplete_rows
,,,,,,,<na>,,,,,,,1591,all important fields empty,remove_incomplete_rows
,,,,,,,<na>,,,,,,,1592,all important fields empty,remove_incomplete_rows
,,,,,,,<na>,,,,,,,1596,all important fields empty,remove_incomplete_rows
,,,,,,,<na>,,,,,,,1597,all important fields empty,remove_incomplete_rows
,,,,,,,<na>,,,,,,,1600,all important fields empty,remove_incomplete_rows
,,,,,,,<na>,,,,,,,1601,all important fields empty,remove_incomplete_rows
,,,,,,,<na>,,,,,,,1604,all important fields empty,remove_incomplete_rows
,,,,,,,<na>,,,,,,,1605,all important fields empty,remove_incomplete_rows
,,,,,,,<na>,,,,,,,1608,all important fields empty,remove_incomplete_rows
,,,,,,,<na>,,,,,,,1609,all important fields empty,remove_incomplete_rows
,,,,,,,<na>,,,,,,,1612,all important fields empty,remove_incomplete_rows
,,,,,,,<na>,,,,,,,1613,all important fields empty,remove_incomplete_rows
,,,,,,,<na>,,,,,,,1616,all important fields empty,remove_incomplete_rows
,,,,,,,<na>,,,,,,,1617,all important fields empty,remove_incomplete_rows
,,,,,,,<na>,,,,,,,1620,all important fields empty,remove_incomplete_rows
,,,,,,,<na>,,,,,,,1621,all important fields empty,remove_incomplete_rows
,,,,,,,<na>,,,,,,,1624,all important fields empty,remove_incomplete_rows
,,,,,,,<na>,,,,,,,1625,all important fields empty,remove_incomplete_rows
,,,,,,,<na>,,,,,,,1629,all important fields empty,remove_incomplete_rows
,,,,,,,<na>,,,,,,,1630,all important fields empty,remove_incomplete_rows
,,,,,,,<na>,,,,,,,1633,all important fields empty,remove_incomplete_rows
,,,,,,,<na>,,,,,,,1634,all important fields empty,remove_incomplete_rows
,,,,,,,<na>,,,,,,,1638,all important fields empty,remove_incomplete_rows
,,,,,,,<na>,,,,,,,1639,all important fields empty,remove_incomplete_rows
,,,,,,,<na>,,,,,,,1646,all important fields empty,remove_incomplete_rows
,,,,,,,<na>,,,,,,,1647,all important fields empty,remove_incomplete_rows
,,,,,,,<na>,,,,,,,1652,all important fields empty,remove_incomplete_rows
,,,,,,,<na>,,,,,,,1653,all important fields empty,remove_incomplete_rows
,,,,,,,<na>,,,,,,,1657,all important fields empty,remove_incomplete_rows
,,,,,,,<na>,,,,,,,1658,all important fields empty,remove_incomplete_rows
,,,,,,,<na>,,,,,,,1666,all important fields empty,remove_incomplete_rows
,,,,,,,<na>,,,,,,,1667,all important fields empty,remove_incomplete_rows
,,,,,,,<na>,,,,,,,1670,all important fields empty,remove_incomplete_rows
,,,,,,,<na>,,,,,,,1671,all important fields empty,remove_incomplete_rows
,,,,,,,<na>,,,,,,,1676,all important fields empty,remove_incomplete_rows
,,,,,,,<na>,,,,,,,1677,all important fields empty,remove_incomplete_rows
,,,,,,,<na>,,,,,,,1689,all important fields empty,remove_incomplete_rows
,,,,,,,<na>,,,,,,,1690,all important fields empty,remove_incomplete_rows
,,,,,,,<na>,,,,,,,1694,all important fields empty,remove_incomplete_rows
,,,,,,,<na>,,,,,,,1695,all important fields empty,remove_incomplete_rows
,,,,,,,<na>,,,,,,,1699,all important fields empty,remove_incomplete_rows
,,,,,,,<na>,,,,,,,1700,all important fields empty,remove_incomplete_rows
,,,,,,,<na>,,,,,,,1703,all important fields empty,remove_incomplete_rows
,,,,,,,<na>,,,,,,,1704,all important fields empty,remove_incomplete_rows
,,,,,,,<na>,,,,,,,1707,all important fields empty,remove_incomplete_rows
,,,,,,,<na>,,,,,,,1708,all important fields empty,remove_incomplete_rows
,,,,,,,<na>,,,,,,,1714,all important fields empty,remove_incomplete_rows
,,,,,,,<na>,,,,,,,1715,all important fields empty,remove_incomplete_rows
,,,,,,,<na>,,,,,,,1718,all important fields empty,remove_incomplete_rows
,,,,,,,<na>,,,,,,,1719,all important fields empty,remove_incomplete_rows
,,,,,,,<na>,,,,,,,1722,all important fields empty,remove_incomplete_rows
,,,,,,,<na>,,,,,,,1723,all important fields empty,remove_incomplete_rows
,,,,,,,<na>,,,,,,,1732,all important fields empty,remove_incomplete_rows
,,,,,,,<na>,,,,,,,1733,all important fields empty,remove_incomplete_rows
,,,,,,,<na>,,,,,,,1738,all important fields empty,remove_incomplete_rows
,,,,,,,<na>,,,,,,,1739,all important fields empty,remove_incomplete_rows
,,,,,,,<na>,,,,,,,1743,all important fields empty,remove_incomplete_rows
,,,,,,,<na>,,,,,,,1744,all important fields empty,remove_incomplete_rows
,,,,,,,<na>,,,,,,,1748,all important fields empty,remove_incomplete_rows
,,,,,,,<na>,,,,,,,1749,all important fields empty,remove_incomplete_rows
,,,,,,,<na>,,,,,,,1752,all important fields empty,remove_incomplete_rows
,,,,,,,<na>,,,,,,,1753,all important fields empty,remove_incomplete_rows
,,,,,,,<na>,,,,,,,1757,all important fields empty,remove_incomplete_rows
,,,,,,,<na>,,,,,,,1758,all important fields empty,remove_incomplete_rows
,,,,,,,<na>,,,,,,,1761,all important fields empty,remove_incomplete_rows
,,,,,,,<na>,,,,,,,1762,all important fields empty,remove_incomplete_rows
,,,,,,,<na>,,,,,,,1767,all important fields empty,remove_incomplete_rows
,,,,,,,<na>,,,,,,,1768,all important fields empty,remove_incomplete_rows
,,,,,,,<na>,,,,,,,1771,all important fields empty,remove_incomplete_rows
,,,,,,,<na>,,,,,,,1772,all important fields empty,remove_incomplete_rows
,,,,,,,<na>,,,,,,,1775,all important fields empty,remove_incomplete_rows
,,,,,,,<na>,,,,,,,1776,all important fields empty,remove_incomplete_rows
,,,,,,,<na>,,,,,,,1779,all important fields empty,remove_incomplete_rows
,,,,,,,<na>,,,,,,,1780,all important fields empty,remove_incomplete_rows
,,,,,,,<na>,,,,,,,1783,all important fields empty,remove_incomplete_rows
,,,,,,,<na>,,,,,,,1784,all important fields empty,remove_incomplete_rows
,,,,,,,<na>,,,,,,,1787,all important fields empty,remove_incomplete_rows
,,,,,,,<na>,,,,,,,1788,all important fields empty,remove_incomplete_rows
,,,,,,,<na>,,,,,,,1792,all important fields empty,remove_incomplete_rows
,,,,,,,<na>,,,,,,,1793,all important fields empty,remove_incomplete_rows
,,,,,,,<na>,,,,,,,1796,all important fields empty,remove_incomplete_rows
,,,,,,,<na>,,,,,,,1797,all important fields empty,remove_incomplete_rows
,,,,,,,<na>,,,,,,,1800,all important fields empty,remove_incomplete_rows
,,,,,,,<na>,,,,,,,1801,all important fields empty,remove_incomplete_rows
,,,,,,,<na>,,,,,,,1805,all important fields empty,remove_incomplete_rows
,,,,,,,<na>,,,,,,,1806,all important fields empty,remove_incomplete_rows
,,,,,,,<na>,,,,,,,1810,all important fields empty,remove_incomplete_rows
,,,,,,,<na>,,,,,,,1811,all important fields empty,remove_incomplete_rows
,,,,,,,<na>,,,,,,,1815,all important fields empty,remove_incomplete_rows
,,,,,,,<na>,,,,,,,1816,all important fields empty,remove_incomplete_rows
,,,,,,,<na>,,,,,,,1821,all important fields empty,remove_incomplete_rows
,,,,,,,<na>,,,,,,,1822,all important fields empty,remove_incomplete_rows
,,,,,,,<na>,,,,,,,1826,all important fields empty,remove_incomplete_rows
,,,,,,,<na>,,,,,,,1827,all important fields empty,remove_incomplete_rows
,,,,,,,<na>,,,,,,,1832,all important fields empty,remove_incomplete_rows
,,,,,,,<na>,,,,,,,1833,all important fields empty,remove_incomplete_rows
,,,,,,,<na>,,,,,,,1837,all important fields empty,remove_incomplete_rows
,,,,,,,<na>,,,,,,,1838,all important fields empty,remove_incomplete_rows
,,,,,,,<na>,,,,,,,1843,all important fields empty,remove_incomplete_rows
,,,,,,,<na>,,,,,,,1844,all important fields empty,remove_incomplete_rows
,,,,,,,<na>,,,,,,,1847,all important fields empty,remove_incomplete_rows
,,,,,,,<na>,,,,,,,1848,all important fields empty,remove_incomplete_rows
,,,,,,,<na>,,,,,,,1851,all important fields empty,remove_incomplete_rows
,,,,,,,<na>,,,,,,,1852,all important fields empty,remove_incomplete_rows
,,,,,,,<na>,,,,,,,1858,all important fields empty,remove_incomplete_rows
,,,,,,,<na>,,,,,,,1859,all important fields empty,remove_incomplete_rows
,,,,,,,<na>,,,,,,,1862,all important fields empty,remove_incomplete_rows
,,,,,,,<na>,,,,,,,1863,all important fields empty,remove_incomplete_rows
,,,,,,,<na>,,,,,,,1867,all important fields empty,remove_incomplete_rows
,,,,,,,<na>,,,,,,,1868,all important fields empty,remove_incomplete_rows
,,,,,,,<na>,,,,,,,1871,all important fields empty,remove_incomplete_rows
,,,,,,,<na>,,,,,,,1872,all important fields empty,remove_incomplete_rows
,,,,,,,<na>,,,,,,,1875,all important fields empty,remove_incomplete_rows
,,,,,,,<na>,,,,,,,1876,all important fields empty,remove_incomplete_rows
,,,,,,,<na>,,,,,,,1879,all important fields empty,remove_incomplete_rows
,,,,,,,<na>,,,,,,,1880,all important fields empty,remove_incomplete_rows
,,,,,,,<na>,,,,,,,1885,all important fields empty,remove_incomplete_rows
,,,,,,,<na>,,,,,,,1886,all important fields empty,remove_incomplete_rows
,,,,,,,<na>,,,,,,,1889,all important fields empty,remove_incomplete_rows
,,,,,,,<na>,,,,,,,1890,all important fields empty,remove_incomplete_rows
,,,,,,,<na>,,,,,,,1893,all important fields empty,remove_incomplete_rows
,,,,,,,<na>,,,,,,,1894,all important fields empty,remove_incomplete_rows
,,,,,,,<na>,,,,,,,1898,all important fields empty,remove_incomplete_rows
,,,,,,,<na>,,,,,,,1899,all important fields empty,remove_incomplete_rows
,,,,,,,<na>,,,,,,,1902,all important fields empty,remove_incomplete_rows
,,,,,,,<na>,,,,,,,1903,all important fields empty,remove_incomplete_rows
,,,,,,,<na>,,,,,,,1917,all important fields empty,remove_incomplete_rows
,,,,,,,<na>,,,,,,,1918,all important fields empty,remove_incomplete_rows
,,,,,,,<na>,,,,,,,1921,all important fields empty,remove_incomplete_rows
,,,,,,,<na>,,,,,,,1922,all important fields empty,remove_incomplete_rows
,,,,,,,<na>,,,,,,,1925,all important fields empty,remove_incomplete_rows
,,,,,,,<na>,,,,,,,1926,all important fields empty,remove_incomplete_rows
,,,,,,,<na>,,,,,,,1930,all important fields empty,remove_incomplete_rows
,,,,,,,<na>,,,,,,,1931,all important fields empty,remove_incomplete_rows
,,,,,,,<na>,,,,,,,1934,all important fields empty,remove_incomplete_rows
,,,,,,,<na>,,,,,,,1935,all important fields empty,remove_incomplete_rows
,,,,,,,<na>,,,,,,,1939,all important fields empty,remove_incomplete_rows
,,,,,,,<na>,,,,,,,1940,all important fields empty,remove_incomplete_rows
,,,,,,,<na>,,,,,,,1943,all important fields empty,remove_incomplete_rows
,,,,,,,<na>,,,,,,,1944,all important fields empty,remove_incomplete_rows
,,,,,,,<na>,,,,,,,1947,all important fields empty,remove_incomplete_rows
,,,,,,,<na>,,,,,,,1948,all important fields empty,remove_incomplete_rows
,,,,,,,<na>,,,,,,,1952,all important fields empty,remove_incomplete_rows
,,,,,,,<na>,,,,,,,1953,all important fields empty,remove_incomplete_rows
,,,,,,,<na>,,,,,,,1957,all important fields empty,remove_incomplete_rows
,,,,,,,<na>,,,,,,,1958,all important fields empty,remove_incomplete_rows
,,,,,,,<na>,,,,,,,1961,all important fields empty,remove_incomplete_rows
,,,,,,,<na>,,,,,,,1962,all important fields empty,remove_incomplete_rows
,,,,,,,<na>,,,,,,,1965,all important fields empty,remove_incomplete_rows
,,,,,,,<na>,,,,,,,1966,all important fields empty,remove_incomplete_rows
,,,,,,,<na>,,,,,,,1969,all important fields empty,remove_incomplete_rows
,,,,,,,<na>,,,,,,,1970,all important fields empty,remove_incomplete_rows
,,,,,,,<na>,,,,,,,1974,all important fields empty,remove_incomplete_rows
,,,,,,,<na>,,,,,,,1975,all important fields empty,remove_incomplete_rows
,,,,,,,<na>,,,,,,,1979,all important fields empty,remove_incomplete_rows
,,,,,,,<na>,,,,,,,1980,all important fields empty,remove_incomplete_rows
,,,,,,,<na>,,,,,,,1983,all important fields empty,remove_incomplete_rows
,,,,,,,<na>,,,,,,,1984,all important fields empty,remove_incomplete_rows
,,,,,,,<na>,,,,,,,1987,all important fields empty,remove_incomplete_rows
,,,,,,,<na>,,,,,,,1988,all important fields empty,remove_incomplete_rows
,,,,,,,<na>,,,,,,,1992,all important fields empty,remove_incomplete_rows
,,,,,,,<na>,,,,,,,1993,all important fields empty,remove_incomplete_rows
,,,,,,,<na>,,,,,,,1996,all important fields empty,remove_incomplete_rows
,,,,,,,<na>,,,,,,,1997,all important fields empty,remove_incomplete_rows
,,,,,,,<na>,,,,,,,2000,all important fields empty,remove_incomplete_rows
,,,,,,,<na>,,,,,,,2001,all important fields empty,remove_incomplete_rows
,,,,,,,<na>,,,,,,,2004,all important fields empty,remove_incomplete_rows
,,,,,,,<na>,,,,,,,2005,all important fields empty,remove_incomplete_rows
,,,,,,,<na>,,,,,,,2009,all important fields empty,remove_incomplete_rows
,,,,,,,<na>,,,,,,,2010,all important fields empty,remove_incomplete_rows
,,,,,,,<na>,,,,,,,2013,all important fields empty,remove_incomplete_rows
,,,,,,,<na>,,,,,,,2014,all important fields empty,remove_incomplete_rows
,,,,,,,<na>,,,,,,,2019,all important fields empty,remove_incomplete_rows
,,,,,2020-01-01,,<na>,,,,,,,2020,all important fields empty,remove_incomplete_rows
,,,,,2024-01-01,,<na>,,,,,,,2024,all important fields empty,remove_incomplete_rows
,,,,,2025-01-01,,<na>,,,,,,,2025,all important fields empty,remove_incomplete_rows
,,,,,2028-01-01,,<na>,,,,,,,2028,all important fields empty,remove_incomplete_rows
,,,,,2029-01-01,,<na>,,,,,,,2029,all important fields empty,remove_incomplete_rows
,,,,,2033-01-01,,<na>,,,,,,,2033,all important fields empty,remove_incomplete_rows
,,,,,2034-01-01,,<na>,,,,,,,2034,all important fields empty,remove_incomplete_rows
,,,,,2037-01-01,,<na>,,,,,,,2037,all important fields empty,remove_incomplete_rows
,,,,,2038-01-01,,<na>,,,,,,,2038,all important fields empty,remove_incomplete_rows
,,,,,2041-01-01,,<na>,,,,,,,2041,all important fields empty,remove_incomplete_rows
,,,,,2042-01-01,,<na>,,,,,,,2042,all important fields empty,remove_incomplete_rows
,,,,,2045-01-01,,<na>,,,,,,,2045,all important fields empty,remove_incomplete_rows
,,,,,,,<na>,,,,,,,2046,all important fields empty,remove_incomplete_rows
,,,,,,,<na>,,,,,,,2052,all important fields empty,remove_incomplete_rows
,,,,,,,<na>,,,,,,,2053,all important fields empty,remove_incomplete_rows
,,,,,,,<na>,,,,,,,2060,all important fields empty,remove_incomplete_rows
,,,,,,,<na>,,,,,,,2061,all important fields empty,remove_incomplete_rows
,,,,,,,<na>,,,,,,,2065,all important fields empty,remove_incomplete_rows
,,,,,,,<na>,,,,,,,2066,all important fields empty,remove_incomplete_rows
,,,,,,,<na>,,,,,,,2070,all important fields empty,remove_incomplete_rows
,,,,,,,<na>,,,,,,,2071,all important fields empty,remove_incomplete_rows
,,,,,,,<na>,,,,,,,2074,all important fields empty,remove_incomplete_rows
,,,,,,,<na>,,,,,,,2075,all important fields empty,remove_incomplete_rows
,,,,,,,<na>,,,,,,,2078,all important fields empty,remove_incomplete_rows
,,,,,,,<na>,,,,,,,2079,all important fields empty,remove_incomplete_rows
,,,,,,,<na>,,,,,,,2082,all important fields empty,remove_incomplete_rows
,,,,,,,<na>,,,,,,,2083,all important fields empty,remove_incomplete_rows
,,,,,,,<na>,,,,,,,2087,all important fields empty,remove_incomplete_rows
,,,,,,,<na>,,,,,,,2088,all important fields empty,remove_incomplete_rows
,,,,,,,<na>,,,,,,,2092,all important fields empty,remove_incomplete_rows
,,,,,,,<na>,,,,,,,2093,all important fields empty,remove_incomplete_rows
,,,,,,,<na>,,,,,,,2097,all important fields empty,remove_incomplete_rows
,,,,,,,<na>,,,,,,,2098,all important fields empty,remove_incomplete_rows
,,,,,,,<na>,,,,,,,2104,all important fields empty,remove_incomplete_rows
,,,,,,,<na>,,,,,,,2105,all important fields empty,remove_incomplete_rows
,,,,,,,<na>,,,,,,,2108,all important fields empty,remove_incomplete_rows
,,,,,,,<na>,,,,,,,2109,all important fields empty,remove_incomplete_rows
,,,,,,,<na>,,,,,,,2112,all important fields empty,remove_incomplete_rows
,,,,,,,<na>,,,,,,,2113,all important fields empty,remove_incomplete_rows
,,,,,,,<na>,,,,,,,2117,all important fields empty,remove_incomplete_rows
,,,,,,,<na>,,,,,,,2118,all important fields empty,remove_incomplete_rows
,,,,,,,<na>,,,,,,,2123,all important fields empty,remove_incomplete_rows
,,,,,,,<na>,,,,,,,2124,all important fields empty,remove_incomplete_rows
,,,,,,,<na>,,,,,,,2127,all important fields empty,remove_incomplete_rows
,,,,,,,<na>,,,,,,,2128,all important fields empty,remove_incomplete_rows
,,,,,,,<na>,,,,,,,2131,all important fields empty,remove_incomplete_rows
,,,,,,,<na>,,,,,,,2132,all important fields empty,remove_incomplete_rows
,,,,,,,<na>,,,,,,,2135,all important fields empty,remove_incomplete_rows
,,,,,,,<na>,,,,,,,2136,all important fields empty,remove_incomplete_rows
,,,,,,,<na>,,,,,,,2140,all important fields empty,remove_incomplete_rows
,,,,,,,<na>,,,,,,,2141,all important fields empty,remove_incomplete_rows
,,,,,,,<na>,,,,,,,2145,all important fields empty,remove_incomplete_rows
,,,,,,,<na>,,,,,,,2146,all important fields empty,remove_incomplete_rows
,,,,,,,<na>,,,,,,,2149,all important fields empty,remove_incomplete_rows
,,,,,,,<na>,,,,,,,2150,all important fields empty,remove_incomplete_rows
,,,,,,,<na>,,,,,,,2153,all important fields empty,remove_incomplete_rows
,,,,,,,<na>,,,,,,,2154,all important fields empty,remove_incomplete_rows
,,,,,,,<na>,,,,,,,2158,all important fields empty,remove_incomplete_rows
,,,,,,,<na>,,,,,,,2159,all important fields empty,remove_incomplete_rows
,,,,,,,<na>,,,,,,,2162,all important fields empty,remove_incomplete_rows
,,,,,,,<na>,,,,,,,2163,all important fields empty,remove_incomplete_rows
,,,,,,,<na>,,,,,,,2167,all important fields empty,remove_incomplete_rows
,,,,,,,<na>,,,,,,,2168,all important fields empty,remove_incomplete_rows
,,,,,,,<na>,,,,,,,2172,all important fields empty,remove_incomplete_rows
,,,,,,,<na>,,,,,,,2173,all important fields empty,remove_incomplete_rows
,,,,,,,<na>,,,,,,,2178,all important fields empty,remove_incomplete_rows
,,,,,,,<na>,,,,,,,2179,all important fields empty,remove_incomplete_rows
,,,,,,,<na>,,,,,,,2183,all important fields empty,remove_incomplete_rows
,,,,,,,<na>,,,,,,,2184,all important fields empty,remove_incomplete_rows
,,,,,,,<na>,,,,,,,2187,all important fields empty,remove_incomplete_rows
,,,,,,,<na>,,,,,,,2188,all important fields empty,remove_incomplete_rows
,,,,,,,<na>,,,,,,,2192,all important fields empty,remove_incomplete_rows
,,,,,,,<na>,,,,,,,2193,all important fields empty,remove_incomplete_rows
,,,,,,,<na>,,,,,,,2197,all important fields empty,remove_incomplete_rows
,,,,,,,<na>,,,,,,,2198,all important fields empty,remove_incomplete_rows
,,,,,,,<na>,,,,,,,2201,all important fields empty,remove_incomplete_rows
,,,,,,,<na>,,,,,,,2202,all important fields empty,remove_incomplete_rows
,,,,,,,<na>,,,,,,,2207,all important fields empty,remove_incomplete_rows
,,,,,,,<na>,,,,,,,2208,all important fields empty,remove_incomplete_rows
,,,,,,,<na>,,,,,,,2211,all important fields empty,remove_incomplete_rows
,,,,,,,<na>,,,,,,,2212,all important fields empty,remove_incomplete_rows
,,,,,,,<na>,,,,,,,2216,all important fields empty,remove_incomplete_rows
,,,,,,,<na>,,,,,,,2217,all important fields empty,remove_incomplete_rows
,,,,,,,<na>,,,,,,,2222,all important fields empty,remove_incomplete_rows
,,,,,,,<na>,,,,,,,2223,all important fields empty,remove_incomplete_rows
,,,,,,,<na>,,,,,,,2226,all important fields empty,remove_incomplete_rows
,,,,,,,<na>,,,,,,,2227,all important fields empty,remove_incomplete_rows
,,,,,,,<na>,,,,,,,2230,all important fields empty,remove_incomplete_rows
,,,,,,,<na>,,,,,,,2231,all important fields empty,remove_incomplete_rows
,,,,,,,<na>,,,,,,,2234,all important fields empty,remove_incomplete_rows
,,,,,,,<na>,,,,,,,2235,all important fields empty,remove_incomplete_rows
,,,,,,,<na>,,,,,,,2238,all important fields empty,remove_incomplete_rows
,,,,,,,<na>,,,,,,,2239,all important fields empty,remove_incomplete_rows
,,,,,,,<na>,,,,,,,2242,all important fields empty,remove_incomplete_rows
,,,,,,,<na>,,,,,,,2243,all important fields empty,remove_incomplete_rows
,,,,,,,<na>,,,,,,,2246,all important fields empty,remove_incomplete_rows
,,,,,,,<na>,,,,,,,2247,all important fields empty,remove_incomplete_rows
,,,,,,,<na>,,,,,,,2250,all important fields empty,remove_incomplete_rows
,,,,,,,<na>,,,,,,,2251,all important fields empty,remove_incomplete_rows
,,,,,,,<na>,,,,,,,2254,all important fields empty,remove_incomplete_rows
,,,,,,,<na>,,,,,,,2255,all important fields empty,remove_incomplete_rows
,,,,,,,<na>,,,,,,,2258,all important fields empty,remove_incomplete_rows
,,,,,,,<na>,,,,,,,2259,all important fields empty,remove_incomplete_rows
,,,,,,,<na>,,,,,,,2262,all important fields empty,remove_incomplete_rows
,,,,,,,<na>,,,,,,,2263,all important fields empty,remove_incomplete_rows
,,,,,,,<na>,,,,,,,2266,all important fields empty,remove_incomplete_rows
,,,,,,,<na>,,,,,,,2267,all important fields empty,remove_incomplete_rows
,,,,,,,<na>,,,,,,,2270,all important fields empty,remove_incomplete_rows
,,,,,,,<na>,,,,,,,2271,all important fields empty,remove_incomplete_rows
,,,,,,,<na>,,,,,,,2274,all important fields empty,remove_incomplete_rows
,,,,,,,<na>,,,,,,,2275,all important fields empty,remove_incomplete_rows
,,,,,,,<na>,,,,,,,2278,all important fields empty,remove_incomplete_rows
,,,,,,,<na>,,,,,,,2279,all important fields empty,remove_incomplete_rows
,,,,,,,<na>,,,,,,,2282,all important fields empty,remove_incomplete_rows
,,,,,,,<na>,,,,,,,2283,all important fields empty,remove_incomplete_rows
,,,,,,,<na>,,,,,,,2286,all important fields empty,remove_incomplete_rows
,,,,,,,<na>,,,,,,,2287,all important fields empty,remove_incomplete_rows
,,,,,,,<na>,,,,,,,2290,all important fields empty,remove_incomplete_rows
,,,,,,,<na>,,,,,,,2291,all important fields empty,remove_incomplete_rows
,,,,,,,<na>,,,,,,,2297,all important fields empty,remove_incomplete_rows
,,,,,,,<na>,,,,,,,2298,all important fields empty,remove_incomplete_rows
,,,,,,,<na>,,,,,,,2307,all important fields empty,remove_incomplete_rows
,,,,,,,<na>,,,,,,,2308,all important fields empty,remove_incomplete_rows
,,,,,,,<na>,,,,,,,2311,all important fields empty,remove_incomplete_rows
,,,,,,,<na>,,,,,,,2312,all important fields empty,remove_incomplete_rows
,,,,,,,<na>,,,,,,,2315,all important fields empty,remove_incomplete_rows
,,,,,,,<na>,,,,,,,2316,all important fields empty,remove_incomplete_rows
,,,,,,,<na>,,,,,,,2319,all important fields empty,remove_incomplete_rows
,,,,,,,<na>,,,,,,,2320,all important fields empty,remove_incomplete_rows
,,,,,,,<na>,,,,,,,2323,all important fields empty,remove_incomplete_rows
,,,,,,,<na>,,,,,,,2324,all important fields empty,remove_incomplete_rows
,,,,,,,<na>,,,,,,,2327,all important fields empty,remove_incomplete_rows
,,,,,,,<na>,,,,,,,2328,all important fields empty,remove_incomplete_rows
,,,,,,,<na>,,,,,,,2332,all important fields empty,remove_incomplete_rows
,,,,,,,<na>,,,,,,,2333,all important fields empty,remove_incomplete_rows
,,,,,,,<na>,,,,,,,2336,all important fields empty,remove_incomplete_rows
,,,,,,,<na>,,,,,,,2337,all important fields empty,remove_incomplete_rows
,,,,,,,<na>,,,,,,,2341,all important fields empty,remove_incomplete_rows
,,,,,,,<na>,,,,,,,2342,all important fields empty,remove_incomplete_rows
,,,,,,,<na>,,,,,,,2345,all important fields empty,remove_incomplete_rows
,,,,,,,<na>,,,,,,,2346,all important fields empty,remove_incomplete_rows
,,,,,,,<na>,,,,,,,2351,all important fields empty,remove_incomplete_rows
,,,,,,,<na>,,,,,,,2352,all important fields empty,remove_incomplete_rows
,,,,,,,<na>,,,,,,,2355,all important fields empty,remove_incomplete_rows
,,,,,,,<na>,,,,,,,2356,all important fields empty,remove_incomplete_rows
,,,,,,,<na>,,,,,,,2359,all important fields empty,remove_incomplete_rows
,,,,,,,<na>,,,,,,,2360,all important fields empty,remove_incomplete_rows
,,,,,,,<na>,,,,,,,2363,all important fields empty,remove_incomplete_rows
,,,,,,,<na>,,,,,,,2364,all important fields empty,remove_incomplete_rows
,,,,,,,<na>,,,,,,,2368,all important fields empty,remove_incomplete_rows
,,,,,,,<na>,,,,,,,2369,all important fields empty,remove_incomplete_rows
,,,,,,,<na>,,,,,,,2372,all important fields empty,remove_incomplete_rows
,,,,,,,<na>,,,,,,,2373,all important fields empty,remove_incomplete_rows
,,,,,,,<na>,,,,,,,2376,all important fields empty,remove_incomplete_rows
,,,,,,,<na>,,,,,,,2377,all important fields empty,remove_incomplete_rows
,,,,,,,<na>,,,,,,,2380,all important fields empty,remove_incomplete_rows
,,,,,,,<na>,,,,,,,2381,all important fields empty,remove_incomplete_rows
,,,,,,,<na>,,,,,,,2384,all important fields empty,remove_incomplete_rows
,,,,,,,<na>,,,,,,,2385,all important fields empty,remove_incomplete_rows
,,,,,,,<na>,,,,,,,2388,all important fields empty,remove_incomplete_rows
,,,,,,,<na>,,,,,,,2389,all important fields empty,remove_incomplete_rows
,,,,,,,<na>,,,,,,,2394,all important fields empty,remove_incomplete_rows
,,,,,,,<na>,,,,,,,2395,all important fields empty,remove_incomplete_rows
,,,,,,,<na>,,,,,,,2398,all important fields empty,remove_incomplete_rows
,,,,,,,<na>,,,,,,,2399,all important fields empty,remove_incomplete_rows
,,,,,,,<na>,,,,,,,2403,all important fields empty,remove_incomplete_rows
,,,,,,,<na>,,,,,,,2404,all important fields empty,remove_incomplete_rows
,,,,,,,<na>,,,,,,,2407,all important fields empty,remove_incomplete_rows
,,,,,,,<na>,,,,,,,2408,all important fields empty,remove_incomplete_rows
,,,,,,,<na>,,,,,,,2411,all important fields empty,remove_incomplete_rows
,,,,,,,<na>,,,,,,,2412,all important fields empty,remove_incomplete_rows
,,,,,,,<na>,,,,,,,2415,all important fields empty,remove_incomplete_rows
,,,,,,,<na>,,,,,,,2416,all important fields empty,remove_incomplete_rows
,,,,,,,<na>,,,,,,,2420,all important fields empty,remove_incomplete_rows
,,,,,,,<na>,,,,,,,2421,all important fields empty,remove_incomplete_rows
,,,,,,,<na>,,,,,,,2425,all important fields empty,remove_incomplete_rows
,,,,,,,<na>,,,,,,,2426,all important fields empty,remove_incomplete_rows
,,,,,,,<na>,,,,,,,2429,all important fields empty,remove_incomplete_rows
,,,,,,,<na>,,,,,,,2430,all important fields empty,remove_incomplete_rows
,,,,,,,<na>,,,,,,,2433,all important fields empty,remove_incomplete_rows
,,,,,,,<na>,,,,,,,2434,all important fields empty,remove_incomplete_rows
,,,,,,,<na>,,,,,,,2437,all important fields empty,remove_incomplete_rows
,,,,,,,<na>,,,,,,,2438,all important fields empty,remove_incomplete_rows
,,,,,,,<na>,,,,,,,2441,all important fields empty,remove_incomplete_rows
,,,,,,,<na>,,,,,,,2442,all important fields empty,remove_incomplete_rows
,,,,,,,<na>,,,,,,,2445,all important fields empty,remove_incomplete_rows
,,,,,,,<na>,,,,,,,2446,all important fields empty,remove_incomplete_rows
,,,,,,,<na>,,,,,,,2449,all important fields empty,remove_incomplete_rows
,,,,,,,<na>,,,,,,,2450,all important fields empty,remove_incomplete_rows
,,,,,,,<na>,,,,,,,2453,all important fields empty,remove_incomplete_rows
,,,,,,,<na>,,,,,,,2454,all important fields empty,remove_incomplete_rows
,,,,,,,<na>,,,,,,,2457,all important fields empty,remove_incomplete_rows
,,,,,,,<na>,,,,,,,2458,all important fields empty,remove_incomplete_rows
,,,,,,,<na>,,,,,,,2461,all important fields empty,remove_incomplete_rows
,,,,,,,<na>,,,,,,,2462,all important fields empty,remove_incomplete_rows
,,,,,,,<na>,,,,,,,2465,all important fields empty,remove_incomplete_rows
,,,,,,,<na>,,,,,,,2466,all important fields empty,remove_incomplete_rows
,,,,,,,<na>,,,,,,,2469,all important fields empty,remove_incomplete_rows
,,,,,,,<na>,,,,,,,2470,all important fields empty,remove_incomplete_rows
,,,,,,,<na>,,,,,,,2473,all important fields empty,remove_incomplete_rows
,,,,,,,<na>,,,,,,,2474,all important fields empty,remove_incomplete_rows
,,,,,,,<na>,,,,,,,2477,all important fields empty,remove_incomplete_rows
,,,,,,,<na>,,,,,,,2478,all important fields empty,remove_incomplete_rows
,,,,,,,<na>,,,,,,,2481,all important fields empty,remove_incomplete_rows
,,,,,,,<na>,,,,,,,2482,all important fields empty,remove_incomplete_rows
,,,,,,,<na>,,,,,,,2485,all important fields empty,remove_incomplete_rows
,,,,,,,<na>,,,,,,,2486,all important fields empty,remove_incomplete_rows
,,,,,,,<na>,,,,,,,2489,all important fields empty,remove_incomplete_rows
,,,,,,,<na>,,,,,,,2490,all important fields empty,remove_incomplete_rows
,,,,,,,<na>,,,,,,,2494,all important fields empty,remove_incomplete_rows
,,,,,,,<na>,,,,,,,2495,all important fields empty,remove_incomplete_rows
,,,,,,,<na>,,,,,,,2500,all important fields empty,remove_incomplete_rows
,,,,,,,<na>,,,,,,,2501,all important fields empty,remove_incomplete_rows
,,,,,,,<na>,,,,,,,2505,all important fields empty,remove_incomplete_rows
,,,,,,,<na>,,,,,,,2506,all important fields empty,remove_incomplete_rows
,,,,,,,<na>,,,,,,,2510,all important fields empty,remove_incomplete_rows
,,,,,,,<na>,,,,,,,2511,all important fields empty,remove_incomplete_rows
,,,,,,,<na>,,,,,,,2515,all important fields empty,remove_incomplete_rows
,,,,,,,<na>,,,,,,,2516,all important fields empty,remove_incomplete_rows
,,,,,,,<na>,,,,,,,2521,all important fields empty,remove_incomplete_rows
,,,,,,,<na>,,,,,,,2522,all important fields empty,remove_incomplete_rows
,,,,,,,<na>,,,,,,,2526,all important fields empty,remove_incomplete_rows
,,,,,,,<na>,,,,,,,2527,all important fields empty,remove_incomplete_rows
,,,,,,,<na>,,,,,,,2531,all important fields empty,remove_incomplete_rows
,,,,,,,<na>,,,,,,,2532,all important fields empty,remove_incomplete_rows
,,,,,,,<na>,,,,,,,2536,all important fields empty,remove_incomplete_rows
,,,,,,,<na>,,,,,,,2537,all important fields empty,remove_incomplete_rows
,,,,,,,<na>,,,,,,,2540,all important fields empty,remove_incomplete_rows
,,,,,,,<na>,,,,,,,2541,all important fields empty,remove_incomplete_rows
,,,,,,,<na>,,,,,,,2547,all important fields empty,remove_incomplete_rows
,,,,,,,<na>,,,,,,,2548,all important fields empty,remove_incomplete_rows
,,,,,,,<na>,,,,,,,2552,all important fields empty,remove_incomplete_rows
,,,,,,,<na>,,,,,,,2553,all important fields empty,remove_incomplete_rows
,,,,,,,<na>,,,,,,,2556,all important fields empty,remove_incomplete_rows
,,,,,,,<na>,,,,,,,2557,all important fields empty,remove_incomplete_rows
,,,,,,,<na>,,,,,,,2560,all important fields empty,remove_incomplete_rows
,,,,,,,<na>,,,,,,,2561,all important fields empty,remove_incomplete_rows
,,,,,,,<na>,,,,,,,2565,all important fields empty,remove_incomplete_rows
,,,,,,,<na>,,,,,,,2566,all important fields empty,remove_incomplete_rows
,,,,,,,<na>,,,,,,,2569,all important fields empty,remove_incomplete_rows
,,,,,,,<na>,,,,,,,2570,all important fields empty,remove_incomplete_rows
,,,,,,,<na>,,,,,,,2573,all important fields empty,remove_incomplete_rows
,,,,,,,<na>,,,,,,,2574,all important fields empty,remove_incomplete_rows
,,,,,,,<na>,,,,,,,2578,all important fields empty,remove_incomplete_rows
,,,,,,,<na>,,,,,,,2579,all important fields empty,remove_incomplete_rows
,,,,,,,<na>,,,,,,,2583,all important fields empty,remove_incomplete_rows
,,,,,,,<na>,,,,,,,2584,all important fields empty,remove_incomplete_rows
,,,,,,,<na>,,,,,,,2587,all important fields empty,remove_incomplete_rows
,,,,,,,<na>,,,,,,,2588,all important fields empty,remove_incomplete_rows
,,,,,,,<na>,,,,,,,2592,all important fields empty,remove_incomplete_rows
,,,,,,,<na>,,,,,,,2593,all important fields empty,remove_incomplete_rows
,,,,,,,<na>,,,,,,,2597,all important fields empty,remove_incomplete_rows
,,,,,,,<na>,,,,,,,2598,all important fields empty,remove_incomplete_rows
,,,,,,,<na>,,,,,,,2601,all important fields empty,remove_incomplete_rows
,,,,,,,<na>,,,,,,,2602,all important fields empty,remove_incomplete_rows
,,,,,,,<na>,,,,,,,2608,all important fields empty,remove_incomplete_rows
,,,,,,,<na>,,,,,,,2609,all important fields empty,remove_incomplete_rows
,,,,,,,<na>,,,,,,,2612,all important fields empty,remove_incomplete_rows
,,,,,,,<na>,,,,,,,2613,all important fields empty,remove_incomplete_rows
,,,,,,,<na>,,,,,,,2617,all important fields empty,remove_incomplete_rows
,,,,,,,<na>,,,,,,,2618,all important fields empty,remove_incomplete_rows
,,,,,,,<na>,,,,,,,2623,all important fields empty,remove_incomplete_rows
,,,,,,,<na>,,,,,,,2624,all important fields empty,remove_incomplete_rows
,,,,,,,<na>,,,,,,,2632,all important fields empty,remove_incomplete_rows
,,,,,,,<na>,,,,,,,2633,all important fields empty,remove_incomplete_rows
,,,,,,,<na>,,,,,,,2637,all important fields empty,remove_incomplete_rows
,,,,,,,<na>,,,,,,,2638,all important fields empty,remove_incomplete_rows
,,,,,,,<na>,,,,,,,2645,all important fields empty,remove_incomplete_rows
,,,,,,,<na>,,,,,,,2646,all important fields empty,remove_incomplete_rows
,,,,,,,<na>,,,,,,,2649,all important fields empty,remove_incomplete_rows
,,,,,,,<na>,,,,,,,2650,all important fields empty,remove_incomplete_rows
,,,,,,,<na>,,,,,,,2657,all important fields empty,remove_incomplete_rows
,,,,,,,<na>,,,,,,,2658,all important fields empty,remove_incomplete_rows
,,,,,,,<na>,,,,,,,2667,all important fields empty,remove_incomplete_rows
,,,,,,,<na>,,,,,,,2668,all important fields empty,remove_incomplete_rows
,,,,,,,<na>,,,,,,,2671,all important fields empty,remove_incomplete_rows
,,,,,,,<na>,,,,,,,2672,all important fields empty,remove_incomplete_rows
,,,,,,,<na>,,,,,,,2676,all important fields empty,remove_incomplete_rows
,,,,,,,<na>,,,,,,,2677,all important fields empty,remove_incomplete_rows
,,,,,,,<na>,,,,,,,2681,all important fields empty,remove_incomplete_rows
,,,,,,,<na>,,,,,,,2682,all important fields empty,remove_incomplete_rows
,,,,,,,<na>,,,,,,,2685,all important fields empty,remove_incomplete_rows
,,,,,,,<na>,,,,,,,2686,all important fields empty,remove_incomplete_rows
,,,,,,,<na>,,,,,,,2689,all important fields empty,remove_incomplete_rows
,,,,,,,<na>,,,,,,,2690,all important fields empty,remove_incomplete_rows
,,,,,,,<na>,,,,,,,2693,all important fields empty,remove_incomplete_rows
,,,,,,,<na>,,,,,,,2694,all important fields empty,remove_incomplete_rows
,,,,,,,<na>,,,,,,,2697,all important fields empty,remove_incomplete_rows
,,,,,,,<na>,,,,,,,2698,all important fields empty,remove_incomplete_rows
,,,,,,,<na>,,,,,,,2701,all important fields empty,remove_incomplete_rows
,,,,,,,<na>,,,,,,,2702,all important fields empty,remove_incomplete_rows
,,,,,,,<na>,,,,,,,2705,all important fields empty,remove_incomplete_rows
,,,,,,,<na>,,,,,,,2706,all important fields empty,remove_incomplete_rows
,,,,,,,<na>,,,,,,,2709,all important fields empty,remove_incomplete_rows
,,,,,,,<na>,,,,,,,2710,all important fields empty,remove_incomplete_rows
,,,,,,,<na>,,,,,,,2716,all important fields empty,remove_incomplete_rows
,,,,,,,<na>,,,,,,,2717,all important fields empty,remove_incomplete_rows
,,,,,,,<na>,,,,,,,2723,all important fields empty,remove_incomplete_rows
,,,,,,,<na>,,,,,,,2724,all important fields empty,remove_incomplete_rows
,,,,,,,<na>,,,,,,,2729,all important fields empty,remove_incomplete_rows
,,,,,,,<na>,,,,,,,2730,all important fields empty,remove_incomplete_rows
,,,,,,,<na>,,,,,,,2733,all important fields empty,remove_incomplete_rows
,,,,,,,<na>,,,,,,,2734,all important fields empty,remove_incomplete_rows
,,,,,,,<na>,,,,,,,2737,all important fields empty,remove_incomplete_rows
,,,,,,,<na>,,,,,,,2738,all important fields empty,remove_incomplete_rows
,,,,,,,<na>,,,,,,,2741,all important fields empty,remove_incomplete_rows
,,,,,,,<na>,,,,,,,2742,all important fields empty,remove_incomplete_rows
,,,,,,,<na>,,,,,,,2746,all important fields empty,remove_incomplete_rows
,,,,,,,<na>,,,,,,,2747,all important fields empty,remove_incomplete_rows
,,,,,,,<na>,,,,,,,2753,all important fields empty,remove_incomplete_rows
,,,,,,,<na>,,,,,,,2754,all important fields empty,remove_incomplete_rows
,,,,,,,<na>,,,,,,,2759,all important fields empty,remove_incomplete_rows
,,,,,,,<na>,,,,,,,2760,all important fields empty,remove_incomplete_rows
,,,,,,,<na>,,,,,,,2763,all important fields empty,remove_incomplete_rows
,,,,,,,<na>,,,,,,,2764,all important fields empty,remove_incomplete_rows
,,,,,,,<na>,,,,,,,2767,all important fields empty,remove_incomplete_rows
,,,,,,,<na>,,,,,,,2768,all important fields empty,remove_incomplete_rows
,,,,,,,<na>,,,,,,,2771,all important fields empty,remove_incomplete_rows
,,,,,,,<na>,,,,,,,2772,all important fields empty,remove_incomplete_rows
,,,,,,,<na>,,,,,,,2776,all important fields empty,remove_incomplete_rows
,,,,,,,<na>,,,,,,,2777,all important fields empty,remove_incomplete_rows
,,,,,,,<na>,,,,,,,2781,all important fields empty,remove_incomplete_rows
,,,,,,,<na>,,,,,,,2782,all important fields empty,remove_incomplete_rows
,,,,,,,<na>,,,,,,,2786,all important fields empty,remove_incomplete_rows
,,,,,,,<na>,,,,,,,2787,all important fields empty,remove_incomplete_rows
,,,,,,,<na>,,,,,,,2790,all important fields empty,remove_incomplete_rows
,,,,,,,<na>,,,,,,,2791,all important fields empty,remove_incomplete_rows
,,,,,,,<na>,,,,,,,2794,all important fields empty,remove_incomplete_rows
,,,,,,,<na>,,,,,,,2795,all important fields empty,remove_incomplete_rows
,,,,,,,<na>,,,,,,,2798,all important fields empty,remove_incomplete_rows
,,,,,,,<na>,,,,,,,2799,all important fields empty,remove_incomplete_rows
,,,,,,,<na>,,,,,,,2802,all important fields empty,remove_incomplete_rows
,,,,,,,<na>,,,,,,,2803,all important fields empty,remove_incomplete_rows
,,,,,,,<na>,,,,,,,2806,all important fields empty,remove_incomplete_rows
,,,,,,,<na>,,,,,,,2807,all important fields empty,remove_incomplete_rows
,,,,,,,<na>,,,,,,,2810,all important fields empty,remove_incomplete_rows
,,,,,,,<na>,,,,,,,2811,all important fields empty,remove_incomplete_rows
,,,,,,,<na>,,,,,,,2815,all important fields empty,remove_incomplete_rows
,,,,,,,<na>,,,,,,,2816,all important fields empty,remove_incomplete_rows
,,,,,,,<na>,,,,,,,2819,all important fields empty,remove_incomplete_rows
,,,,,,,<na>,,,,,,,2820,all important fields empty,remove_incomplete_rows
,,,,,,,<na>,,,,,,,2823,all important fields empty,remove_incomplete_rows
,,,,,,,<na>,,,,,,,2824,all important fields empty,remove_incomplete_rows
,,,,,,,<na>,,,,,,,2827,all important fields empty,remove_incomplete_rows
,,,,,,,<na>,,,,,,,2828,all important fields empty,remove_incomplete_rows
,,,,,,,<na>,,,,,,,2831,all important fields empty,remove_incomplete_rows
,,,,,,,<na>,,,,,,,2832,all important fields empty,remove_incomplete_rows
,,,,,,,<na>,,,,,,,2835,all important fields empty,remove_incomplete_rows
,,,,,,,<na>,,,,,,,2836,all important fields empty,remove_incomplete_rows
,,,,,,,<na>,,,,,,,2839,all important fields empty,remove_incomplete_rows
,,,,,,,<na>,,,,,,,2840,all important fields empty,remove_incomplete_rows
,,,,,,,<na>,,,,,,,2850,all important fields empty,remove_incomplete_rows
,,,,,,,<na>,,,,,,,2851,all important fields empty,remove_incomplete_rows
,,,,,,,<na>,,,,,,,2855,all important fields empty,remove_incomplete_rows
,,,,,,,<na>,,,,,,,2856,all important fields empty,remove_incomplete_rows
,,,,,,,<na>,,,,,,,2859,all important fields empty,remove_incomplete_rows
,,,,,,,<na>,,,,,,,2860,all important fields empty,remove_incomplete_rows
,,,,,,,<na>,,,,,,,2864,all important fields empty,remove_incomplete_rows
,,,,,,,<na>,,,,,,,2865,all important fields empty,remove_incomplete_rows
,,,,,,,<na>,,,,,,,2868,all important fields empty,remove_incomplete_rows
,,,,,,,<na>,,,,,,,2869,all important fields empty,remove_incomplete_rows
,,,,,,,<na>,,,,,,,2872,all important fields empty,remove_incomplete_rows
,,,,,,,<na>,,,,,,,2873,all important fields empty,remove_incomplete_rows
,,,,,,,<na>,,,,,,,2876,all important fields empty,remove_incomplete_rows
,,,,,,,<na>,,,,,,,2877,all important fields empty,remove_incomplete_rows
,,,,,,,<na>,,,,,,,2880,all important fields empty,remove_incomplete_rows
,,,,,,,<na>,,,,,,,2881,all important fields empty,remove_incomplete_rows
,,,,,,,<na>,,,,,,,2884,all important fields empty,remove_incomplete_rows
,,,,,,,<na>,,,,,,,2885,all important fields empty,remove_incomplete_rows
,,,,,,,<na>,,,,,,,2888,all important fields empty,remove_incomplete_rows
,,,,,,,<na>,,,,,,,2889,all important fields empty,remove_incomplete_rows
,,,,,,,<na>,,,,,,,2892,all important fields empty,remove_incomplete_rows
,,,,,,,<na>,,,,,,,2893,all important fields empty,remove_incomplete_rows
,,,,,,,<na>,,,,,,,2899,all important fields empty,remove_incomplete_rows
,,,,,,,<na>,,,,,,,2900,all important fields empty,remove_incomplete_rows
,,,,,,,<na>,,,,,,,2905,all important fields empty,remove_incomplete_rows
,,,,,,,<na>,,,,,,,2906,all important fields empty,remove_incomplete_rows
,,,,,,,<na>,,,,,,,2909,all important fields empty,remove_incomplete_rows
,,,,,,,<na>,,,,,,,2910,all important fields empty,remove_incomplete_rows
,,,,,,,<na>,,,,,,,2913,all important fields empty,remove_incomplete_rows
,,,,,,,<na>,,,,,,,2914,all important fields empty,remove_incomplete_rows
,,,,,,,<na>,,,,,,,2917,all important fields empty,remove_incomplete_rows
,,,,,,,<na>,,,,,,,2918,all important fields empty,remove_incomplete_rows
,,,,,,,<na>,,,,,,,2921,all important fields empty,remove_incomplete_rows
,,,,,,,<na>,,,,,,,2922,all important fields empty,remove_incomplete_rows
,,,,,,,<na>,,,,,,,2925,all important fields empty,remove_incomplete_rows
,,,,,,,<na>,,,,,,,2926,all important fields empty,remove_incomplete_rows
,,,,,,,<na>,,,,,,,2929,all important fields empty,remove_incomplete_rows
,,,,,,,<na>,,,,,,,2930,all important fields empty,remove_incomplete_rows
,,,,,,,<na>,,,,,,,2938,all important fields empty,remove_incomplete_rows
,,,,,,,<na>,,,,,,,2939,all important fields empty,remove_incomplete_rows
,,,,,,,<na>,,,,,,,2942,all important fields empty,remove_incomplete_rows
,,,,,,,<na>,,,,,,,2943,all important fields empty,remove_incomplete_rows
,,,,,,,<na>,,,,,,,2946,all important fields empty,remove_incomplete_rows
,,,,,,,<na>,,,,,,,2947,all important fields empty,remove_incomplete_rows
,,,,,,,<na>,,,,,,,2950,all important fields empty,remove_incomplete_rows
,,,,,,,<na>,,,,,,,2951,all important fields empty,remove_incomplete_rows
,,,,,,,<na>,,,,,,,2955,all important fields empty,remove_incomplete_rows
,,,,,,,<na>,,,,,,,2956,all important fields empty,remove_incomplete_rows
,,,,,,,<na>,,,,,,,2959,all important fields empty,remove_incomplete_rows
,,,,,,,<na>,,,,,,,2960,all important fields empty,remove_incomplete_rows
,,,,,,,<na>,,,,,,,2963,all important fields empty,remove_incomplete_rows
,,,,,,,<na>,,,,,,,2964,all important fields empty,remove_incomplete_rows
,,,,,,,<na>,,,,,,,2969,all important fields empty,remove_incomplete_rows
,,,,,,,<na>,,,,,,,2970,all important fields empty,remove_incomplete_rows
,,,,,,,<na>,,,,,,,2973,all important fields empty,remove_incomplete_rows
,,,,,,,<na>,,,,,,,2974,all important fields empty,remove_incomplete_rows
,,,,,,,<na>,,,,,,,2982,all important fields empty,remove_incomplete_rows
,,,,,,,<na>,,,,,,,2983,all important fields empty,remove_incomplete_rows
,,,,,,,<na>,,,,,,,2988,all important fields empty,remove_incomplete_rows
,,,,,,,<na>,,,,,,,2989,all important fields empty,remove_incomplete_rows
,,,,,,,<na>,,,,,,,2997,all important fields empty,remove_incomplete_rows
,,,,,,,<na>,,,,,,,2998,all important fields empty,remove_incomplete_rows
,,,,,,,<na>,,,,,,,3004,all important fields empty,remove_incomplete_rows
,,,,,,,<na>,,,,,,,3005,all important fields empty,remove_incomplete_rows
,,,,,,,<na>,,,,,,,3008,all important fields empty,remove_incomplete_rows
,,,,,,,<na>,,,,,,,3009,all important fields empty,remove_incomplete_rows
,,,,,,,<na>,,,,,,,3012,all important fields empty,remove_incomplete_rows
,,,,,,,<na>,,,,,,,3013,all important fields empty,remove_incomplete_rows
,,,,,,,<na>,,,,,,,3017,all important fields empty,remove_incomplete_rows
,,,,,,,<na>,,,,,,,3018,all important fields empty,remove_incomplete_rows
,,,,,,,<na>,,,,,,,3023,all important fields empty,remove_incomplete_rows
,,,,,,,<na>,,,,,,,3024,all important fields empty,remove_incomplete_rows
,,,,,,,<na>,,,,,,,3027,all important fields empty,remove_incomplete_rows
,,,,,,,<na>,,,,,,,3028,all important fields empty,remove_incomplete_rows
,,,,,,,<na>,,,,,,,3032,all important fields empty,remove_incomplete_rows
,,,,,,,<na>,,,,,,,3033,all important fields empty,remove_incomplete_rows
,,,,,,,<na>,,,,,,,3036,all important fields empty,remove_incomplete_rows
,,,,,,,<na>,,,,,,,3037,all important fields empty,remove_incomplete_rows
,,,,,,,<na>,,,,,,,3040,all important fields empty,remove_incomplete_rows
,,,,,,,<na>,,,,,,,3041,all important fields empty,remove_incomplete_rows
,,,,,,,<na>,,,,,,,3044,all important fields empty,remove_incomplete_rows
,,,,,,,<na>,,,,,,,3045,all important fields empty,remove_incomplete_rows
,,,,,,,<na>,,,,,,,3048,all important fields empty,remove_incomplete_rows
,,,,,,,<na>,,,,,,,3049,all important fields empty,remove_incomplete_rows
,,,,,,,<na>,,,,,,,3053,all important fields empty,remove_incomplete_rows
,,,,,,,<na>,,,,,,,3054,all important fields empty,remove_incomplete_rows
,,,,,,,<na>,,,,,,,3058,all important fields empty,remove_incomplete_rows
,,,,,,,<na>,,,,,,,3059,all important fields empty,remove_incomplete_rows
,,,,,,,<na>,,,,,,,3063,all important fields empty,remove_incomplete_rows
,,,,,,,<na>,,,,,,,3064,all important fields empty,remove_incomplete_rows
,,,,,,,<na>,,,,,,,3067,all important fields empty,remove_incomplete_rows
,,,,,,,<na>,,,,,,,3068,all important fields empty,remove_incomplete_rows
,,,,,,,<na>,,,,,,,3073,all important fields empty,remove_incomplete_rows
,,,,,,,<na>,,,,,,,3074,all important fields empty,remove_incomplete_rows
,,,,,,,<na>,,,,,,,3077,all important fields empty,remove_incomplete_rows
,,,,,,,<na>,,,,,,,3078,all important fields empty,remove_incomplete_rows
,,,,,,,<na>,,,,,,,3081,all important fields empty,remove_incomplete_rows
,,,,,,,<na>,,,,,,,3082,all important fields empty,remove_incomplete_rows
,,,,,,,<na>,,,,,,,3085,all important fields empty,remove_incomplete_rows
,,,,,,,<na>,,,,,,,3086,all important fields empty,remove_incomplete_rows
,,,,,,,<na>,,,,,,,3090,all important fields empty,remove_incomplete_rows
,,,,,,,<na>,,,,,,,3091,all important fields empty,remove_incomplete_rows
,,,,,,,<na>,,,,,,,3094,all important fields empty,remove_incomplete_rows
,,,,,,,<na>,,,,,,,3095,all important fields empty,remove_incomplete_rows
,,,,,,,<na>,,,,,,,3099,all important fields empty,remove_incomplete_rows
,,,,,,,<na>,,,,,,,3100,all important fields empty,remove_incomplete_rows
,,,,,,,<na>,,,,,,,3104,all important fields empty,remove_incomplete_rows
,,,,,,,<na>,,,,,,,3105,all important fields empty,remove_incomplete_rows
,,,,,,,<na>,,,,,,,3108,all important fields empty,remove_incomplete_rows
,,,,,,,<na>,,,,,,,3109,all important fields empty,remove_incomplete_rows
,,,,,,,<na>,,,,,,,3112,all important fields empty,remove_incomplete_rows
,,,,,,,<na>,,,,,,,3113,all important fields empty,remove_incomplete_rows
,,,,,,,<na>,,,,,,,3117,all important fields empty,remove_incomplete_rows
,,,,,,,<na>,,,,,,,3118,all important fields empty,remove_incomplete_rows
,,,,,,,<na>,,,,,,,3121,all important fields empty,remove_incomplete_rows
,,,,,,,<na>,,,,,,,3122,all important fields empty,remove_incomplete_rows
,,,,,,,<na>,,,,,,,3129,all important fields empty,remove_incomplete_rows
,,,,,,,<na>,,,,,,,3130,all important fields empty,remove_incomplete_rows
,,,,,,,<na>,,,,,,,3133,all important fields empty,remove_incomplete_rows
,,,,,,,<na>,,,,,,,3134,all important fields empty,remove_incomplete_rows
,,,,,,,<na>,,,,,,,3137,all important fields empty,remove_incomplete_rows
,,,,,,,<na>,,,,,,,3138,all important fields empty,remove_incomplete_rows
,,,,,,,<na>,,,,,,,3141,all important fields empty,remove_incomplete_rows
,,,,,,,<na>,,,,,,,3142,all important fields empty,remove_incomplete_rows
,,,,,,,<na>,,,,,,,3150,all important fields empty,remove_incomplete_rows
,,,,,,,<na>,,,,,,,3151,all important fields empty,remove_incomplete_rows
,,,,,,,<na>,,,,,,,3154,all important fields empty,remove_incomplete_rows
,,,,,,,<na>,,,,,,,3155,all important fields empty,remove_incomplete_rows
,,,,,,,<na>,,,,,,,3159,all important fields empty,remove_incomplete_rows
,,,,,,,<na>,,,,,,,3160,all important fields empty,remove_incomplete_rows
,,,,,,,<na>,,,,,,,3163,all important fields empty,remove_incomplete_rows
,,,,,,,<na>,,,,,,,3164,all important fields empty,remove_incomplete_rows
,,,,,,,<na>,,,,,,,3169,all important fields empty,remove_incomplete_rows
,,,,,,,<na>,,,,,,,3170,all important fields empty,remove_incomplete_rows
,,,,,,,<na>,,,,,,,3173,all important fields empty,remove_incomplete_rows
,,,,,,,<na>,,,,,,,3174,all important fields empty,remove_incomplete_rows
,,,,,,,<na>,,,,,,,3178,all important fields empty,remove_incomplete_rows
,,,,,,,<na>,,,,,,,3179,all important fields empty,remove_incomplete_rows
,,,,,,,<na>,,,,,,,3182,all important fields empty,remove_incomplete_rows
,,,,,,,<na>,,,,,,,3183,all important fields empty,remove_incomplete_rows
,,,,,,,<na>,,,,,,,3187,all important fields empty,remove_incomplete_rows
,,,,,,,<na>,,,,,,,3188,all important fields empty,remove_incomplete_rows
,,,,,,,<na>,,,,,,,3192,all important fields empty,remove_incomplete_rows
,,,,,,,<na>,,,,,,,3193,all important fields empty,remove_incomplete_rows
,,,,,,,<na>,,,,,,,3196,all important fields empty,remove_incomplete_rows
,,,,,,,<na>,,,,,,,3197,all important fields empty,remove_incomplete_rows
,,,,,,,<na>,,,,,,,3200,all important fields empty,remove_incomplete_rows
,,,,,,,<na>,,,,,,,3201,all important fields empty,remove_incomplete_rows
,,,,,,,<na>,,,,,,,3205,all important fields empty,remove_incomplete_rows
,,,,,,,<na>,,,,,,,3206,all important fields empty,remove_incomplete_rows
,,,,,,,<na>,,,,,,,3211,all important fields empty,remove_incomplete_rows
,,,,,,,<na>,,,,,,,3212,all important fields empty,remove_incomplete_rows
,,,,,,,<na>,,,,,,,3215,all important fields empty,remove_incomplete_rows
,,,,,,,<na>,,,,,,,3216,all important fields empty,remove_incomplete_rows
,,,,,,,<na>,,,,,,,3219,all important fields empty,remove_incomplete_rows
,,,,,,,<na>,,,,,,,3220,all important fields empty,remove_incomplete_rows
,,,,,,,<na>,,,,,,,3223,all important fields empty,remove_incomplete_rows
,,,,,,,<na>,,,,,,,3224,all important fields empty,remove_incomplete_rows
,,,,,,,<na>,,,,,,,3230,all important fields empty,remove_incomplete_rows
,,,,,,,<na>,,,,,,,3231,all important fields empty,remove_incomplete_rows
,,,,,,,<na>,,,,,,,3234,all important fields empty,remove_incomplete_rows
,,,,,,,<na>,,,,,,,3235,all important fields empty,remove_incomplete_rows
,,,,,,,<na>,,,,,,,3238,all important fields empty,remove_incomplete_rows
,,,,,,,<na>,,,,,,,3239,all important fields empty,remove_incomplete_rows
,,,,,,,<na>,,,,,,,3246,all important fields empty,remove_incomplete_rows
,,,,,,,<na>,,,,,,,3247,all important fields empty,remove_incomplete_rows
,,,,,,,<na>,,,,,,,3250,all important fields empty,remove_incomplete_rows
,,,,,,,<na>,,,,,,,3251,all important fields empty,remove_incomplete_rows
,,,,,,,<na>,,,,,,,3254,all important fields empty,remove_incomplete_rows
,,,,,,,<na>,,,,,,,3255,all important fields empty,remove_incomplete_rows
,,,,,,,<na>,,,,,,,3259,all important fields empty,remove_incomplete_rows
,,,,,,,<na>,,,,,,,3260,all important fields empty,remove_incomplete_rows
,,,,,,,<na>,,,,,,,3264,all important fields empty,remove_incomplete_rows
,,,,,,,<na>,,,,,,,3265,all important fields empty,remove_incomplete_rows
,,,,,,,<na>,,,,,,,3269,all important fields empty,remove_incomplete_rows
,,,,,,,<na>,,,,,,,3270,all important fields empty,remove_incomplete_rows
,,,,,,,<na>,,,,,,,3273,all important fields empty,remove_incomplete_rows
,,,,,,,<na>,,,,,,,3274,all important fields empty,remove_incomplete_rows
,,,,,,,<na>,,,,,,,3277,all important fields empty,remove_incomplete_rows
,,,,,,,<na>,,,,,,,3278,all important fields empty,remove_incomplete_rows
,,,,,,,<na>,,,,,,,3281,all important fields empty,remove_incomplete_rows
,,,,,,,<na>,,,,,,,3282,all important fields empty,remove_incomplete_rows
,,,,,,,<na>,,,,,,,3285,all important fields empty,remove_incomplete_rows
,,,,,,,<na>,,,,,,,3286,all important fields empty,remove_incomplete_rows
,,,,,,,<na>,,,,,,,3291,all important fields empty,remove_incomplete_rows
,,,,,,,<na>,,,,,,,3292,all important fields empty,remove_incomplete_rows
,,,,,,,<na>,,,,,,,3295,all important fields empty,remove_incomplete_rows
,,,,,,,<na>,,,,,,,3296,all important fields empty,remove_incomplete_rows
,,,,,,,<na>,,,,,,,3300,all important fields empty,remove_incomplete_rows
,,,,,,,<na>,,,,,,,3301,all important fields empty,remove_incomplete_rows
,,,,,,,<na>,,,,,,,3304,all important fields empty,remove_incomplete_rows
,,,,,,,<na>,,,,,,,3305,all important fields empty,remove_incomplete_rows
,,,,,,,<na>,,,,,,,3309,all important fields empty,remove_incomplete_rows
,,,,,,,<na>,,,,,,,3310,all important fields empty,remove_incomplete_rows
,,,,,,,<na>,,,,,,,3313,all important fields empty,remove_incomplete_rows
,,,,,,,<na>,,,,,,,3314,all important fields empty,remove_incomplete_rows
,,,,,,,<na>,,,,,,,3317,all important fields empty,remove_incomplete_rows
,,,,,,,<na>,,,,,,,3318,all important fields empty,remove_incomplete_rows
,,,,,,,<na>,,,,,,,3321,all important fields empty,remove_incomplete_rows
,,,,,,,<na>,,,,,,,3322,all important fields empty,remove_incomplete_rows
,,,,,,,<na>,,,,,,,3325,all important fields empty,remove_incomplete_rows
,,,,,,,<na>,,,,,,,3326,all important fields empty,remove_incomplete_rows
,,,,,,,<na>,,,,,,,3329,all important fields empty,remove_incomplete_rows
,,,,,,,<na>,,,,,,,3330,all important fields empty,remove_incomplete_rows
,,,,,,,<na>,,,,,,,3335,all important fields empty,remove_incomplete_rows
,,,,,,,<na>,,,,,,,3336,all important fields empty,remove_incomplete_rows
,,,,,,,<na>,,,,,,,3340,all important fields empty,remove_incomplete_rows
,,,,,,,<na>,,,,,,,3341,all important fields empty,remove_incomplete_rows
,,,,,,,<na>,,,,,,,3344,all important fields empty,remove_incomplete_rows
,,,,,,,<na>,,,,,,,3345,all important fields empty,remove_incomplete_rows
,,,,,,,<na>,,,,,,,3351,all important fields empty,remove_incomplete_rows
,,,,,,,<na>,,,,,,,3352,all important fields empty,remove_incomplete_rows
,,,,,,,<na>,,,,,,,3355,all important fields empty,remove_incomplete_rows
,,,,,,,<na>,,,,,,,3356,all important fields empty,remove_incomplete_rows
,,,,,,,<na>,,,,,,,3360,all important fields empty,remove_incomplete_rows
,,,,,,,<na>,,,,,,,3361,all important fields empty,remove_incomplete_rows
,,,,,,,<na>,,,,,,,3364,all important fields empty,remove_incomplete_rows
,,,,,,,<na>,,,,,,,3365,all important fields empty,remove_incomplete_rows
,,,,,,,<na>,,,,,,,3368,all important fields empty,remove_incomplete_rows
,,,,,,,<na>,,,,,,,3369,all important fields empty,remove_incomplete_rows
,,,,,,,<na>,,,,,,,3372,all important fields empty,remove_incomplete_rows
,,,,,,,<na>,,,,,,,3373,all important fields empty,remove_incomplete_rows
,,,,,,,<na>,,,,,,,3376,all important fields empty,remove_incomplete_rows
,,,,,,,<na>,,,,,,,3377,all important fields empty,remove_incomplete_rows
,,,,,,,<na>,,,,,,,3380,all important fields empty,remove_incomplete_rows
,,,,,,,<na>,,,,,,,3381,all important fields empty,remove_incomplete_rows
,,,,,,,<na>,,,,,,,3385,all important fields empty,remove_incomplete_rows
,,,,,,,<na>,,,,,,,3386,all important fields empty,remove_incomplete_rows
,,,,,,,<na>,,,,,,,3389,all important fields empty,remove_incomplete_rows
,,,,,,,<na>,,,,,,,3390,all important fields empty,remove_incomplete_rows
,,,,,,,<na>,,,,,,,3394,all important fields empty,remove_incomplete_rows
,,,,,,,<na>,,,,,,,3395,all important fields empty,remove_incomplete_rows
,,,,,,,<na>,,,,,,,3400,all important fields empty,remove_incomplete_rows
,,,,,,,<na>,,,,,,,3401,all important fields empty,remove_incomplete_rows
,,,,,,,<na>,,,,,,,3405,all important fields empty,remove_incomplete_rows
,,,,,,,<na>,,,,,,,3406,all important fields empty,remove_incomplete_rows
,,,,,,,<na>,,,,,,,3409,all important fields empty,remove_incomplete_rows
,,,,,,,<na>,,,,,,,3410,all important fields empty,remove_incomplete_rows
,,,,,,,<na>,,,,,,,3413,all important fields empty,remove_incomplete_rows
,,,,,,,<na>,,,,,,,3414,all important fields empty,remove_incomplete_rows
,,,,,,,<na>,,,,,,,3419,all important fields empty,remove_incomplete_rows
,,,,,,,<na>,,,,,,,3420,all important fields empty,remove_incomplete_rows
,,,,,,,<na>,,,,,,,3424,all important fields empty,remove_incomplete_rows
,,,,,,,<na>,,,,,,,3425,all important fields empty,remove_incomplete_rows
,,,,,,,<na>,,,,,,,3429,all important fields empty,remove_incomplete_rows
,,,,,,,<na>,,,,,,,3430,all important fields empty,remove_incomplete_rows
,,,,,,,<na>,,,,,,,3434,all important fields empty,remove_incomplete_rows
,,,,,,,<na>,,,,,,,3435,all important fields empty,remove_incomplete_rows
,,,,,,,<na>,,,,,,,3439,all important fields empty,remove_incomplete_rows
,,,,,,,<na>,,,,,,,3440,all important fields empty,remove_incomplete_rows
,,,,,,,<na>,,,,,,,3443,all important fields empty,remove_incomplete_rows
,,,,,,,<na>,,,,,,,3444,all important fields empty,remove_incomplete_rows
,,,,,,,<na>,,,,,,,3447,all important fields empty,remove_incomplete_rows
,,,,,,,<na>,,,,,,,3448,all important fields empty,remove_incomplete_rows
,,,,,,,<na>,,,,,,,3452,all important fields empty,remove_incomplete_rows
,,,,,,,<na>,,,,,,,3453,all important fields empty,remove_incomplete_rows
,,,,,,,<na>,,,,,,,3457,all important fields empty,remove_incomplete_rows
,,,,,,,<na>,,,,,,,3458,all important fields empty,remove_incomplete_rows
,,,,,,,<na>,,,,,,,3461,all important fields empty,remove_incomplete_rows
,,,,,,,<na>,,,,,,,3462,all important fields empty,remove_incomplete_rows
,,,,,,,<na>,,,,,,,3465,all important fields empty,remove_incomplete_rows
,,,,,,,<na>,,,,,,,3466,all important fields empty,remove_incomplete_rows
,,,,,,,<na>,,,,,,,3469,all important fields empty,remove_incomplete_rows
,,,,,,,<na>,,,,,,,3470,all important fields empty,remove_incomplete_rows
,,,,,,,<na>,,,,,,,3473,all important fields empty,remove_incomplete_rows
,,,,,,,<na>,,,,,,,3474,all important fields empty,remove_incomplete_rows
,,,,,,,<na>,,,,,,,3477,all important fields empty,remove_incomplete_rows
,,,,,,,<na>,,,,,,,3478,all important fields empty,remove_incomplete_rows
,,,,,,,<na>,,,,,,,3482,all important fields empty,remove_incomplete_rows
,,,,,,,<na>,,,,,,,3483,all important fields empty,remove_incomplete_rows
,,,,,,,<na>,,,,,,,3486,all important fields empty,remove_incomplete_rows
,,,,,,,<na>,,,,,,,3487,all important fields empty,remove_incomplete_rows
,,,,,,,<na>,,,,,,,3490,all important fields empty,remove_incomplete_rows
,,,,,,,<na>,,,,,,,3491,all important fields empty,remove_incomplete_rows
,,,,,,,<na>,,,,,,,3495,all important fields empty,remove_incomplete_rows
,,,,,,,<na>,,,,,,,3496,all important fields empty,remove_incomplete_rows
,,,,,,,<na>,,,,,,,3499,all important fields empty,remove_incomplete_rows
,,,,,,,<na>,,,,,,,3500,all important fields empty,remove_incomplete_rows
,,,,,,,<na>,,,,,,,3503,all important fields empty,remove_incomplete_rows
,,,,,,,<na>,,,,,,,3504,all important fields empty,remove_incomplete_rows
,,,,,,,<na>,,,,,,,3507,all important fields empty,remove_incomplete_rows
,,,,,,,<na>,,,,,,,3508,all important fields empty,remove_incomplete_rows
,,,,,,,<na>,,,,,,,3513,all important fields empty,remove_incomplete_rows
,,,,,,,<na>,,,,,,,3514,all important fields empty,remove_incomplete_rows
,,,,,,,<na>,,,,,,,3519,all important fields empty,remove_incomplete_rows
,,,,,,,<na>,,,,,,,3520,all important fields empty,remove_incomplete_rows
,,,,,,,<na>,,,,,,,3523,all important fields empty,remove_incomplete_rows
,,,,,,,<na>,,,,,,,3524,all important fields empty,remove_incomplete_rows
,,,,,,,<na>,,,,,,,3530,all important fields empty,remove_incomplete_rows
,,,,,,,<na>,,,,,,,3531,all important fields empty,remove_incomplete_rows
,,,,,,,<na>,,,,,,,3534,all important fields empty,remove_incomplete_rows
,,,,,,,<na>,,,,,,,3535,all important fields empty,remove_incomplete_rows
,,,,,,,<na>,,,,,,,3538,all important fields empty,remove_incomplete_rows
,,,,,,,<na>,,,,,,,3539,all important fields empty,remove_incomplete_rows
,,,,,,,<na>,,,,,,,3542,all important fields empty,remove_incomplete_rows
,,,,,,,<na>,,,,,,,3543,all important fields empty,remove_incomplete_rows
,,,,,,,<na>,,,,,,,3546,all important fields empty,remove_incomplete_rows
,,,,,,,<na>,,,,,,,3547,all important fields empty,remove_incomplete_rows
,,,,,,,<na>,,,,,,,3550,all important fields empty,remove_incomplete_rows
,,,,,,,<na>,,,,,,,3551,all important fields empty,remove_incomplete_rows
,,,,,,,<na>,,,,,,,3554,all important fields empty,remove_incomplete_rows
,,,,,,,<na>,,,,,,,3555,all important fields empty,remove_incomplete_rows
,,,,,,,<na>,,,,,,,3559,all important fields empty,remove_incomplete_rows
,,,,,,,<na>,,,,,,,3560,all important fields empty,remove_incomplete_rows
,,,,,,,<na>,,,,,,,3563,all important fields empty,remove_incomplete_rows
,,,,,,,<na>,,,,,,,3564,all important fields empty,remove_incomplete_rows
,,,,,,,<na>,,,,,,,3567,all important fields empty,remove_incomplete_rows
,,,,,,,<na>,,,,,,,3568,all important fields empty,remove_incomplete_rows
,,,,,,,<na>,,,,,,,3572,all important fields empty,remove_incomplete_rows
,,,,,,,<na>,,,,,,,3573,all important fields empty,remove_incomplete_rows
,,,,,,,<na>,,,,,,,3577,all important fields empty,remove_incomplete_rows
,,,,,,,<na>,,,,,,,3578,all important fields empty,remove_incomplete_rows
,,,,,,,<na>,,,,,,,3581,all important fields empty,remove_incomplete_rows
,,,,,,,<na>,,,,,,,3582,all important fields empty,remove_incomplete_rows
,,,,,,,<na>,,,,,,,3587,all important fields empty,remove_incomplete_rows
,,,,,,,<na>,,,,,,,3588,all important fields empty,remove_incomplete_rows
,,,,,,,<na>,,,,,,,3591,all important fields empty,remove_incomplete_rows
,,,,,,,<na>,,,,,,,3592,all important fields empty,remove_incomplete_rows
,,,,,,,<na>,,,,,,,3595,all important fields empty,remove_incomplete_rows
,,,,,,,<na>,,,,,,,3596,all important fields empty,remove_incomplete_rows
,,,,,,,<na>,,,,,,,3599,all important fields empty,remove_incomplete_rows
,,,,,,,<na>,,,,,,,3600,all important fields empty,remove_incomplete_rows
,,,,,,,<na>,,,,,,,3603,all important fields empty,remove_incomplete_rows
,,,,,,,<na>,,,,,,,3604,all important fields empty,remove_incomplete_rows
,,,,,,,<na>,,,,,,,3615,all important fields empty,remove_incomplete_rows
,,,,,,,<na>,,,,,,,3616,all important fields empty,remove_incomplete_rows
,,,,,,,<na>,,,,,,,3620,all important fields empty,remove_incomplete_rows
,,,,,,,<na>,,,,,,,3621,all important fields empty,remove_incomplete_rows
,,,,,,,<na>,,,,,,,3625,all important fields empty,remove_incomplete_rows
,,,,,,,<na>,,,,,,,3626,all important fields empty,remove_incomplete_rows
,,,,,,,<na>,,,,,,,3629,all important fields empty,remove_incomplete_rows
,,,,,,,<na>,,,,,,,3630,all important fields empty,remove_incomplete_rows
,,,,,,,<na>,,,,,,,3634,all important fields empty,remove_incomplete_rows
,,,,,,,<na>,,,,,,,3635,all important fields empty,remove_incomplete_rows
,,,,,,,<na>,,,,,,,3639,all important fields empty,remove_incomplete_rows
,,,,,,,<na>,,,,,,,3640,all important fields empty,remove_incomplete_rows
,,,,,,,<na>,,,,,,,3645,all important fields empty,remove_incomplete_rows
,,,,,,,<na>,,,,,,,3646,all important fields empty,remove_incomplete_rows
,,,,,,,<na>,,,,,,,3649,all important fields empty,remove_incomplete_rows
,,,,,,,<na>,,,,,,,3650,all important fields empty,remove_incomplete_rows
,,,,,,,<na>,,,,,,,3653,all important fields empty,remove_incomplete_rows
,,,,,,,<na>,,,,,,,3654,all important fields empty,remove_incomplete_rows
,,,,,,,<na>,,,,,,,3657,all important fields empty,remove_incomplete_rows
,,,,,,,<na>,,,,,,,3658,all important fields empty,remove_incomplete_rows
,,,,,,,<na>,,,,,,,3661,all important fields empty,remove_incomplete_rows
,,,,,,,<na>,,,,,,,3662,all important fields empty,remove_incomplete_rows
,,,,,,,<na>,,,,,,,3665,all important fields empty,remove_incomplete_rows
,,,,,,,<na>,,,,,,,3666,all important fields empty,remove_incomplete_rows
,,,,,,,<na>,,,,,,,3669,all important fields empty,remove_incomplete_rows
,,,,,,,<na>,,,,,,,3670,all important fields empty,remove_incomplete_rows
,,,,,,,<na>,,,,,,,3675,all important fields empty,remove_incomplete_rows
,,,,,,,<na>,,,,,,,3676,all important fields empty,remove_incomplete_rows
,,,,,,,<na>,,,,,,,3679,all important fields empty,remove_incomplete_rows
,,,,,,,<na>,,,,,,,3680,all important fields empty,remove_incomplete_rows
,,,,,,,<na>,,,,,,,3684,all important fields empty,remove_incomplete_rows
,,,,,,,<na>,,,,,,,3685,all important fields empty,remove_incomplete_rows
,,,,,,,<na>,,,,,,,3689,all important fields empty,remove_incomplete_rows
,,,,,,,<na>,,,,,,,3690,all important fields empty,remove_incomplete_rows
,,,,,,,<na>,,,,,,,3693,all important fields empty,remove_incomplete_rows
,,,,,,,<na>,,,,,,,3694,all important fields empty,remove_incomplete_rows
,,,,,,,<na>,,,,,,,3697,all important fields empty,remove_incomplete_rows
,,,,,,,<na>,,,,,,,3698,all important fields empty,remove_incomplete_rows
,,,,,,,<na>,,,,,,,3701,all important fields empty,remove_incomplete_rows
,,,,,,,<na>,,,,,,,3702,all important fields empty,remove_incomplete_rows
,,,,,,,<na>,,,,,,,3706,all important fields empty,remove_incomplete_rows
,,,,,,,<na>,,,,,,,3707,all important fields empty,remove_incomplete_rows
,,,,,,,<na>,,,,,,,3710,all important fields empty,remove_incomplete_rows
,,,,,,,<na>,,,,,,,3711,all important fields empty,remove_incomplete_rows
,,,,,,,<na>,,,,,,,3714,all important fields empty,remove_incomplete_rows
,,,,,,,<na>,,,,,,,3715,all important fields empty,remove_incomplete_rows
,,,,,,,<na>,,,,,,,3719,all important fields empty,remove_incomplete_rows
,,,,,,,<na>,,,,,,,3720,all important fields empty,remove_incomplete_rows
,,,,,,,<na>,,,,,,,3723,all important fields empty,remove_incomplete_rows
,,,,,,,<na>,,,,,,,3724,all important fields empty,remove_incomplete_rows
,,,,,,,<na>,,,,,,,3728,all important fields empty,remove_incomplete_rows
,,,,,,,<na>,,,,,,,3729,all important fields empty,remove_incomplete_rows
,,,,,,,<na>,,,,,,,3732,all important fields empty,remove_incomplete_rows
,,,,,,,<na>,,,,,,,3733,all important fields empty,remove_incomplete_rows
,,,,,,,<na>,,,,,,,3737,all important fields empty,remove_incomplete_rows
,,,,,,,<na>,,,,,,,3738,all important fields empty,remove_incomplete_rows
,,,,,,,<na>,,,,,,,3741,all important fields empty,remove_incomplete_rows
,,,,,,,<na>,,,,,,,3742,all important fields empty,remove_incomplete_rows
,,,,,,,<na>,,,,,,,3747,all important fields empty,remove_incomplete_rows
,,,,,,,<na>,,,,,,,3748,all important fields empty,remove_incomplete_rows
,,,,,,,<na>,,,,,,,3751,all important fields empty,remove_incomplete_rows
,,,,,,,<na>,,,,,,,3752,all important fields empty,remove_incomplete_rows
,,,,,,,<na>,,,,,,,3756,all important fields empty,remove_incomplete_rows
,,,,,,,<na>,,,,,,,3757,all important fields empty,remove_incomplete_rows
,,,,,,,<na>,,,,,,,3761,all important fields empty,remove_incomplete_rows
,,,,,,,<na>,,,,,,,3762,all important fields empty,remove_incomplete_rows
,,,,,,,<na>,,,,,,,3766,all important fields empty,remove_incomplete_rows
,,,,,,,<na>,,,,,,,3767,all important fields empty,remove_incomplete_rows
,,,,,,,<na>,,,,,,,3770,all important fields empty,remove_incomplete_rows
,,,,,,,<na>,,,,,,,3771,all important fields empty,remove_incomplete_rows
,,,,,,,<na>,,,,,,,3774,all important fields empty,remove_incomplete_rows
,,,,,,,<na>,,,,,,,3775,all important fields empty,remove_incomplete_rows
,,,,,,,<na>,,,,,,,3778,all important fields empty,remove_incomplete_rows
,,,,,,,<na>,,,,,,,3779,all important fields empty,remove_incomplete_rows
,,,,,,,<na>,,,,,,,3783,all important fields empty,remove_incomplete_rows
,,,,,,,<na>,,,,,,,3784,all important fields empty,remove_incomplete_rows
,,,,,,,<na>,,,,,,,3791,all important fields empty,remove_incomplete_rows
,,,,,,,<na>,,,,,,,3792,all important fields empty,remove_incomplete_rows
,,,,,,,<na>,,,,,,,3795,all important fields empty,remove_incomplete_rows
,,,,,,,<na>,,,,,,,3796,all important fields empty,remove_incomplete_rows
,,,,,,,<na>,,,,,,,3799,all important fields empty,remove_incomplete_rows
,,,,,,,<na>,,,,,,,3800,all important fields empty,remove_incomplete_rows
,,,,,,,<na>,,,,,,,3804,all important fields empty,remove_incomplete_rows
,,,,,,,<na>,,,,,,,3805,all important fields empty,remove_incomplete_rows
,,,,,,,<na>,,,,,,,3808,all important fields empty,remove_incomplete_rows
,,,,,,,<na>,,,,,,,3809,all important fields empty,remove_incomplete_rows
,,,,,,,<na>,,,,,,,3815,all important fields empty,remove_incomplete_rows
,,,,,,,<na>,,,,,,,3816,all important fields empty,remove_incomplete_rows
,,,,,,,<na>,,,,,,,3820,all important fields empty,remove_incomplete_rows
,,,,,,,<na>,,,,,,,3821,all important fields empty,remove_incomplete_rows
,,,,,,,<na>,,,,,,,3824,all important fields empty,remove_incomplete_rows
,,,,,,,<na>,,,,,,,3825,all important fields empty,remove_incomplete_rows
,,,,,,,<na>,,,,,,,3829,all important fields empty,remove_incomplete_rows
,,,,,,,<na>,,,,,,,3830,all important fields empty,remove_incomplete_rows
,,,,,,,<na>,,,,,,,3833,all important fields empty,remove_incomplete_rows
,,,,,,,<na>,,,,,,,3834,all important fields empty,remove_incomplete_rows
,,,,,,,<na>,,,,,,,3838,all important fields empty,remove_incomplete_rows
,,,,,,,<na>,,,,,,,3839,all important fields empty,remove_incomplete_rows
,,,,,,,<na>,,,,,,,3842,all important fields empty,remove_incomplete_rows
,,,,,,,<na>,,,,,,,3843,all important fields empty,remove_incomplete_rows
,,,,,,,<na>,,,,,,,3846,all important fields empty,remove_incomplete_rows
,,,,,,,<na>,,,,,,,3847,all important fields empty,remove_incomplete_rows
,,,,,,,<na>,,,,,,,3850,all important fields empty,remove_incomplete_rows
,,,,,,,<na>,,,,,,,3851,all important fields empty,remove_incomplete_rows
,,,,,,,<na>,,,,,,,3855,all important fields empty,remove_incomplete_rows
,,,,,,,<na>,,,,,,,3856,all important fields empty,remove_incomplete_rows
,,,,,,,<na>,,,,,,,3859,all important fields empty,remove_incomplete_rows
,,,,,,,<na>,,,,,,,3860,all important fields empty,remove_incomplete_rows
,,,,,,,<na>,,,,,,,3863,all important fields empty,remove_incomplete_rows
,,,,,,,<na>,,,,,,,3864,all important fields empty,remove_incomplete_rows
,,,,,,,<na>,,,,,,,3867,all important fields empty,remove_incomplete_rows
,,,,,,,<na>,,,,,,,3868,all important fields empty,remove_incomplete_rows
,,,,,,,<na>,,,,,,,3871,all important fields empty,remove_incomplete_rows
,,,,,,,<na>,,,,,,,3872,all important fields empty,remove_incomplete_rows
,,,,,,,<na>,,,,,,,3876,all important fields empty,remove_incomplete_rows
,,,,,,,<na>,,,,,,,3877,all important fields empty,remove_incomplete_rows
,,,,,,,<na>,,,,,,,3881,all important fields empty,remove_incomplete_rows
,,,,,,,<na>,,,,,,,3882,all important fields empty,remove_incomplete_rows
,,,,,,,<na>,,,,,,,3886,all important fields empty,remove_incomplete_rows
,,,,,,,<na>,,,,,,,3887,all important fields empty,remove_incomplete_rows
,,,,,,,<na>,,,,,,,3890,all important fields empty,remove_incomplete_rows
,,,,,,,<na>,,,,,,,3891,all important fields empty,remove_incomplete_rows
,,,,,,,<na>,,,,,,,3894,all important fields empty,remove_incomplete_rows
,,,,,,,<na>,,,,,,,3895,all important fields empty,remove_incomplete_rows
,,,,,,,<na>,,,,,,,3898,all important fields empty,remove_incomplete_rows
,,,,,,,<na>,,,,,,,3899,all important fields empty,remove_incomplete_rows
,,,,,,,<na>,,,,,,,3902,all important fields empty,remove_incomplete_rows
,,,,,,,<na>,,,,,,,3903,all important fields empty,remove_incomplete_rows
,,,,,,,<na>,,,,,,,3906,all important fields empty,remove_incomplete_rows
,,,,,,,<na>,,,,,,,3907,all important fields empty,remove_incomplete_rows
,,,,,,,<na>,,,,,,,3910,all important fields empty,remove_incomplete_rows
,,,,,,,<na>,,,,,,,3911,all important fields empty,remove_incomplete_rows
,,,,,,,<na>,,,,,,,3914,all important fields empty,remove_incomplete_rows
,,,,,,,<na>,,,,,,,3915,all important fields empty,remove_incomplete_rows
,,,,,,,<na>,,,,,,,3918,all important fields empty,remove_incomplete_rows
,,,,,,,<na>,,,,,,,3919,all important fields empty,remove_incomplete_rows
,,,,,,,<na>,,,,,,,3922,all important fields empty,remove_incomplete_rows
,,,,,,,<na>,,,,,,,3923,all important fields empty,remove_incomplete_rows
,,,,,,,<na>,,,,,,,3927,all important fields empty,remove_incomplete_rows
,,,,,,,<na>,,,,,,,3928,all important fields empty,remove_incomplete_rows
,,,,,,,<na>,,,,,,,3931,all important fields empty,remove_incomplete_rows
,,,,,,,<na>,,,,,,,3932,all important fields empty,remove_incomplete_rows
,,,,,,,<na>,,,,,,,3935,all important fields empty,remove_incomplete_rows
,,,,,,,<na>,,,,,,,3936,all important fields empty,remove_incomplete_rows
,,,,,,,<na>,,,,,,,3939,all important fields empty,remove_incomplete_rows
,,,,,,,<na>,,,,,,,3940,all important fields empty,remove_incomplete_rows
,,,,,,,<na>,,,,,,,3944,all important fields empty,remove_incomplete_rows
,,,,,,,<na>,,,,,,,3945,all important fields empty,remove_incomplete_rows
,,,,,,,<na>,,,,,,,3949,all important fields empty,remove_incomplete_rows
,,,,,,,<na>,,,,,,,3950,all important fields empty,remove_incomplete_rows
,,,,,,,<na>,,,,,,,3954,all important fields empty,remove_incomplete_rows
,,,,,,,<na>,,,,,,,3955,all important fields empty,remove_incomplete_rows
,,,,,,,<na>,,,,,,,3958,all important fields empty,remove_incomplete_rows
,,,,,,,<na>,,,,,,,3959,all important fields empty,remove_incomplete_rows
,,,,,,,<na>,,,,,,,3963,all important fields empty,remove_incomplete_rows
,,,,,,,<na>,,,,,,,3964,all important fields empty,remove_incomplete_rows
,,,,,,,<na>,,,,,,,3968,all important fields empty,remove_incomplete_rows
,,,,,,,<na>,,,,,,,3969,all important fields empty,remove_incomplete_rows
,,,,,,,<na>,,,,,,,3972,all important fields empty,remove_incomplete_rows
,,,,,,,<na>,,,,,,,3973,all important fields empty,remove_incomplete_rows
,,,,,,,<na>,,,,,,,3992,all important fields empty,remove_incomplete_rows
,,,,,,,<na>,,,,,,,3993,all important fields empty,remove_incomplete_rows
,,,,,,,<na>,,,,,,,3996,all important fields empty,remove_incomplete_rows
,,,,,,,<na>,,,,,,,3997,all important fields empty,remove_incomplete_rows
,,,,,,,<na>,,,,,,,4000,all important fields empty,remove_incomplete_rows
,,,,,,,<na>,,,,,,,4001,all important fields empty,remove_incomplete_rows
,,,,,,,<na>,,,,,,,4004,all important fields empty,remove_incomplete_rows
,,,,,,,<na>,,,,,,,4005,all important fields empty,remove_incomplete_rows
,,,,,,,<na>,,,,,,,4008,all important fields empty,remove_incomplete_rows
,,,,,,,<na>,,,,,,,4009,all important fields empty,remove_incomplete_rows
,,,,,,,<na>,,,,,,,4012,all important fields empty,remove_incomplete_rows
,,,,,,,<na>,,,,,,,4013,all important fields empty,remove_incomplete_rows
,,,,,,,<na>,,,,,,,4017,all important fields empty,remove_incomplete_rows
,,,,,,,<na>,,,,,,,4018,all important fields empty,remove_incomplete_rows
,,,,,,,<na>,,,,,,,4021,all important fields empty,remove_incomplete_rows
,,,,,,,<na>,,,,,,,4022,all important fields empty,remove_incomplete_rows
,,,,,,,<na>,,,,,,,4025,all important fields empty,remove_incomplete_rows
,,,,,,,<na>,,,,,,,4026,all important fields empty,remove_incomplete_rows
,,,,,,,<na>,,,,,,,4032,all important fields empty,remove_incomplete_rows
,,,,,,,<na>,,,,,,,4033,all important fields empty,remove_incomplete_rows
,,,,,,,<na>,,,,,,,4036,all important fields empty,remove_incomplete_rows
,,,,,,,<na>,,,,,,,4037,all important fields empty,remove_incomplete_rows
,,,,,,,<na>,,,,,,,4040,all important fields empty,remove_incomplete_rows
,,,,,,,<na>,,,,,,,4041,all important fields empty,remove_incomplete_rows
,,,,,,,<na>,,,,,,,4044,all important fields empty,remove_incomplete_rows
,,,,,,,<na>,,,,,,,4045,all important fields empty,remove_incomplete_rows
,,,,,,,<na>,,,,,,,4050,all important fields empty,remove_incomplete_rows
,,,,,,,<na>,,,,,,,4051,all important fields empty,remove_incomplete_rows
,,,,,,,<na>,,,,,,,4054,all important fields empty,remove_incomplete_rows
,,,,,,,<na>,,,,,,,4055,all important fields empty,remove_incomplete_rows
,,,,,,,<na>,,,,,,,4058,all important fields empty,remove_incomplete_rows
,,,,,,,<na>,,,,,,,4059,all important fields empty,remove_incomplete_rows
,,,,,,,<na>,,,,,,,4064,all important fields empty,remove_incomplete_rows
,,,,,,,<na>,,,,,,,4065,all important fields empty,remove_incomplete_rows
,,,,,,,<na>,,,,,,,4070,all important fields empty,remove_incomplete_rows
,,,,,,,<na>,,,,,,,4071,all important fields empty,remove_incomplete_rows
,,,,,,,<na>,,,,,,,4075,all important fields empty,remove_incomplete_rows
,,,,,,,<na>,,,,,,,4076,all important fields empty,remove_incomplete_rows
,,,,,,,<na>,,,,,,,4080,all important fields empty,remove_incomplete_rows
,,,,,,,<na>,,,,,,,4081,all important fields empty,remove_incomplete_rows
,,,,,,,<na>,,,,,,,4084,all important fields empty,remove_incomplete_rows
,,,,,,,<na>,,,,,,,4085,all important fields empty,remove_incomplete_rows
,,,,,,,<na>,,,,,,,4088,all important fields empty,remove_incomplete_rows
,,,,,,,<na>,,,,,,,4089,all important fields empty,remove_incomplete_rows
,,,,,,,<na>,,,,,,,4093,all important fields empty,remove_incomplete_rows
,,,,,,,<na>,,,,,,,4094,all important fields empty,remove_incomplete_rows
,,,,,,,<na>,,,,,,,4098,all important fields empty,remove_incomplete_rows
,,,,,,,<na>,,,,,,,4099,all important fields empty,remove_incomplete_rows
,,,,,,,<na>,,,,,,,4102,all important fields empty,remove_incomplete_rows
,,,,,,,<na>,,,,,,,4103,all important fields empty,remove_incomplete_rows
,,,,,,,<na>,,,,,,,4107,all important fields empty,remove_incomplete_rows
,,,,,,,<na>,,,,,,,4108,all important fields empty,remove_incomplete_rows
,,,,,,,<na>,,,,,,,4111,all important fields empty,remove_incomplete_rows
,,,,,,,<na>,,,,,,,4112,all important fields empty,remove_incomplete_rows
,,,,,,,<na>,,,,,,,4117,all important fields empty,remove_incomplete_rows
,,,,,,,<na>,,,,,,,4118,all important fields empty,remove_incomplete_rows
,,,,,,,<na>,,,,,,,4122,all important fields empty,remove_incomplete_rows
,,,,,,,<na>,,,,,,,4123,all important fields empty,remove_incomplete_rows
,,,,,,,<na>,,,,,,,4127,all important fields empty,remove_incomplete_rows
,,,,,,,<na>,,,,,,,4128,all important fields empty,remove_incomplete_rows
,,,,,,,<na>,,,,,,,4131,all important fields empty,remove_incomplete_rows
,,,,,,,<na>,,,,,,,4132,all important fields empty,remove_incomplete_rows
,,,,,,,<na>,,,,,,,4135,all important fields empty,remove_incomplete_rows
,,,,,,,<na>,,,,,,,4136,all important fields empty,remove_incomplete_rows
,,,,,,,<na>,,,,,,,4142,all important fields empty,remove_incomplete_rows
,,,,,,,<na>,,,,,,,4143,all important fields empty,remove_incomplete_rows
,,,,,,,<na>,,,,,,,4147,all important fields empty,remove_incomplete_rows
,,,,,,,<na>,,,,,,,4148,all important fields empty,remove_incomplete_rows
,,,,,,,<na>,,,,,,,4151,all important fields empty,remove_incomplete_rows
,,,,,,,<na>,,,,,,,4152,all important fields empty,remove_incomplete_rows
,,,,,,,<na>,,,,,,,4156,all important fields empty,remove_incomplete_rows
,,,,,,,<na>,,,,,,,4157,all important fields empty,remove_incomplete_rows
,,,,,,,<na>,,,,,,,4160,all important fields empty,remove_incomplete_rows
,,,,,,,<na>,,,,,,,4161,all important fields empty,remove_incomplete_rows
,,,,,,,<na>,,,,,,,4164,all important fields empty,remove_incomplete_rows
,,,,,,,<na>,,,,,,,4165,all important fields empty,remove_incomplete_rows
,,,,,,,<na>,,,,,,,4169,all important fields empty,remove_incomplete_rows
,,,,,,,<na>,,,,,,,4170,all important fields empty,remove_incomplete_rows
,,,,,,,<na>,,,,,,,4173,all important fields empty,remove_incomplete_rows
,,,,,,,<na>,,,,,,,4174,all important fields empty,remove_incomplete_rows
,,,,,,,<na>,,,,,,,4178,all important fields empty,remove_incomplete_rows
,,,,,,,<na>,,,,,,,4179,all important fields empty,remove_incomplete_rows
,,,,,,,<na>,,,,,,,4182,all important fields empty,remove_incomplete_rows
,,,,,,,<na>,,,,,,,4183,all important fields empty,remove_incomplete_rows
,,,,,,,<na>,,,,,,,4187,all important fields empty,remove_incomplete_rows
,,,,,,,<na>,,,,,,,4188,all important fields empty,remove_incomplete_rows
,,,,,,,<na>,,,,,,,4192,all important fields empty,remove_incomplete_rows
,,,,,,,<na>,,,,,,,4193,all important fields empty,remove_incomplete_rows
,,,,,,,<na>,,,,,,,4196,all important fields empty,remove_incomplete_rows
,,,,,,,<na>,,,,,,,4197,all important fields empty,remove_incomplete_rows
,,,,,,,<na>,,,,,,,4200,all important fields empty,remove_incomplete_rows
,,,,,,,<na>,,,,,,,4201,all important fields empty,remove_incomplete_rows
,,,,,,,<na>,,,,,,,4205,all important fields empty,remove_incomplete_rows
,,,,,,,<na>,,,,,,,4206,all important fields empty,remove_incomplete_rows
,,,,,,,<na>,,,,,,,4209,all important fields empty,remove_incomplete_rows
,,,,,,,<na>,,,,,,,4210,all important fields empty,remove_incomplete_rows
,,,,,,,<na>,,,,,,,4214,all important fields empty,remove_incomplete_rows
,,,,,,,<na>,,,,,,,4215,all important fields empty,remove_incomplete_rows
,,,,,,,<na>,,,,,,,4218,all important fields empty,remove_incomplete_rows
,,,,,,,<na>,,,,,,,4219,all important fields empty,remove_incomplete_rows
,,,,,,,<na>,,,,,,,4222,all important fields empty,remove_incomplete_rows
,,,,,,,<na>,,,,,,,4223,all important fields empty,remove_incomplete_rows
,,,,,,,<na>,,,,,,,4226,all important fields empty,remove_incomplete_rows
,,,,,,,<na>,,,,,,,4227,all important fields empty,remove_incomplete_rows
,,,,,,,<na>,,,,,,,4231,all important fields empty,remove_incomplete_rows
,,,,,,,<na>,,,,,,,4232,all important fields empty,remove_incomplete_rows
,,,,,,,<na>,,,,,,,4235,all important fields empty,remove_incomplete_rows
,,,,,,,<na>,,,,,,,4236,all important fields empty,remove_incomplete_rows
,,,,,,,<na>,,,,,,,4239,all important fields empty,remove_incomplete_rows
,,,,,,,<na>,,,,,,,4240,all important fields empty,remove_incomplete_rows
,,,,,,,<na>,,,,,,,4244,all important fields empty,remove_incomplete_rows
,,,,,,,<na>,,,,,,,4245,all important fields empty,remove_incomplete_rows
,,,,,,,<na>,,,,,,,4248,all important fields empty,remove_incomplete_rows
,,,,,,,<na>,,,,,,,4249,all important fields empty,remove_incomplete_rows
,,,,,,,<na>,,,,,,,4252,all important fields empty,remove_incomplete_rows
,,,,,,,<na>,,,,,,,4253,all important fields empty,remove_incomplete_rows
,,,,,,,<na>,,,,,,,4258,all important fields empty,remove_incomplete_rows
,,,,,,,<na>,,,,,,,4259,all important fields empty,remove_incomplete_rows
,,,,,,,<na>,,,,,,,4262,all important fields empty,remove_incomplete_rows
,,,,,,,<na>,,,,,,,4263,all important fields empty,remove_incomplete_rows
,,,,,,,<na>,,,,,,,4266,all important fields empty,remove_incomplete_rows
,,,,,,,<na>,,,,,,,4267,all important fields empty,remove_incomplete_rows
,,,,,,,<na>,,,,,,,4270,all important fields empty,remove_incomplete_rows
,,,,,,,<na>,,,,,,,4271,all important fields empty,remove_incomplete_rows
,,,,,,,<na>,,,,,,,4276,all important fields empty,remove_incomplete_rows
,,,,,,,<na>,,,,,,,4277,all important fields empty,remove_incomplete_rows
,,,,,,,<na>,,,,,,,4281,all important fields empty,remove_incomplete_rows
,,,,,,,<na>,,,,,,,4282,all important fields empty,remove_incomplete_rows
,,,,,,,<na>,,,,,,,4287,all important fields empty,remove_incomplete_rows
,,,,,,,<na>,,,,,,,4288,all important fields empty,remove_incomplete_rows
,,,,,,,<na>,,,,,,,4291,all important fields empty,remove_incomplete_rows
,,,,,,,<na>,,,,,,,4292,all important fields empty,remove_incomplete_rows
,,,,,,,<na>,,,,,,,4295,all important fields empty,remove_incomplete_rows
,,,,,,,<na>,,,,,,,4296,all important fields empty,remove_incomplete_rows
,,,,,,,<na>,,,,,,,4300,all important fields empty,remove_incomplete_rows
,,,,,,,<na>,,,,,,,4301,all important fields empty,remove_incomplete_rows
,,,,,,,<na>,,,,,,,4309,all important fields empty,remove_incomplete_rows
,,,,,,,<na>,,,,,,,4310,all important fields empty,remove_incomplete_rows
,,,,,,,<na>,,,,,,,4313,all important fields empty,remove_incomplete_rows
,,,,,,,<na>,,,,,,,4314,all important fields empty,remove_incomplete_rows
,,,,,,,<na>,,,,,,,4317,all important fields empty,remove_incomplete_rows
,,,,,,,<na>,,,,,,,4318,all important fields empty,remove_incomplete_rows
,,,,,,,<na>,,,,,,,4321,all important fields empty,remove_incomplete_rows
,,,,,,,<na>,,,,,,,4322,all important fields empty,remove_incomplete_rows
,,,,,,,<na>,,,,,,,4327,all important fields empty,remove_incomplete_rows
,,,,,,,<na>,,,,,,,4328,all important fields empty,remove_incomplete_rows
,,,,,,,<na>,,,,,,,4332,all important fields empty,remove_incomplete_rows
,,,,,,,<na>,,,,,,,4333,all important fields empty,remove_incomplete_rows
,,,,,,,<na>,,,,,,,4336,all important fields empty,remove_incomplete_rows
,,,,,,,<na>,,,,,,,4337,all important fields empty,remove_incomplete_rows
,,,,,,,<na>,,,,,,,4340,all important fields empty,remove_incomplete_rows
,,,,,,,<na>,,,,,,,4341,all important fields empty,remove_incomplete_rows
,,,,,,,<na>,,,,,,,4344,all important fields empty,remove_incomplete_rows
,,,,,,,<na>,,,,,,,4345,all important fields empty,remove_incomplete_rows
,,,,,,,<na>,,,,,,,4348,all important fields empty,remove_incomplete_rows
,,,,,,,<na>,,,,,,,4349,all important fields empty,remove_incomplete_rows
,,,,,,,<na>,,,,,,,4352,all important fields empty,remove_incomplete_rows
,,,,,,,<na>,,,,,,,4353,all important fields empty,remove_incomplete_rows
,,,,,,,<na>,,,,,,,4356,all important fields empty,remove_incomplete_rows
,,,,,,,<na>,,,,,,,4357,all important fields empty,remove_incomplete_rows
,,,,,,,<na>,,,,,,,4361,all important fields empty,remove_incomplete_rows
,,,,,,,<na>,,,,,,,4362,all important fields empty,remove_incomplete_rows
,,,,,,,<na>,,,,,,,4365,all important fields empty,remove_incomplete_rows
,,,,,,,<na>,,,,,,,4366,all important fields empty,remove_incomplete_rows
,,,,,,,<na>,,,,,,,4369,all important fields empty,remove_incomplete_rows
,,,,,,,<na>,,,,,,,4370,all important fields empty,remove_incomplete_rows
,,,,,,,<na>,,,,,,,4374,all important fields empty,remove_incomplete_rows
,,,,,,,<na>,,,,,,,4375,all important fields empty,remove_incomplete_rows
,,,,,,,<na>,,,,,,,4380,all important fields empty,remove_incomplete_rows
,,,,,,,<na>,,,,,,,4381,all important fields empty,remove_incomplete_rows
,,,,,,,<na>,,,,,,,4384,all important fields empty,remove_incomplete_rows
,,,,,,,<na>,,,,,,,4385,all important fields empty,remove_incomplete_rows
,,,,,,,<na>,,,,,,,4389,all important fields empty,remove_incomplete_rows
,,,,,,,<na>,,,,,,,4390,all important fields empty,remove_incomplete_rows
,,,,,,,<na>,,,,,,,4393,all important fields empty,remove_incomplete_rows
,,,,,,,<na>,,,,,,,4394,all important fields empty,remove_incomplete_rows
,,,,,,,<na>,,,,,,,4397,all important fields empty,remove_incomplete_rows
,,,,,,,<na>,,,,,,,4398,all important fields empty,remove_incomplete_rows
,,,,,,,<na>,,,,,,,4403,all important fields empty,remove_incomplete_rows
,,,,,,,<na>,,,,,,,4404,all important fields empty,remove_incomplete_rows
,,,,,,,<na>,,,,,,,4410,all important fields empty,remove_incomplete_rows
,,,,,,,<na>,,,,,,,4411,all important fields empty,remove_incomplete_rows
,,,,,,,<na>,,,,,,,4415,all important fields empty,remove_incomplete_rows
,,,,,,,<na>,,,,,,,4416,all important fields empty,remove_incomplete_rows
,,,,,,,<na>,,,,,,,4419,all important fields empty,remove_incomplete_rows
,,,,,,,<na>,,,,,,,4420,all important fields empty,remove_incomplete_rows
,,,,,,,<na>,,,,,,,4423,all important fields empty,remove_incomplete_rows
,,,,,,,<na>,,,,,,,4424,all important fields empty,remove_incomplete_rows
,,,,,,,<na>,,,,,,,4427,all important fields empty,remove_incomplete_rows
,,,,,,,<na>,,,,,,,4428,all important fields empty,remove_incomplete_rows
,,,,,,,<na>,,,,,,,4433,all important fields empty,remove_incomplete_rows
,,,,,,,<na>,,,,,,,4434,all important fields empty,remove_incomplete_rows
,,,,,,,<na>,,,,,,,4437,all important fields empty,remove_incomplete_rows
,,,,,,,<na>,,,,,,,4438,all important fields empty,remove_incomplete_rows
,,,,,,,<na>,,,,,,,4442,all important fields empty,remove_incomplete_rows
,,,,,,,<na>,,,,,,,4443,all important fields empty,remove_incomplete_rows
,,,,,,,<na>,,,,,,,4447,all important fields empty,remove_incomplete_rows
,,,,,,,<na>,,,,,,,4448,all important fields empty,remove_incomplete_rows
,,,,,,,<na>,,,,,,,4458,all important fields empty,remove_incomplete_rows
,,,,,,,<na>,,,,,,,4459,all important fields empty,remove_incomplete_rows
,,,,,,,<na>,,,,,,,4462,all important fields empty,remove_incomplete_rows
,,,,,,,<na>,,,,,,,4463,all important fields empty,remove_incomplete_rows
,,,,,,,<na>,,,,,,,4467,all important fields empty,remove_incomplete_rows
,,,,,,,<na>,,,,,,,4468,all important fields empty,remove_incomplete_rows
,,,,,,,<na>,,,,,,,4471,all important fields empty,remove_incomplete_rows
,,,,,,,<na>,,,,,,,4472,all important fields empty,remove_incomplete_rows
,,,,,,,<na>,,,,,,,4477,all important fields empty,remove_incomplete_rows
,,,,,,,<na>,,,,,,,4478,all important fields empty,remove_incomplete_rows
,,,,,,,<na>,,,,,,,4486,all important fields empty,remove_incomplete_rows
,,,,,,,<na>,,,,,,,4487,all important fields empty,remove_incomplete_rows
,,,,,,,<na>,,,,,,,4492,all important fields empty,remove_incomplete_rows
,,,,,,,<na>,,,,,,,4493,all important fields empty,remove_incomplete_rows
,,,,,,,<na>,,,,,,,4496,all important fields empty,remove_incomplete_rows
,,,,,,,<na>,,,,,,,4497,all important fields empty,remove_incomplete_rows
,,,,,,,<na>,,,,,,,4500,all important fields empty,remove_incomplete_rows
,,,,,,,<na>,,,,,,,4501,all important fields empty,remove_incomplete_rows
,,,,,,,<na>,,,,,,,4505,all important fields empty,remove_incomplete_rows
,,,,,,,<na>,,,,,,,4506,all important fields empty,remove_incomplete_rows
,,,,,,,<na>,,,,,,,4512,all important fields empty,remove_incomplete_rows
,,,,,,,<na>,,,,,,,4513,all important fields empty,remove_incomplete_rows
,,,,,,,<na>,,,,,,,4519,all important fields empty,remove_incomplete_rows
,,,,,,,<na>,,,,,,,4520,all important fields empty,remove_incomplete_rows
,,,,,,,<na>,,,,,,,4523,all important fields empty,remove_incomplete_rows
,,,,,,,<na>,,,,,,,4524,all important fields empty,remove_incomplete_rows
,,,,,,,<na>,,,,,,,4527,all important fields empty,remove_incomplete_rows
,,,,,,,<na>,,,,,,,4528,all important fields empty,remove_incomplete_rows
,,,,,,,<na>,,,,,,,4532,all important fields empty,remove_incomplete_rows
,,,,,,,<na>,,,,,,,4533,all important fields empty,remove_incomplete_rows
,,,,,,,<na>,,,,,,,4538,all important fields empty,remove_incomplete_rows
,,,,,,,<na>,,,,,,,4539,all important fields empty,remove_incomplete_rows
,,,,,,,<na>,,,,,,,4542,all important fields empty,remove_incomplete_rows
,,,,,,,<na>,,,,,,,4543,all important fields empty,remove_incomplete_rows
,,,,,,,<na>,,,,,,,4547,all important fields empty,remove_incomplete_rows
,,,,,,,<na>,,,,,,,4548,all important fields empty,remove_incomplete_rows
,,,,,,,<na>,,,,,,,4551,all important fields empty,remove_incomplete_rows
,,,,,,,<na>,,,,,,,4552,all important fields empty,remove_incomplete_rows
,,,,,,,<na>,,,,,,,4555,all important fields empty,remove_incomplete_rows
,,,,,,,<na>,,,,,,,4556,all important fields empty,remove_incomplete_rows
,,,,,,,<na>,,,,,,,4560,all important fields empty,remove_incomplete_rows
,,,,,,,<na>,,,,,,,4561,all important fields empty,remove_incomplete_rows
,,,,,,,<na>,,,,,,,4564,all important fields empty,remove_incomplete_rows
,,,,,,,<na>,,,,,,,4565,all important fields empty,remove_incomplete_rows
,,,,,,,<na>,,,,,,,4568,all important fields empty,remove_incomplete_rows
,,,,,,,<na>,,,,,,,4569,all important fields empty,remove_incomplete_rows
,,,,,,,<na>,,,,,,,4572,all important fields empty,remove_incomplete_rows
,,,,,,,<na>,,,,,,,4573,all important fields empty,remove_incomplete_rows
,,,,,,,<na>,,,,,,,4576,all important fields empty,remove_incomplete_rows
,,,,,,,<na>,,,,,,,4577,all important fields empty,remove_incomplete_rows
,,,,,,,<na>,,,,,,,4581,all important fields empty,remove_incomplete_rows
,,,,,,,<na>,,,,,,,4582,all important fields empty,remove_incomplete_rows
,,,,,,,<na>,,,,,,,4586,all important fields empty,remove_incomplete_rows
,,,,,,,<na>,,,,,,,4587,all important fields empty,remove_incomplete_rows
,,,,,,,<na>,,,,,,,4591,all important fields empty,remove_incomplete_rows
,,,,,,,<na>,,,,,,,4592,all important fields empty,remove_incomplete_rows
,,,,,,,<na>,,,,,,,4595,all important fields empty,remove_incomplete_rows
,,,,,,,<na>,,,,,,,4596,all important fields empty,remove_incomplete_rows
,,,,,,,<na>,,,,,,,4599,all important fields empty,remove_incomplete_rows
,,,,,,,<na>,,,,,,,4600,all important fields empty,remove_incomplete_rows
,,,,,,,<na>,,,,,,,4605,all important fields empty,remove_incomplete_rows
,,,,,,,<na>,,,,,,,4606,all important fields empty,remove_incomplete_rows
,,,,,,,<na>,,,,,,,4609,all important fields empty,remove_incomplete_rows
,,,,,,,<na>,,,,,,,4610,all important fields empty,remove_incomplete_rows
,,,,,,,<na>,,,,,,,4613,all important fields empty,remove_incomplete_rows
,,,,,,,<na>,,,,,,,4614,all important fields empty,remove_incomplete_rows
,,,,,,,<na>,,,,,,,4617,all important fields empty,remove_incomplete_rows
,,,,,,,<na>,,,,,,,4618,all important fields empty,remove_incomplete_rows
,,,,,,,<na>,,,,,,,4622,all important fields empty,remove_incomplete_rows
,,,,,,,<na>,,,,,,,4623,all important fields empty,remove_incomplete_rows
,,,,,,,<na>,,,,,,,4627,all important fields empty,remove_incomplete_rows
,,,,,,,<na>,,,,,,,4628,all important fields empty,remove_incomplete_rows
,,,,,,,<na>,,,,,,,4634,all important fields empty,remove_incomplete_rows
,,,,,,,<na>,,,,,,,4635,all important fields empty,remove_incomplete_rows
,,,,,,,<na>,,,,,,,4638,all important fields empty,remove_incomplete_rows
,,,,,,,<na>,,,,,,,4639,all important fields empty,remove_incomplete_rows
,,,,,,,<na>,,,,,,,4642,all important fields empty,remove_incomplete_rows
,,,,,,,<na>,,,,,,,4643,all important fields empty,remove_incomplete_rows
,,,,,,,<na>,,,,,,,4646,all important fields empty,remove_incomplete_rows
,,,,,,,<na>,,,,,,,4647,all important fields empty,remove_incomplete_rows
,,,,,,,<na>,,,,,,,4650,all important fields empty,remove_incomplete_rows
,,,,,,,<na>,,,,,,,4651,all important fields empty,remove_incomplete_rows
,,,,,,,<na>,,,,,,,4656,all important fields empty,remove_incomplete_rows
,,,,,,,<na>,,,,,,,4657,all important fields empty,remove_incomplete_rows
,,,,,,,<na>,,,,,,,4661,all important fields empty,remove_incomplete_rows
,,,,,,,<na>,,,,,,,4662,all important fields empty,remove_incomplete_rows
,,,,,,,<na>,,,,,,,4665,all important fields empty,remove_incomplete_rows
,,,,,,,<na>,,,,,,,4666,all important fields empty,remove_incomplete_rows
,,,,,,,<na>,,,,,,,4671,all important fields empty,remove_incomplete_rows
,,,,,,,<na>,,,,,,,4672,all important fields empty,remove_incomplete_rows
,,,,,,,<na>,,,,,,,4675,all important fields empty,remove_incomplete_rows
,,,,,,,<na>,,,,,,,4676,all important fields empty,remove_incomplete_rows
,,,,,,,<na>,,,,,,,4679,all important fields empty,remove_incomplete_rows
,,,,,,,<na>,,,,,,,4680,all important fields empty,remove_incomplete_rows
,,,,,,,<na>,,,,,,,4683,all important fields empty,remove_incomplete_rows
,,,,,,,<na>,,,,,,,4684,all important fields empty,remove_incomplete_rows
,,,,,,,<na>,,,,,,,4687,all important fields empty,remove_incomplete_rows
,,,,,,,<na>,,,,,,,4688,all important fields empty,remove_incomplete_rows
,,,,,,,<na>,,,,,,,4692,all important fields empty,remove_incomplete_rows
,,,,,,,<na>,,,,,,,4693,all important fields empty,remove_incomplete_rows
,,,,,,,<na>,,,,,,,4699,all important fields empty,remove_incomplete_rows
,,,,,,,<na>,,,,,,,4700,all important fields empty,remove_incomplete_rows
,,,,,,,<na>,,,,,,,4703,all important fields empty,remove_incomplete_rows
,,,,,,,<na>,,,,,,,4704,all important fields empty,remove_incomplete_rows
,,,,,,,<na>,,,,,,,4707,all important fields empty,remove_incomplete_rows
,,,,,,,<na>,,,,,,,4708,all important fields empty,remove_incomplete_rows
,,,,,,,<na>,,,,,,,4711,all important fields empty,remove_incomplete_rows
,,,,,,,<na>,,,,,,,4712,all important fields empty,remove_incomplete_rows
,,,,,,,<na>,,,,,,,4715,all important fields empty,remove_incomplete_rows
,,,,,,,<na>,,,,,,,4716,all important fields empty,remove_incomplete_rows
,,,,,,,<na>,,,,,,,4722,all important fields empty,remove_incomplete_rows
,,,,,,,<na>,,,,,,,4723,all important fields empty,remove_incomplete_rows
,,,,,,,<na>,,,,,,,4729,all important fields empty,remove_incomplete_rows
,,,,,,,<na>,,,,,,,4730,all important fields empty,remove_incomplete_rows
,,,,,,,<na>,,,,,,,4736,all important fields empty,remove_incomplete_rows
,,,,,,,<na>,,,,,,,4737,all important fields empty,remove_incomplete_rows
,,,,,,,<na>,,,,,,,4740,all important fields empty,remove_incomplete_rows
,,,,,,,<na>,,,,,,,4741,all important fields empty,remove_incomplete_rows
,,,,,,,<na>,,,,,,,4746,all important fields empty,remove_incomplete_rows
,,,,,,,<na>,,,,,,,4747,all important fields empty,remove_incomplete_rows
,,,,,,,<na>,,,,,,,4750,all important fields empty,remove_incomplete_rows
,,,,,,,<na>,,,,,,,4751,all important fields empty,remove_incomplete_rows
,,,,,,,<na>,,,,,,,4754,all important fields empty,remove_incomplete_rows
,,,,,,,<na>,,,,,,,4755,all important fields empty,remove_incomplete_rows
,,,,,,,<na>,,,,,,,4758,all important fields empty,remove_incomplete_rows
,,,,,,,<na>,,,,,,,4759,all important fields empty,remove_incomplete_rows
,,,,,,,<na>,,,,,,,4762,all important fields empty,remove_incomplete_rows
,,,,,,,<na>,,,,,,,4763,all important fields empty,remove_incomplete_rows
,,,,,,,<na>,,,,,,,4767,all important fields empty,remove_incomplete_rows
,,,,,,,<na>,,,,,,,4768,all important fields empty,remove_incomplete_rows
,,,,,,,<na>,,,,,,,4782,all important fields empty,remove_incomplete_rows
,,,,,,,<na>,,,,,,,4783,all important fields empty,remove_incomplete_rows
,,,,,,,<na>,,,,,,,4787,all important fields empty,remove_incomplete_rows
,,,,,,,<na>,,,,,,,4788,all important fields empty,remove_incomplete_rows
,,,,,,,<na>,,,,,,,4793,all important fields empty,remove_incomplete_rows
,,,,,,,<na>,,,,,,,4794,all important fields empty,remove_incomplete_rows
,,,,,,,<na>,,,,,,,4798,all important fields empty,remove_incomplete_rows
,,,,,,,<na>,,,,,,,4799,all important fields empty,remove_incomplete_rows
,,,,,,,<na>,,,,,,,4804,all important fields empty,remove_incomplete_rows
,,,,,,,<na>,,,,,,,4805,all important fields empty,remove_incomplete_rows
,,,,,,,<na>,,,,,,,4808,all important fields empty,remove_incomplete_rows
,,,,,,,<na>,,,,,,,4809,all important fields empty,remove_incomplete_rows
,,,,,,,<na>,,,,,,,4812,all important fields empty,remove_incomplete_rows
,,,,,,,<na>,,,,,,,4813,all important fields empty,remove_incomplete_rows
,,,,,,,<na>,,,,,,,4816,all important fields empty,remove_incomplete_rows
,,,,,,,<na>,,,,,,,4817,all important fields empty,remove_incomplete_rows
,,,,,,,<na>,,,,,,,4821,all important fields empty,remove_incomplete_rows
,,,,,,,<na>,,,,,,,4822,all important fields empty,remove_incomplete_rows
,,,,,,,<na>,,,,,,,4825,all important fields empty,remove_incomplete_rows
,,,,,,,<na>,,,,,,,4826,all important fields empty,remove_incomplete_rows
,,,,,,,<na>,,,,,,,4829,all important fields empty,remove_incomplete_rows
,,,,,,,<na>,,,,,,,4830,all important fields empty,remove_incomplete_rows
,,,,,,,<na>,,,,,,,4834,all important fields empty,remove_incomplete_rows
,,,,,,,<na>,,,,,,,4835,all important fields empty,remove_incomplete_rows
,,,,,,,<na>,,,,,,,4838,all important fields empty,remove_incomplete_rows
,,,,,,,<na>,,,,,,,4839,all important fields empty,remove_incomplete_rows
,,,,,,,<na>,,,,,,,4842,all important fields empty,remove_incomplete_rows
,,,,,,,<na>,,,,,,,4843,all important fields empty,remove_incomplete_rows
,,,,,,,<na>,,,,,,,4846,all important fields empty,remove_incomplete_rows
,,,,,,,<na>,,,,,,,4847,all important fields empty,remove_incomplete_rows
,,,,,,,<na>,,,,,,,4850,all important fields empty,remove_incomplete_rows
,,,,,,,<na>,,,,,,,4851,all important fields empty,remove_incomplete_rows
,,,,,,,<na>,,,,,,,4855,all important fields empty,remove_incomplete_rows
,,,,,,,<na>,,,,,,,4856,all important fields empty,remove_incomplete_rows
,,,,,,,<na>,,,,,,,4859,all important fields empty,remove_incomplete_rows
,,,,,,,<na>,,,,,,,4860,all important fields empty,remove_incomplete_rows
,,,,,,,<na>,,,,,,,4863,all important fields empty,remove_incomplete_rows
,,,,,,,<na>,,,,,,,4864,all important fields empty,remove_incomplete_rows
,,,,,,,<na>,,,,,,,4869,all important fields empty,remove_incomplete_rows
,,,,,,,<na>,,,,,,,4870,all important fields empty,remove_incomplete_rows
,,,,,,,<na>,,,,,,,4873,all important fields empty,remove_incomplete_rows
,,,,,,,<na>,,,,,,,4874,all important fields empty,remove_incomplete_rows
,,,,,,,<na>,,,,,,,4877,all important fields empty,remove_incomplete_rows
,,,,,,,<na>,,,,,,,4878,all important fields empty,remove_incomplete_rows
,,,,,,,<na>,,,,,,,4881,all important fields empty,remove_incomplete_rows
,,,,,,,<na>,,,,,,,4882,all important fields empty,remove_incomplete_rows
,,,,,,,<na>,,,,,,,4885,all important fields empty,remove_incomplete_rows
,,,,,,,<na>,,,,,,,4886,all important fields empty,remove_incomplete_rows
,,,,,,,<na>,,,,,,,4889,all important fields empty,remove_incomplete_rows
,,,,,,,<na>,,,,,,,4890,all important fields empty,remove_incomplete_rows
,,,,,,,<na>,,,,,,,4894,all important fields empty,remove_incomplete_rows
,,,,,,,<na>,,,,,,,4895,all important fields empty,remove_incomplete_rows
,,,,,,,<na>,,,,,,,4903,all important fields empty,remove_incomplete_rows
,,,,,,,<na>,,,,,,,4904,all important fields empty,remove_incomplete_rows
,,,,,,,<na>,,,,,,,4912,all important fields empty,remove_incomplete_rows
,,,,,,,<na>,,,,,,,4913,all important fields empty,remove_incomplete_rows
,,,,,,,<na>,,,,,,,4916,all important fields empty,remove_incomplete_rows
,,,,,,,<na>,,,,,,,4917,all important fields empty,remove_incomplete_rows
,,,,,,,<na>,,,,,,,4920,all important fields empty,remove_incomplete_rows
,,,,,,,<na>,,,,,,,4921,all important fields empty,remove_incomplete_rows
,,,,,,,<na>,,,,,,,4926,all important fields empty,remove_incomplete_rows
,,,,,,,<na>,,,,,,,4927,all important fields empty,remove_incomplete_rows
,,,,,,,<na>,,,,,,,4932,all important fields empty,remove_incomplete_rows
,,,,,,,<na>,,,,,,,4933,all important fields empty,remove_incomplete_rows
,,,,,,,<na>,,,,,,,4936,all important fields empty,remove_incomplete_rows
,,,,,,,<na>,,,,,,,4937,all important fields empty,remove_incomplete_rows
,,,,,,,<na>,,,,,,,4940,all important fields empty,remove_incomplete_rows
,,,,,,,<na>,,,,,,,4941,all important fields empty,remove_incomplete_rows
,,,,,,,<na>,,,,,,,4945,all important fields empty,remove_incomplete_rows
,,,,,,,<na>,,,,,,,4946,all important fields empty,remove_incomplete_rows
,,,,,,,<na>,,,,,,,4950,all important fields empty,remove_incomplete_rows
,,,,,,,<na>,,,,,,,4951,all important fields empty,remove_incomplete_rows
,,,,,,,<na>,,,,,,,4954,all important fields empty,remove_incomplete_rows
,,,,,,,<na>,,,,,,,4955,all important fields empty,remove_incomplete_rows
,,,,,,,<na>,,,,,,,4962,all important fields empty,remove_incomplete_rows
,,,,,,,<na>,,,,,,,4963,all important fields empty,remove_incomplete_rows
,,,,,,,<na>,,,,,,,4966,all important fields empty,remove_incomplete_rows
,,,,,,,<na>,,,,,,,4967,all important fields empty,remove_incomplete_rows
,,,,,,,<na>,,,,,,,4970,all important fields empty,remove_incomplete_rows
,,,,,,,<na>,,,,,,,4971,all important fields empty,remove_incomplete_rows
,,,,,,,<na>,,,,,,,4974,all important fields empty,remove_incomplete_rows
,,,,,,,<na>,,,,,,,4975,all important fields empty,remove_incomplete_rows
,,,,,,,<na>,,,,,,,4979,all important fields empty,remove_incomplete_rows
,,,,,,,<na>,,,,,,,4980,all important fields empty,remove_incomplete_rows
,,,,,,,<na>,,,,,,,4983,all important fields empty,remove_incomplete_rows
,,,,,,,<na>,,,,,,,4984,all important fields empty,remove_incomplete_rows
,,,,,,,<na>,,,,,,,4987,all important fields empty,remove_incomplete_rows
,,,,,,,<na>,,,,,,,4988,all important fields empty,remove_incomplete_rows
,,,,,,,<na>,,,,,,,4993,all important fields empty,remove_incomplete_rows
,,,,,,,<na>,,,,,,,4994,all important fields empty,remove_incomplete_rows
,,,,,,,<na>,,,,,,,5001,all important fields empty,remove_incomplete_rows
,,,,,,,<na>,,,,,,,5002,all important fields empty,remove_incomplete_rows
,,,,,,,<na>,,,,,,,5005,all important fields empty,remove_incomplete_rows
,,,,,,,<na>,,,,,,,5006,all important fields empty,remove_incomplete_rows
,,,,,,,<na>,,,,,,,5009,all important fields empty,remove_incomplete_rows
,,,,,,,<na>,,,,,,,5010,all important fields empty,remove_incomplete_rows
,,,,,,,<na>,,,,,,,5015,all important fields empty,remove_incomplete_rows
,,,,,,,<na>,,,,,,,5016,all important fields empty,remove_incomplete_rows
,,,,,,,<na>,,,,,,,5019,all important fields empty,remove_incomplete_rows
,,,,,,,<na>,,,,,,,5020,all important fields empty,remove_incomplete_rows
,,,,,,,<na>,,,,,,,5023,all important fields empty,remove_incomplete_rows
,,,,,,,<na>,,,,,,,5024,all important fields empty,remove_incomplete_rows
,,,,,,,<na>,,,,,,,5027,all important fields empty,remove_incomplete_rows
,,,,,,,<na>,,,,,,,5028,all important fields empty,remove_incomplete_rows
,,,,,,,<na>,,,,,,,5031,all important fields empty,remove_incomplete_rows
,,,,,,,<na>,,,,,,,5032,all important fields empty,remove_incomplete_rows
,,,,,,,<na>,,,,,,,5035,all important fields empty,remove_incomplete_rows
,,,,,,,<na>,,,,,,,5036,all important fields empty,remove_incomplete_rows
,,,,,,,<na>,,,,,,,5039,all important fields empty,remove_incomplete_rows
,,,,,,,<na>,,,,,,,5040,all important fields empty,remove_incomplete_rows
,,,,,,,<na>,,,,,,,5046,all important fields empty,remove_incomplete_rows
,,,,,,,<na>,,,,,,,5047,all important fields empty,remove_incomplete_rows
,,,,,,,<na>,,,,,,,5050,all important fields empty,remove_incomplete_rows
,,,,,,,<na>,,,,,,,5051,all important fields empty,remove_incomplete_rows
,,,,,,,<na>,,,,,,,5054,all important fields empty,remove_incomplete_rows
,,,,,,,<na>,,,,,,,5055,all important fields empty,remove_incomplete_rows
,,,,,,,<na>,,,,,,,5059,all important fields empty,remove_incomplete_rows
,,,,,,,<na>,,,,,,,5060,all important fields empty,remove_incomplete_rows
,,,,,,,<na>,,,,,,,5063,all important fields empty,remove_incomplete_rows
,,,,,,,<na>,,,,,,,5064,all important fields empty,remove_incomplete_rows
,,,,,,,<na>,,,,,,,5067,all important fields empty,remove_incomplete_rows
,,,,,,,<na>,,,,,,,5068,all important fields empty,remove_incomplete_rows
,,,,,,,<na>,,,,,,,5071,all important fields empty,remove_incomplete_rows
,,,,,,,<na>,,,,,,,5072,all important fields empty,remove_incomplete_rows
,,,,,,,<na>,,,,,,,5077,all important fields empty,remove_incomplete_rows
,,,,,,,<na>,,,,,,,5078,all important fields empty,remove_incomplete_rows
,,,,,,,<na>,,,,,,,5081,all important fields empty,remove_incomplete_rows
,,,,,,,<na>,,,,,,,5082,all important fields empty,remove_incomplete_rows
,,,,,,,<na>,,,,,,,5085,all important fields empty,remove_incomplete_rows
,,,,,,,<na>,,,,,,,5086,all important fields empty,remove_incomplete_rows
,,,,,,,<na>,,,,,,,5089,all important fields empty,remove_incomplete_rows
,,,,,,,<na>,,,,,,,5090,all important fields empty,remove_incomplete_rows
,,,,,,,<na>,,,,,,,5093,all important fields empty,remove_incomplete_rows
,,,,,,,<na>,,,,,,,5094,all important fields empty,remove_incomplete_rows
,,,,,,,<na>,,,,,,,5097,all important fields empty,remove_incomplete_rows
,,,,,,,<na>,,,,,,,5098,all important fields empty,remove_incomplete_rows
,,,,,,,<na>,,,,,,,5101,all important fields empty,remove_incomplete_rows
,,,,,,,<na>,,,,,,,5102,all important fields empty,remove_incomplete_rows
,,,,,,,<na>,,,,,,,5105,all important fields empty,remove_incomplete_rows
,,,,,,,<na>,,,,,,,5106,all important fields empty,remove_incomplete_rows
,,,,,,,<na>,,,,,,,5110,all important fields empty,remove_incomplete_rows
,,,,,,,<na>,,,,,,,5111,all important fields empty,remove_incomplete_rows
,,,,,,,<na>,,,,,,,5114,all important fields empty,remove_incomplete_rows
,,,,,,,<na>,,,,,,,5115,all important fields empty,remove_incomplete_rows
,,,,,,,<na>,,,,,,,5118,all important fields empty,remove_incomplete_rows
,,,,,,,<na>,,,,,,,5119,all important fields empty,remove_incomplete_rows
,,,,,,,<na>,,,,,,,5125,all important fields empty,remove_incomplete_rows
,,,,,,,<na>,,,,,,,5126,all important fields empty,remove_incomplete_rows
,,,,,,,<na>,,,,,,,5130,all important fields empty,remove_incomplete_rows
,,,,,,,<na>,,,,,,,5131,all important fields empty,remove_incomplete_rows
,,,,,,,<na>,,,,,,,5134,all important fields empty,remove_incomplete_rows
,,,,,,,<na>,,,,,,,5135,all important fields empty,remove_incomplete_rows
,,,,,,,<na>,,,,,,,5138,all important fields empty,remove_incomplete_rows
,,,,,,,<na>,,,,,,,5139,all important fields empty,remove_incomplete_rows
,,,,,,,<na>,,,,,,,5143,all important fields empty,remove_incomplete_rows
,,,,,,,<na>,,,,,,,5144,all important fields empty,remove_incomplete_rows
,,,,,,,<na>,,,,,,,5149,all important fields empty,remove_incomplete_rows
,,,,,,,<na>,,,,,,,5150,all important fields empty,remove_incomplete_rows
,,,,,,,<na>,,,,,,,5154,all important fields empty,remove_incomplete_rows
,,,,,,,<na>,,,,,,,5155,all important fields empty,remove_incomplete_rows
,,,,,,,<na>,,,,,,,5158,all important fields empty,remove_incomplete_rows
,,,,,,,<na>,,,,,,,5159,all important fields empty,remove_incomplete_rows
,,,,,,,<na>,,,,,,,5162,all important fields empty,remove_incomplete_rows
,,,,,,,<na>,,,,,,,5163,all important fields empty,remove_incomplete_rows
,,,,,,,<na>,,,,,,,5166,all important fields empty,remove_incomplete_rows
,,,,,,,<na>,,,,,,,5167,all important fields empty,remove_incomplete_rows
,,,,,,,<na>,,,,,,,5171,all important fields empty,remove_incomplete_rows
,,,,,,,<na>,,,,,,,5172,all important fields empty,remove_incomplete_rows
,,,,,,,<na>,,,,,,,5175,all important fields empty,remove_incomplete_rows
,,,,,,,<na>,,,,,,,5176,all important fields empty,remove_incomplete_rows
,,,,,,,<na>,,,,,,,5179,all important fields empty,remove_incomplete_rows
,,,,,,,<na>,,,,,,,5180,all important fields empty,remove_incomplete_rows
,,,,,,,<na>,,,,,,,5183,all important fields empty,remove_incomplete_rows
,,,,,,,<na>,,,,,,,5184,all important fields empty,remove_incomplete_rows
,,,,,,,<na>,,,,,,,5187,all important fields empty,remove_incomplete_rows
,,,,,,,<na>,,,,,,,5188,all important fields empty,remove_incomplete_rows
,,,,,,,<na>,,,,,,,5191,all important fields empty,remove_incomplete_rows
,,,,,,,<na>,,,,,,,5192,all important fields empty,remove_incomplete_rows
,,,,,,,<na>,,,,,,,5195,all important fields empty,remove_incomplete_rows
,,,,,,,<na>,,,,,,,5196,all important fields empty,remove_incomplete_rows
,,,,,,,<na>,,,,,,,5200,all important fields empty,remove_incomplete_rows
,,,,,,,<na>,,,,,,,5201,all important fields empty,remove_incomplete_rows
,,,,,,,<na>,,,,,,,5206,all important fields empty,remove_incomplete_rows
,,,,,,,<na>,,,,,,,5207,all important fields empty,remove_incomplete_rows
,,,,,,,<na>,,,,,,,5212,all important fields empty,remove_incomplete_rows
,,,,,,,<na>,,,,,,,5213,all important fields empty,remove_incomplete_rows
,,,,,,,<na>,,,,,,,5216,all important fields empty,remove_incomplete_rows
,,,,,,,<na>,,,,,,,5217,all important fields empty,remove_incomplete_rows
,,,,,,,<na>,,,,,,,5220,all important fields empty,remove_incomplete_rows
,,,,,,,<na>,,,,,,,5221,all important fields empty,remove_incomplete_rows
,,,,,,,<na>,,,,,,,5224,all important fields empty,remove_incomplete_rows
,,,,,,,<na>,,,,,,,5225,all important fields empty,remove_incomplete_rows
,,,,,,,<na>,,,,,,,5229,all important fields empty,remove_incomplete_rows
,,,,,,,<na>,,,,,,,5230,all important fields empty,remove_incomplete_rows
,,,,,,,<na>,,,,,,,5233,all important fields empty,remove_incomplete_rows
,,,,,,,<na>,,,,,,,5234,all important fields empty,remove_incomplete_rows
,,,,,,,<na>,,,,,,,5239,all important fields empty,remove_incomplete_rows
,,,,,,,<na>,,,,,,,5240,all important fields empty,remove_incomplete_rows
,,,,,,,<na>,,,,,,,5244,all important fields empty,remove_incomplete_rows
,,,,,,,<na>,,,,,,,5245,all important fields empty,remove_incomplete_rows
,,,,,,,<na>,,,,,,,5248,all important fields empty,remove_incomplete_rows
,,,,,,,<na>,,,,,,,5249,all important fields empty,remove_incomplete_rows
,,,,,,,<na>,,,,,,,5252,all important fields empty,remove_incomplete_rows
,,,,,,,<na>,,,,,,,5253,all important fields empty,remove_incomplete_rows
,,,,,,,<na>,,,,,,,5257,all important fields empty,remove_incomplete_rows
,,,,,,,<na>,,,,,,,5258,all important fields empty,remove_incomplete_rows
,,,,,,,<na>,,,,,,,5261,all important fields empty,remove_incomplete_rows
,,,,,,,<na>,,,,,,,5262,all important fields empty,remove_incomplete_rows
,,,,,,,<na>,,,,,,,5266,all important fields empty,remove_incomplete_rows
,,,,,,,<na>,,,,,,,5267,all important fields empty,remove_incomplete_rows
,,,,,,,<na>,,,,,,,5270,all important fields empty,remove_incomplete_rows
,,,,,,,<na>,,,,,,,5271,all important fields empty,remove_incomplete_rows
,,,,,,,<na>,,,,,,,5274,all important fields empty,remove_incomplete_rows
,,,,,,,<na>,,,,,,,5275,all important fields empty,remove_incomplete_rows
,,,,,,,<na>,,,,,,,5278,all important fields empty,remove_incomplete_rows
,,,,,,,<na>,,,,,,,5279,all important fields empty,remove_incomplete_rows
,,,,,,,<na>,,,,,,,5282,all important fields empty,remove_incomplete_rows
,,,,,,,<na>,,,,,,,5283,all important fields empty,remove_incomplete_rows
,,,,,,,<na>,,,,,,,5286,all important fields empty,remove_incomplete_rows
,,,,,,,<na>,,,,,,,5287,all important fields empty,remove_incomplete_rows
,,,,,,,<na>,,,,,,,5297,all important fields empty,remove_incomplete_rows
,,,,,,,<na>,,,,,,,5298,all important fields empty,remove_incomplete_rows
,,,,,,,<na>,,,,,,,5301,all important fields empty,remove_incomplete_rows
,,,,,,,<na>,,,,,,,5302,all important fields empty,remove_incomplete_rows
,,,,,,,<na>,,,,,,,5305,all important fields empty,remove_incomplete_rows
,,,,,,,<na>,,,,,,,5306,all important fields empty,remove_incomplete_rows
,,,,,,,<na>,,,,,,,5311,all important fields empty,remove_incomplete_rows
,,,,,,,<na>,,,,,,,5312,all important fields empty,remove_incomplete_rows
,,,,,,,<na>,,,,,,,5315,all important fields empty,remove_incomplete_rows
,,,,,,,<na>,,,,,,,5316,all important fields empty,remove_incomplete_rows
,,,,,,,<na>,,,,,,,5321,all important fields empty,remove_incomplete_rows
,,,,,,,<na>,,,,,,,5322,all important fields empty,remove_incomplete_rows
,,,,,,,<na>,,,,,,,5326,all important fields empty,remove_incomplete_rows
,,,,,,,<na>,,,,,,,5327,all important fields empty,remove_incomplete_rows
,,,,,,,<na>,,,,,,,5333,all important fields empty,remove_incomplete_rows
,,,,,,,<na>,,,,,,,5334,all important fields empty,remove_incomplete_rows
,,,,,,,<na>,,,,,,,5337,all important fields empty,remove_incomplete_rows
,,,,,,,<na>,,,,,,,5338,all important fields empty,remove_incomplete_rows
,,,,,,,<na>,,,,,,,5342,all important fields empty,remove_incomplete_rows
,,,,,,,<na>,,,,,,,5343,all important fields empty,remove_incomplete_rows
,,,,,,,<na>,,,,,,,5346,all important fields empty,remove_incomplete_rows
,,,,,,,<na>,,,,,,,5347,all important fields empty,remove_incomplete_rows
,,,,,,,<na>,,,,,,,5353,all important fields empty,remove_incomplete_rows
,,,,,,,<na>,,,,,,,5354,all important fields empty,remove_incomplete_rows
,,,,,,,<na>,,,,,,,5357,all important fields empty,remove_incomplete_rows
,,,,,,,<na>,,,,,,,5358,all important fields empty,remove_incomplete_rows
,,,,,,,<na>,,,,,,,5361,all important fields empty,remove_incomplete_rows
,,,,,,,<na>,,,,,,,5362,all important fields empty,remove_incomplete_rows
,,,,,,,<na>,,,,,,,5365,all important fields empty,remove_incomplete_rows
,,,,,,,<na>,,,,,,,5366,all important fields empty,remove_incomplete_rows
,,,,,,,<na>,,,,,,,5369,all important fields empty,remove_incomplete_rows
,,,,,,,<na>,,,,,,,5370,all important fields empty,remove_incomplete_rows
,,,,,,,<na>,,,,,,,5373,all important fields empty,remove_incomplete_rows
,,,,,,,<na>,,,,,,,5374,all important fields empty,remove_incomplete_rows
,,,,,,,<na>,,,,,,,5377,all important fields empty,remove_incomplete_rows
,,,,,,,<na>,,,,,,,5378,all important fields empty,remove_incomplete_rows
,,,,,,,<na>,,,,,,,5382,all important fields empty,remove_incomplete_rows
,,,,,,,<na>,,,,,,,5383,all important fields empty,remove_incomplete_rows
,,,,,,,<na>,,,,,,,5387,all important fields empty,remove_incomplete_rows
,,,,,,,<na>,,,,,,,5388,all important fields empty,remove_incomplete_rows
,,,,,,,<na>,,,,,,,5391,all important fields empty,remove_incomplete_rows
,,,,,,,<na>,,,,,,,5392,all important fields empty,remove_incomplete_rows
,,,,,,,<na>,,,,,,,5396,all important fields empty,remove_incomplete_rows
,,,,,,,<na>,,,,,,,5397,all important fields empty,remove_incomplete_rows
,,,,,,,<na>,,,,,,,5402,all important fields empty,remove_incomplete_rows
,,,,,,,<na>,,,,,,,5403,all important fields empty,remove_incomplete_rows
,,,,,,,<na>,,,,,,,5406,all important fields empty,remove_incomplete_rows
,,,,,,,<na>,,,,,,,5407,all important fields empty,remove_incomplete_rows
,,,,,,,<na>,,,,,,,5412,all important fields empty,remove_incomplete_rows
,,,,,,,<na>,,,,,,,5413,all important fields empty,remove_incomplete_rows
,,,,,,,<na>,,,,,,,5416,all important fields empty,remove_incomplete_rows
,,,,,,,<na>,,,,,,,5417,all important fields empty,remove_incomplete_rows
,,,,,,,<na>,,,,,,,5420,all important fields empty,remove_incomplete_rows
,,,,,,,<na>,,,,,,,5421,all important fields empty,remove_incomplete_rows
,,,,,,,<na>,,,,,,,5424,all important fields empty,remove_incomplete_rows
,,,,,,,<na>,,,,,,,5425,all important fields empty,remove_incomplete_rows
,,,,,,,<na>,,,,,,,5428,all important fields empty,remove_incomplete_rows
,,,,,,,<na>,,,,,,,5429,all important fields empty,remove_incomplete_rows
,,,,,,,<na>,,,,,,,5438,all important fields empty,remove_incomplete_rows
,,,,,,,<na>,,,,,,,5439,all important fields empty,remove_incomplete_rows
,,,,,,,<na>,,,,,,,5442,all important fields empty,remove_incomplete_rows
,,,,,,,<na>,,,,,,,5443,all important fields empty,remove_incomplete_rows
,,,,,,,<na>,,,,,,,5446,all important fields empty,remove_incomplete_rows
,,,,,,,<na>,,,,,,,5447,all important fields empty,remove_incomplete_rows
,,,,,,,<na>,,,,,,,5450,all important fields empty,remove_incomplete_rows
,,,,,,,<na>,,,,,,,5451,all important fields empty,remove_incomplete_rows
,,,,,,,<na>,,,,,,,5454,all important fields empty,remove_incomplete_rows
,,,,,,,<na>,,,,,,,5455,all important fields empty,remove_incomplete_rows
,,,,,,,<na>,,,,,,,5458,all important fields empty,remove_incomplete_rows
,,,,,,,<na>,,,,,,,5459,all important fields empty,remove_incomplete_rows
,,,,,,,<na>,,,,,,,5463,all important fields empty,remove_incomplete_rows
,,,,,,,<na>,,,,,,,5464,all important fields empty,remove_incomplete_rows
,,,,,,,<na>,,,,,,,5467,all important fields empty,remove_incomplete_rows
,,,,,,,<na>,,,,,,,5468,all important fields empty,remove_incomplete_rows
,,,,,,,<na>,,,,,,,5471,all important fields empty,remove_incomplete_rows
,,,,,,,<na>,,,,,,,5472,all important fields empty,remove_incomplete_rows
,,,,,,,<na>,,,,,,,5475,all important fields empty,remove_incomplete_rows
,,,,,,,<na>,,,,,,,5476,all important fields empty,remove_incomplete_rows
,,,,,,,<na>,,,,,,,5479,all important fields empty,remove_incomplete_rows
,,,,,,,<na>,,,,,,,5480,all important fields empty,remove_incomplete_rows
,,,,,,,<na>,,,,,,,5483,all important fields empty,remove_incomplete_rows
,,,,,,,<na>,,,,,,,5484,all important fields empty,remove_incomplete_rows
,,,,,,,<na>,,,,,,,5487,all important fields empty,remove_incomplete_rows
,,,,,,,<na>,,,,,,,5488,all important fields empty,remove_incomplete_rows
,,,,,,,<na>,,,,,,,5493,all important fields empty,remove_incomplete_rows
,,,,,,,<na>,,,,,,,5494,all important fields empty,remove_incomplete_rows
,,,,,,,<na>,,,,,,,5499,all important fields empty,remove_incomplete_rows
,,,,,,,<na>,,,,,,,5500,all important fields empty,remove_incomplete_rows
,,,,,,,<na>,,,,,,,5503,all important fields empty,remove_incomplete_rows
,,,,,,,<na>,,,,,,,5504,all important fields empty,remove_incomplete_rows
,,,,,,,<na>,,,,,,,5512,all important fields empty,remove_incomplete_rows
,,,,,,,<na>,,,,,,,5513,all important fields empty,remove_incomplete_rows
,,,,,,,<na>,,,,,,,5516,all important fields empty,remove_incomplete_rows
,,,,,,,<na>,,,,,,,5517,all important fields empty,remove_incomplete_rows
,,,,,,,<na>,,,,,,,5520,all important fields empty,remove_incomplete_rows
,,,,,,,<na>,,,,,,,5521,all important fields empty,remove_incomplete_rows
,,,,,,,<na>,,,,,,,5526,all important fields empty,remove_incomplete_rows
,,,,,,,<na>,,,,,,,5527,all important fields empty,remove_incomplete_rows
,,,,,,,<na>,,,,,,,5532,all important fields empty,remove_incomplete_rows
,,,,,,,<na>,,,,,,,5533,all important fields empty,remove_incomplete_rows
,,,,,,,<na>,,,,,,,5537,all important fields empty,remove_incomplete_rows
,,,,,,,<na>,,,,,,,5538,all important fields empty,remove_incomplete_rows
,,,,,,,<na>,,,,,,,5542,all important fields empty,remove_incomplete_rows
,,,,,,,<na>,,,,,,,5543,all important fields empty,remove_incomplete_rows
,,,,,,,<na>,,,,,,,5546,all important fields empty,remove_incomplete_rows
,,,,,,,<na>,,,,,,,5547,all important fields empty,remove_incomplete_rows
,,,,,,,<na>,,,,,,,5550,all important fields empty,remove_incomplete_rows
,,,,,,,<na>,,,,,,,5551,all important fields empty,remove_incomplete_rows
,,,,,,,<na>,,,,,,,5554,all important fields empty,remove_incomplete_rows
,,,,,,,<na>,,,,,,,5555,all important fields empty,remove_incomplete_rows
,,,,,,,<na>,,,,,,,5558,all important fields empty,remove_incomplete_rows
,,,,,,,<na>,,,,,,,5559,all important fields empty,remove_incomplete_rows
,,,,,,,<na>,,,,,,,5562,all important fields empty,remove_incomplete_rows
,,,,,,,<na>,,,,,,,5563,all important fields empty,remove_incomplete_rows
,,,,,,,<na>,,,,,,,5568,all important fields empty,remove_incomplete_rows
,,,,,,,<na>,,,,,,,5569,all important fields empty,remove_incomplete_rows
,,,,,,,<na>,,,,,,,5572,all important fields empty,remove_incomplete_rows
,,,,,,,<na>,,,,,,,5573,all important fields empty,remove_incomplete_rows
,,,,,,,<na>,,,,,,,5577,all important fields empty,remove_incomplete_rows
,,,,,,,<na>,,,,,,,5578,all important fields empty,remove_incomplete_rows
,,,,,,,<na>,,,,,,,5582,all important fields empty,remove_incomplete_rows
,,,,,,,<na>,,,,,,,5583,all important fields empty,remove_incomplete_rows
,,,,,,,<na>,,,,,,,5587,all important fields empty,remove_incomplete_rows
,,,,,,,<na>,,,,,,,5588,all important fields empty,remove_incomplete_rows
,,,,,,,<na>,,,,,,,5593,all important fields empty,remove_incomplete_rows
,,,,,,,<na>,,,,,,,5594,all important fields empty,remove_incomplete_rows
,,,,,,,<na>,,,,,,,5597,all important fields empty,remove_incomplete_rows
,,,,,,,<na>,,,,,,,5598,all important fields empty,remove_incomplete_rows
,,,,,,,<na>,,,,,,,5602,all important fields empty,remove_incomplete_rows
,,,,,,,<na>,,,,,,,5603,all important fields empty,remove_incomplete_rows
,,,,,,,<na>,,,,,,,5606,all important fields empty,remove_incomplete_rows
,,,,,,,<na>,,,,,,,5607,all important fields empty,remove_incomplete_rows
,,,,,,,<na>,,,,,,,5611,all important fields empty,remove_incomplete_rows
,,,,,,,<na>,,,,,,,5612,all important fields empty,remove_incomplete_rows
,,,,,,,<na>,,,,,,,5616,all important fields empty,remove_incomplete_rows
,,,,,,,<na>,,,,,,,5617,all important fields empty,remove_incomplete_rows
,,,,,,,<na>,,,,,,,5620,all important fields empty,remove_incomplete_rows
,,,,,,,<na>,,,,,,,5621,all important fields empty,remove_incomplete_rows
,,,,,,,<na>,,,,,,,5624,all important fields empty,remove_incomplete_rows
,,,,,,,<na>,,,,,,,5625,all important fields empty,remove_incomplete_rows
,,,,,,,<na>,,,,,,,5628,all important fields empty,remove_incomplete_rows
,,,,,,,<na>,,,,,,,5629,all important fields empty,remove_incomplete_rows
,,,,,,,<na>,,,,,,,5635,all important fields empty,remove_incomplete_rows
,,,,,,,<na>,,,,,,,5636,all important fields empty,remove_incomplete_rows
,,,,,,,<na>,,,,,,,5639,all important fields empty,remove_incomplete_rows
,,,,,,,<na>,,,,,,,5640,all important fields empty,remove_incomplete_rows
,,,,,,,<na>,,,,,,,5645,all important fields empty,remove_incomplete_rows
,,,,,,,<na>,,,,,,,5646,all important fields empty,remove_incomplete_rows
,,,,,,,<na>,,,,,,,5650,all important fields empty,remove_incomplete_rows
,,,,,,,<na>,,,,,,,5651,all important fields empty,remove_incomplete_rows
,,,,,,,<na>,,,,,,,5655,all important fields empty,remove_incomplete_rows
,,,,,,,<na>,,,,,,,5656,all important fields empty,remove_incomplete_rows
,,,,,,,<na>,,,,,,,5661,all important fields empty,remove_incomplete_rows
,,,,,,,<na>,,,,,,,5662,all important fields empty,remove_incomplete_rows
,,,,,,,<na>,,,,,,,5672,all important fields empty,remove_incomplete_rows
,,,,,,,<na>,,,,,,,5673,all important fields empty,remove_incomplete_rows
,,,,,,,<na>,,,,,,,5676,all important fields empty,remove_incomplete_rows
,,,,,,,<na>,,,,,,,5677,all important fields empty,remove_incomplete_rows
,,,,,,,<na>,,,,,,,5680,all important fields empty,remove_incomplete_rows
,,,,,,,<na>,,,,,,,5681,all important fields empty,remove_incomplete_rows
,,,,,,,<na>,,,,,,,5684,all important fields empty,remove_incomplete_rows
,,,,,,,<na>,,,,,,,5685,all important fields empty,remove_incomplete_rows
,,,,,,,<na>,,,,,,,5689,all important fields empty,remove_incomplete_rows
,,,,,,,<na>,,,,,,,5690,all important fields empty,remove_incomplete_rows
,,,,,,,<na>,,,,,,,5693,all important fields empty,remove_incomplete_rows
,,,,,,,<na>,,,,,,,5694,all important fields empty,remove_incomplete_rows
,,,,,,,<na>,,,,,,,5697,all important fields empty,remove_incomplete_rows
,,,,,,,<na>,,,,,,,5698,all important fields empty,remove_incomplete_rows
,,,,,,,<na>,,,,,,,5705,all important fields empty,remove_incomplete_rows
,,,,,,,<na>,,,,,,,5706,all important fields empty,remove_incomplete_rows
,,,,,,,<na>,,,,,,,5710,all important fields empty,remove_incomplete_rows
,,,,,,,<na>,,,,,,,5711,all important fields empty,remove_incomplete_rows
,,,,,,,<na>,,,,,,,5715,all important fields empty,remove_incomplete_rows
,,,,,,,<na>,,,,,,,5716,all important fields empty,remove_incomplete_rows
,,,,,,,<na>,,,,,,,5720,all important fields empty,remove_incomplete_rows
,,,,,,,<na>,,,,,,,5721,all important fields empty,remove_incomplete_rows
,,,,,,,<na>,,,,,,,5724,all important fields empty,remove_incomplete_rows
,,,,,,,<na>,,,,,,,5725,all important fields empty,remove_incomplete_rows
,,,,,,,<na>,,,,,,,5732,all important fields empty,remove_incomplete_rows
,,,,,,,<na>,,,,,,,5733,all important fields empty,remove_incomplete_rows
,,,,,,,<na>,,,,,,,5736,all important fields empty,remove_incomplete_rows
,,,,,,,<na>,,,,,,,5737,all important fields empty,remove_incomplete_rows
,,,,,,,<na>,,,,,,,5743,all important fields empty,remove_incomplete_rows
,,,,,,,<na>,,,,,,,5744,all important fields empty,remove_incomplete_rows
,,,,,,,<na>,,,,,,,5750,all important fields empty,remove_incomplete_rows
,,,,,,,<na>,,,,,,,5751,all important fields empty,remove_incomplete_rows
,,,,,,,<na>,,,,,,,5754,all important fields empty,remove_incomplete_rows
,,,,,,,<na>,,,,,,,5755,all important fields empty,remove_incomplete_rows
,,,,,,,<na>,,,,,,,5758,all important fields empty,remove_incomplete_rows
,,,,,,,<na>,,,,,,,5759,all important fields empty,remove_incomplete_rows
,,,,,,,<na>,,,,,,,5762,all important fields empty,remove_incomplete_rows
,,,,,,,<na>,,,,,,,5763,all important fields empty,remove_incomplete_rows
,,,,,,,<na>,,,,,,,5767,all important fields empty,remove_incomplete_rows
,,,,,,,<na>,,,,,,,5768,all important fields empty,remove_incomplete_rows
,,,,,,,<na>,,,,,,,5771,all important fields empty,remove_incomplete_rows
,,,,,,,<na>,,,,,,,5772,all important fields empty,remove_incomplete_rows
,,,,,,,<na>,,,,,,,5780,all important fields empty,remove_incomplete_rows
,,,,,,,<na>,,,,,,,5781,all important fields empty,remove_incomplete_rows
,,,,,,,<na>,,,,,,,5786,all important fields empty,remove_incomplete_rows
,,,,,,,<na>,,,,,,,5787,all important fields empty,remove_incomplete_rows
,,,,,,,<na>,,,,,,,5792,all important fields empty,remove_incomplete_rows
,,,,,,,<na>,,,,,,,5793,all important fields empty,remove_incomplete_rows
,,,,,,,<na>,,,,,,,5796,all important fields empty,remove_incomplete_rows
,,,,,,,<na>,,,,,,,5797,all important fields empty,remove_incomplete_rows
,,,,,,,<na>,,,,,,,5802,all important fields empty,remove_incomplete_rows
,,,,,,,<na>,,,,,,,5803,all important fields empty,remove_incomplete_rows
,,,,,,,<na>,,,,,,,5807,all important fields empty,remove_incomplete_rows
,,,,,,,<na>,,,,,,,5808,all important fields empty,remove_incomplete_rows
,,,,,,,<na>,,,,,,,5811,all important fields empty,remove_incomplete_rows
,,,,,,,<na>,,,,,,,5812,all important fields empty,remove_incomplete_rows
,,,,,,,<na>,,,,,,,5815,all important fields empty,remove_incomplete_rows
,,,,,,,<na>,,,,,,,5816,all important fields empty,remove_incomplete_rows
,,,,,,,<na>,,,,,,,5821,all important fields empty,remove_incomplete_rows
,,,,,,,<na>,,,,,,,5822,all important fields empty,remove_incomplete_rows
,,,,,,,<na>,,,,,,,5827,all important fields empty,remove_incomplete_rows
,,,,,,,<na>,,,,,,,5828,all important fields empty,remove_incomplete_rows
,,,,,,,<na>,,,,,,,5832,all important fields empty,remove_incomplete_rows
,,,,,,,<na>,,,,,,,5833,all important fields empty,remove_incomplete_rows
,,,,,,,<na>,,,,,,,5836,all important fields empty,remove_incomplete_rows
,,,,,,,<na>,,,,,,,5837,all important fields empty,remove_incomplete_rows
,,,,,,,<na>,,,,,,,5840,all important fields empty,remove_incomplete_rows
,,,,,,,<na>,,,,,,,5841,all important fields empty,remove_incomplete_rows
,,,,,,,<na>,,,,,,,5844,all important fields empty,remove_incomplete_rows
,,,,,,,<na>,,,,,,,5845,all important fields empty,remove_incomplete_rows
,,,,,,,<na>,,,,,,,5848,all important fields empty,remove_incomplete_rows
,,,,,,,<na>,,,,,,,5849,all important fields empty,remove_incomplete_rows
,,,,,,,<na>,,,,,,,5854,all important fields empty,remove_incomplete_rows
,,,,,,,<na>,,,,,,,5855,all important fields empty,remove_incomplete_rows
,,,,,,,<na>,,,,,,,5858,all important fields empty,remove_incomplete_rows
,,,,,,,<na>,,,,,,,5859,all important fields empty,remove_incomplete_rows
,,,,,,,<na>,,,,,,,5865,all important fields empty,remove_incomplete_rows
,,,,,,,<na>,,,,,,,5866,all important fields empty,remove_incomplete_rows
,,,,,,,<na>,,,,,,,5869,all important fields empty,remove_incomplete_rows
,,,,,,,<na>,,,,,,,5870,all important fields empty,remove_incomplete_rows
,,,,,,,<na>,,,,,,,5874,all important fields empty,remove_incomplete_rows
,,,,,,,<na>,,,,,,,5875,all important fields empty,remove_incomplete_rows
,,,,,,,<na>,,,,,,,5878,all important fields empty,remove_incomplete_rows
,,,,,,,<na>,,,,,,,5879,all important fields empty,remove_incomplete_rows
,,,,,,,<na>,,,,,,,5882,all important fields empty,remove_incomplete_rows
,,,,,,,<na>,,,,,,,5883,all important fields empty,remove_incomplete_rows
,,,,,,,<na>,,,,,,,5886,all important fields empty,remove_incomplete_rows
,,,,,,,<na>,,,,,,,5887,all important fields empty,remove_incomplete_rows
,,,,,,,<na>,,,,,,,5890,all important fields empty,remove_incomplete_rows
,,,,,,,<na>,,,,,,,5891,all important fields empty,remove_incomplete_rows
,,,,,,,<na>,,,,,,,5894,all important fields empty,remove_incomplete_rows
,,,,,,,<na>,,,,,,,5895,all important fields empty,remove_incomplete_rows
,,,,,,,<na>,,,,,,,5900,all important fields empty,remove_incomplete_rows
,,,,,,,<na>,,,,,,,5901,all important fields empty,remove_incomplete_rows
,,,,,,,<na>,,,,,,,5907,all important fields empty,remove_incomplete_rows
,,,,,,,<na>,,,,,,,5908,all important fields empty,remove_incomplete_rows
,,,,,,,<na>,,,,,,,5917,all important fields empty,remove_incomplete_rows
,,,,,,,<na>,,,,,,,5918,all important fields empty,remove_incomplete_rows
,,,,,,,<na>,,,,,,,5922,all important fields empty,remove_incomplete_rows
,,,,,,,<na>,,,,,,,5923,all important fields empty,remove_incomplete_rows
,,,,,,,<na>,,,,,,,5927,all important fields empty,remove_incomplete_rows
,,,,,,,<na>,,,,,,,5928,all important fields empty,remove_incomplete_rows
,,,,,,,<na>,,,,,,,5931,all important fields empty,remove_incomplete_rows
,,,,,,,<na>,,,,,,,5932,all important fields empty,remove_incomplete_rows
,,,,,,,<na>,,,,,,,5940,all important fields empty,remove_incomplete_rows
,,,,,,,<na>,,,,,,,5941,all important fields empty,remove_incomplete_rows
,,,,,,,<na>,,,,,,,5945,all important fields empty,remove_incomplete_rows
,,,,,,,<na>,,,,,,,5946,all important fields empty,remove_incomplete_rows
,,,,,,,<na>,,,,,,,5949,all important fields empty,remove_incomplete_rows
,,,,,,,<na>,,,,,,,5950,all important fields empty,remove_incomplete_rows
,,,,,,,<na>,,,,,,,5953,all important fields empty,remove_incomplete_rows
,,,,,,,<na>,,,,,,,5954,all important fields empty,remove_incomplete_rows
,,,,,,,<na>,,,,,,,5957,all important fields empty,remove_incomplete_rows
,,,,,,,<na>,,,,,,,5958,all important fields empty,remove_incomplete_rows
,,,,,,,<na>,,,,,,,5961,all important fields empty,remove_incomplete_rows
,,,,,,,<na>,,,,,,,5962,all important fields empty,remove_incomplete_rows
,,,,,,,<na>,,,,,,,5965,all important fields empty,remove_incomplete_rows
,,,,,,,<na>,,,,,,,5966,all important fields empty,remove_incomplete_rows
,,,,,,,<na>,,,,,,,5969,all important fields empty,remove_incomplete_rows
,,,,,,,<na>,,,,,,,5970,all important fields empty,remove_incomplete_rows
,,,,,,,<na>,,,,,,,5973,all important fields empty,remove_incomplete_rows
,,,,,,,<na>,,,,,,,5974,all important fields empty,remove_incomplete_rows
,,,,,,,<na>,,,,,,,5977,all important fields empty,remove_incomplete_rows
,,,,,,,<na>,,,,,,,5978,all important fields empty,remove_incomplete_rows
,,,,,,,<na>,,,,,,,5981,all important fields empty,remove_incomplete_rows
,,,,,,,<na>,,,,,,,5982,all important fields empty,remove_incomplete_rows
,,,,,,,<na>,,,,,,,5985,all important fields empty,remove_incomplete_rows
,,,,,,,<na>,,,,,,,5986,all important fields empty,remove_incomplete_rows
,,,,,,,<na>,,,,,,,5991,all important fields empty,remove_incomplete_rows
,,,,,,,<na>,,,,,,,5992,all important fields empty,remove_incomplete_rows
,,,,,,,<na>,,,,,,,5996,all important fields empty,remove_incomplete_rows
,,,,,,,<na>,,,,,,,5997,all important fields empty,remove_incomplete_rows
,,,,,,,<na>,,,,,,,6000,all important fields empty,remove_incomplete_rows
,,,,,,,<na>,,,,,,,6001,all important fields empty,remove_incomplete_rows
,,,,,,,<na>,,,,,,,6004,all important fields empty,remove_incomplete_rows
,,,,,,,<na>,,,,,,,6005,all important fields empty,remove_incomplete_rows
,,,,,,,<na>,,,,,,,6008,all important fields empty,remove_incomplete_rows
,,,,,,,<na>,,,,,,,6009,all important fields empty,remove_incomplete_rows
,,,,,,,<na>,,,,,,,6012,all important fields empty,remove_incomplete_rows
,,,,,,,<na>,,,,,,,6013,all important fields empty,remove_incomplete_rows
,,,,,,,<na>,,,,,,,6016,all important fields empty,remove_incomplete_rows
,,,,,,,<na>,,,,,,,6017,all important fields empty,remove_incomplete_rows
,,,,,,,<na>,,,,,,,6020,all important fields empty,remove_incomplete_rows
,,,,,,,<na>,,,,,,,6021,all important fields empty,remove_incomplete_rows
,,,,,,,<na>,,,,,,,6024,all important fields empty,remove_incomplete_rows
,,,,,,,<na>,,,,,,,6025,all important fields empty,remove_incomplete_rows
,,,,,,,<na>,,,,,,,6028,all important fields empty,remove_incomplete_rows
,,,,,,,<na>,,,,,,,6029,all important fields empty,remove_incomplete_rows
,,,,,,,<na>,,,,,,,6032,all important fields empty,remove_incomplete_rows
,,,,,,,<na>,,,,,,,6033,all important fields empty,remove_incomplete_rows
,,,,,,,<na>,,,,,,,6036,all important fields empty,remove_incomplete_rows
,,,,,,,<na>,,,,,,,6037,all important fields empty,remove_incomplete_rows
,,,,,,,<na>,,,,,,,6041,all important fields empty,remove_incomplete_rows
,,,,,,,<na>,,,,,,,6042,all important fields empty,remove_incomplete_rows
,,,,,,,<na>,,,,,,,6045,all important fields empty,remove_incomplete_rows
,,,,,,,<na>,,,,,,,6046,all important fields empty,remove_incomplete_rows
,,,,,,,<na>,,,,,,,6050,all important fields empty,remove_incomplete_rows
,,,,,,,<na>,,,,,,,6051,all important fields empty,remove_incomplete_rows
,,,,,,,<na>,,,,,,,6054,all important fields empty,remove_incomplete_rows
,,,,,,,<na>,,,,,,,6055,all important fields empty,remove_incomplete_rows
,,,,,,,<na>,,,,,,,6062,all important fields empty,remove_incomplete_rows
,,,,,,,<na>,,,,,,,6063,all important fields empty,remove_incomplete_rows
,,,,,,,<na>,,,,,,,6068,all important fields empty,remove_incomplete_rows
,,,,,,,<na>,,,,,,,6069,all important fields empty,remove_incomplete_rows
,,,,,,,<na>,,,,,,,6073,all important fields empty,remove_incomplete_rows
,,,,,,,<na>,,,,,,,6074,all important fields empty,remove_incomplete_rows
,,,,,,,<na>,,,,,,,6079,all important fields empty,remove_incomplete_rows
,,,,,,,<na>,,,,,,,6080,all important fields empty,remove_incomplete_rows
,,,,,,,<na>,,,,,,,6083,all important fields empty,remove_incomplete_rows
,,,,,,,<na>,,,,,,,6084,all important fields empty,remove_incomplete_rows
,,,,,,,<na>,,,,,,,6087,all important fields empty,remove_incomplete_rows
,,,,,,,<na>,,,,,,,6088,all important fields empty,remove_incomplete_rows
,,,,,,,<na>,,,,,,,6091,all important fields empty,remove_incomplete_rows
,,,,,,,<na>,,,,,,,6092,all important fields empty,remove_incomplete_rows
,,,,,,,<na>,,,,,,,6098,all important fields empty,remove_incomplete_rows
,,,,,,,<na>,,,,,,,6099,all important fields empty,remove_incomplete_rows
,,,,,,,<na>,,,,,,,6102,all important fields empty,remove_incomplete_rows
,,,,,,,<na>,,,,,,,6103,all important fields empty,remove_incomplete_rows
,,,,,,,<na>,,,,,,,6106,all important fields empty,remove_incomplete_rows
,,,,,,,<na>,,,,,,,6107,all important fields empty,remove_incomplete_rows
,,,,,,,<na>,,,,,,,6110,all important fields empty,remove_incomplete_rows
,,,,,,,<na>,,,,,,,6111,all important fields empty,remove_incomplete_rows
,,,,,,,<na>,,,,,,,6114,all important fields empty,remove_incomplete_rows
,,,,,,,<na>,,,,,,,6115,all important fields empty,remove_incomplete_rows
,,,,,,,<na>,,,,,,,6119,all important fields empty,remove_incomplete_rows
,,,,,,,<na>,,,,,,,6120,all important fields empty,remove_incomplete_rows
,,,,,,,<na>,,,,,,,6123,all important fields empty,remove_incomplete_rows
,,,,,,,<na>,,,,,,,6124,all important fields empty,remove_incomplete_rows
,,,,,,,<na>,,,,,,,6127,all important fields empty,remove_incomplete_rows
,,,,,,,<na>,,,,,,,6128,all important fields empty,remove_incomplete_rows
,,,,,,,<na>,,,,,,,6131,all important fields empty,remove_incomplete_rows
,,,,,,,<na>,,,,,,,6132,all important fields empty,remove_incomplete_rows
,,,,,,,<na>,,,,,,,6137,all important fields empty,remove_incomplete_rows
,,,,,,,<na>,,,,,,,6138,all important fields empty,remove_incomplete_rows
,,,,,,,<na>,,,,,,,6141,all important fields empty,remove_incomplete_rows
,,,,,,,<na>,,,,,,,6142,all important fields empty,remove_incomplete_rows
,,,,,,,<na>,,,,,,,6145,all important fields empty,remove_incomplete_rows
,,,,,,,<na>,,,,,,,6146,all important fields empty,remove_incomplete_rows
,,,,,,,<na>,,,,,,,6149,all important fields empty,remove_incomplete_rows
,,,,,,,<na>,,,,,,,6150,all important fields empty,remove_incomplete_rows
,,,,,,,<na>,,,,,,,6153,all important fields empty,remove_incomplete_rows
,,,,,,,<na>,,,,,,,6154,all important fields empty,remove_incomplete_rows
,,,,,,,<na>,,,,,,,6157,all important fields empty,remove_incomplete_rows
,,,,,,,<na>,,,,,,,6158,all important fields empty,remove_incomplete_rows
,,,,,,,<na>,,,,,,,6161,all important fields empty,remove_incomplete_rows
,,,,,,,<na>,,,,,,,6162,all important fields empty,remove_incomplete_rows
,,,,,,,<na>,,,,,,,6165,all important fields empty,remove_incomplete_rows
,,,,,,,<na>,,,,,,,6166,all important fields empty,remove_incomplete_rows
,,,,,,,<na>,,,,,,,6173,all important fields empty,remove_incomplete_rows
,,,,,,,<na>,,,,,,,6174,all important fields empty,remove_incomplete_rows
,,,,,,,<na>,,,,,,,6177,all important fields empty,remove_incomplete_rows
,,,,,,,<na>,,,,,,,6178,all important fields empty,remove_incomplete_rows
,,,,,,,<na>,,,,,,,6181,all important fields empty,remove_incomplete_rows
,,,,,,,<na>,,,,,,,6182,all important fields empty,remove_incomplete_rows
,,,,,,,<na>,,,,,,,6185,all important fields empty,remove_incomplete_rows
,,,,,,,<na>,,,,,,,6186,all important fields empty,remove_incomplete_rows
,,,,,,,<na>,,,,,,,6189,all important fields empty,remove_incomplete_rows
,,,,,,,<na>,,,,,,,6190,all important fields empty,remove_incomplete_rows
,,,,,,,<na>,,,,,,,6193,all important fields empty,remove_incomplete_rows
,,,,,,,<na>,,,,,,,6194,all important fields empty,remove_incomplete_rows
,,,,,,,<na>,,,,,,,6197,all important fields empty,remove_incomplete_rows
,,,,,,,<na>,,,,,,,6198,all important fields empty,remove_incomplete_rows
,,,,,,,<na>,,,,,,,6203,all important fields empty,remove_incomplete_rows
,,,,,,,<na>,,,,,,,6204,all important fields empty,remove_incomplete_rows
,,,,,,,<na>,,,,,,,6210,all important fields empty,remove_incomplete_rows
,,,,,,,<na>,,,,,,,6211,all important fields empty,remove_incomplete_rows
,,,,,,,<na>,,,,,,,6216,all important fields empty,remove_incomplete_rows
,,,,,,,<na>,,,,,,,6217,all important fields empty,remove_incomplete_rows
,,,,,,,<na>,,,,,,,6220,all important fields empty,remove_incomplete_rows
,,,,,,,<na>,,,,,,,6221,all important fields empty,remove_incomplete_rows
,,,,,,,<na>,,,,,,,6224,all important fields empty,remove_incomplete_rows
,,,,,,,<na>,,,,,,,6225,all important fields empty,remove_incomplete_rows
,,,,,,,<na>,,,,,,,6228,all important fields empty,remove_incomplete_rows
,,,,,,,<na>,,,,,,,6229,all important fields empty,remove_incomplete_rows
,,,,,,,<na>,,,,,,,6235,all important fields empty,remove_incomplete_rows
,,,,,,,<na>,,,,,,,6236,all important fields empty,remove_incomplete_rows
,,,,,,,<na>,,,,,,,6241,all important fields empty,remove_incomplete_rows
,,,,,,,<na>,,,,,,,6242,all important fields empty,remove_incomplete_rows
,,,,,,,<na>,,,,,,,6245,all important fields empty,remove_incomplete_rows
,,,,,,,<na>,,,,,,,6246,all important fields empty,remove_incomplete_rows
,,,,,,,<na>,,,,,,,6257,all important fields empty,remove_incomplete_rows
,,,,,,,<na>,,,,,,,6258,all important fields empty,remove_incomplete_rows
,,,,,,,<na>,,,,,,,6261,all important fields empty,remove_incomplete_rows
,,,,,,,<na>,,,,,,,6262,all important fields empty,remove_incomplete_rows
,,,,,,,<na>,,,,,,,6265,all important fields empty,remove_incomplete_rows
,,,,,,,<na>,,,,,,,6266,all important fields empty,remove_incomplete_rows
,,,,,,,<na>,,,,,,,6269,all important fields empty,remove_incomplete_rows
,,,,,,,<na>,,,,,,,6270,all important fields empty,remove_incomplete_rows
,,,,,,,<na>,,,,,,,6273,all important fields empty,remove_incomplete_rows
,,,,,,,<na>,,,,,,,6274,all important fields empty,remove_incomplete_rows
,,,,,,,<na>,,,,,,,6283,all important fields empty,remove_incomplete_rows
,,,,,,,<na>,,,,,,,6284,all important fields empty,remove_incomplete_rows
,,,,,,,<na>,,,,,,,6290,all important fields empty,remove_incomplete_rows
,,,,,,,<na>,,,,,,,6291,all important fields empty,remove_incomplete_rows
,,,,,,,<na>,,,,,,,6294,all important fields empty,remove_incomplete_rows
,,,,,,,<na>,,,,,,,6295,all important fields empty,remove_incomplete_rows
,,,,,,,<na>,,,,,,,6298,all important fields empty,remove_incomplete_rows
,,,,,,,<na>,,,,,,,6299,all important fields empty,remove_incomplete_rows
,,,,,,,<na>,,,,,,,6303,all important fields empty,remove_incomplete_rows
,,,,,,,<na>,,,,,,,6304,all important fields empty,remove_incomplete_rows
,,,,,,,<na>,,,,,,,6310,all important fields empty,remove_incomplete_rows
,,,,,,,<na>,,,,,,,6311,all important fields empty,remove_incomplete_rows
,,,,,,,<na>,,,,,,,6316,all important fields empty,remove_incomplete_rows
,,,,,,,<na>,,,,,,,6317,all important fields empty,remove_incomplete_rows
,,,,,,,<na>,,,,,,,6321,all important fields empty,remove_incomplete_rows
,,,,,,,<na>,,,,,,,6322,all important fields empty,remove_incomplete_rows
,,,,,,,<na>,,,,,,,6325,all important fields empty,remove_incomplete_rows
,,,,,,,<na>,,,,,,,6326,all important fields empty,remove_incomplete_rows
,,,,,,,<na>,,,,,,,6330,all important fields empty,remove_incomplete_rows
,,,,,,,<na>,,,,,,,6331,all important fields empty,remove_incomplete_rows
,,,,,,,<na>,,,,,,,6335,all important fields empty,remove_incomplete_rows
,,,,,,,<na>,,,,,,,6336,all important fields empty,remove_incomplete_rows
,,,,,,,<na>,,,,,,,6341,all important fields empty,remove_incomplete_rows
,,,,,,,<na>,,,,,,,6342,all important fields empty,remove_incomplete_rows
,,,,,,,<na>,,,,,,,6345,all important fields empty,remove_incomplete_rows
,,,,,,,<na>,,,,,,,6346,all important fields empty,remove_incomplete_rows
,,,,,,,<na>,,,,,,,6349,all important fields empty,remove_incomplete_rows
,,,,,,,<na>,,,,,,,6350,all important fields empty,remove_incomplete_rows
,,,,,,,<na>,,,,,,,6353,all important fields empty,remove_incomplete_rows
,,,,,,,<na>,,,,,,,6354,all important fields empty,remove_incomplete_rows
,,,,,,,<na>,,,,,,,6357,all important fields empty,remove_incomplete_rows
,,,,,,,<na>,,,,,,,6358,all important fields empty,remove_incomplete_rows
,,,,,,,<na>,,,,,,,6361,all important fields empty,remove_incomplete_rows
,,,,,,,<na>,,,,,,,6362,all important fields empty,remove_incomplete_rows
,,,,,,,<na>,,,,,,,6365,all important fields empty,remove_incomplete_rows
,,,,,,,<na>,,,,,,,6366,all important fields empty,remove_incomplete_rows
,,,,,,,<na>,,,,,,,6369,all important fields empty,remove_incomplete_rows
,,,,,,,<na>,,,,,,,6370,all important fields empty,remove_incomplete_rows
,,,,,,,<na>,,,,,,,6373,all important fields empty,remove_incomplete_rows
,,,,,,,<na>,,,,,,,6374,all important fields empty,remove_incomplete_rows
,,,,,,,<na>,,,,,,,6377,all important fields empty,remove_incomplete_rows
,,,,,,,<na>,,,,,,,6378,all important fields empty,remove_incomplete_rows
,,,,,,,<na>,,,,,,,6382,all important fields empty,remove_incomplete_rows
,,,,,,,<na>,,,,,,,6383,all important fields empty,remove_incomplete_rows
,,,,,,,<na>,,,,,,,6386,all important fields empty,remove_incomplete_rows
,,,,,,,<na>,,,,,,,6387,all important fields empty,remove_incomplete_rows
,,,,,,,<na>,,,,,,,6390,all important fields empty,remove_incomplete_rows
,,,,,,,<na>,,,,,,,6391,all important fields empty,remove_incomplete_rows
,,,,,,,<na>,,,,,,,6395,all important fields empty,remove_incomplete_rows
,,,,,,,<na>,,,,,,,6396,all important fields empty,remove_incomplete_rows
,,,,,,,<na>,,,,,,,6400,all important fields empty,remove_incomplete_rows
,,,,,,,<na>,,,,,,,6401,all important fields empty,remove_incomplete_rows
,,,,,,,<na>,,,,,,,6404,all important fields empty,remove_incomplete_rows
,,,,,,,<na>,,,,,,,6405,all important fields empty,remove_incomplete_rows
,,,,,,,<na>,,,,,,,6408,all important fields empty,remove_incomplete_rows
,,,,,,,<na>,,,,,,,6409,all important fields empty,remove_incomplete_rows
,,,,,,,<na>,,,,,,,6412,all important fields empty,remove_incomplete_rows
,,,,,,,<na>,,,,,,,6413,all important fields empty,remove_incomplete_rows
,,,,,,,<na>,,,,,,,6416,all important fields empty,remove_incomplete_rows
,,,,,,,<na>,,,,,,,6417,all important fields empty,remove_incomplete_rows
,,,,,,,<na>,,,,,,,6422,all important fields empty,remove_incomplete_rows
,,,,,,,<na>,,,,,,,6423,all important fields empty,remove_incomplete_rows
,,,,,,,<na>,,,,,,,6426,all important fields empty,remove_incomplete_rows
,,,,,,,<na>,,,,,,,6427,all important fields empty,remove_incomplete_rows
,,,,,,,<na>,,,,,,,6433,all important fields empty,remove_incomplete_rows
,,,,,,,<na>,,,,,,,6434,all important fields empty,remove_incomplete_rows
,,,,,,,<na>,,,,,,,6438,all important fields empty,remove_incomplete_rows
,,,,,,,<na>,,,,,,,6439,all important fields empty,remove_incomplete_rows
,,,,,,,<na>,,,,,,,6442,all important fields empty,remove_incomplete_rows
,,,,,,,<na>,,,,,,,6443,all important fields empty,remove_incomplete_rows
,,,,,,,<na>,,,,,,,6446,all important fields empty,remove_incomplete_rows
,,,,,,,<na>,,,,,,,6447,all important fields empty,remove_incomplete_rows
,,,,,,,<na>,,,,,,,6451,all important fields empty,remove_incomplete_rows
,,,,,,,<na>,,,,,,,6452,all important fields empty,remove_incomplete_rows
,,,,,,,<na>,,,,,,,6455,all important fields empty,remove_incomplete_rows
,,,,,,,<na>,,,,,,,6456,all important fields empty,remove_incomplete_rows
,,,,,,,<na>,,,,,,,6459,all important fields empty,remove_incomplete_rows
,,,,,,,<na>,,,,,,,6460,all important fields empty,remove_incomplete_rows
,,,,,,,<na>,,,,,,,6463,all important fields empty,remove_incomplete_rows
,,,,,,,<na>,,,,,,,6464,all important fields empty,remove_incomplete_rows
,,,,,,,<na>,,,,,,,6468,all important fields empty,remove_incomplete_rows
,,,,,,,<na>,,,,,,,6469,all important fields empty,remove_incomplete_rows
,,,,,,,<na>,,,,,,,6472,all important fields empty,remove_incomplete_rows
,,,,,,,<na>,,,,,,,6473,all important fields empty,remove_incomplete_rows
,,,,,,,<na>,,,,,,,6476,all important fields empty,remove_incomplete_rows
,,,,,,,<na>,,,,,,,6477,all important fields empty,remove_incomplete_rows
,,,,,,,<na>,,,,,,,6480,all important fields empty,remove_incomplete_rows
,,,,,,,<na>,,,,,,,6481,all important fields empty,remove_incomplete_rows
,,,,,,,<na>,,,,,,,6484,all important fields empty,remove_incomplete_rows
,,,,,,,<na>,,,,,,,6485,all important fields empty,remove_incomplete_rows
,,,,,,,<na>,,,,,,,6488,all important fields empty,remove_incomplete_rows
,,,,,,,<na>,,,,,,,6489,all important fields empty,remove_incomplete_rows
,,,,,,,<na>,,,,,,,6492,all important fields empty,remove_incomplete_rows
,,,,,,,<na>,,,,,,,6493,all important fields empty,remove_incomplete_rows
,,,,,,,<na>,,,,,,,6498,all important fields empty,remove_incomplete_rows
,,,,,,,<na>,,,,,,,6499,all important fields empty,remove_incomplete_rows
,,,,,,,<na>,,,,,,,6503,all important fields empty,remove_incomplete_rows
,,,,,,,<na>,,,,,,,6504,all important fields empty,remove_incomplete_rows
,,,,,,,<na>,,,,,,,6507,all important fields empty,remove_incomplete_rows
,,,,,,,<na>,,,,,,,6508,all important fields empty,remove_incomplete_rows
,,,,,,,<na>,,,,,,,6511,all important fields empty,remove_incomplete_rows
,,,,,,,<na>,,,,,,,6512,all important fields empty,remove_incomplete_rows
,,,,,,,<na>,,,,,,,6515,all important fields empty,remove_incomplete_rows
,,,,,,,<na>,,,,,,,6516,all important fields empty,remove_incomplete_rows
,,,,,,,<na>,,,,,,,6520,all important fields empty,remove_incomplete_rows
,,,,,,,<na>,,,,,,,6521,all important fields empty,remove_incomplete_rows
,,,,,,,<na>,,,,,,,6530,all important fields empty,remove_incomplete_rows
,,,,,,,<na>,,,,,,,6531,all important fields empty,remove_incomplete_rows
,,,,,,,<na>,,,,,,,6535,all important fields empty,remove_incomplete_rows
,,,,,,,<na>,,,,,,,6536,all important fields empty,remove_incomplete_rows
,,,,,,,<na>,,,,,,,6539,all important fields empty,remove_incomplete_rows
,,,,,,,<na>,,,,,,,6540,all important fields empty,remove_incomplete_rows
,,,,,,,<na>,,,,,,,6544,all important fields empty,remove_incomplete_rows
,,,,,,,<na>,,,,,,,6545,all important fields empty,remove_incomplete_rows
,,,,,,,<na>,,,,,,,6548,all important fields empty,remove_incomplete_rows
,,,,,,,<na>,,,,,,,6549,all important fields empty,remove_incomplete_rows
,,,,,,,<na>,,,,,,,6552,all important fields empty,remove_incomplete_rows
,,,,,,,<na>,,,,,,,6553,all important fields empty,remove_incomplete_rows
,,,,,,,<na>,,,,,,,6558,all important fields empty,remove_incomplete_rows
,,,,,,,<na>,,,,,,,6559,all important fields empty,remove_incomplete_rows
,,,,,,,<na>,,,,,,,6562,all important fields empty,remove_incomplete_rows
,,,,,,,<na>,,,,,,,6563,all important fields empty,remove_incomplete_rows
,,,,,,,<na>,,,,,,,6570,all important fields empty,remove_incomplete_rows
,,,,,,,<na>,,,,,,,6571,all important fields empty,remove_incomplete_rows
,,,,,,,<na>,,,,,,,6577,all important fields empty,remove_incomplete_rows
,,,,,,,<na>,,,,,,,6578,all important fields empty,remove_incomplete_rows
,,,,,,,<na>,,,,,,,6582,all important fields empty,remove_incomplete_rows
,,,,,,,<na>,,,,,,,6583,all important fields empty,remove_incomplete_rows
,,,,,,,<na>,,,,,,,6587,all important fields empty,remove_incomplete_rows
,,,,,,,<na>,,,,,,,6588,all important fields empty,remove_incomplete_rows
,,,,,,,<na>,,,,,,,6591,all important fields empty,remove_incomplete_rows
,,,,,,,<na>,,,,,,,6592,all important fields empty,remove_incomplete_rows
,,,,,,,<na>,,,,,,,6595,all important fields empty,remove_incomplete_rows
,,,,,,,<na>,,,,,,,6596,all important fields empty,remove_incomplete_rows
,,,,,,,<na>,,,,,,,6600,all important fields empty,remove_incomplete_rows
,,,,,,,<na>,,,,,,,6601,all important fields empty,remove_incomplete_rows
,,,,,,,<na>,,,,,,,6605,all important fields empty,remove_incomplete_rows
,,,,,,,<na>,,,,,,,6606,all important fields empty,remove_incomplete_rows
,,,,,,,<na>,,,,,,,6609,all important fields empty,remove_incomplete_rows
,,,,,,,<na>,,,,,,,6610,all important fields empty,remove_incomplete_rows
,,,,,,,<na>,,,,,,,6613,all important fields empty,remove_incomplete_rows
,,,,,,,<na>,,,,,,,6614,all important fields empty,remove_incomplete_rows
,,,,,,,<na>,,,,,,,6617,all important fields empty,remove_incomplete_rows
,,,,,,,<na>,,,,,,,6618,all important fields empty,remove_incomplete_rows
,,,,,,,<na>,,,,,,,6623,all important fields empty,remove_incomplete_rows
,,,,,,,<na>,,,,,,,6624,all important fields empty,remove_incomplete_rows
,,,,,,,<na>,,,,,,,6627,all important fields empty,remove_incomplete_rows
,,,,,,,<na>,,,,,,,6628,all important fields empty,remove_incomplete_rows
,,,,,,,<na>,,,,,,,6632,all important fields empty,remove_incomplete_rows
,,,,,,,<na>,,,,,,,6633,all important fields empty,remove_incomplete_rows
,,,,,,,<na>,,,,,,,6637,all important fields empty,remove_incomplete_rows
,,,,,,,<na>,,,,,,,6638,all important fields empty,remove_incomplete_rows
,,,,,,,<na>,,,,,,,6642,all important fields empty,remove_incomplete_rows
,,,,,,,<na>,,,,,,,6643,all important fields empty,remove_incomplete_rows
,,,,,,,<na>,,,,,,,6648,all important fields empty,remove_incomplete_rows
,,,,,,,<na>,,,,,,,6649,all important fields empty,remove_incomplete_rows
,,,,,,,<na>,,,,,,,6652,all important fields empty,remove_incomplete_rows
,,,,,,,<na>,,,,,,,6653,all important fields empty,remove_incomplete_rows
,,,,,,,<na>,,,,,,,6656,all important fields empty,remove_incomplete_rows
,,,,,,,<na>,,,,,,,6657,all important fields empty,remove_incomplete_rows
,,,,,,,<na>,,,,,,,6660,all important fields empty,remove_incomplete_rows
,,,,,,,<na>,,,,,,,6661,all important fields empty,remove_incomplete_rows
,,,,,,,<na>,,,,,,,6664,all important fields empty,remove_incomplete_rows
,,,,,,,<na>,,,,,,,6665,all important fields empty,remove_incomplete_rows
,,,,,,,<na>,,,,,,,6668,all important fields empty,remove_incomplete_rows
,,,,,,,<na>,,,,,,,6669,all important fields empty,remove_incomplete_rows
,,,,,,,<na>,,,,,,,6673,all important fields empty,remove_incomplete_rows
,,,,,,,<na>,,,,,,,6674,all important fields empty,remove_incomplete_rows
,,,,,,,<na>,,,,,,,6678,all important fields empty,remove_incomplete_rows
,,,,,,,<na>,,,,,,,6679,all important fields empty,remove_incomplete_rows
,,,,,,,<na>,,,,,,,6684,all important fields empty,remove_incomplete_rows
,,,,,,,<na>,,,,,,,6685,all important fields empty,remove_incomplete_rows
,,,,,,,<na>,,,,,,,6688,all important fields empty,remove_incomplete_rows
,,,,,,,<na>,,,,,,,6689,all important fields empty,remove_incomplete_rows
,,,,,,,<na>,,,,,,,6693,all important fields empty,remove_incomplete_rows
,,,,,,,<na>,,,,,,,6694,all important fields empty,remove_incomplete_rows
,,,,,,,<na>,,,,,,,6697,all important fields empty,remove_incomplete_rows
,,,,,,,<na>,,,,,,,6698,all important fields empty,remove_incomplete_rows
,,,,,,,<na>,,,,,,,6702,all important fields empty,remove_incomplete_rows
,,,,,,,<na>,,,,,,,6703,all important fields empty,remove_incomplete_rows
,,,,,,,<na>,,,,,,,6706,all important fields empty,remove_incomplete_rows
,,,,,,,<na>,,,,,,,6707,all important fields empty,remove_incomplete_rows
,,,,,,,<na>,,,,,,,6711,all important fields empty,remove_incomplete_rows
,,,,,,,<na>,,,,,,,6712,all important fields empty,remove_incomplete_rows
,,,,,,,<na>,,,,,,,6716,all important fields empty,remove_incomplete_rows
,,,,,,,<na>,,,,,,,6717,all important fields empty,remove_incomplete_rows
,,,,,,,<na>,,,,,,,6720,all important fields empty,remove_incomplete_rows
,,,,,,,<na>,,,,,,,6721,all important fields empty,remove_incomplete_rows
,,,,,,,<na>,,,,,,,6727,all important fields empty,remove_incomplete_rows
,,,,,,,<na>,,,,,,,6728,all important fields empty,remove_incomplete_rows
,,,,,,,<na>,,,,,,,6731,all important fields empty,remove_incomplete_rows
,,,,,,,<na>,,,,,,,6732,all important fields empty,remove_incomplete_rows
,,,,,,,<na>,,,,,,,6735,all important fields empty,remove_incomplete_rows
,,,,,,,<na>,,,,,,,6736,all important fields empty,remove_incomplete_rows
,,,,,,,<na>,,,,,,,6745,all important fields empty,remove_incomplete_rows
,,,,,,,<na>,,,,,,,6746,all important fields empty,remove_incomplete_rows
,,,,,,,<na>,,,,,,,6758,all important fields empty,remove_incomplete_rows
,,,,,,,<na>,,,,,,,6759,all important fields empty,remove_incomplete_rows
,,,,,,,<na>,,,,,,,6763,all important fields empty,remove_incomplete_rows
,,,,,,,<na>,,,,,,,6764,all important fields empty,remove_incomplete_rows
,,,,,,,<na>,,,,,,,6767,all important fields empty,remove_incomplete_rows
,,,,,,,<na>,,,,,,,6768,all important fields empty,remove_incomplete_rows
,,,,,,,<na>,,,,,,,6777,all important fields empty,remove_incomplete_rows
,,,,,,,<na>,,,,,,,6778,all important fields empty,remove_incomplete_rows
,,,,,,,<na>,,,,,,,6781,all important fields empty,remove_incomplete_rows
,,,,,,,<na>,,,,,,,6782,all important fields empty,remove_incomplete_rows
,,,,,,,<na>,,,,,,,6788,all important fields empty,remove_incomplete_rows
,,,,,,,<na>,,,,,,,6789,all important fields empty,remove_incomplete_rows
,,,,,,,<na>,,,,,,,6795,all important fields empty,remove_incomplete_rows
,,,,,,,<na>,,,,,,,6796,all important fields empty,remove_incomplete_rows
,,,,,,,<na>,,,,,,,6799,all important fields empty,remove_incomplete_rows
,,,,,,,<na>,,,,,,,6800,all important fields empty,remove_incomplete_rows
,,,,,,,<na>,,,,,,,6804,all important fields empty,remove_incomplete_rows
,,,,,,,<na>,,,,,,,6805,all important fields empty,remove_incomplete_rows
,,,,,,,<na>,,,,,,,6809,all important fields empty,remove_incomplete_rows
,,,,,,,<na>,,,,,,,6810,all important fields empty,remove_incomplete_rows
,,,,,,,<na>,,,,,,,6813,all important fields empty,remove_incomplete_rows
,,,,,,,<na>,,,,,,,6814,all important fields empty,remove_incomplete_rows
,,,,,,,<na>,,,,,,,6817,all important fields empty,remove_incomplete_rows
,,,,,,,<na>,,,,,,,6818,all important fields empty,remove_incomplete_rows
,,,,,,,<na>,,,,,,,6823,all important fields empty,remove_incomplete_rows
,,,,,,,<na>,,,,,,,6824,all important fields empty,remove_incomplete_rows
,,,,,,,<na>,,,,,,,6827,all important fields empty,remove_incomplete_rows
,,,,,,,<na>,,,,,,,6828,all important fields empty,remove_incomplete_rows
,,,,,,,<na>,,,,,,,6831,all important fields empty,remove_incomplete_rows
,,,,,,,<na>,,,,,,,6832,all important fields empty,remove_incomplete_rows
,,,,,,,<na>,,,,,,,6835,all important fields empty,remove_incomplete_rows
,,,,,,,<na>,,,,,,,6836,all important fields empty,remove_incomplete_rows
,,,,,,,<na>,,,,,,,6839,all important fields empty,remove_incomplete_rows
,,,,,,,<na>,,,,,,,6840,all important fields empty,remove_incomplete_rows
,,,,,,,<na>,,,,,,,6843,all important fields empty,remove_incomplete_rows
,,,,,,,<na>,,,,,,,6844,all important fields empty,remove_incomplete_rows
,,,,,,,<na>,,,,,,,6847,all important fields empty,remove_incomplete_rows
,,,,,,,<na>,,,,,,,6848,all important fields empty,remove_incomplete_rows
,,,,,,,<na>,,,,,,,6851,all important fields empty,remove_incomplete_rows
,,,,,,,<na>,,,,,,,6852,all important fields empty,remove_incomplete_rows
,,,,,,,<na>,,,,,,,6855,all important fields empty,remove_incomplete_rows
,,,,,,,<na>,,,,,,,6856,all important fields empty,remove_incomplete_rows
,,,,,,,<na>,,,,,,,6859,all important fields empty,remove_incomplete_rows
,,,,,,,<na>,,,,,,,6860,all important fields empty,remove_incomplete_rows
,,,,,,,<na>,,,,,,,6863,all important fields empty,remove_incomplete_rows
,,,,,,,<na>,,,,,,,6864,all important fields empty,remove_incomplete_rows
,,,,,,,<na>,,,,,,,6867,all important fields empty,remove_incomplete_rows
,,,,,,,<na>,,,,,,,6868,all important fields empty,remove_incomplete_rows
,,,,,,,<na>,,,,,,,6872,all important fields empty,remove_incomplete_rows
,,,,,,,<na>,,,,,,,6873,all important fields empty,remove_incomplete_rows
,,,,,,,<na>,,,,,,,6877,all important fields empty,remove_incomplete_rows
,,,,,,,<na>,,,,,,,6878,all important fields empty,remove_incomplete_rows
,,,,,,,<na>,,,,,,,6888,all important fields empty,remove_incomplete_rows
,,,,,,,<na>,,,,,,,6889,all important fields empty,remove_incomplete_rows
,,,,,,,<na>,,,,,,,6892,all important fields empty,remove_incomplete_rows
,,,,,,,<na>,,,,,,,6893,all important fields empty,remove_incomplete_rows
,,,,,,,<na>,,,,,,,6896,all important fields empty,remove_incomplete_rows
,,,,,,,<na>,,,,,,,6897,all important fields empty,remove_incomplete_rows
,,,,,,,<na>,,,,,,,6900,all important fields empty,remove_incomplete_rows
,,,,,,,<na>,,,,,,,6901,all important fields empty,remove_incomplete_rows
,,,,,,,<na>,,,,,,,6905,all important fields empty,remove_incomplete_rows
,,,,,,,<na>,,,,,,,6906,all important fields empty,remove_incomplete_rows
,,,,,,,<na>,,,,,,,6909,all important fields empty,remove_incomplete_rows
,,,,,,,<na>,,,,,,,6910,all important fields empty,remove_incomplete_rows
,,,,,,,<na>,,,,,,,6913,all important fields empty,remove_incomplete_rows
,,,,,,,<na>,,,,,,,6914,all important fields empty,remove_incomplete_rows
,,,,,,,<na>,,,,,,,6917,all important fields empty,remove_incomplete_rows
,,,,,,,<na>,,,,,,,6918,all important fields empty,remove_incomplete_rows
,,,,,,,<na>,,,,,,,6921,all important fields empty,remove_incomplete_rows
,,,,,,,<na>,,,,,,,6922,all important fields empty,remove_incomplete_rows
,,,,,,,<na>,,,,,,,6925,all important fields empty,remove_incomplete_rows
,,,,,,,<na>,,,,,,,6926,all important fields empty,remove_incomplete_rows
,,,,,,,<na>,,,,,,,6930,all important fields empty,remove_incomplete_rows
,,,,,,,<na>,,,,,,,6931,all important fields empty,remove_incomplete_rows
,,,,,,,<na>,,,,,,,6939,all important fields empty,remove_incomplete_rows
,,,,,,,<na>,,,,,,,6940,all important fields empty,remove_incomplete_rows
,,,,,,,<na>,,,,,,,6943,all important fields empty,remove_incomplete_rows
,,,,,,,<na>,,,,,,,6944,all important fields empty,remove_incomplete_rows
,,,,,,,<na>,,,,,,,6947,all important fields empty,remove_incomplete_rows
,,,,,,,<na>,,,,,,,6948,all important fields empty,remove_incomplete_rows
,,,,,,,<na>,,,,,,,6958,all important fields empty,remove_incomplete_rows
,,,,,,,<na>,,,,,,,6959,all important fields empty,remove_incomplete_rows
,,,,,,,<na>,,,,,,,6962,all important fields empty,remove_incomplete_rows
,,,,,,,<na>,,,,,,,6963,all important fields empty,remove_incomplete_rows
,,,,,,,<na>,,,,,,,6966,all important fields empty,remove_incomplete_rows
,,,,,,,<na>,,,,,,,6967,all important fields empty,remove_incomplete_rows
,,,,,,,<na>,,,,,,,6970,all important fields empty,remove_incomplete_rows
,,,,,,,<na>,,,,,,,6971,all important fields empty,remove_incomplete_rows
,,,,,,,<na>,,,,,,,6974,all important fields empty,remove_incomplete_rows
,,,,,,,<na>,,,,,,,6975,all important fields empty,remove_incomplete_rows
,,,,,,,<na>,,,,,,,6978,all important fields empty,remove_incomplete_rows
,,,,,,,<na>,,,,,,,6979,all important fields empty,remove_incomplete_rows
,,,,,,,<na>,,,,,,,6986,all important fields empty,remove_incomplete_rows
,,,,,,,<na>,,,,,,,6987,all important fields empty,remove_incomplete_rows
,,,,,,,<na>,,,,,,,6990,all important fields empty,remove_incomplete_rows
,,,,,,,<na>,,,,,,,6991,all important fields empty,remove_incomplete_rows
,,,,,,,<na>,,,,,,,6995,all important fields empty,remove_incomplete_rows
,,,,,,,<na>,,,,,,,6996,all important fields empty,remove_incomplete_rows
,,,,,,,<na>,,,,,,,6999,all important fields empty,remove_incomplete_rows
,,,,,,,<na>,,,,,,,7000,all important fields empty,remove_incomplete_rows
,,,,,,,<na>,,,,,,,7005,all important fields empty,remove_incomplete_rows
,,,,,,,<na>,,,,,,,7006,all important fields empty,remove_incomplete_rows
,,,,,,,<na>,,,,,,,7009,all important fields empty,remove_incomplete_rows
,,,,,,,<na>,,,,,,,7010,all important fields empty,remove_incomplete_rows
,,,,,,,<na>,,,,,,,7013,all important fields empty,remove_incomplete_rows
,,,,,,,<na>,,,,,,,7014,all important fields empty,remove_incomplete_rows
,,,,,,,<na>,,,,,,,7017,all important fields empty,remove_incomplete_rows
,,,,,,,<na>,,,,,,,7018,all important fields empty,remove_incomplete_rows
,,,,,,,<na>,,,,,,,7021,all important fields empty,remove_incomplete_rows
,,,,,,,<na>,,,,,,,7022,all important fields empty,remove_incomplete_rows
,,,,,,,<na>,,,,,,,7025,all important fields empty,remove_incomplete_rows
,,,,,,,<na>,,,,,,,7026,all important fields empty,remove_incomplete_rows
,,,,,,,<na>,,,,,,,7029,all important fields empty,remove_incomplete_rows
,,,,,,,<na>,,,,,,,7030,all important fields empty,remove_incomplete_rows
,,,,,,,<na>,,,,,,,7033,all important fields empty,remove_incomplete_rows
,,,,,,,<na>,,,,,,,7034,all important fields empty,remove_incomplete_rows
,,,,,,,<na>,,,,,,,7039,all important fields empty,remove_incomplete_rows
,,,,,,,<na>,,,,,,,7040,all important fields empty,remove_incomplete_rows
,,,,,,,<na>,,,,,,,7043,all important fields empty,remove_incomplete_rows
,,,,,,,<na>,,,,,,,7044,all important fields empty,remove_incomplete_rows
,,,,,,,<na>,,,,,,,7047,all important fields empty,remove_incomplete_rows
,,,,,,,<na>,,,,,,,7048,all important fields empty,remove_incomplete_rows
,,,,,,,<na>,,,,,,,7051,all important fields empty,remove_incomplete_rows
,,,,,,,<na>,,,,,,,7052,all important fields empty,remove_incomplete_rows
,,,,,,,<na>,,,,,,,7055,all important fields empty,remove_incomplete_rows
,,,,,,,<na>,,,,,,,7056,all important fields empty,remove_incomplete_rows
,,,,,,,<na>,,,,,,,7061,all important fields empty,remove_incomplete_rows
,,,,,,,<na>,,,,,,,7062,all important fields empty,remove_incomplete_rows
,,,,,,,<na>,,,,,,,7066,all important fields empty,remove_incomplete_rows
,,,,,,,<na>,,,,,,,7067,all important fields empty,remove_incomplete_rows
,,,,,,,<na>,,,,,,,7070,all important fields empty,remove_incomplete_rows
,,,,,,,<na>,,,,,,,7071,all important fields empty,remove_incomplete_rows
,,,,,,,<na>,,,,,,,7075,all important fields empty,remove_incomplete_rows
,,,,,,,<na>,,,,,,,7076,all important fields empty,remove_incomplete_rows
,,,,,,,<na>,,,,,,,7080,all important fields empty,remove_incomplete_rows
,,,,,,,<na>,,,,,,,7081,all important fields empty,remove_incomplete_rows
,,,,,,,<na>,,,,,,,7084,all important fields empty,remove_incomplete_rows
,,,,,,,<na>,,,,,,,7085,all important fields empty,remove_incomplete_rows
,,,,,,,<na>,,,,,,,7090,all important fields empty,remove_incomplete_rows
,,,,,,,<na>,,,,,,,7091,all important fields empty,remove_incomplete_rows
,,,,,,,<na>,,,,,,,7096,all important fields empty,remove_incomplete_rows
,,,,,,,<na>,,,,,,,7097,all important fields empty,remove_incomplete_rows
,,,,,,,<na>,,,,,,,7101,all important fields empty,remove_incomplete_rows
,,,,,,,<na>,,,,,,,7102,all important fields empty,remove_incomplete_rows
,,,,,,,<na>,,,,,,,7107,all important fields empty,remove_incomplete_rows
,,,,,,,<na>,,,,,,,7108,all important fields empty,remove_incomplete_rows
,,,,,,,<na>,,,,,,,7111,all important fields empty,remove_incomplete_rows
,,,,,,,<na>,,,,,,,7112,all important fields empty,remove_incomplete_rows
,,,,,,,<na>,,,,,,,7115,all important fields empty,remove_incomplete_rows
,,,,,,,<na>,,,,,,,7116,all important fields empty,remove_incomplete_rows
,,,,,,,<na>,,,,,,,7119,all important fields empty,remove_incomplete_rows
,,,,,,,<na>,,,,,,,7120,all important fields empty,remove_incomplete_rows
,,,,,,,<na>,,,,,,,7123,all important fields empty,remove_incomplete_rows
,,,,,,,<na>,,,,,,,7124,all important fields empty,remove_incomplete_rows
,,,,,,,<na>,,,,,,,7128,all important fields empty,remove_incomplete_rows
,,,,,,,<na>,,,,,,,7129,all important fields empty,remove_incomplete_rows
,,,,,,,<na>,,,,,,,7133,all important fields empty,remove_incomplete_rows
,,,,,,,<na>,,,,,,,7134,all important fields empty,remove_incomplete_rows
,,,,,,,<na>,,,,,,,7140,all important fields empty,remove_incomplete_rows
,,,,,,,<na>,,,,,,,7141,all important fields empty,remove_incomplete_rows
,,,,,,,<na>,,,,,,,7145,all important fields empty,remove_incomplete_rows
,,,,,,,<na>,,,,,,,7146,all important fields empty,remove_incomplete_rows
,,,,,,,<na>,,,,,,,7149,all important fields empty,remove_incomplete_rows
,,,,,,,<na>,,,,,,,7150,all important fields empty,remove_incomplete_rows
,,,,,,,<na>,,,,,,,7153,all important fields empty,remove_incomplete_rows
,,,,,,,<na>,,,,,,,7154,all important fields empty,remove_incomplete_rows
,,,,,,,<na>,,,,,,,7159,all important fields empty,remove_incomplete_rows
,,,,,,,<na>,,,,,,,7160,all important fields empty,remove_incomplete_rows
,,,,,,,<na>,,,,,,,7163,all important fields empty,remove_incomplete_rows
,,,,,,,<na>,,,,,,,7164,all important fields empty,remove_incomplete_rows
,,,,,,,<na>,,,,,,,7167,all important fields empty,remove_incomplete_rows
,,,,,,,<na>,,,,,,,7168,all important fields empty,remove_incomplete_rows
,,,,,,,<na>,,,,,,,7171,all important fields empty,remove_incomplete_rows
,,,,,,,<na>,,,,,,,7172,all important fields empty,remove_incomplete_rows
,,,,,,,<na>,,,,,,,7175,all important fields empty,remove_incomplete_rows
,,,,,,,<na>,,,,,,,7176,all important fields empty,remove_incomplete_rows
,,,,,,,<na>,,,,,,,7180,all important fields empty,remove_incomplete_rows
,,,,,,,<na>,,,,,,,7181,all important fields empty,remove_incomplete_rows
,,,,,,,<na>,,,,,,,7184,all important fields empty,remove_incomplete_rows
,,,,,,,<na>,,,,,,,7185,all important fields empty,remove_incomplete_rows
,,,,,,,<na>,,,,,,,7190,all important fields empty,remove_incomplete_rows
,,,,,,,<na>,,,,,,,7191,all important fields empty,remove_incomplete_rows
,,,,,,,<na>,,,,,,,7194,all important fields empty,remove_incomplete_rows
,,,,,,,<na>,,,,,,,7195,all important fields empty,remove_incomplete_rows
,,,,,,,<na>,,,,,,,7198,all important fields empty,remove_incomplete_rows
,,,,,,,<na>,,,,,,,7199,all important fields empty,remove_incomplete_rows
,,,,,,,<na>,,,,,,,7202,all important fields empty,remove_incomplete_rows
,,,,,,,<na>,,,,,,,7203,all important fields empty,remove_incomplete_rows
,,,,,,,<na>,,,,,,,7207,all important fields empty,remove_incomplete_rows
,,,,,,,<na>,,,,,,,7208,all important fields empty,remove_incomplete_rows
,,,,,,,<na>,,,,,,,7211,all important fields empty,remove_incomplete_rows
,,,,,,,<na>,,,,,,,7212,all important fields empty,remove_incomplete_rows
,,,,,,,<na>,,,,,,,7215,all important fields empty,remove_incomplete_rows
,,,,,,,<na>,,,,,,,7216,all important fields empty,remove_incomplete_rows
,,,,,,,<na>,,,,,,,7220,all important fields empty,remove_incomplete_rows
,,,,,,,<na>,,,,,,,7221,all important fields empty,remove_incomplete_rows
,,,,,,,<na>,,,,,,,7224,all important fields empty,remove_incomplete_rows
,,,,,,,<na>,,,,,,,7225,all important fields empty,remove_incomplete_rows
,,,,,,,<na>,,,,,,,7230,all important fields empty,remove_incomplete_rows
,,,,,,,<na>,,,,,,,7231,all important fields empty,remove_incomplete_rows
,,,,,,,<na>,,,,,,,7234,all important fields empty,remove_incomplete_rows
,,,,,,,<na>,,,,,,,7235,all important fields empty,remove_incomplete_rows
,,,,,,,<na>,,,,,,,7238,all important fields empty,remove_incomplete_rows
,,,,,,,<na>,,,,,,,7239,all important fields empty,remove_incomplete_rows
,,,,,,,<na>,,,,,,,7242,all important fields empty,remove_incomplete_rows
,,,,,,,<na>,,,,,,,7243,all important fields empty,remove_incomplete_rows
,,,,,,,<na>,,,,,,,7248,all important fields empty,remove_incomplete_rows
,,,,,,,<na>,,,,,,,7249,all important fields empty,remove_incomplete_rows
,,,,,,,<na>,,,,,,,7252,all important fields empty,remove_incomplete_rows
,,,,,,,<na>,,,,,,,7253,all important fields empty,remove_incomplete_rows
,,,,,,,<na>,,,,,,,7257,all important fields empty,remove_incomplete_rows
,,,,,,,<na>,,,,,,,7258,all important fields empty,remove_incomplete_rows
,,,,,,,<na>,,,,,,,7261,all important fields empty,remove_incomplete_rows
,,,,,,,<na>,,,,,,,7262,all important fields empty,remove_incomplete_rows
,,,,,,,<na>,,,,,,,7265,all important fields empty,remove_incomplete_rows
,,,,,,,<na>,,,,,,,7266,all important fields empty,remove_incomplete_rows
,,,,,,,<na>,,,,,,,7269,all important fields empty,remove_incomplete_rows
,,,,,,,<na>,,,,,,,7270,all important fields empty,remove_incomplete_rows
,,,,,,,<na>,,,,,,,7274,all important fields empty,remove_incomplete_rows
,,,,,,,<na>,,,,,,,7275,all important fields empty,remove_incomplete_rows
,,,,,,,<na>,,,,,,,7279,all important fields empty,remove_incomplete_rows
,,,,,,,<na>,,,,,,,7280,all important fields empty,remove_incomplete_rows
,,,,,,,<na>,,,,,,,7284,all important fields empty,remove_incomplete_rows
,,,,,,,<na>,,,,,,,7285,all important fields empty,remove_incomplete_rows
,,,,,,,<na>,,,,,,,7289,all important fields empty,remove_incomplete_rows
,,,,,,,<na>,,,,,,,7290,all important fields empty,remove_incomplete_rows
,,,,,,,<na>,,,,,,,7293,all important fields empty,remove_incomplete_rows
,,,,,,,<na>,,,,,,,7294,all important fields empty,remove_incomplete_rows
,,,,,,,<na>,,,,,,,7299,all important fields empty,remove_incomplete_rows
,,,,,,,<na>,,,,,,,7300,all important fields empty,remove_incomplete_rows
,,,,,,,<na>,,,,,,,7303,all important fields empty,remove_incomplete_rows
,,,,,,,<na>,,,,,,,7304,all important fields empty,remove_incomplete_rows
,,,,,,,<na>,,,,,,,7308,all important fields empty,remove_incomplete_rows
,,,,,,,<na>,,,,,,,7309,all important fields empty,remove_incomplete_rows
,,,,,,,<na>,,,,,,,7312,all important fields empty,remove_incomplete_rows
,,,,,,,<na>,,,,,,,7313,all important fields empty,remove_incomplete_rows
,,,,,,,<na>,,,,,,,7316,all important fields empty,remove_incomplete_rows
,,,,,,,<na>,,,,,,,7317,all important fields empty,remove_incomplete_rows
,,,,,,,<na>,,,,,,,7320,all important fields empty,remove_incomplete_rows
,,,,,,,<na>,,,,,,,7321,all important fields empty,remove_incomplete_rows
,,,,,,,<na>,,,,,,,7324,all important fields empty,remove_incomplete_rows
,,,,,,,<na>,,,,,,,7325,all important fields empty,remove_incomplete_rows
,,,,,,,<na>,,,,,,,7329,all important fields empty,remove_incomplete_rows
,,,,,,,<na>,,,,,,,7330,all important fields empty,remove_incomplete_rows
,,,,,,,<na>,,,,,,,7333,all important fields empty,remove_incomplete_rows
,,,,,,,<na>,,,,,,,7334,all important fields empty,remove_incomplete_rows
,,,,,,,<na>,,,,,,,7343,all important fields empty,remove_incomplete_rows
,,,,,,,<na>,,,,,,,7344,all important fields empty,remove_incomplete_rows
,,,,,,,<na>,,,,,,,7347,all important fields empty,remove_incomplete_rows
,,,,,,,<na>,,,,,,,7348,all important fields empty,remove_incomplete_rows
,,,,,,,<na>,,,,,,,7351,all important fields empty,remove_incomplete_rows
,,,,,,,<na>,,,,,,,7352,all important fields empty,remove_incomplete_rows
,,,,,,,<na>,,,,,,,7356,all important fields empty,remove_incomplete_rows
,,,,,,,<na>,,,,,,,7357,all important fields empty,remove_incomplete_rows
,,,,,,,<na>,,,,,,,7360,all important fields empty,remove_incomplete_rows
,,,,,,,<na>,,,,,,,7361,all important fields empty,remove_incomplete_rows
,,,,,,,<na>,,,,,,,7365,all important fields empty,remove_incomplete_rows
,,,,,,,<na>,,,,,,,7366,all important fields empty,remove_incomplete_rows
,,,,,,,<na>,,,,,,,7369,all important fields empty,remove_incomplete_rows
,,,,,,,<na>,,,,,,,7370,all important fields empty,remove_incomplete_rows
,,,,,,,<na>,,,,,,,7373,all important fields empty,remove_incomplete_rows
,,,,,,,<na>,,,,,,,7374,all important fields empty,remove_incomplete_rows
,,,,,,,<na>,,,,,,,7378,all important fields empty,remove_incomplete_rows
,,,,,,,<na>,,,,,,,7379,all important fields empty,remove_incomplete_rows
,,,,,,,<na>,,,,,,,7382,all important fields empty,remove_incomplete_rows
,,,,,,,<na>,,,,,,,7383,all important fields empty,remove_incomplete_rows
,,,,,,,<na>,,,,,,,7386,all important fields empty,remove_incomplete_rows
,,,,,,,<na>,,,,,,,7387,all important fields empty,remove_incomplete_rows
,,,,,,,<na>,,,,,,,7390,all important fields empty,remove_incomplete_rows
,,,,,,,<na>,,,,,,,7391,all important fields empty,remove_incomplete_rows
,,,,,,,<na>,,,,,,,7394,all important fields empty,remove_incomplete_rows
,,,,,,,<na>,,,,,,,7395,all important fields empty,remove_incomplete_rows
,,,,,,,<na>,,,,,,,7398,all important fields empty,remove_incomplete_rows
,,,,,,,<na>,,,,,,,7399,all important fields empty,remove_incomplete_rows
,,,,,,,<na>,,,,,,,7402,all important fields empty,remove_incomplete_rows
,,,,,,,<na>,,,,,,,7403,all important fields empty,remove_incomplete_rows
,,,,,,,<na>,,,,,,,7406,all important fields empty,remove_incomplete_rows
,,,,,,,<na>,,,,,,,7407,all important fields empty,remove_incomplete_rows
,,,,,,,<na>,,,,,,,7410,all important fields empty,remove_incomplete_rows
,,,,,,,<na>,,,,,,,7411,all important fields empty,remove_incomplete_rows
,,,,,,,<na>,,,,,,,7414,all important fields empty,remove_incomplete_rows
,,,,,,,<na>,,,,,,,7415,all important fields empty,remove_incomplete_rows
,,,,,,,<na>,,,,,,,7418,all important fields empty,remove_incomplete_rows
,,,,,,,<na>,,,,,,,7419,all important fields empty,remove_incomplete_rows
,,,,,,,<na>,,,,,,,7422,all important fields empty,remove_incomplete_rows
,,,,,,,<na>,,,,,,,7423,all important fields empty,remove_incomplete_rows
,,,,,,,<na>,,,,,,,7432,all important fields empty,remove_incomplete_rows
,,,,,,,<na>,,,,,,,7433,all important fields empty,remove_incomplete_rows
,,,,,,,<na>,,,,,,,7437,all important fields empty,remove_incomplete_rows
,,,,,,,<na>,,,,,,,7438,all important fields empty,remove_incomplete_rows
,,,,,,,<na>,,,,,,,7446,all important fields empty,remove_incomplete_rows
,,,,,,,<na>,,,,,,,7447,all important fields empty,remove_incomplete_rows
,,,,,,,<na>,,,,,,,7450,all important fields empty,remove_incomplete_rows
,,,,,,,<na>,,,,,,,7451,all important fields empty,remove_incomplete_rows
,,,,,,,<na>,,,,,,,7455,all important fields empty,remove_incomplete_rows
,,,,,,,<na>,,,,,,,7456,all important fields empty,remove_incomplete_rows
,,,,,,,<na>,,,,,,,7459,all important fields empty,remove_incomplete_rows
,,,,,,,<na>,,,,,,,7460,all important fields empty,remove_incomplete_rows
,,,,,,,<na>,,,,,,,7464,all important fields empty,remove_incomplete_rows
,,,,,,,<na>,,,,,,,7465,all important fields empty,remove_incomplete_rows
,,,,,,,<na>,,,,,,,7468,all important fields empty,remove_incomplete_rows
,,,,,,,<na>,,,,,,,7469,all important fields empty,remove_incomplete_rows
,,,,,,,<na>,,,,,,,7472,all important fields empty,remove_incomplete_rows
,,,,,,,<na>,,,,,,,7473,all important fields empty,remove_incomplete_rows
,,,,,,,<na>,,,,,,,7483,all important fields empty,remove_incomplete_rows
,,,,,,,<na>,,,,,,,7484,all important fields empty,remove_incomplete_rows
,,,,,,,<na>,,,,,,,7487,all important fields empty,remove_incomplete_rows
,,,,,,,<na>,,,,,,,7488,all important fields empty,remove_incomplete_rows
,,,,,,,<na>,,,,,,,7493,all important fields empty,remove_incomplete_rows
,,,,,,,<na>,,,,,,,7494,all important fields empty,remove_incomplete_rows
,,,,,,,<na>,,,,,,,7497,all important fields empty,remove_incomplete_rows
,,,,,,,<na>,,,,,,,7498,all important fields empty,remove_incomplete_rows
,,,,,,,<na>,,,,,,,7501,all important fields empty,remove_incomplete_rows
,,,,,,,<na>,,,,,,,7502,all important fields empty,remove_incomplete_rows
,,,,,,,<na>,,,,,,,7510,all important fields empty,remove_incomplete_rows
,,,,,,,<na>,,,,,,,7511,all important fields empty,remove_incomplete_rows
,,,,,,,<na>,,,,,,,7517,all important fields empty,remove_incomplete_rows
,,,,,,,<na>,,,,,,,7518,all important fields empty,remove_incomplete_rows
,,,,,,,<na>,,,,,,,7522,all important fields empty,remove_incomplete_rows
,,,,,,,<na>,,,,,,,7523,all important fields empty,remove_incomplete_rows
,,,,,,,<na>,,,,,,,7527,all important fields empty,remove_incomplete_rows
,,,,,,,<na>,,,,,,,7528,all important fields empty,remove_incomplete_rows
,,,,,,,<na>,,,,,,,7532,all important fields empty,remove_incomplete_rows
,,,,,,,<na>,,,,,,,7533,all important fields empty,remove_incomplete_rows
,,,,,,,<na>,,,,,,,7537,all important fields empty,remove_incomplete_rows
,,,,,,,<na>,,,,,,,7538,all important fields empty,remove_incomplete_rows
,,,,,,,<na>,,,,,,,7541,all important fields empty,remove_incomplete_rows
,,,,,,,<na>,,,,,,,7542,all important fields empty,remove_incomplete_rows
,,,,,,,<na>,,,,,,,7545,all important fields empty,remove_incomplete_rows
,,,,,,,<na>,,,,,,,7546,all important fields empty,remove_incomplete_rows
,,,,,,,<na>,,,,,,,7549,all important fields empty,remove_incomplete_rows
,,,,,,,<na>,,,,,,,7550,all important fields empty,remove_incomplete_rows
,,,,,,,<na>,,,,,,,7553,all important fields empty,remove_incomplete_rows
,,,,,,,<na>,,,,,,,7554,all important fields empty,remove_incomplete_rows
,,,,,,,<na>,,,,,,,7557,all important fields empty,remove_incomplete_rows
,,,,,,,<na>,,,,,,,7558,all important fields empty,remove_incomplete_rows
,,,,,,,<na>,,,,,,,7562,all important fields empty,remove_incomplete_rows
,,,,,,,<na>,,,,,,,7563,all important fields empty,remove_incomplete_rows
,,,,,,,<na>,,,,,,,7566,all important fields empty,remove_incomplete_rows
,,,,,,,<na>,,,,,,,7567,all important fields empty,remove_incomplete_rows
,,,,,,,<na>,,,,,,,7570,all important fields empty,remove_incomplete_rows
,,,,,,,<na>,,,,,,,7571,all important fields empty,remove_incomplete_rows
,,,,,,,<na>,,,,,,,7574,all important fields empty,remove_incomplete_rows
,,,,,,,<na>,,,,,,,7575,all important fields empty,remove_incomplete_rows
,,,,,,,<na>,,,,,,,7578,all important fields empty,remove_incomplete_rows
,,,,,,,<na>,,,,,,,7579,all important fields empty,remove_incomplete_rows
,,,,,,,<na>,,,,,,,7582,all important fields empty,remove_incomplete_rows
,,,,,,,<na>,,,,,,,7583,all important fields empty,remove_incomplete_rows
,,,,,,,<na>,,,,,,,7586,all important fields empty,remove_incomplete_rows
,,,,,,,<na>,,,,,,,7587,all important fields empty,remove_incomplete_rows
,,,,,,,<na>,,,,,,,7591,all important fields empty,remove_incomplete_rows
,,,,,,,<na>,,,,,,,7592,all important fields empty,remove_incomplete_rows
,,,,,,,<na>,,,,,,,7595,all important fields empty,remove_incomplete_rows
,,,,,,,<na>,,,,,,,7596,all important fields empty,remove_incomplete_rows
,,,,,,,<na>,,,,,,,7599,all important fields empty,remove_incomplete_rows
,,,,,,,<na>,,,,,,,7600,all important fields empty,remove_incomplete_rows
,,,,,,,<na>,,,,,,,7604,all important fields empty,remove_incomplete_rows
,,,,,,,<na>,,,,,,,7605,all important fields empty,remove_incomplete_rows
,,,,,,,<na>,,,,,,,7608,all important fields empty,remove_incomplete_rows
,,,,,,,<na>,,,,,,,7609,all important fields empty,remove_incomplete_rows
,,,,,,,<na>,,,,,,,7614,all important fields empty,remove_incomplete_rows
,,,,,,,<na>,,,,,,,7615,all important fields empty,remove_incomplete_rows
,,,,,,,<na>,,,,,,,7618,all important fields empty,remove_incomplete_rows
,,,,,,,<na>,,,,,,,7619,all important fields empty,remove_incomplete_rows
,,,,,,,<na>,,,,,,,7623,all important fields empty,remove_incomplete_rows
,,,,,,,<na>,,,,,,,7624,all important fields empty,remove_incomplete_rows
,,,,,,,<na>,,,,,,,7627,all important fields empty,remove_incomplete_rows
,,,,,,,<na>,,,,,,,7628,all important fields empty,remove_incomplete_rows
,,,,,,,<na>,,,,,,,7635,all important fields empty,remove_incomplete_rows
,,,,,,,<na>,,,,,,,7636,all important fields empty,remove_incomplete_rows
,,,,,,,<na>,,,,,,,7640,all important fields empty,remove_incomplete_rows
,,,,,,,<na>,,,,,,,7641,all important fields empty,remove_incomplete_rows
,,,,,,,<na>,,,,,,,7644,all important fields empty,remove_incomplete_rows
,,,,,,,<na>,,,,,,,7645,all important fields empty,remove_incomplete_rows
,,,,,,,<na>,,,,,,,7650,all important fields empty,remove_incomplete_rows
,,,,,,,<na>,,,,,,,7651,all important fields empty,remove_incomplete_rows
,,,,,,,<na>,,,,,,,7657,all important fields empty,remove_incomplete_rows
,,,,,,,<na>,,,,,,,7658,all important fields empty,remove_incomplete_rows
,,,,,,,<na>,,,,,,,7662,all important fields empty,remove_incomplete_rows
,,,,,,,<na>,,,,,,,7663,all important fields empty,remove_incomplete_rows
,,,,,,,<na>,,,,,,,7666,all important fields empty,remove_incomplete_rows
,,,,,,,<na>,,,,,,,7667,all important fields empty,remove_incomplete_rows
,,,,,,,<na>,,,,,,,7670,all important fields empty,remove_incomplete_rows
,,,,,,,<na>,,,,,,,7671,all important fields empty,remove_incomplete_rows
,,,,,,,<na>,,,,,,,7674,all important fields empty,remove_incomplete_rows
,,,,,,,<na>,,,,,,,7675,all important fields empty,remove_incomplete_rows
,,,,,,,<na>,,,,,,,7678,all important fields empty,remove_incomplete_rows
,,,,,,,<na>,,,,,,,7679,all important fields empty,remove_incomplete_rows
,,,,,,,<na>,,,,,,,7682,all important fields empty,remove_incomplete_rows
,,,,,,,<na>,,,,,,,7683,all important fields empty,remove_incomplete_rows
,,,,,,,<na>,,,,,,,7686,all important fields empty,remove_incomplete_rows
,,,,,,,<na>,,,,,,,7687,all important fields empty,remove_incomplete_rows
,,,,,,,<na>,,,,,,,7690,all important fields empty,remove_incomplete_rows
,,,,,,,<na>,,,,,,,7691,all important fields empty,remove_incomplete_rows
,,,,,,,<na>,,,,,,,7694,all important fields empty,remove_incomplete_rows
,,,,,,,<na>,,,,,,,7695,all important fields empty,remove_incomplete_rows
,,,,,,,<na>,,,,,,,7699,all important fields empty,remove_incomplete_rows
,,,,,,,<na>,,,,,,,7700,all important fields empty,remove_incomplete_rows
,,,,,,,<na>,,,,,,,7703,all important fields empty,remove_incomplete_rows
,,,,,,,<na>,,,,,,,7704,all important fields empty,remove_incomplete_rows
,,,,,,,<na>,,,,,,,7707,all important fields empty,remove_incomplete_rows
,,,,,,,<na>,,,,,,,7708,all important fields empty,remove_incomplete_rows
,,,,,,,<na>,,,,,,,7711,all important fields empty,remove_incomplete_rows
,,,,,,,<na>,,,,,,,7712,all important fields empty,remove_incomplete_rows
,,,,,,,<na>,,,,,,,7718,all important fields empty,remove_incomplete_rows
,,,,,,,<na>,,,,,,,7719,all important fields empty,remove_incomplete_rows
,,,,,,,<na>,,,,,,,7722,all important fields empty,remove_incomplete_rows
,,,,,,,<na>,,,,,,,7723,all important fields empty,remove_incomplete_rows
,,,,,,,<na>,,,,,,,7726,all important fields empty,remove_incomplete_rows
,,,,,,,<na>,,,,,,,7727,all important fields empty,remove_incomplete_rows
,,,,,,,<na>,,,,,,,7731,all important fields empty,remove_incomplete_rows
,,,,,,,<na>,,,,,,,7732,all important fields empty,remove_incomplete_rows
,,,,,,,<na>,,,,,,,7735,all important fields empty,remove_incomplete_rows
,,,,,,,<na>,,,,,,,7736,all important fields empty,remove_incomplete_rows
,,,,,,,<na>,,,,,,,7739,all important fields empty,remove_incomplete_rows
,,,,,,,<na>,,,,,,,7740,all important fields empty,remove_incomplete_rows
,,,,,,,<na>,,,,,,,7743,all important fields empty,remove_incomplete_rows
,,,,,,,<na>,,,,,,,7744,all important fields empty,remove_incomplete_rows
,,,,,,,<na>,,,,,,,7747,all important fields empty,remove_incomplete_rows
,,,,,,,<na>,,,,,,,7748,all important fields empty,remove_incomplete_rows
,,,,,,,<na>,,,,,,,7751,all important fields empty,remove_incomplete_rows
,,,,,,,<na>,,,,,,,7752,all important fields empty,remove_incomplete_rows
,,,,,,,<na>,,,,,,,7755,all important fields empty,remove_incomplete_rows
,,,,,,,<na>,,,,,,,7756,all important fields empty,remove_incomplete_rows
,,,,,,,<na>,,,,,,,7759,all important fields empty,remove_incomplete_rows
,,,,,,,<na>,,,,,,,7760,all important fields empty,remove_incomplete_rows
,,,,,,,<na>,,,,,,,7763,all important fields empty,remove_incomplete_rows
,,,,,,,<na>,,,,,,,7764,all important fields empty,remove_incomplete_rows
,,,,,,,<na>,,,,,,,7767,all important fields empty,remove_incomplete_rows
,,,,,,,<na>,,,,,,,7768,all important fields empty,remove_incomplete_rows
,,,,,,,<na>,,,,,,,7771,all important fields empty,remove_incomplete_rows
,,,,,,,<na>,,,,,,,7772,all important fields empty,remove_incomplete_rows
,,,,,,,<na>,,,,,,,7775,all important fields empty,remove_incomplete_rows
,,,,,,,<na>,,,,,,,7776,all important fields empty,remove_incomplete_rows
,,,,,,,<na>,,,,,,,7779,all important fields empty,remove_incomplete_rows
,,,,,,,<na>,,,,,,,7780,all important fields empty,remove_incomplete_rows
,,,,,,,<na>,,,,,,,7784,all important fields empty,remove_incomplete_rows
,,,,,,,<na>,,,,,,,7785,all important fields empty,remove_incomplete_rows
,,,,,,,<na>,,,,,,,7788,all important fields empty,remove_incomplete_rows
,,,,,,,<na>,,,,,,,7789,all important fields empty,remove_incomplete_rows
,,,,,,,<na>,,,,,,,7792,all important fields empty,remove_incomplete_rows
,,,,,,,<na>,,,,,,,7793,all important fields empty,remove_incomplete_rows
,,,,,,,<na>,,,,,,,7796,all important fields empty,remove_incomplete_rows
,,,,,,,<na>,,,,,,,7797,all important fields empty,remove_incomplete_rows
,,,,,,,<na>,,,,,,,7800,all important fields empty,remove_incomplete_rows
,,,,,,,<na>,,,,,,,7801,all important fields empty,remove_incomplete_rows
,,,,,,,<na>,,,,,,,7809,all important fields empty,remove_incomplete_rows
,,,,,,,<na>,,,,,,,7810,all important fields empty,remove_incomplete_rows
,,,,,,,<na>,,,,,,,7828,all important fields empty,remove_incomplete_rows
,,,,,,,<na>,,,,,,,7829,all important fields empty,remove_incomplete_rows
,,,,,,,<na>,,,,,,,7832,all important fields empty,remove_incomplete_rows
,,,,,,,<na>,,,,,,,7833,all important fields empty,remove_incomplete_rows
,,,,,,,<na>,,,,,,,7836,all important fields empty,remove_incomplete_rows
,,,,,,,<na>,,,,,,,7837,all important fields empty,remove_incomplete_rows
,,,,,,,<na>,,,,,,,7844,all important fields empty,remove_incomplete_rows
,,,,,,,<na>,,,,,,,7845,all important fields empty,remove_incomplete_rows
,,,,,,,<na>,,,,,,,7856,all important fields empty,remove_incomplete_rows
,,,,,,,<na>,,,,,,,7857,all important fields empty,remove_incomplete_rows
,,,,,,,<na>,,,,,,,7872,all important fields empty,remove_incomplete_rows
,,,,,,,<na>,,,,,,,7873,all important fields empty,remove_incomplete_rows
,,,,,,,<na>,,,,,,,7876,all important fields empty,remove_incomplete_rows
,,,,,,,<na>,,,,,,,7877,all important fields empty,remove_incomplete_rows
,,,,,,,<na>,,,,,,,7896,all important fields empty,remove_incomplete_rows
,,,,,,,<na>,,,,,,,7897,all important fields empty,remove_incomplete_rows
,,,,,,,<na>,,,,,,,7900,all important fields empty,remove_incomplete_rows
,,,,,,,<na>,,,,,,,7901,all important fields empty,remove_incomplete_rows
,,,,,,,<na>,,,,,,,7906,all important fields empty,remove_incomplete_rows
,,,,,,,<na>,,,,,,,7907,all important fields empty,remove_incomplete_rows
,,,,,,,<na>,,,,,,,7910,all important fields empty,remove_incomplete_rows
,,,,,,,<na>,,,,,,,7911,all important fields empty,remove_incomplete_rows
,,,,,,,<na>,,,,,,,7916,all important fields empty,remove_incomplete_rows
,,,,,,,<na>,,,,,,,7917,all important fields empty,remove_incomplete_rows
,,,,,,,<na>,,,,,,,7920,all important fields empty,remove_incomplete_rows
,,,,,,,<na>,,,,,,,7921,all important fields empty,remove_incomplete_rows
,,,,,,,<na>,,,,,,,7924,all important fields empty,remove_incomplete_rows
,,,,,,,<na>,,,,,,,7925,all important fields empty,remove_incomplete_rows
,,,,,,,<na>,,,,,,,7929,all important fields empty,remove_incomplete_rows
,,,,,,,<na>,,,,,,,7930,all important fields empty,remove_incomplete_rows
,,,,,,,<na>,,,,,,,7937,all important fields empty,remove_incomplete_rows
,,,,,,,<na>,,,,,,,7938,all important fields empty,remove_incomplete_rows
,,,,,,,<na>,,,,,,,7941,all important fields empty,remove_incomplete_rows
,,,,,,,<na>,,,,,,,7942,all important fields empty,remove_incomplete_rows
,,,,,,,<na>,,,,,,,7946,all important fields empty,remove_incomplete_rows
,,,,,,,<na>,,,,,,,7947,all important fields empty,remove_incomplete_rows
,,,,,,,<na>,,,,,,,7950,all important fields empty,remove_incomplete_rows
,,,,,,,<na>,,,,,,,7951,all important fields empty,remove_incomplete_rows
,,,,,,,<na>,,,,,,,7954,all important fields empty,remove_incomplete_rows
,,,,,,,<na>,,,,,,,7955,all important fields empty,remove_incomplete_rows
,,,,,,,<na>,,,,,,,7958,all important fields empty,remove_incomplete_rows
,,,,,,,<na>,,,,,,,7959,all important fields empty,remove_incomplete_rows
,,,,,,,<na>,,,,,,,7964,all important fields empty,remove_incomplete_rows
,,,,,,,<na>,,,,,,,7965,all important fields empty,remove_incomplete_rows
,,,,,,,<na>,,,,,,,7971,all important fields empty,remove_incomplete_rows
,,,,,,,<na>,,,,,,,7972,all important fields empty,remove_incomplete_rows
,,,,,,,<na>,,,,,,,7979,all important fields empty,remove_incomplete_rows
,,,,,,,<na>,,,,,,,7980,all important fields empty,remove_incomplete_rows
,,,,,,,<na>,,,,,,,7983,all important fields empty,remove_incomplete_rows
,,,,,,,<na>,,,,,,,7984,all important fields empty,remove_incomplete_rows
,,,,,,,<na>,,,,,,,7988,all important fields empty,remove_incomplete_rows
,,,,,,,<na>,,,,,,,7989,all important fields empty,remove_incomplete_rows
,,,,,,,<na>,,,,,,,7992,all important fields empty,remove_incomplete_rows
,,,,,,,<na>,,,,,,,7993,all important fields empty,remove_incomplete_rows
,,,,,,,<na>,,,,,,,7996,all important fields empty,remove_incomplete_rows
,,,,,,,<na>,,,,,,,7997,all important fields empty,remove_incomplete_rows
,,,,,,,<na>,,,,,,,8001,all important fields empty,remove_incomplete_rows
,,,,,,,<na>,,,,,,,8002,all important fields empty,remove_incomplete_rows
,,,,,,,<na>,,,,,,,8006,all important fields empty,remove_incomplete_rows
,,,,,,,<na>,,,,,,,8007,all important fields empty,remove_incomplete_rows
,,,,,,,<na>,,,,,,,8013,all important fields empty,remove_incomplete_rows
,,,,,,,<na>,,,,,,,8014,all important fields empty,remove_incomplete_rows
,,,,,,,<na>,,,,,,,8017,all important fields empty,remove_incomplete_rows
,,,,,,,<na>,,,,,,,8018,all important fields empty,remove_incomplete_rows
,,,,,,,<na>,,,,,,,8023,all important fields empty,remove_incomplete_rows
,,,,,,,<na>,,,,,,,8024,all important fields empty,remove_incomplete_rows
,,,,,,,<na>,,,,,,,8029,all important fields empty,remove_incomplete_rows
,,,,,,,<na>,,,,,,,8030,all important fields empty,remove_incomplete_rows
,,,,,,,<na>,,,,,,,8033,all important fields empty,remove_incomplete_rows
,,,,,,,<na>,,,,,,,8034,all important fields empty,remove_incomplete_rows
,,,,,,,<na>,,,,,,,8037,all important fields empty,remove_incomplete_rows
,,,,,,,<na>,,,,,,,8038,all important fields empty,remove_incomplete_rows
,,,,,,,<na>,,,,,,,8041,all important fields empty,remove_incomplete_rows
,,,,,,,<na>,,,,,,,8042,all important fields empty,remove_incomplete_rows
,,,,,,,<na>,,,,,,,8045,all important fields empty,remove_incomplete_rows
,,,,,,,<na>,,,,,,,8046,all important fields empty,remove_incomplete_rows
,,,,,,,<na>,,,,,,,8049,all important fields empty,remove_incomplete_rows
,,,,,,,<na>,,,,,,,8050,all important fields empty,remove_incomplete_rows
,,,,,,,<na>,,,,,,,8054,all important fields empty,remove_incomplete_rows
,,,,,,,<na>,,,,,,,8055,all important fields empty,remove_incomplete_rows
,,,,,,,<na>,,,,,,,8058,all important fields empty,remove_incomplete_rows
,,,,,,,<na>,,,,,,,8059,all important fields empty,remove_incomplete_rows
,,,,,,,<na>,,,,,,,8062,all important fields empty,remove_incomplete_rows
,,,,,,,<na>,,,,,,,8063,all important fields empty,remove_incomplete_rows
,,,,,,,<na>,,,,,,,8068,all important fields empty,remove_incomplete_rows
,,,,,,,<na>,,,,,,,8069,all important fields empty,remove_incomplete_rows
,,,,,,,<na>,,,,,,,8072,all important fields empty,remove_incomplete_rows
,,,,,,,<na>,,,,,,,8073,all important fields empty,remove_incomplete_rows
,,,,,,,<na>,,,,,,,8076,all important fields empty,remove_incomplete_rows
,,,,,,,<na>,,,,,,,8077,all important fields empty,remove_incomplete_rows
,,,,,,,<na>,,,,,,,8083,all important fields empty,remove_incomplete_rows
,,,,,,,<na>,,,,,,,8084,all important fields empty,remove_incomplete_rows
,,,,,,,<na>,,,,,,,8088,all important fields empty,remove_incomplete_rows
,,,,,,,<na>,,,,,,,8089,all important fields empty,remove_incomplete_rows
,,,,,,,<na>,,,,,,,8093,all important fields empty,remove_incomplete_rows
,,,,,,,<na>,,,,,,,8094,all important fields empty,remove_incomplete_rows
,,,,,,,<na>,,,,,,,8099,all important fields empty,remove_incomplete_rows
,,,,,,,<na>,,,,,,,8100,all important fields empty,remove_incomplete_rows
,,,,,,,<na>,,,,,,,8103,all important fields empty,remove_incomplete_rows
,,,,,,,<na>,,,,,,,8104,all important fields empty,remove_incomplete_rows
,,,,,,,<na>,,,,,,,8107,all important fields empty,remove_incomplete_rows
,,,,,,,<na>,,,,,,,8108,all important fields empty,remove_incomplete_rows
,,,,,,,<na>,,,,,,,8111,all important fields empty,remove_incomplete_rows
,,,,,,,<na>,,,,,,,8112,all important fields empty,remove_incomplete_rows
,,,,,,,<na>,,,,,,,8115,all important fields empty,remove_incomplete_rows
,,,,,,,<na>,,,,,,,8116,all important fields empty,remove_incomplete_rows
,,,,,,,<na>,,,,,,,8119,all important fields empty,remove_incomplete_rows
,,,,,,,<na>,,,,,,,8120,all important fields empty,remove_incomplete_rows
,,,,,,,<na>,,,,,,,8123,all important fields empty,remove_incomplete_rows
,,,,,,,<na>,,,,,,,8124,all important fields empty,remove_incomplete_rows
,,,,,,,<na>,,,,,,,8127,all important fields empty,remove_incomplete_rows
,,,,,,,<na>,,,,,,,8128,all important fields empty,remove_incomplete_rows
,,,,,,,<na>,,,,,,,8131,all important fields empty,remove_incomplete_rows
,,,,,,,<na>,,,,,,,8132,all important fields empty,remove_incomplete_rows
,,,,,,,<na>,,,,,,,8137,all important fields empty,remove_incomplete_rows
,,,,,,,<na>,,,,,,,8138,all important fields empty,remove_incomplete_rows
,,,,,,,<na>,,,,,,,8141,all important fields empty,remove_incomplete_rows
,,,,,,,<na>,,,,,,,8142,all important fields empty,remove_incomplete_rows
,,,,,,,<na>,,,,,,,8145,all important fields empty,remove_incomplete_rows
,,,,,,,<na>,,,,,,,8146,all important fields empty,remove_incomplete_rows
,,,,,,,<na>,,,,,,,8149,all important fields empty,remove_incomplete_rows
,,,,,,,<na>,,,,,,,8150,all important fields empty,remove_incomplete_rows
,,,,,,,<na>,,,,,,,8154,all important fields empty,remove_incomplete_rows
,,,,,,,<na>,,,,,,,8155,all important fields empty,remove_incomplete_rows
,,,,,,,<na>,,,,,,,8162,all important fields empty,remove_incomplete_rows
,,,,,,,<na>,,,,,,,8163,all important fields empty,remove_incomplete_rows
,,,,,,,<na>,,,,,,,8169,all important fields empty,remove_incomplete_rows
,,,,,,,<na>,,,,,,,8170,all important fields empty,remove_incomplete_rows
,,,,,,,<na>,,,,,,,8174,all important fields empty,remove_incomplete_rows
,,,,,,,<na>,,,,,,,8175,all important fields empty,remove_incomplete_rows
,,,,,,,<na>,,,,,,,8178,all important fields empty,remove_incomplete_rows
,,,,,,,<na>,,,,,,,8179,all important fields empty,remove_incomplete_rows
,,,,,,,<na>,,,,,,,8182,all important fields empty,remove_incomplete_rows
,,,,,,,<na>,,,,,,,8183,all important fields empty,remove_incomplete_rows
,,,,,,,<na>,,,,,,,8186,all important fields empty,remove_incomplete_rows
,,,,,,,<na>,,,,,,,8187,all important fields empty,remove_incomplete_rows
,,,,,,,<na>,,,,,,,8191,all important fields empty,remove_incomplete_rows
,,,,,,,<na>,,,,,,,8192,all important fields empty,remove_incomplete_rows
,,,,,,,<na>,,,,,,,8196,all important fields empty,remove_incomplete_rows
,,,,,,,<na>,,,,,,,8197,all important fields empty,remove_incomplete_rows
,,,,,,,<na>,,,,,,,8200,all important fields empty,remove_incomplete_rows
,,,,,,,<na>,,,,,,,8201,all important fields empty,remove_incomplete_rows
,,,,,,,<na>,,,,,,,8205,all important fields empty,remove_incomplete_rows
,,,,,,,<na>,,,,,,,8206,all important fields empty,remove_incomplete_rows
,,,,,,,<na>,,,,,,,8209,all important fields empty,remove_incomplete_rows
,,,,,,,<na>,,,,,,,8210,all important fields empty,remove_incomplete_rows
,,,,,,,<na>,,,,,,,8214,all important fields empty,remove_incomplete_rows
,,,,,,,<na>,,,,,,,8215,all important fields empty,remove_incomplete_rows
,,,,,,,<na>,,,,,,,8218,all important fields empty,remove_incomplete_rows
,,,,,,,<na>,,,,,,,8219,all important fields empty,remove_incomplete_rows
,,,,,,,<na>,,,,,,,8223,all important fields empty,remove_incomplete_rows
,,,,,,,<na>,,,,,,,8224,all important fields empty,remove_incomplete_rows
,,,,,,,<na>,,,,,,,8227,all important fields empty,remove_incomplete_rows
,,,,,,,<na>,,,,,,,8228,all important fields empty,remove_incomplete_rows
,,,,,,,<na>,,,,,,,8231,all important fields empty,remove_incomplete_rows
,,,,,,,<na>,,,,,,,8232,all important fields empty,remove_incomplete_rows
,,,,,,,<na>,,,,,,,8237,all important fields empty,remove_incomplete_rows
,,,,,,,<na>,,,,,,,8238,all important fields empty,remove_incomplete_rows
,,,,,,,<na>,,,,,,,8241,all important fields empty,remove_incomplete_rows
,,,,,,,<na>,,,,,,,8242,all important fields empty,remove_incomplete_rows
,,,,,,,<na>,,,,,,,8245,all important fields empty,remove_incomplete_rows
,,,,,,,<na>,,,,,,,8246,all important fields empty,remove_incomplete_rows
,,,,,,,<na>,,,,,,,8249,all important fields empty,remove_incomplete_rows
,,,,,,,<na>,,,,,,,8250,all important fields empty,remove_incomplete_rows
,,,,,,,<na>,,,,,,,8259,all important fields empty,remove_incomplete_rows
,,,,,,,<na>,,,,,,,8260,all important fields empty,remove_incomplete_rows
,,,,,,,<na>,,,,,,,8264,all important fields empty,remove_incomplete_rows
,,,,,,,<na>,,,,,,,8265,all important fields empty,remove_incomplete_rows
,,,,,,,<na>,,,,,,,8268,all important fields empty,remove_incomplete_rows
,,,,,,,<na>,,,,,,,8269,all important fields empty,remove_incomplete_rows
,,,,,,,<na>,,,,,,,8272,all important fields empty,remove_incomplete_rows
,,,,,,,<na>,,,,,,,8273,all important fields empty,remove_incomplete_rows
,,,,,,,<na>,,,,,,,8276,all important fields empty,remove_incomplete_rows
,,,,,,,<na>,,,,,,,8277,all important fields empty,remove_incomplete_rows
,,,,,,,<na>,,,,,,,8281,all important fields empty,remove_incomplete_rows
,,,,,,,<na>,,,,,,,8282,all important fields empty,remove_incomplete_rows
,,,,,,,<na>,,,,,,,8285,all important fields empty,remove_incomplete_rows
,,,,,,,<na>,,,,,,,8286,all important fields empty,remove_incomplete_rows
,,,,,,,<na>,,,,,,,8289,all important fields empty,remove_incomplete_rows
,,,,,,,<na>,,,,,,,8290,all important fields empty,remove_incomplete_rows
,,,,,,,<na>,,,,,,,8295,all important fields empty,remove_incomplete_rows
,,,,,,,<na>,,,,,,,8296,all important fields empty,remove_incomplete_rows
,,,,,,,<na>,,,,,,,8299,all important fields empty,remove_incomplete_rows
,,,,,,,<na>,,,,,,,8300,all important fields empty,remove_incomplete_rows
,,,,,,,<na>,,,,,,,8303,all important fields empty,remove_incomplete_rows
,,,,,,,<na>,,,,,,,8304,all important fields empty,remove_incomplete_rows
,,,,,,,<na>,,,,,,,8307,all important fields empty,remove_incomplete_rows
,,,,,,,<na>,,,,,,,8308,all important fields empty,remove_incomplete_rows
,,,,,,,<na>,,,,,,,8312,all important fields empty,remove_incomplete_rows
,,,,,,,<na>,,,,,,,8313,all important fields empty,remove_incomplete_rows
,,,,,,,<na>,,,,,,,8316,all important fields empty,remove_incomplete_rows
,,,,,,,<na>,,,,,,,8317,all important fields empty,remove_incomplete_rows
,,,,,,,<na>,,,,,,,8321,all important fields empty,remove_incomplete_rows
,,,,,,,<na>,,,,,,,8322,all important fields empty,remove_incomplete_rows
,,,,,,,<na>,,,,,,,8326,all important fields empty,remove_incomplete_rows
,,,,,,,<na>,,,,,,,8327,all important fields empty,remove_incomplete_rows
,,,,,,,<na>,,,,,,,8330,all important fields empty,remove_incomplete_rows
,,,,,,,<na>,,,,,,,8331,all important fields empty,remove_incomplete_rows
,,,,,,,<na>,,,,,,,8336,all important fields empty,remove_incomplete_rows
,,,,,,,<na>,,,,,,,8337,all important fields empty,remove_incomplete_rows
,,,,,,,<na>,,,,,,,8342,all important fields empty,remove_incomplete_rows
,,,,,,,<na>,,,,,,,8343,all important fields empty,remove_incomplete_rows
,,,,,,,<na>,,,,,,,8347,all important fields empty,remove_incomplete_rows
,,,,,,,<na>,,,,,,,8348,all important fields empty,remove_incomplete_rows
,,,,,,,<na>,,,,,,,8351,all important fields empty,remove_incomplete_rows
,,,,,,,<na>,,,,,,,8352,all important fields empty,remove_incomplete_rows
,,,,,,,<na>,,,,,,,8355,all important fields empty,remove_incomplete_rows
,,,,,,,<na>,,,,,,,8356,all important fields empty,remove_incomplete_rows
,,,,,,,<na>,,,,,,,8359,all important fields empty,remove_incomplete_rows
,,,,,,,<na>,,,,,,,8360,all important fields empty,remove_incomplete_rows
,,,,,,,<na>,,,,,,,8363,all important fields empty,remove_incomplete_rows
,,,,,,,<na>,,,,,,,8364,all important fields empty,remove_incomplete_rows
,,,,,,,<na>,,,,,,,8367,all important fields empty,remove_incomplete_rows
,,,,,,,<na>,,,,,,,8368,all important fields empty,remove_incomplete_rows
,,,,,,,<na>,,,,,,,8371,all important fields empty,remove_incomplete_rows
,,,,,,,<na>,,,,,,,8372,all important fields empty,remove_incomplete_rows
,,,,,,,<na>,,,,,,,8375,all important fields empty,remove_incomplete_rows
,,,,,,,<na>,,,,,,,8376,all important fields empty,remove_incomplete_rows
,,,,,,,<na>,,,,,,,8379,all important fields empty,remove_incomplete_rows
,,,,,,,<na>,,,,,,,8380,all important fields empty,remove_incomplete_rows
,,,,,,,<na>,,,,,,,8384,all important fields empty,remove_incomplete_rows
,,,,,,,<na>,,,,,,,8385,all important fields empty,remove_incomplete_rows
,,,,,,,<na>,,,,,,,8390,all important fields empty,remove_incomplete_rows
,,,,,,,<na>,,,,,,,8391,all important fields empty,remove_incomplete_rows
,,,,,,,<na>,,,,,,,8395,all important fields empty,remove_incomplete_rows
,,,,,,,<na>,,,,,,,8396,all important fields empty,remove_incomplete_rows
,,,,,,,<na>,,,,,,,8399,all important fields empty,remove_incomplete_rows
,,,,,,,<na>,,,,,,,8400,all important fields empty,remove_incomplete_rows
,,,,,,,<na>,,,,,,,8403,all important fields empty,remove_incomplete_rows
,,,,,,,<na>,,,,,,,8404,all important fields empty,remove_incomplete_rows
,,,,,,,<na>,,,,,,,8408,all important fields empty,remove_incomplete_rows
,,,,,,,<na>,,,,,,,8409,all important fields empty,remove_incomplete_rows
,,,,,,,<na>,,,,,,,8413,all important fields empty,remove_incomplete_rows
,,,,,,,<na>,,,,,,,8414,all important fields empty,remove_incomplete_rows
,,,,,,,<na>,,,,,,,8417,all important fields empty,remove_incomplete_rows
,,,,,,,<na>,,,,,,,8418,all important fields empty,remove_incomplete_rows
,,,,,,,<na>,,,,,,,8421,all important fields empty,remove_incomplete_rows
,,,,,,,<na>,,,,,,,8422,all important fields empty,remove_incomplete_rows
,,,,,,,<na>,,,,,,,8425,all important fields empty,remove_incomplete_rows
,,,,,,,<na>,,,,,,,8426,all important fields empty,remove_incomplete_rows
,,,,,,,<na>,,,,,,,8429,all important fields empty,remove_incomplete_rows
,,,,,,,<na>,,,,,,,8430,all important fields empty,remove_incomplete_rows
,,,,,,,<na>,,,,,,,8433,all important fields empty,remove_incomplete_rows
,,,,,,,<na>,,,,,,,8434,all important fields empty,remove_incomplete_rows
,,,,,,,<na>,,,,,,,8438,all important fields empty,remove_incomplete_rows
,,,,,,,<na>,,,,,,,8439,all important fields empty,remove_incomplete_rows
,,,,,,,<na>,,,,,,,8442,all important fields empty,remove_incomplete_rows
,,,,,,,<na>,,,,,,,8443,all important fields empty,remove_incomplete_rows
,,,,,,,<na>,,,,,,,8447,all important fields empty,remove_incomplete_rows
,,,,,,,<na>,,,,,,,8448,all important fields empty,remove_incomplete_rows
,,,,,,,<na>,,,,,,,8452,all important fields empty,remove_incomplete_rows
,,,,,,,<na>,,,,,,,8453,all important fields empty,remove_incomplete_rows
,,,,,,,<na>,,,,,,,8457,all important fields empty,remove_incomplete_rows
,,,,,,,<na>,,,,,,,8458,all important fields empty,remove_incomplete_rows
,,,,,,,<na>,,,,,,,8461,all important fields empty,remove_incomplete_rows
,,,,,,,<na>,,,,,,,8462,all important fields empty,remove_incomplete_rows
,,,,,,,<na>,,,,,,,8465,all important fields empty,remove_incomplete_rows
,,,,,,,<na>,,,,,,,8466,all important fields empty,remove_incomplete_rows
,,,,,,,<na>,,,,,,,8469,all important fields empty,remove_incomplete_rows
,,,,,,,<na>,,,,,,,8470,all important fields empty,remove_incomplete_rows
,,,,,,,<na>,,,,,,,8474,all important fields empty,remove_incomplete_rows
,,,,,,,<na>,,,,,,,8475,all important fields empty,remove_incomplete_rows
,,,,,,,<na>,,,,,,,8480,all important fields empty,remove_incomplete_rows
,,,,,,,<na>,,,,,,,8481,all important fields empty,remove_incomplete_rows
,,,,,,,<na>,,,,,,,8484,all important fields empty,remove_incomplete_rows
,,,,,,,<na>,,,,,,,8485,all important fields empty,remove_incomplete_rows
,,,,,,,<na>,,,,,,,8488,all important fields empty,remove_incomplete_rows
,,,,,,,<na>,,,,,,,8489,all important fields empty,remove_incomplete_rows
,,,,,,,<na>,,,,,,,8492,all important fields empty,remove_incomplete_rows
,,,,,,,<na>,,,,,,,8493,all important fields empty,remove_incomplete_rows
,,,,,,,<na>,,,,,,,8497,all important fields empty,remove_incomplete_rows
,,,,,,,<na>,,,,,,,8498,all important fields empty,remove_incomplete_rows
,,,,,,,<na>,,,,,,,8502,all important fields empty,remove_incomplete_rows
,,,,,,,<na>,,,,,,,8503,all important fields empty,remove_incomplete_rows
,,,,,,,<na>,,,,,,,8506,all important fields empty,remove_incomplete_rows
,,,,,,,<na>,,,,,,,8507,all important fields empty,remove_incomplete_rows
,,,,,,,<na>,,,,,,,8511,all important fields empty,remove_incomplete_rows
,,,,,,,<na>,,,,,,,8512,all important fields empty,remove_incomplete_rows
,,,,,,,<na>,,,,,,,8516,all important fields empty,remove_incomplete_rows
,,,,,,,<na>,,,,,,,8517,all important fields empty,remove_incomplete_rows
,,,,,,,<na>,,,,,,,8522,all important fields empty,remove_incomplete_rows
,,,,,,,<na>,,,,,,,8523,all important fields empty,remove_incomplete_rows
,,,,,,,<na>,,,,,,,8526,all important fields empty,remove_incomplete_rows
,,,,,,,<na>,,,,,,,8527,all important fields empty,remove_incomplete_rows
,,,,,,,<na>,,,,,,,8530,all important fields empty,remove_incomplete_rows
,,,,,,,<na>,,,,,,,8531,all important fields empty,remove_incomplete_rows
,,,,,,,<na>,,,,,,,8534,all important fields empty,remove_incomplete_rows
,,,,,,,<na>,,,,,,,8535,all important fields empty,remove_incomplete_rows
,,,,,,,<na>,,,,,,,8538,all important fields empty,remove_incomplete_rows
,,,,,,,<na>,,,,,,,8539,all important fields empty,remove_incomplete_rows
,,,,,,,<na>,,,,,,,8544,all important fields empty,remove_incomplete_rows
,,,,,,,<na>,,,,,,,8545,all important fields empty,remove_incomplete_rows
,,,,,,,<na>,,,,,,,8551,all important fields empty,remove_incomplete_rows
,,,,,,,<na>,,,,,,,8552,all important fields empty,remove_incomplete_rows
,,,,,,,<na>,,,,,,,8556,all important fields empty,remove_incomplete_rows
,,,,,,,<na>,,,,,,,8557,all important fields empty,remove_incomplete_rows
,,,,,,,<na>,,,,,,,8562,all important fields empty,remove_incomplete_rows
,,,,,,,<na>,,,,,,,8563,all important fields empty,remove_incomplete_rows
,,,,,,,<na>,,,,,,,8567,all important fields empty,remove_incomplete_rows
,,,,,,,<na>,,,,,,,8568,all important fields empty,remove_incomplete_rows
,,,,,,,<na>,,,,,,,8573,all important fields empty,remove_incomplete_rows
,,,,,,,<na>,,,,,,,8574,all important fields empty,remove_incomplete_rows
,,,,,,,<na>,,,,,,,8577,all important fields empty,remove_incomplete_rows
,,,,,,,<na>,,,,,,,8578,all important fields empty,remove_incomplete_rows
,,,,,,,<na>,,,,,,,8585,all important fields empty,remove_incomplete_rows
,,,,,,,<na>,,,,,,,8586,all important fields empty,remove_incomplete_rows
,,,,,,,<na>,,,,,,,8590,all important fields empty,remove_incomplete_rows
,,,,,,,<na>,,,,,,,8591,all important fields empty,remove_incomplete_rows
,,,,,,,<na>,,,,,,,8596,all important fields empty,remove_incomplete_rows
,,,,,,,<na>,,,,,,,8597,all important fields empty,remove_incomplete_rows
,,,,,,,<na>,,,,,,,8605,all important fields empty,remove_incomplete_rows
,,,,,,,<na>,,,,,,,8606,all important fields empty,remove_incomplete_rows
,,,,,,,<na>,,,,,,,8609,all important fields empty,remove_incomplete_rows
,,,,,,,<na>,,,,,,,8610,all important fields empty,remove_incomplete_rows
,,,,,,,<na>,,,,,,,8613,all important fields empty,remove_incomplete_rows
,,,,,,,<na>,,,,,,,8614,all important fields empty,remove_incomplete_rows
,,,,,,,<na>,,,,,,,8621,all important fields empty,remove_incomplete_rows
,,,,,,,<na>,,,,,,,8622,all important fields empty,remove_incomplete_rows
,,,,,,,<na>,,,,,,,8626,all important fields empty,remove_incomplete_rows
,,,,,,,<na>,,,,,,,8627,all important fields empty,remove_incomplete_rows
,,,,,,,<na>,,,,,,,8631,all important fields empty,remove_incomplete_rows
,,,,,,,<na>,,,,,,,8632,all important fields empty,remove_incomplete_rows
,,,,,,,<na>,,,,,,,8635,all important fields empty,remove_incomplete_rows
,,,,,,,<na>,,,,,,,8636,all important fields empty,remove_incomplete_rows
,,,,,,,<na>,,,,,,,8639,all important fields empty,remove_incomplete_rows
,,,,,,,<na>,,,,,,,8640,all important fields empty,remove_incomplete_rows
,,,,,,,<na>,,,,,,,8643,all important fields empty,remove_incomplete_rows
,,,,,,,<na>,,,,,,,8644,all important fields empty,remove_incomplete_rows
,,,,,,,<na>,,,,,,,8649,all important fields empty,remove_incomplete_rows
,,,,,,,<na>,,,,,,,8650,all important fields empty,remove_incomplete_rows
,,,,,,,<na>,,,,,,,8653,all important fields empty,remove_incomplete_rows
,,,,,,,<na>,,,,,,,8654,all important fields empty,remove_incomplete_rows
,,,,,,,<na>,,,,,,,8660,all important fields empty,remove_incomplete_rows
,,,,,,,<na>,,,,,,,8661,all important fields empty,remove_incomplete_rows
,,,,,,,<na>,,,,,,,8665,all important fields empty,remove_incomplete_rows
,,,,,,,<na>,,,,,,,8666,all important fields empty,remove_incomplete_rows
,,,,,,,<na>,,,,,,,8669,all important fields empty,remove_incomplete_rows
,,,,,,,<na>,,,,,,,8670,all important fields empty,remove_incomplete_rows
,,,,,,,<na>,,,,,,,8673,all important fields empty,remove_incomplete_rows
,,,,,,,<na>,,,,,,,8674,all important fields empty,remove_incomplete_rows
,,,,,,,<na>,,,,,,,8680,all important fields empty,remove_incomplete_rows
,,,,,,,<na>,,,,,,,8681,all important fields empty,remove_incomplete_rows
,,,,,,,<na>,,,,,,,8684,all important fields empty,remove_incomplete_rows
,,,,,,,<na>,,,,,,,8685,all important fields empty,remove_incomplete_rows
,,,,,,,<na>,,,,,,,8689,all important fields empty,remove_incomplete_rows
,,,,,,,<na>,,,,,,,8690,all important fields empty,remove_incomplete_rows
,,,,,,,<na>,,,,,,,8693,all important fields empty,remove_incomplete_rows
,,,,,,,<na>,,,,,,,8694,all important fields empty,remove_incomplete_rows
,,,,,,,<na>,,,,,,,8701,all important fields empty,remove_incomplete_rows
,,,,,,,<na>,,,,,,,8702,all important fields empty,remove_incomplete_rows
,,,,,,,<na>,,,,,,,8706,all important fields empty,remove_incomplete_rows
,,,,,,,<na>,,,,,,,8707,all important fields empty,remove_incomplete_rows
,,,,,,,<na>,,,,,,,8710,all important fields empty,remove_incomplete_rows
,,,,,,,<na>,,,,,,,8711,all important fields empty,remove_incomplete_rows
,,,,,,,<na>,,,,,,,8714,all important fields empty,remove_incomplete_rows
,,,,,,,<na>,,,,,,,8715,all important fields empty,remove_incomplete_rows
,,,,,,,<na>,,,,,,,8718,all important fields empty,remove_incomplete_rows
,,,,,,,<na>,,,,,,,8719,all important fields empty,remove_incomplete_rows
,,,,,,,<na>,,,,,,,8726,all important fields empty,remove_incomplete_rows
,,,,,,,<na>,,,,,,,8727,all important fields empty,remove_incomplete_rows
,,,,,,,<na>,,,,,,,8730,all important fields empty,remove_incomplete_rows
,,,,,,,<na>,,,,,,,8731,all important fields empty,remove_incomplete_rows
,,,,,,,<na>,,,,,,,8734,all important fields empty,remove_incomplete_rows
,,,,,,,<na>,,,,,,,8735,all important fields empty,remove_incomplete_rows
,,,,,,,<na>,,,,,,,8740,all important fields empty,remove_incomplete_rows
,,,,,,,<na>,,,,,,,8741,all important fields empty,remove_incomplete_rows
,,,,,,,<na>,,,,,,,8745,all important fields empty,remove_incomplete_rows
,,,,,,,<na>,,,,,,,8746,all important fields empty,remove_incomplete_rows
,,,,,,,<na>,,,,,,,8749,all important fields empty,remove_incomplete_rows
,,,,,,,<na>,,,,,,,8750,all important fields empty,remove_incomplete_rows
,,,,,,,<na>,,,,,,,8756,all important fields empty,remove_incomplete_rows
,,,,,,,<na>,,,,,,,8757,all important fields empty,remove_incomplete_rows
,,,,,,,<na>,,,,,,,8762,all important fields empty,remove_incomplete_rows
,,,,,,,<na>,,,,,,,8763,all important fields empty,remove_incomplete_rows
,,,,,,,<na>,,,,,,,8767,all important fields empty,remove_incomplete_rows
,,,,,,,<na>,,,,,,,8768,all important fields empty,remove_incomplete_rows
,,,,,,,<na>,,,,,,,8771,all important fields empty,remove_incomplete_rows
,,,,,,,<na>,,,,,,,8772,all important fields empty,remove_incomplete_rows
,,,,,,,<na>,,,,,,,8775,all important fields empty,remove_incomplete_rows
,,,,,,,<na>,,,,,,,8776,all important fields empty,remove_incomplete_rows
,,,,,,,<na>,,,,,,,8780,all important fields empty,remove_incomplete_rows
,,,,,,,<na>,,,,,,,8781,all important fields empty,remove_incomplete_rows
,,,,,,,<na>,,,,,,,8785,all important fields empty,remove_incomplete_rows
,,,,,,,<na>,,,,,,,8786,all important fields empty,remove_incomplete_rows
,,,,,,,<na>,,,,,,,8789,all important fields empty,remove_incomplete_rows
,,,,,,,<na>,,,,,,,8790,all important fields empty,remove_incomplete_rows
,,,,,,,<na>,,,,,,,8793,all important fields empty,remove_incomplete_rows
,,,,,,,<na>,,,,,,,8794,all important fields empty,remove_incomplete_rows
,,,,,,,<na>,,,,,,,8813,all important fields empty,remove_incomplete_rows
,,,,,,,<na>,,,,,,,8814,all important fields empty,remove_incomplete_rows
,,,,,,,<na>,,,,,,,8817,all important fields empty,remove_incomplete_rows
,,,,,,,<na>,,,,,,,8818,all important fields empty,remove_incomplete_rows
,,,,,,,<na>,,,,,,,8821,all important fields empty,remove_incomplete_rows
,,,,,,,<na>,,,,,,,8822,all important fields empty,remove_incomplete_rows
,,,,,,,<na>,,,,,,,8828,all important fields empty,remove_incomplete_rows
,,,,,,,<na>,,,,,,,8829,all important fields empty,remove_incomplete_rows
,,,,,,,<na>,,,,,,,8836,all important fields empty,remove_incomplete_rows
,,,,,,,<na>,,,,,,,8837,all important fields empty,remove_incomplete_rows
,,,,,,,<na>,,,,,,,8840,all important fields empty,remove_incomplete_rows
,,,,,,,<na>,,,,,,,8841,all important fields empty,remove_incomplete_rows
,,,,,,,<na>,,,,,,,8844,all important fields empty,remove_incomplete_rows
,,,,,,,<na>,,,,,,,8845,all important fields empty,remove_incomplete_rows
,,,,,,,<na>,,,,,,,8848,all important fields empty,remove_incomplete_rows
,,,,,,,<na>,,,,,,,8849,all important fields empty,remove_incomplete_rows
,,,,,,,<na>,,,,,,,8853,all important fields empty,remove_incomplete_rows
,,,,,,,<na>,,,,,,,8854,all important fields empty,remove_incomplete_rows
,,,,,,,<na>,,,,,,,8860,all important fields empty,remove_incomplete_rows
,,,,,,,<na>,,,,,,,8861,all important fields empty,remove_incomplete_rows
,,,,,,,<na>,,,,,,,8865,all important fields empty,remove_incomplete_rows
,,,,,,,<na>,,,,,,,8866,all important fields empty,remove_incomplete_rows
,,,,,,,<na>,,,,,,,8869,all important fields empty,remove_incomplete_rows
,,,,,,,<na>,,,,,,,8870,all important fields empty,remove_incomplete_rows
,,,,,,,<na>,,,,,,,8873,all important fields empty,remove_incomplete_rows
,,,,,,,<na>,,,,,,,8874,all important fields empty,remove_incomplete_rows
,,,,,,,<na>,,,,,,,8877,all important fields empty,remove_incomplete_rows
,,,,,,,<na>,,,,,,,8878,all important fields empty,remove_incomplete_rows
,,,,,,,<na>,,,,,,,8882,all important fields empty,remove_incomplete_rows
,,,,,,,<na>,,,,,,,8883,all important fields empty,remove_incomplete_rows
,,,,,,,<na>,,,,,,,8886,all important fields empty,remove_incomplete_rows
,,,,,,,<na>,,,,,,,8887,all important fields empty,remove_incomplete_rows
,,,,,,,<na>,,,,,,,8891,all important fields empty,remove_incomplete_rows
,,,,,,,<na>,,,,,,,8892,all important fields empty,remove_incomplete_rows
,,,,,,,<na>,,,,,,,8895,all important fields empty,remove_incomplete_rows
,,,,,,,<na>,,,,,,,8896,all important fields empty,remove_incomplete_rows
,,,,,,,<na>,,,,,,,8899,all important fields empty,remove_incomplete_rows
,,,,,,,<na>,,,,,,,8900,all important fields empty,remove_incomplete_rows
,,,,,,,<na>,,,,,,,8905,all important fields empty,remove_incomplete_rows
,,,,,,,<na>,,,,,,,8906,all important fields empty,remove_incomplete_rows
,,,,,,,<na>,,,,,,,8912,all important fields empty,remove_incomplete_rows
,,,,,,,<na>,,,,,,,8913,all important fields empty,remove_incomplete_rows
,,,,,,,<na>,,,,,,,8918,all important fields empty,remove_incomplete_rows
,,,,,,,<na>,,,,,,,8919,all important fields empty,remove_incomplete_rows
,,,,,,,<na>,,,,,,,8922,all important fields empty,remove_incomplete_rows
,,,,,,,<na>,,,,,,,8923,all important fields empty,remove_incomplete_rows
,,,,,,,<na>,,,,,,,8926,all important fields empty,remove_incomplete_rows
,,,,,,,<na>,,,,,,,8927,all important fields empty,remove_incomplete_rows
,,,,,,,<na>,,,,,,,8930,all important fields empty,remove_incomplete_rows
,,,,,,,<na>,,,,,,,8931,all important fields empty,remove_incomplete_rows
,,,,,,,<na>,,,,,,,8944,all important fields empty,remove_incomplete_rows
,,,,,,,<na>,,,,,,,8945,all important fields empty,remove_incomplete_rows
,,,,,,,<na>,,,,,,,8951,all important fields empty,remove_incomplete_rows
,,,,,,,<na>,,,,,,,8952,all important fields empty,remove_incomplete_rows
,,,,,,,<na>,,,,,,,8978,all important fields empty,remove_incomplete_rows
,,,,,,,<na>,,,,,,,8979,all important fields empty,remove_incomplete_rows
,,,,,,,<na>,,,,,,,8982,all important fields empty,remove_incomplete_rows
,,,,,,,<na>,,,,,,,8983,all important fields empty,remove_incomplete_rows
,,,,,,,<na>,,,,,,,8987,all important fields empty,remove_incomplete_rows
,,,,,,,<na>,,,,,,,8988,all important fields empty,remove_incomplete_rows
,,,,,,,<na>,,,,,,,8991,all important fields empty,remove_incomplete_rows
,,,,,,,<na>,,,,,,,8992,all important fields empty,remove_incomplete_rows
,,,,,,,<na>,,,,,,,8997,all important fields empty,remove_incomplete_rows
,,,,,,,<na>,,,,,,,8998,all important fields empty,remove_incomplete_rows
,,,,,,,<na>,,,,,,,9002,all important fields empty,remove_incomplete_rows
,,,,,,,<na>,,,,,,,9003,all important fields empty,remove_incomplete_rows
,,,,,,,<na>,,,,,,,9006,all important fields empty,remove_incomplete_rows
,,,,,,,<na>,,,,,,,9007,all important fields empty,remove_incomplete_rows
,,,,,,,<na>,,,,,,,9010,all important fields empty,remove_incomplete_rows
,,,,,,,<na>,,,,,,,9011,all important fields empty,remove_incomplete_rows
,,,,,,,<na>,,,,,,,9015,all important fields empty,remove_incomplete_rows
,,,,,,,<na>,,,,,,,9016,all important fields empty,remove_incomplete_rows
,,,,,,,<na>,,,,,,,9020,all important fields empty,remove_incomplete_rows
,,,,,,,<na>,,,,,,,9021,all important fields empty,remove_incomplete_rows
,,,,,,,<na>,,,,,,,9035,all important fields empty,remove_incomplete_rows
,,,,,,,<na>,,,,,,,9036,all important fields empty,remove_incomplete_rows
,,,,,,,<na>,,,,,,,9040,all important fields empty,remove_incomplete_rows
,,,,,,,<na>,,,,,,,9041,all important fields empty,remove_incomplete_rows
,,,,,,,<na>,,,,,,,9045,all important fields empty,remove_incomplete_rows
,,,,,,,<na>,,,,,,,9046,all important fields empty,remove_incomplete_rows
,,,,,,,<na>,,,,,,,9049,all important fields empty,remove_incomplete_rows
,,,,,,,<na>,,,,,,,9050,all important fields empty,remove_incomplete_rows
,,,,,,,<na>,,,,,,,9054,all important fields empty,remove_incomplete_rows
,,,,,,,<na>,,,,,,,9055,all important fields empty,remove_incomplete_rows
,,,,,,,<na>,,,,,,,9058,all important fields empty,remove_incomplete_rows
,,,,,,,<na>,,,,,,,9059,all important fields empty,remove_incomplete_rows
,,,,,,,<na>,,,,,,,9062,all important fields empty,remove_incomplete_rows
,,,,,,,<na>,,,,,,,9063,all important fields empty,remove_incomplete_rows
,,,,,,,<na>,,,,,,,9067,all important fields empty,remove_incomplete_rows
,,,,,,,<na>,,,,,,,9068,all important fields empty,remove_incomplete_rows
,,,,,,,<na>,,,,,,,9071,all important fields empty,remove_incomplete_rows
,,,,,,,<na>,,,,,,,9072,all important fields empty,remove_incomplete_rows
,,,,,,,<na>,,,,,,,9079,all important fields empty,remove_incomplete_rows
,,,,,,,<na>,,,,,,,9080,all important fields empty,remove_incomplete_rows
,,,,,,,<na>,,,,,,,9083,all important fields empty,remove_incomplete_rows
,,,,,,,<na>,,,,,,,9084,all important fields empty,remove_incomplete_rows
,,,,,,,<na>,,,,,,,9087,all important fields empty,remove_incomplete_rows
,,,,,,,<na>,,,,,,,9088,all important fields empty,remove_incomplete_rows
,,,,,,,<na>,,,,,,,9091,all important fields empty,remove_incomplete_rows
,,,,,,,<na>,,,,,,,9092,all important fields empty,remove_incomplete_rows
,,,,,,,<na>,,,,,,,9095,all important fields empty,remove_incomplete_rows
,,,,,,,<na>,,,,,,,9096,all important fields empty,remove_incomplete_rows
,,,,,,,<na>,,,,,,,9100,all important fields empty,remove_incomplete_rows
,,,,,,,<na>,,,,,,,9101,all important fields empty,remove_incomplete_rows
,,,,,,,<na>,,,,,,,9104,all important fields empty,remove_incomplete_rows
,,,,,,,<na>,,,,,,,9105,all important fields empty,remove_incomplete_rows
,,,,,,,<na>,,,,,,,9110,all important fields empty,remove_incomplete_rows
,,,,,,,<na>,,,,,,,9111,all important fields empty,remove_incomplete_rows
,,,,,,,<na>,,,,,,,9114,all important fields empty,remove_incomplete_rows
,,,,,,,<na>,,,,,,,9115,all important fields empty,remove_incomplete_rows
,,,,,,,<na>,,,,,,,9118,all important fields empty,remove_incomplete_rows
,,,,,,,<na>,,,,,,,9119,all important fields empty,remove_incomplete_rows
,,,,,,,<na>,,,,,,,9123,all important fields empty,remove_incomplete_rows
,,,,,,,<na>,,,,,,,9124,all important fields empty,remove_incomplete_rows
,,,,,,,<na>,,,,,,,9129,all important fields empty,remove_incomplete_rows
,,,,,,,<na>,,,,,,,9130,all important fields empty,remove_incomplete_rows
,,,,,,,<na>,,,,,,,9133,all important fields empty,remove_incomplete_rows
,,,,,,,<na>,,,,,,,9134,all important fields empty,remove_incomplete_rows
,,,,,,,<na>,,,,,,,9137,all important fields empty,remove_incomplete_rows
,,,,,,,<na>,,,,,,,9138,all important fields empty,remove_incomplete_rows
,,,,,,,<na>,,,,,,,9141,all important fields empty,remove_incomplete_rows
,,,,,,,<na>,,,,,,,9142,all important fields empty,remove_incomplete_rows
,,,,,,,<na>,,,,,,,9146,all important fields empty,remove_incomplete_rows
,,,,,,,<na>,,,,,,,9147,all important fields empty,remove_incomplete_rows
,,,,,,,<na>,,,,,,,9150,all important fields empty,remove_incomplete_rows
,,,,,,,<na>,,,,,,,9151,all important fields empty,remove_incomplete_rows
,,,,,,,<na>,,,,,,,9156,all important fields empty,remove_incomplete_rows
,,,,,,,<na>,,,,,,,9157,all important fields empty,remove_incomplete_rows
,,,,,,,<na>,,,,,,,9163,all important fields empty,remove_incomplete_rows
,,,,,,,<na>,,,,,,,9164,all important fields empty,remove_incomplete_rows
,,,,,,,<na>,,,,,,,9167,all important fields empty,remove_incomplete_rows
,,,,,,,<na>,,,,,,,9168,all important fields empty,remove_incomplete_rows
,,,,,,,<na>,,,,,,,9172,all important fields empty,remove_incomplete_rows
,,,,,,,<na>,,,,,,,9173,all important fields empty,remove_incomplete_rows
,,,,,,,<na>,,,,,,,9176,all important fields empty,remove_incomplete_rows
,,,,,,,<na>,,,,,,,9177,all important fields empty,remove_incomplete_rows
,,,,,,,<na>,,,,,,,9180,all important fields empty,remove_incomplete_rows
,,,,,,,<na>,,,,,,,9181,all important fields empty,remove_incomplete_rows
,,,,,,,<na>,,,,,,,9184,all important fields empty,remove_incomplete_rows
,,,,,,,<na>,,,,,,,9185,all important fields empty,remove_incomplete_rows
,,,,,,,<na>,,,,,,,9188,all important fields empty,remove_incomplete_rows
,,,,,,,<na>,,,,,,,9189,all important fields empty,remove_incomplete_rows
,,,,,,,<na>,,,,,,,9193,all important fields empty,remove_incomplete_rows
,,,,,,,<na>,,,,,,,9194,all important fields empty,remove_incomplete_rows
,,,,,,,<na>,,,,,,,9199,all important fields empty,remove_incomplete_rows
,,,,,,,<na>,,,,,,,9200,all important fields empty,remove_incomplete_rows
,,,,,,,<na>,,,,,,,9203,all important fields empty,remove_incomplete_rows
,,,,,,,<na>,,,,,,,9204,all important fields empty,remove_incomplete_rows
,,,,,,,<na>,,,,,,,9209,all important fields empty,remove_incomplete_rows
,,,,,,,<na>,,,,,,,9210,all important fields empty,remove_incomplete_rows
,,,,,,,<na>,,,,,,,9213,all important fields empty,remove_incomplete_rows
,,,,,,,<na>,,,,,,,9214,all important fields empty,remove_incomplete_rows
,,,,,,,<na>,,,,,,,9217,all important fields empty,remove_incomplete_rows
,,,,,,,<na>,,,,,,,9218,all important fields empty,remove_incomplete_rows
,,,,,,,<na>,,,,,,,9221,all important fields empty,remove_incomplete_rows
,,,,,,,<na>,,,,,,,9222,all important fields empty,remove_incomplete_rows
,,,,,,,<na>,,,,,,,9225,all important fields empty,remove_incomplete_rows
,,,,,,,<na>,,,,,,,9226,all important fields empty,remove_incomplete_rows
,,,,,,,<na>,,,,,,,9230,all important fields empty,remove_incomplete_rows
,,,,,,,<na>,,,,,,,9231,all important fields empty,remove_incomplete_rows
,,,,,,,<na>,,,,,,,9234,all important fields empty,remove_incomplete_rows
,,,,,,,<na>,,,,,,,9235,all important fields empty,remove_incomplete_rows
,,,,,,,<na>,,,,,,,9238,all important fields empty,remove_incomplete_rows
,,,,,,,<na>,,,,,,,9239,all important fields empty,remove_incomplete_rows
,,,,,,,<na>,,,,,,,9242,all important fields empty,remove_incomplete_rows
,,,,,,,<na>,,,,,,,9243,all important fields empty,remove_incomplete_rows
,,,,,,,<na>,,,,,,,9247,all important fields empty,remove_incomplete_rows
,,,,,,,<na>,,,,,,,9248,all important fields empty,remove_incomplete_rows
,,,,,,,<na>,,,,,,,9252,all important fields empty,remove_incomplete_rows
,,,,,,,<na>,,,,,,,9253,all important fields empty,remove_incomplete_rows
,,,,,,,<na>,,,,,,,9256,all important fields empty,remove_incomplete_rows
,,,,,,,<na>,,,,,,,9257,all important fields empty,remove_incomplete_rows
,,,,,,,<na>,,,,,,,9260,all important fields empty,remove_incomplete_rows
,,,,,,,<na>,,,,,,,9261,all important fields empty,remove_incomplete_rows
,,,,,,,<na>,,,,,,,9264,all important fields empty,remove_incomplete_rows
,,,,,,,<na>,,,,,,,9265,all important fields empty,remove_incomplete_rows
,,,,,,,<na>,,,,,,,9268,all important fields empty,remove_incomplete_rows
,,,,,,,<na>,,,,,,,9269,all important fields empty,remove_incomplete_rows
,,,,,,,<na>,,,,,,,9273,all important fields empty,remove_incomplete_rows
,,,,,,,<na>,,,,,,,9274,all important fields empty,remove_incomplete_rows
,,,,,,,<na>,,,,,,,9278,all important fields empty,remove_incomplete_rows
,,,,,,,<na>,,,,,,,9279,all important fields empty,remove_incomplete_rows
,,,,,,,<na>,,,,,,,9282,all important fields empty,remove_incomplete_rows
,,,,,,,<na>,,,,,,,9283,all important fields empty,remove_incomplete_rows
,,,,,,,<na>,,,,,,,9286,all important fields empty,remove_incomplete_rows
,,,,,,,<na>,,,,,,,9287,all important fields empty,remove_incomplete_rows
,,,,,,,<na>,,,,,,,9290,all important fields empty,remove_incomplete_rows
,,,,,,,<na>,,,,,,,9291,all important fields empty,remove_incomplete_rows
,,,,,,,<na>,,,,,,,9295,all important fields empty,remove_incomplete_rows
,,,,,,,<na>,,,,,,,9296,all important fields empty,remove_incomplete_rows
,,,,,,,<na>,,,,,,,9299,all important fields empty,remove_incomplete_rows
,,,,,,,<na>,,,,,,,9300,all important fields empty,remove_incomplete_rows
,,,,,,,<na>,,,,,,,9303,all important fields empty,remove_incomplete_rows
,,,,,,,<na>,,,,,,,9304,all important fields empty,remove_incomplete_rows
,,,,,,,<na>,,,,,,,9307,all important fields empty,remove_incomplete_rows
,,,,,,,<na>,,,,,,,9308,all important fields empty,remove_incomplete_rows
,,,,,,,<na>,,,,,,,9315,all important fields empty,remove_incomplete_rows
,,,,,,,<na>,,,,,,,9316,all important fields empty,remove_incomplete_rows
,,,,,,,<na>,,,,,,,9320,all important fields empty,remove_incomplete_rows
,,,,,,,<na>,,,,,,,9321,all important fields empty,remove_incomplete_rows
,,,,,,,<na>,,,,,,,9325,all important fields empty,remove_incomplete_rows
,,,,,,,<na>,,,,,,,9326,all important fields empty,remove_incomplete_rows
,,,,,,,<na>,,,,,,,9331,all important fields empty,remove_incomplete_rows
,,,,,,,<na>,,,,,,,9332,all important fields empty,remove_incomplete_rows
,,,,,,,<na>,,,,,,,9335,all important fields empty,remove_incomplete_rows
,,,,,,,<na>,,,,,,,9336,all important fields empty,remove_incomplete_rows
,,,,,,,<na>,,,,,,,9340,all important fields empty,remove_incomplete_rows
,,,,,,,<na>,,,,,,,9341,all important fields empty,remove_incomplete_rows
,,,,,,,<na>,,,,,,,9344,all important fields empty,remove_incomplete_rows
,,,,,,,<na>,,,,,,,9345,all important fields empty,remove_incomplete_rows
,,,,,,,<na>,,,,,,,9350,all important fields empty,remove_incomplete_rows
,,,,,,,<na>,,,,,,,9351,all important fields empty,remove_incomplete_rows
,,,,,,,<na>,,,,,,,9354,all important fields empty,remove_incomplete_rows
,,,,,,,<na>,,,,,,,9355,all important fields empty,remove_incomplete_rows
,,,,,,,<na>,,,,,,,9358,all important fields empty,remove_incomplete_rows
,,,,,,,<na>,,,,,,,9359,all important fields empty,remove_incomplete_rows
,,,,,,,<na>,,,,,,,9362,all important fields empty,remove_incomplete_rows
,,,,,,,<na>,,,,,,,9363,all important fields empty,remove_incomplete_rows
,,,,,,,<na>,,,,,,,9368,all important fields empty,remove_incomplete_rows
,,,,,,,<na>,,,,,,,9369,all important fields empty,remove_incomplete_rows
,,,,,,,<na>,,,,,,,9375,all important fields empty,remove_incomplete_rows
,,,,,,,<na>,,,,,,,9376,all important fields empty,remove_incomplete_rows
,,,,,,,<na>,,,,,,,9379,all important fields empty,remove_incomplete_rows
,,,,,,,<na>,,,,,,,9380,all important fields empty,remove_incomplete_rows
,,,,,,,<na>,,,,,,,9384,all important fields empty,remove_incomplete_rows
,,,,,,,<na>,,,,,,,9385,all important fields empty,remove_incomplete_rows
,,,,,,,<na>,,,,,,,9389,all important fields empty,remove_incomplete_rows
,,,,,,,<na>,,,,,,,9390,all important fields empty,remove_incomplete_rows
,,,,,,,<na>,,,,,,,9393,all important fields empty,remove_incomplete_rows
,,,,,,,<na>,,,,,,,9394,all important fields empty,remove_incomplete_rows
,,,,,,,<na>,,,,,,,9397,all important fields empty,remove_incomplete_rows
,,,,,,,<na>,,,,,,,9398,all important fields empty,remove_incomplete_rows
,,,,,,,<na>,,,,,,,9401,all important fields empty,remove_incomplete_rows
,,,,,,,<na>,,,,,,,9402,all important fields empty,remove_incomplete_rows
,,,,,,,<na>,,,,,,,9406,all important fields empty,remove_incomplete_rows
,,,,,,,<na>,,,,,,,9407,all important fields empty,remove_incomplete_rows
,,,,,,,<na>,,,,,,,9410,all important fields empty,remove_incomplete_rows
,,,,,,,<na>,,,,,,,9411,all important fields empty,remove_incomplete_rows
,,,,,,,<na>,,,,,,,9415,all important fields empty,remove_incomplete_rows
,,,,,,,<na>,,,,,,,9416,all important fields empty,remove_incomplete_rows
,,,,,,,<na>,,,,,,,9419,all important fields empty,remove_incomplete_rows
,,,,,,,<na>,,,,,,,9420,all important fields empty,remove_incomplete_rows
,,,,,,,<na>,,,,,,,9423,all important fields empty,remove_incomplete_rows
,,,,,,,<na>,,,,,,,9424,all important fields empty,remove_incomplete_rows
,,,,,,,<na>,,,,,,,9427,all important fields empty,remove_incomplete_rows
,,,,,,,<na>,,,,,,,9428,all important fields empty,remove_incomplete_rows
,,,,,,,<na>,,,,,,,9431,all important fields empty,remove_incomplete_rows
,,,,,,,<na>,,,,,,,9432,all important fields empty,remove_incomplete_rows
,,,,,,,<na>,,,,,,,9436,all important fields empty,remove_incomplete_rows
,,,,,,,<na>,,,,,,,9437,all important fields empty,remove_incomplete_rows
,,,,,,,<na>,,,,,,,9441,all important fields empty,remove_incomplete_rows
,,,,,,,<na>,,,,,,,9442,all important fields empty,remove_incomplete_rows
,,,,,,,<na>,,,,,,,9446,all important fields empty,remove_incomplete_rows
,,,,,,,<na>,,,,,,,9447,all important fields empty,remove_incomplete_rows
,,,,,,,<na>,,,,,,,9450,all important fields empty,remove_incomplete_rows
,,,,,,,<na>,,,,,,,9451,all important fields empty,remove_incomplete_rows
,,,,,,,<na>,,,,,,,9454,all important fields empty,remove_incomplete_rows
,,,,,,,<na>,,,,,,,9455,all important fields empty,remove_incomplete_rows
,,,,,,,<na>,,,,,,,9458,all important fields empty,remove_incomplete_rows
,,,,,,,<na>,,,,,,,9459,all important fields empty,remove_incomplete_rows
,,,,,,,<na>,,,,,,,9464,all important fields empty,remove_incomplete_rows
,,,,,,,<na>,,,,,,,9465,all important fields empty,remove_incomplete_rows
,,,,,,,<na>,,,,,,,9471,all important fields empty,remove_incomplete_rows
,,,,,,,<na>,,,,,,,9472,all important fields empty,remove_incomplete_rows
,,,,,,,<na>,,,,,,,9475,all important fields empty,remove_incomplete_rows
,,,,,,,<na>,,,,,,,9476,all important fields empty,remove_incomplete_rows
,,,,,,,<na>,,,,,,,9479,all important fields empty,remove_incomplete_rows
,,,,,,,<na>,,,,,,,9480,all important fields empty,remove_incomplete_rows
,,,,,,,<na>,,,,,,,9484,all important fields empty,remove_incomplete_rows
,,,,,,,<na>,,,,,,,9485,all important fields empty,remove_incomplete_rows
,,,,,,,<na>,,,,,,,9488,all important fields empty,remove_incomplete_rows
,,,,,,,<na>,,,,,,,9489,all important fields empty,remove_incomplete_rows
,,,,,,,<na>,,,,,,,9493,all important fields empty,remove_incomplete_rows
,,,,,,,<na>,,,,,,,9494,all important fields empty,remove_incomplete_rows
,,,,,,,<na>,,,,,,,9498,all important fields empty,remove_incomplete_rows
,,,,,,,<na>,,,,,,,9499,all important fields empty,remove_incomplete_rows
,,,,,,,<na>,,,,,,,9502,all important fields empty,remove_incomplete_rows
,,,,,,,<na>,,,,,,,9503,all important fields empty,remove_incomplete_rows
,,,,,,,<na>,,,,,,,9506,all important fields empty,remove_incomplete_rows
,,,,,,,<na>,,,,,,,9507,all important fields empty,remove_incomplete_rows
,,,,,,,<na>,,,,,,,9512,all important fields empty,remove_incomplete_rows
,,,,,,,<na>,,,,,,,9513,all important fields empty,remove_incomplete_rows
,,,,,,,<na>,,,,,,,9517,all important fields empty,remove_incomplete_rows
,,,,,,,<na>,,,,,,,9518,all important fields empty,remove_incomplete_rows
,,,,,,,<na>,,,,,,,9523,all important fields empty,remove_incomplete_rows
,,,,,,,<na>,,,,,,,9524,all important fields empty,remove_incomplete_rows
,,,,,,,<na>,,,,,,,9528,all important fields empty,remove_incomplete_rows
,,,,,,,<na>,,,,,,,9529,all important fields empty,remove_incomplete_rows
,,,,,,,<na>,,,,,,,9533,all important fields empty,remove_incomplete_rows
,,,,,,,<na>,,,,,,,9534,all important fields empty,remove_incomplete_rows
,,,,,,,<na>,,,,,,,9540,all important fields empty,remove_incomplete_rows
,,,,,,,<na>,,,,,,,9541,all important fields empty,remove_incomplete_rows
,,,,,,,<na>,,,,,,,9545,all important fields empty,remove_incomplete_rows
,,,,,,,<na>,,,,,,,9546,all important fields empty,remove_incomplete_rows
,,,,,,,<na>,,,,,,,9550,all important fields empty,remove_incomplete_rows
,,,,,,,<na>,,,,,,,9551,all important fields empty,remove_incomplete_rows
,,,,,,,<na>,,,,,,,9554,all important fields empty,remove_incomplete_rows
,,,,,,,<na>,,,,,,,9555,all important fields empty,remove_incomplete_rows
,,,,,,,<na>,,,,,,,9558,all important fields empty,remove_incomplete_rows
,,,,,,,<na>,,,,,,,9559,all important fields empty,remove_incomplete_rows
,,,,,,,<na>,,,,,,,9562,all important fields empty,remove_incomplete_rows
,,,,,,,<na>,,,,,,,9563,all important fields empty,remove_incomplete_rows
,,,,,,,<na>,,,,,,,9568,all important fields empty,remove_incomplete_rows
,,,,,,,<na>,,,,,,,9569,all important fields empty,remove_incomplete_rows
,,,,,,,<na>,,,,,,,9575,all important fields empty,remove_incomplete_rows
,,,,,,,<na>,,,,,,,9576,all important fields empty,remove_incomplete_rows
,,,,,,,<na>,,,,,,,9581,all important fields empty,remove_incomplete_rows
,,,,,,,<na>,,,,,,,9582,all important fields empty,remove_incomplete_rows
,,,,,,,<na>,,,,,,,9585,all important fields empty,remove_incomplete_rows
,,,,,,,<na>,,,,,,,9586,all important fields empty,remove_incomplete_rows
,,,,,,,<na>,,,,,,,9589,all important fields empty,remove_incomplete_rows
,,,,,,,<na>,,,,,,,9590,all important fields empty,remove_incomplete_rows
,,,,,,,<na>,,,,,,,9595,all important fields empty,remove_incomplete_rows
,,,,,,,<na>,,,,,,,9596,all important fields empty,remove_incomplete_rows
,,,,,,,<na>,,,,,,,9599,all important fields empty,remove_incomplete_rows
,,,,,,,<na>,,,,,,,9600,all important fields empty,remove_incomplete_rows
,,,,,,,<na>,,,,,,,9603,all important fields empty,remove_incomplete_rows
,,,,,,,<na>,,,,,,,9604,all important fields empty,remove_incomplete_rows
,,,,,,,<na>,,,,,,,9607,all important fields empty,remove_incomplete_rows
,,,,,,,<na>,,,,,,,9608,all important fields empty,remove_incomplete_rows
,,,,,,,<na>,,,,,,,9612,all important fields empty,remove_incomplete_rows
,,,,,,,<na>,,,,,,,9613,all important fields empty,remove_incomplete_rows
,,,,,,,<na>,,,,,,,9616,all important fields empty,remove_incomplete_rows
,,,,,,,<na>,,,,,,,9617,all important fields empty,remove_incomplete_rows
,,,,,,,<na>,,,,,,,9621,all important fields empty,remove_incomplete_rows
,,,,,,,<na>,,,,,,,9622,all important fields empty,remove_incomplete_rows
,,,,,,,<na>,,,,,,,9625,all important fields empty,remove_incomplete_rows
,,,,,,,<na>,,,,,,,9626,all important fields empty,remove_incomplete_rows
,,,,,,,<na>,,,,,,,9629,all important fields empty,remove_incomplete_rows
,,,,,,,<na>,,,,,,,9630,all important fields empty,remove_incomplete_rows
,,,,,,,<na>,,,,,,,9635,all important fields empty,remove_incomplete_rows
,,,,,,,<na>,,,,,,,9636,all important fields empty,remove_incomplete_rows
,,,,,,,<na>,,,,,,,9639,all important fields empty,remove_incomplete_rows
,,,,,,,<na>,,,,,,,9640,all important fields empty,remove_incomplete_rows
,,,,,,,<na>,,,,,,,9646,all important fields empty,remove_incomplete_rows
,,,,,,,<na>,,,,,,,9647,all important fields empty,remove_incomplete_rows
,,,,,,,<na>,,,,,,,9650,all important fields empty,remove_incomplete_rows
,,,,,,,<na>,,,,,,,9651,all important fields empty,remove_incomplete_rows
,,,,,,,<na>,,,,,,,9655,all important fields empty,remove_incomplete_rows
,,,,,,,<na>,,,,,,,9656,all important fields empty,remove_incomplete_rows
,,,,,,,<na>,,,,,,,9659,all important fields empty,remove_incomplete_rows
,,,,,,,<na>,,,,,,,9660,all important fields empty,remove_incomplete_rows
,,,,,,,<na>,,,,,,,9665,all important fields empty,remove_incomplete_rows
,,,,,,,<na>,,,,,,,9666,all important fields empty,remove_incomplete_rows
,,,,,,,<na>,,,,,,,9669,all important fields empty,remove_incomplete_rows
,,,,,,,<na>,,,,,,,9670,all important fields empty,remove_incomplete_rows
,,,,,,,<na>,,,,,,,9673,all important fields empty,remove_incomplete_rows
,,,,,,,<na>,,,,,,,9674,all important fields empty,remove_incomplete_rows
,,,,,,,<na>,,,,,,,9678,all important fields empty,remove_incomplete_rows
,,,,,,,<na>,,,,,,,9679,all important fields empty,remove_incomplete_rows
,,,,,,,<na>,,,,,,,9682,all important fields empty,remove_incomplete_rows
,,,,,,,<na>,,,,,,,9683,all important fields empty,remove_incomplete_rows
,,,,,,,<na>,,,,,,,9686,all important fields empty,remove_incomplete_rows
,,,,,,,<na>,,,,,,,9687,all important fields empty,remove_incomplete_rows
,,,,,,,<na>,,,,,,,9690,all important fields empty,remove_incomplete_rows
,,,,,,,<na>,,,,,,,9691,all important fields empty,remove_incomplete_rows
,,,,,,,<na>,,,,,,,9694,all important fields empty,remove_incomplete_rows
,,,,,,,<na>,,,,,,,9695,all important fields empty,remove_incomplete_rows
,,,,,,,<na>,,,,,,,9698,all important fields empty,remove_incomplete_rows
,,,,,,,<na>,,,,,,,9699,all important fields empty,remove_incomplete_rows
,,,,,,,<na>,,,,,,,9702,all important fields empty,remove_incomplete_rows
,,,,,,,<na>,,,,,,,9703,all important fields empty,remove_incomplete_rows
,,,,,,,<na>,,,,,,,9706,all important fields empty,remove_incomplete_rows
,,,,,,,<na>,,,,,,,9707,all important fields empty,remove_incomplete_rows
,,,,,,,<na>,,,,,,,9712,all important fields empty,remove_incomplete_rows
,,,,,,,<na>,,,,,,,9713,all important fields empty,remove_incomplete_rows
,,,,,,,<na>,,,,,,,9717,all important fields empty,remove_incomplete_rows
,,,,,,,<na>,,,,,,,9718,all important fields empty,remove_incomplete_rows
,,,,,,,<na>,,,,,,,9721,all important fields empty,remove_incomplete_rows
,,,,,,,<na>,,,,,,,9722,all important fields empty,remove_incomplete_rows
,,,,,,,<na>,,,,,,,9725,all important fields empty,remove_incomplete_rows
,,,,,,,<na>,,,,,,,9726,all important fields empty,remove_incomplete_rows
,,,,,,,<na>,,,,,,,9729,all important fields empty,remove_incomplete_rows
,,,,,,,<na>,,,,,,,9730,all important fields empty,remove_incomplete_rows
,,,,,,,<na>,,,,,,,9733,all important fields empty,remove_incomplete_rows
,,,,,,,<na>,,,,,,,9734,all important fields empty,remove_incomplete_rows
,,,,,,,<na>,,,,,,,9743,all important fields empty,remove_incomplete_rows
,,,,,,,<na>,,,,,,,9744,all important fields empty,remove_incomplete_rows
,,,,,,,<na>,,,,,,,9747,all important fields empty,remove_incomplete_rows
,,,,,,,<na>,,,,,,,9748,all important fields empty,remove_incomplete_rows
,,,,,,,<na>,,,,,,,9752,all important fields empty,remove_incomplete_rows
,,,,,,,<na>,,,,,,,9753,all important fields empty,remove_incomplete_rows
,,,,,,,<na>,,,,,,,9758,all important fields empty,remove_incomplete_rows
,,,,,,,<na>,,,,,,,9759,all important fields empty,remove_incomplete_rows
,,,,,,,<na>,,,,,,,9762,all important fields empty,remove_incomplete_rows
,,,,,,,<na>,,,,,,,9763,all important fields empty,remove_incomplete_rows
,,,,,,,<na>,,,,,,,9766,all important fields empty,remove_incomplete_rows
,,,,,,,<na>,,,,,,,9767,all important fields empty,remove_incomplete_rows
,,,,,,,<na>,,,,,,,9771,all important fields empty,remove_incomplete_rows
,,,,,,,<na>,,,,,,,9772,all important fields empty,remove_incomplete_rows
,,,,,,,<na>,,,,,,,9777,all important fields empty,remove_incomplete_rows
,,,,,,,<na>,,,,,,,9778,all important fields empty,remove_incomplete_rows
,,,,,,,<na>,,,,,,,9783,all important fields empty,remove_incomplete_rows
,,,,,,,<na>,,,,,,,9784,all important fields empty,remove_incomplete_rows
,,,,,,,<na>,,,,,,,9788,all important fields empty,remove_incomplete_rows
,,,,,,,<na>,,,,,,,9789,all important fields empty,remove_incomplete_rows
,,,,,,,<na>,,,,,,,9793,all important fields empty,remove_incomplete_rows
,,,,,,,<na>,,,,,,,9794,all important fields empty,remove_incomplete_rows
,,,,,,,<na>,,,,,,,9797,all important fields empty,remove_incomplete_rows
,,,,,,,<na>,,,,,,,9798,all important fields empty,remove_incomplete_rows
,,,,,,,<na>,,,,,,,9801,all important fields empty,remove_incomplete_rows
,,,,,,,<na>,,,,,,,9802,all important fields empty,remove_incomplete_rows
,,,,,,,<na>,,,,,,,9807,all important fields empty,remove_incomplete_rows
,,,,,,,<na>,,,,,,,9808,all important fields empty,remove_incomplete_rows
,,,,,,,<na>,,,,,,,9815,all important fields empty,remove_incomplete_rows
,,,,,,,<na>,,,,,,,9816,all important fields empty,remove_incomplete_rows
,,,,,,,<na>,,,,,,,9821,all important fields empty,remove_incomplete_rows
,,,,,,,<na>,,,,,,,9822,all important fields empty,remove_incomplete_rows
,,,,,,,<na>,,,,,,,9829,all important fields empty,remove_incomplete_rows
,,,,,,,<na>,,,,,,,9830,all important fields empty,remove_incomplete_rows
,,,,,,,<na>,,,,,,,9833,all important fields empty,remove_incomplete_rows
,,,,,,,<na>,,,,,,,9834,all important fields empty,remove_incomplete_rows
,,,,,,,<na>,,,,,,,9837,all important fields empty,remove_incomplete_rows
,,,,,,,<na>,,,,,,,9838,all important fields empty,remove_incomplete_rows
,,,,,,,<na>,,,,,,,9842,all important fields empty,remove_incomplete_rows
,,,,,,,<na>,,,,,,,9843,all important fields empty,remove_incomplete_rows
,,,,,,,<na>,,,,,,,9848,all important fields empty,remove_incomplete_rows
,,,,,,,<na>,,,,,,,9849,all important fields empty,remove_incomplete_rows
,,,,,,,<na>,,,,,,,9852,all important fields empty,remove_incomplete_rows
,,,,,,,<na>,,,,,,,9853,all important fields empty,remove_incomplete_rows
,,,,,,,<na>,,,,,,,9856,all important fields empty,remove_incomplete_rows
,,,,,,,<na>,,,,,,,9857,all important fields empty,remove_incomplete_rows
,,,,,,,<na>,,,,,,,9862,all important fields empty,remove_incomplete_rows
,,,,,,,<na>,,,,,,,9863,all important fields empty,remove_incomplete_rows
,,,,,,,<na>,,,,,,,9868,all important fields empty,remove_incomplete_rows
,,,,,,,<na>,,,,,,,9869,all important fields empty,remove_incomplete_rows
,,,,,,,<na>,,,,,,,9872,all important fields empty,remove_incomplete_rows
,,,,,,,<na>,,,,,,,9873,all important fields empty,remove_incomplete_rows
,,,,,,,<na>,,,,,,,9876,all important fields empty,remove_incomplete_rows
,,,,,,,<na>,,,,,,,9877,all important fields empty,remove_incomplete_rows
,,,,,,,<na>,,,,,,,9880,all important fields empty,remove_incomplete_rows
,,,,,,,<na>,,,,,,,9881,all important fields empty,remove_incomplete_rows
,,,,,,,<na>,,,,,,,9884,all important fields empty,remove_incomplete_rows
,,,,,,,<na>,,,,,,,9885,all important fields empty,remove_incomplete_rows
,,,,,,,<na>,,,,,,,9888,all important fields empty,remove_incomplete_rows
,,,,,,,<na>,,,,,,,9889,all important fields empty,remove_incomplete_rows
,,,,,,,<na>,,,,,,,9892,all important fields empty,remove_incomplete_rows
,,,,,,,<na>,,,,,,,9893,all important fields empty,remove_incomplete_rows
,,,,,,,<na>,,,,,,,9896,all important fields empty,remove_incomplete_rows
,,,,,,,<na>,,,,,,,9897,all important fields empty,remove_incomplete_rows
,,,,,,,<na>,,,,,,,9900,all important fields empty,remove_incomplete_rows
,,,,,,,<na>,,,,,,,9901,all important fields empty,remove_incomplete_rows
,,,,,,,<na>,,,,,,,9905,all important fields empty,remove_incomplete_rows
,,,,,,,<na>,,,,,,,9906,all important fields empty,remove_incomplete_rows
,,,,,,,<na>,,,,,,,9909,all important fields empty,remove_incomplete_rows
,,,,,,,<na>,,,,,,,9910,all important fields empty,remove_incomplete_rows
,,,,,,,<na>,,,,,,,9914,all important fields empty,remove_incomplete_rows
,,,,,,,<na>,,,,,,,9915,all important fields empty,remove_incomplete_rows
,,,,,,,<na>,,,,,,,9920,all important fields empty,remove_incomplete_rows
,,,,,,,<na>,,,,,,,9921,all important fields empty,remove_incomplete_rows
,,,,,,,<na>,,,,,,,9924,all important fields empty,remove_incomplete_rows
,,,,,,,<na>,,,,,,,9925,all important fields empty,remove_incomplete_rows
,,,,,,,<na>,,,,,,,9928,all important fields empty,remove_incomplete_rows
,,,,,,,<na>,,,,,,,9929,all important fields empty,remove_incomplete_rows
,,,,,,,<na>,,,,,,,9933,all important fields empty,remove_incomplete_rows
,,,,,,,<na>,,,,,,,9934,all important fields empty,remove_incomplete_rows
,,,,,,,<na>,,,,,,,9941,all important fields empty,remove_incomplete_rows
,,,,,,,<na>,,,,,,,9942,all important fields empty,remove_incomplete_rows
,,,,,,,<na>,,,,,,,9950,all important fields empty,remove_incomplete_rows
,,,,,,,<na>,,,,,,,9951,all important fields empty,remove_incomplete_rows
,,,,,,,<na>,,,,,,,9954,all important fields empty,remove_incomplete_rows
,,,,,,,<na>,,,,,,,9955,all important fields empty,remove_incomplete_rows
,,,,,,,<na>,,,,,,,9958,all important fields empty,remove_incomplete_rows
,,,,,,,<na>,,,,,,,9959,all important fields empty,remove_incomplete_rows
,,,,,,,<na>,,,,,,,9963,all important fields empty,remove_incomplete_rows
,,,,,,,<na>,,,,,,,9964,all important fields empty,remove_incomplete_rows
,,,,,,,<na>,,,,,,,9967,all important fields empty,remove_incomplete_rows
,,,,,,,<na>,,,,,,,9968,all important fields empty,remove_incomplete_rows
,,,,,,,<na>,,,,,,,9971,all important fields empty,remove_incomplete_rows
,,,,,,,<na>,,,,,,,9972,all important fields empty,remove_incomplete_rows
,,,,,,,<na>,,,,,,,9975,all important fields empty,remove_incomplete_rows
,,,,,,,<na>,,,,,,,9976,all important fields empty,remove_incomplete_rows
,,,,,,,<na>,,,,,,,9979,all important fields empty,remove_incomplete_rows
,,,,,,,<na>,,,,,,,9980,all important fields empty,remove_incomplete_rows
,,,,,,,<na>,,,,,,,9983,all important fields empty,remove_incomplete_rows
,,,,,,,<na>,,,,,,,9984,all important fields empty,remove_incomplete_rows
,,,,,,,<na>,,,,,,,9988,all important fields empty,remove_incomplete_rows
,,,,,,,<na>,,,,,,,9989,all important fields empty,remove_incomplete_rows
,,,,,,,<na>,,,,,,,9993,all important fields empty,remove_incomplete_rows
,,,,,,,<na>,,,,,,,9994,all important fields empty,remove_incomplete_rows
,,,,,,,<na>,,,,,,,9997,all important fields empty,remove_incomplete_rows
,,,,,,,<na>,,,,,,,9998,all important fields empty,remove_incomplete_rows
,,,,,,,<na>,,,,,,,10001,all important fields empty,remove_incomplete_rows
,,,,,,,<na>,,,,,,,10002,all important fields empty,remove_incomplete_rows
,,,,,,,<na>,,,,,,,10007,all important fields empty,remove_incomplete_rows
,,,,,,,<na>,,,,,,,10008,all important fields empty,remove_incomplete_rows
,,,,,,,<na>,,,,,,,10014,all important fields empty,remove_incomplete_rows
,,,,,,,<na>,,,,,,,10015,all important fields empty,remove_incomplete_rows
,,,,,,,<na>,,,,,,,10020,all important fields empty,remove_incomplete_rows
,,,,,,,<na>,,,,,,,10021,all important fields empty,remove_incomplete_rows
,,,,,,,<na>,,,,,,,10024,all important fields empty,remove_incomplete_rows
,,,,,,,<na>,,,,,,,10025,all important fields empty,remove_incomplete_rows
,,,,,,,<na>,,,,,,,10028,all important fields empty,remove_incomplete_rows
,,,,,,,<na>,,,,,,,10029,all important fields empty,remove_incomplete_rows
,,,,,,,<na>,,,,,,,10034,all important fields empty,remove_incomplete_rows
,,,,,,,<na>,,,,,,,10035,all important fields empty,remove_incomplete_rows
,,,,,,,<na>,,,,,,,10038,all important fields empty,remove_incomplete_rows
,,,,,,,<na>,,,,,,,10039,all important fields empty,remove_incomplete_rows
,,,,,,,<na>,,,,,,,10042,all important fields empty,remove_incomplete_rows
,,,,,,,<na>,,,,,,,10043,all important fields empty,remove_incomplete_rows
,,,,,,,<na>,,,,,,,10048,all important fields empty,remove_incomplete_rows
,,,,,,,<na>,,,,,,,10049,all important fields empty,remove_incomplete_rows
,,,,,,,<na>,,,,,,,10052,all important fields empty,remove_incomplete_rows
,,,,,,,<na>,,,,,,,10053,all important fields empty,remove_incomplete_rows
,,,,,,,<na>,,,,,,,10056,all important fields empty,remove_incomplete_rows
,,,,,,,<na>,,,,,,,10057,all important fields empty,remove_incomplete_rows
,,,,,,,<na>,,,,,,,10064,all important fields empty,remove_incomplete_rows
,,,,,,,<na>,,,,,,,10065,all important fields empty,remove_incomplete_rows
,,,,,,,<na>,,,,,,,10069,all important fields empty,remove_incomplete_rows
,,,,,,,<na>,,,,,,,10070,all important fields empty,remove_incomplete_rows
,,,,,,,<na>,,,,,,,10078,all important fields empty,remove_incomplete_rows
,,,,,,,<na>,,,,,,,10079,all important fields empty,remove_incomplete_rows
,,,,,,,<na>,,,,,,,10082,all important fields empty,remove_incomplete_rows
,,,,,,,<na>,,,,,,,10083,all important fields empty,remove_incomplete_rows
,,,,,,,<na>,,,,,,,10086,all important fields empty,remove_incomplete_rows
,,,,,,,<na>,,,,,,,10087,all important fields empty,remove_incomplete_rows
,,,,,,,<na>,,,,,,,10092,all important fields empty,remove_incomplete_rows
,,,,,,,<na>,,,,,,,10093,all important fields empty,remove_incomplete_rows
,,,,,,,<na>,,,,,,,10096,all important fields empty,remove_incomplete_rows
,,,,,,,<na>,,,,,,,10097,all important fields empty,remove_incomplete_rows
,,,,,,,<na>,,,,,,,10100,all important fields empty,remove_incomplete_rows
,,,,,,,<na>,,,,,,,10101,all important fields empty,remove_incomplete_rows
,,,,,,,<na>,,,,,,,10107,all important fields empty,remove_incomplete_rows
,,,,,,,<na>,,,,,,,10108,all important fields empty,remove_incomplete_rows
,,,,,,,<na>,,,,,,,10114,all important fields empty,remove_incomplete_rows
,,,,,,,<na>,,,,,,,10115,all important fields empty,remove_incomplete_rows
,,,,,,,<na>,,,,,,,10118,all important fields empty,remove_incomplete_rows
,,,,,,,<na>,,,,,,,10119,all important fields empty,remove_incomplete_rows
,,,,,,,<na>,,,,,,,10122,all important fields empty,remove_incomplete_rows
,,,,,,,<na>,,,,,,,10123,all important fields empty,remove_incomplete_rows
,,,,,,,<na>,,,,,,,10127,all important fields empty,remove_incomplete_rows
,,,,,,,<na>,,,,,,,10128,all important fields empty,remove_incomplete_rows
,,,,,,,<na>,,,,,,,10131,all important fields empty,remove_incomplete_rows
,,,,,,,<na>,,,,,,,10132,all important fields empty,remove_incomplete_rows
,,,,,,,<na>,,,,,,,10138,all important fields empty,remove_incomplete_rows
,,,,,,,<na>,,,,,,,10139,all important fields empty,remove_incomplete_rows
,,,,,,,<na>,,,,,,,10144,all important fields empty,remove_incomplete_rows
,,,,,,,<na>,,,,,,,10145,all important fields empty,remove_incomplete_rows
,,,,,,,<na>,,,,,,,10148,all important fields empty,remove_incomplete_rows
,,,,,,,<na>,,,,,,,10149,all important fields empty,remove_incomplete_rows
,,,,,,,<na>,,,,,,,10152,all important fields empty,remove_incomplete_rows
,,,,,,,<na>,,,,,,,10153,all important fields empty,remove_incomplete_rows
,,,,,,,<na>,,,,,,,10156,all important fields empty,remove_incomplete_rows
,,,,,,,<na>,,,,,,,10157,all important fields empty,remove_incomplete_rows
,,,,,,,<na>,,,,,,,10160,all important fields empty,remove_incomplete_rows
,,,,,,,<na>,,,,,,,10161,all important fields empty,remove_incomplete_rows
,,,,,,,<na>,,,,,,,10164,all important fields empty,remove_incomplete_rows
,,,,,,,<na>,,,,,,,10165,all important fields empty,remove_incomplete_rows
,,,,,,,<na>,,,,,,,10170,all important fields empty,remove_incomplete_rows
,,,,,,,<na>,,,,,,,10171,all important fields empty,remove_incomplete_rows
,,,,,,,<na>,,,,,,,10174,all important fields empty,remove_incomplete_rows
,,,,,,,<na>,,,,,,,10175,all important fields empty,remove_incomplete_rows
,,,,,,,<na>,,,,,,,10178,all important fields empty,remove_incomplete_rows
,,,,,,,<na>,,,,,,,10179,all important fields empty,remove_incomplete_rows
,,,,,,,<na>,,,,,,,10182,all important fields empty,remove_incomplete_rows
,,,,,,,<na>,,,,,,,10183,all important fields empty,remove_incomplete_rows
,,,,,,,<na>,,,,,,,10186,all important fields empty,remove_incomplete_rows
,,,,,,,<na>,,,,,,,10187,all important fields empty,remove_incomplete_rows
,,,,,,,<na>,,,,,,,10193,all important fields empty,remove_incomplete_rows
,,,,,,,<na>,,,,,,,10194,all important fields empty,remove_incomplete_rows
,,,,,,,<na>,,,,,,,10197,all important fields empty,remove_incomplete_rows
,,,,,,,<na>,,,,,,,10198,all important fields empty,remove_incomplete_rows
,,,,,,,<na>,,,,,,,10201,all important fields empty,remove_incomplete_rows
,,,,,,,<na>,,,,,,,10202,all important fields empty,remove_incomplete_rows
,,,,,,,<na>,,,,,,,10205,all important fields empty,remove_incomplete_rows
,,,,,,,<na>,,,,,,,10206,all important fields empty,remove_incomplete_rows
,,,,,,,<na>,,,,,,,10209,all important fields empty,remove_incomplete_rows
,,,,,,,<na>,,,,,,,10210,all important fields empty,remove_incomplete_rows
,,,,,,,<na>,,,,,,,10213,all important fields empty,remove_incomplete_rows
,,,,,,,<na>,,,,,,,10214,all important fields empty,remove_incomplete_rows
,,,,,,,<na>,,,,,,,10218,all important fields empty,remove_incomplete_rows
,,,,,,,<na>,,,,,,,10219,all important fields empty,remove_incomplete_rows
,,,,,,,<na>,,,,,,,10224,all important fields empty,remove_incomplete_rows
,,,,,,,<na>,,,,,,,10225,all important fields empty,remove_incomplete_rows
,,,,,,,<na>,,,,,,,10228,all important fields empty,remove_incomplete_rows
,,,,,,,<na>,,,,,,,10229,all important fields empty,remove_incomplete_rows
,,,,,,,<na>,,,,,,,10232,all important fields empty,remove_incomplete_rows
,,,,,,,<na>,,,,,,,10233,all important fields empty,remove_incomplete_rows
,,,,,,,<na>,,,,,,,10236,all important fields empty,remove_incomplete_rows
,,,,,,,<na>,,,,,,,10237,all important fields empty,remove_incomplete_rows
,,,,,,,<na>,,,,,,,10240,all important fields empty,remove_incomplete_rows
,,,,,,,<na>,,,,,,,10241,all important fields empty,remove_incomplete_rows
,,,,,,,<na>,,,,,,,10244,all important fields empty,remove_incomplete_rows
,,,,,,,<na>,,,,,,,10245,all important fields empty,remove_incomplete_rows
,,,,,,,<na>,,,,,,,10248,all important fields empty,remove_incomplete_rows
,,,,,,,<na>,,,,,,,10249,all important fields empty,remove_incomplete_rows
,,,,,,,<na>,,,,,,,10252,all important fields empty,remove_incomplete_rows
,,,,,,,<na>,,,,,,,10253,all important fields empty,remove_incomplete_rows
,,,,,,,<na>,,,,,,,10256,all important fields empty,remove_incomplete_rows
,,,,,,,<na>,,,,,,,10257,all important fields empty,remove_incomplete_rows
,,,,,,,<na>,,,,,,,10260,all important fields empty,remove_incomplete_rows
,,,,,,,<na>,,,,,,,10261,all important fields empty,remove_incomplete_rows
,,,,,,,<na>,,,,,,,10264,all important fields empty,remove_incomplete_rows
,,,,,,,<na>,,,,,,,10265,all important fields empty,remove_incomplete_rows
,,,,,,,<na>,,,,,,,10271,all important fields empty,remove_incomplete_rows
,,,,,,,<na>,,,,,,,10272,all important fields empty,remove_incomplete_rows
,,,,,,,<na>,,,,,,,10275,all important fields empty,remove_incomplete_rows
,,,,,,,<na>,,,,,,,10276,all important fields empty,remove_incomplete_rows
,,,,,,,<na>,,,,,,,10280,all important fields empty,remove_incomplete_rows
,,,,,,,<na>,,,,,,,10281,all important fields empty,remove_incomplete_rows
,,,,,,,<na>,,,,,,,10285,all important fields empty,remove_incomplete_rows
,,,,,,,<na>,,,,,,,10286,all important fields empty,remove_incomplete_rows
,,,,,,,<na>,,,,,,,10292,all important fields empty,remove_incomplete_rows
,,,,,,,<na>,,,,,,,10293,all important fields empty,remove_incomplete_rows
,,,,,,,<na>,,,,,,,10296,all important fields empty,remove_incomplete_rows
,,,,,,,<na>,,,,,,,10297,all important fields empty,remove_incomplete_rows
,,,,,,,<na>,,,,,,,10300,all important fields empty,remove_incomplete_rows
,,,,,,,<na>,,,,,,,10301,all important fields empty,remove_incomplete_rows
,,,,,,,<na>,,,,,,,10304,all important fields empty,remove_incomplete_rows
,,,,,,,<na>,,,,,,,10305,all important fields empty,remove_incomplete_rows
,,,,,,,<na>,,,,,,,10310,all important fields empty,remove_incomplete_rows
,,,,,,,<na>,,,,,,,10311,all important fields empty,remove_incomplete_rows
,,,,,,,<na>,,,,,,,10315,all important fields empty,remove_incomplete_rows
,,,,,,,<na>,,,,,,,10316,all important fields empty,remove_incomplete_rows
,,,,,,,<na>,,,,,,,10320,all important fields empty,remove_incomplete_rows
,,,,,,,<na>,,,,,,,10321,all important fields empty,remove_incomplete_rows
,,,,,,,<na>,,,,,,,10325,all important fields empty,remove_incomplete_rows
,,,,,,,<na>,,,,,,,10326,all important fields empty,remove_incomplete_rows
,,,,,,,<na>,,,,,,,10331,all important fields empty,remove_incomplete_rows
,,,,,,,<na>,,,,,,,10332,all important fields empty,remove_incomplete_rows
,,,,,,,<na>,,,,,,,10337,all important fields empty,remove_incomplete_rows
,,,,,,,<na>,,,,,,,10338,all important fields empty,remove_incomplete_rows
,,,,,,,<na>,,,,,,,10341,all important fields empty,remove_incomplete_rows
,,,,,,,<na>,,,,,,,10342,all important fields empty,remove_incomplete_rows
,,,,,,,<na>,,,,,,,10346,all important fields empty,remove_incomplete_rows
,,,,,,,<na>,,,,,,,10347,all important fields empty,remove_incomplete_rows
,,,,,,,<na>,,,,,,,10352,all important fields empty,remove_incomplete_rows
,,,,,,,<na>,,,,,,,10353,all important fields empty,remove_incomplete_rows
,,,,,,,<na>,,,,,,,10359,all important fields empty,remove_incomplete_rows
,,,,,,,<na>,,,,,,,10360,all important fields empty,remove_incomplete_rows
,,,,,,,<na>,,,,,,,10363,all important fields empty,remove_incomplete_rows
,,,,,,,<na>,,,,,,,10364,all important fields empty,remove_incomplete_rows
,,,,,,,<na>,,,,,,,10367,all important fields empty,remove_incomplete_rows
,,,,,,,<na>,,,,,,,10368,all important fields empty,remove_incomplete_rows
,,,,,,,<na>,,,,,,,10373,all important fields empty,remove_incomplete_rows
,,,,,,,<na>,,,,,,,10374,all important fields empty,remove_incomplete_rows
,,,,,,,<na>,,,,,,,10379,all important fields empty,remove_incomplete_rows
,,,,,,,<na>,,,,,,,10380,all important fields empty,remove_incomplete_rows
,,,,,,,<na>,,,,,,,10383,all important fields empty,remove_incomplete_rows
,,,,,,,<na>,,,,,,,10384,all important fields empty,remove_incomplete_rows
,,,,,,,<na>,,,,,,,10388,all important fields empty,remove_incomplete_rows
,,,,,,,<na>,,,,,,,10389,all important fields empty,remove_incomplete_rows
,,,,,,,<na>,,,,,,,10392,all important fields empty,remove_incomplete_rows
,,,,,,,<na>,,,,,,,10393,all important fields empty,remove_incomplete_rows
,,,,,,,<na>,,,,,,,10398,all important fields empty,remove_incomplete_rows
,,,,,,,<na>,,,,,,,10399,all important fields empty,remove_incomplete_rows
,,,,,,,<na>,,,,,,,10404,all important fields empty,remove_incomplete_rows
,,,,,,,<na>,,,,,,,10405,all important fields empty,remove_incomplete_rows
,,,,,,,<na>,,,,,,,10408,all important fields empty,remove_incomplete_rows
,,,,,,,<na>,,,,,,,10409,all important fields empty,remove_incomplete_rows
,,,,,,,<na>,,,,,,,10413,all important fields empty,remove_incomplete_rows
,,,,,,,<na>,,,,,,,10414,all important fields empty,remove_incomplete_rows
,,,,,,,<na>,,,,,,,10417,all important fields empty,remove_incomplete_rows
,,,,,,,<na>,,,,,,,10418,all important fields empty,remove_incomplete_rows
,,,,,,,<na>,,,,,,,10421,all important fields empty,remove_incomplete_rows
,,,,,,,<na>,,,,,,,10422,all important fields empty,remove_incomplete_rows
,,,,,,,<na>,,,,,,,10426,all important fields empty,remove_incomplete_rows
,,,,,,,<na>,,,,,,,10427,all important fields empty,remove_incomplete_rows
,,,,,,,<na>,,,,,,,10430,all important fields empty,remove_incomplete_rows
,,,,,,,<na>,,,,,,,10431,all important fields empty,remove_incomplete_rows
,,,,,,,<na>,,,,,,,10434,all important fields empty,remove_incomplete_rows
,,,,,,,<na>,,,,,,,10435,all important fields empty,remove_incomplete_rows
,,,,,,,<na>,,,,,,,10438,all important fields empty,remove_incomplete_rows
,,,,,,,<na>,,,,,,,10439,all important fields empty,remove_incomplete_rows
,,,,,,,<na>,,,,,,,10443,all important fields empty,remove_incomplete_rows
,,,,,,,<na>,,,,,,,10444,all important fields empty,remove_incomplete_rows
,,,,,,,<na>,,,,,,,10447,all important fields empty,remove_incomplete_rows
,,,,,,,<na>,,,,,,,10448,all important fields empty,remove_incomplete_rows
,,,,,,,<na>,,,,,,,10451,all important fields empty,remove_incomplete_rows
,,,,,,,<na>,,,,,,,10452,all important fields empty,remove_incomplete_rows
,,,,,,,<na>,,,,,,,10455,all important fields empty,remove_incomplete_rows
,,,,,,,<na>,,,,,,,10456,all important fields empty,remove_incomplete_rows
,,,,,,,<na>,,,,,,,10459,all important fields empty,remove_incomplete_rows
,,,,,,,<na>,,,,,,,10460,all important fields empty,remove_incomplete_rows
,,,,,,,<na>,,,,,,,10464,all important fields empty,remove_incomplete_rows
,,,,,,,<na>,,,,,,,10465,all important fields empty,remove_incomplete_rows
,,,,,,,<na>,,,,,,,10468,all important fields empty,remove_incomplete_rows
,,,,,,,<na>,,,,,,,10469,all important fields empty,remove_incomplete_rows
,,,,,,,<na>,,,,,,,10472,all important fields empty,remove_incomplete_rows
,,,,,,,<na>,,,,,,,10473,all important fields empty,remove_incomplete_rows
,,,,,,,<na>,,,,,,,10476,all important fields empty,remove_incomplete_rows
,,,,,,,<na>,,,,,,,10477,all important fields empty,remove_incomplete_rows
,,,,,,,<na>,,,,,,,10481,all important fields empty,remove_incomplete_rows
,,,,,,,<na>,,,,,,,10482,all important fields empty,remove_incomplete_rows
,,,,,,,<na>,,,,,,,10485,all important fields empty,remove_incomplete_rows
,,,,,,,<na>,,,,,,,10486,all important fields empty,remove_incomplete_rows
,,,,,,,<na>,,,,,,,10489,all important fields empty,remove_incomplete_rows
,,,,,,,<na>,,,,,,,10490,all important fields empty,remove_incomplete_rows
,,,,,,,<na>,,,,,,,10493,all important fields empty,remove_incomplete_rows
,,,,,,,<na>,,,,,,,10494,all important fields empty,remove_incomplete_rows
,,,,,,,<na>,,,,,,,10497,all important fields empty,remove_incomplete_rows
,,,,,,,<na>,,,,,,,10498,all important fields empty,remove_incomplete_rows
,,,,,,,<na>,,,,,,,10505,all important fields empty,remove_incomplete_rows
,,,,,,,<na>,,,,,,,10506,all important fields empty,remove_incomplete_rows
,,,,,,,<na>,,,,,,,10509,all important fields empty,remove_incomplete_rows
,,,,,,,<na>,,,,,,,10510,all important fields empty,remove_incomplete_rows
,,,,,,,<na>,,,,,,,10513,all important fields empty,remove_incomplete_rows
,,,,,,,<na>,,,,,,,10514,all important fields empty,remove_incomplete_rows
,,,,,,,<na>,,,,,,,10518,all important fields empty,remove_incomplete_rows
,,,,,,,<na>,,,,,,,10519,all important fields empty,remove_incomplete_rows
,,,,,,,<na>,,,,,,,10524,all important fields empty,remove_incomplete_rows
,,,,,,,<na>,,,,,,,10525,all important fields empty,remove_incomplete_rows
,,,,,,,<na>,,,,,,,10528,all important fields empty,remove_incomplete_rows
,,,,,,,<na>,,,,,,,10529,all important fields empty,remove_incomplete_rows
,,,,,,,<na>,,,,,,,10532,all important fields empty,remove_incomplete_rows
,,,,,,,<na>,,,,,,,10533,all important fields empty,remove_incomplete_rows
,,,,,,,<na>,,,,,,,10538,all important fields empty,remove_incomplete_rows
,,,,,,,<na>,,,,,,,10539,all important fields empty,remove_incomplete_rows
,,,,,,,<na>,,,,,,,10542,all important fields empty,remove_incomplete_rows
,,,,,,,<na>,,,,,,,10543,all important fields empty,remove_incomplete_rows
,,,,,,,<na>,,,,,,,10548,all important fields empty,remove_incomplete_rows
,,,,,,,<na>,,,,,,,10549,all important fields empty,remove_incomplete_rows
,,,,,,,<na>,,,,,,,10552,all important fields empty,remove_incomplete_rows
,,,,,,,<na>,,,,,,,10553,all important fields empty,remove_incomplete_rows
,,,,,,,<na>,,,,,,,10556,all important fields empty,remove_incomplete_rows
,,,,,,,<na>,,,,,,,10557,all important fields empty,remove_incomplete_rows
,,,,,,,<na>,,,,,,,10561,all important fields empty,remove_incomplete_rows
,,,,,,,<na>,,,,,,,10562,all important fields empty,remove_incomplete_rows
,,,,,,,<na>,,,,,,,10566,all important fields empty,remove_incomplete_rows
,,,,,,,<na>,,,,,,,10567,all important fields empty,remove_incomplete_rows
,,,,,,,<na>,,,,,,,10571,all important fields empty,remove_incomplete_rows
,,,,,,,<na>,,,,,,,10572,all important fields empty,remove_incomplete_rows
,,,,,,,<na>,,,,,,,10575,all important fields empty,remove_incomplete_rows
,,,,,,,<na>,,,,,,,10576,all important fields empty,remove_incomplete_rows
,,,,,,,<na>,,,,,,,10581,all important fields empty,remove_incomplete_rows
,,,,,,,<na>,,,,,,,10582,all important fields empty,remove_incomplete_rows
,,,,,,,<na>,,,,,,,10586,all important fields empty,remove_incomplete_rows
,,,,,,,<na>,,,,,,,10587,all important fields empty,remove_incomplete_rows
,,,,,,,<na>,,,,,,,10590,all important fields empty,remove_incomplete_rows
,,,,,,,<na>,,,,,,,10591,all important fields empty,remove_incomplete_rows
,,,,,,,<na>,,,,,,,10594,all important fields empty,remove_incomplete_rows
,,,,,,,<na>,,,,,,,10595,all important fields empty,remove_incomplete_rows
,,,,,,,<na>,,,,,,,10598,all important fields empty,remove_incomplete_rows
,,,,,,,<na>,,,,,,,10599,all important fields empty,remove_incomplete_rows
,,,,,,,<na>,,,,,,,10602,all important fields empty,remove_incomplete_rows
,,,,,,,<na>,,,,,,,10603,all important fields empty,remove_incomplete_rows
,,,,,,,<na>,,,,,,,10607,all important fields empty,remove_incomplete_rows
,,,,,,,<na>,,,,,,,10608,all important fields empty,remove_incomplete_rows
,,,,,,,<na>,,,,,,,10612,all important fields empty,remove_incomplete_rows
,,,,,,,<na>,,,,,,,10613,all important fields empty,remove_incomplete_rows
,,,,,,,<na>,,,,,,,10621,all important fields empty,remove_incomplete_rows
,,,,,,,<na>,,,,,,,10622,all important fields empty,remove_incomplete_rows
,,,,,,,<na>,,,,,,,10625,all important fields empty,remove_incomplete_rows
,,,,,,,<na>,,,,,,,10626,all important fields empty,remove_incomplete_rows
,,,,,,,<na>,,,,,,,10629,all important fields empty,remove_incomplete_rows
,,,,,,,<na>,,,,,,,10630,all important fields empty,remove_incomplete_rows
,,,,,,,<na>,,,,,,,10633,all important fields empty,remove_incomplete_rows
,,,,,,,<na>,,,,,,,10634,all important fields empty,remove_incomplete_rows
,,,,,,,<na>,,,,,,,10637,all important fields empty,remove_incomplete_rows
,,,,,,,<na>,,,,,,,10638,all important fields empty,remove_incomplete_rows
,,,,,,,<na>,,,,,,,10642,all important fields empty,remove_incomplete_rows
,,,,,,,<na>,,,,,,,10643,all important fields empty,remove_incomplete_rows
,,,,,,,<na>,,,,,,,10646,all important fields empty,remove_incomplete_rows
,,,,,,,<na>,,,,,,,10647,all important fields empty,remove_incomplete_rows
,,,,,,,<na>,,,,,,,10651,all important fields empty,remove_incomplete_rows
,,,,,,,<na>,,,,,,,10652,all important fields empty,remove_incomplete_rows
,,,,,,,<na>,,,,,,,10655,all important fields empty,remove_incomplete_rows
,,,,,,,<na>,,,,,,,10656,all important fields empty,remove_incomplete_rows
,,,,,,,<na>,,,,,,,10659,all important fields empty,remove_incomplete_rows
,,,,,,,<na>,,,,,,,10660,all important fields empty,remove_incomplete_rows
,,,,,,,<na>,,,,,,,10663,all important fields empty,remove_incomplete_rows
,,,,,,,<na>,,,,,,,10664,all important fields empty,remove_incomplete_rows
,,,,,,,<na>,,,,,,,10667,all important fields empty,remove_incomplete_rows
,,,,,,,<na>,,,,,,,10668,all important fields empty,remove_incomplete_rows
,,,,,,,<na>,,,,,,,10672,all important fields empty,remove_incomplete_rows
,,,,,,,<na>,,,,,,,10673,all important fields empty,remove_incomplete_rows
,,,,,,,<na>,,,,,,,10678,all important fields empty,remove_incomplete_rows
,,,,,,,<na>,,,,,,,10679,all important fields empty,remove_incomplete_rows
,,,,,,,<na>,,,,,,,10686,all important fields empty,remove_incomplete_rows
,,,,,,,<na>,,,,,,,10687,all important fields empty,remove_incomplete_rows
,,,,,,,<na>,,,,,,,10690,all important fields empty,remove_incomplete_rows
,,,,,,,<na>,,,,,,,10691,all important fields empty,remove_incomplete_rows
,,,,,,,<na>,,,,,,,10694,all important fields empty,remove_incomplete_rows
,,,,,,,<na>,,,,,,,10695,all important fields empty,remove_incomplete_rows
,,,,,,,<na>,,,,,,,10698,all important fields empty,remove_incomplete_rows
,,,,,,,<na>,,,,,,,10699,all important fields empty,remove_incomplete_rows
,,,,,,,<na>,,,,,,,10702,all important fields empty,remove_incomplete_rows
,,,,,,,<na>,,,,,,,10703,all important fields empty,remove_incomplete_rows
,,,,,,,<na>,,,,,,,10706,all important fields empty,remove_incomplete_rows
,,,,,,,<na>,,,,,,,10707,all important fields empty,remove_incomplete_rows
,,,,,,,<na>,,,,,,,10711,all important fields empty,remove_incomplete_rows
,,,,,,,<na>,,,,,,,10712,all important fields empty,remove_incomplete_rows
,,,,,,,<na>,,,,,,,10714,all important fields empty,remove_incomplete_rows
,,,,,,,<na>,,,,,,,10716,all important fields empty,remove_incomplete_rows
,,,,,,,<na>,,,,,,,10717,all important fields empty,remove_incomplete_rows
,,,,,,,<na>,,,,,,,10719,all important fields empty,remove_incomplete_rows
,,,,,,,<na>,,,,,,,10720,all important fields empty,remove_incomplete_rows
,,,,,,,<na>,,0.0,0.0,0.0,,,268,"placeholder/non-item row (e.g., header like ""Account : ..."")",remove_incomplete_rows
,,,,,,,<na>,,0.0,0.0,0.0,,,356,"placeholder/non-item row (e.g., header like ""Account : ..."")",remove_incomplete_rows
,,,,,,,<na>,,0.0,0.0,0.0,,,478,"placeholder/non-item row (e.g., header like ""Account : ..."")",remove_incomplete_rows
,,,,,,,<na>,,0.0,0.0,0.0,,,815,"placeholder/non-item row (e.g., header like ""Account : ..."")",remove_incomplete_rows
,,,,,,,<na>,,0.0,0.0,0.0,,,1713,"placeholder/non-item row (e.g., header like ""Account : ..."")",remove_incomplete_rows
,,,,,,,<na>,,0.0,0.0,0.0,,,1782,"placeholder/non-item row (e.g., header like ""Account : ..."")",remove_incomplete_rows
,,,ACCOUNT : GAIL PAOLO RIMANDO,,,,<na>,,,,,,,2665,"placeholder/non-item row (e.g., header like ""Account : ..."")",remove_incomplete_rows
,,,ACCOUNT : GAIL PAOLO RIMANDO,,,,<na>,,,,,,,2714,"placeholder/non-item row (e.g., header like ""Account : ..."")",remove_incomplete_rows
,,,ACCOUNT : GAIL PAOLO RIMANDO,,,,<na>,,,,,,,2936,"placeholder/non-item row (e.g., header like ""Account : ..."")",remove_incomplete_rows
,,,,,,,<na>,,0.0,0.0,0.0,,,2981,"placeholder/non-item row (e.g., header like ""Account : ..."")",remove_incomplete_rows
,,,ACCOUNT : PRINCESS LOU MARZO,,,,<na>,,,,,,,3056,"placeholder/non-item row (e.g., header like ""Account : ..."")",remove_incomplete_rows
,,,ACCOUNT : PRINCESS LOU MARZO,,,,<na>,,,,,,,3115,"placeholder/non-item row (e.g., header like ""Account : ..."")",remove_incomplete_rows
,,,ACCOUNT : PRINCESS LOU MARZO,,,,<na>,,,,,,,3127,"placeholder/non-item row (e.g., header like ""Account : ..."")",remove_incomplete_rows
,,,,,,,<na>,,0.0,0.0,0.0,,,3674,"placeholder/non-item row (e.g., header like ""Account : ..."")",remove_incomplete_rows
,,,,,,,<na>,,0.0,0.0,0.0,,,3678,"placeholder/non-item row (e.g., header like ""Account : ..."")",remove_incomplete_rows
,,,,,,,<na>,,0.0,0.0,0.0,,,4721,"placeholder/non-item row (e.g., header like ""Account : ..."")",remove_incomplete_rows
,,,,,,,<na>,,0.0,0.0,0.0,,,4792,"placeholder/non-item row (e.g., header like ""Account : ..."")",remove_incomplete_rows
2024-12-13 00:00:00,62835.0,62830.0,G23610491,CEXIM (CEFIXIME) 100MG/5ML 60ML SUSP,,0.0,pcs,0.0,0.0,0.0,0.0,0.00,camille,4896,"placeholder/non-item row (e.g., header like ""Account : ..."")",remove_incomplete_rows
,62835.0,62830.0,,,,,<na>,,0.0,0.0,0.0,,,4902,"placeholder/non-item row (e.g., header like ""Account : ..."")",remove_incomplete_rows
,62835.0,62830.0,,,,,<na>,,0.0,0.0,0.0,,,4982,"placeholder/non-item row (e.g., header like ""Account : ..."")",remove_incomplete_rows
,62835.0,62830.0,ACCOUNT : PETRONILO V. MENDOZA JR,,,,<na>,,,,,,,5204,"placeholder/non-item row (e.g., header like ""Account : ..."")",remove_incomplete_rows
,62835.0,62830.0,,,,,<na>,,0.0,0.0,0.0,,,5205,"placeholder/non-item row (e.g., header like ""Account : ..."")",remove_incomplete_rows
,62835.0,62830.0,ACCOUNT : PETRONILO V. MENDOZA JR,,,,<na>,,,,,,,5210,"placeholder/non-item row (e.g., header like ""Account : ..."")",remove_incomplete_rows
,62835.0,62830.0,ACCOUNT : JESSMEL RAMIREZ,,,,<na>,,,,,,,5309,"placeholder/non-item row (e.g., header like ""Account : ..."")",remove_incomplete_rows
,62835.0,62830.0,ACCOUNT : PRINCESS LOU MARZO,,,,<na>,,,,,,,5510,"placeholder/non-item row (e.g., header like ""Account : ..."")",remove_incomplete_rows
2024-12-17 00:00:00,63086.0,62966.0,,,,0.0,pcs,0.0,0.0,0.0,0.0,0.00,camille,5892,"placeholder/non-item row (e.g., header like ""Account : ..."")",remove_incomplete_rows
,63086.0,62966.0,,,,,<na>,,0.0,0.0,0.0,,,5893,"placeholder/non-item row (e.g., header like ""Account : ..."")",remove_incomplete_rows
,63086.0,62966.0,,,,,<na>,,0.0,0.0,0.0,,,6209,"placeholder/non-item row (e.g., header like ""Account : ..."")",remove_incomplete_rows
2024-12-18 00:00:00,63086.0,62966.0,SD,Sales Discount Variance,,0.0,pcs,0.0,0.0,0.0,0.0,,camille,6743,"placeholder/non-item row (e.g., header like ""Account : ..."")",remove_incomplete_rows
,63086.0,62966.0,,,,,<na>,,0.0,0.0,0.0,,,6744,"placeholder/non-item row (e.g., header like ""Account : ..."")",remove_incomplete_rows
,63086.0,62966.0,,,,,<na>,,0.0,0.0,0.0,,,6766,"placeholder/non-item row (e.g., header like ""Account : ..."")",remove_incomplete_rows
,63086.0,62966.0,,,,,<na>,,0.0,0.0,0.0,,,6803,"placeholder/non-item row (e.g., header like ""Account : ..."")",remove_incomplete_rows
,63086.0,62966.0,,,,,<na>,,0.0,0.0,0.0,,,6938,"placeholder/non-item row (e.g., header like ""Account : ..."")",remove_incomplete_rows
,63086.0,62966.0,ACCOUNT : GAIL PAOLO RIMANDO,,,,<na>,,,,,,,6984,"placeholder/non-item row (e.g., header like ""Account : ..."")",remove_incomplete_rows
,63086.0,62966.0,,,,,<na>,,0.0,0.0,0.0,,,7089,"placeholder/non-item row (e.g., header like ""Account : ..."")",remove_incomplete_rows
,63086.0,62966.0,ACCOUNT : PRINCESS LOU MARZO,,,,<na>,,,,,,,7205,"placeholder/non-item row (e.g., header like ""Account : ..."")",remove_incomplete_rows
,63086.0,62966.0,,,,,<na>,,0.0,0.0,0.0,,,7332,"placeholder/non-item row (e.g., header like ""Account : ..."")",remove_incomplete_rows
,63086.0,62966.0,,,,,<na>,,0.0,0.0,0.0,,,7526,"placeholder/non-item row (e.g., header like ""Account : ..."")",remove_incomplete_rows
,63086.0,62966.0,,,,,<na>,,0.0,0.0,0.0,,,8032,"placeholder/non-item row (e.g., header like ""Account : ..."")",remove_incomplete_rows
,63086.0,62966.0,ACCOUNT : GAIL PAOLO RIMANDO,,,,<na>,,,,,,,8091,"placeholder/non-item row (e.g., header like ""Account : ..."")",remove_incomplete_rows
,63086.0,62966.0,ACCOUNT : PRINCESS LOU MARZO,,,,<na>,,,,,,,8549,"placeholder/non-item row (e.g., header like ""Account : ..."")",remove_incomplete_rows
,63086.0,62966.0,ACCOUNT : PRINCESS LOU MARZO,,,,<na>,,,,,,,9108,"placeholder/non-item row (e.g., header like ""Account : ..."")",remove_incomplete_rows
,63086.0,62966.0,,,,,<na>,,0.0,0.0,0.0,,,9440,"placeholder/non-item row (e.g., header like ""Account : ..."")",remove_incomplete_rows
,63086.0,62966.0,,,,,<na>,,0.0,0.0,0.0,,,9544,"placeholder/non-item row (e.g., header like ""Account : ..."")",remove_incomplete_rows
,63086.0,62966.0,ACCOUNT : PETRONILO V. MENDOZA JR,,,,<na>,,,,,,,9566,"placeholder/non-item row (e.g., header like ""Account : ..."")",remove_incomplete_rows
,63086.0,62966.0,,,,,<na>,,0.0,0.0,0.0,,,9584,"placeholder/non-item row (e.g., header like ""Account : ..."")",remove_incomplete_rows
2024-12-02 00:00:00,63086.0,62966.0,SD,Sales Discount Variance,,1.0,pcs,0.0,0.0,0.0,0.0,,camille,307,"non-item adjustment (e.g., Sales Discount/VOID/rounding)",remove_incomplete_rows
2024-12-02 00:00:00,63086.0,62966.0,SD,Sales Discount Variance,,1.0,pcs,0.0,0.0,0.0,0.0,,camille,468,"non-item adjustment (e.g., Sales Discount/VOID/rounding)",remove_incomplete_rows
2024-12-03 00:00:00,63086.0,62966.0,SD,Sales Discount Variance,,1.0,pcs,0.0,0.0,0.0,0.0,,camille,935,"non-item adjustment (e.g., Sales Discount/VOID/rounding)",remove_incomplete_rows
2024-12-04 00:00:00,63086.0,62966.0,SD,Sales Discount Variance,,1.0,pcs,0.0,0.0,0.0,0.0,,camille,1322,"non-item adjustment (e.g., Sales Discount/VOID/rounding)",remove_incomplete_rows
2024-12-05 00:00:00,63086.0,62966.0,SD,Sales Discount Variance,,1.0,pcs,0.0,0.0,0.0,0.0,,camille,1544,"non-item adjustment (e.g., Sales Discount/VOID/rounding)",remove_incomplete_rows
2024-12-05 00:00:00,63086.0,62966.0,SD,Sales Discount Variance,,1.0,pcs,0.0,0.0,0.0,0.0,,camille,1841,"non-item adjustment (e.g., Sales Discount/VOID/rounding)",remove_incomplete_rows
2024-12-05 00:00:00,63086.0,62966.0,SD,Sales Discount Variance,,1.0,pcs,0.0,0.0,0.0,0.0,,camille,1865,"non-item adjustment (e.g., Sales Discount/VOID/rounding)",remove_incomplete_rows
2024-12-05 00:00:00,63086.0,62966.0,SD,Sales Discount Variance,,1.0,pcs,0.0,0.0,0.0,0.0,,camille,1972,"non-item adjustment (e.g., Sales Discount/VOID/rounding)",remove_incomplete_rows
2024-12-06 00:00:00,63086.0,62966.0,SD,Sales Discount Variance,,1.0,pcs,0.0,0.0,0.0,0.0,,camille,2050,"non-item adjustment (e.g., Sales Discount/VOID/rounding)",remove_incomplete_rows
2024-12-06 00:00:00,63086.0,62966.0,SD,Sales Discount Variance,,1.0,pcs,0.0,0.0,0.0,0.0,,camille,2305,"non-item adjustment (e.g., Sales Discount/VOID/rounding)",remove_incomplete_rows
2024-12-07 00:00:00,63086.0,62966.0,SD,Sales Discount Variance,,1.0,pcs,0.0,0.0,0.0,0.0,,camille,2621,"non-item adjustment (e.g., Sales Discount/VOID/rounding)",remove_incomplete_rows
2024-12-07 00:00:00,63086.0,62966.0,SD,Sales Discount Variance,,1.0,pcs,0.0,0.0,0.0,0.0,,camille,2727,"non-item adjustment (e.g., Sales Discount/VOID/rounding)",remove_incomplete_rows
2024-12-09 00:00:00,63086.0,62966.0,SD,Sales Discount Variance,,1.0,pcs,0.0,0.0,0.0,0.0,,camille,3071,"non-item adjustment (e.g., Sales Discount/VOID/rounding)",remove_incomplete_rows
2024-12-09 00:00:00,63086.0,62966.0,SD,Sales Discount Variance,,1.0,pcs,0.0,0.0,0.0,0.0,,camille,3209,"non-item adjustment (e.g., Sales Discount/VOID/rounding)",remove_incomplete_rows
2024-12-09 00:00:00,63086.0,62966.0,SD,Sales Discount Variance,,1.0,pcs,0.0,0.0,0.0,0.0,,camille,3262,"non-item adjustment (e.g., Sales Discount/VOID/rounding)",remove_incomplete_rows
2024-12-09 00:00:00,63086.0,62966.0,SD,Sales Discount Variance,,1.0,pcs,0.0,0.0,0.0,0.0,,camille,3398,"non-item adjustment (e.g., Sales Discount/VOID/rounding)",remove_incomplete_rows
2024-12-10 00:00:00,63086.0,62966.0,SD,Sales Discount Variance,,1.0,pcs,0.0,0.0,0.0,0.0,,camille,3853,"non-item adjustment (e.g., Sales Discount/VOID/rounding)",remove_incomplete_rows
2024-12-11 00:00:00,63086.0,62966.0,SD,Sales Discount Variance,,1.0,pcs,0.0,0.0,0.0,0.0,,camille,4048,"non-item adjustment (e.g., Sales Discount/VOID/rounding)",remove_incomplete_rows
2024-12-12 00:00:00,63086.0,62966.0,SD,Sales Discount Variance,,1.0,pcs,0.0,0.0,0.0,0.0,,camille,4229,"non-item adjustment (e.g., Sales Discount/VOID/rounding)",remove_incomplete_rows
2024-12-12 00:00:00,63086.0,62966.0,SD,Sales Discount Variance,,1.0,pcs,0.0,0.0,0.0,0.0,,camille,4431,"non-item adjustment (e.g., Sales Discount/VOID/rounding)",remove_incomplete_rows
2024-12-12 00:00:00,63086.0,62966.0,SD,Sales Discount Variance,,1.0,pcs,0.0,0.0,0.0,0.0,,camille,4456,"non-item adjustment (e.g., Sales Discount/VOID/rounding)",remove_incomplete_rows
2024-12-12 00:00:00,63086.0,62966.0,SD,Sales Discount Variance,,1.0,pcs,0.0,0.0,0.0,0.0,,camille,4484,"non-item adjustment (e.g., Sales Discount/VOID/rounding)",remove_incomplete_rows
2024-12-13 00:00:00,63086.0,62966.0,SD,Sales Discount Variance,,1.0,pcs,0.0,0.0,0.0,0.0,,camille,4589,"non-item adjustment (e.g., Sales Discount/VOID/rounding)",remove_incomplete_rows
2024-12-13 00:00:00,63086.0,62966.0,SD,Sales Discount Variance,,1.0,pcs,0.0,0.0,0.0,0.0,,camille,4697,"non-item adjustment (e.g., Sales Discount/VOID/rounding)",remove_incomplete_rows
2024-12-13 00:00:00,63086.0,62966.0,SD,Sales Discount Variance,,1.0,pcs,0.0,0.0,0.0,0.0,,camille,4892,"non-item adjustment (e.g., Sales Discount/VOID/rounding)",remove_incomplete_rows
2024-12-13 00:00:00,63086.0,62966.0,SD,Sales Discount Variance,,1.0,pcs,0.0,0.0,0.0,0.0,,camille,4943,"non-item adjustment (e.g., Sales Discount/VOID/rounding)",remove_incomplete_rows
2024-12-17 00:00:00,63086.0,62966.0,SD,Sales Discount Variance,,1.0,pcs,0.0,0.0,0.0,0.0,,camille,6255,"non-item adjustment (e.g., Sales Discount/VOID/rounding)",remove_incomplete_rows
2024-12-18 00:00:00,63086.0,62966.0,SD,Sales Discount Variance,,1.0,pcs,0.0,0.0,0.0,0.0,,camille,6333,"non-item adjustment (e.g., Sales Discount/VOID/rounding)",remove_incomplete_rows
2024-12-18 00:00:00,63086.0,62966.0,SD,Sales Discount Variance,,1.0,pcs,0.0,0.0,0.0,0.0,,camille,6431,"non-item adjustment (e.g., Sales Discount/VOID/rounding)",remove_incomplete_rows
2024-12-18 00:00:00,63086.0,62966.0,SD,Sales Discount Variance,,1.0,pcs,0.0,0.0,0.0,0.0,,camille,6580,"non-item adjustment (e.g., Sales Discount/VOID/rounding)",remove_incomplete_rows
2024-12-19 00:00:00,63086.0,62966.0,SD,Sales Discount Variance,,1.0,pcs,0.0,0.0,0.0,0.0,,camille,7078,"non-item adjustment (e.g., Sales Discount/VOID/rounding)",remove_incomplete_rows
2024-12-24 00:00:00,63086.0,62966.0,SD,Sales Discount Variance,,1.0,pcs,0.0,0.0,0.0,0.0,,camille,8754,"non-item adjustment (e.g., Sales Discount/VOID/rounding)",remove_incomplete_rows
2024-12-27 00:00:00,63086.0,62966.0,SD,Sales Discount Variance,,1.0,pcs,0.0,0.0,0.0,0.0,,camille,9404,"non-item adjustment (e.g., Sales Discount/VOID/rounding)",remove_incomplete_rows
2024-12-30 00:00:00,63086.0,62966.0,SD,Sales Discount Variance,,1.0,pcs,0.0,0.0,0.0,0.0,,camille,10269,"non-item adjustment (e.g., Sales Discount/VOID/rounding)",remove_incomplete_rows
2024-12-31 00:00:00,63086.0,62966.0,SD,Sales Discount Variance,,1.0,pcs,0.0,0.0,0.0,0.0,,camille,10546,"non-item adjustment (e.g., Sales Discount/VOID/rounding)",remove_incomplete_rows
2024-12-02 00:00:00,63086.0,62966.0,4800602020934,WILKINS DISTILLED 500ML,,1.0,pcs,0.0,18.0,15.21,2.79,,camille,332,duplicate row,duplicates
2024-12-02 00:00:00,63086.0,62966.0,0725765883117,OHHIRA&#039;S RED OMX PROBIOTICS CAP,2025-08-16,7.0,pcs,0.0,322.0,40.0,42.0,,camille,413,duplicate row,duplicates
2024-12-03 00:00:00,63086.0,62966.0,4806502351901,SANICARE BATHROOM TISSUE 1s,2027-06-14,1.0,pcs,0.0,18.5,15.16,3.34,,camille,695,duplicate row,duplicates
2024-12-03 00:00:00,63086.0,62966.0,8904130424502,RETANIX (CETIRIZINE) 10MG TAB,2026-03-30,10.0,pcs,0.0,30.0,0.4,26.0,,camille,983,duplicate row,duplicates
2024-12-04 00:00:00,63086.0,62966.0,0725765883117,OHHIRA&#039;S RED OMX PROBIOTICS CAP,2025-10-09,7.0,pcs,0.0,322.0,40.0,42.0,,camille,1261,duplicate row,duplicates
2024-12-04 00:00:00,63086.0,62966.0,0725765883117,OHHIRA&#039;S RED OMX PROBIOTICS CAP,2025-05-30,7.0,pcs,0.0,322.0,40.0,42.0,,camille,1327,duplicate row,duplicates
2024-12-05 00:00:00,63086.0,62966.0,4800602020934,WILKINS DISTILLED 500ML,,1.0,pcs,0.0,18.0,15.21,2.79,,camille,1664,duplicate row,duplicates
2024-12-05 00:00:00,63086.0,62966.0,4807788526762,BIOFLU TAB,2025-01-30,50.0,pcs,0.0,450.0,7.61,69.5,,camille,1725,duplicate row,duplicates
2024-12-05 00:00:00,63086.0,62966.0,4807788561688,BIOGESIC (PARACETAMOL) 500MG TAB,2026-05-22,50.0,pcs,0.0,212.5,4.05,10.21,,camille,1726,duplicate row,duplicates
2024-12-05 00:00:00,63086.0,62966.0,4800304810130,BONAMINE CHEW(ADULT)TAB 25MG,2027-01-30,25.0,pcs,0.0,350.0,11.93,51.75,,camille,1727,duplicate row,duplicates
2024-12-05 00:00:00,63086.0,62966.0,8906043324948,CLONISAPH (CLONIDINE) 75MCG TAB,2026-03-30,30.0,pcs,0.0,93.6,0.98,64.2,,camille,1728,duplicate row,duplicates
2024-12-05 00:00:00,63086.0,62966.0,8904130424502,RETANIX (CETIRIZINE) 10MG TAB,2026-03-30,35.0,pcs,0.0,105.0,0.4,91.0,,camille,1729,duplicate row,duplicates
2024-12-05 00:00:00,63086.0,62966.0,4807788048462,DIATABS CAP,2028-08-30,20.0,pcs,0.0,175.0,7.15,32.0,,camille,1730,duplicate row,duplicates
2024-12-05 00:00:00,63086.0,62966.0,4807788658975,DECOLGEN NO DROWSE,2026-05-01,20.0,pcs,0.0,165.0,7.29,19.2,,camille,1735,duplicate row,duplicates
2024-12-05 00:00:00,63086.0,62966.0,4806523301800,CEASCOL (CARBOCISTEINE) 500MG CAP,2025-03-01,20.0,pcs,0.0,100.0,0.95,81.0,,camille,1736,duplicate row,duplicates
2024-12-05 00:00:00,63086.0,62966.0,0725765883117,OHHIRA&#039;S RED OMX PROBIOTICS CAP,2025-05-30,7.0,pcs,0.0,322.0,40.0,42.0,,camille,1813,duplicate row,duplicates
2024-12-05 00:00:00,63086.0,62966.0,88124903602,MICROPORE 1 INCH,2027-01-30,1.0,pcs,0.0,52.68,41.07,11.61,,camille,1928,duplicate row,duplicates
2024-12-06 00:00:00,63086.0,62966.0,0725765883117,OHHIRA&#039;S RED OMX PROBIOTICS CAP,2025-10-09,7.0,pcs,0.0,322.0,40.0,42.0,,camille,2143,duplicate row,duplicates
2024-12-06 00:00:00,63086.0,62966.0,4800602020934,WILKINS DISTILLED 500ML,,1.0,pcs,0.0,18.0,15.21,2.79,,camille,2165,duplicate row,duplicates
2024-12-06 00:00:00,63086.0,62966.0,4800602020934,WILKINS DISTILLED 500ML,,1.0,pcs,0.0,18.0,15.21,2.79,,camille,2339,duplicate row,duplicates
2024-12-06 00:00:00,63086.0,62966.0,4800602020934,WILKINS DISTILLED 500ML,,1.0,pcs,0.0,18.0,15.21,2.79,,camille,2423,duplicate row,duplicates
2024-12-07 00:00:00,63086.0,62966.0,4800140001082,BACTIDOL LIQUID 60ML,2027-03-30,1.0,pcs,0.0,145.0,118.16,26.84,,camille,2590,duplicate row,duplicates
2024-12-09 00:00:00,63086.0,62966.0,4806502351901,SANICARE BATHROOM TISSUE 1s,2026-07-10,1.0,pcs,0.0,18.5,15.16,3.34,,camille,3349,duplicate row,duplicates
2024-12-10 00:00:00,63086.0,62966.0,0725765883117,OHHIRA&#039;S RED OMX PROBIOTICS CAP,2025-08-31,7.0,pcs,0.0,322.0,40.0,42.0,,camille,3745,duplicate row,duplicates
2024-12-10 00:00:00,63086.0,62966.0,4806502351901,SANICARE BATHROOM TISSUE 1s,2026-07-10,1.0,pcs,0.0,18.5,15.16,3.34,,camille,3759,duplicate row,duplicates
2024-12-12 00:00:00,63086.0,62966.0,4800602020934,WILKINS DISTILLED 500ML,,1.0,pcs,0.0,18.0,15.21,2.79,,camille,4273,duplicate row,duplicates
2024-12-13 00:00:00,63086.0,62966.0,0725765883117,OHHIRA&#039;S RED OMX PROBIOTICS CAP,2025-05-30,7.0,pcs,0.0,322.0,40.0,42.0,,camille,4727,duplicate row,duplicates
2024-12-13 00:00:00,63086.0,62966.0,0725765883117,OHHIRA&#039;S RED OMX PROBIOTICS CAP,2025-10-23,7.0,pcs,0.0,322.0,40.0,42.0,,camille,4867,duplicate row,duplicates
2024-12-13 00:00:00,63086.0,62966.0,4806529600747,XIMEBAC (CEFXIME TRIHYDRATE) 100MG/5ML 60ML,2025-07-30,1.0,pcs,0.0,550.0,377.14,172.86,,camille,4906,duplicate row,duplicates
2024-12-14 00:00:00,63086.0,62966.0,4807788407375,DOLFENAL (MEFENAMIC ACID) 500MG,2027-10-01,1.0,pcs,0.0,32.75,29.34,3.41,,camille,5242,duplicate row,duplicates
2024-12-16 00:00:00,63086.0,62966.0,4809013625080,MX3 COFFEE MIX 10G,2025-06-30,2.0,pcs,0.0,36.0,16.02,3.96,,camille,5659,duplicate row,duplicates
2024-12-16 00:00:00,63086.0,62966.0,4800140001082,BACTIDOL LIQUID 60ML,2027-03-30,1.0,pcs,0.0,145.0,118.16,26.84,,camille,5819,duplicate row,duplicates
2024-12-16 00:00:00,63086.0,62966.0,4807788561688,BIOGESIC 500MG TAB,2027-07-30,4.0,pcs,0.0,17.0,4.05,0.82,,camille,5862,duplicate row,duplicates
2024-12-17 00:00:00,63086.0,62966.0,4807788561688,BIOGESIC 500MG TAB,2027-07-30,10.0,pcs,0.0,42.5,4.05,2.04,,camille,5943,duplicate row,duplicates
2024-12-17 00:00:00,63086.0,62966.0,4807788561688,BIOGESIC 500MG TAB,2027-03-12,10.0,pcs,0.0,42.5,4.05,2.04,,camille,5989,duplicate row,duplicates
2024-12-17 00:00:00,63086.0,62966.0,4809012413244,KATINKO OIL LINIMENT 10ML (ROLL ON,2026-08-30,1.0,pcs,0.0,46.5,0.0,46.5,,camille,6135,duplicate row,duplicates
2024-12-17 00:00:00,63086.0,62966.0,4806506318832,SISTERS DAY MAXI 8+1 W/ WINGS,2028-09-30,1.0,pcs,0.0,25.0,19.71,5.29,,camille,6301,duplicate row,duplicates
2024-12-17 00:00:00,63086.0,62966.0,4806516031486,BETADINE WOUND 25ML,2029-03-30,1.0,pcs,0.0,91.5,69.76,21.74,,camille,6306,duplicate row,duplicates
2024-12-18 00:00:00,63086.0,62966.0,4806506318870,SISTERS PANTYLINER BLUE 8S,2028-05-30,1.0,pcs,0.0,10.0,8.05,1.95,,camille,6449,duplicate row,duplicates
2024-12-18 00:00:00,63086.0,62966.0,0725765883117,OHHIRA&#039;S RED OMX PROBIOTICS CAP,2025-08-16,7.0,pcs,0.0,322.0,40.0,42.0,,camille,6621,duplicate row,duplicates
2024-12-19 00:00:00,63086.0,62966.0,4806529980160,DOK HERBAL COFFEE 9 IN 1,2026-01-18,1.0,pcs,0.0,15.0,0.0,15.0,,camille,6880,duplicate row,duplicates
2024-12-19 00:00:00,63086.0,62966.0,4800131592759,BIOGENIC (ISOPROPYL ALCOHOL) 70% 50ML SPRAY,2026-04-30,1.0,pcs,0.0,33.75,28.0,5.75,,camille,7064,duplicate row,duplicates
2024-12-19 00:00:00,63086.0,62966.0,4800602020934,WILKINS DISTILLED 500ML,,1.0,pcs,0.0,18.0,15.21,2.79,,camille,7126,duplicate row,duplicates
2024-12-19 00:00:00,63086.0,62966.0,4800602020934,WILKINS DISTILLED 500ML,,1.0,pcs,0.0,18.0,15.21,2.79,,camille,7131,duplicate row,duplicates
2024-12-20 00:00:00,63086.0,62966.0,4806502351901,SANICARE BATHROOM TISSUE 1s,2028-07-31,1.0,pcs,0.0,18.5,15.16,3.34,,camille,7479,duplicate row,duplicates
2024-12-20 00:00:00,63086.0,62966.0,8996001600399,LE MINERALE 1.5ML,2025-01-30,1.0,pcs,0.0,30.0,22.0,8.0,,camille,7589,duplicate row,duplicates
2024-12-20 00:00:00,63086.0,62966.0,4806502351901,SANICARE BATHROOM TISSUE 1s,2026-07-10,1.0,pcs,0.0,18.5,15.16,3.34,,camille,7621,duplicate row,duplicates
2024-12-20 00:00:00,63086.0,62966.0,4806502850008,SYMDEX D TAB,2026-04-01,6.0,pcs,0.0,21.0,2.85,3.92,,camille,7697,duplicate row,duplicates
2024-12-21 00:00:00,63086.0,62966.0,4800308100473,BACTIV (CO-AMOXICLAV) 457MG/5ML 70ML,2025-03-31,1.0,pcs,0.0,361.0,324.8,36.2,,camille,7853,duplicate row,duplicates
2024-12-21 00:00:00,63086.0,62966.0,4806504269808,APPEVIT 120ML SYR,2025-04-30,1.0,pcs,0.0,343.75,275.0,68.75,,camille,7861,duplicate row,duplicates
2024-12-21 00:00:00,63086.0,62966.0,4806502359914,FEMME INTERFOLDED PAPER TOWEL 1PLY,2028-10-30,2.0,pcs,0.0,110.0,45.53,18.94,,camille,7894,duplicate row,duplicates
2024-12-21 00:00:00,63086.0,62966.0,4807788321084,IMMUNPRO 500MG/10MG TAB 7+1,2027-04-30,1.0,pcs,0.0,59.75,54.84,4.91,,camille,7968,duplicate row,duplicates
2024-12-22 00:00:00,63086.0,62966.0,4806502352588,FEMME FACIAL TISSUE UNSCENTED,2028-07-01,1.0,pcs,0.0,29.5,26.75,2.75,,camille,8096,duplicate row,duplicates
2024-12-22 00:00:00,63086.0,62966.0,4807788700025,BIOFLU (PHENYLEPHRINE HCL CHLORPHENAMINE MALEATE PARACETAMOL) 10MG/2MG /500MG 7+1 TAB,2026-04-30,1.0,pcs,0.0,56.0,47.55,8.45,,camille,8097,duplicate row,duplicates
2024-12-22 00:00:00,63086.0,62966.0,8851198028527,STREPSILS LOZ HONEY LEMON 8s,2027-06-04,1.0,pcs,0.0,70.5,57.13,13.37,,camille,8194,duplicate row,duplicates
2024-12-22 00:00:00,63086.0,62966.0,4800016663802,NOVA CHEDDAR SMALL,2025-04-09,1.0,pcs,0.0,25.0,13.7,11.3,,camille,8203,duplicate row,duplicates
2024-12-23 00:00:00,63086.0,62966.0,4800602020934,WILKINS DISTILLED 500ML,,1.0,pcs,0.0,18.0,15.21,2.79,,camille,8582,duplicate row,duplicates
2024-12-23 00:00:00,63086.0,62966.0,4807788700025,BIOFLU (PHENYLEPHRINE HCL CHLORPHENAMINE MALEATE PARACETAMOL) 10MG/2MG /500MG 7+1 TAB,2026-04-30,1.0,pcs,0.0,56.0,47.55,8.45,,camille,8601,duplicate row,duplicates
2024-12-23 00:00:00,63086.0,62966.0,8851198028527,STREPSILS LOZ HONEY LEMON 8s,2027-06-04,1.0,pcs,0.0,70.5,57.13,13.37,,camille,8657,duplicate row,duplicates
2024-12-23 00:00:00,63086.0,62966.0,4807788309082,KREMIL-S 5+1,2027-05-30,1.0,pcs,0.0,43.75,36.07,7.68,,camille,8696,duplicate row,duplicates
2024-12-24 00:00:00,63086.0,62966.0,4806502351901,SANICARE BATHROOM TISSUE 1s,2026-07-10,1.0,pcs,0.0,18.5,15.16,3.34,,camille,8760,duplicate row,duplicates
2024-12-24 00:00:00,63086.0,62966.0,4800361028639,KOKO KRUNCH CEREAL 20G,2025-10-03,1.0,pcs,0.0,20.0,11.78,8.22,,camille,8940,duplicate row,duplicates
2024-12-24 00:00:00,63086.0,62966.0,4800602087937,WILKINS DISTILLED 1L,2025-05-29,1.0,pcs,0.0,30.0,23.33,6.67,,camille,8964,duplicate row,duplicates
2024-12-27 00:00:00,63086.0,62966.0,4800602020934,WILKINS DISTILLED 500ML,,1.0,pcs,0.0,18.0,15.21,2.79,,camille,9191,duplicate row,duplicates
2024-12-27 00:00:00,63086.0,62966.0,4806502351901,SANICARE BATHROOM TISSUE 1s,2026-07-10,1.0,pcs,0.0,18.5,15.16,3.34,,camille,9348,duplicate row,duplicates
2024-12-27 00:00:00,63086.0,62966.0,4800602020934,WILKINS DISTILLED 500ML,,1.0,pcs,0.0,18.0,15.21,2.79,,camille,9434,duplicate row,duplicates
2024-12-27 00:00:00,63086.0,62966.0,4800361425360,NESTLE CHUCKIE 250ML,2024-12-31,1.0,pcs,0.0,45.0,27.5,17.5,,camille,9462,duplicate row,duplicates
2024-12-28 00:00:00,63086.0,62966.0,9314057002629,DIFFLAM LOZENGES 3MG LOZ,2025-02-28,1.0,pcs,0.0,35.25,29.21,6.04,,camille,9663,duplicate row,duplicates
2024-12-28 00:00:00,63086.0,62966.0,9314057002629,DIFFLAM LOZENGES 3MG LOZ,2025-02-28,1.0,pcs,0.0,35.25,29.21,6.04,,camille,9715,duplicate row,duplicates
2024-12-28 00:00:00,63086.0,62966.0,4806502351901,SANICARE BATHROOM TISSUE 1s,2026-07-10,1.0,pcs,0.0,18.5,15.16,3.34,,camille,9740,duplicate row,duplicates
2024-12-28 00:00:00,63086.0,62966.0,4987176600776,VICKS VAPORUB 10G,2026-01-31,1.0,pcs,0.0,64.25,53.86,10.39,,camille,9756,duplicate row,duplicates
2024-12-28 00:00:00,63086.0,62966.0,0725765883117,OHHIRA&#039;S RED OMX PROBIOTICS CAP,2025-05-30,7.0,pcs,0.0,322.0,40.0,42.0,,camille,9774,duplicate row,duplicates
2024-12-28 00:00:00,63086.0,62966.0,0725765883117,OHHIRA&#039;S RED OMX PROBIOTICS CAP,2025-08-16,7.0,pcs,0.0,322.0,40.0,42.0,,camille,9804,duplicate row,duplicates
2024-12-28 00:00:00,63086.0,62966.0,4800602020934,WILKINS DISTILLED 500ML,,1.0,pcs,0.0,18.0,15.21,2.79,,camille,9819,duplicate row,duplicates
2024-12-28 00:00:00,63086.0,62966.0,0725765883117,OHHIRA&#039;S RED OMX PROBIOTICS CAP,2025-08-16,7.0,pcs,0.0,322.0,40.0,42.0,,camille,9840,duplicate row,duplicates
2024-12-28 00:00:00,63086.0,62966.0,4806502350034,SANICARE COTTON BUDS 200 STEM,2027-07-26,1.0,pcs,0.0,19.5,16.18,3.32,,camille,9937,duplicate row,duplicates
2024-12-28 00:00:00,63086.0,62966.0,4807788561688,BIOGESIC 500MG TAB,2027-06-30,10.0,pcs,0.0,42.5,4.05,2.04,,camille,9947,duplicate row,duplicates
2024-12-28 00:00:00,63086.0,62966.0,8850360410016,STREPSILS LOZ CHESTY COUGH (AMBROXOL HCL) 6s,2027-08-23,1.0,pcs,0.0,76.0,61.28,14.72,,camille,9948,duplicate row,duplicates
2024-12-29 00:00:00,63086.0,62966.0,4800067552179,MENTOPAS PLASTER 1X10,2027-01-30,1.0,pcs,0.0,57.5,39.51,17.99,,camille,10090,duplicate row,duplicates
2024-12-29 00:00:00,63086.0,62966.0,4800348112757,NATRAVOX 457MG/5ML 35ML,2026-07-30,1.0,pcs,0.0,288.0,228.39,59.61,,camille,10104,duplicate row,duplicates
2024-12-29 00:00:00,63086.0,62966.0,4807788629302,BIOGESIC 250MG/5ML (PARACETAMOL) ORANGE 60ML,2026-04-30,1.0,pcs,0.0,142.0,119.57,22.43,,camille,10105,duplicate row,duplicates
2024-12-30 00:00:00,63086.0,62966.0,0725765883117,OHHIRA&#039;S RED OMX PROBIOTICS CAP,2025-05-30,7.0,pcs,0.0,322.0,40.0,42.0,,camille,10278,duplicate row,duplicates
2024-12-31 00:00:00,63086.0,62966.0,4987072081808,KOOL FEVER BABY 2&#039;S,2027-05-02,2.0,pcs,0.0,103.0,46.88,9.24,,camille,10584,duplicate row,duplicates
2024-12-31 00:00:00,63086.0,62966.0,0725765883117,OHHIRA&#039;S RED OMX PROBIOTICS CAP,2025-05-30,7.0,pcs,0.0,322.0,40.0,42.0,,camille,10615,duplicate row,duplicates
