Date,Receipt,SO,Item Code,Description,Expiration Date,Qty,Unit,Discount,Sales,Cost,Profit,Payment,Cashier ID,Category,Tab,_row_id,error_reason,error_stage
Grand Total,,,,,12414,,"725,473.86",,"725,473.86","286,228.55","164,146.35","705,900.21",,,,12414,summary/total row matched 'grand total',pre-map
,,,,,,,<na>,,231.0,168.0,63.0,,,,,2,financial data present but missing supporting fields,remove_incomplete_rows
,,,,,,,<na>,,110.0,9.11,18.9,,,,,6,financial data present but missing supporting fields,remove_incomplete_rows
,,,,,,,<na>,,54.0,15.85,6.45,,,,,10,financial data present but missing supporting fields,remove_incomplete_rows
,,,,,,,<na>,,505.0,40.0,105.0,,,,,14,financial data present but missing supporting fields,remove_incomplete_rows
,,,,,,,<na>,,15.0,9.2,5.8,,,,,18,financial data present but missing supporting fields,remove_incomplete_rows
,,,,,,,<na>,,36.5,30.39,6.11,,,,,22,financial data present but missing supporting fields,remove_incomplete_rows
,,,,,,,<na>,,58.8,6.68,5.36,,,,,26,financial data present but missing supporting fields,remove_incomplete_rows
,,,,,,,<na>,,70.5,29.21,12.08,,,,,30,financial data present but missing supporting fields,remove_incomplete_rows
,,,,,,,<na>,,125.0,10.18,23.2,,,,,34,financial data present but missing supporting fields,remove_incomplete_rows
,,,,,,,<na>,,280.5,24.83,98.25,,,,,40,financial data present but missing supporting fields,remove_incomplete_rows
,,,,,,,<na>,,41.0,34.91,6.09,,,,,44,financial data present but missing supporting fields,remove_incomplete_rows
,,,,,,,<na>,,130.5,115.07,15.43,,,,,48,financial data present but missing supporting fields,remove_incomplete_rows
,,,,,,,<na>,,47.9,37.03,10.87,,,,,53,financial data present but missing supporting fields,remove_incomplete_rows
,,,,,,,<na>,,3371.52,68.38,-317.83,,,,,61,financial data present but missing supporting fields,remove_incomplete_rows
,,,,,,,<na>,,38.0,27.42,10.58,,,,,66,financial data present but missing supporting fields,remove_incomplete_rows
,,,,,,,<na>,,23.5,19.85,3.65,,,,,70,financial data present but missing supporting fields,remove_incomplete_rows
,,,,,,,<na>,,1156.0,1060.0,96.0,,,,,74,financial data present but missing supporting fields,remove_incomplete_rows
,,,,,,,<na>,,197.5,50.05,40.36,,,,,80,financial data present but missing supporting fields,remove_incomplete_rows
,,,,,,,<na>,,120.0,56.0,64.0,,,,,84,financial data present but missing supporting fields,remove_incomplete_rows
,,,,,,,<na>,,295.0,10.5,85.0,,,,,88,financial data present but missing supporting fields,remove_incomplete_rows
,,,,,,,<na>,,67.5,3.72,30.3,,,,,92,financial data present but missing supporting fields,remove_incomplete_rows
,,,,,,,<na>,,12.0,1.66,7.02,,,,,96,financial data present but missing supporting fields,remove_incomplete_rows
,,,,,,,<na>,,42.0,27.16,14.84,,,,,102,financial data present but missing supporting fields,remove_incomplete_rows
,,,,,,,<na>,,120.0,56.0,64.0,,,,,106,financial data present but missing supporting fields,remove_incomplete_rows
,,,,,,,<na>,,34.7,28.92,5.78,,,,,110,financial data present but missing supporting fields,remove_incomplete_rows
,,,,,,,<na>,,615.0,391.08,223.92,,,,,116,financial data present but missing supporting fields,remove_incomplete_rows
,,,,,,,<na>,,25.5,7.61,2.67,,,,,120,financial data present but missing supporting fields,remove_incomplete_rows
,,,,,,,<na>,,24.0,0.0,24.0,,,,,124,financial data present but missing supporting fields,remove_incomplete_rows
,,,,,,,<na>,,42.5,32.53,9.98,,,,,129,financial data present but missing supporting fields,remove_incomplete_rows
,,,,,,,<na>,,224.0,7.33,150.7,,,,,133,financial data present but missing supporting fields,remove_incomplete_rows
,,,,,,,<na>,,46.5,0.0,46.5,,,,,137,financial data present but missing supporting fields,remove_incomplete_rows
,,,,,,,<na>,,12.0,8.07,3.93,,,,,141,financial data present but missing supporting fields,remove_incomplete_rows
,,,,,,,<na>,,12.0,9.22,2.78,,,,,145,financial data present but missing supporting fields,remove_incomplete_rows
,,,,,,,<na>,,523.0,32.32,201.82,,,,,151,financial data present but missing supporting fields,remove_incomplete_rows
,,,,,,,<na>,,88.0,71.0,17.0,,,,,155,financial data present but missing supporting fields,remove_incomplete_rows
,,,,,,,<na>,,2487.66,74.32,302.2,,,,,162,financial data present but missing supporting fields,remove_incomplete_rows
,,,,,,,<na>,,76.5,63.99,12.51,,,,,166,financial data present but missing supporting fields,remove_incomplete_rows
,,,,,,,<na>,,1078.25,18.35,194.25,,,,,171,financial data present but missing supporting fields,remove_incomplete_rows
,,,,,,,<na>,,56.0,47.55,8.45,,,,,175,financial data present but missing supporting fields,remove_incomplete_rows
,,,,,,,<na>,,441.5,370.6,70.9,,,,,180,financial data present but missing supporting fields,remove_incomplete_rows
,,,,,,,<na>,,38.0,25.85,12.15,,,,,184,financial data present but missing supporting fields,remove_incomplete_rows
,,,,,,,<na>,,29.5,0.0,29.5,,,,,188,financial data present but missing supporting fields,remove_incomplete_rows
,,,,,,,<na>,,505.0,40.0,105.0,,,,,192,financial data present but missing supporting fields,remove_incomplete_rows
,,,,,,,<na>,,342.0,279.0,63.0,,,,,196,financial data present but missing supporting fields,remove_incomplete_rows
,,,,,,,<na>,,265.0,14.1,106.4,,,,,201,financial data present but missing supporting fields,remove_incomplete_rows
,,,,,,,<na>,,35.25,29.21,6.04,,,,,205,financial data present but missing supporting fields,remove_incomplete_rows
,,,,,,,<na>,,35.25,29.21,6.04,,,,,209,financial data present but missing supporting fields,remove_incomplete_rows
,,,,,,,<na>,,244.75,195.05,49.7,,,,,215,financial data present but missing supporting fields,remove_incomplete_rows
,,,,,,,<na>,,116.75,101.03,15.72,,,,,220,financial data present but missing supporting fields,remove_incomplete_rows
,,,,,,,<na>,,96.0,83.8,12.2,,,,,224,financial data present but missing supporting fields,remove_incomplete_rows
,,,,,,,<na>,,12.0,4.0,8.0,,,,,228,financial data present but missing supporting fields,remove_incomplete_rows
,,,,,,,<na>,,216.0,15.68,27.84,,,,,232,financial data present but missing supporting fields,remove_incomplete_rows
,,,,,,,<na>,,108.0,15.68,13.92,,,,,236,financial data present but missing supporting fields,remove_incomplete_rows
,,,,,,,<na>,,20.0,4.23,11.54,,,,,240,financial data present but missing supporting fields,remove_incomplete_rows
,,,,,,,<na>,,1311.0,60.0,111.0,,,,,244,financial data present but missing supporting fields,remove_incomplete_rows
,,,,,,,<na>,,133.25,114.63,18.62,,,,,250,financial data present but missing supporting fields,remove_incomplete_rows
,,,,,,,<na>,,624.0,75.47,67.53,,,,,255,financial data present but missing supporting fields,remove_incomplete_rows
,,,,,,,<na>,,223.5,98.44,26.62,,,,,260,financial data present but missing supporting fields,remove_incomplete_rows
,,,,,,,<na>,,243.4,0.58,231.8,,,,,265,financial data present but missing supporting fields,remove_incomplete_rows
,,,,,,,<na>,,44.6,0.78,29.0,,,,,269,financial data present but missing supporting fields,remove_incomplete_rows
,,,,,,,<na>,,144.0,23.65,2.09,,,,,273,financial data present but missing supporting fields,remove_incomplete_rows
,,,,,,,<na>,,836.5,572.37,144.13,,,,,279,financial data present but missing supporting fields,remove_incomplete_rows
,,,,,,,<na>,,450.03,24.23,182.91,,,,,285,financial data present but missing supporting fields,remove_incomplete_rows
,,,,,,,<na>,,155.5,73.38,21.62,,,,,290,financial data present but missing supporting fields,remove_incomplete_rows
,,,,,,,<na>,,524.5,57.72,124.3,,,,,296,financial data present but missing supporting fields,remove_incomplete_rows
,,,,,,,<na>,,118.5,34.86,13.92,,,,,300,financial data present but missing supporting fields,remove_incomplete_rows
,,,,,,,<na>,,91.3,73.78,17.52,,,,,304,financial data present but missing supporting fields,remove_incomplete_rows
,,,,,,,<na>,,10.0,5.27,4.73,,,,,308,financial data present but missing supporting fields,remove_incomplete_rows
,,,,,,,<na>,,30.0,23.33,6.67,,,,,312,financial data present but missing supporting fields,remove_incomplete_rows
,,,,,,,<na>,,331.25,116.63,144.9,,,,,320,financial data present but missing supporting fields,remove_incomplete_rows
,,,,,,,<na>,,69.0,55.08,13.92,,,,,324,financial data present but missing supporting fields,remove_incomplete_rows
,,,,,,,<na>,,24.0,18.53,5.47,,,,,328,financial data present but missing supporting fields,remove_incomplete_rows
,,,,,,,<na>,,43.0,33.0,10.0,,,,,332,financial data present but missing supporting fields,remove_incomplete_rows
,,,,,,,<na>,,102.0,86.3,15.7,,,,,336,financial data present but missing supporting fields,remove_incomplete_rows
,,,,,,,<na>,,5.0,1.28,2.45,,,,,340,financial data present but missing supporting fields,remove_incomplete_rows
,,,,,,,<na>,,283.92,24.28,59.71,,,,,345,financial data present but missing supporting fields,remove_incomplete_rows
,,,,,,,<na>,,128.0,22.23,39.08,,,,,349,financial data present but missing supporting fields,remove_incomplete_rows
,,,,,,,<na>,,90.0,46.98,11.2,,,,,354,financial data present but missing supporting fields,remove_incomplete_rows
,,,,,,,<na>,,468.37,153.58,109.48,,,,,366,financial data present but missing supporting fields,remove_incomplete_rows
,,,,,,,<na>,,336.3,172.55,14.98,,,,,374,financial data present but missing supporting fields,remove_incomplete_rows
,,,,,,,<na>,,199.0,167.29,31.71,,,,,378,financial data present but missing supporting fields,remove_incomplete_rows
,,,,,,,<na>,,9100.0,20.56,876.0,,,,,382,financial data present but missing supporting fields,remove_incomplete_rows
,,,,,,,<na>,,746.6,98.44,-77.82,,,,,387,financial data present but missing supporting fields,remove_incomplete_rows
,,,,,,,<na>,,182.0,41.69,-26.45,,,,,392,financial data present but missing supporting fields,remove_incomplete_rows
,,,,,,,<na>,,280.0,7.59,204.1,,,,,396,financial data present but missing supporting fields,remove_incomplete_rows
,,,,,,,<na>,,34.7,28.92,5.78,,,,,400,financial data present but missing supporting fields,remove_incomplete_rows
,,,,,,,<na>,,56.0,47.55,8.45,,,,,404,financial data present but missing supporting fields,remove_incomplete_rows
,,,,,,,<na>,,333.0,24.79,-38.85,,,,,408,financial data present but missing supporting fields,remove_incomplete_rows
,,,,,,,<na>,,26.25,21.49,4.76,,,,,412,financial data present but missing supporting fields,remove_incomplete_rows
,,,,,,,<na>,,120.0,56.0,64.0,,,,,416,financial data present but missing supporting fields,remove_incomplete_rows
,,,,,,,<na>,,120.0,56.0,64.0,,,,,420,financial data present but missing supporting fields,remove_incomplete_rows
,,,,,,,<na>,,112.5,51.74,9.02,,,,,424,financial data present but missing supporting fields,remove_incomplete_rows
,,,,,,,<na>,,318.0,11.98,-41.4,,,,,428,financial data present but missing supporting fields,remove_incomplete_rows
,,,,,,,<na>,,120.0,10.33,37.36,,,,,432,financial data present but missing supporting fields,remove_incomplete_rows
,,,,,,,<na>,,127.0,15.17,20.37,,,,,439,financial data present but missing supporting fields,remove_incomplete_rows
,,,,,,,<na>,,30.0,23.33,6.67,,,,,443,financial data present but missing supporting fields,remove_incomplete_rows
,,,,,,,<na>,,37.0,15.75,21.25,,,,,448,financial data present but missing supporting fields,remove_incomplete_rows
,,,,,,,<na>,,38.0,33.8,4.2,,,,,452,financial data present but missing supporting fields,remove_incomplete_rows
,,,,,,,<na>,,20.0,12.3,7.7,,,,,456,financial data present but missing supporting fields,remove_incomplete_rows
,,,,,,,<na>,,585.85,508.28,77.57,,,,,462,financial data present but missing supporting fields,remove_incomplete_rows
,,,,,,,<na>,,6.3,3.0,3.3,,,,,466,financial data present but missing supporting fields,remove_incomplete_rows
,,,,,,,<na>,,18.0,9.38,8.63,,,,,470,financial data present but missing supporting fields,remove_incomplete_rows
,,,,,,,<na>,,1195.9,134.09,356.39,,,,,478,financial data present but missing supporting fields,remove_incomplete_rows
,,,,,,,<na>,,18.0,15.21,2.79,,,,,482,financial data present but missing supporting fields,remove_incomplete_rows
,,,,,,,<na>,,256.5,210.98,45.52,,,,,486,financial data present but missing supporting fields,remove_incomplete_rows
,,,,,,,<na>,,11.0,6.33,4.67,,,,,490,financial data present but missing supporting fields,remove_incomplete_rows
,,,,,,,<na>,,475.6,401.34,71.26,,,,,496,financial data present but missing supporting fields,remove_incomplete_rows
,,,,,,,<na>,,18.0,15.85,2.15,,,,,500,financial data present but missing supporting fields,remove_incomplete_rows
,,,,,,,<na>,,50.0,23.83,26.17,,,,,504,financial data present but missing supporting fields,remove_incomplete_rows
,,,,,,,<na>,,26.25,21.49,4.76,,,,,508,financial data present but missing supporting fields,remove_incomplete_rows
,,,,,,,<na>,,476.25,19.55,183.0,,,,,513,financial data present but missing supporting fields,remove_incomplete_rows
,,,,,,,<na>,,76.0,61.6,14.4,,,,,518,financial data present but missing supporting fields,remove_incomplete_rows
,,,,,,,<na>,,100.0,9.0,82.0,,,,,522,financial data present but missing supporting fields,remove_incomplete_rows
,,,,,,,<na>,,353.5,40.0,73.5,,,,,526,financial data present but missing supporting fields,remove_incomplete_rows
,,,,,,,<na>,,193.25,86.86,40.39,,,,,531,financial data present but missing supporting fields,remove_incomplete_rows
,,,,,,,<na>,,8.5,7.14,1.36,,,,,535,financial data present but missing supporting fields,remove_incomplete_rows
,,,,,,,<na>,,2611.55,2045.54,566.01,,,,,539,financial data present but missing supporting fields,remove_incomplete_rows
,,,,,,,<na>,,320.0,200.0,120.0,,,,,543,financial data present but missing supporting fields,remove_incomplete_rows
,,,,,,,<na>,,28.5,23.65,4.85,,,,,547,financial data present but missing supporting fields,remove_incomplete_rows
,,,,,,,<na>,,20.0,13.54,6.46,,,,,552,financial data present but missing supporting fields,remove_incomplete_rows
,,,,,,,<na>,,25.0,21.08,3.92,,,,,556,financial data present but missing supporting fields,remove_incomplete_rows
,,,,,,,<na>,,213.75,95.0,118.75,,,,,560,financial data present but missing supporting fields,remove_incomplete_rows
,,,,,,,<na>,,221.2,34.86,-22.82,,,,,564,financial data present but missing supporting fields,remove_incomplete_rows
,,,,,,,<na>,,241.0,209.55,31.45,,,,,569,financial data present but missing supporting fields,remove_incomplete_rows
,,,,,,,<na>,,215.0,33.0,50.0,,,,,573,financial data present but missing supporting fields,remove_incomplete_rows
,,,,,,,<na>,,189.5,157.63,31.87,,,,,577,financial data present but missing supporting fields,remove_incomplete_rows
,,,,,,,<na>,,15.0,8.9,6.1,,,,,581,financial data present but missing supporting fields,remove_incomplete_rows
,,,,,,,<na>,,103.5,13.26,23.94,,,,,585,financial data present but missing supporting fields,remove_incomplete_rows
,,,,,,,<na>,,970.42,221.39,-63.27,,,,,599,financial data present but missing supporting fields,remove_incomplete_rows
,,,,,,,<na>,,197.0,71.57,110.01,,,,,605,financial data present but missing supporting fields,remove_incomplete_rows
,,,,,,,<na>,,82.0,24.49,29.42,,,,,613,financial data present but missing supporting fields,remove_incomplete_rows
,,,,,,,<na>,,11.0,6.33,4.67,,,,,617,financial data present but missing supporting fields,remove_incomplete_rows
,,,,,,,<na>,,147.0,106.9,31.1,,,,,623,financial data present but missing supporting fields,remove_incomplete_rows
,,,,,,,<na>,,88.0,71.0,17.0,,,,,627,financial data present but missing supporting fields,remove_incomplete_rows
,,,,,,,<na>,,43.0,33.0,10.0,,,,,631,financial data present but missing supporting fields,remove_incomplete_rows
,,,,,,,<na>,,12.0,7.35,4.65,,,,,635,financial data present but missing supporting fields,remove_incomplete_rows
,,,,,,,<na>,,70.5,53.31,17.19,,,,,640,financial data present but missing supporting fields,remove_incomplete_rows
,,,,,,,<na>,,104.1,28.92,17.34,,,,,645,financial data present but missing supporting fields,remove_incomplete_rows
,,,,,,,<na>,,92.5,14.29,21.05,,,,,649,financial data present but missing supporting fields,remove_incomplete_rows
,,,,,,,<na>,,189.0,95.0,94.0,,,,,653,financial data present but missing supporting fields,remove_incomplete_rows
,,,,,,,<na>,,945.5,374.18,393.32,,,,,659,financial data present but missing supporting fields,remove_incomplete_rows
,,,,,,,<na>,,143.5,60.76,21.98,,,,,663,financial data present but missing supporting fields,remove_incomplete_rows
,,,,,,,<na>,,165.0,149.5,15.5,,,,,672,financial data present but missing supporting fields,remove_incomplete_rows
,,,,,,,<na>,,343.75,275.0,68.75,,,,,676,financial data present but missing supporting fields,remove_incomplete_rows
,,,,,,,<na>,,97.0,45.39,48.01,,,,,684,financial data present but missing supporting fields,remove_incomplete_rows
,,,,,,,<na>,,295.0,105.24,92.81,,,,,690,financial data present but missing supporting fields,remove_incomplete_rows
,,,,,,,<na>,,13.0,11.0,2.0,,,,,694,financial data present but missing supporting fields,remove_incomplete_rows
,,,,,,,<na>,,403.35,21.1,86.85,,,,,700,financial data present but missing supporting fields,remove_incomplete_rows
,,,,,,,<na>,,34.0,29.45,4.55,,,,,704,financial data present but missing supporting fields,remove_incomplete_rows
,,,,,,,<na>,,93.25,26.18,58.25,,,,,709,financial data present but missing supporting fields,remove_incomplete_rows
,,,,,,,<na>,,92.5,80.0,12.5,,,,,713,financial data present but missing supporting fields,remove_incomplete_rows
,,,,,,,<na>,,64.0,55.2,8.8,,,,,717,financial data present but missing supporting fields,remove_incomplete_rows
,,,,,,,<na>,,154.0,84.45,56.95,,,,,725,financial data present but missing supporting fields,remove_incomplete_rows
,,,,,,,<na>,,55.0,45.47,9.53,,,,,729,financial data present but missing supporting fields,remove_incomplete_rows
,,,,,,,<na>,,54.0,44.4,9.6,,,,,733,financial data present but missing supporting fields,remove_incomplete_rows
,,,,,,,<na>,,54.0,45.23,8.77,,,,,737,financial data present but missing supporting fields,remove_incomplete_rows
,,,,,,,<na>,,38.0,28.35,9.65,,,,,742,financial data present but missing supporting fields,remove_incomplete_rows
,,,,,,,<na>,,39.75,12.1,3.45,,,,,746,financial data present but missing supporting fields,remove_incomplete_rows
,,,,,,,<na>,,64.0,58.11,5.89,,,,,750,financial data present but missing supporting fields,remove_incomplete_rows
,,,,,,,<na>,,2.5,0.88,1.62,,,,,754,financial data present but missing supporting fields,remove_incomplete_rows
,,,,,,,<na>,,18.5,15.16,3.34,,,,,758,financial data present but missing supporting fields,remove_incomplete_rows
,,,,,,,<na>,,46.0,18.22,9.56,,,,,762,financial data present but missing supporting fields,remove_incomplete_rows
,,,,,,,<na>,,270.5,238.15,32.35,,,,,767,financial data present but missing supporting fields,remove_incomplete_rows
,,,,,,,<na>,,30.0,0.0,30.0,,,,,771,financial data present but missing supporting fields,remove_incomplete_rows
,,,,,,,<na>,,27.0,9.22,17.78,,,,,776,financial data present but missing supporting fields,remove_incomplete_rows
,,,,,,,<na>,,70.0,29.17,11.66,,,,,780,financial data present but missing supporting fields,remove_incomplete_rows
,,,,,,,<na>,,35.0,29.17,5.83,,,,,784,financial data present but missing supporting fields,remove_incomplete_rows
,,,,,,,<na>,,22.5,17.81,4.69,,,,,788,financial data present but missing supporting fields,remove_incomplete_rows
,,,,,,,<na>,,1077.25,639.8,197.45,,,,,794,financial data present but missing supporting fields,remove_incomplete_rows
,,,,,,,<na>,,29.5,0.0,29.5,,,,,798,financial data present but missing supporting fields,remove_incomplete_rows
,,,,,,,<na>,,481.0,364.8,76.2,,,,,803,financial data present but missing supporting fields,remove_incomplete_rows
,,,,,,,<na>,,535.0,45.06,84.4,,,,,809,financial data present but missing supporting fields,remove_incomplete_rows
,,,,,,,<na>,,40.5,0.0,40.5,,,,,814,financial data present but missing supporting fields,remove_incomplete_rows
,,,,,,,<na>,,1163.75,81.08,214.69,,,,,819,financial data present but missing supporting fields,remove_incomplete_rows
,,,,,,,<na>,,140.0,13.21,7.9,,,,,823,financial data present but missing supporting fields,remove_incomplete_rows
,,,,,,,<na>,,90.55,13.33,50.56,,,,,829,financial data present but missing supporting fields,remove_incomplete_rows
,,,,,,,<na>,,120.75,13.33,67.43,,,,,836,financial data present but missing supporting fields,remove_incomplete_rows
,,,,,,,<na>,,292.55,14.42,157.58,,,,,842,financial data present but missing supporting fields,remove_incomplete_rows
,,,,,,,<na>,,340.5,291.36,49.14,,,,,846,financial data present but missing supporting fields,remove_incomplete_rows
,,,,,,,<na>,,645.5,480.21,165.29,,,,,850,financial data present but missing supporting fields,remove_incomplete_rows
,,,,,,,<na>,,52.0,34.35,17.65,,,,,856,financial data present but missing supporting fields,remove_incomplete_rows
,,,,,,,<na>,,6.0,1.0,5.0,,,,,864,financial data present but missing supporting fields,remove_incomplete_rows
,,,,,,,<na>,,99.75,27.12,18.39,,,,,868,financial data present but missing supporting fields,remove_incomplete_rows
,,,,,,,<na>,,121.59,21.41,58.01,,,,,892,financial data present but missing supporting fields,remove_incomplete_rows
,,,,,,,<na>,,18.0,15.21,2.79,,,,,896,financial data present but missing supporting fields,remove_incomplete_rows
,,,,,,,<na>,,30.0,22.0,8.0,,,,,900,financial data present but missing supporting fields,remove_incomplete_rows
,,,,,,,<na>,,55.0,0.88,46.2,,,,,905,financial data present but missing supporting fields,remove_incomplete_rows
,,,,,,,<na>,,120.0,10.63,6.18,,,,,910,financial data present but missing supporting fields,remove_incomplete_rows
,,,,,,,<na>,,18.5,15.16,3.34,,,,,914,financial data present but missing supporting fields,remove_incomplete_rows
,,,,,,,<na>,,123.6,45.26,-11.81,,,,,919,financial data present but missing supporting fields,remove_incomplete_rows
,,,,,,,<na>,,154.0,15.54,-1.45,,,,,924,financial data present but missing supporting fields,remove_incomplete_rows
,,,,,,,<na>,,58.28,26.36,5.55,,,,,928,financial data present but missing supporting fields,remove_incomplete_rows
,,,,,,,<na>,,27.5,20.31,7.19,,,,,932,financial data present but missing supporting fields,remove_incomplete_rows
,,,,,,,<na>,,18.5,15.16,3.34,,,,,936,financial data present but missing supporting fields,remove_incomplete_rows
,,,,,,,<na>,,376.75,235.85,82.48,,,,,941,financial data present but missing supporting fields,remove_incomplete_rows
,,,,,,,<na>,,145.46,84.76,38.51,,,,,951,financial data present but missing supporting fields,remove_incomplete_rows
,,,,,,,<na>,,112.5,103.59,8.91,,,,,955,financial data present but missing supporting fields,remove_incomplete_rows
,,,,,,,<na>,,20.0,0.0,20.0,,,,,959,financial data present but missing supporting fields,remove_incomplete_rows
,,,,,,,<na>,,168.0,7.59,122.46,,,,,963,financial data present but missing supporting fields,remove_incomplete_rows
,,,,,,,<na>,,110.0,46.22,17.56,,,,,967,financial data present but missing supporting fields,remove_incomplete_rows
,,,,,,,<na>,,97.5,1.63,63.6,,,,,972,financial data present but missing supporting fields,remove_incomplete_rows
,,,,,,,<na>,,58.5,48.46,10.04,,,,,977,financial data present but missing supporting fields,remove_incomplete_rows
,,,,,,,<na>,,18.5,15.16,3.34,,,,,981,financial data present but missing supporting fields,remove_incomplete_rows
,,,,,,,<na>,,30.0,12.98,4.04,,,,,985,financial data present but missing supporting fields,remove_incomplete_rows
,,,,,,,<na>,,240.0,10.0,40.0,,,,,989,financial data present but missing supporting fields,remove_incomplete_rows
,,,,,,,<na>,,118.5,34.86,13.92,,,,,993,financial data present but missing supporting fields,remove_incomplete_rows
,,,,,,,<na>,,83.75,12.05,23.5,,,,,997,financial data present but missing supporting fields,remove_incomplete_rows
,,,,,,,<na>,,171.2,78.99,22.49,,,,,1003,financial data present but missing supporting fields,remove_incomplete_rows
,,,,,,,<na>,,50.0,0.88,32.4,,,,,1007,financial data present but missing supporting fields,remove_incomplete_rows
,,,,,,,<na>,,96.0,80.51,15.49,,,,,1011,financial data present but missing supporting fields,remove_incomplete_rows
,,,,,,,<na>,,135.25,39.63,23.26,,,,,1016,financial data present but missing supporting fields,remove_incomplete_rows
,,,,,,,<na>,,42.75,0.78,27.93,,,,,1020,financial data present but missing supporting fields,remove_incomplete_rows
,,,,,,,<na>,,85.0,7.61,8.9,,,,,1024,financial data present but missing supporting fields,remove_incomplete_rows
,,,,,,,<na>,,94.5,13.01,16.45,,,,,1028,financial data present but missing supporting fields,remove_incomplete_rows
,,,,,,,<na>,,141.0,4.05,19.57,,,,,1032,financial data present but missing supporting fields,remove_incomplete_rows
,,,,,,,<na>,,136.3,4.05,18.92,,,,,1036,financial data present but missing supporting fields,remove_incomplete_rows
,,,,,,,<na>,,33.0,12.8,7.4,,,,,1040,financial data present but missing supporting fields,remove_incomplete_rows
,,,,,,,<na>,,49.8,11.31,4.56,,,,,1044,financial data present but missing supporting fields,remove_incomplete_rows
,,,,,,,<na>,,18.0,15.21,2.79,,,,,1048,financial data present but missing supporting fields,remove_incomplete_rows
,,,,,,,<na>,,349.3,661.76,-312.46,,,,,1059,financial data present but missing supporting fields,remove_incomplete_rows
,,,,,,,<na>,,152.5,24.37,30.65,,,,,1063,financial data present but missing supporting fields,remove_incomplete_rows
,,,,,,,<na>,,94.75,87.83,6.92,,,,,1067,financial data present but missing supporting fields,remove_incomplete_rows
,,,,,,,<na>,,303.0,40.0,63.0,,,,,1071,financial data present but missing supporting fields,remove_incomplete_rows
,,,,,,,<na>,,58.8,0.0,58.8,,,,,1075,financial data present but missing supporting fields,remove_incomplete_rows
,,,,,,,<na>,,76.0,19.84,14.09,,,,,1080,financial data present but missing supporting fields,remove_incomplete_rows
,,,,,,,<na>,,33.75,5.98,3.85,,,,,1084,financial data present but missing supporting fields,remove_incomplete_rows
,,,,,,,<na>,,34.5,6.8,20.9,,,,,1089,financial data present but missing supporting fields,remove_incomplete_rows
,,,,,,,<na>,,97.0,11.81,54.19,,,,,1094,financial data present but missing supporting fields,remove_incomplete_rows
,,,,,,,<na>,,69.75,57.94,11.81,,,,,1098,financial data present but missing supporting fields,remove_incomplete_rows
,,,,,,,<na>,,20.0,12.3,7.7,,,,,1102,financial data present but missing supporting fields,remove_incomplete_rows
,,,,,,,<na>,,169.7,32.64,66.38,,,,,1107,financial data present but missing supporting fields,remove_incomplete_rows
,,,,,,,<na>,,42.5,40.02,2.48,,,,,1111,financial data present but missing supporting fields,remove_incomplete_rows
,,,,,,,<na>,,2178.0,91.6,-183.9,,,,,1117,financial data present but missing supporting fields,remove_incomplete_rows
,,,,,,,<na>,,53.0,46.88,6.12,,,,,1121,financial data present but missing supporting fields,remove_incomplete_rows
,,,,,,,<na>,,198.87,176.35,22.52,,,,,1126,financial data present but missing supporting fields,remove_incomplete_rows
,,,,,,,<na>,,35.8,0.58,24.2,,,,,1130,financial data present but missing supporting fields,remove_incomplete_rows
,,,,,,,<na>,,100.0,1.28,71.36,,,,,1135,financial data present but missing supporting fields,remove_incomplete_rows
,,,,,,,<na>,,287.25,120.66,106.61,,,,,1145,financial data present but missing supporting fields,remove_incomplete_rows
,,,,,,,<na>,,8.5,7.61,0.89,,,,,1149,financial data present but missing supporting fields,remove_incomplete_rows
,,,,,,,<na>,,270.0,245.09,24.91,,,,,1153,financial data present but missing supporting fields,remove_incomplete_rows
,,,,,,,<na>,,300.0,50.0,150.0,,,,,1157,financial data present but missing supporting fields,remove_incomplete_rows
,,,,,,,<na>,,18.5,15.16,3.34,,,,,1161,financial data present but missing supporting fields,remove_incomplete_rows
,,,,,,,<na>,,54.0,44.4,9.6,,,,,1165,financial data present but missing supporting fields,remove_incomplete_rows
,,,,,,,<na>,,30.0,0.0,30.0,,,,,1169,financial data present but missing supporting fields,remove_incomplete_rows
,,,,,,,<na>,,33.0,21.45,11.55,,,,,1173,financial data present but missing supporting fields,remove_incomplete_rows
,,,,,,,<na>,,15.0,8.9,6.1,,,,,1177,financial data present but missing supporting fields,remove_incomplete_rows
,,,,,,,<na>,,34.7,28.92,5.78,,,,,1181,financial data present but missing supporting fields,remove_incomplete_rows
,,,,,,,<na>,,50.0,43.0,7.0,,,,,1185,financial data present but missing supporting fields,remove_incomplete_rows
,,,,,,,<na>,,20.0,4.23,11.54,,,,,1189,financial data present but missing supporting fields,remove_incomplete_rows
,,,,,,,<na>,,413.0,54.18,33.74,,,,,1193,financial data present but missing supporting fields,remove_incomplete_rows
,,,,,,,<na>,,6.75,3.72,3.03,,,,,1197,financial data present but missing supporting fields,remove_incomplete_rows
,,,,,,,<na>,,34.7,28.92,5.78,,,,,1201,financial data present but missing supporting fields,remove_incomplete_rows
,,,,,,,<na>,,18.0,15.21,2.79,,,,,1205,financial data present but missing supporting fields,remove_incomplete_rows
,,,,,,,<na>,,76.0,61.28,14.72,,,,,1209,financial data present but missing supporting fields,remove_incomplete_rows
,,,,,,,<na>,,63.0,16.1,14.7,,,,,1213,financial data present but missing supporting fields,remove_incomplete_rows
,,,,,,,<na>,,503.5,52.98,93.7,,,,,1218,financial data present but missing supporting fields,remove_incomplete_rows
,,,,,,,<na>,,657.75,303.04,188.36,,,,,1226,financial data present but missing supporting fields,remove_incomplete_rows
,,,,,,,<na>,,40.0,1.3,7.5,,,,,1230,financial data present but missing supporting fields,remove_incomplete_rows
,,,,,,,<na>,,421.0,351.78,69.22,,,,,1236,financial data present but missing supporting fields,remove_incomplete_rows
,,,,,,,<na>,,130.0,118.24,11.76,,,,,1240,financial data present but missing supporting fields,remove_incomplete_rows
,,,,,,,<na>,,79.75,27.86,29.61,,,,,1247,financial data present but missing supporting fields,remove_incomplete_rows
,,,,,,,<na>,,243.0,180.44,62.56,,,,,1251,financial data present but missing supporting fields,remove_incomplete_rows
,,,,,,,<na>,,54.0,44.4,9.6,,,,,1255,financial data present but missing supporting fields,remove_incomplete_rows
,,,,,,,<na>,,1557.5,92.67,260.12,,,,,1259,financial data present but missing supporting fields,remove_incomplete_rows
,,,,,,,<na>,,15.0,6.08,2.84,,,,,1263,financial data present but missing supporting fields,remove_incomplete_rows
,,,,,,,<na>,,900.0,450.0,450.0,,,,,1267,financial data present but missing supporting fields,remove_incomplete_rows
,,,,,,,<na>,,162.0,38.07,9.72,,,,,1271,financial data present but missing supporting fields,remove_incomplete_rows
,,,,,,,<na>,,42.0,31.08,10.92,,,,,1276,financial data present but missing supporting fields,remove_incomplete_rows
,,,,,,,<na>,,15.0,9.8,5.2,,,,,1280,financial data present but missing supporting fields,remove_incomplete_rows
,,,,,,,<na>,,421.0,229.86,125.14,,,,,1286,financial data present but missing supporting fields,remove_incomplete_rows
,,,,,,,<na>,,102.2,16.04,22.0,,,,,1290,financial data present but missing supporting fields,remove_incomplete_rows
,,,,,,,<na>,,420.5,42.64,47.66,,,,,1295,financial data present but missing supporting fields,remove_incomplete_rows
,,,,,,,<na>,,28.5,7.31,6.57,,,,,1299,financial data present but missing supporting fields,remove_incomplete_rows
,,,,,,,<na>,,25.0,7.25,17.75,,,,,1303,financial data present but missing supporting fields,remove_incomplete_rows
,,,,,,,<na>,,87.0,25.83,9.51,,,,,1307,financial data present but missing supporting fields,remove_incomplete_rows
,,,,,,,<na>,,137.5,12.5,12.5,,,,,1311,financial data present but missing supporting fields,remove_incomplete_rows
,,,,,,,<na>,,18.0,15.21,2.79,,,,,1315,financial data present but missing supporting fields,remove_incomplete_rows
,,,,,,,<na>,,21.75,18.87,2.88,,,,,1319,financial data present but missing supporting fields,remove_incomplete_rows
,,,,,,,<na>,,67.0,50.7,16.3,,,,,1325,financial data present but missing supporting fields,remove_incomplete_rows
,,,,,,,<na>,,413.25,44.73,148.14,,,,,1330,financial data present but missing supporting fields,remove_incomplete_rows
,,,,,,,<na>,,128.0,58.11,11.78,,,,,1334,financial data present but missing supporting fields,remove_incomplete_rows
,,,,,,,<na>,,25.0,19.1,5.9,,,,,1338,financial data present but missing supporting fields,remove_incomplete_rows
,,,,,,,<na>,,96.25,10.17,25.06,,,,,1342,financial data present but missing supporting fields,remove_incomplete_rows
,,,,,,,<na>,,1626.0,55.69,-44.63,,,,,1346,financial data present but missing supporting fields,remove_incomplete_rows
,,,,,,,<na>,,48.0,36.0,12.0,,,,,1350,financial data present but missing supporting fields,remove_incomplete_rows
,,,,,,,<na>,,546.0,107.6,245.43,,,,,1357,financial data present but missing supporting fields,remove_incomplete_rows
,,,,,,,<na>,,452.5,88.12,47.98,,,,,1362,financial data present but missing supporting fields,remove_incomplete_rows
,,,,,,,<na>,,208.0,175.99,32.01,,,,,1367,financial data present but missing supporting fields,remove_incomplete_rows
,,,,,,,<na>,,15.0,9.7,5.3,,,,,1371,financial data present but missing supporting fields,remove_incomplete_rows
,,,,,,,<na>,,61.0,24.37,12.26,,,,,1375,financial data present but missing supporting fields,remove_incomplete_rows
,,,,,,,<na>,,100.0,6.94,17.6,,,,,1380,financial data present but missing supporting fields,remove_incomplete_rows
,,,,,,,<na>,,100.0,33.52,13.22,,,,,1385,financial data present but missing supporting fields,remove_incomplete_rows
,,,,,,,<na>,,3095.35,179.23,377.74,,,,,1393,financial data present but missing supporting fields,remove_incomplete_rows
,,,,,,,<na>,,119.75,31.82,13.15,,,,,1399,financial data present but missing supporting fields,remove_incomplete_rows
,,,,,,,<na>,,13.0,9.25,3.75,,,,,1403,financial data present but missing supporting fields,remove_incomplete_rows
,,,,,,,<na>,,85.0,63.48,21.52,,,,,1407,financial data present but missing supporting fields,remove_incomplete_rows
,,,,,,,<na>,,5.75,5.58,0.17,,,,,1411,financial data present but missing supporting fields,remove_incomplete_rows
,,,,,,,<na>,,175.0,0.0,175.0,,,,,1415,financial data present but missing supporting fields,remove_incomplete_rows
,,,,,,,<na>,,12.45,11.31,1.14,,,,,1419,financial data present but missing supporting fields,remove_incomplete_rows
,,,,,,,<na>,,110.0,82.37,27.63,,,,,1427,financial data present but missing supporting fields,remove_incomplete_rows
,,,,,,,<na>,,47.2,19.63,7.94,,,,,1431,financial data present but missing supporting fields,remove_incomplete_rows
,,,,,,,<na>,,29.14,26.36,2.78,,,,,1435,financial data present but missing supporting fields,remove_incomplete_rows
,,,,,,,<na>,,12.0,5.35,6.65,,,,,1439,financial data present but missing supporting fields,remove_incomplete_rows
,,,,,,,<na>,,25.0,19.1,5.9,,,,,1443,financial data present but missing supporting fields,remove_incomplete_rows
,,,,,,,<na>,,55.0,45.47,9.53,,,,,1447,financial data present but missing supporting fields,remove_incomplete_rows
,,,,,,,<na>,,560.0,185.0,375.0,,,,,1451,financial data present but missing supporting fields,remove_incomplete_rows
,,,,,,,<na>,,550.0,377.14,172.86,,,,,1455,financial data present but missing supporting fields,remove_incomplete_rows
,,,,,,,<na>,,21.25,4.05,1.02,,,,,1459,financial data present but missing supporting fields,remove_incomplete_rows
,,,,,,,<na>,,384.5,361.0,23.5,,,,,1463,financial data present but missing supporting fields,remove_incomplete_rows
,,,,,,,<na>,,547.75,451.93,95.82,,,,,1468,financial data present but missing supporting fields,remove_incomplete_rows
,,,,,,,<na>,,254.5,207.57,46.93,,,,,1472,financial data present but missing supporting fields,remove_incomplete_rows
,,,,,,,<na>,,42.9,1.46,28.3,,,,,1477,financial data present but missing supporting fields,remove_incomplete_rows
,,,,,,,<na>,,30.0,23.33,6.67,,,,,1481,financial data present but missing supporting fields,remove_incomplete_rows
,,,,,,,<na>,,217.0,197.56,19.44,,,,,1485,financial data present but missing supporting fields,remove_incomplete_rows
,,,,,,,<na>,,25.0,19.1,5.9,,,,,1489,financial data present but missing supporting fields,remove_incomplete_rows
,,,,,,,<na>,,14.0,11.59,2.41,,,,,1493,financial data present but missing supporting fields,remove_incomplete_rows
,,,,,,,<na>,,60.75,46.8,13.95,,,,,1498,financial data present but missing supporting fields,remove_incomplete_rows
,,,,,,,<na>,,30.0,6.08,5.68,,,,,1502,financial data present but missing supporting fields,remove_incomplete_rows
,,,,,,,<na>,,177.5,22.86,24.84,,,,,1508,financial data present but missing supporting fields,remove_incomplete_rows
,,,,,,,<na>,,107.5,0.0,107.5,,,,,1512,financial data present but missing supporting fields,remove_incomplete_rows
,,,,,,,<na>,,47.5,39.33,8.17,,,,,1516,financial data present but missing supporting fields,remove_incomplete_rows
,,,,,,,<na>,,55.0,45.53,9.47,,,,,1520,financial data present but missing supporting fields,remove_incomplete_rows
,,,,,,,<na>,,168.25,117.69,22.82,,,,,1526,financial data present but missing supporting fields,remove_incomplete_rows
,,,,,,,<na>,,20.0,12.3,7.7,,,,,1530,financial data present but missing supporting fields,remove_incomplete_rows
,,,,,,,<na>,,94.5,13.87,11.28,,,,,1534,financial data present but missing supporting fields,remove_incomplete_rows
,,,,,,,<na>,,529.2,90.37,-13.02,,,,,1538,financial data present but missing supporting fields,remove_incomplete_rows
,,,,,,,<na>,,91.5,24.37,18.39,,,,,1542,financial data present but missing supporting fields,remove_incomplete_rows
,,,,,,,<na>,,485.1,56.25,91.35,,,,,1547,financial data present but missing supporting fields,remove_incomplete_rows
,,,,,,,<na>,,677.0,307.72,61.56,,,,,1551,financial data present but missing supporting fields,remove_incomplete_rows
,,,,,,,<na>,,73.0,29.02,14.96,,,,,1555,financial data present but missing supporting fields,remove_incomplete_rows
,,,,,,,<na>,,159.0,70.75,17.5,,,,,1559,financial data present but missing supporting fields,remove_incomplete_rows
,,,,,,,<na>,,15.0,9.2,5.8,,,,,1563,financial data present but missing supporting fields,remove_incomplete_rows
,,,,,,,<na>,,11.0,6.33,4.67,,,,,1567,financial data present but missing supporting fields,remove_incomplete_rows
,,,,,,,<na>,,239.0,54.84,19.64,,,,,1571,financial data present but missing supporting fields,remove_incomplete_rows
,,,,,,,<na>,,518.75,287.95,114.25,,,,,1576,financial data present but missing supporting fields,remove_incomplete_rows
,,,,,,,<na>,,353.5,40.0,73.5,,,,,1580,financial data present but missing supporting fields,remove_incomplete_rows
,,,,,,,<na>,,210.0,19.55,112.25,,,,,1584,financial data present but missing supporting fields,remove_incomplete_rows
,,,,,,,<na>,,103.75,86.4,17.35,,,,,1588,financial data present but missing supporting fields,remove_incomplete_rows
,,,,,,,<na>,,380.0,324.8,55.2,,,,,1592,financial data present but missing supporting fields,remove_incomplete_rows
,,,,,,,<na>,,378.75,20.14,76.65,,,,,1597,financial data present but missing supporting fields,remove_incomplete_rows
,,,,,,,<na>,,488.45,94.55,71.95,,,,,1602,financial data present but missing supporting fields,remove_incomplete_rows
,,,,,,,<na>,,487.5,15.44,86.06,,,,,1606,financial data present but missing supporting fields,remove_incomplete_rows
,,,,,,,<na>,,70.5,10.78,5.82,,,,,1610,financial data present but missing supporting fields,remove_incomplete_rows
,,,,,,,<na>,,505.0,40.0,105.0,,,,,1614,financial data present but missing supporting fields,remove_incomplete_rows
,,,,,,,<na>,,2013.39,1070.49,294.9,,,,,1621,financial data present but missing supporting fields,remove_incomplete_rows
,,,,,,,<na>,,378.0,331.17,46.83,,,,,1625,financial data present but missing supporting fields,remove_incomplete_rows
,,,,,,,<na>,,13.87,12.6,1.27,,,,,1629,financial data present but missing supporting fields,remove_incomplete_rows
,,,,,,,<na>,,815.2,363.97,87.26,,,,,1633,financial data present but missing supporting fields,remove_incomplete_rows
,,,,,,,<na>,,15.0,9.8,5.2,,,,,1637,financial data present but missing supporting fields,remove_incomplete_rows
,,,,,,,<na>,,380.0,324.8,55.2,,,,,1641,financial data present but missing supporting fields,remove_incomplete_rows
,,,,,,,<na>,,935.0,82.02,114.8,,,,,1645,financial data present but missing supporting fields,remove_incomplete_rows
,,,,,,,<na>,,59.0,29.22,11.56,,,,,1650,financial data present but missing supporting fields,remove_incomplete_rows
,,,,,,,<na>,,45.0,31.85,13.15,,,,,1654,financial data present but missing supporting fields,remove_incomplete_rows
,,,,,,,<na>,,18.5,15.16,3.34,,,,,1658,financial data present but missing supporting fields,remove_incomplete_rows
,,,,,,,<na>,,70.5,62.72,7.78,,,,,1662,financial data present but missing supporting fields,remove_incomplete_rows
,,,,,,,<na>,,1100.0,377.14,345.71,,,,,1666,financial data present but missing supporting fields,remove_incomplete_rows
,,,,,,,<na>,,130.0,62.33,5.34,,,,,1670,financial data present but missing supporting fields,remove_incomplete_rows
,,,,,,,<na>,,230.0,175.5,54.5,,,,,1674,financial data present but missing supporting fields,remove_incomplete_rows
,,,,,,,<na>,,29.0,26.19,2.81,,,,,1678,financial data present but missing supporting fields,remove_incomplete_rows
,,,,,,,<na>,,59.75,54.84,4.91,,,,,1682,financial data present but missing supporting fields,remove_incomplete_rows
,,,,,,,<na>,,79.52,26.5,26.52,,,,,1686,financial data present but missing supporting fields,remove_incomplete_rows
,,,,,,,<na>,,23.5,9.76,3.98,,,,,1690,financial data present but missing supporting fields,remove_incomplete_rows
,,,,,,,<na>,,190.5,123.75,39.63,,,,,1696,financial data present but missing supporting fields,remove_incomplete_rows
,,,,,,,<na>,,30.0,23.33,6.67,,,,,1700,financial data present but missing supporting fields,remove_incomplete_rows
,,,,,,,<na>,,338.5,307.72,30.78,,,,,1704,financial data present but missing supporting fields,remove_incomplete_rows
,,,,,,,<na>,,427.0,0.0,427.0,,,,,1708,financial data present but missing supporting fields,remove_incomplete_rows
,,,,,,,<na>,,33.75,28.0,5.75,,,,,1712,financial data present but missing supporting fields,remove_incomplete_rows
,,,,,,,<na>,,1357.0,66.07,332.64,,,,,1718,financial data present but missing supporting fields,remove_incomplete_rows
,,,,,,,<na>,,140.85,51.54,-0.84,,,,,1724,financial data present but missing supporting fields,remove_incomplete_rows
,,,,,,,<na>,,395.0,31.9,76.0,,,,,1728,financial data present but missing supporting fields,remove_incomplete_rows
,,,,,,,<na>,,98.5,16.53,15.85,,,,,1732,financial data present but missing supporting fields,remove_incomplete_rows
,,,,,,,<na>,,206.5,19.63,69.09,,,,,1736,financial data present but missing supporting fields,remove_incomplete_rows
,,,,,,,<na>,,29.0,26.19,2.81,,,,,1740,financial data present but missing supporting fields,remove_incomplete_rows
,,,,,,,<na>,,18.0,15.21,2.79,,,,,1752,financial data present but missing supporting fields,remove_incomplete_rows
,,,,,,,<na>,,160.0,12.27,37.3,,,,,1756,financial data present but missing supporting fields,remove_incomplete_rows
,,,,,,,<na>,,1165.9,574.07,240.83,,,,,1762,financial data present but missing supporting fields,remove_incomplete_rows
,,,,,,,<na>,,1049.75,584.35,465.4,,,,,1774,financial data present but missing supporting fields,remove_incomplete_rows
,,,,,,,<na>,,633.0,122.44,20.8,,,,,1778,financial data present but missing supporting fields,remove_incomplete_rows
,,,,,,,<na>,,343.75,275.0,68.75,,,,,1782,financial data present but missing supporting fields,remove_incomplete_rows
,,,,,,,<na>,,463.0,393.01,69.99,,,,,1788,financial data present but missing supporting fields,remove_incomplete_rows
,,,,,,,<na>,,531.5,364.8,86.7,,,,,1793,financial data present but missing supporting fields,remove_incomplete_rows
,,,,,,,<na>,,1260.0,391.0,869.0,,,,,1798,financial data present but missing supporting fields,remove_incomplete_rows
,,,,,,,<na>,,67.5,3.72,30.3,,,,,1802,financial data present but missing supporting fields,remove_incomplete_rows
,,,,,,,<na>,,636.8,36.21,57.44,,,,,1806,financial data present but missing supporting fields,remove_incomplete_rows
,,,,,,,<na>,,494.8,35.81,127.9,,,,,1812,financial data present but missing supporting fields,remove_incomplete_rows
,,,,,,,<na>,,61.0,48.57,12.43,,,,,1816,financial data present but missing supporting fields,remove_incomplete_rows
,,,,,,,<na>,,54.0,7.23,10.62,,,,,1820,financial data present but missing supporting fields,remove_incomplete_rows
,,,,,,,<na>,,50.0,43.0,7.0,,,,,1824,financial data present but missing supporting fields,remove_incomplete_rows
,,,,,,,<na>,,26.5,18.69,7.81,,,,,1828,financial data present but missing supporting fields,remove_incomplete_rows
,,,,,,,<na>,,133.9,119.57,14.33,,,,,1832,financial data present but missing supporting fields,remove_incomplete_rows
,,,,,,,<na>,,298.0,188.0,72.62,,,,,1837,financial data present but missing supporting fields,remove_incomplete_rows
,,,,,,,<na>,,3288.0,522.26,950.3,,,,,1856,financial data present but missing supporting fields,remove_incomplete_rows
,,,,,,,<na>,,20.47,1.68,8.71,,,,,1861,financial data present but missing supporting fields,remove_incomplete_rows
,,,,,,,<na>,,1207.5,570.81,320.02,,,,,1869,financial data present but missing supporting fields,remove_incomplete_rows
,,,,,,,<na>,,63.0,44.68,18.32,,,,,1874,financial data present but missing supporting fields,remove_incomplete_rows
,,,,,,,<na>,,53.0,46.88,6.12,,,,,1878,financial data present but missing supporting fields,remove_incomplete_rows
,,,,,,,<na>,,66.75,30.11,36.64,,,,,1883,financial data present but missing supporting fields,remove_incomplete_rows
,,,,,,,<na>,,22.0,8.18,11.97,,,,,1888,financial data present but missing supporting fields,remove_incomplete_rows
,,,,,,,<na>,,102.0,83.5,18.5,,,,,1893,financial data present but missing supporting fields,remove_incomplete_rows
,,,,,,,<na>,,510.12,158.15,105.46,,,,,1905,financial data present but missing supporting fields,remove_incomplete_rows
,,,,,,,<na>,,42.75,4.5,26.11,,,,,1910,financial data present but missing supporting fields,remove_incomplete_rows
,,,,,,,<na>,,41.75,37.86,3.89,,,,,1914,financial data present but missing supporting fields,remove_incomplete_rows
,,,,,,,<na>,,167.8,30.4,44.8,,,,,1920,financial data present but missing supporting fields,remove_incomplete_rows
,,,,,,,<na>,,241.75,106.86,60.13,,,,,1925,financial data present but missing supporting fields,remove_incomplete_rows
,,,,,,,<na>,,342.0,180.0,162.0,,,,,1930,financial data present but missing supporting fields,remove_incomplete_rows
,,,,,,,<na>,,30.0,22.0,8.0,,,,,1934,financial data present but missing supporting fields,remove_incomplete_rows
,,,,,,,<na>,,250.5,211.05,39.45,,,,,1940,financial data present but missing supporting fields,remove_incomplete_rows
,,,,,,,<na>,,377.5,22.44,91.75,,,,,1945,financial data present but missing supporting fields,remove_incomplete_rows
,,,,,,,<na>,,754.8,387.31,69.04,,,,,1951,financial data present but missing supporting fields,remove_incomplete_rows
,,,,,,,<na>,,18.0,15.21,2.79,,,,,1955,financial data present but missing supporting fields,remove_incomplete_rows
,,,,,,,<na>,,17.5,6.8,3.9,,,,,1959,financial data present but missing supporting fields,remove_incomplete_rows
,,,,,,,<na>,,691.0,0.0,691.0,,,,,1963,financial data present but missing supporting fields,remove_incomplete_rows
,,,,,,,<na>,,880.0,400.0,80.0,,,,,1967,financial data present but missing supporting fields,remove_incomplete_rows
,,,,,,,<na>,,438.5,38.49,376.68,,,,,1973,financial data present but missing supporting fields,remove_incomplete_rows
,,,,,,,<na>,,12.0,2.5,7.0,,,,,1977,financial data present but missing supporting fields,remove_incomplete_rows
,,,,,,,<na>,,2057.0,80.4,419.91,,,,,1986,financial data present but missing supporting fields,remove_incomplete_rows
,,,,,,,<na>,,23.75,18.98,4.77,,,,,1991,financial data present but missing supporting fields,remove_incomplete_rows
,,,,,,,<na>,,69.0,55.08,13.92,,,,,1995,financial data present but missing supporting fields,remove_incomplete_rows
,,,,,,,<na>,,8.5,7.61,0.89,,,,,1999,financial data present but missing supporting fields,remove_incomplete_rows
,,,,,,,<na>,,456.0,13.22,59.4,,,,,2003,financial data present but missing supporting fields,remove_incomplete_rows
,,,,,,,<na>,,496.0,29.17,291.81,,,,,2008,financial data present but missing supporting fields,remove_incomplete_rows
,,,,,,,<na>,,190.75,22.57,32.76,,,,,2012,financial data present but missing supporting fields,remove_incomplete_rows
,,,,,,,<na>,,343.75,275.0,68.75,,,,,2016,financial data present but missing supporting fields,remove_incomplete_rows
,,,,,2020-01-01,,<na>,,122.0,27.29,12.84,,,,,2020,financial data present but missing supporting fields,remove_incomplete_rows
,,,,,2024-01-01,,<na>,,125.0,15.0,50.0,,,,,2024,financial data present but missing supporting fields,remove_incomplete_rows
,,,,,2028-01-01,,<na>,,87.0,77.5,9.5,,,,,2028,financial data present but missing supporting fields,remove_incomplete_rows
,,,,,2034-01-01,,<na>,,328.0,255.24,63.26,,,,,2034,financial data present but missing supporting fields,remove_incomplete_rows
,,,,,2040-01-01,,<na>,,187.75,154.55,33.2,,,,,2040,financial data present but missing supporting fields,remove_incomplete_rows
,,,,,2044-01-01,,<na>,,45.0,31.85,13.15,,,,,2044,financial data present but missing supporting fields,remove_incomplete_rows
,,,,,,,<na>,,115.0,7.25,42.5,,,,,2049,financial data present but missing supporting fields,remove_incomplete_rows
,,,,,,,<na>,,105.75,29.21,18.12,,,,,2053,financial data present but missing supporting fields,remove_incomplete_rows
,,,,,,,<na>,,18.0,15.21,2.79,,,,,2057,financial data present but missing supporting fields,remove_incomplete_rows
,,,,,,,<na>,,290.6,13.21,26.4,,,,,2062,financial data present but missing supporting fields,remove_incomplete_rows
,,,,,,,<na>,,163.75,55.6,52.55,,,,,2067,financial data present but missing supporting fields,remove_incomplete_rows
,,,,,,,<na>,,93.75,73.4,20.35,,,,,2074,financial data present but missing supporting fields,remove_incomplete_rows
,,,,,,,<na>,,1558.84,84.32,748.51,,,,,2081,financial data present but missing supporting fields,remove_incomplete_rows
,,,,,,,<na>,,148.08,162.23,-14.15,,,,,2089,financial data present but missing supporting fields,remove_incomplete_rows
,,,,,,,<na>,,71.0,56.88,6.03,,,,,2094,financial data present but missing supporting fields,remove_incomplete_rows
,,,,,,,<na>,,601.93,444.2,91.7,,,,,2105,financial data present but missing supporting fields,remove_incomplete_rows
,,,,,,,<na>,,87.75,3.15,78.3,,,,,2110,financial data present but missing supporting fields,remove_incomplete_rows
,,,,,,,<na>,,116.25,20.87,11.9,,,,,2114,financial data present but missing supporting fields,remove_incomplete_rows
,,,,,,,<na>,,800.0,0.0,800.0,,,,,2118,financial data present but missing supporting fields,remove_incomplete_rows
,,,,,,,<na>,,113.75,56.42,15.26,,,,,2123,financial data present but missing supporting fields,remove_incomplete_rows
,,,,,,,<na>,,141.0,29.21,24.16,,,,,2127,financial data present but missing supporting fields,remove_incomplete_rows
,,,,,,,<na>,,27.5,20.31,7.19,,,,,2131,financial data present but missing supporting fields,remove_incomplete_rows
,,,,,,,<na>,,25.0,19.1,5.9,,,,,2135,financial data present but missing supporting fields,remove_incomplete_rows
,,,,,,,<na>,,120.0,56.0,64.0,,,,,2139,financial data present but missing supporting fields,remove_incomplete_rows
,,,,,,,<na>,,76.5,63.99,12.51,,,,,2143,financial data present but missing supporting fields,remove_incomplete_rows
,,,,,,,<na>,,36.5,30.39,6.11,,,,,2147,financial data present but missing supporting fields,remove_incomplete_rows
,,,,,,,<na>,,39.25,31.81,7.44,,,,,2151,financial data present but missing supporting fields,remove_incomplete_rows
,,,,,,,<na>,,34.5,30.5,4.0,,,,,2155,financial data present but missing supporting fields,remove_incomplete_rows
,,,,,,,<na>,,30.0,23.33,6.67,,,,,2159,financial data present but missing supporting fields,remove_incomplete_rows
,,,,,,,<na>,,112.5,103.59,8.91,,,,,2163,financial data present but missing supporting fields,remove_incomplete_rows
,,,,,,,<na>,,712.15,530.59,99.84,,,,,2171,financial data present but missing supporting fields,remove_incomplete_rows
,,,,,,,<na>,,139.72,60.97,11.65,,,,,2176,financial data present but missing supporting fields,remove_incomplete_rows
,,,,,,,<na>,,577.5,256.34,136.12,,,,,2186,financial data present but missing supporting fields,remove_incomplete_rows
,,,,,,,<na>,,92.5,80.0,12.5,,,,,2190,financial data present but missing supporting fields,remove_incomplete_rows
,,,,,,,<na>,,1275.0,33.54,771.9,,,,,2197,financial data present but missing supporting fields,remove_incomplete_rows
,,,,,,,<na>,,20.0,12.75,7.25,,,,,2201,financial data present but missing supporting fields,remove_incomplete_rows
,,,,,,,<na>,,33.9,2.73,6.6,,,,,2205,financial data present but missing supporting fields,remove_incomplete_rows
,,,,,,,<na>,,505.0,40.0,105.0,,,,,2209,financial data present but missing supporting fields,remove_incomplete_rows
,,,,,,,<na>,,120.0,56.0,64.0,,,,,2213,financial data present but missing supporting fields,remove_incomplete_rows
,,,,,,,<na>,,20.0,12.3,7.7,,,,,2217,financial data present but missing supporting fields,remove_incomplete_rows
,,,,,,,<na>,,34.5,30.5,4.0,,,,,2221,financial data present but missing supporting fields,remove_incomplete_rows
,,,,,,,<na>,,472.0,112.21,53.4,,,,,2226,financial data present but missing supporting fields,remove_incomplete_rows
,,,,,,,<na>,,1593.95,892.67,106.98,,,,,2240,financial data present but missing supporting fields,remove_incomplete_rows
,,,,,,,<na>,,324.0,15.68,41.76,,,,,2244,financial data present but missing supporting fields,remove_incomplete_rows
,,,,,,,<na>,,256.5,210.98,45.52,,,,,2248,financial data present but missing supporting fields,remove_incomplete_rows
,,,,,,,<na>,,707.0,40.0,147.0,,,,,2252,financial data present but missing supporting fields,remove_incomplete_rows
,,,,,,,<na>,,15.0,9.2,5.8,,,,,2256,financial data present but missing supporting fields,remove_incomplete_rows
,,,,,,,<na>,,97.5,80.63,16.87,,,,,2262,financial data present but missing supporting fields,remove_incomplete_rows
,,,,,,,<na>,,103.0,13.26,45.01,,,,,2271,financial data present but missing supporting fields,remove_incomplete_rows
,,,,,,,<na>,,350.75,17.92,88.4,,,,,2276,financial data present but missing supporting fields,remove_incomplete_rows
,,,,,,,<na>,,693.0,584.8,108.2,,,,,2281,financial data present but missing supporting fields,remove_incomplete_rows
,,,,,,,<na>,,100.75,92.85,7.9,,,,,2286,financial data present but missing supporting fields,remove_incomplete_rows
,,,,,,,<na>,,927.75,776.73,151.02,,,,,2292,financial data present but missing supporting fields,remove_incomplete_rows
,,,,,,,<na>,,197.75,19.34,43.15,,,,,2299,financial data present but missing supporting fields,remove_incomplete_rows
,,,,,,,<na>,,371.5,55.21,76.29,,,,,2304,financial data present but missing supporting fields,remove_incomplete_rows
,,,,,,,<na>,,91.75,73.42,18.33,,,,,2308,financial data present but missing supporting fields,remove_incomplete_rows
,,,,,,,<na>,,165.0,6.6,19.8,,,,,2312,financial data present but missing supporting fields,remove_incomplete_rows
,,,,,,,<na>,,526.75,405.97,107.83,,,,,2318,financial data present but missing supporting fields,remove_incomplete_rows
,,,,,,,<na>,,93.75,29.34,5.73,,,,,2322,financial data present but missing supporting fields,remove_incomplete_rows
,,,,,,,<na>,,109.5,14.81,20.64,,,,,2326,financial data present but missing supporting fields,remove_incomplete_rows
,,,,,,,<na>,,855.0,202.36,174.38,,,,,2333,financial data present but missing supporting fields,remove_incomplete_rows
,,,,,,,<na>,,94.5,82.9,11.6,,,,,2341,financial data present but missing supporting fields,remove_incomplete_rows
,,,,,,,<na>,,25.0,19.1,5.9,,,,,2345,financial data present but missing supporting fields,remove_incomplete_rows
,,,,,,,<na>,,639.25,244.41,145.18,,,,,2353,financial data present but missing supporting fields,remove_incomplete_rows
,,,,,,,<na>,,94.5,82.9,11.6,,,,,2357,financial data present but missing supporting fields,remove_incomplete_rows
,,,,,,,<na>,,147.11,40.52,57.79,,,,,2363,financial data present but missing supporting fields,remove_incomplete_rows
,,,,,,,<na>,,1545.6,695.0,850.6,,,,,2367,financial data present but missing supporting fields,remove_incomplete_rows
,,,,,,,<na>,,59.75,54.84,4.91,,,,,2371,financial data present but missing supporting fields,remove_incomplete_rows
,,,,,,,<na>,,496.0,81.45,90.87,,,,,2378,financial data present but missing supporting fields,remove_incomplete_rows
,,,,,,,<na>,,94.5,82.9,11.6,,,,,2382,financial data present but missing supporting fields,remove_incomplete_rows
,,,,,,,<na>,,24.0,9.22,5.56,,,,,2386,financial data present but missing supporting fields,remove_incomplete_rows
,,,,,,,<na>,,396.75,73.42,323.33,,,,,2391,financial data present but missing supporting fields,remove_incomplete_rows
,,,,,,,<na>,,418.9,87.04,91.76,,,,,2398,financial data present but missing supporting fields,remove_incomplete_rows
,,,,,,,<na>,,87.5,28.0,59.5,,,,,2402,financial data present but missing supporting fields,remove_incomplete_rows
,,,,,,,<na>,,20.0,12.65,7.35,,,,,2406,financial data present but missing supporting fields,remove_incomplete_rows
,,,,,,,<na>,,221.5,153.38,21.08,,,,,2411,financial data present but missing supporting fields,remove_incomplete_rows
,,,,,,,<na>,,384.0,12.27,15.9,,,,,2415,financial data present but missing supporting fields,remove_incomplete_rows
,,,,,,,<na>,,96.0,83.8,12.2,,,,,2419,financial data present but missing supporting fields,remove_incomplete_rows
,,,,,,,<na>,,68.75,56.96,11.79,,,,,2424,financial data present but missing supporting fields,remove_incomplete_rows
,,,,,,,<na>,,33.75,29.08,4.67,,,,,2429,financial data present but missing supporting fields,remove_incomplete_rows
,,,,,,,<na>,,1115.38,72.43,101.36,,,,,2433,financial data present but missing supporting fields,remove_incomplete_rows
,,,,,,,<na>,,360.0,300.0,60.0,,,,,2437,financial data present but missing supporting fields,remove_incomplete_rows
,,,,,,,<na>,,30.0,22.0,8.0,,,,,2441,financial data present but missing supporting fields,remove_incomplete_rows
,,,,,,,<na>,,87.5,7.78,9.7,,,,,2445,financial data present but missing supporting fields,remove_incomplete_rows
,,,,,,,<na>,,42.0,16.9,15.4,,,,,2450,financial data present but missing supporting fields,remove_incomplete_rows
,,,,,,,<na>,,15.0,8.9,6.1,,,,,2454,financial data present but missing supporting fields,remove_incomplete_rows
,,,,,,,<na>,,566.75,72.55,151.0,,,,,2460,financial data present but missing supporting fields,remove_incomplete_rows
,,,,,,,<na>,,43.0,33.0,10.0,,,,,2464,financial data present but missing supporting fields,remove_incomplete_rows
,,,,,,,<na>,,216.0,149.52,66.48,,,,,2468,financial data present but missing supporting fields,remove_incomplete_rows
,,,,,,,<na>,,224.0,9.17,159.81,,,,,2472,financial data present but missing supporting fields,remove_incomplete_rows
,,,,,,,<na>,,336.0,32.4,12.0,,,,,2476,financial data present but missing supporting fields,remove_incomplete_rows
,,,,,,,<na>,,12.0,7.2,4.8,,,,,2480,financial data present but missing supporting fields,remove_incomplete_rows
,,,,,,,<na>,,56.0,14.0,28.0,,,,,2484,financial data present but missing supporting fields,remove_incomplete_rows
,,,,,,,<na>,,112.5,103.59,8.91,,,,,2488,financial data present but missing supporting fields,remove_incomplete_rows
,,,,,,,<na>,,15.0,9.8,5.2,,,,,2492,financial data present but missing supporting fields,remove_incomplete_rows
,,,,,,,<na>,,34.5,29.25,5.25,,,,,2496,financial data present but missing supporting fields,remove_incomplete_rows
,,,,,,,<na>,,133.0,118.16,14.84,,,,,2500,financial data present but missing supporting fields,remove_incomplete_rows
,,,,,,,<na>,,45.7,40.0,5.7,,,,,2504,financial data present but missing supporting fields,remove_incomplete_rows
,,,,,,,<na>,,69.4,28.92,11.56,,,,,2508,financial data present but missing supporting fields,remove_incomplete_rows
,,,,,,,<na>,,75.0,61.37,13.63,,,,,2513,financial data present but missing supporting fields,remove_incomplete_rows
,,,,,,,<na>,,475.29,111.35,113.1,,,,,2521,financial data present but missing supporting fields,remove_incomplete_rows
,,,,,,,<na>,,110.0,91.2,18.8,,,,,2525,financial data present but missing supporting fields,remove_incomplete_rows
,,,,,,,<na>,,169.75,19.58,32.69,,,,,2529,financial data present but missing supporting fields,remove_incomplete_rows
,,,,,,,<na>,,50.5,44.6,5.9,,,,,2533,financial data present but missing supporting fields,remove_incomplete_rows
,,,,,,,<na>,,30.0,22.0,8.0,,,,,2537,financial data present but missing supporting fields,remove_incomplete_rows
,,,,,,,<na>,,41.52,7.05,18.22,,,,,2543,financial data present but missing supporting fields,remove_incomplete_rows
,,,,,,,<na>,,50.0,32.0,18.0,,,,,2548,financial data present but missing supporting fields,remove_incomplete_rows
,,,,,,,<na>,,25.0,21.56,3.44,,,,,2552,financial data present but missing supporting fields,remove_incomplete_rows
,,,,,,,<na>,,449.5,212.14,77.36,,,,,2557,financial data present but missing supporting fields,remove_incomplete_rows
,,,,,,,<na>,,78.5,73.35,5.15,,,,,2561,financial data present but missing supporting fields,remove_incomplete_rows
,,,,,,,<na>,,10.8,0.0,10.8,,,,,2565,financial data present but missing supporting fields,remove_incomplete_rows
,,,,,,,<na>,,65.0,53.81,11.19,,,,,2569,financial data present but missing supporting fields,remove_incomplete_rows
,,,,,,,<na>,,35.0,19.85,15.15,,,,,2573,financial data present but missing supporting fields,remove_incomplete_rows
,,,,,,,<na>,,45.0,34.25,10.75,,,,,2578,financial data present but missing supporting fields,remove_incomplete_rows
,,,,,,,<na>,,214.32,4.3,85.32,,,,,2582,financial data present but missing supporting fields,remove_incomplete_rows
,,,,,,,<na>,,38.0,7.31,8.76,,,,,2586,financial data present but missing supporting fields,remove_incomplete_rows
,,,,,,,<na>,,114.75,46.66,40.89,,,,,2592,financial data present but missing supporting fields,remove_incomplete_rows
,,,,,,,<na>,,15.0,0.4,13.0,,,,,2596,financial data present but missing supporting fields,remove_incomplete_rows
,,,,,,,<na>,,193.69,31.69,107.55,,,,,2602,financial data present but missing supporting fields,remove_incomplete_rows
,,,,,,,<na>,,57.0,34.2,22.8,,,,,2608,financial data present but missing supporting fields,remove_incomplete_rows
,,,,,,,<na>,,45.0,30.9,14.1,,,,,2613,financial data present but missing supporting fields,remove_incomplete_rows
,,,,,,,<na>,,22.25,18.42,3.83,,,,,2617,financial data present but missing supporting fields,remove_incomplete_rows
,,,,,,,<na>,,120.0,51.82,16.36,,,,,2621,financial data present but missing supporting fields,remove_incomplete_rows
,,,,,,,<na>,,338.5,278.18,60.32,,,,,2627,financial data present but missing supporting fields,remove_incomplete_rows
,,,,,,,<na>,,261.5,85.28,28.7,,,,,2632,financial data present but missing supporting fields,remove_incomplete_rows
,,,,,,,<na>,,21.9,15.77,6.13,,,,,2636,financial data present but missing supporting fields,remove_incomplete_rows
,,,,,,,<na>,,250.0,0.88,162.0,,,,,2640,financial data present but missing supporting fields,remove_incomplete_rows
,,,,,,,<na>,,18.0,15.21,2.79,,,,,2644,financial data present but missing supporting fields,remove_incomplete_rows
,,,,,,,<na>,,12.75,4.05,0.61,,,,,2648,financial data present but missing supporting fields,remove_incomplete_rows
,,,,,,,<na>,,23.0,18.22,4.78,,,,,2652,financial data present but missing supporting fields,remove_incomplete_rows
,,,,,,,<na>,,146.5,73.72,27.5,,,,,2658,financial data present but missing supporting fields,remove_incomplete_rows
,,,,,,,<na>,,76.0,61.28,14.72,,,,,2662,financial data present but missing supporting fields,remove_incomplete_rows
,,,,,,,<na>,,15.0,9.2,5.8,,,,,2666,financial data present but missing supporting fields,remove_incomplete_rows
,,,,,,,<na>,,172.25,147.02,25.23,,,,,2670,financial data present but missing supporting fields,remove_incomplete_rows
,,,,,,,<na>,,160.8,2.66,81.0,,,,,2674,financial data present but missing supporting fields,remove_incomplete_rows
,,,,,,,<na>,,100.0,11.68,76.64,,,,,2678,financial data present but missing supporting fields,remove_incomplete_rows
,,,,,,,<na>,,30.0,0.88,21.2,,,,,2682,financial data present but missing supporting fields,remove_incomplete_rows
,,,,,,,<na>,,143.95,88.5,37.14,,,,,2688,financial data present but missing supporting fields,remove_incomplete_rows
,,,,,,,<na>,,30.0,0.0,30.0,,,,,2692,financial data present but missing supporting fields,remove_incomplete_rows
,,,,,,,<na>,,539.12,174.45,118.78,,,,,2706,financial data present but missing supporting fields,remove_incomplete_rows
,,,,,,,<na>,,84.7,29.8,38.18,,,,,2711,financial data present but missing supporting fields,remove_incomplete_rows
,,,,,,,<na>,,80.0,61.05,18.95,,,,,2717,financial data present but missing supporting fields,remove_incomplete_rows
,,,,,,,<na>,,18.0,15.21,2.79,,,,,2721,financial data present but missing supporting fields,remove_incomplete_rows
,,,,,,,<na>,,14.25,10.8,3.45,,,,,2725,financial data present but missing supporting fields,remove_incomplete_rows
,,,,,,,<na>,,20.0,3.3,13.4,,,,,2729,financial data present but missing supporting fields,remove_incomplete_rows
,,,,,,,<na>,,476.75,317.78,85.55,,,,,2734,financial data present but missing supporting fields,remove_incomplete_rows
,,,,,,,<na>,,218.5,178.73,39.77,,,,,2739,financial data present but missing supporting fields,remove_incomplete_rows
,,,,,,,<na>,,25.5,7.61,2.67,,,,,2743,financial data present but missing supporting fields,remove_incomplete_rows
,,,,,,,<na>,,504.8,343.73,66.42,,,,,2748,financial data present but missing supporting fields,remove_incomplete_rows
,,,,,,,<na>,,18.0,15.21,2.79,,,,,2752,financial data present but missing supporting fields,remove_incomplete_rows
,,,,,,,<na>,,392.0,48.4,39.33,,,,,2757,financial data present but missing supporting fields,remove_incomplete_rows
,,,,,,,<na>,,87.0,18.87,11.52,,,,,2761,financial data present but missing supporting fields,remove_incomplete_rows
,,,,,,,<na>,,81.0,38.07,4.86,,,,,2765,financial data present but missing supporting fields,remove_incomplete_rows
,,,,,,,<na>,,31.0,1.28,21.4,,,,,2770,financial data present but missing supporting fields,remove_incomplete_rows
,,,,,,,<na>,,18.5,15.16,3.34,,,,,2774,financial data present but missing supporting fields,remove_incomplete_rows
,,,,,,,<na>,,92.5,80.0,12.5,,,,,2778,financial data present but missing supporting fields,remove_incomplete_rows
,,,,,,,<na>,,21.9,15.77,6.13,,,,,2782,financial data present but missing supporting fields,remove_incomplete_rows
,,,,,,,<na>,,392.0,7.33,289.38,,,,,2786,financial data present but missing supporting fields,remove_incomplete_rows
,,,,,,,<na>,,10.0,9.0,1.0,,,,,2790,financial data present but missing supporting fields,remove_incomplete_rows
,,,,,,,<na>,,13.25,12.1,1.15,,,,,2794,financial data present but missing supporting fields,remove_incomplete_rows
,,,,,,,<na>,,206.25,10.64,46.65,,,,,2798,financial data present but missing supporting fields,remove_incomplete_rows
,,,,,,,<na>,,120.4,55.01,10.38,,,,,2803,financial data present but missing supporting fields,remove_incomplete_rows
,,,,,,,<na>,,222.75,31.45,10.64,,,,,2808,financial data present but missing supporting fields,remove_incomplete_rows
,,,,,,,<na>,,64.25,50.91,13.34,,,,,2813,financial data present but missing supporting fields,remove_incomplete_rows
,,,,,,,<na>,,34.7,28.92,5.78,,,,,2817,financial data present but missing supporting fields,remove_incomplete_rows
,,,,,,,<na>,,234.32,9.08,94.48,,,,,2822,financial data present but missing supporting fields,remove_incomplete_rows
,,,,,,,<na>,,66.96,30.0,36.96,,,,,2826,financial data present but missing supporting fields,remove_incomplete_rows
,,,,,,,<na>,,13.0,9.25,3.75,,,,,2830,financial data present but missing supporting fields,remove_incomplete_rows
,,,,,,,<na>,,50.0,37.44,12.56,,,,,2835,financial data present but missing supporting fields,remove_incomplete_rows
,,,,,,,<na>,,72.5,45.6,11.69,,,,,2840,financial data present but missing supporting fields,remove_incomplete_rows
,,,,,,,<na>,,36.5,30.39,6.11,,,,,2844,financial data present but missing supporting fields,remove_incomplete_rows
,,,,,,,<na>,,152.5,24.37,30.65,,,,,2848,financial data present but missing supporting fields,remove_incomplete_rows
,,,,,,,<na>,,453.0,15.0,183.0,,,,,2853,financial data present but missing supporting fields,remove_incomplete_rows
,,,,,,,<na>,,29.0,26.19,2.81,,,,,2857,financial data present but missing supporting fields,remove_incomplete_rows
,,,,,,,<na>,,795.0,190.0,225.0,,,,,2861,financial data present but missing supporting fields,remove_incomplete_rows
,,,,,,,<na>,,36.0,15.21,5.58,,,,,2865,financial data present but missing supporting fields,remove_incomplete_rows
,,,,,,,<na>,,58.5,47.45,11.06,,,,,2870,financial data present but missing supporting fields,remove_incomplete_rows
,,,,,,,<na>,,20.0,12.26,7.74,,,,,2875,financial data present but missing supporting fields,remove_incomplete_rows
,,,,,,,<na>,,54.0,16.0,38.0,,,,,2880,financial data present but missing supporting fields,remove_incomplete_rows
,,,,,,,<na>,,139.0,26.41,90.59,,,,,2885,financial data present but missing supporting fields,remove_incomplete_rows
,,,,,,,<na>,,35.0,22.0,13.0,,,,,2890,financial data present but missing supporting fields,remove_incomplete_rows
,,,,,,,<na>,,139.0,0.0,139.0,,,,,2894,financial data present but missing supporting fields,remove_incomplete_rows
,,,,,,,<na>,,38.0,27.96,10.04,,,,,2899,financial data present but missing supporting fields,remove_incomplete_rows
,,,,,,,<na>,,15.0,0.0,15.0,,,,,2903,financial data present but missing supporting fields,remove_incomplete_rows
,,,,,,,<na>,,2935.5,42.85,364.5,,,,,2907,financial data present but missing supporting fields,remove_incomplete_rows
,,,,,,,<na>,,583.0,477.0,106.0,,,,,2911,financial data present but missing supporting fields,remove_incomplete_rows
,,,,,,,<na>,,320.0,12.27,74.6,,,,,2915,financial data present but missing supporting fields,remove_incomplete_rows
,,,,,,,<na>,,107.5,95.75,11.75,,,,,2919,financial data present but missing supporting fields,remove_incomplete_rows
,,,,,,,<na>,,55.0,45.53,9.47,,,,,2923,financial data present but missing supporting fields,remove_incomplete_rows
,,,,,,,<na>,,42.5,40.02,2.48,,,,,2927,financial data present but missing supporting fields,remove_incomplete_rows
,,,,,,,<na>,,65.4,14.7,23.4,,,,,2933,financial data present but missing supporting fields,remove_incomplete_rows
,,,,,,,<na>,,267.0,53.71,52.17,,,,,2938,financial data present but missing supporting fields,remove_incomplete_rows
,,,,,,,<na>,,148.5,41.98,22.56,,,,,2943,financial data present but missing supporting fields,remove_incomplete_rows
,,,,,,,<na>,,695.0,69.43,235.0,,,,,2949,financial data present but missing supporting fields,remove_incomplete_rows
,,,,,,,<na>,,48.0,40.29,7.71,,,,,2953,financial data present but missing supporting fields,remove_incomplete_rows
,,,,,,,<na>,,206.0,167.53,38.47,,,,,2958,financial data present but missing supporting fields,remove_incomplete_rows
,,,,,,,<na>,,100.0,8.0,84.0,,,,,2962,financial data present but missing supporting fields,remove_incomplete_rows
,,,,,,,<na>,,67.25,54.46,12.79,,,,,2968,financial data present but missing supporting fields,remove_incomplete_rows
,,,,,,,<na>,,4672.0,3650.0,1022.0,,,,,2972,financial data present but missing supporting fields,remove_incomplete_rows
,,,,,,,<na>,,25.0,0.88,16.2,,,,,2976,financial data present but missing supporting fields,remove_incomplete_rows
,,,,,,,<na>,,112.5,103.59,8.91,,,,,2980,financial data present but missing supporting fields,remove_incomplete_rows
,,,,,,,<na>,,12.75,4.05,0.61,,,,,2984,financial data present but missing supporting fields,remove_incomplete_rows
,,,,,,,<na>,,25.0,7.25,17.75,,,,,2988,financial data present but missing supporting fields,remove_incomplete_rows
,,,,,,,<na>,,154.75,71.34,13.78,,,,,2993,financial data present but missing supporting fields,remove_incomplete_rows
,,,,,,,<na>,,92.0,31.82,28.36,,,,,2997,financial data present but missing supporting fields,remove_incomplete_rows
,,,,,,,<na>,,35.0,19.85,15.15,,,,,3001,financial data present but missing supporting fields,remove_incomplete_rows
,,,,,,,<na>,,33.0,26.79,6.21,,,,,3005,financial data present but missing supporting fields,remove_incomplete_rows
,,,,,,,<na>,,53.9,45.7,8.2,,,,,3009,financial data present but missing supporting fields,remove_incomplete_rows
,,,,,,,<na>,,17.0,6.85,3.3,,,,,3013,financial data present but missing supporting fields,remove_incomplete_rows
,,,,,,,<na>,,50.5,44.6,5.9,,,,,3017,financial data present but missing supporting fields,remove_incomplete_rows
,,,,,,,<na>,,69.0,55.08,13.92,,,,,3021,financial data present but missing supporting fields,remove_incomplete_rows
,,,,,,,<na>,,42.0,1.0,32.0,,,,,3025,financial data present but missing supporting fields,remove_incomplete_rows
,,,,,,,<na>,,35.0,26.5,8.5,,,,,3029,financial data present but missing supporting fields,remove_incomplete_rows
,,,,,,,<na>,,888.75,362.7,236.55,,,,,3036,financial data present but missing supporting fields,remove_incomplete_rows
,,,,,,,<na>,,57.5,14.44,12.94,,,,,3041,financial data present but missing supporting fields,remove_incomplete_rows
,,,,,,,<na>,,136.0,116.99,19.01,,,,,3046,financial data present but missing supporting fields,remove_incomplete_rows
,,,,,,,<na>,,693.0,584.8,108.2,,,,,3055,financial data present but missing supporting fields,remove_incomplete_rows
,,,,,,,<na>,,95.0,23.0,9.28,,,,,3060,financial data present but missing supporting fields,remove_incomplete_rows
,,,,,,,<na>,,18.0,15.21,2.79,,,,,3064,financial data present but missing supporting fields,remove_incomplete_rows
,,,,,,,<na>,,423.4,85.07,43.59,,,,,3071,financial data present but missing supporting fields,remove_incomplete_rows
,,,,,,,<na>,,55.0,1.15,43.5,,,,,3075,financial data present but missing supporting fields,remove_incomplete_rows
,,,,,,,<na>,,374.0,170.0,34.0,,,,,3079,financial data present but missing supporting fields,remove_incomplete_rows
,,,,,,,<na>,,604.8,15.43,141.9,,,,,3085,financial data present but missing supporting fields,remove_incomplete_rows
,,,,,,,<na>,,30.0,21.51,8.49,,,,,3090,financial data present but missing supporting fields,remove_incomplete_rows
,,,,,,,<na>,,12.0,5.64,0.72,,,,,3094,financial data present but missing supporting fields,remove_incomplete_rows
,,,,,,,<na>,,15.0,9.2,5.8,,,,,3098,financial data present but missing supporting fields,remove_incomplete_rows
,,,,,,,<na>,,10.0,9.0,1.0,,,,,3102,financial data present but missing supporting fields,remove_incomplete_rows
,,,,,,,<na>,,224.0,7.59,163.28,,,,,3106,financial data present but missing supporting fields,remove_incomplete_rows
,,,,,,,<na>,,103.3,3.34,79.92,,,,,3112,financial data present but missing supporting fields,remove_incomplete_rows
,,,,,,,<na>,,83.2,4.26,32.6,,,,,3118,financial data present but missing supporting fields,remove_incomplete_rows
,,,,,,,<na>,,668.5,50.69,164.01,,,,,3123,financial data present but missing supporting fields,remove_incomplete_rows
,,,,,,,<na>,,305.5,261.91,43.59,,,,,3129,financial data present but missing supporting fields,remove_incomplete_rows
,,,,,,,<na>,,1013.52,64.85,352.13,,,,,3135,financial data present but missing supporting fields,remove_incomplete_rows
,,,,,,,<na>,,319.0,119.26,67.53,,,,,3140,financial data present but missing supporting fields,remove_incomplete_rows
,,,,,,,<na>,,511.5,164.53,81.37,,,,,3146,financial data present but missing supporting fields,remove_incomplete_rows
,,,,,,,<na>,,48.0,1.4,39.6,,,,,3150,financial data present but missing supporting fields,remove_incomplete_rows
,,,,,,,<na>,,204.5,94.0,68.5,,,,,3155,financial data present but missing supporting fields,remove_incomplete_rows
,,,,,,,<na>,,825.0,10.17,214.8,,,,,3160,financial data present but missing supporting fields,remove_incomplete_rows
,,,,,,,<na>,,304.0,253.42,37.77,,,,,3165,financial data present but missing supporting fields,remove_incomplete_rows
,,,,,,,<na>,,442.75,144.59,129.46,,,,,3172,financial data present but missing supporting fields,remove_incomplete_rows
,,,,,,,<na>,,300.0,252.0,48.0,,,,,3176,financial data present but missing supporting fields,remove_incomplete_rows
,,,,,,,<na>,,128.0,12.27,5.3,,,,,3180,financial data present but missing supporting fields,remove_incomplete_rows
,,,,,,,<na>,,40.0,26.63,13.37,,,,,3185,financial data present but missing supporting fields,remove_incomplete_rows
,,,,,,,<na>,,515.0,42.85,86.5,,,,,3189,financial data present but missing supporting fields,remove_incomplete_rows
,,,,,,,<na>,,664.25,99.0,58.15,,,,,3195,financial data present but missing supporting fields,remove_incomplete_rows
,,,,,,,<na>,,372.0,0.0,372.0,,,,,3200,financial data present but missing supporting fields,remove_incomplete_rows
,,,,,,,<na>,,77.0,9.6,9.8,,,,,3204,financial data present but missing supporting fields,remove_incomplete_rows
,,,,,,,<na>,,100.0,8.0,84.0,,,,,3208,financial data present but missing supporting fields,remove_incomplete_rows
,,,,,,,<na>,,24.0,18.53,5.47,,,,,3212,financial data present but missing supporting fields,remove_incomplete_rows
,,,,,,,<na>,,185.3,15.18,33.53,,,,,3218,financial data present but missing supporting fields,remove_incomplete_rows
,,,,,,,<na>,,24.0,4.0,16.0,,,,,3222,financial data present but missing supporting fields,remove_incomplete_rows
,,,,,,,<na>,,309.5,232.8,76.7,,,,,3229,financial data present but missing supporting fields,remove_incomplete_rows
,,,,,,,<na>,,449.75,408.04,41.71,,,,,3236,financial data present but missing supporting fields,remove_incomplete_rows
,,,,,,,<na>,,275.0,226.14,48.86,,,,,3241,financial data present but missing supporting fields,remove_incomplete_rows
,,,,,,,<na>,,33.0,28.6,4.4,,,,,3245,financial data present but missing supporting fields,remove_incomplete_rows
,,,,,,,<na>,,188.7,36.83,84.4,,,,,3250,financial data present but missing supporting fields,remove_incomplete_rows
,,,,,,,<na>,,103.75,90.75,13.0,,,,,3254,financial data present but missing supporting fields,remove_incomplete_rows
,,,,,,,<na>,,256.5,210.98,45.52,,,,,3258,financial data present but missing supporting fields,remove_incomplete_rows
,,,,,,,<na>,,22.0,9.71,12.29,,,,,3270,financial data present but missing supporting fields,remove_incomplete_rows
,,,,,,,<na>,,45.0,29.43,12.64,,,,,3275,financial data present but missing supporting fields,remove_incomplete_rows
,,,,,,,<na>,,10.0,0.76,6.96,,,,,3279,financial data present but missing supporting fields,remove_incomplete_rows
,,,,,,,<na>,,12.0,4.0,8.0,,,,,3283,financial data present but missing supporting fields,remove_incomplete_rows
,,,,,,,<na>,,11.8,10.5,1.3,,,,,3287,financial data present but missing supporting fields,remove_incomplete_rows
,,,,,,,<na>,,383.4,262.46,27.12,,,,,3294,financial data present but missing supporting fields,remove_incomplete_rows
,,,,,,,<na>,,191.0,81.89,27.12,,,,,3299,financial data present but missing supporting fields,remove_incomplete_rows
,,,,,,,<na>,,43.75,37.86,5.89,,,,,3303,financial data present but missing supporting fields,remove_incomplete_rows
,,,,,,,<na>,,165.0,12.8,37.0,,,,,3307,financial data present but missing supporting fields,remove_incomplete_rows
,,,,,,,<na>,,18.75,3.3,2.25,,,,,3311,financial data present but missing supporting fields,remove_incomplete_rows
,,,,,,,<na>,,108.0,21.82,20.72,,,,,3315,financial data present but missing supporting fields,remove_incomplete_rows
,,,,,,,<na>,,26.96,6.13,2.44,,,,,3319,financial data present but missing supporting fields,remove_incomplete_rows
,,,,,,,<na>,,228.87,203.69,25.18,,,,,3325,financial data present but missing supporting fields,remove_incomplete_rows
,,,,,,,<na>,,50.5,44.6,5.9,,,,,3329,financial data present but missing supporting fields,remove_incomplete_rows
,,,,,,,<na>,,37.75,29.64,8.11,,,,,3333,financial data present but missing supporting fields,remove_incomplete_rows
,,,,,,,<na>,,98.75,85.43,13.32,,,,,3337,financial data present but missing supporting fields,remove_incomplete_rows
,,,,,,,<na>,,48.5,40.33,8.17,,,,,3341,financial data present but missing supporting fields,remove_incomplete_rows
,,,,,,,<na>,,36.0,15.21,5.58,,,,,3345,financial data present but missing supporting fields,remove_incomplete_rows
,,,,,,,<na>,,157.0,140.09,16.91,,,,,3350,financial data present but missing supporting fields,remove_incomplete_rows
,,,,,,,<na>,,146.0,122.93,23.07,,,,,3355,financial data present but missing supporting fields,remove_incomplete_rows
,,,,,,,<na>,,349.1,35.32,137.18,,,,,3360,financial data present but missing supporting fields,remove_incomplete_rows
,,,,,,,<na>,,112.5,103.59,8.91,,,,,3364,financial data present but missing supporting fields,remove_incomplete_rows
,,,,,,,<na>,,104.0,81.25,22.75,,,,,3368,financial data present but missing supporting fields,remove_incomplete_rows
,,,,,,,<na>,,205.75,179.25,26.5,,,,,3375,financial data present but missing supporting fields,remove_incomplete_rows
,,,,,,,<na>,,129.5,95.16,19.18,,,,,3380,financial data present but missing supporting fields,remove_incomplete_rows
,,,,,,,<na>,,60.0,0.88,42.4,,,,,3384,financial data present but missing supporting fields,remove_incomplete_rows
,,,,,,,<na>,,10.0,8.0,2.0,,,,,3388,financial data present but missing supporting fields,remove_incomplete_rows
,,,,,,,<na>,,253.5,71.52,46.38,,,,,3393,financial data present but missing supporting fields,remove_incomplete_rows
,,,,,,,<na>,,25.0,13.78,8.29,,,,,3398,financial data present but missing supporting fields,remove_incomplete_rows
,,,,,,,<na>,,122.5,11.0,67.5,,,,,3402,financial data present but missing supporting fields,remove_incomplete_rows
,,,,,,,<na>,,270.0,245.09,24.91,,,,,3406,financial data present but missing supporting fields,remove_incomplete_rows
,,,,,,,<na>,,68.0,9.09,31.64,,,,,3410,financial data present but missing supporting fields,remove_incomplete_rows
,,,,,,,<na>,,195.0,26.94,33.37,,,,,3414,financial data present but missing supporting fields,remove_incomplete_rows
,,,,,,,<na>,,496.2,150.82,170.41,,,,,3427,financial data present but missing supporting fields,remove_incomplete_rows
,,,,,,,<na>,,26.25,21.49,4.76,,,,,3431,financial data present but missing supporting fields,remove_incomplete_rows
,,,,,,,<na>,,222.0,15.16,40.08,,,,,3435,financial data present but missing supporting fields,remove_incomplete_rows
,,,,,,,<na>,,592.5,48.15,111.0,,,,,3440,financial data present but missing supporting fields,remove_incomplete_rows
,,,,,,,<na>,,120.0,56.0,64.0,,,,,3444,financial data present but missing supporting fields,remove_incomplete_rows
,,,,,,,<na>,,997.5,72.55,272.0,,,,,3450,financial data present but missing supporting fields,remove_incomplete_rows
,,,,,,,<na>,,177.0,5.77,119.3,,,,,3455,financial data present but missing supporting fields,remove_incomplete_rows
,,,,,,,<na>,,17.0,7.61,1.78,,,,,3459,financial data present but missing supporting fields,remove_incomplete_rows
,,,,,,,<na>,,35.25,29.21,6.04,,,,,3463,financial data present but missing supporting fields,remove_incomplete_rows
,,,,,,,<na>,,344.25,37.21,131.04,,,,,3468,financial data present but missing supporting fields,remove_incomplete_rows
,,,,,,,<na>,,297.25,99.1,80.79,,,,,3475,financial data present but missing supporting fields,remove_incomplete_rows
,,,,,,,<na>,,55.0,45.53,9.47,,,,,3479,financial data present but missing supporting fields,remove_incomplete_rows
,,,,,,,<na>,,303.0,220.99,82.01,,,,,3485,financial data present but missing supporting fields,remove_incomplete_rows
,,,,,,,<na>,,23.45,21.51,1.94,,,,,3490,financial data present but missing supporting fields,remove_incomplete_rows
,,,,,,,<na>,,103.0,0.0,103.0,,,,,3494,financial data present but missing supporting fields,remove_incomplete_rows
,,,,,,,<na>,,274.01,137.7,43.96,,,,,3501,financial data present but missing supporting fields,remove_incomplete_rows
,,,,,,,<na>,,136.25,110.02,26.23,,,,,3506,financial data present but missing supporting fields,remove_incomplete_rows
,,,,,,,<na>,,68.9,3.08,48.1,,,,,3511,financial data present but missing supporting fields,remove_incomplete_rows
,,,,,,,<na>,,51.25,43.59,7.66,,,,,3516,financial data present but missing supporting fields,remove_incomplete_rows
,,,,,,,<na>,,56.0,47.55,8.45,,,,,3520,financial data present but missing supporting fields,remove_incomplete_rows
,,,,,,,<na>,,29.5,26.75,2.75,,,,,3529,financial data present but missing supporting fields,remove_incomplete_rows
,,,,,,,<na>,,45.0,21.53,17.61,,,,,3535,financial data present but missing supporting fields,remove_incomplete_rows
,,,,,,,<na>,,15.0,8.9,6.1,,,,,3539,financial data present but missing supporting fields,remove_incomplete_rows
,,,,,,,<na>,,15.0,8.9,6.1,,,,,3543,financial data present but missing supporting fields,remove_incomplete_rows
,,,,,,,<na>,,12.0,8.5,3.5,,,,,3547,financial data present but missing supporting fields,remove_incomplete_rows
,,,,,,,<na>,,130.0,35.71,94.29,,,,,3551,financial data present but missing supporting fields,remove_incomplete_rows
,,,,,,,<na>,,711.25,112.6,148.25,,,,,3556,financial data present but missing supporting fields,remove_incomplete_rows
,,,,,,,<na>,,89.25,26.58,9.51,,,,,3560,financial data present but missing supporting fields,remove_incomplete_rows
,,,,,,,<na>,,78.5,40.65,34.97,,,,,3565,financial data present but missing supporting fields,remove_incomplete_rows
,,,,,,,<na>,,94.5,82.9,11.6,,,,,3569,financial data present but missing supporting fields,remove_incomplete_rows
,,,,,,,<na>,,25.0,0.76,17.4,,,,,3573,financial data present but missing supporting fields,remove_incomplete_rows
,,,,,,,<na>,,180.0,16.02,19.8,,,,,3577,financial data present but missing supporting fields,remove_incomplete_rows
,,,,,,,<na>,,130.5,110.27,20.23,,,,,3584,financial data present but missing supporting fields,remove_incomplete_rows
,,,,,,,<na>,,110.0,35.0,40.0,,,,,3588,financial data present but missing supporting fields,remove_incomplete_rows
,,,,,,,<na>,,176.1,92.77,-6.82,,,,,3593,financial data present but missing supporting fields,remove_incomplete_rows
,,,,,,,<na>,,21.0,17.34,3.66,,,,,3597,financial data present but missing supporting fields,remove_incomplete_rows
,,,,,,,<na>,,260.0,19.8,62.0,,,,,3601,financial data present but missing supporting fields,remove_incomplete_rows
,,,,,,,<na>,,120.0,56.0,64.0,,,,,3605,financial data present but missing supporting fields,remove_incomplete_rows
,,,,,,,<na>,,20.0,12.4,7.6,,,,,3609,financial data present but missing supporting fields,remove_incomplete_rows
,,,,,,,<na>,,56.25,51.74,4.51,,,,,3613,financial data present but missing supporting fields,remove_incomplete_rows
,,,,,,,<na>,,18.0,15.21,2.79,,,,,3617,financial data present but missing supporting fields,remove_incomplete_rows
,,,,,,,<na>,,326.0,12.0,266.0,,,,,3622,financial data present but missing supporting fields,remove_incomplete_rows
,,,,,,,<na>,,76.0,61.28,14.72,,,,,3626,financial data present but missing supporting fields,remove_incomplete_rows
,,,,,,,<na>,,13.5,10.6,2.9,,,,,3630,financial data present but missing supporting fields,remove_incomplete_rows
,,,,,,,<na>,,270.0,7.07,57.9,,,,,3634,financial data present but missing supporting fields,remove_incomplete_rows
,,,,,,,<na>,,30.0,23.33,6.67,,,,,3638,financial data present but missing supporting fields,remove_incomplete_rows
,,,,,,,<na>,,213.0,48.98,38.95,,,,,3643,financial data present but missing supporting fields,remove_incomplete_rows
,,,,,,,<na>,,350.0,25.73,-10.22,,,,,3647,financial data present but missing supporting fields,remove_incomplete_rows
,,,,,,,<na>,,69.4,28.92,11.56,,,,,3651,financial data present but missing supporting fields,remove_incomplete_rows
,,,,,,,<na>,,200.25,55.6,33.45,,,,,3655,financial data present but missing supporting fields,remove_incomplete_rows
,,,,,,,<na>,,133.0,118.16,14.84,,,,,3659,financial data present but missing supporting fields,remove_incomplete_rows
,,,,,,,<na>,,22.0,12.47,9.53,,,,,3664,financial data present but missing supporting fields,remove_incomplete_rows
,,,,,,,<na>,,74.0,47.18,13.12,,,,,3669,financial data present but missing supporting fields,remove_incomplete_rows
,,,,,,,<na>,,30.0,19.8,10.2,,,,,3673,financial data present but missing supporting fields,remove_incomplete_rows
,,,,,,,<na>,,15.0,8.9,6.1,,,,,3677,financial data present but missing supporting fields,remove_incomplete_rows
,,,,,,,<na>,,239.5,196.59,0.67,,,,,3684,financial data present but missing supporting fields,remove_incomplete_rows
,,,,,,,<na>,,12.0,9.22,2.78,,,,,3688,financial data present but missing supporting fields,remove_incomplete_rows
,,,,,,,<na>,,175.0,22.23,63.85,,,,,3693,financial data present but missing supporting fields,remove_incomplete_rows
,,,,,,,<na>,,51.0,15.3,5.1,,,,,3697,financial data present but missing supporting fields,remove_incomplete_rows
,,,,,,,<na>,,51.0,15.3,5.1,,,,,3701,financial data present but missing supporting fields,remove_incomplete_rows
,,,,,,,<na>,,227.5,20.99,17.6,,,,,3706,financial data present but missing supporting fields,remove_incomplete_rows
,,,,,,,<na>,,13.5,3.72,6.06,,,,,3710,financial data present but missing supporting fields,remove_incomplete_rows
,,,,,,,<na>,,88.25,83.31,4.94,,,,,3714,financial data present but missing supporting fields,remove_incomplete_rows
,,,,,,,<na>,,61.5,50.1,11.4,,,,,3719,financial data present but missing supporting fields,remove_incomplete_rows
,,,,,,,<na>,,30.0,24.55,5.45,,,,,3723,financial data present but missing supporting fields,remove_incomplete_rows
,,,,,,,<na>,,151.4,21.36,29.45,,,,,3728,financial data present but missing supporting fields,remove_incomplete_rows
,,,,,,,<na>,,356.5,294.14,30.54,,,,,3733,financial data present but missing supporting fields,remove_incomplete_rows
,,,,,,,<na>,,27.0,21.85,5.15,,,,,3737,financial data present but missing supporting fields,remove_incomplete_rows
,,,,,,,<na>,,70.0,3.5,66.5,,,,,3743,financial data present but missing supporting fields,remove_incomplete_rows
,,,,,,,<na>,,18.0,15.21,2.79,,,,,3747,financial data present but missing supporting fields,remove_incomplete_rows
,,,,,,,<na>,,32.5,9.11,23.39,,,,,3752,financial data present but missing supporting fields,remove_incomplete_rows
,,,,,,,<na>,,60.0,21.51,16.98,,,,,3757,financial data present but missing supporting fields,remove_incomplete_rows
,,,,,,,<na>,,94.5,82.9,11.6,,,,,3761,financial data present but missing supporting fields,remove_incomplete_rows
,,,,,,,<na>,,384.05,32.0,-63.95,,,,,3765,financial data present but missing supporting fields,remove_incomplete_rows
,,,,,,,<na>,,239.0,54.84,19.64,,,,,3769,financial data present but missing supporting fields,remove_incomplete_rows
,,,,,,,<na>,,96.0,65.91,23.79,,,,,3775,financial data present but missing supporting fields,remove_incomplete_rows
,,,,,,,<na>,,110.5,81.86,14.34,,,,,3780,financial data present but missing supporting fields,remove_incomplete_rows
,,,,,,,<na>,,45.0,33.85,11.15,,,,,3785,financial data present but missing supporting fields,remove_incomplete_rows
,,,,,,,<na>,,338.75,30.0,143.75,,,,,3790,financial data present but missing supporting fields,remove_incomplete_rows
,,,,,,,<na>,,99.0,26.79,18.63,,,,,3794,financial data present but missing supporting fields,remove_incomplete_rows
,,,,,,,<na>,,48.0,41.91,6.09,,,,,3799,financial data present but missing supporting fields,remove_incomplete_rows
,,,,,,,<na>,,164.5,94.75,35.95,,,,,3804,financial data present but missing supporting fields,remove_incomplete_rows
,,,,,,,<na>,,233.75,201.18,32.57,,,,,3810,financial data present but missing supporting fields,remove_incomplete_rows
,,,,,,,<na>,,422.75,327.97,54.45,,,,,3818,financial data present but missing supporting fields,remove_incomplete_rows
,,,,,,,<na>,,17.5,6.8,3.9,,,,,3822,financial data present but missing supporting fields,remove_incomplete_rows
,,,,,,,<na>,,426.7,110.17,316.53,,,,,3828,financial data present but missing supporting fields,remove_incomplete_rows
,,,,,,,<na>,,28.0,0.0,28.0,,,,,3832,financial data present but missing supporting fields,remove_incomplete_rows
,,,,,,,<na>,,15.0,9.2,5.8,,,,,3836,financial data present but missing supporting fields,remove_incomplete_rows
,,,,,,,<na>,,184.0,83.73,96.67,,,,,3841,financial data present but missing supporting fields,remove_incomplete_rows
,,,,,,,<na>,,25.0,21.08,3.92,,,,,3845,financial data present but missing supporting fields,remove_incomplete_rows
,,,,,,,<na>,,719.25,63.81,104.55,,,,,3851,financial data present but missing supporting fields,remove_incomplete_rows
,,,,,,,<na>,,35.0,26.5,8.5,,,,,3855,financial data present but missing supporting fields,remove_incomplete_rows
,,,,,,,<na>,,76.0,62.53,13.47,,,,,3859,financial data present but missing supporting fields,remove_incomplete_rows
,,,,,,,<na>,,243.0,275.52,-32.52,,,,,3863,financial data present but missing supporting fields,remove_incomplete_rows
,,,,,,,<na>,,107.5,31.28,65.06,,,,,3870,financial data present but missing supporting fields,remove_incomplete_rows
,,,,,,,<na>,,48.15,34.27,8.82,,,,,3875,financial data present but missing supporting fields,remove_incomplete_rows
,,,,,,,<na>,,18.5,15.16,3.34,,,,,3879,financial data present but missing supporting fields,remove_incomplete_rows
,,,,,,,<na>,,156.25,84.26,71.99,,,,,3884,financial data present but missing supporting fields,remove_incomplete_rows
,,,,,,,<na>,,146.25,105.72,25.37,,,,,3889,financial data present but missing supporting fields,remove_incomplete_rows
,,,,,,,<na>,,23.0,0.0,23.0,,,,,3893,financial data present but missing supporting fields,remove_incomplete_rows
,,,,,,,<na>,,477.0,15.17,295.98,,,,,3902,financial data present but missing supporting fields,remove_incomplete_rows
,,,,,,,<na>,,46.0,41.51,4.49,,,,,3906,financial data present but missing supporting fields,remove_incomplete_rows
,,,,,,,<na>,,200.8,22.63,10.98,,,,,3913,financial data present but missing supporting fields,remove_incomplete_rows
,,,,,,,<na>,,176.0,146.16,29.84,,,,,3918,financial data present but missing supporting fields,remove_incomplete_rows
,,,,,,,<na>,,10.5,9.5,1.0,,,,,3922,financial data present but missing supporting fields,remove_incomplete_rows
,,,,,,,<na>,,170.0,74.71,20.58,,,,,3926,financial data present but missing supporting fields,remove_incomplete_rows
,,,,,,,<na>,,91.5,83.01,8.49,,,,,3930,financial data present but missing supporting fields,remove_incomplete_rows
,,,,,,,<na>,,733.5,364.8,128.7,,,,,3935,financial data present but missing supporting fields,remove_incomplete_rows
,,,,,,,<na>,,1293.6,1091.24,-37.64,,,,,3943,financial data present but missing supporting fields,remove_incomplete_rows
,,,,,,,<na>,,324.0,15.68,41.76,,,,,3947,financial data present but missing supporting fields,remove_incomplete_rows
,,,,,,,<na>,,611.66,122.09,-120.88,,,,,3952,financial data present but missing supporting fields,remove_incomplete_rows
,,,,,,,<na>,,104.25,90.72,13.53,,,,,3956,financial data present but missing supporting fields,remove_incomplete_rows
,,,,,,,<na>,,36.0,15.21,5.58,,,,,3960,financial data present but missing supporting fields,remove_incomplete_rows
,,,,,,,<na>,,91.75,73.42,18.33,,,,,3964,financial data present but missing supporting fields,remove_incomplete_rows
,,,,,,,<na>,,15.0,9.2,5.8,,,,,3968,financial data present but missing supporting fields,remove_incomplete_rows
,,,,,,,<na>,,127.5,20.64,24.3,,,,,3972,financial data present but missing supporting fields,remove_incomplete_rows
,,,,,,,<na>,,255.0,6.18,69.6,,,,,3976,financial data present but missing supporting fields,remove_incomplete_rows
,,,,,,,<na>,,26.5,21.22,5.28,,,,,3980,financial data present but missing supporting fields,remove_incomplete_rows
,,,,,,,<na>,,162.5,29.7,14.0,,,,,3984,financial data present but missing supporting fields,remove_incomplete_rows
,,,,,,,<na>,,228.5,16.26,167.14,,,,,3989,financial data present but missing supporting fields,remove_incomplete_rows
,,,,,,,<na>,,18.5,15.16,3.34,,,,,3993,financial data present but missing supporting fields,remove_incomplete_rows
,,,,,,,<na>,,65.7,54.1,11.6,,,,,3998,financial data present but missing supporting fields,remove_incomplete_rows
,,,,,,,<na>,,115.0,104.75,10.25,,,,,4002,financial data present but missing supporting fields,remove_incomplete_rows
,,,,,,,<na>,,294.5,267.59,26.91,,,,,4006,financial data present but missing supporting fields,remove_incomplete_rows
,,,,,,,<na>,,65.0,56.79,8.21,,,,,4011,financial data present but missing supporting fields,remove_incomplete_rows
,,,,,,,<na>,,30.0,23.33,6.67,,,,,4015,financial data present but missing supporting fields,remove_incomplete_rows
,,,,,,,<na>,,2.5,0.76,1.74,,,,,4019,financial data present but missing supporting fields,remove_incomplete_rows
,,,,,,,<na>,,303.75,275.52,28.23,,,,,4023,financial data present but missing supporting fields,remove_incomplete_rows
,,,,,,,<na>,,56.0,48.6,7.4,,,,,4027,financial data present but missing supporting fields,remove_incomplete_rows
,,,,,,,<na>,,15.0,9.2,5.8,,,,,4031,financial data present but missing supporting fields,remove_incomplete_rows
,,,,,,,<na>,,453.0,29.45,99.6,,,,,4035,financial data present but missing supporting fields,remove_incomplete_rows
,,,,,,,<na>,,97.5,29.7,8.4,,,,,4039,financial data present but missing supporting fields,remove_incomplete_rows
,,,,,,,<na>,,1236.2,69.47,263.62,,,,,4045,financial data present but missing supporting fields,remove_incomplete_rows
,,,,,,,<na>,,17.9,0.25,15.4,,,,,4049,financial data present but missing supporting fields,remove_incomplete_rows
,,,,,,,<na>,,18.0,15.21,2.79,,,,,4053,financial data present but missing supporting fields,remove_incomplete_rows
,,,,,,,<na>,,41.5,2.35,29.75,,,,,4057,financial data present but missing supporting fields,remove_incomplete_rows
,,,,,,,<na>,,36.5,14.81,6.88,,,,,4061,financial data present but missing supporting fields,remove_incomplete_rows
,,,,,,,<na>,,240.0,21.89,174.33,,,,,4066,financial data present but missing supporting fields,remove_incomplete_rows
,,,,,,,<na>,,15.0,9.8,5.2,,,,,4070,financial data present but missing supporting fields,remove_incomplete_rows
,,,,,,,<na>,,152.5,24.37,30.65,,,,,4074,financial data present but missing supporting fields,remove_incomplete_rows
,,,,,,,<na>,,210.0,4.85,142.1,,,,,4078,financial data present but missing supporting fields,remove_incomplete_rows
,,,,,,,<na>,,665.25,548.27,116.98,,,,,4083,financial data present but missing supporting fields,remove_incomplete_rows
,,,,,,,<na>,,81.48,1.15,65.38,,,,,4087,financial data present but missing supporting fields,remove_incomplete_rows
,,,,,,,<na>,,446.12,187.67,172.25,,,,,4094,financial data present but missing supporting fields,remove_incomplete_rows
,,,,,,,<na>,,34.5,29.25,5.25,,,,,4098,financial data present but missing supporting fields,remove_incomplete_rows
,,,,,,,<na>,,197.0,150.8,46.2,,,,,4103,financial data present but missing supporting fields,remove_incomplete_rows
,,,,,,,<na>,,94.5,4.75,47.0,,,,,4107,financial data present but missing supporting fields,remove_incomplete_rows
,,,,,,,<na>,,30.0,22.0,8.0,,,,,4111,financial data present but missing supporting fields,remove_incomplete_rows
,,,,,,,<na>,,192.0,22.23,58.62,,,,,4115,financial data present but missing supporting fields,remove_incomplete_rows
,,,,,,,<na>,,15.0,10.7,4.3,,,,,4119,financial data present but missing supporting fields,remove_incomplete_rows
,,,,,,,<na>,,664.5,438.22,112.86,,,,,4125,financial data present but missing supporting fields,remove_incomplete_rows
,,,,,,,<na>,,73.5,55.61,17.89,,,,,4131,financial data present but missing supporting fields,remove_incomplete_rows
,,,,,,,<na>,,25.25,2.08,23.17,,,,,4137,financial data present but missing supporting fields,remove_incomplete_rows
,,,,,,,<na>,,20.0,13.54,6.46,,,,,4142,financial data present but missing supporting fields,remove_incomplete_rows
,,,,,,,<na>,,15.0,10.85,4.15,,,,,4146,financial data present but missing supporting fields,remove_incomplete_rows
,,,,,,,<na>,,64.25,53.86,10.39,,,,,4150,financial data present but missing supporting fields,remove_incomplete_rows
,,,,,,,<na>,,55.0,2.93,22.77,,,,,4154,financial data present but missing supporting fields,remove_incomplete_rows
,,,,,,,<na>,,512.5,43.14,81.1,,,,,4159,financial data present but missing supporting fields,remove_incomplete_rows
,,,,,,,<na>,,1421.35,691.69,165.57,,,,,4174,financial data present but missing supporting fields,remove_incomplete_rows
,,,,,,,<na>,,15.0,9.8,5.2,,,,,4178,financial data present but missing supporting fields,remove_incomplete_rows
,,,,,,,<na>,,40.0,4.23,23.08,,,,,4182,financial data present but missing supporting fields,remove_incomplete_rows
,,,,,,,<na>,,10.0,4.23,5.77,,,,,4186,financial data present but missing supporting fields,remove_incomplete_rows
,,,,,,,<na>,,79.8,32.38,15.04,,,,,4190,financial data present but missing supporting fields,remove_incomplete_rows
,,,,,,,<na>,,380.64,2.43,307.74,,,,,4196,financial data present but missing supporting fields,remove_incomplete_rows
,,,,,,,<na>,,966.0,54.5,355.0,,,,,4203,financial data present but missing supporting fields,remove_incomplete_rows
,,,,,,,<na>,,901.02,259.3,132.48,,,,,4210,financial data present but missing supporting fields,remove_incomplete_rows
,,,,,,,<na>,,12.0,2.69,9.31,,,,,4214,financial data present but missing supporting fields,remove_incomplete_rows
,,,,,,,<na>,,136.0,124.11,11.89,,,,,4218,financial data present but missing supporting fields,remove_incomplete_rows
,,,,,,,<na>,,300.0,50.0,150.0,,,,,4222,financial data present but missing supporting fields,remove_incomplete_rows
,,,,,,,<na>,,26.5,19.26,3.2,,,,,4227,financial data present but missing supporting fields,remove_incomplete_rows
,,,,,,,<na>,,31.1,22.34,8.76,,,,,4231,financial data present but missing supporting fields,remove_incomplete_rows
,,,,,,,<na>,,54.75,50.1,4.65,,,,,4235,financial data present but missing supporting fields,remove_incomplete_rows
,,,,,,,<na>,,1327.0,605.57,201.43,,,,,4240,financial data present but missing supporting fields,remove_incomplete_rows
,,,,,,,<na>,,1706.6,155.89,-185.75,,,,,4247,financial data present but missing supporting fields,remove_incomplete_rows
,,,,,,,<na>,,514.68,96.64,109.42,,,,,4253,financial data present but missing supporting fields,remove_incomplete_rows
,,,,,,,<na>,,276.25,176.54,99.71,,,,,4264,financial data present but missing supporting fields,remove_incomplete_rows
,,,,,,,<na>,,55.0,45.47,9.53,,,,,4268,financial data present but missing supporting fields,remove_incomplete_rows
,,,,,,,<na>,,36.0,14.98,6.03,,,,,4272,financial data present but missing supporting fields,remove_incomplete_rows
,,,,,,,<na>,,40.44,6.13,3.66,,,,,4276,financial data present but missing supporting fields,remove_incomplete_rows
,,,,,,,<na>,,96.5,33.25,34.99,,,,,4281,financial data present but missing supporting fields,remove_incomplete_rows
,,,,,,,<na>,,50.0,8.0,42.0,,,,,4285,financial data present but missing supporting fields,remove_incomplete_rows
,,,,,,,<na>,,194.0,122.67,71.33,,,,,4289,financial data present but missing supporting fields,remove_incomplete_rows
,,,,,,,<na>,,128.0,58.11,11.78,,,,,4293,financial data present but missing supporting fields,remove_incomplete_rows
,,,,,,,<na>,,137.5,86.6,24.5,,,,,4298,financial data present but missing supporting fields,remove_incomplete_rows
,,,,,,,<na>,,42.5,40.02,2.48,,,,,4302,financial data present but missing supporting fields,remove_incomplete_rows
,,,,,,,<na>,,10.0,0.94,5.3,,,,,4306,financial data present but missing supporting fields,remove_incomplete_rows
,,,,,,,<na>,,199.0,167.29,31.71,,,,,4310,financial data present but missing supporting fields,remove_incomplete_rows
,,,,,,,<na>,,206.5,176.33,30.17,,,,,4316,financial data present but missing supporting fields,remove_incomplete_rows
,,,,,,,<na>,,102.0,85.72,16.28,,,,,4322,financial data present but missing supporting fields,remove_incomplete_rows
,,,,,,,<na>,,29.5,26.75,2.75,,,,,4326,financial data present but missing supporting fields,remove_incomplete_rows
,,,,,,,<na>,,118.0,98.0,20.0,,,,,4330,financial data present but missing supporting fields,remove_incomplete_rows
,,,,,,,<na>,,163.5,110.46,25.48,,,,,4335,financial data present but missing supporting fields,remove_incomplete_rows
,,,,,,,<na>,,43.0,33.0,10.0,,,,,4339,financial data present but missing supporting fields,remove_incomplete_rows
,,,,,,,<na>,,26.5,21.22,5.28,,,,,4343,financial data present but missing supporting fields,remove_incomplete_rows
,,,,,,,<na>,,15.0,8.9,6.1,,,,,4347,financial data present but missing supporting fields,remove_incomplete_rows
,,,,,,,<na>,,49.5,40.85,8.65,,,,,4351,financial data present but missing supporting fields,remove_incomplete_rows
,,,,,,,<na>,,217.0,152.06,39.04,,,,,4357,financial data present but missing supporting fields,remove_incomplete_rows
,,,,,,,<na>,,524.2,187.74,161.49,,,,,4370,financial data present but missing supporting fields,remove_incomplete_rows
,,,,,,,<na>,,534.25,434.22,84.87,,,,,4378,financial data present but missing supporting fields,remove_incomplete_rows
,,,,,,,<na>,,218.5,169.31,49.19,,,,,4382,financial data present but missing supporting fields,remove_incomplete_rows
,,,,,,,<na>,,85.0,69.04,15.96,,,,,4387,financial data present but missing supporting fields,remove_incomplete_rows
,,,,,,,<na>,,450.0,12.98,60.6,,,,,4391,financial data present but missing supporting fields,remove_incomplete_rows
,,,,,,,<na>,,236.0,19.63,39.7,,,,,4395,financial data present but missing supporting fields,remove_incomplete_rows
,,,,,,,<na>,,154.0,35.28,12.88,,,,,4399,financial data present but missing supporting fields,remove_incomplete_rows
,,,,,,,<na>,,282.0,29.21,48.32,,,,,4403,financial data present but missing supporting fields,remove_incomplete_rows
,,,,,,,<na>,,52.5,22.77,6.9,,,,,4408,financial data present but missing supporting fields,remove_incomplete_rows
,,,,,,,<na>,,45.0,12.98,6.06,,,,,4412,financial data present but missing supporting fields,remove_incomplete_rows
,,,,,,,<na>,,135.75,114.68,21.07,,,,,4416,financial data present but missing supporting fields,remove_incomplete_rows
,,,,,,,<na>,,120.0,56.0,64.0,,,,,4420,financial data present but missing supporting fields,remove_incomplete_rows
,,,,,,,<na>,,17.0,0.0,17.0,,,,,4424,financial data present but missing supporting fields,remove_incomplete_rows
,,,,,,,<na>,,50.5,44.6,5.9,,,,,4428,financial data present but missing supporting fields,remove_incomplete_rows
,,,,,,,<na>,,30.0,22.0,8.0,,,,,4432,financial data present but missing supporting fields,remove_incomplete_rows
,,,,,,,<na>,,402.0,14.66,-37.95,,,,,4436,financial data present but missing supporting fields,remove_incomplete_rows
,,,,,,,<na>,,30.0,12.98,4.04,,,,,4440,financial data present but missing supporting fields,remove_incomplete_rows
,,,,,,,<na>,,427.75,367.1,60.65,,,,,4444,financial data present but missing supporting fields,remove_incomplete_rows
,,,,,,,<na>,,25.0,16.0,9.0,,,,,4448,financial data present but missing supporting fields,remove_incomplete_rows
,,,,,,,<na>,,112.0,47.55,16.9,,,,,4452,financial data present but missing supporting fields,remove_incomplete_rows
,,,,,,,<na>,,58.25,52.83,5.42,,,,,4460,financial data present but missing supporting fields,remove_incomplete_rows
,,,,,,,<na>,,187.5,7.78,148.6,,,,,4464,financial data present but missing supporting fields,remove_incomplete_rows
,,,,,,,<na>,,58.25,52.83,5.42,,,,,4468,financial data present but missing supporting fields,remove_incomplete_rows
,,,,,,,<na>,,86.25,72.55,13.7,,,,,4473,financial data present but missing supporting fields,remove_incomplete_rows
,,,,,,,<na>,,105.75,87.61,18.14,,,,,4479,financial data present but missing supporting fields,remove_incomplete_rows
,,,,,,,<na>,,427.75,367.1,60.65,,,,,4483,financial data present but missing supporting fields,remove_incomplete_rows
,,,,,,,<na>,,30.0,22.0,8.0,,,,,4487,financial data present but missing supporting fields,remove_incomplete_rows
,,,,,,,<na>,,609.75,512.89,88.26,,,,,4493,financial data present but missing supporting fields,remove_incomplete_rows
,,,,,,,<na>,,10.0,5.54,4.46,,,,,4497,financial data present but missing supporting fields,remove_incomplete_rows
,,,,,,,<na>,,4.25,4.05,0.2,,,,,4501,financial data present but missing supporting fields,remove_incomplete_rows
,,,,,,,<na>,,355.0,14.92,113.59,,,,,4506,financial data present but missing supporting fields,remove_incomplete_rows
,,,,,,,<na>,,329.21,238.75,90.46,,,,,4513,financial data present but missing supporting fields,remove_incomplete_rows
,,,,,,,<na>,,697.25,315.0,142.25,,,,,4518,financial data present but missing supporting fields,remove_incomplete_rows
,,,,,,,<na>,,467.5,82.02,57.4,,,,,4522,financial data present but missing supporting fields,remove_incomplete_rows
,,,,,,,<na>,,385.0,10.17,100.24,,,,,4526,financial data present but missing supporting fields,remove_incomplete_rows
,,,,,,,<na>,,42.5,40.02,2.48,,,,,4530,financial data present but missing supporting fields,remove_incomplete_rows
,,,,,,,<na>,,18.0,15.21,2.79,,,,,4534,financial data present but missing supporting fields,remove_incomplete_rows
,,,,,,,<na>,,340.0,141.66,56.68,,,,,4538,financial data present but missing supporting fields,remove_incomplete_rows
,,,,,,,<na>,,403.08,23.51,50.43,,,,,4544,financial data present but missing supporting fields,remove_incomplete_rows
,,,,,,,<na>,,77.0,65.97,11.03,,,,,4550,financial data present but missing supporting fields,remove_incomplete_rows
,,,,,,,<na>,,1319.6,193.43,5.5,,,,,4558,financial data present but missing supporting fields,remove_incomplete_rows
,,,,,,,<na>,,70.5,57.25,13.25,,,,,4563,financial data present but missing supporting fields,remove_incomplete_rows
,,,,,,,<na>,,408.75,22.57,70.2,,,,,4567,financial data present but missing supporting fields,remove_incomplete_rows
,,,,,,,<na>,,380.0,324.8,55.2,,,,,4571,financial data present but missing supporting fields,remove_incomplete_rows
,,,,,,,<na>,,101.0,40.0,21.0,,,,,4575,financial data present but missing supporting fields,remove_incomplete_rows
,,,,,,,<na>,,143.5,61.37,26.53,,,,,4580,financial data present but missing supporting fields,remove_incomplete_rows
,,,,,,,<na>,,120.0,56.0,64.0,,,,,4584,financial data present but missing supporting fields,remove_incomplete_rows
,,,,,,,<na>,,132.0,154.35,-22.35,,,,,4588,financial data present but missing supporting fields,remove_incomplete_rows
,,,,,,,<na>,,25.0,21.16,3.84,,,,,4592,financial data present but missing supporting fields,remove_incomplete_rows
,,,,,,,<na>,,595.0,408.24,186.76,,,,,4596,financial data present but missing supporting fields,remove_incomplete_rows
,,,,,,,<na>,,18.5,15.16,3.34,,,,,4600,financial data present but missing supporting fields,remove_incomplete_rows
,,,,,,,<na>,,1890.75,1319.47,368.15,,,,,4605,financial data present but missing supporting fields,remove_incomplete_rows
,,,,,,,<na>,,22.5,17.81,4.69,,,,,4609,financial data present but missing supporting fields,remove_incomplete_rows
,,,,,,,<na>,,250.0,8.45,81.0,,,,,4613,financial data present but missing supporting fields,remove_incomplete_rows
,,,,,,,<na>,,362.25,24.53,189.48,,,,,4618,financial data present but missing supporting fields,remove_incomplete_rows
,,,,,,,<na>,,18.0,15.21,2.79,,,,,4622,financial data present but missing supporting fields,remove_incomplete_rows
,,,,,,,<na>,,300.0,252.0,48.0,,,,,4626,financial data present but missing supporting fields,remove_incomplete_rows
,,,,,,,<na>,,38.0,3.03,7.7,,,,,4630,financial data present but missing supporting fields,remove_incomplete_rows
,,,,,,,<na>,,423.0,57.13,80.22,,,,,4634,financial data present but missing supporting fields,remove_incomplete_rows
,,,,,,,<na>,,137.5,104.45,16.97,,,,,4640,financial data present but missing supporting fields,remove_incomplete_rows
,,,,,,,<na>,,55.5,15.16,10.02,,,,,4644,financial data present but missing supporting fields,remove_incomplete_rows
,,,,,,,<na>,,18.0,9.38,8.63,,,,,4648,financial data present but missing supporting fields,remove_incomplete_rows
,,,,,,,<na>,,3091.2,695.0,1701.2,,,,,4653,financial data present but missing supporting fields,remove_incomplete_rows
,,,,,,,<na>,,343.75,275.0,68.75,,,,,4657,financial data present but missing supporting fields,remove_incomplete_rows
,,,,,,,<na>,,1400.79,1091.19,139.26,,,,,4663,financial data present but missing supporting fields,remove_incomplete_rows
,,,,,,,<na>,,40.0,0.89,36.44,,,,,4667,financial data present but missing supporting fields,remove_incomplete_rows
,,,,,,,<na>,,666.25,106.31,134.7,,,,,4671,financial data present but missing supporting fields,remove_incomplete_rows
,,,,,,,<na>,,1115.38,64.67,210.0,,,,,4675,financial data present but missing supporting fields,remove_incomplete_rows
,,,,,,,<na>,,850.0,258.11,333.78,,,,,4679,financial data present but missing supporting fields,remove_incomplete_rows
,,,,,,,<na>,,42.5,40.02,2.48,,,,,4683,financial data present but missing supporting fields,remove_incomplete_rows
,,,,,,,<na>,,157.5,13.87,18.8,,,,,4687,financial data present but missing supporting fields,remove_incomplete_rows
,,,,,,,<na>,,68.0,33.8,34.2,,,,,4692,financial data present but missing supporting fields,remove_incomplete_rows
,,,,,,,<na>,,60.0,0.0,60.0,,,,,4696,financial data present but missing supporting fields,remove_incomplete_rows
,,,,,,,<na>,,33.5,26.77,6.73,,,,,4700,financial data present but missing supporting fields,remove_incomplete_rows
,,,,,,,<na>,,15.0,9.2,5.8,,,,,4704,financial data present but missing supporting fields,remove_incomplete_rows
,,,,,,,<na>,,15.0,9.2,5.8,,,,,4708,financial data present but missing supporting fields,remove_incomplete_rows
,,,,,,,<na>,,91.0,43.57,19.07,,,,,4713,financial data present but missing supporting fields,remove_incomplete_rows
,,,,,,,<na>,,18.0,9.38,8.63,,,,,4717,financial data present but missing supporting fields,remove_incomplete_rows
,,,,,,,<na>,,6.72,2.13,4.59,,,,,4721,financial data present but missing supporting fields,remove_incomplete_rows
,,,,,,,<na>,,21.75,18.87,2.88,,,,,4725,financial data present but missing supporting fields,remove_incomplete_rows
,,,,,,,<na>,,1616.25,111.72,454.19,,,,,4733,financial data present but missing supporting fields,remove_incomplete_rows
,,,,,,,<na>,,105.0,0.0,105.0,,,,,4737,financial data present but missing supporting fields,remove_incomplete_rows
,,,,,,,<na>,,180.0,16.02,19.8,,,,,4741,financial data present but missing supporting fields,remove_incomplete_rows
,,,,,,,<na>,,385.0,270.32,42.68,,,,,4746,financial data present but missing supporting fields,remove_incomplete_rows
,,,,,,,<na>,,124.75,104.36,20.39,,,,,4750,financial data present but missing supporting fields,remove_incomplete_rows
,,,,,,,<na>,,455.98,157.95,75.7,,,,,4757,financial data present but missing supporting fields,remove_incomplete_rows
,,,,,,,<na>,,1445.13,240.52,162.78,,,,,4763,financial data present but missing supporting fields,remove_incomplete_rows
,,,,,,,<na>,,172.5,110.88,61.62,,,,,4767,financial data present but missing supporting fields,remove_incomplete_rows
,,,,,,,<na>,,315.75,24.61,75.78,,,,,4772,financial data present but missing supporting fields,remove_incomplete_rows
,,,,,,,<na>,,34.0,25.31,8.69,,,,,4776,financial data present but missing supporting fields,remove_incomplete_rows
,,,,,,,<na>,,5.4,1.15,3.1,,,,,4780,financial data present but missing supporting fields,remove_incomplete_rows
,,,,,,,<na>,,92.5,80.0,12.5,,,,,4784,financial data present but missing supporting fields,remove_incomplete_rows
,,,,,,,<na>,,245.5,185.35,60.15,,,,,4793,financial data present but missing supporting fields,remove_incomplete_rows
,,,,,,,<na>,,40.0,14.1,11.8,,,,,4798,financial data present but missing supporting fields,remove_incomplete_rows
,,,,,,,<na>,,376.5,287.24,82.42,,,,,4813,financial data present but missing supporting fields,remove_incomplete_rows
,,,,,,,<na>,,669.0,442.47,103.64,,,,,4822,financial data present but missing supporting fields,remove_incomplete_rows
,,,,,,,<na>,,263.35,115.46,96.97,,,,,4831,financial data present but missing supporting fields,remove_incomplete_rows
,,,,,,,<na>,,52.0,46.88,5.12,,,,,4835,financial data present but missing supporting fields,remove_incomplete_rows
,,,,,,,<na>,,56.25,51.74,4.51,,,,,4839,financial data present but missing supporting fields,remove_incomplete_rows
,,,,,,,<na>,,258.0,31.1,-8.04,,,,,4844,financial data present but missing supporting fields,remove_incomplete_rows
,,,,,,,<na>,,100.0,39.67,40.16,,,,,4850,financial data present but missing supporting fields,remove_incomplete_rows
,,,,,,,<na>,,43.88,32.38,11.5,,,,,4856,financial data present but missing supporting fields,remove_incomplete_rows
,,,,,,,<na>,,92.5,80.0,12.5,,,,,4860,financial data present but missing supporting fields,remove_incomplete_rows
,,,,,,,<na>,,34.7,28.92,5.78,,,,,4864,financial data present but missing supporting fields,remove_incomplete_rows
,,,,,,,<na>,,40.5,30.28,10.22,,,,,4869,financial data present but missing supporting fields,remove_incomplete_rows
,,,,,,,<na>,,34.5,29.25,5.25,,,,,4873,financial data present but missing supporting fields,remove_incomplete_rows
,,,,,,,<na>,,18.0,15.21,2.79,,,,,4877,financial data present but missing supporting fields,remove_incomplete_rows
,,,,,,,<na>,,10.0,6.3,3.7,,,,,4881,financial data present but missing supporting fields,remove_incomplete_rows
,,,,,,,<na>,,171.25,145.22,26.03,,,,,4887,financial data present but missing supporting fields,remove_incomplete_rows
,,,,,,,<na>,,154.05,3.83,96.6,,,,,4892,financial data present but missing supporting fields,remove_incomplete_rows
,,,,,,,<na>,,924.5,52.56,369.58,,,,,4898,financial data present but missing supporting fields,remove_incomplete_rows
,,,,,,,<na>,,55.0,45.47,9.53,,,,,4902,financial data present but missing supporting fields,remove_incomplete_rows
,,,,,,,<na>,,112.5,0.0,112.5,,,,,4906,financial data present but missing supporting fields,remove_incomplete_rows
,,,,,,,<na>,,175.0,0.0,175.0,,,,,4910,financial data present but missing supporting fields,remove_incomplete_rows
,,,,,,,<na>,,1860.0,77.22,315.6,,,,,4914,financial data present but missing supporting fields,remove_incomplete_rows
,,,,,,,<na>,,100.0,8.0,84.0,,,,,4918,financial data present but missing supporting fields,remove_incomplete_rows
,,,,,,,<na>,,173.0,125.55,26.58,,,,,4924,financial data present but missing supporting fields,remove_incomplete_rows
,,,,,,,<na>,,1501.75,323.3,291.65,,,,,4930,financial data present but missing supporting fields,remove_incomplete_rows
,,,,,,,<na>,,587.15,399.06,97.34,,,,,4937,financial data present but missing supporting fields,remove_incomplete_rows
,,,,,,,<na>,,30.0,23.33,6.67,,,,,4941,financial data present but missing supporting fields,remove_incomplete_rows
,,,,,,,<na>,,65.0,37.47,22.26,,,,,4947,financial data present but missing supporting fields,remove_incomplete_rows
,,,,,,,<na>,,112.5,103.59,8.91,,,,,4951,financial data present but missing supporting fields,remove_incomplete_rows
,,,,,,,<na>,,458.85,60.0,38.85,,,,,4955,financial data present but missing supporting fields,remove_incomplete_rows
,,,,,,,<na>,,384.0,12.27,15.9,,,,,4959,financial data present but missing supporting fields,remove_incomplete_rows
,,,,,,,<na>,,99.0,89.29,9.71,,,,,4964,financial data present but missing supporting fields,remove_incomplete_rows
,,,,,,,<na>,,216.65,72.66,28.25,,,,,4969,financial data present but missing supporting fields,remove_incomplete_rows
,,,,,,,<na>,,18.5,15.16,3.34,,,,,4973,financial data present but missing supporting fields,remove_incomplete_rows
,,,,,,,<na>,,360.0,16.02,39.6,,,,,4977,financial data present but missing supporting fields,remove_incomplete_rows
,,,,,,,<na>,,72.8,40.18,32.62,,,,,4981,financial data present but missing supporting fields,remove_incomplete_rows
,,,,,,,<na>,,15.0,8.9,6.1,,,,,4985,financial data present but missing supporting fields,remove_incomplete_rows
,,,,,,,<na>,,118.0,98.0,20.0,,,,,4989,financial data present but missing supporting fields,remove_incomplete_rows
,,,,,,,<na>,,315.0,275.0,40.0,,,,,4993,financial data present but missing supporting fields,remove_incomplete_rows
,,,,,,,<na>,,84.0,46.97,27.81,,,,,4998,financial data present but missing supporting fields,remove_incomplete_rows
,,,,,,,<na>,,503.5,52.98,93.7,,,,,5003,financial data present but missing supporting fields,remove_incomplete_rows
,,,,,,,<na>,,116.0,75.21,25.58,,,,,5009,financial data present but missing supporting fields,remove_incomplete_rows
,,,,,,,<na>,,47.0,19.03,21.62,,,,,5015,financial data present but missing supporting fields,remove_incomplete_rows
,,,,,,,<na>,,17.0,7.61,1.78,,,,,5019,financial data present but missing supporting fields,remove_incomplete_rows
,,,,,,,<na>,,35.0,27.26,7.74,,,,,5024,financial data present but missing supporting fields,remove_incomplete_rows
,,,,,,,<na>,,96.0,80.51,15.49,,,,,5028,financial data present but missing supporting fields,remove_incomplete_rows
,,,,,,,<na>,,168.75,151.35,17.4,,,,,5033,financial data present but missing supporting fields,remove_incomplete_rows
,,,,,,,<na>,,52.0,40.0,12.0,,,,,5037,financial data present but missing supporting fields,remove_incomplete_rows
,,,,,,,<na>,,420.0,0.0,420.0,,,,,5041,financial data present but missing supporting fields,remove_incomplete_rows
,,,,,,,<na>,,55.0,1.85,36.5,,,,,5045,financial data present but missing supporting fields,remove_incomplete_rows
,,,,,,,<na>,,42.0,36.37,5.63,,,,,5049,financial data present but missing supporting fields,remove_incomplete_rows
,,,,,,,<na>,,111.0,84.1,19.75,,,,,5054,financial data present but missing supporting fields,remove_incomplete_rows
,,,,,,,<na>,,42.5,3.15,11.0,,,,,5058,financial data present but missing supporting fields,remove_incomplete_rows
,,,,,,,<na>,,373.0,297.1,53.8,,,,,5063,financial data present but missing supporting fields,remove_incomplete_rows
,,,,,,,<na>,,324.0,26.3,45.5,,,,,5068,financial data present but missing supporting fields,remove_incomplete_rows
,,,,,,,<na>,,127.5,53.71,19.13,,,,,5073,financial data present but missing supporting fields,remove_incomplete_rows
,,,,,,,<na>,,218.5,169.31,49.19,,,,,5077,financial data present but missing supporting fields,remove_incomplete_rows
,,,,,,,<na>,,32.0,22.23,9.77,,,,,5081,financial data present but missing supporting fields,remove_incomplete_rows
,,,,,,,<na>,,139.0,129.91,9.09,,,,,5085,financial data present but missing supporting fields,remove_incomplete_rows
,,,,,,,<na>,,92.5,80.0,12.5,,,,,5089,financial data present but missing supporting fields,remove_incomplete_rows
,,,,,,,<na>,,260.0,216.96,43.04,,,,,5093,financial data present but missing supporting fields,remove_incomplete_rows
,,,,,,,<na>,,210.8,46.85,16.1,,,,,5100,financial data present but missing supporting fields,remove_incomplete_rows
,,,,,,,<na>,,48.0,23.65,0.7,,,,,5108,financial data present but missing supporting fields,remove_incomplete_rows
,,,,,,,<na>,,48.5,40.33,8.17,,,,,5112,financial data present but missing supporting fields,remove_incomplete_rows
,,,,,,,<na>,,297.0,43.27,37.38,,,,,5116,financial data present but missing supporting fields,remove_incomplete_rows
,,,,,,,<na>,,79.0,0.0,79.0,,,,,5120,financial data present but missing supporting fields,remove_incomplete_rows
,,,,,,,<na>,,34.0,7.61,3.56,,,,,5124,financial data present but missing supporting fields,remove_incomplete_rows
,,,,,,,<na>,,522.2,144.07,188.66,,,,,5137,financial data present but missing supporting fields,remove_incomplete_rows
,,,,,,,<na>,,277.5,24.79,29.6,,,,,5141,financial data present but missing supporting fields,remove_incomplete_rows
,,,,,,,<na>,,23.0,18.22,4.78,,,,,5145,financial data present but missing supporting fields,remove_incomplete_rows
,,,,,,,<na>,,157.6,16.53,-7.7,,,,,5149,financial data present but missing supporting fields,remove_incomplete_rows
,,,,,,,<na>,,29.5,26.75,2.75,,,,,5153,financial data present but missing supporting fields,remove_incomplete_rows
,,,,,,,<na>,,52.0,37.04,14.96,,,,,5157,financial data present but missing supporting fields,remove_incomplete_rows
,,,,,,,<na>,,65.0,53.81,11.19,,,,,5161,financial data present but missing supporting fields,remove_incomplete_rows
,,,,,,,<na>,,524.25,299.57,136.51,,,,,5167,financial data present but missing supporting fields,remove_incomplete_rows
,,,,,,,<na>,,76.5,63.99,12.51,,,,,5171,financial data present but missing supporting fields,remove_incomplete_rows
,,,,,,,<na>,,1790.5,872.5,307.67,,,,,5179,financial data present but missing supporting fields,remove_incomplete_rows
,,,,,,,<na>,,388.5,16.8,35.7,,,,,5183,financial data present but missing supporting fields,remove_incomplete_rows
,,,,,,,<na>,,947.75,804.29,143.46,,,,,5191,financial data present but missing supporting fields,remove_incomplete_rows
,,,,,,,<na>,,25.5,7.61,2.67,,,,,5195,financial data present but missing supporting fields,remove_incomplete_rows
,,,,,,,<na>,,63.25,49.12,14.13,,,,,5200,financial data present but missing supporting fields,remove_incomplete_rows
,,,,,,,<na>,,336.75,78.14,196.19,,,,,5207,financial data present but missing supporting fields,remove_incomplete_rows
,,,,,,,<na>,,560.0,185.0,375.0,,,,,5211,financial data present but missing supporting fields,remove_incomplete_rows
,,,,,,,<na>,,382.5,10.46,68.7,,,,,5215,financial data present but missing supporting fields,remove_incomplete_rows
,,,,,,,<na>,,594.0,181.97,-4.73,,,,,5220,financial data present but missing supporting fields,remove_incomplete_rows
,,,,,,,<na>,,47.8,25.21,7.38,,,,,5225,financial data present but missing supporting fields,remove_incomplete_rows
,,,,,,,<na>,,107.0,44.54,17.92,,,,,5230,financial data present but missing supporting fields,remove_incomplete_rows
,,,,,,,<na>,,980.5,544.92,177.48,,,,,5237,financial data present but missing supporting fields,remove_incomplete_rows
,,,,,,,<na>,,96.0,83.8,12.2,,,,,5241,financial data present but missing supporting fields,remove_incomplete_rows
,,,,,,,<na>,,168.0,7.33,124.02,,,,,5245,financial data present but missing supporting fields,remove_incomplete_rows
,,,,,,,<na>,,96.0,83.8,12.2,,,,,5249,financial data present but missing supporting fields,remove_incomplete_rows
,,,,,,,<na>,,672.5,167.83,148.84,,,,,5254,financial data present but missing supporting fields,remove_incomplete_rows
,,,,,,,<na>,,37.0,24.9,12.1,,,,,5260,financial data present but missing supporting fields,remove_incomplete_rows
,,,,,,,<na>,,12.0,2.5,7.0,,,,,5264,financial data present but missing supporting fields,remove_incomplete_rows
,,,,,,,<na>,,54.0,21.85,10.3,,,,,5268,financial data present but missing supporting fields,remove_incomplete_rows
,,,,,,,<na>,,54.0,15.21,8.37,,,,,5272,financial data present but missing supporting fields,remove_incomplete_rows
,,,,,,,<na>,,11.75,9.76,1.99,,,,,5276,financial data present but missing supporting fields,remove_incomplete_rows
,,,,,,,<na>,,705.6,73.98,49.14,,,,,5283,financial data present but missing supporting fields,remove_incomplete_rows
,,,,,,,<na>,,841.25,450.23,151.02,,,,,5290,financial data present but missing supporting fields,remove_incomplete_rows
,,,,,,,<na>,,21.0,15.42,5.58,,,,,5294,financial data present but missing supporting fields,remove_incomplete_rows
,,,,,,,<na>,,384.8,285.0,77.06,,,,,5303,financial data present but missing supporting fields,remove_incomplete_rows
,,,,,,,<na>,,20.0,5.27,9.46,,,,,5307,financial data present but missing supporting fields,remove_incomplete_rows
,,,,,,,<na>,,532.35,477.5,54.85,,,,,5313,financial data present but missing supporting fields,remove_incomplete_rows
,,,,,,,<na>,,109.5,29.02,22.44,,,,,5317,financial data present but missing supporting fields,remove_incomplete_rows
,,,,,,,<na>,,476.0,408.24,67.76,,,,,5321,financial data present but missing supporting fields,remove_incomplete_rows
,,,,,,,<na>,,1352.5,115.42,103.25,,,,,5328,financial data present but missing supporting fields,remove_incomplete_rows
,,,,,,,<na>,,31.0,25.18,5.82,,,,,5332,financial data present but missing supporting fields,remove_incomplete_rows
,,,,,,,<na>,,15.0,8.9,6.1,,,,,5336,financial data present but missing supporting fields,remove_incomplete_rows
,,,,,,,<na>,,18.0,9.38,8.63,,,,,5340,financial data present but missing supporting fields,remove_incomplete_rows
,,,,,,,<na>,,200.0,50.0,100.0,,,,,5344,financial data present but missing supporting fields,remove_incomplete_rows
,,,,,,,<na>,,20.0,4.23,11.54,,,,,5348,financial data present but missing supporting fields,remove_incomplete_rows
,,,,,,,<na>,,20.0,5.77,8.46,,,,,5352,financial data present but missing supporting fields,remove_incomplete_rows
,,,,,,,<na>,,33.75,28.0,5.75,,,,,5356,financial data present but missing supporting fields,remove_incomplete_rows
,,,,,,,<na>,,27.5,20.31,7.19,,,,,5360,financial data present but missing supporting fields,remove_incomplete_rows
,,,,,,,<na>,,285.0,19.18,93.2,,,,,5365,financial data present but missing supporting fields,remove_incomplete_rows
,,,,,,,<na>,,128.75,15.62,11.45,,,,,5370,financial data present but missing supporting fields,remove_incomplete_rows
,,,,,,,<na>,,21.25,4.05,1.02,,,,,5374,financial data present but missing supporting fields,remove_incomplete_rows
,,,,,,,<na>,,608.0,71.75,140.0,,,,,5379,financial data present but missing supporting fields,remove_incomplete_rows
,,,,,,,<na>,,502.25,59.79,83.73,,,,,5384,financial data present but missing supporting fields,remove_incomplete_rows
,,,,,,,<na>,,639.5,104.74,202.54,,,,,5392,financial data present but missing supporting fields,remove_incomplete_rows
,,,,,,,<na>,,330.0,26.41,65.9,,,,,5396,financial data present but missing supporting fields,remove_incomplete_rows
,,,,,,,<na>,,457.25,130.75,86.5,,,,,5401,financial data present but missing supporting fields,remove_incomplete_rows
,,,,,,,<na>,,68.25,58.5,9.75,,,,,5406,financial data present but missing supporting fields,remove_incomplete_rows
,,,,,,,<na>,,561.25,142.51,323.45,,,,,5412,financial data present but missing supporting fields,remove_incomplete_rows
,,,,,,,<na>,,170.0,74.71,20.58,,,,,5416,financial data present but missing supporting fields,remove_incomplete_rows
,,,,,,,<na>,,12.0,9.22,2.78,,,,,5420,financial data present but missing supporting fields,remove_incomplete_rows
,,,,,,,<na>,,10.0,6.3,3.7,,,,,5424,financial data present but missing supporting fields,remove_incomplete_rows
,,,,,,,<na>,,40.0,28.55,11.45,,,,,5430,financial data present but missing supporting fields,remove_incomplete_rows
,,,,,,,<na>,,30.0,0.0,30.0,,,,,5434,financial data present but missing supporting fields,remove_incomplete_rows
,,,,,,,<na>,,59.75,54.84,4.91,,,,,5438,financial data present but missing supporting fields,remove_incomplete_rows
,,,,,,,<na>,,15.0,9.8,5.2,,,,,5442,financial data present but missing supporting fields,remove_incomplete_rows
,,,,,,,<na>,,608.0,118.16,489.84,,,,,5447,financial data present but missing supporting fields,remove_incomplete_rows
,,,,,,,<na>,,601.8,492.95,-61.19,,,,,5453,financial data present but missing supporting fields,remove_incomplete_rows
,,,,,,,<na>,,216.0,167.29,48.71,,,,,5458,financial data present but missing supporting fields,remove_incomplete_rows
,,,,,,,<na>,,66.5,17.75,48.75,,,,,5462,financial data present but missing supporting fields,remove_incomplete_rows
,,,,,,,<na>,,158.75,71.74,87.01,,,,,5467,financial data present but missing supporting fields,remove_incomplete_rows
,,,,,,,<na>,,328.0,258.1,69.9,,,,,5471,financial data present but missing supporting fields,remove_incomplete_rows
,,,,,,,<na>,,1212.4,83.34,185.64,,,,,5477,financial data present but missing supporting fields,remove_incomplete_rows
,,,,,,,<na>,,171.0,37.85,31.4,,,,,5482,financial data present but missing supporting fields,remove_incomplete_rows
,,,,,,,<na>,,88.0,56.68,16.11,,,,,5487,financial data present but missing supporting fields,remove_incomplete_rows
,,,,,,,<na>,,175.0,0.0,175.0,,,,,5491,financial data present but missing supporting fields,remove_incomplete_rows
,,,,,,,<na>,,973.5,70.52,478.68,,,,,5498,financial data present but missing supporting fields,remove_incomplete_rows
,,,,,,,<na>,,854.0,495.97,182.53,,,,,5504,financial data present but missing supporting fields,remove_incomplete_rows
,,,,,,,<na>,,657.05,1042.75,-402.59,,,,,5512,financial data present but missing supporting fields,remove_incomplete_rows
,,,,,,,<na>,,250.0,0.88,162.0,,,,,5516,financial data present but missing supporting fields,remove_incomplete_rows
,,,,,,,<na>,,33.0,3.11,23.67,,,,,5520,financial data present but missing supporting fields,remove_incomplete_rows
,,,,,,,<na>,,136.0,124.11,11.89,,,,,5524,financial data present but missing supporting fields,remove_incomplete_rows
,,,,,,,<na>,,81.0,78.91,2.09,,,,,5528,financial data present but missing supporting fields,remove_incomplete_rows
,,,,,,,<na>,,109.7,49.61,32.18,,,,,5535,financial data present but missing supporting fields,remove_incomplete_rows
,,,,,,,<na>,,120.0,56.0,64.0,,,,,5539,financial data present but missing supporting fields,remove_incomplete_rows
,,,,,,,<na>,,749.25,156.98,160.32,,,,,5545,financial data present but missing supporting fields,remove_incomplete_rows
,,,,,,,<na>,,70.5,62.72,7.78,,,,,5549,financial data present but missing supporting fields,remove_incomplete_rows
,,,,,,,<na>,,416.0,43.18,27.85,,,,,5556,financial data present but missing supporting fields,remove_incomplete_rows
,,,,,,,<na>,,276.0,60.0,36.0,,,,,5560,financial data present but missing supporting fields,remove_incomplete_rows
,,,,,,,<na>,,42.9,1.46,28.3,,,,,5565,financial data present but missing supporting fields,remove_incomplete_rows
,,,,,,,<na>,,34.7,28.92,5.78,,,,,5569,financial data present but missing supporting fields,remove_incomplete_rows
,,,,,,,<na>,,30.0,22.0,8.0,,,,,5573,financial data present but missing supporting fields,remove_incomplete_rows
,,,,,,,<na>,,135.5,121.88,13.62,,,,,5577,financial data present but missing supporting fields,remove_incomplete_rows
,,,,,,,<na>,,110.5,100.39,10.11,,,,,5581,financial data present but missing supporting fields,remove_incomplete_rows
,,,,,,,<na>,,115.0,90.16,24.84,,,,,5587,financial data present but missing supporting fields,remove_incomplete_rows
,,,,,,,<na>,,523.2,16.87,354.5,,,,,5592,financial data present but missing supporting fields,remove_incomplete_rows
,,,,,,,<na>,,207.57,169.31,38.26,,,,,5597,financial data present but missing supporting fields,remove_incomplete_rows
,,,,,,,<na>,,18.0,15.21,2.79,,,,,5601,financial data present but missing supporting fields,remove_incomplete_rows
,,,,,,,<na>,,20.0,9.0,2.0,,,,,5605,financial data present but missing supporting fields,remove_incomplete_rows
,,,,,,,<na>,,15.0,9.2,5.8,,,,,5609,financial data present but missing supporting fields,remove_incomplete_rows
,,,,,,,<na>,,79.75,65.93,13.82,,,,,5614,financial data present but missing supporting fields,remove_incomplete_rows
,,,,,,,<na>,,30.0,23.33,6.67,,,,,5618,financial data present but missing supporting fields,remove_incomplete_rows
,,,,,,,<na>,,25.0,17.15,7.85,,,,,5623,financial data present but missing supporting fields,remove_incomplete_rows
,,,,,,,<na>,,69.4,28.92,11.56,,,,,5627,financial data present but missing supporting fields,remove_incomplete_rows
,,,,,,,<na>,,71.0,32.05,18.49,,,,,5633,financial data present but missing supporting fields,remove_incomplete_rows
,,,,,,,<na>,,40.5,37.5,3.0,,,,,5637,financial data present but missing supporting fields,remove_incomplete_rows
,,,,,,,<na>,,182.5,16.07,21.79,,,,,5641,financial data present but missing supporting fields,remove_incomplete_rows
,,,,,,,<na>,,33.08,27.0,5.83,,,,,5646,financial data present but missing supporting fields,remove_incomplete_rows
,,,,,,,<na>,,120.0,56.0,64.0,,,,,5650,financial data present but missing supporting fields,remove_incomplete_rows
,,,,,,,<na>,,80.0,23.39,6.38,,,,,5655,financial data present but missing supporting fields,remove_incomplete_rows
,,,,,,,<na>,,17.0,7.84,1.32,,,,,5659,financial data present but missing supporting fields,remove_incomplete_rows
,,,,,,,<na>,,80.0,23.39,6.38,,,,,5664,financial data present but missing supporting fields,remove_incomplete_rows
,,,,,,,<na>,,43.5,18.87,5.76,,,,,5668,financial data present but missing supporting fields,remove_incomplete_rows
,,,,,,,<na>,,16570.42,10147.36,5840.34,,,,,5674,financial data present but missing supporting fields,remove_incomplete_rows
,,,,,,,<na>,,96.0,83.8,12.2,,,,,5678,financial data present but missing supporting fields,remove_incomplete_rows
,,,,,,,<na>,,733.5,364.8,128.7,,,,,5683,financial data present but missing supporting fields,remove_incomplete_rows
,,,,,,,<na>,,51.0,44.07,2.89,,,,,5688,financial data present but missing supporting fields,remove_incomplete_rows
,,,,,,,<na>,,162.0,44.4,28.8,,,,,5692,financial data present but missing supporting fields,remove_incomplete_rows
,,,,,,,<na>,,66.0,29.69,6.62,,,,,5696,financial data present but missing supporting fields,remove_incomplete_rows
,,,,,,,<na>,,902.2,50.02,94.08,,,,,5703,financial data present but missing supporting fields,remove_incomplete_rows
,,,,,,,<na>,,1168.0,1066.35,101.65,,,,,5708,financial data present but missing supporting fields,remove_incomplete_rows
,,,,,,,<na>,,216.0,0.0,216.0,,,,,5712,financial data present but missing supporting fields,remove_incomplete_rows
,,,,,,,<na>,,1152.31,164.88,-33.43,,,,,5733,financial data present but missing supporting fields,remove_incomplete_rows
,,,,,,,<na>,,105.0,7.78,-11.7,,,,,5737,financial data present but missing supporting fields,remove_incomplete_rows
,,,,,,,<na>,,1479.0,57.85,354.5,,,,,5742,financial data present but missing supporting fields,remove_incomplete_rows
,,,,,,,<na>,,8.5,4.05,0.41,,,,,5746,financial data present but missing supporting fields,remove_incomplete_rows
,,,,,,,<na>,,351.75,297.12,54.63,,,,,5752,financial data present but missing supporting fields,remove_incomplete_rows
,,,,,,,<na>,,63.0,36.24,6.2,,,,,5757,financial data present but missing supporting fields,remove_incomplete_rows
,,,,,,,<na>,,380.0,324.8,55.2,,,,,5761,financial data present but missing supporting fields,remove_incomplete_rows
,,,,,,,<na>,,145.04,70.93,57.22,,,,,5768,financial data present but missing supporting fields,remove_incomplete_rows
,,,,,,,<na>,,131.25,109.33,21.92,,,,,5772,financial data present but missing supporting fields,remove_incomplete_rows
,,,,,,,<na>,,104.25,90.72,13.53,,,,,5776,financial data present but missing supporting fields,remove_incomplete_rows
,,,,,,,<na>,,70.5,57.13,13.37,,,,,5780,financial data present but missing supporting fields,remove_incomplete_rows
,,,,,,,<na>,,240.0,12.27,55.95,,,,,5784,financial data present but missing supporting fields,remove_incomplete_rows
,,,,,,,<na>,,244.5,44.66,52.59,,,,,5789,financial data present but missing supporting fields,remove_incomplete_rows
,,,,,,,<na>,,188.75,29.45,41.5,,,,,5793,financial data present but missing supporting fields,remove_incomplete_rows
,,,,,,,<na>,,59.0,570.0,-511.0,,,,,5797,financial data present but missing supporting fields,remove_incomplete_rows
,,,,,,,<na>,,15.0,9.8,5.2,,,,,5801,financial data present but missing supporting fields,remove_incomplete_rows
,,,,,,,<na>,,46.75,37.62,9.13,,,,,5806,financial data present but missing supporting fields,remove_incomplete_rows
,,,,,,,<na>,,18.5,15.16,3.34,,,,,5810,financial data present but missing supporting fields,remove_incomplete_rows
,,,,,,,<na>,,18.5,15.16,3.34,,,,,5814,financial data present but missing supporting fields,remove_incomplete_rows
,,,,,,,<na>,,733.5,364.8,128.7,,,,,5819,financial data present but missing supporting fields,remove_incomplete_rows
,,,,,,,<na>,,99.0,20.61,16.56,,,,,5823,financial data present but missing supporting fields,remove_incomplete_rows
,,,,,,,<na>,,218.55,175.67,42.88,,,,,5829,financial data present but missing supporting fields,remove_incomplete_rows
,,,,,,,<na>,,353.5,40.0,73.5,,,,,5833,financial data present but missing supporting fields,remove_incomplete_rows
,,,,,,,<na>,,37.0,25.22,11.78,,,,,5838,financial data present but missing supporting fields,remove_incomplete_rows
,,,,,,,<na>,,132.0,154.35,-22.35,,,,,5842,financial data present but missing supporting fields,remove_incomplete_rows
,,,,,,,<na>,,6.75,3.72,3.03,,,,,5846,financial data present but missing supporting fields,remove_incomplete_rows
,,,,,,,<na>,,424.25,104.43,56.29,,,,,5851,financial data present but missing supporting fields,remove_incomplete_rows
,,,,,,,<na>,,141.0,62.72,15.56,,,,,5855,financial data present but missing supporting fields,remove_incomplete_rows
,,,,,,,<na>,,65.0,0.0,65.0,,,,,5859,financial data present but missing supporting fields,remove_incomplete_rows
,,,,,,,<na>,,12.0,4.0,8.0,,,,,5863,financial data present but missing supporting fields,remove_incomplete_rows
,,,,,,,<na>,,56.25,51.74,4.51,,,,,5867,financial data present but missing supporting fields,remove_incomplete_rows
,,,,,,,<na>,,92.5,6.5,60.0,,,,,5871,financial data present but missing supporting fields,remove_incomplete_rows
,,,,,,,<na>,,307.5,9.12,33.9,,,,,5875,financial data present but missing supporting fields,remove_incomplete_rows
,,,,,,,<na>,,162.0,0.0,162.0,,,,,5879,financial data present but missing supporting fields,remove_incomplete_rows
,,,,,,,<na>,,550.0,377.14,172.86,,,,,5883,financial data present but missing supporting fields,remove_incomplete_rows
,,,,,,,<na>,,61.0,16.61,21.7,,,,,5888,financial data present but missing supporting fields,remove_incomplete_rows
,,,,,,,<na>,,24.0,4.0,16.0,,,,,5892,financial data present but missing supporting fields,remove_incomplete_rows
,,,,,,,<na>,,154.25,137.01,17.24,,,,,5896,financial data present but missing supporting fields,remove_incomplete_rows
,,,,,,,<na>,,102.0,9.09,47.46,,,,,5900,financial data present but missing supporting fields,remove_incomplete_rows
,,,,,,,<na>,,15.0,6.08,2.84,,,,,5904,financial data present but missing supporting fields,remove_incomplete_rows
,,,,,,,<na>,,2617.5,1384.0,297.5,,,,,5911,financial data present but missing supporting fields,remove_incomplete_rows
,,,,,,,<na>,,52.0,46.88,5.12,,,,,5915,financial data present but missing supporting fields,remove_incomplete_rows
,,,,,,,<na>,,52.0,46.88,5.12,,,,,5919,financial data present but missing supporting fields,remove_incomplete_rows
,,,,,,,<na>,,280.5,39.0,46.5,,,,,5923,financial data present but missing supporting fields,remove_incomplete_rows
,,,,,,,<na>,,42.0,16.1,9.8,,,,,5927,financial data present but missing supporting fields,remove_incomplete_rows
,,,,,,,<na>,,50.0,8.0,42.0,,,,,5931,financial data present but missing supporting fields,remove_incomplete_rows
,,,,,,,<na>,,195.0,15.77,100.38,,,,,5935,financial data present but missing supporting fields,remove_incomplete_rows
,,,,,,,<na>,,79.5,18.69,23.43,,,,,5939,financial data present but missing supporting fields,remove_incomplete_rows
,,,,,,,<na>,,6.25,5.36,0.89,,,,,5943,financial data present but missing supporting fields,remove_incomplete_rows
,,,,,,,<na>,,10.0,6.3,3.7,,,,,5947,financial data present but missing supporting fields,remove_incomplete_rows
,,,,,,,<na>,,59.5,26.58,6.34,,,,,5951,financial data present but missing supporting fields,remove_incomplete_rows
,,,,,,,<na>,,210.0,187.2,22.8,,,,,5955,financial data present but missing supporting fields,remove_incomplete_rows
,,,,,,,<na>,,15.0,0.0,15.0,,,,,5959,financial data present but missing supporting fields,remove_incomplete_rows
,,,,,,,<na>,,18.0,9.38,8.63,,,,,5963,financial data present but missing supporting fields,remove_incomplete_rows
,,,,,,,<na>,,60.0,48.79,11.21,,,,,5968,financial data present but missing supporting fields,remove_incomplete_rows
,,,,,,,<na>,,112.0,15.0,52.0,,,,,5972,financial data present but missing supporting fields,remove_incomplete_rows
,,,,,,,<na>,,15.0,9.7,5.3,,,,,5976,financial data present but missing supporting fields,remove_incomplete_rows
,,,,,,,<na>,,265.0,207.85,57.15,,,,,5981,financial data present but missing supporting fields,remove_incomplete_rows
,,,,,,,<na>,,20.0,12.3,7.7,,,,,5985,financial data present but missing supporting fields,remove_incomplete_rows
,,,,,,,<na>,,60.0,47.66,12.34,,,,,5990,financial data present but missing supporting fields,remove_incomplete_rows
,,,,,,,<na>,,335.95,223.04,69.01,,,,,5999,financial data present but missing supporting fields,remove_incomplete_rows
,,,,,,,<na>,,43.0,29.98,13.02,,,,,6005,financial data present but missing supporting fields,remove_incomplete_rows
,,,,,,,<na>,,478.5,151.5,24.0,,,,,6009,financial data present but missing supporting fields,remove_incomplete_rows
,,,,,,,<na>,,54.68,11.93,6.96,,,,,6013,financial data present but missing supporting fields,remove_incomplete_rows
,,,,,,,<na>,,58.25,52.83,5.42,,,,,6017,financial data present but missing supporting fields,remove_incomplete_rows
,,,,,,,<na>,,1183.74,35.03,745.31,,,,,6029,financial data present but missing supporting fields,remove_incomplete_rows
,,,,,,,<na>,,55.0,1.85,36.5,,,,,6033,financial data present but missing supporting fields,remove_incomplete_rows
,,,,,,,<na>,,100.96,1.13,67.94,,,,,6038,financial data present but missing supporting fields,remove_incomplete_rows
,,,,,,,<na>,,246.56,118.37,87.65,,,,,6047,financial data present but missing supporting fields,remove_incomplete_rows
,,,,,,,<na>,,76.5,63.99,12.51,,,,,6051,financial data present but missing supporting fields,remove_incomplete_rows
,,,,,,,<na>,,170.0,9.09,79.1,,,,,6055,financial data present but missing supporting fields,remove_incomplete_rows
,,,,,,,<na>,,30.0,23.33,6.67,,,,,6059,financial data present but missing supporting fields,remove_incomplete_rows
,,,,,,,<na>,,18.5,15.16,3.34,,,,,6063,financial data present but missing supporting fields,remove_incomplete_rows
,,,,,,,<na>,,91.3,73.78,17.52,,,,,6067,financial data present but missing supporting fields,remove_incomplete_rows
,,,,,,,<na>,,30.5,24.37,6.13,,,,,6071,financial data present but missing supporting fields,remove_incomplete_rows
,,,,,,,<na>,,16.5,1.85,10.95,,,,,6075,financial data present but missing supporting fields,remove_incomplete_rows
,,,,,,,<na>,,101.5,69.38,18.42,,,,,6080,financial data present but missing supporting fields,remove_incomplete_rows
,,,,,,,<na>,,56.0,47.55,8.45,,,,,6084,financial data present but missing supporting fields,remove_incomplete_rows
,,,,,,,<na>,,31.0,13.46,13.04,,,,,6089,financial data present but missing supporting fields,remove_incomplete_rows
,,,,,,,<na>,,403.34,153.58,96.18,,,,,6101,financial data present but missing supporting fields,remove_incomplete_rows
,,,,,,,<na>,,44.64,17.86,8.92,,,,,6105,financial data present but missing supporting fields,remove_incomplete_rows
,,,,,,,<na>,,44.64,17.86,8.92,,,,,6109,financial data present but missing supporting fields,remove_incomplete_rows
,,,,,,,<na>,,38.4,32.0,6.4,,,,,6113,financial data present but missing supporting fields,remove_incomplete_rows
,,,,,,,<na>,,277.5,80.0,37.5,,,,,6117,financial data present but missing supporting fields,remove_incomplete_rows
,,,,,,,<na>,,395.5,362.71,32.79,,,,,6122,financial data present but missing supporting fields,remove_incomplete_rows
,,,,,,,<na>,,133.0,118.16,14.84,,,,,6126,financial data present but missing supporting fields,remove_incomplete_rows
,,,,,,,<na>,,9.5,7.31,2.19,,,,,6130,financial data present but missing supporting fields,remove_incomplete_rows
,,,,,,,<na>,,493.5,29.21,84.56,,,,,6134,financial data present but missing supporting fields,remove_incomplete_rows
,,,,,,,<na>,,24.15,21.95,2.2,,,,,6138,financial data present but missing supporting fields,remove_incomplete_rows
,,,,,,,<na>,,86.14,47.0,17.99,,,,,6144,financial data present but missing supporting fields,remove_incomplete_rows
,,,,,,,<na>,,15.0,9.2,5.8,,,,,6148,financial data present but missing supporting fields,remove_incomplete_rows
,,,,,,,<na>,,26.25,21.49,4.76,,,,,6152,financial data present but missing supporting fields,remove_incomplete_rows
,,,,,,,<na>,,69.0,55.08,13.92,,,,,6156,financial data present but missing supporting fields,remove_incomplete_rows
,,,,,,,<na>,,760.0,324.8,110.4,,,,,6160,financial data present but missing supporting fields,remove_incomplete_rows
,,,,,,,<na>,,5.0,1.28,2.45,,,,,6164,financial data present but missing supporting fields,remove_incomplete_rows
,,,,,,,<na>,,192.5,156.25,36.25,,,,,6168,financial data present but missing supporting fields,remove_incomplete_rows
,,,,,,,<na>,,13.0,11.0,2.0,,,,,6172,financial data present but missing supporting fields,remove_incomplete_rows
,,,,,,,<na>,,20.0,12.3,7.7,,,,,6176,financial data present but missing supporting fields,remove_incomplete_rows
,,,,,,,<na>,,154.5,59.59,48.08,,,,,6181,financial data present but missing supporting fields,remove_incomplete_rows
,,,,,,,<na>,,290.0,237.73,52.27,,,,,6185,financial data present but missing supporting fields,remove_incomplete_rows
,,,,,,,<na>,,35.0,26.5,8.5,,,,,6189,financial data present but missing supporting fields,remove_incomplete_rows
,,,,,,,<na>,,151.5,40.0,31.5,,,,,6193,financial data present but missing supporting fields,remove_incomplete_rows
,,,,,,,<na>,,13.0,11.0,2.0,,,,,6197,financial data present but missing supporting fields,remove_incomplete_rows
,,,,,,,<na>,,18.5,15.16,3.34,,,,,6201,financial data present but missing supporting fields,remove_incomplete_rows
,,,,,,,<na>,,208.0,160.0,48.0,,,,,6205,financial data present but missing supporting fields,remove_incomplete_rows
,,,,,,,<na>,,210.75,69.04,91.99,,,,,6211,financial data present but missing supporting fields,remove_incomplete_rows
,,,,,,,<na>,,12.0,4.0,8.0,,,,,6215,financial data present but missing supporting fields,remove_incomplete_rows
,,,,,,,<na>,,471.5,387.77,83.73,,,,,6221,financial data present but missing supporting fields,remove_incomplete_rows
,,,,,,,<na>,,297.0,19.0,12.0,,,,,6226,financial data present but missing supporting fields,remove_incomplete_rows
,,,,,,,<na>,,264.0,9.5,-21.0,,,,,6230,financial data present but missing supporting fields,remove_incomplete_rows
,,,,,,,<na>,,24.0,9.22,5.56,,,,,6234,financial data present but missing supporting fields,remove_incomplete_rows
,,,,,,,<na>,,12.0,9.22,2.78,,,,,6238,financial data present but missing supporting fields,remove_incomplete_rows
,,,,,,,<na>,,12.0,4.0,8.0,,,,,6242,financial data present but missing supporting fields,remove_incomplete_rows
,,,,,,,<na>,,36.8,1.88,18.03,,,,,6247,financial data present but missing supporting fields,remove_incomplete_rows
,,,,,,,<na>,,762.0,561.23,139.12,,,,,6252,financial data present but missing supporting fields,remove_incomplete_rows
,,,,,,,<na>,,33.9,2.73,6.6,,,,,6256,financial data present but missing supporting fields,remove_incomplete_rows
,,,,,,,<na>,,108.0,44.4,19.2,,,,,6260,financial data present but missing supporting fields,remove_incomplete_rows
,,,,,,,<na>,,1509.5,1100.0,169.5,,,,,6265,financial data present but missing supporting fields,remove_incomplete_rows
,,,,,,,<na>,,58.55,40.02,18.53,,,,,6270,financial data present but missing supporting fields,remove_incomplete_rows
,,,,,,,<na>,,29.0,12.81,3.38,,,,,6274,financial data present but missing supporting fields,remove_incomplete_rows
,,,,,,,<na>,,1270.25,122.56,216.03,,,,,6280,financial data present but missing supporting fields,remove_incomplete_rows
,,,,,,,<na>,,15.0,9.7,5.3,,,,,6284,financial data present but missing supporting fields,remove_incomplete_rows
,,,,,,,<na>,,30.0,23.33,6.67,,,,,6288,financial data present but missing supporting fields,remove_incomplete_rows
,,,,,,,<na>,,18.0,15.21,2.79,,,,,6292,financial data present but missing supporting fields,remove_incomplete_rows
,,,,,,,<na>,,102.0,10.46,-2.6,,,,,6296,financial data present but missing supporting fields,remove_incomplete_rows
,,,,,,,<na>,,185.0,154.81,30.19,,,,,6300,financial data present but missing supporting fields,remove_incomplete_rows
,,,,,,,<na>,,243.0,211.18,31.82,,,,,6304,financial data present but missing supporting fields,remove_incomplete_rows
,,,,,,,<na>,,100.0,8.0,84.0,,,,,6308,financial data present but missing supporting fields,remove_incomplete_rows
,,,,,,,<na>,,56.25,51.74,4.51,,,,,6312,financial data present but missing supporting fields,remove_incomplete_rows
,,,,,,,<na>,,18.0,15.21,2.79,,,,,6316,financial data present but missing supporting fields,remove_incomplete_rows
,,,,,,,<na>,,157.5,13.87,18.8,,,,,6320,financial data present but missing supporting fields,remove_incomplete_rows
,,,,,,,<na>,,379.25,0.0,379.25,,,,,6324,financial data present but missing supporting fields,remove_incomplete_rows
,,,,,,,<na>,,25.5,7.15,4.05,,,,,6328,financial data present but missing supporting fields,remove_incomplete_rows
,,,,,,,<na>,,423.2,129.45,-38.47,,,,,6335,financial data present but missing supporting fields,remove_incomplete_rows
,,,,,,,<na>,,76.5,63.99,12.51,,,,,6339,financial data present but missing supporting fields,remove_incomplete_rows
,,,,,,,<na>,,61.75,55.5,6.25,,,,,6343,financial data present but missing supporting fields,remove_incomplete_rows
,,,,,,,<na>,,808.5,56.57,106.16,,,,,6348,financial data present but missing supporting fields,remove_incomplete_rows
,,,,,,,<na>,,682.0,636.53,45.47,,,,,6352,financial data present but missing supporting fields,remove_incomplete_rows
,,,,,,,<na>,,57.5,4.68,10.75,,,,,6356,financial data present but missing supporting fields,remove_incomplete_rows
,,,,,,,<na>,,18.0,16.02,1.98,,,,,6360,financial data present but missing supporting fields,remove_incomplete_rows
,,,,,,,<na>,,1041.75,142.15,231.4,,,,,6366,financial data present but missing supporting fields,remove_incomplete_rows
,,,,,,,<na>,,41.0,24.13,16.87,,,,,6372,financial data present but missing supporting fields,remove_incomplete_rows
,,,,,,,<na>,,102.0,66.6,8.82,,,,,6377,financial data present but missing supporting fields,remove_incomplete_rows
,,,,,,,<na>,,101.25,23.31,31.32,,,,,6381,financial data present but missing supporting fields,remove_incomplete_rows
,,,,,,,<na>,,100.0,0.88,64.8,,,,,6385,financial data present but missing supporting fields,remove_incomplete_rows
,,,,,,,<na>,,137.5,0.0,137.5,,,,,6389,financial data present but missing supporting fields,remove_incomplete_rows
,,,,,,,<na>,,785.0,570.78,214.22,,,,,6394,financial data present but missing supporting fields,remove_incomplete_rows
,,,,,,,<na>,,189.0,80.81,34.85,,,,,6399,financial data present but missing supporting fields,remove_incomplete_rows
,,,,,,,<na>,,663.2,556.5,106.7,,,,,6403,financial data present but missing supporting fields,remove_incomplete_rows
,,,,,,,<na>,,60.0,0.0,60.0,,,,,6407,financial data present but missing supporting fields,remove_incomplete_rows
,,,,,,,<na>,,15.0,0.0,15.0,,,,,6411,financial data present but missing supporting fields,remove_incomplete_rows
,,,,,,,<na>,,156.0,37.2,19.89,,,,,6417,financial data present but missing supporting fields,remove_incomplete_rows
,,,,,,,<na>,,55.0,1.85,36.5,,,,,6421,financial data present but missing supporting fields,remove_incomplete_rows
,,,,,,,<na>,,90.0,16.02,9.9,,,,,6425,financial data present but missing supporting fields,remove_incomplete_rows
,,,,,,,<na>,,323.47,291.36,32.11,,,,,6430,financial data present but missing supporting fields,remove_incomplete_rows
,,,,,,,<na>,,28.5,25.57,2.93,,,,,6434,financial data present but missing supporting fields,remove_incomplete_rows
,,,,,,,<na>,,186.1,96.7,35.85,,,,,6440,financial data present but missing supporting fields,remove_incomplete_rows
,,,,,,,<na>,,18.0,15.21,2.79,,,,,6444,financial data present but missing supporting fields,remove_incomplete_rows
,,,,,,,<na>,,378.3,176.02,136.28,,,,,6450,financial data present but missing supporting fields,remove_incomplete_rows
,,,,,,,<na>,,42.5,3.15,11.0,,,,,6454,financial data present but missing supporting fields,remove_incomplete_rows
,,,,,,,<na>,,23.5,19.85,3.65,,,,,6458,financial data present but missing supporting fields,remove_incomplete_rows
,,,,,,,<na>,,44.0,19.43,5.14,,,,,6462,financial data present but missing supporting fields,remove_incomplete_rows
,,,,,,,<na>,,72.45,58.56,13.89,,,,,6467,financial data present but missing supporting fields,remove_incomplete_rows
,,,,,,,<na>,,21.25,1.85,12.0,,,,,6471,financial data present but missing supporting fields,remove_incomplete_rows
,,,,,,,<na>,,65.9,45.7,20.2,,,,,6476,financial data present but missing supporting fields,remove_incomplete_rows
,,,,,,,<na>,,82.0,63.33,18.67,,,,,6481,financial data present but missing supporting fields,remove_incomplete_rows
,,,,,,,<na>,,100.0,7.53,24.75,,,,,6485,financial data present but missing supporting fields,remove_incomplete_rows
,,,,,,,<na>,,25.0,19.36,5.64,,,,,6489,financial data present but missing supporting fields,remove_incomplete_rows
,,,,,,,<na>,,107.5,7.7,30.5,,,,,6493,financial data present but missing supporting fields,remove_incomplete_rows
,,,,,,,<na>,,14.0,6.58,0.84,,,,,6497,financial data present but missing supporting fields,remove_incomplete_rows
,,,,,,,<na>,,36.0,9.38,17.25,,,,,6501,financial data present but missing supporting fields,remove_incomplete_rows
,,,,,,,<na>,,160.25,122.18,34.15,,,,,6506,financial data present but missing supporting fields,remove_incomplete_rows
,,,,,,,<na>,,255.0,77.86,42.58,,,,,6511,financial data present but missing supporting fields,remove_incomplete_rows
,,,,,,,<na>,,69.0,55.08,13.92,,,,,6515,financial data present but missing supporting fields,remove_incomplete_rows
,,,,,,,<na>,,1916.2,278.52,91.93,,,,,6529,financial data present but missing supporting fields,remove_incomplete_rows
,,,,,,,<na>,,252.0,4.75,109.5,,,,,6533,financial data present but missing supporting fields,remove_incomplete_rows
,,,,,,,<na>,,65.0,49.83,15.17,,,,,6538,financial data present but missing supporting fields,remove_incomplete_rows
,,,,,,,<na>,,22.5,17.81,4.69,,,,,6542,financial data present but missing supporting fields,remove_incomplete_rows
,,,,,,,<na>,,951.5,68.9,375.83,,,,,6554,financial data present but missing supporting fields,remove_incomplete_rows
,,,,,,,<na>,,18.0,15.21,2.79,,,,,6558,financial data present but missing supporting fields,remove_incomplete_rows
,,,,,,,<na>,,126.75,80.95,16.59,,,,,6563,financial data present but missing supporting fields,remove_incomplete_rows
,,,,,,,<na>,,118.0,3.8,80.0,,,,,6568,financial data present but missing supporting fields,remove_incomplete_rows
,,,,,,,<na>,,30.0,0.32,26.8,,,,,6572,financial data present but missing supporting fields,remove_incomplete_rows
,,,,,,,<na>,,150.5,100.01,31.19,,,,,6579,financial data present but missing supporting fields,remove_incomplete_rows
,,,,,,,<na>,,36.0,15.21,5.58,,,,,6583,financial data present but missing supporting fields,remove_incomplete_rows
,,,,,,,<na>,,161.5,9.22,143.06,,,,,6588,financial data present but missing supporting fields,remove_incomplete_rows
,,,,,,,<na>,,460.5,200.0,100.5,,,,,6593,financial data present but missing supporting fields,remove_incomplete_rows
,,,,,,,<na>,,29.5,26.75,2.75,,,,,6597,financial data present but missing supporting fields,remove_incomplete_rows
,,,,,,,<na>,,6.75,3.72,3.03,,,,,6601,financial data present but missing supporting fields,remove_incomplete_rows
,,,,,,,<na>,,990.5,736.82,83.67,,,,,6609,financial data present but missing supporting fields,remove_incomplete_rows
,,,,,,,<na>,,217.0,132.28,84.72,,,,,6614,financial data present but missing supporting fields,remove_incomplete_rows
,,,,,,,<na>,,49.0,38.56,10.44,,,,,6619,financial data present but missing supporting fields,remove_incomplete_rows
,,,,,,,<na>,,8.25,7.29,0.96,,,,,6623,financial data present but missing supporting fields,remove_incomplete_rows
,,,,,,,<na>,,45.0,10.69,12.93,,,,,6627,financial data present but missing supporting fields,remove_incomplete_rows
,,,,,,,<na>,,1578.6,723.6,855.0,,,,,6632,financial data present but missing supporting fields,remove_incomplete_rows
,,,,,,,<na>,,37.75,29.64,8.11,,,,,6636,financial data present but missing supporting fields,remove_incomplete_rows
,,,,,,,<na>,,84.0,32.4,19.2,,,,,6640,financial data present but missing supporting fields,remove_incomplete_rows
,,,,,,,<na>,,18.5,15.16,3.34,,,,,6644,financial data present but missing supporting fields,remove_incomplete_rows
,,,,,,,<na>,,25.0,21.56,3.44,,,,,6648,financial data present but missing supporting fields,remove_incomplete_rows
,,,,,,,<na>,,1100.8,371.88,230.82,,,,,6654,financial data present but missing supporting fields,remove_incomplete_rows
,,,,,,,<na>,,204.75,81.49,99.21,,,,,6660,financial data present but missing supporting fields,remove_incomplete_rows
,,,,,,,<na>,,475.0,27.34,123.68,,,,,6665,financial data present but missing supporting fields,remove_incomplete_rows
,,,,,,,<na>,,413.0,54.18,33.74,,,,,6669,financial data present but missing supporting fields,remove_incomplete_rows
,,,,,,,<na>,,110.5,100.39,10.11,,,,,6673,financial data present but missing supporting fields,remove_incomplete_rows
,,,,,,,<na>,,150.0,12.98,20.2,,,,,6677,financial data present but missing supporting fields,remove_incomplete_rows
,,,,,,,<na>,,180.0,16.02,19.8,,,,,6681,financial data present but missing supporting fields,remove_incomplete_rows
,,,,,,,<na>,,660.5,480.21,180.29,,,,,6686,financial data present but missing supporting fields,remove_incomplete_rows
,,,,,,,<na>,,20.0,10.33,9.67,,,,,6690,financial data present but missing supporting fields,remove_incomplete_rows
,,,,,,,<na>,,296.0,71.5,55.63,,,,,6695,financial data present but missing supporting fields,remove_incomplete_rows
,,,,,,,<na>,,76.0,25.85,24.3,,,,,6699,financial data present but missing supporting fields,remove_incomplete_rows
,,,,,,,<na>,,18.0,15.85,2.15,,,,,6703,financial data present but missing supporting fields,remove_incomplete_rows
,,,,,,,<na>,,70.5,29.21,12.08,,,,,6707,financial data present but missing supporting fields,remove_incomplete_rows
,,,,,,,<na>,,32.5,29.41,3.09,,,,,6711,financial data present but missing supporting fields,remove_incomplete_rows
,,,,,,,<na>,,135.0,9.58,21.75,,,,,6716,financial data present but missing supporting fields,remove_incomplete_rows
,,,,,,,<na>,,20.22,6.13,1.83,,,,,6720,financial data present but missing supporting fields,remove_incomplete_rows
,,,,,,,<na>,,15.0,9.8,5.2,,,,,6724,financial data present but missing supporting fields,remove_incomplete_rows
,,,,,,,<na>,,246.48,3.83,131.58,,,,,6729,financial data present but missing supporting fields,remove_incomplete_rows
,,,,,,,<na>,,12.5,0.76,8.7,,,,,6733,financial data present but missing supporting fields,remove_incomplete_rows
,,,,,,,<na>,,2012.8,1226.42,786.38,,,,,6740,financial data present but missing supporting fields,remove_incomplete_rows
,,,,,,,<na>,,26.25,21.49,4.76,,,,,6744,financial data present but missing supporting fields,remove_incomplete_rows
,,,,,,,<na>,,1185.0,55.3,202.8,,,,,6749,financial data present but missing supporting fields,remove_incomplete_rows
,,,,,,,<na>,,15.0,9.8,5.2,,,,,6753,financial data present but missing supporting fields,remove_incomplete_rows
,,,,,,,<na>,,34.7,28.92,5.78,,,,,6757,financial data present but missing supporting fields,remove_incomplete_rows
,,,,,,,<na>,,114.0,87.73,26.27,,,,,6763,financial data present but missing supporting fields,remove_incomplete_rows
,,,,,,,<na>,,17.0,7.15,2.7,,,,,6767,financial data present but missing supporting fields,remove_incomplete_rows
,,,,,,,<na>,,824.25,34.32,156.9,,,,,6774,financial data present but missing supporting fields,remove_incomplete_rows
,,,,,,,<na>,,7.0,9.7,-2.7,,,,,6778,financial data present but missing supporting fields,remove_incomplete_rows
,,,,,,,<na>,,30.0,22.0,8.0,,,,,6782,financial data present but missing supporting fields,remove_incomplete_rows
,,,,,,,<na>,,30.0,22.0,8.0,,,,,6786,financial data present but missing supporting fields,remove_incomplete_rows
,,,,,,,<na>,,30.0,23.33,6.67,,,,,6790,financial data present but missing supporting fields,remove_incomplete_rows
,,,,,,,<na>,,41.25,7.29,4.8,,,,,6794,financial data present but missing supporting fields,remove_incomplete_rows
,,,,,,,<na>,,130.0,113.64,16.36,,,,,6799,financial data present but missing supporting fields,remove_incomplete_rows
,,,,,,,<na>,,547.25,446.53,100.72,,,,,6804,financial data present but missing supporting fields,remove_incomplete_rows
,,,,,,,<na>,,645.57,499.76,-77.39,,,,,6811,financial data present but missing supporting fields,remove_incomplete_rows
,,,,,,,<na>,,348.0,2.4,276.0,,,,,6817,financial data present but missing supporting fields,remove_incomplete_rows
,,,,,,,<na>,,83.0,73.54,9.46,,,,,6821,financial data present but missing supporting fields,remove_incomplete_rows
,,,,,,,<na>,,690.0,60.0,90.0,,,,,6825,financial data present but missing supporting fields,remove_incomplete_rows
,,,,,,,<na>,,760.0,55.12,208.78,,,,,6833,financial data present but missing supporting fields,remove_incomplete_rows
,,,,,,,<na>,,421.95,67.94,173.91,,,,,6840,financial data present but missing supporting fields,remove_incomplete_rows
,,,,,,,<na>,,12.0,10.33,1.67,,,,,6844,financial data present but missing supporting fields,remove_incomplete_rows
,,,,,,,<na>,,65.0,17.84,12.62,,,,,6849,financial data present but missing supporting fields,remove_incomplete_rows
,,,,,,,<na>,,48.0,40.29,7.71,,,,,6853,financial data present but missing supporting fields,remove_incomplete_rows
,,,,,,,<na>,,114.5,27.43,25.72,,,,,6858,financial data present but missing supporting fields,remove_incomplete_rows
,,,,,,,<na>,,906.0,715.49,65.11,,,,,6864,financial data present but missing supporting fields,remove_incomplete_rows
,,,,,,,<na>,,89.25,26.58,9.51,,,,,6868,financial data present but missing supporting fields,remove_incomplete_rows
,,,,,,,<na>,,183.0,0.0,183.0,,,,,6872,financial data present but missing supporting fields,remove_incomplete_rows
,,,,,,,<na>,,123.0,30.13,69.87,,,,,6878,financial data present but missing supporting fields,remove_incomplete_rows
,,,,,,,<na>,,49.0,11.0,27.0,,,,,6882,financial data present but missing supporting fields,remove_incomplete_rows
,,,,,,,<na>,,11.0,6.33,4.67,,,,,6886,financial data present but missing supporting fields,remove_incomplete_rows
,,,,,,,<na>,,190.5,71.69,53.02,,,,,6892,financial data present but missing supporting fields,remove_incomplete_rows
,,,,,,,<na>,,163.5,145.87,17.63,,,,,6897,financial data present but missing supporting fields,remove_incomplete_rows
,,,,,,,<na>,,179.25,54.84,14.73,,,,,6901,financial data present but missing supporting fields,remove_incomplete_rows
,,,,,,,<na>,,380.25,244.63,55.49,,,,,6909,financial data present but missing supporting fields,remove_incomplete_rows
,,,,,,,<na>,,104.0,81.23,22.77,,,,,6913,financial data present but missing supporting fields,remove_incomplete_rows
,,,,,,,<na>,,45.0,30.65,14.35,,,,,6918,financial data present but missing supporting fields,remove_incomplete_rows
,,,,,,,<na>,,200.0,50.0,100.0,,,,,6922,financial data present but missing supporting fields,remove_incomplete_rows
,,,,,,,<na>,,22.0,16.75,5.25,,,,,6926,financial data present but missing supporting fields,remove_incomplete_rows
,,,,,,,<na>,,15.0,10.65,4.35,,,,,6930,financial data present but missing supporting fields,remove_incomplete_rows
,,,,,,,<na>,,7.5,0.76,5.22,,,,,6934,financial data present but missing supporting fields,remove_incomplete_rows
,,,,,,,<na>,,76.5,63.99,12.51,,,,,6938,financial data present but missing supporting fields,remove_incomplete_rows
,,,,,,,<na>,,187.06,146.43,18.31,,,,,6944,financial data present but missing supporting fields,remove_incomplete_rows
,,,,,,,<na>,,90.0,14.92,15.4,,,,,6949,financial data present but missing supporting fields,remove_incomplete_rows
,,,,,,,<na>,,478.25,345.74,69.79,,,,,6956,financial data present but missing supporting fields,remove_incomplete_rows
,,,,,,,<na>,,18.0,15.21,2.79,,,,,6960,financial data present but missing supporting fields,remove_incomplete_rows
,,,,,,,<na>,,43.5,18.87,5.76,,,,,6964,financial data present but missing supporting fields,remove_incomplete_rows
,,,,,,,<na>,,51.25,43.59,7.66,,,,,6969,financial data present but missing supporting fields,remove_incomplete_rows
,,,,,,,<na>,,70.5,57.13,13.37,,,,,6973,financial data present but missing supporting fields,remove_incomplete_rows
,,,,,,,<na>,,33.25,15.0,18.25,,,,,6978,financial data present but missing supporting fields,remove_incomplete_rows
,,,,,,,<na>,,85.0,7.61,8.9,,,,,6982,financial data present but missing supporting fields,remove_incomplete_rows
,,,,,,,<na>,,98.75,85.43,13.32,,,,,6986,financial data present but missing supporting fields,remove_incomplete_rows
,,,,,,,<na>,,117.5,10.78,9.7,,,,,6990,financial data present but missing supporting fields,remove_incomplete_rows
,,,,,,,<na>,,103.0,2.52,70.38,,,,,6995,financial data present but missing supporting fields,remove_incomplete_rows
,,,,,,,<na>,,40.2,2.66,24.24,,,,,6999,financial data present but missing supporting fields,remove_incomplete_rows
,,,,,,,<na>,,18.5,15.16,3.34,,,,,7003,financial data present but missing supporting fields,remove_incomplete_rows
,,,,,,,<na>,,34.7,28.92,5.78,,,,,7007,financial data present but missing supporting fields,remove_incomplete_rows
,,,,,,,<na>,,30.0,23.33,6.67,,,,,7011,financial data present but missing supporting fields,remove_incomplete_rows
,,,,,,,<na>,,36.75,32.76,3.99,,,,,7015,financial data present but missing supporting fields,remove_incomplete_rows
,,,,,,,<na>,,36.0,15.21,5.58,,,,,7019,financial data present but missing supporting fields,remove_incomplete_rows
,,,,,,,<na>,,18.0,15.21,2.79,,,,,7023,financial data present but missing supporting fields,remove_incomplete_rows
,,,,,,,<na>,,120.0,56.0,64.0,,,,,7027,financial data present but missing supporting fields,remove_incomplete_rows
,,,,,,,<na>,,60.0,23.33,13.34,,,,,7031,financial data present but missing supporting fields,remove_incomplete_rows
,,,,,,,<na>,,25.0,15.3,9.7,,,,,7036,financial data present but missing supporting fields,remove_incomplete_rows
,,,,,,,<na>,,8.75,6.8,1.95,,,,,7040,financial data present but missing supporting fields,remove_incomplete_rows
,,,,,,,<na>,,272.0,211.55,60.46,,,,,7045,financial data present but missing supporting fields,remove_incomplete_rows
,,,,,,,<na>,,69.0,55.08,13.92,,,,,7049,financial data present but missing supporting fields,remove_incomplete_rows
,,,,,,,<na>,,19.0,7.31,4.38,,,,,7053,financial data present but missing supporting fields,remove_incomplete_rows
,,,,,,,<na>,,18.0,15.21,2.79,,,,,7057,financial data present but missing supporting fields,remove_incomplete_rows
,,,,,,,<na>,,81.0,38.07,4.86,,,,,7061,financial data present but missing supporting fields,remove_incomplete_rows
,,,,,,,<na>,,70.5,62.72,7.78,,,,,7065,financial data present but missing supporting fields,remove_incomplete_rows
,,,,,,,<na>,,112.5,103.59,8.91,,,,,7069,financial data present but missing supporting fields,remove_incomplete_rows
,,,,,,,<na>,,30.0,0.0,30.0,,,,,7073,financial data present but missing supporting fields,remove_incomplete_rows
,,,,,,,<na>,,18.15,9.6,8.55,,,,,7079,financial data present but missing supporting fields,remove_incomplete_rows
,,,,,,,<na>,,7.32,9.17,-1.85,,,,,7083,financial data present but missing supporting fields,remove_incomplete_rows
,,,,,,,<na>,,52.0,41.47,10.53,,,,,7087,financial data present but missing supporting fields,remove_incomplete_rows
,,,,,,,<na>,,25.0,19.1,5.9,,,,,7091,financial data present but missing supporting fields,remove_incomplete_rows
,,,,,,,<na>,,40.0,10.33,19.34,,,,,7095,financial data present but missing supporting fields,remove_incomplete_rows
,,,,,,,<na>,,607.0,23.73,132.4,,,,,7101,financial data present but missing supporting fields,remove_incomplete_rows
,,,,,,,<na>,,165.0,121.2,43.8,,,,,7105,financial data present but missing supporting fields,remove_incomplete_rows
,,,,,,,<na>,,40.0,26.0,14.0,,,,,7110,financial data present but missing supporting fields,remove_incomplete_rows
,,,,,,,<na>,,203.25,170.34,32.91,,,,,7115,financial data present but missing supporting fields,remove_incomplete_rows
,,,,,,,<na>,,124.0,7.29,94.84,,,,,7119,financial data present but missing supporting fields,remove_incomplete_rows
,,,,,,,<na>,,22.4,6.0,10.4,,,,,7123,financial data present but missing supporting fields,remove_incomplete_rows
,,,,,,,<na>,,10.0,8.64,1.36,,,,,7127,financial data present but missing supporting fields,remove_incomplete_rows
,,,,,,,<na>,,34.5,30.5,4.0,,,,,7131,financial data present but missing supporting fields,remove_incomplete_rows
,,,,,,,<na>,,379.5,164.02,51.46,,,,,7135,financial data present but missing supporting fields,remove_incomplete_rows
,,,,,,,<na>,,56.0,21.89,12.22,,,,,7139,financial data present but missing supporting fields,remove_incomplete_rows
,,,,,,,<na>,,30.0,23.33,6.67,,,,,7143,financial data present but missing supporting fields,remove_incomplete_rows
,,,,,,,<na>,,47.96,24.09,5.48,,,,,7148,financial data present but missing supporting fields,remove_incomplete_rows
,,,,,,,<na>,,18.0,15.21,2.79,,,,,7152,financial data present but missing supporting fields,remove_incomplete_rows
,,,,,,,<na>,,39.5,34.86,4.64,,,,,7156,financial data present but missing supporting fields,remove_incomplete_rows
,,,,,,,<na>,,34.7,28.92,5.78,,,,,7160,financial data present but missing supporting fields,remove_incomplete_rows
,,,,,,,<na>,,453.0,26.71,184.19,,,,,7165,financial data present but missing supporting fields,remove_incomplete_rows
,,,,,,,<na>,,75.0,48.63,26.37,,,,,7171,financial data present but missing supporting fields,remove_incomplete_rows
,,,,,,,<na>,,267.5,28.0,-12.5,,,,,7175,financial data present but missing supporting fields,remove_incomplete_rows
,,,,,,,<na>,,744.5,346.25,398.25,,,,,7182,financial data present but missing supporting fields,remove_incomplete_rows
,,,,,,,<na>,,338.25,63.72,147.09,,,,,7188,financial data present but missing supporting fields,remove_incomplete_rows
,,,,,,,<na>,,1254.5,733.26,153.55,,,,,7194,financial data present but missing supporting fields,remove_incomplete_rows
,,,,,,,<na>,,6662.0,1565.15,1202.21,,,,,7205,financial data present but missing supporting fields,remove_incomplete_rows
,,,,,,,<na>,,30.0,0.0,30.0,,,,,7209,financial data present but missing supporting fields,remove_incomplete_rows
,,,,,,,<na>,,1509.5,1100.0,169.5,,,,,7214,financial data present but missing supporting fields,remove_incomplete_rows
,,,,,,,<na>,,1090.0,520.05,329.95,,,,,7221,financial data present but missing supporting fields,remove_incomplete_rows
,,,,,,,<na>,,801.75,351.0,394.75,,,,,7227,financial data present but missing supporting fields,remove_incomplete_rows
,,,,,,,<na>,,343.75,275.0,68.75,,,,,7231,financial data present but missing supporting fields,remove_incomplete_rows
,,,,,,,<na>,,1290.9,509.39,609.57,,,,,7239,financial data present but missing supporting fields,remove_incomplete_rows
,,,,,,,<na>,,213.5,55.24,37.43,,,,,7245,financial data present but missing supporting fields,remove_incomplete_rows
,,,,,,,<na>,,1575.75,477.71,284.44,,,,,7251,financial data present but missing supporting fields,remove_incomplete_rows
,,,,,,,<na>,,15.0,9.8,5.2,,,,,7255,financial data present but missing supporting fields,remove_incomplete_rows
,,,,,,,<na>,,104.0,41.47,21.06,,,,,7259,financial data present but missing supporting fields,remove_incomplete_rows
,,,,,,,<na>,,8.5,7.61,0.89,,,,,7263,financial data present but missing supporting fields,remove_incomplete_rows
,,,,,,,<na>,,790.0,565.57,224.43,,,,,7268,financial data present but missing supporting fields,remove_incomplete_rows
,,,,,,,<na>,,12.0,2.69,9.31,,,,,7272,financial data present but missing supporting fields,remove_incomplete_rows
,,,,,,,<na>,,161.5,142.26,19.24,,,,,7277,financial data present but missing supporting fields,remove_incomplete_rows
,,,,,,,<na>,,25.0,19.1,5.9,,,,,7281,financial data present but missing supporting fields,remove_incomplete_rows
,,,,,,,<na>,,24.75,20.46,4.29,,,,,7285,financial data present but missing supporting fields,remove_incomplete_rows
,,,,,,,<na>,,10.0,4.23,5.77,,,,,7289,financial data present but missing supporting fields,remove_incomplete_rows
,,,,,,,<na>,,269.25,27.26,73.29,,,,,7294,financial data present but missing supporting fields,remove_incomplete_rows
,,,,,,,<na>,,935.0,824.29,110.71,,,,,7299,financial data present but missing supporting fields,remove_incomplete_rows
,,,,,,,<na>,,324.55,68.05,27.93,,,,,7305,financial data present but missing supporting fields,remove_incomplete_rows
,,,,,,,<na>,,375.0,1.85,319.5,,,,,7310,financial data present but missing supporting fields,remove_incomplete_rows
,,,,,,,<na>,,30.0,0.88,21.2,,,,,7314,financial data present but missing supporting fields,remove_incomplete_rows
,,,,,,,<na>,,673.5,78.59,49.68,,,,,7319,financial data present but missing supporting fields,remove_incomplete_rows
,,,,,,,<na>,,623.0,11.01,475.7,,,,,7324,financial data present but missing supporting fields,remove_incomplete_rows
,,,,,,,<na>,,12.0,1.35,6.6,,,,,7328,financial data present but missing supporting fields,remove_incomplete_rows
,,,,,,,<na>,,46.25,11.03,17.39,,,,,7333,financial data present but missing supporting fields,remove_incomplete_rows
,,,,,,,<na>,,337.0,57.43,75.1,,,,,7338,financial data present but missing supporting fields,remove_incomplete_rows
,,,,,,,<na>,,1002.5,285.69,228.01,,,,,7343,financial data present but missing supporting fields,remove_incomplete_rows
,,,,,,,<na>,,12.0,7.2,4.8,,,,,7347,financial data present but missing supporting fields,remove_incomplete_rows
,,,,,,,<na>,,34.0,7.15,5.4,,,,,7351,financial data present but missing supporting fields,remove_incomplete_rows
,,,,,,,<na>,,143.0,31.82,15.72,,,,,7355,financial data present but missing supporting fields,remove_incomplete_rows
,,,,,,,<na>,,11.0,6.33,4.67,,,,,7359,financial data present but missing supporting fields,remove_incomplete_rows
,,,,,,,<na>,,584.5,25.57,226.52,,,,,7364,financial data present but missing supporting fields,remove_incomplete_rows
,,,,,,,<na>,,25.0,19.36,5.64,,,,,7368,financial data present but missing supporting fields,remove_incomplete_rows
,,,,,,,<na>,,271.5,239.89,31.61,,,,,7373,financial data present but missing supporting fields,remove_incomplete_rows
,,,,,,,<na>,,163.5,148.5,15.0,,,,,7377,financial data present but missing supporting fields,remove_incomplete_rows
,,,,,,,<na>,,352.2,40.77,64.7,,,,,7383,financial data present but missing supporting fields,remove_incomplete_rows
,,,,,,,<na>,,42.0,36.37,5.63,,,,,7387,financial data present but missing supporting fields,remove_incomplete_rows
,,,,,,,<na>,,25.0,19.1,5.9,,,,,7391,financial data present but missing supporting fields,remove_incomplete_rows
,,,,,,,<na>,,110.55,93.72,16.83,,,,,7396,financial data present but missing supporting fields,remove_incomplete_rows
,,,,,,,<na>,,10.0,4.23,5.77,,,,,7400,financial data present but missing supporting fields,remove_incomplete_rows
,,,,,,,<na>,,15.0,9.32,5.68,,,,,7404,financial data present but missing supporting fields,remove_incomplete_rows
,,,,,,,<na>,,83.25,72.19,11.06,,,,,7409,financial data present but missing supporting fields,remove_incomplete_rows
,,,,,,,<na>,,380.0,324.8,55.2,,,,,7413,financial data present but missing supporting fields,remove_incomplete_rows
,,,,,,,<na>,,69.95,58.13,11.82,,,,,7418,financial data present but missing supporting fields,remove_incomplete_rows
,,,,,,,<na>,,169.5,30.55,16.75,,,,,7422,financial data present but missing supporting fields,remove_incomplete_rows
,,,,,,,<na>,,30.0,12.98,4.04,,,,,7426,financial data present but missing supporting fields,remove_incomplete_rows
,,,,,,,<na>,,107.0,87.69,19.31,,,,,7431,financial data present but missing supporting fields,remove_incomplete_rows
,,,,,,,<na>,,200.0,50.0,100.0,,,,,7435,financial data present but missing supporting fields,remove_incomplete_rows
,,,,,,,<na>,,95.0,45.0,50.0,,,,,7439,financial data present but missing supporting fields,remove_incomplete_rows
,,,,,,,<na>,,94.66,8.53,49.76,,,,,7447,financial data present but missing supporting fields,remove_incomplete_rows
,,,,,,,<na>,,15.0,6.9,8.1,,,,,7451,financial data present but missing supporting fields,remove_incomplete_rows
,,,,,,,<na>,,79.68,16.02,15.6,,,,,7455,financial data present but missing supporting fields,remove_incomplete_rows
,,,,,,,<na>,,57.0,25.57,5.86,,,,,7459,financial data present but missing supporting fields,remove_incomplete_rows
,,,,,,,<na>,,136.0,124.11,11.89,,,,,7463,financial data present but missing supporting fields,remove_incomplete_rows
,,,,,,,<na>,,15.0,8.9,6.1,,,,,7467,financial data present but missing supporting fields,remove_incomplete_rows
,,,,,,,<na>,,188.7,44.36,109.87,,,,,7474,financial data present but missing supporting fields,remove_incomplete_rows
,,,,,,,<na>,,336.0,7.59,244.92,,,,,7478,financial data present but missing supporting fields,remove_incomplete_rows
,,,,,,,<na>,,70.95,61.05,9.9,,,,,7483,financial data present but missing supporting fields,remove_incomplete_rows
,,,,,,,<na>,,22.5,17.81,4.69,,,,,7487,financial data present but missing supporting fields,remove_incomplete_rows
,,,,,,,<na>,,682.0,636.53,45.47,,,,,7491,financial data present but missing supporting fields,remove_incomplete_rows
,,,,,,,<na>,,54.24,30.55,-6.86,,,,,7496,financial data present but missing supporting fields,remove_incomplete_rows
,,,,,,,<na>,,104.0,46.88,10.24,,,,,7500,financial data present but missing supporting fields,remove_incomplete_rows
,,,,,,,<na>,,166.25,83.9,18.07,,,,,7505,financial data present but missing supporting fields,remove_incomplete_rows
,,,,,,,<na>,,20.22,6.13,1.83,,,,,7509,financial data present but missing supporting fields,remove_incomplete_rows
,,,,,,,<na>,,1109.75,770.04,163.72,,,,,7518,financial data present but missing supporting fields,remove_incomplete_rows
,,,,,,,<na>,,15.0,9.2,5.8,,,,,7522,financial data present but missing supporting fields,remove_incomplete_rows
,,,,,,,<na>,,70.5,57.13,13.37,,,,,7526,financial data present but missing supporting fields,remove_incomplete_rows
,,,,,,,<na>,,30.0,23.33,6.67,,,,,7530,financial data present but missing supporting fields,remove_incomplete_rows
,,,,,,,<na>,,63.45,34.5,6.62,,,,,7535,financial data present but missing supporting fields,remove_incomplete_rows
,,,,,,,<na>,,1982.0,71.9,-0.25,,,,,7541,financial data present but missing supporting fields,remove_incomplete_rows
,,,,,,,<na>,,500.7,161.59,146.12,,,,,7553,financial data present but missing supporting fields,remove_incomplete_rows
,,,,,,,<na>,,85.8,1.46,56.6,,,,,7558,financial data present but missing supporting fields,remove_incomplete_rows
,,,,,,,<na>,,96.0,80.51,15.49,,,,,7562,financial data present but missing supporting fields,remove_incomplete_rows
,,,,,,,<na>,,2.5,1.28,1.22,,,,,7566,financial data present but missing supporting fields,remove_incomplete_rows
,,,,,,,<na>,,69.0,55.08,13.92,,,,,7570,financial data present but missing supporting fields,remove_incomplete_rows
,,,,,,,<na>,,458.85,60.0,38.85,,,,,7574,financial data present but missing supporting fields,remove_incomplete_rows
,,,,,,,<na>,,2981.0,1371.27,405.6,,,,,7581,financial data present but missing supporting fields,remove_incomplete_rows
,,,,,,,<na>,,1200.38,72.51,216.6,,,,,7586,financial data present but missing supporting fields,remove_incomplete_rows
,,,,,,,<na>,,109.5,29.02,22.44,,,,,7590,financial data present but missing supporting fields,remove_incomplete_rows
,,,,,,,<na>,,67.0,42.09,24.91,,,,,7595,financial data present but missing supporting fields,remove_incomplete_rows
,,,,,,,<na>,,25.0,19.1,5.9,,,,,7599,financial data present but missing supporting fields,remove_incomplete_rows
,,,,,,,<na>,,1037.75,659.43,138.32,,,,,7605,financial data present but missing supporting fields,remove_incomplete_rows
,,,,,,,<na>,,29.5,26.75,2.75,,,,,7609,financial data present but missing supporting fields,remove_incomplete_rows
,,,,,,,<na>,,362.75,87.96,159.53,,,,,7616,financial data present but missing supporting fields,remove_incomplete_rows
,,,,,,,<na>,,15.0,9.2,5.8,,,,,7620,financial data present but missing supporting fields,remove_incomplete_rows
,,,,,,,<na>,,8.5,7.61,0.89,,,,,7624,financial data present but missing supporting fields,remove_incomplete_rows
,,,,,,,<na>,,2740.55,1454.23,771.32,,,,,7632,financial data present but missing supporting fields,remove_incomplete_rows
,,,,,,,<na>,,169.0,144.86,24.14,,,,,7637,financial data present but missing supporting fields,remove_incomplete_rows
,,,,,,,<na>,,1848.75,1442.62,406.13,,,,,7642,financial data present but missing supporting fields,remove_incomplete_rows
,,,,,,,<na>,,26.5,21.22,5.28,,,,,7646,financial data present but missing supporting fields,remove_incomplete_rows
,,,,,,,<na>,,934.5,252.36,177.42,,,,,7650,financial data present but missing supporting fields,remove_incomplete_rows
,,,,,,,<na>,,162.5,15.77,83.65,,,,,7654,financial data present but missing supporting fields,remove_incomplete_rows
,,,,,,,<na>,,14.0,11.59,2.41,,,,,7658,financial data present but missing supporting fields,remove_incomplete_rows
,,,,,,,<na>,,99.5,81.43,18.07,,,,,7664,financial data present but missing supporting fields,remove_incomplete_rows
,,,,,,,<na>,,277.5,80.0,37.5,,,,,7668,financial data present but missing supporting fields,remove_incomplete_rows
,,,,,,,<na>,,511.28,107.49,81.32,,,,,7674,financial data present but missing supporting fields,remove_incomplete_rows
,,,,,,,<na>,,484.25,402.69,81.56,,,,,7679,financial data present but missing supporting fields,remove_incomplete_rows
,,,,,,,<na>,,1237.0,824.32,292.68,,,,,7687,financial data present but missing supporting fields,remove_incomplete_rows
,,,,,,,<na>,,29.0,25.17,3.83,,,,,7691,financial data present but missing supporting fields,remove_incomplete_rows
,,,,,,,<na>,,1188.5,80.39,233.08,,,,,7697,financial data present but missing supporting fields,remove_incomplete_rows
,,,,,,,<na>,,165.0,0.0,165.0,,,,,7701,financial data present but missing supporting fields,remove_incomplete_rows
,,,,,,,<na>,,32.5,30.66,1.84,,,,,7705,financial data present but missing supporting fields,remove_incomplete_rows
,,,,,,,<na>,,26.5,21.22,5.28,,,,,7709,financial data present but missing supporting fields,remove_incomplete_rows
,,,,,,,<na>,,42.0,12.96,3.13,,,,,7713,financial data present but missing supporting fields,remove_incomplete_rows
,,,,,,,<na>,,878.75,329.56,189.19,,,,,7720,financial data present but missing supporting fields,remove_incomplete_rows
,,,,,,,<na>,,319.0,65.24,135.11,,,,,7726,financial data present but missing supporting fields,remove_incomplete_rows
,,,,,,,<na>,,2151.8,1260.12,329.17,,,,,7735,financial data present but missing supporting fields,remove_incomplete_rows
,,,,,,,<na>,,84.25,70.2,14.05,,,,,7739,financial data present but missing supporting fields,remove_incomplete_rows
,,,,,,,<na>,,15.0,9.8,5.2,,,,,7743,financial data present but missing supporting fields,remove_incomplete_rows
,,,,,,,<na>,,29.0,25.17,3.83,,,,,7747,financial data present but missing supporting fields,remove_incomplete_rows
,,,,,,,<na>,,5859.2,162.6,250.26,,,,,7758,financial data present but missing supporting fields,remove_incomplete_rows
,,,,,,,<na>,,170.0,149.14,20.86,,,,,7764,financial data present but missing supporting fields,remove_incomplete_rows
,,,,,,,<na>,,1799.35,1085.45,478.45,,,,,7770,financial data present but missing supporting fields,remove_incomplete_rows
,,,,,,,<na>,,2670.5,1319.47,696.5,,,,,7775,financial data present but missing supporting fields,remove_incomplete_rows
,,,,,,,<na>,,192.5,155.56,36.94,,,,,7779,financial data present but missing supporting fields,remove_incomplete_rows
,,,,,,,<na>,,788.6,730.41,58.19,,,,,7785,financial data present but missing supporting fields,remove_incomplete_rows
,,,,,,,<na>,,948.75,586.66,168.45,,,,,7799,financial data present but missing supporting fields,remove_incomplete_rows
,,,,,,,<na>,,1598.0,750.32,275.38,,,,,7808,financial data present but missing supporting fields,remove_incomplete_rows
,,,,,,,<na>,,37.75,29.64,8.11,,,,,7812,financial data present but missing supporting fields,remove_incomplete_rows
,,,,,,,<na>,,439.75,140.01,87.12,,,,,7817,financial data present but missing supporting fields,remove_incomplete_rows
,,,,,,,<na>,,790.28,44.05,253.5,,,,,7827,financial data present but missing supporting fields,remove_incomplete_rows
,,,,,,,<na>,,42.0,36.37,5.63,,,,,7831,financial data present but missing supporting fields,remove_incomplete_rows
,,,,,,,<na>,,418.25,127.69,162.87,,,,,7836,financial data present but missing supporting fields,remove_incomplete_rows
,,,,,,,<na>,,11.0,1.85,7.3,,,,,7840,financial data present but missing supporting fields,remove_incomplete_rows
,,,,,,,<na>,,15.0,9.2,5.8,,,,,7844,financial data present but missing supporting fields,remove_incomplete_rows
,,,,,,,<na>,,33.0,15.44,8.45,,,,,7849,financial data present but missing supporting fields,remove_incomplete_rows
,,,,,,,<na>,,170.0,0.5,120.0,,,,,7853,financial data present but missing supporting fields,remove_incomplete_rows
,,,,,,,<na>,,285.0,61.46,62.19,,,,,7859,financial data present but missing supporting fields,remove_incomplete_rows
,,,,,,,<na>,,1156.0,1060.0,96.0,,,,,7863,financial data present but missing supporting fields,remove_incomplete_rows
,,,,,,,<na>,,81.5,77.5,4.0,,,,,7867,financial data present but missing supporting fields,remove_incomplete_rows
,,,,,,,<na>,,63.5,52.73,10.77,,,,,7872,financial data present but missing supporting fields,remove_incomplete_rows
,,,,,,,<na>,,1477.5,840.57,361.93,,,,,7878,financial data present but missing supporting fields,remove_incomplete_rows
,,,,,,,<na>,,143.0,134.26,8.74,,,,,7882,financial data present but missing supporting fields,remove_incomplete_rows
,,,,,,,<na>,,10.0,2.93,4.14,,,,,7886,financial data present but missing supporting fields,remove_incomplete_rows
,,,,,,,<na>,,237.5,95.0,142.5,,,,,7890,financial data present but missing supporting fields,remove_incomplete_rows
,,,,,,,<na>,,300.0,252.0,48.0,,,,,7894,financial data present but missing supporting fields,remove_incomplete_rows
,,,,,,,<na>,,1350.0,980.0,370.0,,,,,7898,financial data present but missing supporting fields,remove_incomplete_rows
,,,,,,,<na>,,200.0,50.0,100.0,,,,,7902,financial data present but missing supporting fields,remove_incomplete_rows
,,,,,,,<na>,,64.0,56.2,7.8,,,,,7906,financial data present but missing supporting fields,remove_incomplete_rows
,,,,,,,<na>,,221.5,162.87,27.78,,,,,7914,financial data present but missing supporting fields,remove_incomplete_rows
,,,,,,,<na>,,130.5,115.07,15.43,,,,,7918,financial data present but missing supporting fields,remove_incomplete_rows
,,,,,,,<na>,,150.96,12.83,103.66,,,,,7924,financial data present but missing supporting fields,remove_incomplete_rows
,,,,,,,<na>,,260.0,216.96,43.04,,,,,7928,financial data present but missing supporting fields,remove_incomplete_rows
,,,,,,,<na>,,108.5,12.29,16.09,,,,,7933,financial data present but missing supporting fields,remove_incomplete_rows
,,,,,,,<na>,,172.0,153.81,18.19,,,,,7938,financial data present but missing supporting fields,remove_incomplete_rows
,,,,,,,<na>,,76.5,64.53,11.97,,,,,7943,financial data present but missing supporting fields,remove_incomplete_rows
,,,,,,,<na>,,40.0,12.96,27.04,,,,,7948,financial data present but missing supporting fields,remove_incomplete_rows
,,,,,,,<na>,,92.5,80.0,12.5,,,,,7952,financial data present but missing supporting fields,remove_incomplete_rows
,,,,,,,<na>,,43.0,33.0,10.0,,,,,7956,financial data present but missing supporting fields,remove_incomplete_rows
,,,,,,,<na>,,503.75,287.27,106.05,,,,,7961,financial data present but missing supporting fields,remove_incomplete_rows
,,,,,,,<na>,,41.0,34.91,6.09,,,,,7965,financial data present but missing supporting fields,remove_incomplete_rows
,,,,,,,<na>,,42.5,1.85,24.0,,,,,7969,financial data present but missing supporting fields,remove_incomplete_rows
,,,,,,,<na>,,326.75,287.75,39.0,,,,,7977,financial data present but missing supporting fields,remove_incomplete_rows
,,,,,,,<na>,,254.0,202.17,51.83,,,,,7981,financial data present but missing supporting fields,remove_incomplete_rows
,,,,,,,<na>,,17.0,0.5,12.0,,,,,7985,financial data present but missing supporting fields,remove_incomplete_rows
,,,,,,,<na>,,47.5,39.33,8.17,,,,,7989,financial data present but missing supporting fields,remove_incomplete_rows
,,,,,,,<na>,,12.0,10.33,1.67,,,,,7993,financial data present but missing supporting fields,remove_incomplete_rows
,,,,,,,<na>,,467.5,38.3,159.5,,,,,7999,financial data present but missing supporting fields,remove_incomplete_rows
,,,,,,,<na>,,95.5,83.92,11.58,,,,,8003,financial data present but missing supporting fields,remove_incomplete_rows
,,,,,,,<na>,,48.3,21.95,4.4,,,,,8007,financial data present but missing supporting fields,remove_incomplete_rows
,,,,,,,<na>,,407.5,247.93,93.66,,,,,8017,financial data present but missing supporting fields,remove_incomplete_rows
,,,,,,,<na>,,11.75,10.78,0.97,,,,,8021,financial data present but missing supporting fields,remove_incomplete_rows
,,,,,,,<na>,,645.5,480.21,165.29,,,,,8025,financial data present but missing supporting fields,remove_incomplete_rows
,,,,,,,<na>,,18.0,15.21,2.79,,,,,8029,financial data present but missing supporting fields,remove_incomplete_rows
,,,,,,,<na>,,162.0,44.63,28.11,,,,,8033,financial data present but missing supporting fields,remove_incomplete_rows
,,,,,,,<na>,,570.0,528.52,41.48,,,,,8038,financial data present but missing supporting fields,remove_incomplete_rows
,,,,,,,<na>,,360.0,16.02,39.6,,,,,8042,financial data present but missing supporting fields,remove_incomplete_rows
,,,,,,,<na>,,1220.8,746.21,474.59,,,,,8047,financial data present but missing supporting fields,remove_incomplete_rows
,,,,,,,<na>,,76.5,63.99,12.51,,,,,8051,financial data present but missing supporting fields,remove_incomplete_rows
,,,,,,,<na>,,18.0,15.21,2.79,,,,,8055,financial data present but missing supporting fields,remove_incomplete_rows
,,,,,,,<na>,,178.75,169.0,9.75,,,,,8059,financial data present but missing supporting fields,remove_incomplete_rows
,,,,,,,<na>,,166.75,136.01,30.74,,,,,8064,financial data present but missing supporting fields,remove_incomplete_rows
,,,,,,,<na>,,37.75,29.64,8.11,,,,,8068,financial data present but missing supporting fields,remove_incomplete_rows
,,,,,,,<na>,,324.75,288.51,36.24,,,,,8074,financial data present but missing supporting fields,remove_incomplete_rows
,,,,,,,<na>,,102.75,23.33,79.42,,,,,8079,financial data present but missing supporting fields,remove_incomplete_rows
,,,,,,,<na>,,131.0,86.74,44.26,,,,,8084,financial data present but missing supporting fields,remove_incomplete_rows
,,,,,,,<na>,,900.0,430.0,470.0,,,,,8088,financial data present but missing supporting fields,remove_incomplete_rows
,,,,,,,<na>,,70.0,6.17,8.3,,,,,8092,financial data present but missing supporting fields,remove_incomplete_rows
,,,,,,,<na>,,200.0,17.64,23.6,,,,,8096,financial data present but missing supporting fields,remove_incomplete_rows
,,,,,,,<na>,,12.0,10.33,1.67,,,,,8100,financial data present but missing supporting fields,remove_incomplete_rows
,,,,,,,<na>,,230.0,152.83,39.31,,,,,8107,financial data present but missing supporting fields,remove_incomplete_rows
,,,,,,,<na>,,772.5,104.16,519.04,,,,,8114,financial data present but missing supporting fields,remove_incomplete_rows
,,,,,,,<na>,,311.0,0.0,311.0,,,,,8118,financial data present but missing supporting fields,remove_incomplete_rows
,,,,,,,<na>,,480.0,12.27,111.9,,,,,8122,financial data present but missing supporting fields,remove_incomplete_rows
,,,,,,,<na>,,37.0,15.16,6.68,,,,,8126,financial data present but missing supporting fields,remove_incomplete_rows
,,,,,,,<na>,,35.5,32.14,3.36,,,,,8130,financial data present but missing supporting fields,remove_incomplete_rows
,,,,,,,<na>,,695.7,54.37,152.0,,,,,8137,financial data present but missing supporting fields,remove_incomplete_rows
,,,,,,,<na>,,28.0,11.59,4.82,,,,,8141,financial data present but missing supporting fields,remove_incomplete_rows
,,,,,,,<na>,,32.5,29.7,2.8,,,,,8145,financial data present but missing supporting fields,remove_incomplete_rows
,,,,,,,<na>,,76.5,63.99,12.51,,,,,8149,financial data present but missing supporting fields,remove_incomplete_rows
,,,,,,,<na>,,146.0,92.05,53.95,,,,,8156,financial data present but missing supporting fields,remove_incomplete_rows
,,,,,,,<na>,,30.0,22.0,8.0,,,,,8160,financial data present but missing supporting fields,remove_incomplete_rows
,,,,,,,<na>,,11.0,6.33,4.67,,,,,8164,financial data present but missing supporting fields,remove_incomplete_rows
,,,,,,,<na>,,42.5,4.05,2.04,,,,,8168,financial data present but missing supporting fields,remove_incomplete_rows
,,,,,,,<na>,,215.0,95.75,23.5,,,,,8172,financial data present but missing supporting fields,remove_incomplete_rows
,,,,,,,<na>,,30.0,23.33,6.67,,,,,8176,financial data present but missing supporting fields,remove_incomplete_rows
,,,,,,,<na>,,65.0,54.33,10.67,,,,,8180,financial data present but missing supporting fields,remove_incomplete_rows
,,,,,,,<na>,,17.5,0.0,17.5,,,,,8184,financial data present but missing supporting fields,remove_incomplete_rows
,,,,,,,<na>,,17.5,2.85,3.27,,,,,8188,financial data present but missing supporting fields,remove_incomplete_rows
,,,,,,,<na>,,130.0,46.62,17.77,,,,,8193,financial data present but missing supporting fields,remove_incomplete_rows
,,,,,,,<na>,,243.0,58.89,17.79,,,,,8198,financial data present but missing supporting fields,remove_incomplete_rows
,,,,,,,<na>,,60.5,41.09,15.37,,,,,8203,financial data present but missing supporting fields,remove_incomplete_rows
,,,,,,,<na>,,25.0,1.28,12.23,,,,,8207,financial data present but missing supporting fields,remove_incomplete_rows
,,,,,,,<na>,,500.7,161.59,146.12,,,,,8219,financial data present but missing supporting fields,remove_incomplete_rows
,,,,,,,<na>,,179.5,103.0,14.17,,,,,8225,financial data present but missing supporting fields,remove_incomplete_rows
,,,,,,,<na>,,473.0,190.61,92.39,,,,,8234,financial data present but missing supporting fields,remove_incomplete_rows
,,,,,,,<na>,,33.0,27.74,5.26,,,,,8242,financial data present but missing supporting fields,remove_incomplete_rows
,,,,,,,<na>,,26.5,21.22,5.28,,,,,8246,financial data present but missing supporting fields,remove_incomplete_rows
,,,,,,,<na>,,67.5,43.98,8.3,,,,,8251,financial data present but missing supporting fields,remove_incomplete_rows
,,,,,,,<na>,,44.0,9.11,7.56,,,,,8255,financial data present but missing supporting fields,remove_incomplete_rows
,,,,,,,<na>,,17.9,0.58,12.1,,,,,8259,financial data present but missing supporting fields,remove_incomplete_rows
,,,,,,,<na>,,99.75,59.87,34.33,,,,,8267,financial data present but missing supporting fields,remove_incomplete_rows
,,,,,,,<na>,,54.0,44.4,9.6,,,,,8271,financial data present but missing supporting fields,remove_incomplete_rows
,,,,,,,<na>,,27.5,20.31,7.19,,,,,8275,financial data present but missing supporting fields,remove_incomplete_rows
,,,,,,,<na>,,251.5,42.94,28.75,,,,,8286,financial data present but missing supporting fields,remove_incomplete_rows
,,,,,,,<na>,,23.0,5.58,0.67,,,,,8290,financial data present but missing supporting fields,remove_incomplete_rows
,,,,,,,<na>,,18.0,15.21,2.79,,,,,8294,financial data present but missing supporting fields,remove_incomplete_rows
,,,,,,,<na>,,18.5,15.16,3.34,,,,,8298,financial data present but missing supporting fields,remove_incomplete_rows
,,,,,,,<na>,,101.5,48.13,5.24,,,,,8302,financial data present but missing supporting fields,remove_incomplete_rows
,,,,,,,<na>,,128.0,109.25,18.75,,,,,8306,financial data present but missing supporting fields,remove_incomplete_rows
,,,,,,,<na>,,30.0,0.0,30.0,,,,,8310,financial data present but missing supporting fields,remove_incomplete_rows
,,,,,,,<na>,,18.0,15.21,2.79,,,,,8314,financial data present but missing supporting fields,remove_incomplete_rows
,,,,,,,<na>,,75.0,0.0,75.0,,,,,8318,financial data present but missing supporting fields,remove_incomplete_rows
,,,,,,,<na>,,32.5,18.75,9.99,,,,,8323,financial data present but missing supporting fields,remove_incomplete_rows
,,,,,,,<na>,,542.5,62.16,107.38,,,,,8328,financial data present but missing supporting fields,remove_incomplete_rows
,,,,,,,<na>,,389.0,77.58,38.19,,,,,8333,financial data present but missing supporting fields,remove_incomplete_rows
,,,,,,,<na>,,23.0,10.33,12.67,,,,,8338,financial data present but missing supporting fields,remove_incomplete_rows
,,,,,,,<na>,,23.0,5.58,0.67,,,,,8342,financial data present but missing supporting fields,remove_incomplete_rows
,,,,,,,<na>,,1942.5,80.34,262.54,,,,,8348,financial data present but missing supporting fields,remove_incomplete_rows
,,,,,,,<na>,,258.0,0.0,258.0,,,,,8352,financial data present but missing supporting fields,remove_incomplete_rows
,,,,,,,<na>,,11.75,10.78,0.97,,,,,8356,financial data present but missing supporting fields,remove_incomplete_rows
,,,,,,,<na>,,25.0,19.71,5.29,,,,,8360,financial data present but missing supporting fields,remove_incomplete_rows
,,,,,,,<na>,,18.0,15.21,2.79,,,,,8364,financial data present but missing supporting fields,remove_incomplete_rows
,,,,,,,<na>,,343.75,275.0,68.75,,,,,8368,financial data present but missing supporting fields,remove_incomplete_rows
,,,,,,,<na>,,941.5,524.8,176.7,,,,,8374,financial data present but missing supporting fields,remove_incomplete_rows
,,,,,,,<na>,,374.2,87.09,124.08,,,,,8380,financial data present but missing supporting fields,remove_incomplete_rows
,,,,,,,<na>,,265.5,107.68,128.66,,,,,8385,financial data present but missing supporting fields,remove_incomplete_rows
,,,,,,,<na>,,6.3,3.0,3.3,,,,,8389,financial data present but missing supporting fields,remove_incomplete_rows
,,,,,,,<na>,,37.0,16.55,20.45,,,,,8394,financial data present but missing supporting fields,remove_incomplete_rows
,,,,,,,<na>,,2096.0,54.65,796.22,,,,,8401,financial data present but missing supporting fields,remove_incomplete_rows
,,,,,,,<na>,,18.5,15.16,3.34,,,,,8405,financial data present but missing supporting fields,remove_incomplete_rows
,,,,,,,<na>,,56.25,51.74,4.51,,,,,8409,financial data present but missing supporting fields,remove_incomplete_rows
,,,,,,,<na>,,92.5,80.0,12.5,,,,,8413,financial data present but missing supporting fields,remove_incomplete_rows
,,,,,,,<na>,,30.0,22.0,8.0,,,,,8417,financial data present but missing supporting fields,remove_incomplete_rows
,,,,,,,<na>,,10.0,8.64,1.36,,,,,8421,financial data present but missing supporting fields,remove_incomplete_rows
,,,,,,,<na>,,425.0,258.11,166.89,,,,,8425,financial data present but missing supporting fields,remove_incomplete_rows
,,,,,,,<na>,,133.0,12.02,12.8,,,,,8429,financial data present but missing supporting fields,remove_incomplete_rows
,,,,,,,<na>,,53.2,12.02,5.12,,,,,8433,financial data present but missing supporting fields,remove_incomplete_rows
,,,,,,,<na>,,380.0,324.8,55.2,,,,,8437,financial data present but missing supporting fields,remove_incomplete_rows
,,,,,,,<na>,,590.0,18.35,109.5,,,,,8442,financial data present but missing supporting fields,remove_incomplete_rows
,,,,,,,<na>,,25.0,16.0,9.0,,,,,8446,financial data present but missing supporting fields,remove_incomplete_rows
,,,,,,,<na>,,12.75,4.05,0.61,,,,,8450,financial data present but missing supporting fields,remove_incomplete_rows
,,,,,,,<na>,,30.0,17.9,12.1,,,,,8455,financial data present but missing supporting fields,remove_incomplete_rows
,,,,,,,<na>,,65.0,3.63,39.38,,,,,8460,financial data present but missing supporting fields,remove_incomplete_rows
,,,,,,,<na>,,1087.0,364.8,202.2,,,,,8465,financial data present but missing supporting fields,remove_incomplete_rows
,,,,,,,<na>,,402.05,126.27,55.46,,,,,8472,financial data present but missing supporting fields,remove_incomplete_rows
,,,,,,,<na>,,1879.75,1254.25,412.88,,,,,8478,financial data present but missing supporting fields,remove_incomplete_rows
,,,,,,,<na>,,29.0,25.17,3.83,,,,,8482,financial data present but missing supporting fields,remove_incomplete_rows
,,,,,,,<na>,,15.0,8.9,6.1,,,,,8486,financial data present but missing supporting fields,remove_incomplete_rows
,,,,,,,<na>,,250.0,17.5,43.0,,,,,8491,financial data present but missing supporting fields,remove_incomplete_rows
,,,,,,,<na>,,110.0,45.71,18.58,,,,,8495,financial data present but missing supporting fields,remove_incomplete_rows
,,,,,,,<na>,,387.6,343.93,43.67,,,,,8505,financial data present but missing supporting fields,remove_incomplete_rows
,,,,,,,<na>,,404.0,40.0,84.0,,,,,8509,financial data present but missing supporting fields,remove_incomplete_rows
,,,,,,,<na>,,28.56,23.15,5.41,,,,,8513,financial data present but missing supporting fields,remove_incomplete_rows
,,,,,,,<na>,,229.0,184.66,44.34,,,,,8519,financial data present but missing supporting fields,remove_incomplete_rows
,,,,,,,<na>,,397.2,19.19,69.45,,,,,8525,financial data present but missing supporting fields,remove_incomplete_rows
,,,,,,,<na>,,1426.25,74.87,667.67,,,,,8533,financial data present but missing supporting fields,remove_incomplete_rows
,,,,,,,<na>,,955.5,54.5,192.5,,,,,8537,financial data present but missing supporting fields,remove_incomplete_rows
,,,,,,,<na>,,100.0,86.14,13.86,,,,,8542,financial data present but missing supporting fields,remove_incomplete_rows
,,,,,,,<na>,,4235.25,360.89,23.99,,,,,8556,financial data present but missing supporting fields,remove_incomplete_rows
,,,,,,,<na>,,1332.5,106.31,269.4,,,,,8560,financial data present but missing supporting fields,remove_incomplete_rows
,,,,,,,<na>,,91.39,23.15,-1.21,,,,,8565,financial data present but missing supporting fields,remove_incomplete_rows
,,,,,,,<na>,,36.0,9.38,17.25,,,,,8569,financial data present but missing supporting fields,remove_incomplete_rows
,,,,,,,<na>,,237.0,65.16,106.68,,,,,8574,financial data present but missing supporting fields,remove_incomplete_rows
,,,,,,,<na>,,185.9,159.67,26.23,,,,,8579,financial data present but missing supporting fields,remove_incomplete_rows
,,,,,,,<na>,,17.0,0.5,12.0,,,,,8583,financial data present but missing supporting fields,remove_incomplete_rows
,,,,,,,<na>,,58.25,52.83,5.42,,,,,8587,financial data present but missing supporting fields,remove_incomplete_rows
,,,,,,,<na>,,287.0,17.03,48.58,,,,,8591,financial data present but missing supporting fields,remove_incomplete_rows
,,,,,,,<na>,,801.7,140.51,160.33,,,,,8598,financial data present but missing supporting fields,remove_incomplete_rows
,,,,,,,<na>,,297.0,23.14,65.6,,,,,8603,financial data present but missing supporting fields,remove_incomplete_rows
,,,,,,,<na>,,90.65,28.42,9.39,,,,,8609,financial data present but missing supporting fields,remove_incomplete_rows
,,,,,,,<na>,,10.0,8.05,1.95,,,,,8613,financial data present but missing supporting fields,remove_incomplete_rows
,,,,,,,<na>,,116.5,52.83,10.84,,,,,8617,financial data present but missing supporting fields,remove_incomplete_rows
,,,,,,,<na>,,26.5,21.22,5.28,,,,,8621,financial data present but missing supporting fields,remove_incomplete_rows
,,,,,,,<na>,,35.0,19.85,15.15,,,,,8625,financial data present but missing supporting fields,remove_incomplete_rows
,,,,,,,<na>,,890.4,35.99,-117.32,,,,,8629,financial data present but missing supporting fields,remove_incomplete_rows
,,,,,,,<na>,,145.08,65.82,13.44,,,,,8633,financial data present but missing supporting fields,remove_incomplete_rows
,,,,,,,<na>,,64.25,53.86,10.39,,,,,8637,financial data present but missing supporting fields,remove_incomplete_rows
,,,,,,,<na>,,17.0,7.61,1.78,,,,,8641,financial data present but missing supporting fields,remove_incomplete_rows
,,,,,,,<na>,,141.0,0.0,141.0,,,,,8645,financial data present but missing supporting fields,remove_incomplete_rows
,,,,,,,<na>,,578.1,23.64,341.7,,,,,8651,financial data present but missing supporting fields,remove_incomplete_rows
,,,,,,,<na>,,33.0,27.95,5.05,,,,,8655,financial data present but missing supporting fields,remove_incomplete_rows
,,,,,,,<na>,,65.25,18.87,8.64,,,,,8659,financial data present but missing supporting fields,remove_incomplete_rows
,,,,,,,<na>,,40.0,12.96,27.04,,,,,8664,financial data present but missing supporting fields,remove_incomplete_rows
,,,,,,,<na>,,606.0,40.0,126.0,,,,,8668,financial data present but missing supporting fields,remove_incomplete_rows
,,,,,,,<na>,,105.0,29.17,17.49,,,,,8672,financial data present but missing supporting fields,remove_incomplete_rows
,,,,,,,<na>,,345.5,0.0,345.5,,,,,8676,financial data present but missing supporting fields,remove_incomplete_rows
,,,,,,,<na>,,116.5,52.83,10.84,,,,,8680,financial data present but missing supporting fields,remove_incomplete_rows
,,,,,,,<na>,,49.0,41.84,7.16,,,,,8685,financial data present but missing supporting fields,remove_incomplete_rows
,,,,,,,<na>,,45.0,12.98,6.06,,,,,8689,financial data present but missing supporting fields,remove_incomplete_rows
,,,,,,,<na>,,17.0,0.0,17.0,,,,,8694,financial data present but missing supporting fields,remove_incomplete_rows
,,,,,,,<na>,,105.0,86.81,10.29,,,,,8699,financial data present but missing supporting fields,remove_incomplete_rows
,,,,,,,<na>,,30.0,22.0,8.0,,,,,8703,financial data present but missing supporting fields,remove_incomplete_rows
,,,,,,,<na>,,54.0,44.63,9.37,,,,,8707,financial data present but missing supporting fields,remove_incomplete_rows
,,,,,,,<na>,,147.75,87.25,60.5,,,,,8713,financial data present but missing supporting fields,remove_incomplete_rows
,,,,,,,<na>,,54.25,44.39,9.86,,,,,8718,financial data present but missing supporting fields,remove_incomplete_rows
,,,,,,,<na>,,23.0,18.22,4.78,,,,,8722,financial data present but missing supporting fields,remove_incomplete_rows
,,,,,,,<na>,,170.0,0.0,170.0,,,,,8726,financial data present but missing supporting fields,remove_incomplete_rows
,,,,,,,<na>,,34.7,28.92,5.78,,,,,8730,financial data present but missing supporting fields,remove_incomplete_rows
,,,,,,,<na>,,121.25,105.26,15.99,,,,,8735,financial data present but missing supporting fields,remove_incomplete_rows
,,,,,,,<na>,,237.75,95.98,51.62,,,,,8741,financial data present but missing supporting fields,remove_incomplete_rows
,,,,,,,<na>,,99.0,0.0,99.0,,,,,8745,financial data present but missing supporting fields,remove_incomplete_rows
,,,,,,,<na>,,54.0,16.02,5.94,,,,,8749,financial data present but missing supporting fields,remove_incomplete_rows
,,,,,,,<na>,,95.5,83.92,11.58,,,,,8753,financial data present but missing supporting fields,remove_incomplete_rows
,,,,,,,<na>,,59.75,54.84,4.91,,,,,8757,financial data present but missing supporting fields,remove_incomplete_rows
,,,,,,,<na>,,70.5,57.13,13.37,,,,,8761,financial data present but missing supporting fields,remove_incomplete_rows
,,,,,,,<na>,,12.0,1.35,6.6,,,,,8765,financial data present but missing supporting fields,remove_incomplete_rows
,,,,,,,<na>,,42.0,36.37,5.63,,,,,8769,financial data present but missing supporting fields,remove_incomplete_rows
,,,,,,,<na>,,537.0,403.57,133.43,,,,,8775,financial data present but missing supporting fields,remove_incomplete_rows
,,,,,,,<na>,,88.0,71.0,17.0,,,,,8779,financial data present but missing supporting fields,remove_incomplete_rows
,,,,,,,<na>,,94.25,51.6,7.79,,,,,8785,financial data present but missing supporting fields,remove_incomplete_rows
,,,,,,,<na>,,33.0,25.22,7.78,,,,,8790,financial data present but missing supporting fields,remove_incomplete_rows
,,,,,,,<na>,,15.0,9.2,5.8,,,,,8794,financial data present but missing supporting fields,remove_incomplete_rows
,,,,,,,<na>,,152.5,24.37,30.65,,,,,8798,financial data present but missing supporting fields,remove_incomplete_rows
,,,,,,,<na>,,100.0,8.0,84.0,,,,,8802,financial data present but missing supporting fields,remove_incomplete_rows
,,,,,,,<na>,,154.75,52.36,20.82,,,,,8807,financial data present but missing supporting fields,remove_incomplete_rows
,,,,,,,<na>,,13.48,6.13,1.22,,,,,8811,financial data present but missing supporting fields,remove_incomplete_rows
,,,,,,,<na>,,223.34,21.17,96.3,,,,,8827,financial data present but missing supporting fields,remove_incomplete_rows
,,,,,,,<na>,,101.25,49.13,14.86,,,,,8832,financial data present but missing supporting fields,remove_incomplete_rows
,,,,,,,<na>,,85.0,22.03,26.29,,,,,8837,financial data present but missing supporting fields,remove_incomplete_rows
,,,,,,,<na>,,487.0,442.65,44.35,,,,,8842,financial data present but missing supporting fields,remove_incomplete_rows
,,,,,,,<na>,,66.0,0.0,66.0,,,,,8846,financial data present but missing supporting fields,remove_incomplete_rows
,,,,,,,<na>,,33.0,0.0,33.0,,,,,8850,financial data present but missing supporting fields,remove_incomplete_rows
,,,,,,,<na>,,30.0,23.33,6.67,,,,,8854,financial data present but missing supporting fields,remove_incomplete_rows
,,,,,,,<na>,,30.5,19.16,11.34,,,,,8859,financial data present but missing supporting fields,remove_incomplete_rows
,,,,,,,<na>,,54.0,44.63,9.37,,,,,8863,financial data present but missing supporting fields,remove_incomplete_rows
,,,,,,,<na>,,604.0,132.92,274.61,,,,,8872,financial data present but missing supporting fields,remove_incomplete_rows
,,,,,,,<na>,,33.0,27.95,5.05,,,,,8876,financial data present but missing supporting fields,remove_incomplete_rows
,,,,,,,<na>,,476.0,74.71,-46.97,,,,,8880,financial data present but missing supporting fields,remove_incomplete_rows
,,,,,,,<na>,,570.5,103.76,119.78,,,,,8885,financial data present but missing supporting fields,remove_incomplete_rows
,,,,,,,<na>,,120.0,56.0,64.0,,,,,8889,financial data present but missing supporting fields,remove_incomplete_rows
,,,,,,,<na>,,402.5,23.93,67.48,,,,,8893,financial data present but missing supporting fields,remove_incomplete_rows
,,,,,,,<na>,,65.0,46.47,18.53,,,,,8900,financial data present but missing supporting fields,remove_incomplete_rows
,,,,,,,<na>,,1193.0,22.7,167.0,,,,,8906,financial data present but missing supporting fields,remove_incomplete_rows
,,,,,,,<na>,,288.5,260.25,28.25,,,,,8911,financial data present but missing supporting fields,remove_incomplete_rows
,,,,,,,<na>,,1143.5,605.57,297.93,,,,,8917,financial data present but missing supporting fields,remove_incomplete_rows
,,,,,,,<na>,,53.5,43.74,9.76,,,,,8922,financial data present but missing supporting fields,remove_incomplete_rows
,,,,,,,<na>,,76.25,63.05,13.2,,,,,8927,financial data present but missing supporting fields,remove_incomplete_rows
,,,,,,,<na>,,930.25,153.85,588.85,,,,,8935,financial data present but missing supporting fields,remove_incomplete_rows
,,,,,,,<na>,,1392.25,618.02,534.23,,,,,8941,financial data present but missing supporting fields,remove_incomplete_rows
,,,,,,,<na>,,10.0,5.27,4.73,,,,,8945,financial data present but missing supporting fields,remove_incomplete_rows
,,,,,,,<na>,,1077.25,639.8,197.45,,,,,8951,financial data present but missing supporting fields,remove_incomplete_rows
,,,,,,,<na>,,138.0,97.23,36.27,,,,,8956,financial data present but missing supporting fields,remove_incomplete_rows
,,,,,,,<na>,,77.0,50.76,10.39,,,,,8961,financial data present but missing supporting fields,remove_incomplete_rows
,,,,,,,<na>,,36.0,15.21,5.58,,,,,8965,financial data present but missing supporting fields,remove_incomplete_rows
,,,,,,,<na>,,67.0,2.66,40.4,,,,,8969,financial data present but missing supporting fields,remove_incomplete_rows
,,,,,,,<na>,,50.0,8.0,42.0,,,,,8973,financial data present but missing supporting fields,remove_incomplete_rows
,,,,,,,<na>,,42.5,6.85,8.25,,,,,8977,financial data present but missing supporting fields,remove_incomplete_rows
,,,,,,,<na>,,34.5,30.5,4.0,,,,,8981,financial data present but missing supporting fields,remove_incomplete_rows
,,,,,,,<na>,,645.5,167.69,117.81,,,,,8986,financial data present but missing supporting fields,remove_incomplete_rows
,,,,,,,<na>,,162.5,12.26,39.9,,,,,8990,financial data present but missing supporting fields,remove_incomplete_rows
,,,,,,,<na>,,890.0,326.83,156.95,,,,,8996,financial data present but missing supporting fields,remove_incomplete_rows
,,,,,,,<na>,,22.5,19.29,3.21,,,,,9000,financial data present but missing supporting fields,remove_incomplete_rows
,,,,,,,<na>,,10.0,6.3,3.7,,,,,9004,financial data present but missing supporting fields,remove_incomplete_rows
,,,,,,,<na>,,67.5,3.72,30.3,,,,,9008,financial data present but missing supporting fields,remove_incomplete_rows
,,,,,,,<na>,,863.0,584.8,278.2,,,,,9014,financial data present but missing supporting fields,remove_incomplete_rows
,,,,,,,<na>,,97.5,2.6,71.5,,,,,9018,financial data present but missing supporting fields,remove_incomplete_rows
,,,,,,,<na>,,204.0,7.83,138.75,,,,,9023,financial data present but missing supporting fields,remove_incomplete_rows
,,,,,,,<na>,,38.0,8.37,11.37,,,,,9028,financial data present but missing supporting fields,remove_incomplete_rows
,,,,,,,<na>,,1275.1,1006.71,268.39,,,,,9035,financial data present but missing supporting fields,remove_incomplete_rows
,,,,,,,<na>,,101.0,40.0,21.0,,,,,9039,financial data present but missing supporting fields,remove_incomplete_rows
,,,,,,,<na>,,256.49,66.73,26.98,,,,,9045,financial data present but missing supporting fields,remove_incomplete_rows
,,,,,,,<na>,,59.75,54.84,4.91,,,,,9049,financial data present but missing supporting fields,remove_incomplete_rows
,,,,,,,<na>,,90.75,80.02,10.73,,,,,9054,financial data present but missing supporting fields,remove_incomplete_rows
,,,,,,,<na>,,34.7,28.92,5.78,,,,,9058,financial data present but missing supporting fields,remove_incomplete_rows
,,,,,,,<na>,,224.0,7.59,163.28,,,,,9062,financial data present but missing supporting fields,remove_incomplete_rows
,,,,,,,<na>,,705.0,13.87,427.6,,,,,9067,financial data present but missing supporting fields,remove_incomplete_rows
,,,,,,,<na>,,1442.0,440.48,266.0,,,,,9075,financial data present but missing supporting fields,remove_incomplete_rows
,,,,,,,<na>,,1625.1,390.02,310.4,,,,,9091,financial data present but missing supporting fields,remove_incomplete_rows
,,,,,,,<na>,,48.5,19.71,9.08,,,,,9095,financial data present but missing supporting fields,remove_incomplete_rows
,,,,,,,<na>,,24.0,21.63,2.37,,,,,9099,financial data present but missing supporting fields,remove_incomplete_rows
,,,,,,,<na>,,2008.75,1542.57,258.61,,,,,9105,financial data present but missing supporting fields,remove_incomplete_rows
,,,,,,,<na>,,21.0,17.34,3.66,,,,,9109,financial data present but missing supporting fields,remove_incomplete_rows
,,,,,,,<na>,,95.5,83.92,11.58,,,,,9113,financial data present but missing supporting fields,remove_incomplete_rows
,,,,,,,<na>,,90.5,34.33,21.84,,,,,9118,financial data present but missing supporting fields,remove_incomplete_rows
,,,,,,,<na>,,1306.5,52.08,305.44,,,,,9124,financial data present but missing supporting fields,remove_incomplete_rows
,,,,,,,<na>,,55.0,45.47,9.53,,,,,9128,financial data present but missing supporting fields,remove_incomplete_rows
,,,,,,,<na>,,556.88,429.1,72.25,,,,,9136,financial data present but missing supporting fields,remove_incomplete_rows
,,,,,,,<na>,,432.66,170.44,218.06,,,,,9153,financial data present but missing supporting fields,remove_incomplete_rows
,,,,,,,<na>,,165.35,201.81,-36.46,,,,,9158,financial data present but missing supporting fields,remove_incomplete_rows
,,,,,,,<na>,,1194.14,60.27,30.25,,,,,9163,financial data present but missing supporting fields,remove_incomplete_rows
,,,,,,,<na>,,174.0,16.74,6.59,,,,,9168,financial data present but missing supporting fields,remove_incomplete_rows
,,,,,,,<na>,,91.3,73.78,17.52,,,,,9172,financial data present but missing supporting fields,remove_incomplete_rows
,,,,,,,<na>,,5420.8,4238.89,1181.91,,,,,9177,financial data present but missing supporting fields,remove_incomplete_rows
,,,,,,,<na>,,81.48,1.15,65.38,,,,,9181,financial data present but missing supporting fields,remove_incomplete_rows
,,,,,,,<na>,,33.0,7.29,3.84,,,,,9185,financial data present but missing supporting fields,remove_incomplete_rows
,,,,,,,<na>,,137.0,67.01,41.73,,,,,9191,financial data present but missing supporting fields,remove_incomplete_rows
,,,,,,,<na>,,908.25,56.22,182.49,,,,,9197,financial data present but missing supporting fields,remove_incomplete_rows
,,,,,,,<na>,,170.0,11.19,17.68,,,,,9202,financial data present but missing supporting fields,remove_incomplete_rows
,,,,,,,<na>,,26.0,0.0,26.0,,,,,9206,financial data present but missing supporting fields,remove_incomplete_rows
,,,,,,,<na>,,69.0,30.5,8.0,,,,,9210,financial data present but missing supporting fields,remove_incomplete_rows
,,,,,,,<na>,,640.0,16.44,298.6,,,,,9216,financial data present but missing supporting fields,remove_incomplete_rows
,,,,,,,<na>,,489.25,81.02,94.47,,,,,9221,financial data present but missing supporting fields,remove_incomplete_rows
,,,,,,,<na>,,383.75,116.96,82.41,,,,,9228,financial data present but missing supporting fields,remove_incomplete_rows
,,,,,,,<na>,,58.0,12.81,6.76,,,,,9232,financial data present but missing supporting fields,remove_incomplete_rows
,,,,,,,<na>,,29.0,25.17,3.83,,,,,9236,financial data present but missing supporting fields,remove_incomplete_rows
,,,,,,,<na>,,657.5,53.58,121.7,,,,,9241,financial data present but missing supporting fields,remove_incomplete_rows
,,,,,,,<na>,,311.5,262.37,49.13,,,,,9246,financial data present but missing supporting fields,remove_incomplete_rows
,,,,,,,<na>,,215.5,90.97,29.07,,,,,9251,financial data present but missing supporting fields,remove_incomplete_rows
,,,,,,,<na>,,118.0,98.0,20.0,,,,,9255,financial data present but missing supporting fields,remove_incomplete_rows
,,,,,,,<na>,,31.0,25.18,5.82,,,,,9259,financial data present but missing supporting fields,remove_incomplete_rows
,,,,,,,<na>,,66.0,58.9,7.1,,,,,9263,financial data present but missing supporting fields,remove_incomplete_rows
,,,,,,,<na>,,353.5,40.0,73.5,,,,,9267,financial data present but missing supporting fields,remove_incomplete_rows
,,,,,,,<na>,,24.0,6.6,10.8,,,,,9272,financial data present but missing supporting fields,remove_incomplete_rows
,,,,,,,<na>,,234.09,106.31,48.33,,,,,9281,financial data present but missing supporting fields,remove_incomplete_rows
,,,,,,,<na>,,81.0,22.62,9.36,,,,,9286,financial data present but missing supporting fields,remove_incomplete_rows
,,,,,,,<na>,,113.75,66.41,22.16,,,,,9292,financial data present but missing supporting fields,remove_incomplete_rows
,,,,,,,<na>,,177.8,16.53,95.15,,,,,9297,financial data present but missing supporting fields,remove_incomplete_rows
,,,,,,,<na>,,178.0,95.62,-13.24,,,,,9302,financial data present but missing supporting fields,remove_incomplete_rows
,,,,,,,<na>,,95.5,83.92,11.58,,,,,9306,financial data present but missing supporting fields,remove_incomplete_rows
,,,,,,,<na>,,522.12,171.6,107.48,,,,,9318,financial data present but missing supporting fields,remove_incomplete_rows
,,,,,,,<na>,,17.0,6.85,3.3,,,,,9322,financial data present but missing supporting fields,remove_incomplete_rows
,,,,,,,<na>,,454.5,97.8,144.32,,,,,9329,financial data present but missing supporting fields,remove_incomplete_rows
,,,,,,,<na>,,87.0,31.16,24.68,,,,,9334,financial data present but missing supporting fields,remove_incomplete_rows
,,,,,,,<na>,,10.0,8.0,2.0,,,,,9338,financial data present but missing supporting fields,remove_incomplete_rows
,,,,,,,<na>,,25.0,17.96,7.04,,,,,9343,financial data present but missing supporting fields,remove_incomplete_rows
,,,,,,,<na>,,52.0,19.8,12.4,,,,,9347,financial data present but missing supporting fields,remove_incomplete_rows
,,,,,,,<na>,,343.75,275.0,68.75,,,,,9351,financial data present but missing supporting fields,remove_incomplete_rows
,,,,,,,<na>,,11.75,10.78,0.97,,,,,9355,financial data present but missing supporting fields,remove_incomplete_rows
,,,,,,,<na>,,417.75,351.65,66.1,,,,,9361,financial data present but missing supporting fields,remove_incomplete_rows
,,,,,,,<na>,,282.0,29.21,48.32,,,,,9365,financial data present but missing supporting fields,remove_incomplete_rows
,,,,,,,<na>,,436.2,45.0,189.2,,,,,9370,financial data present but missing supporting fields,remove_incomplete_rows
,,,,,,,<na>,,11.0,6.33,4.67,,,,,9374,financial data present but missing supporting fields,remove_incomplete_rows
,,,,,,,<na>,,1832.75,1100.0,492.75,,,,,9382,financial data present but missing supporting fields,remove_incomplete_rows
,,,,,,,<na>,,353.5,40.0,73.5,,,,,9386,financial data present but missing supporting fields,remove_incomplete_rows
,,,,,,,<na>,,1529.25,561.18,230.31,,,,,9395,financial data present but missing supporting fields,remove_incomplete_rows
,,,,,,,<na>,,697.25,315.0,142.25,,,,,9400,financial data present but missing supporting fields,remove_incomplete_rows
,,,,,,,<na>,,973.75,436.29,148.03,,,,,9405,financial data present but missing supporting fields,remove_incomplete_rows
,,,,,,,<na>,,25.0,16.0,9.0,,,,,9409,financial data present but missing supporting fields,remove_incomplete_rows
,,,,,,,<na>,,53.0,46.88,6.12,,,,,9413,financial data present but missing supporting fields,remove_incomplete_rows
,,,,,,,<na>,,36.0,15.21,5.58,,,,,9417,financial data present but missing supporting fields,remove_incomplete_rows
,,,,,,,<na>,,1851.75,896.96,332.08,,,,,9424,financial data present but missing supporting fields,remove_incomplete_rows
,,,,,,,<na>,,110.4,1.88,54.09,,,,,9428,financial data present but missing supporting fields,remove_incomplete_rows
,,,,,,,<na>,,34.0,7.61,3.56,,,,,9432,financial data present but missing supporting fields,remove_incomplete_rows
,,,,,,,<na>,,85.0,7.61,8.9,,,,,9436,financial data present but missing supporting fields,remove_incomplete_rows
,,,,,,,<na>,,56.0,47.55,8.45,,,,,9440,financial data present but missing supporting fields,remove_incomplete_rows
,,,,,,,<na>,,34.7,28.92,5.78,,,,,9444,financial data present but missing supporting fields,remove_incomplete_rows
,,,,,,,<na>,,90.0,0.0,90.0,,,,,9448,financial data present but missing supporting fields,remove_incomplete_rows
,,,,,,,<na>,,97.5,0.0,97.5,,,,,9452,financial data present but missing supporting fields,remove_incomplete_rows
,,,,,,,<na>,,133.5,18.63,21.73,,,,,9456,financial data present but missing supporting fields,remove_incomplete_rows
,,,,,,,<na>,,186.5,64.02,50.0,,,,,9462,financial data present but missing supporting fields,remove_incomplete_rows
,,,,,,,<na>,,394.0,126.28,67.72,,,,,9467,financial data present but missing supporting fields,remove_incomplete_rows
,,,,,,,<na>,,22.25,18.42,3.83,,,,,9471,financial data present but missing supporting fields,remove_incomplete_rows
,,,,,,,<na>,,58.8,0.0,58.8,,,,,9475,financial data present but missing supporting fields,remove_incomplete_rows
,,,,,,,<na>,,18.5,15.16,3.34,,,,,9479,financial data present but missing supporting fields,remove_incomplete_rows
,,,,,,,<na>,,427.5,19.18,139.8,,,,,9484,financial data present but missing supporting fields,remove_incomplete_rows
,,,,,,,<na>,,343.75,275.0,68.75,,,,,9488,financial data present but missing supporting fields,remove_incomplete_rows
,,,,,,,<na>,,478.75,393.02,85.73,,,,,9492,financial data present but missing supporting fields,remove_incomplete_rows
,,,,,,,<na>,,710.25,616.51,93.74,,,,,9498,financial data present but missing supporting fields,remove_incomplete_rows
,,,,,,,<na>,,651.25,459.98,191.27,,,,,9503,financial data present but missing supporting fields,remove_incomplete_rows
,,,,,,,<na>,,850.0,43.53,-59.9,,,,,9508,financial data present but missing supporting fields,remove_incomplete_rows
,,,,,,,<na>,,2004.0,168.53,362.1,,,,,9515,financial data present but missing supporting fields,remove_incomplete_rows
,,,,,,,<na>,,245.0,113.17,131.83,,,,,9521,financial data present but missing supporting fields,remove_incomplete_rows
,,,,,,,<na>,,45.0,0.4,39.0,,,,,9525,financial data present but missing supporting fields,remove_incomplete_rows
,,,,,,,<na>,,76.5,63.99,12.51,,,,,9529,financial data present but missing supporting fields,remove_incomplete_rows
,,,,,,,<na>,,35.0,22.06,6.09,,,,,9534,financial data present but missing supporting fields,remove_incomplete_rows
,,,,,,,<na>,,3.0,1.35,1.65,,,,,9538,financial data present but missing supporting fields,remove_incomplete_rows
,,,,,,,<na>,,724.5,13.26,167.58,,,,,9542,financial data present but missing supporting fields,remove_incomplete_rows
,,,,,,,<na>,,25.75,22.2,3.55,,,,,9546,financial data present but missing supporting fields,remove_incomplete_rows
,,,,,,,<na>,,121.3,73.78,47.52,,,,,9551,financial data present but missing supporting fields,remove_incomplete_rows
,,,,,,,<na>,,3367.0,1575.25,861.62,,,,,9559,financial data present but missing supporting fields,remove_incomplete_rows
,,,,,,,<na>,,87.25,77.81,9.44,,,,,9564,financial data present but missing supporting fields,remove_incomplete_rows
,,,,,,,<na>,,3055.75,1357.0,567.98,,,,,9574,financial data present but missing supporting fields,remove_incomplete_rows
,,,,,,,<na>,,1120.0,1038.89,81.11,,,,,9578,financial data present but missing supporting fields,remove_incomplete_rows
,,,,,,,<na>,,10.0,9.0,1.0,,,,,9582,financial data present but missing supporting fields,remove_incomplete_rows
,,,,,,,<na>,,240.5,137.56,24.54,,,,,9587,financial data present but missing supporting fields,remove_incomplete_rows
,,,,,,,<na>,,29.5,26.75,2.75,,,,,9591,financial data present but missing supporting fields,remove_incomplete_rows
,,,,,,,<na>,,546.0,54.5,110.0,,,,,9595,financial data present but missing supporting fields,remove_incomplete_rows
,,,,,,,<na>,,50.5,0.0,50.5,,,,,9599,financial data present but missing supporting fields,remove_incomplete_rows
,,,,,,,<na>,,340.5,291.36,49.14,,,,,9603,financial data present but missing supporting fields,remove_incomplete_rows
,,,,,,,<na>,,58.25,52.83,5.42,,,,,9607,financial data present but missing supporting fields,remove_incomplete_rows
,,,,,,,<na>,,454.5,40.0,94.5,,,,,9611,financial data present but missing supporting fields,remove_incomplete_rows
,,,,,,,<na>,,454.5,40.0,94.5,,,,,9615,financial data present but missing supporting fields,remove_incomplete_rows
,,,,,,,<na>,,197.5,15.05,47.0,,,,,9619,financial data present but missing supporting fields,remove_incomplete_rows
,,,,,,,<na>,,45.0,10.75,12.75,,,,,9623,financial data present but missing supporting fields,remove_incomplete_rows
,,,,,,,<na>,,560.0,185.0,375.0,,,,,9627,financial data present but missing supporting fields,remove_incomplete_rows
,,,,,,,<na>,,10.0,1.28,4.89,,,,,9631,financial data present but missing supporting fields,remove_incomplete_rows
,,,,,,,<na>,,97.5,29.7,8.4,,,,,9635,financial data present but missing supporting fields,remove_incomplete_rows
,,,,,,,<na>,,26.0,21.26,4.74,,,,,9639,financial data present but missing supporting fields,remove_incomplete_rows
,,,,,,,<na>,,15.0,8.9,6.1,,,,,9643,financial data present but missing supporting fields,remove_incomplete_rows
,,,,,,,<na>,,491.25,416.71,45.2,,,,,9650,financial data present but missing supporting fields,remove_incomplete_rows
,,,,,,,<na>,,50.0,8.0,42.0,,,,,9654,financial data present but missing supporting fields,remove_incomplete_rows
,,,,,,,<na>,,37.0,16.55,20.45,,,,,9659,financial data present but missing supporting fields,remove_incomplete_rows
,,,,,,,<na>,,97.0,84.48,12.52,,,,,9663,financial data present but missing supporting fields,remove_incomplete_rows
,,,,,,,<na>,,414.75,346.86,67.89,,,,,9669,financial data present but missing supporting fields,remove_incomplete_rows
,,,,,,,<na>,,76.5,63.99,12.51,,,,,9673,financial data present but missing supporting fields,remove_incomplete_rows
,,,,,,,<na>,,157.25,132.47,24.78,,,,,9679,financial data present but missing supporting fields,remove_incomplete_rows
,,,,,,,<na>,,70.5,62.72,7.78,,,,,9683,financial data present but missing supporting fields,remove_incomplete_rows
,,,,,,,<na>,,45.0,29.3,15.7,,,,,9688,financial data present but missing supporting fields,remove_incomplete_rows
,,,,,,,<na>,,30.0,16.56,13.44,,,,,9693,financial data present but missing supporting fields,remove_incomplete_rows
,,,,,,,<na>,,18.0,14.11,3.89,,,,,9697,financial data present but missing supporting fields,remove_incomplete_rows
,,,,,,,<na>,,62.5,22.77,9.35,,,,,9702,financial data present but missing supporting fields,remove_incomplete_rows
,,,,,,,<na>,,199.0,167.29,31.71,,,,,9706,financial data present but missing supporting fields,remove_incomplete_rows
,,,,,,,<na>,,315.0,275.0,40.0,,,,,9710,financial data present but missing supporting fields,remove_incomplete_rows
,,,,,,,<na>,,254.5,207.57,46.93,,,,,9714,financial data present but missing supporting fields,remove_incomplete_rows
,,,,,,,<na>,,33.5,0.0,33.5,,,,,9718,financial data present but missing supporting fields,remove_incomplete_rows
,,,,,,,<na>,,1309.0,39.0,217.0,,,,,9722,financial data present but missing supporting fields,remove_incomplete_rows
,,,,,,,<na>,,18.0,15.21,2.79,,,,,9726,financial data present but missing supporting fields,remove_incomplete_rows
,,,,,,,<na>,,522.12,171.6,107.48,,,,,9738,financial data present but missing supporting fields,remove_incomplete_rows
,,,,,,,<na>,,130.0,53.9,56.25,,,,,9744,financial data present but missing supporting fields,remove_incomplete_rows
,,,,,,,<na>,,115.0,20.35,73.89,,,,,9750,financial data present but missing supporting fields,remove_incomplete_rows
,,,,,,,<na>,,17.0,7.61,1.78,,,,,9754,financial data present but missing supporting fields,remove_incomplete_rows
,,,,,,,<na>,,918.75,56.57,297.35,,,,,9759,financial data present but missing supporting fields,remove_incomplete_rows
,,,,,,,<na>,,50.0,9.0,41.0,,,,,9763,financial data present but missing supporting fields,remove_incomplete_rows
,,,,,,,<na>,,72.0,0.0,72.0,,,,,9767,financial data present but missing supporting fields,remove_incomplete_rows
,,,,,,,<na>,,10.0,8.05,1.95,,,,,9771,financial data present but missing supporting fields,remove_incomplete_rows
,,,,,,,<na>,,723.75,599.8,123.95,,,,,9776,financial data present but missing supporting fields,remove_incomplete_rows
,,,,,,,<na>,,215.0,50.88,109.72,,,,,9781,financial data present but missing supporting fields,remove_incomplete_rows
,,,,,,,<na>,,400.34,203.42,70.15,,,,,9787,financial data present but missing supporting fields,remove_incomplete_rows
,,,,,,,<na>,,59.0,1.38,40.2,,,,,9792,financial data present but missing supporting fields,remove_incomplete_rows
,,,,,,,<na>,,22.0,7.77,6.47,,,,,9797,financial data present but missing supporting fields,remove_incomplete_rows
,,,,,,,<na>,,106.0,5.76,48.4,,,,,9802,financial data present but missing supporting fields,remove_incomplete_rows
,,,,,,,<na>,,443.5,167.69,75.81,,,,,9807,financial data present but missing supporting fields,remove_incomplete_rows
,,,,,,,<na>,,229.5,56.69,82.82,,,,,9812,financial data present but missing supporting fields,remove_incomplete_rows
,,,,,,,<na>,,206.25,10.64,46.65,,,,,9816,financial data present but missing supporting fields,remove_incomplete_rows
,,,,,,,<na>,,547.0,67.15,119.85,,,,,9822,financial data present but missing supporting fields,remove_incomplete_rows
,,,,,,,<na>,,517.0,239.7,25.3,,,,,9828,financial data present but missing supporting fields,remove_incomplete_rows
,,,,,,,<na>,,23.0,18.22,4.78,,,,,9832,financial data present but missing supporting fields,remove_incomplete_rows
,,,,,,,<na>,,21.0,17.34,3.66,,,,,9836,financial data present but missing supporting fields,remove_incomplete_rows
,,,,,,,<na>,,1505.25,912.4,232.85,,,,,9843,financial data present but missing supporting fields,remove_incomplete_rows
,,,,,,,<na>,,288.0,125.15,106.15,,,,,9852,financial data present but missing supporting fields,remove_incomplete_rows
,,,,,,,<na>,,65.0,53.81,11.19,,,,,9856,financial data present but missing supporting fields,remove_incomplete_rows
,,,,,,,<na>,,103.0,19.26,6.87,,,,,9861,financial data present but missing supporting fields,remove_incomplete_rows
,,,,,,,<na>,,215.0,30.66,153.68,,,,,9866,financial data present but missing supporting fields,remove_incomplete_rows
,,,,,,,<na>,,63.0,17.34,10.98,,,,,9877,financial data present but missing supporting fields,remove_incomplete_rows
,,,,,,,<na>,,1509.5,1100.0,169.5,,,,,9882,financial data present but missing supporting fields,remove_incomplete_rows
,,,,,,,<na>,,2578.75,1366.92,734.65,,,,,9892,financial data present but missing supporting fields,remove_incomplete_rows
,,,,,,,<na>,,1018.0,207.57,187.72,,,,,9896,financial data present but missing supporting fields,remove_incomplete_rows
,,,,,,,<na>,,30.0,0.0,30.0,,,,,9900,financial data present but missing supporting fields,remove_incomplete_rows
,,,,,,,<na>,,1036.75,859.8,176.95,,,,,9906,financial data present but missing supporting fields,remove_incomplete_rows
,,,,,,,<na>,,973.5,605.57,127.93,,,,,9911,financial data present but missing supporting fields,remove_incomplete_rows
,,,,,,,<na>,,15.0,8.9,6.1,,,,,9915,financial data present but missing supporting fields,remove_incomplete_rows
,,,,,,,<na>,,25.0,17.9,7.1,,,,,9919,financial data present but missing supporting fields,remove_incomplete_rows
,,,,,,,<na>,,84.25,70.2,14.05,,,,,9923,financial data present but missing supporting fields,remove_incomplete_rows
,,,,,,,<na>,,863.5,79.8,65.5,,,,,9928,financial data present but missing supporting fields,remove_incomplete_rows
,,,,,,,<na>,,825.0,20.14,220.8,,,,,9933,financial data present but missing supporting fields,remove_incomplete_rows
,,,,,,,<na>,,654.0,22.57,-23.1,,,,,9937,financial data present but missing supporting fields,remove_incomplete_rows
,,,,,,,<na>,,444.75,315.0,89.75,,,,,9942,financial data present but missing supporting fields,remove_incomplete_rows
,,,,,,,<na>,,300.0,12.98,40.4,,,,,9946,financial data present but missing supporting fields,remove_incomplete_rows
,,,,,,,<na>,,573.5,151.77,68.97,,,,,9952,financial data present but missing supporting fields,remove_incomplete_rows
,,,,,,,<na>,,42.0,18.87,4.26,,,,,9956,financial data present but missing supporting fields,remove_incomplete_rows
,,,,,,,<na>,,53.0,44.17,8.83,,,,,9960,financial data present but missing supporting fields,remove_incomplete_rows
,,,,,,,<na>,,30.0,23.33,6.67,,,,,9964,financial data present but missing supporting fields,remove_incomplete_rows
,,,,,,,<na>,,306.0,130.09,46.77,,,,,9969,financial data present but missing supporting fields,remove_incomplete_rows
,,,,,,,<na>,,34.0,0.5,24.0,,,,,9973,financial data present but missing supporting fields,remove_incomplete_rows
,,,,,,,<na>,,308.75,47.67,34.65,,,,,9978,financial data present but missing supporting fields,remove_incomplete_rows
,,,,,,,<na>,,17.0,5.82,11.18,,,,,9982,financial data present but missing supporting fields,remove_incomplete_rows
,,,,,,,<na>,,1778.5,715.11,348.28,,,,,9990,financial data present but missing supporting fields,remove_incomplete_rows
,,,,,,,<na>,,64.0,22.23,19.54,,,,,9994,financial data present but missing supporting fields,remove_incomplete_rows
,,,,,,,<na>,,45.0,0.52,34.6,,,,,9998,financial data present but missing supporting fields,remove_incomplete_rows
,,,,,,,<na>,,10.0,9.0,1.0,,,,,10002,financial data present but missing supporting fields,remove_incomplete_rows
,,,,,,,<na>,,398.0,36.21,35.9,,,,,10006,financial data present but missing supporting fields,remove_incomplete_rows
,,,,,,,<na>,,53.0,46.88,6.12,,,,,10010,financial data present but missing supporting fields,remove_incomplete_rows
,,,,,,,<na>,,20.0,13.85,6.15,,,,,10014,financial data present but missing supporting fields,remove_incomplete_rows
,,,,,,,<na>,,12.0,7.75,4.25,,,,,10027,financial data present but missing supporting fields,remove_incomplete_rows
,,,,,,,<na>,,15.0,9.8,5.2,,,,,10031,financial data present but missing supporting fields,remove_incomplete_rows
,,,,,,,<na>,,61.5,45.66,15.84,,,,,10037,financial data present but missing supporting fields,remove_incomplete_rows
,,,,,,,<na>,,10.0,9.0,1.0,,,,,10041,financial data present but missing supporting fields,remove_incomplete_rows
,,,,,,,<na>,,12.0,4.55,7.45,,,,,10045,financial data present but missing supporting fields,remove_incomplete_rows
,,,,,,,<na>,,61.0,25.8,9.4,,,,,10049,financial data present but missing supporting fields,remove_incomplete_rows
,,,,,,,<na>,,193.25,154.5,38.75,,,,,10060,financial data present but missing supporting fields,remove_incomplete_rows
,,,,,,,<na>,,837.25,602.22,235.03,,,,,10066,financial data present but missing supporting fields,remove_incomplete_rows
,,,,,,,<na>,,564.75,278.78,71.33,,,,,10074,financial data present but missing supporting fields,remove_incomplete_rows
,,,,,,,<na>,,21.0,17.34,3.66,,,,,10078,financial data present but missing supporting fields,remove_incomplete_rows
,,,,,,,<na>,,76.88,58.43,18.45,,,,,10083,financial data present but missing supporting fields,remove_incomplete_rows
,,,,,,,<na>,,2.5,0.76,1.74,,,,,10087,financial data present but missing supporting fields,remove_incomplete_rows
,,,,,,,<na>,,10.0,0.94,5.3,,,,,10091,financial data present but missing supporting fields,remove_incomplete_rows
,,,,,,,<na>,,35.0,2.85,6.54,,,,,10095,financial data present but missing supporting fields,remove_incomplete_rows
,,,,,,,<na>,,43.0,33.0,10.0,,,,,10099,financial data present but missing supporting fields,remove_incomplete_rows
,,,,,,,<na>,,25.0,12.13,9.94,,,,,10104,financial data present but missing supporting fields,remove_incomplete_rows
,,,,,,,<na>,,206.5,65.24,22.61,,,,,10109,financial data present but missing supporting fields,remove_incomplete_rows
,,,,,,,<na>,,30.5,24.37,6.13,,,,,10113,financial data present but missing supporting fields,remove_incomplete_rows
,,,,,,,<na>,,133.0,57.24,18.53,,,,,10117,financial data present but missing supporting fields,remove_incomplete_rows
,,,,,,,<na>,,285.0,28.6,-1.0,,,,,10121,financial data present but missing supporting fields,remove_incomplete_rows
,,,,,,,<na>,,76.5,63.99,12.51,,,,,10125,financial data present but missing supporting fields,remove_incomplete_rows
,,,,,,,<na>,,71.0,35.43,7.76,,,,,10130,financial data present but missing supporting fields,remove_incomplete_rows
,,,,,,,<na>,,20.0,7.83,4.34,,,,,10134,financial data present but missing supporting fields,remove_incomplete_rows
,,,,,,,<na>,,24.0,19.61,4.39,,,,,10138,financial data present but missing supporting fields,remove_incomplete_rows
,,,,,,,<na>,,150.0,12.98,20.2,,,,,10142,financial data present but missing supporting fields,remove_incomplete_rows
,,,,,,,<na>,,15.0,9.2,5.8,,,,,10146,financial data present but missing supporting fields,remove_incomplete_rows
,,,,,,,<na>,,275.75,98.2,47.22,,,,,10155,financial data present but missing supporting fields,remove_incomplete_rows
,,,,,,,<na>,,423.75,284.43,101.6,,,,,10161,financial data present but missing supporting fields,remove_incomplete_rows
,,,,,,,<na>,,290.5,20.61,33.16,,,,,10166,financial data present but missing supporting fields,remove_incomplete_rows
,,,,,,,<na>,,282.0,20.32,-22.8,,,,,10170,financial data present but missing supporting fields,remove_incomplete_rows
,,,,,,,<na>,,376.75,313.86,62.89,,,,,10174,financial data present but missing supporting fields,remove_incomplete_rows
,,,,,,,<na>,,247.2,131.0,-14.8,,,,,10179,financial data present but missing supporting fields,remove_incomplete_rows
,,,,,,,<na>,,1689.6,89.25,224.24,,,,,10186,financial data present but missing supporting fields,remove_incomplete_rows
,,,,,,,<na>,,612.0,53.0,135.0,,,,,10190,financial data present but missing supporting fields,remove_incomplete_rows
,,,,,,,<na>,,293.25,244.36,48.89,,,,,10194,financial data present but missing supporting fields,remove_incomplete_rows
,,,,,,,<na>,,11.75,10.78,0.97,,,,,10198,financial data present but missing supporting fields,remove_incomplete_rows
,,,,,,,<na>,,70.0,62.64,7.36,,,,,10203,financial data present but missing supporting fields,remove_incomplete_rows
,,,,,,,<na>,,265.0,46.88,30.6,,,,,10207,financial data present but missing supporting fields,remove_incomplete_rows
,,,,,,,<na>,,172.5,16.24,10.1,,,,,10211,financial data present but missing supporting fields,remove_incomplete_rows
,,,,,,,<na>,,255.0,0.0,255.0,,,,,10215,financial data present but missing supporting fields,remove_incomplete_rows
,,,,,,,<na>,,871.0,324.8,546.2,,,,,10221,financial data present but missing supporting fields,remove_incomplete_rows
,,,,,,,<na>,,10.0,4.23,5.77,,,,,10225,financial data present but missing supporting fields,remove_incomplete_rows
,,,,,,,<na>,,12.0,10.33,1.67,,,,,10229,financial data present but missing supporting fields,remove_incomplete_rows
,,,,,,,<na>,,377.04,32.4,53.04,,,,,10234,financial data present but missing supporting fields,remove_incomplete_rows
,,,,,,,<na>,,385.0,155.56,73.88,,,,,10238,financial data present but missing supporting fields,remove_incomplete_rows
,,,,,,,<na>,,382.8,347.98,34.82,,,,,10242,financial data present but missing supporting fields,remove_incomplete_rows
,,,,,,,<na>,,192.5,155.56,36.94,,,,,10246,financial data present but missing supporting fields,remove_incomplete_rows
,,,,,,,<na>,,1202.0,78.57,255.44,,,,,10251,financial data present but missing supporting fields,remove_incomplete_rows
,,,,,,,<na>,,1077.25,639.8,197.45,,,,,10257,financial data present but missing supporting fields,remove_incomplete_rows
,,,,,,,<na>,,10.0,5.27,4.73,,,,,10261,financial data present but missing supporting fields,remove_incomplete_rows
,,,,,,,<na>,,85.0,4.05,4.08,,,,,10265,financial data present but missing supporting fields,remove_incomplete_rows
,,,,,,,<na>,,2326.0,1130.25,246.3,,,,,10270,financial data present but missing supporting fields,remove_incomplete_rows
,,,,,,,<na>,,1187.5,298.93,302.48,,,,,10276,financial data present but missing supporting fields,remove_incomplete_rows
,,,,,,,<na>,,152.5,24.37,30.65,,,,,10280,financial data present but missing supporting fields,remove_incomplete_rows
,,,,,,,<na>,,645.79,75.85,129.42,,,,,10287,financial data present but missing supporting fields,remove_incomplete_rows
,,,,,,,<na>,,31.8,25.26,6.54,,,,,10292,financial data present but missing supporting fields,remove_incomplete_rows
,,,,,,,<na>,,1220.8,746.21,474.59,,,,,10297,financial data present but missing supporting fields,remove_incomplete_rows
,,,,,,,<na>,,100.0,8.0,20.0,,,,,10301,financial data present but missing supporting fields,remove_incomplete_rows
,,,,,,,<na>,,1282.5,980.0,302.5,,,,,10305,financial data present but missing supporting fields,remove_incomplete_rows
,,,,,,,<na>,,138.0,3.2,106.0,,,,,10311,financial data present but missing supporting fields,remove_incomplete_rows
,,,,,,,<na>,,101.75,82.59,19.16,,,,,10315,financial data present but missing supporting fields,remove_incomplete_rows
,,,,,,,<na>,,15.0,9.2,5.8,,,,,10319,financial data present but missing supporting fields,remove_incomplete_rows
,,,,,,,<na>,,18.0,15.21,2.79,,,,,10323,financial data present but missing supporting fields,remove_incomplete_rows
,,,,,,,<na>,,159.0,22.31,26.86,,,,,10328,financial data present but missing supporting fields,remove_incomplete_rows
,,,,,,,<na>,,144.0,16.02,15.84,,,,,10332,financial data present but missing supporting fields,remove_incomplete_rows
,,,,,,,<na>,,1048.75,287.81,227.04,,,,,10339,financial data present but missing supporting fields,remove_incomplete_rows
,,,,,,,<na>,,8704.0,6800.0,1904.0,,,,,10343,financial data present but missing supporting fields,remove_incomplete_rows
,,,,,,,<na>,,10.0,0.94,5.3,,,,,10347,financial data present but missing supporting fields,remove_incomplete_rows
,,,,,,,<na>,,85.0,22.23,40.54,,,,,10352,financial data present but missing supporting fields,remove_incomplete_rows
,,,,,,,<na>,,36.25,32.13,4.12,,,,,10356,financial data present but missing supporting fields,remove_incomplete_rows
,,,,,,,<na>,,25.5,6.8,5.1,,,,,10360,financial data present but missing supporting fields,remove_incomplete_rows
,,,,,,,<na>,,29.5,26.75,2.75,,,,,10364,financial data present but missing supporting fields,remove_incomplete_rows
,,,,,,,<na>,,250.0,18.75,62.5,,,,,10368,financial data present but missing supporting fields,remove_incomplete_rows
,,,,,,,<na>,,55.0,1.85,36.5,,,,,10372,financial data present but missing supporting fields,remove_incomplete_rows
,,,,,,,<na>,,116.75,97.09,19.66,,,,,10376,financial data present but missing supporting fields,remove_incomplete_rows
,,,,,,,<na>,,30.0,23.33,6.67,,,,,10380,financial data present but missing supporting fields,remove_incomplete_rows
,,,,,,,<na>,,308.0,254.2,53.8,,,,,10385,financial data present but missing supporting fields,remove_incomplete_rows
,,,,,,,<na>,,97.0,0.0,97.0,,,,,10389,financial data present but missing supporting fields,remove_incomplete_rows
,,,,,,,<na>,,666.25,341.01,100.08,,,,,10395,financial data present but missing supporting fields,remove_incomplete_rows
,,,,,,,<na>,,130.5,115.07,15.43,,,,,10399,financial data present but missing supporting fields,remove_incomplete_rows
,,,,,,,<na>,,404.0,40.0,84.0,,,,,10403,financial data present but missing supporting fields,remove_incomplete_rows
,,,,,,,<na>,,79.0,34.86,9.28,,,,,10407,financial data present but missing supporting fields,remove_incomplete_rows
,,,,,,,<na>,,18.5,15.16,3.34,,,,,10411,financial data present but missing supporting fields,remove_incomplete_rows
,,,,,,,<na>,,81.34,56.56,12.85,,,,,10416,financial data present but missing supporting fields,remove_incomplete_rows
,,,,,,,<na>,,8.0,4.67,3.33,,,,,10420,financial data present but missing supporting fields,remove_incomplete_rows
,,,,,,,<na>,,384.0,17.34,-49.5,,,,,10424,financial data present but missing supporting fields,remove_incomplete_rows
,,,,,,,<na>,,522.95,198.4,147.58,,,,,10436,financial data present but missing supporting fields,remove_incomplete_rows
,,,,,,,<na>,,84.0,32.4,19.2,,,,,10440,financial data present but missing supporting fields,remove_incomplete_rows
,,,,,,,<na>,,504.0,24.33,163.45,,,,,10447,financial data present but missing supporting fields,remove_incomplete_rows
,,,,,,,<na>,,117.5,96.96,20.54,,,,,10453,financial data present but missing supporting fields,remove_incomplete_rows
,,,,,,,<na>,,77.25,51.65,25.6,,,,,10460,financial data present but missing supporting fields,remove_incomplete_rows
,,,,,,,<na>,,12.0,10.33,1.67,,,,,10464,financial data present but missing supporting fields,remove_incomplete_rows
,,,,,,,<na>,,98.8,0.98,79.2,,,,,10469,financial data present but missing supporting fields,remove_incomplete_rows
,,,,,,,<na>,,18.0,15.21,2.79,,,,,10473,financial data present but missing supporting fields,remove_incomplete_rows
,,,,,,,<na>,,200.0,50.0,100.0,,,,,10477,financial data present but missing supporting fields,remove_incomplete_rows
,,,,,,,<na>,,19.0,7.31,4.38,,,,,10481,financial data present but missing supporting fields,remove_incomplete_rows
,,,,,,,<na>,,35.0,31.65,3.35,,,,,10486,financial data present but missing supporting fields,remove_incomplete_rows
,,,,,,,<na>,,29.0,25.17,3.83,,,,,10490,financial data present but missing supporting fields,remove_incomplete_rows
,,,,,,,<na>,,25.0,0.76,17.4,,,,,10494,financial data present but missing supporting fields,remove_incomplete_rows
,,,,,,,<na>,,25.5,7.14,4.08,,,,,10498,financial data present but missing supporting fields,remove_incomplete_rows
,,,,,,,<na>,,122.0,73.38,30.92,,,,,10504,financial data present but missing supporting fields,remove_incomplete_rows
,,,,,,,<na>,,175.5,34.25,25.71,,,,,10509,financial data present but missing supporting fields,remove_incomplete_rows
,,,,,,,<na>,,18.5,15.16,3.34,,,,,10513,financial data present but missing supporting fields,remove_incomplete_rows
,,,,,,,<na>,,76.0,61.28,14.72,,,,,10517,financial data present but missing supporting fields,remove_incomplete_rows
,,,,,,,<na>,,70.5,57.13,13.37,,,,,10521,financial data present but missing supporting fields,remove_incomplete_rows
,,,,,,,<na>,,34.0,15.34,18.66,,,,,10527,financial data present but missing supporting fields,remove_incomplete_rows
,,,,,,,<na>,,90.5,60.74,29.76,,,,,10533,financial data present but missing supporting fields,remove_incomplete_rows
,,,,,,,<na>,,109.25,90.56,18.69,,,,,10537,financial data present but missing supporting fields,remove_incomplete_rows
,,,,,,,<na>,,42.5,40.02,2.48,,,,,10541,financial data present but missing supporting fields,remove_incomplete_rows
,,,,,,,<na>,,42.75,11.74,7.53,,,,,10545,financial data present but missing supporting fields,remove_incomplete_rows
,,,,,,,<na>,,187.2,21.29,16.88,,,,,10550,financial data present but missing supporting fields,remove_incomplete_rows
,,,,,,,<na>,,17.0,7.15,2.7,,,,,10554,financial data present but missing supporting fields,remove_incomplete_rows
,,,,,,,<na>,,10.0,9.0,1.0,,,,,10558,financial data present but missing supporting fields,remove_incomplete_rows
,,,,,,,<na>,,17.0,0.5,12.0,,,,,10562,financial data present but missing supporting fields,remove_incomplete_rows
,,,,,,,<na>,,238.5,101.64,125.61,,,,,10568,financial data present but missing supporting fields,remove_incomplete_rows
,,,,,,,<na>,,256.75,154.04,102.71,,,,,10573,financial data present but missing supporting fields,remove_incomplete_rows
,,,,,,,<na>,,109.25,88.17,21.08,,,,,10577,financial data present but missing supporting fields,remove_incomplete_rows
,,,,,,,<na>,,512.5,269.09,69.08,,,,,10582,financial data present but missing supporting fields,remove_incomplete_rows
,,,,,,,<na>,,403.0,229.73,85.64,,,,,10593,financial data present but missing supporting fields,remove_incomplete_rows
,,,,,,,<na>,,8.0,0.94,4.24,,,,,10597,financial data present but missing supporting fields,remove_incomplete_rows
,,,,,,,<na>,,180.0,6.19,-5.7,,,,,10601,financial data present but missing supporting fields,remove_incomplete_rows
,,,,,,,<na>,,153.75,7.53,78.5,,,,,10606,financial data present but missing supporting fields,remove_incomplete_rows
,,,,,,,<na>,,42.5,1.85,24.0,,,,,10610,financial data present but missing supporting fields,remove_incomplete_rows
,,,,,,,<na>,,60.0,23.33,13.34,,,,,10614,financial data present but missing supporting fields,remove_incomplete_rows
,,,,,,,<na>,,52.0,29.7,-7.4,,,,,10618,financial data present but missing supporting fields,remove_incomplete_rows
,,,,,,,<na>,,35.0,26.5,8.5,,,,,10622,financial data present but missing supporting fields,remove_incomplete_rows
,,,,,,,<na>,,2200.0,400.0,200.0,,,,,10626,financial data present but missing supporting fields,remove_incomplete_rows
,,,,,,,<na>,,1553.5,97.88,146.1,,,,,10632,financial data present but missing supporting fields,remove_incomplete_rows
,,,,,,,<na>,,31.25,29.34,1.91,,,,,10636,financial data present but missing supporting fields,remove_incomplete_rows
,,,,,,,<na>,,485.0,18.55,114.0,,,,,10640,financial data present but missing supporting fields,remove_incomplete_rows
,,,,,,,<na>,,18.5,15.16,3.34,,,,,10644,financial data present but missing supporting fields,remove_incomplete_rows
,,,,,,,<na>,,34.7,28.92,5.78,,,,,10648,financial data present but missing supporting fields,remove_incomplete_rows
,,,,,,,<na>,,59.0,26.75,5.5,,,,,10652,financial data present but missing supporting fields,remove_incomplete_rows
,,,,,,,<na>,,15.0,9.2,5.8,,,,,10656,financial data present but missing supporting fields,remove_incomplete_rows
,,,,,,,<na>,,53.0,41.71,11.29,,,,,10661,financial data present but missing supporting fields,remove_incomplete_rows
,,,,,,,<na>,,68.0,9.09,31.64,,,,,10665,financial data present but missing supporting fields,remove_incomplete_rows
,,,,,,,<na>,,17.5,2.85,3.27,,,,,10669,financial data present but missing supporting fields,remove_incomplete_rows
,,,,,,,<na>,,27.72,25.14,2.58,,,,,10675,financial data present but missing supporting fields,remove_incomplete_rows
,,,,,,,<na>,,18.5,15.16,3.34,,,,,10679,financial data present but missing supporting fields,remove_incomplete_rows
,,,,,,,<na>,,10.0,8.05,1.95,,,,,10683,financial data present but missing supporting fields,remove_incomplete_rows
,,,,,,,<na>,,277.5,6.99,172.65,,,,,10687,financial data present but missing supporting fields,remove_incomplete_rows
,,,,,,,<na>,,128.82,31.69,-2.05,,,,,10692,financial data present but missing supporting fields,remove_incomplete_rows
,,,,,,,<na>,,1966.5,60.0,166.5,,,,,10696,financial data present but missing supporting fields,remove_incomplete_rows
,,,,,,,<na>,,36.0,15.21,5.58,,,,,10700,financial data present but missing supporting fields,remove_incomplete_rows
,,,,,,,<na>,,1228.0,813.14,174.86,,,,,10706,financial data present but missing supporting fields,remove_incomplete_rows
,,,,,,,<na>,,62.75,54.78,7.97,,,,,10710,financial data present but missing supporting fields,remove_incomplete_rows
,,,,,,,<na>,,34.5,30.5,4.0,,,,,10714,financial data present but missing supporting fields,remove_incomplete_rows
,,,,,,,<na>,,14.0,3.28,7.44,,,,,10718,financial data present but missing supporting fields,remove_incomplete_rows
,,,,,,,<na>,,66.5,27.12,12.26,,,,,10722,financial data present but missing supporting fields,remove_incomplete_rows
,,,,,,,<na>,,11.75,10.78,0.97,,,,,10726,financial data present but missing supporting fields,remove_incomplete_rows
,,,,,,,<na>,,1095.25,655.01,200.24,,,,,10733,financial data present but missing supporting fields,remove_incomplete_rows
,,,,,,,<na>,,30.0,22.0,8.0,,,,,10737,financial data present but missing supporting fields,remove_incomplete_rows
,,,,,,,<na>,,138.75,81.42,57.33,,,,,10744,financial data present but missing supporting fields,remove_incomplete_rows
,,,,,,,<na>,,18.5,15.16,3.34,,,,,10748,financial data present but missing supporting fields,remove_incomplete_rows
,,,,,,,<na>,,714.6,9.03,533.99,,,,,10753,financial data present but missing supporting fields,remove_incomplete_rows
,,,,,,,<na>,,79.0,34.86,9.28,,,,,10757,financial data present but missing supporting fields,remove_incomplete_rows
,,,,,,,<na>,,39.5,34.86,4.64,,,,,10761,financial data present but missing supporting fields,remove_incomplete_rows
,,,,,,,<na>,,343.75,275.0,68.75,,,,,10765,financial data present but missing supporting fields,remove_incomplete_rows
,,,,,,,<na>,,98.0,75.83,22.17,,,,,10770,financial data present but missing supporting fields,remove_incomplete_rows
,,,,,,,<na>,,46.0,41.51,4.49,,,,,10774,financial data present but missing supporting fields,remove_incomplete_rows
,,,,,,,<na>,,380.0,324.8,55.2,,,,,10778,financial data present but missing supporting fields,remove_incomplete_rows
,,,,,,,<na>,,158.5,103.18,25.68,,,,,10783,financial data present but missing supporting fields,remove_incomplete_rows
,,,,,,,<na>,,263.75,219.31,44.44,,,,,10790,financial data present but missing supporting fields,remove_incomplete_rows
,,,,,,,<na>,,72.75,0.0,72.75,,,,,10794,financial data present but missing supporting fields,remove_incomplete_rows
,,,,,,,<na>,,62.0,46.93,15.07,,,,,10800,financial data present but missing supporting fields,remove_incomplete_rows
,,,,,,,<na>,,13.0,0.98,11.04,,,,,10804,financial data present but missing supporting fields,remove_incomplete_rows
,,,,,,,<na>,,52.0,0.98,44.16,,,,,10808,financial data present but missing supporting fields,remove_incomplete_rows
,,,,,,,<na>,,178.0,33.74,95.86,,,,,10813,financial data present but missing supporting fields,remove_incomplete_rows
,,,,,,,<na>,,790.0,302.32,127.68,,,,,10818,financial data present but missing supporting fields,remove_incomplete_rows
,,,,,,,<na>,,18.0,15.21,2.79,,,,,10822,financial data present but missing supporting fields,remove_incomplete_rows
,,,,,,,<na>,,25.0,16.0,9.0,,,,,10826,financial data present but missing supporting fields,remove_incomplete_rows
,,,,,,,<na>,,12.0,10.33,1.67,,,,,10830,financial data present but missing supporting fields,remove_incomplete_rows
,,,,,,,<na>,,10.0,0.88,6.48,,,,,10834,financial data present but missing supporting fields,remove_incomplete_rows
,,,,,,,<na>,,18.0,15.21,2.79,,,,,10838,financial data present but missing supporting fields,remove_incomplete_rows
,,,,,,,<na>,,707.0,133.47,127.59,,,,,10843,financial data present but missing supporting fields,remove_incomplete_rows
,,,,,,,<na>,,54.0,15.21,8.37,,,,,10847,financial data present but missing supporting fields,remove_incomplete_rows
,,,,,,,<na>,,1511.5,1307.57,163.93,,,,,10853,financial data present but missing supporting fields,remove_incomplete_rows
,,,,,,,<na>,,457.5,381.1,76.4,,,,,10857,financial data present but missing supporting fields,remove_incomplete_rows
,,,,,,,<na>,,131.25,109.33,21.92,,,,,10861,financial data present but missing supporting fields,remove_incomplete_rows
,,,,,,,<na>,,20.0,15.69,4.31,,,,,10865,financial data present but missing supporting fields,remove_incomplete_rows
,,,,,,,<na>,,25.0,19.36,5.64,,,,,10869,financial data present but missing supporting fields,remove_incomplete_rows
,,,,,,,<na>,,43.0,18.25,24.75,,,,,10875,financial data present but missing supporting fields,remove_incomplete_rows
,,,,,,,<na>,,152.0,66.64,85.36,,,,,10879,financial data present but missing supporting fields,remove_incomplete_rows
,,,,,,,<na>,,38.0,7.31,8.76,,,,,10883,financial data present but missing supporting fields,remove_incomplete_rows
,,,,,,,<na>,,76.75,61.99,7.61,,,,,10888,financial data present but missing supporting fields,remove_incomplete_rows
,,,,,,,<na>,,97.0,14.4,68.2,,,,,10892,financial data present but missing supporting fields,remove_incomplete_rows
,,,,,,,<na>,,9.5,8.6,0.9,,,,,10896,financial data present but missing supporting fields,remove_incomplete_rows
,,,,,,,<na>,,320.0,7.29,283.55,,,,,10901,financial data present but missing supporting fields,remove_incomplete_rows
,,,,,,,<na>,,64.25,53.86,10.39,,,,,10905,financial data present but missing supporting fields,remove_incomplete_rows
,,,,,,,<na>,,331.0,36.55,38.49,,,,,10910,financial data present but missing supporting fields,remove_incomplete_rows
,,,,,,,<na>,,50.0,1.1,39.0,,,,,10914,financial data present but missing supporting fields,remove_incomplete_rows
,,,,,,,<na>,,29.75,26.67,3.08,,,,,10918,financial data present but missing supporting fields,remove_incomplete_rows
,,,,,,,<na>,,76.0,34.53,6.94,,,,,10922,financial data present but missing supporting fields,remove_incomplete_rows
,,,,,,,<na>,,693.0,584.8,108.2,,,,,10927,financial data present but missing supporting fields,remove_incomplete_rows
,,,,,,,<na>,,44.0,16.75,10.5,,,,,10931,financial data present but missing supporting fields,remove_incomplete_rows
,,,,,,,<na>,,561.0,19.0,-9.0,,,,,10936,financial data present but missing supporting fields,remove_incomplete_rows
,,,,,,,<na>,,236.0,182.45,38.39,,,,,10941,financial data present but missing supporting fields,remove_incomplete_rows
,,,,,,,<na>,,516.75,445.23,71.52,,,,,10946,financial data present but missing supporting fields,remove_incomplete_rows
,,,,,,,<na>,,863.0,55.85,223.75,,,,,10952,financial data present but missing supporting fields,remove_incomplete_rows
,,,,,,,<na>,,315.6,30.71,33.9,,,,,10958,financial data present but missing supporting fields,remove_incomplete_rows
,,,,,,,<na>,,880.75,455.99,166.66,,,,,10964,financial data present but missing supporting fields,remove_incomplete_rows
,,,,,,,<na>,,757.5,40.0,157.5,,,,,10968,financial data present but missing supporting fields,remove_incomplete_rows
,,,,,,,<na>,,32.5,6.6,12.7,,,,,10973,financial data present but missing supporting fields,remove_incomplete_rows
,,,,,,,<na>,,2550.0,69.3,471.0,,,,,10979,financial data present but missing supporting fields,remove_incomplete_rows
,,,,,,,<na>,,1383.0,643.48,615.7,,,,,10985,financial data present but missing supporting fields,remove_incomplete_rows
,,,,,,,<na>,,76.5,6.85,14.85,,,,,10989,financial data present but missing supporting fields,remove_incomplete_rows
,,,,,,,<na>,,620.0,565.57,54.43,,,,,10993,financial data present but missing supporting fields,remove_incomplete_rows
,,,,,,,<na>,,905.25,171.0,193.97,,,,,11000,financial data present but missing supporting fields,remove_incomplete_rows
,,,,,,,<na>,,475.0,182.58,75.46,,,,,11007,financial data present but missing supporting fields,remove_incomplete_rows
,,,,,,,<na>,,280.0,7.33,206.7,,,,,11011,financial data present but missing supporting fields,remove_incomplete_rows
,,,,,,,<na>,,341.5,271.67,58.83,,,,,11020,financial data present but missing supporting fields,remove_incomplete_rows
,,,,,,,<na>,,70.0,14.6,20.6,,,,,11026,financial data present but missing supporting fields,remove_incomplete_rows
,,,,,,,<na>,,222.8,22.93,68.03,,,,,11031,financial data present but missing supporting fields,remove_incomplete_rows
,,,,,,,<na>,,65.9,29.9,27.18,,,,,11036,financial data present but missing supporting fields,remove_incomplete_rows
,,,,,,,<na>,,83.0,73.54,9.46,,,,,11040,financial data present but missing supporting fields,remove_incomplete_rows
,,,,,,,<na>,,14.0,13.7,0.3,,,,,11044,financial data present but missing supporting fields,remove_incomplete_rows
,,,,,,,<na>,,1746.8,158.93,167.07,,,,,11051,financial data present but missing supporting fields,remove_incomplete_rows
,,,,,,,<na>,,12.0,4.0,8.0,,,,,11055,financial data present but missing supporting fields,remove_incomplete_rows
,,,,,,,<na>,,146.5,45.2,22.78,,,,,11060,financial data present but missing supporting fields,remove_incomplete_rows
,,,,,,,<na>,,190.5,161.45,29.05,,,,,11065,financial data present but missing supporting fields,remove_incomplete_rows
,,,,,,,<na>,,63.2,34.86,-6.52,,,,,11069,financial data present but missing supporting fields,remove_incomplete_rows
,,,,,,,<na>,,180.75,129.93,50.82,,,,,11076,financial data present but missing supporting fields,remove_incomplete_rows
,,,,,,,<na>,,120.0,92.85,27.15,,,,,11082,financial data present but missing supporting fields,remove_incomplete_rows
,,,,,,,<na>,,1545.0,42.85,259.5,,,,,11086,financial data present but missing supporting fields,remove_incomplete_rows
,,,,,,,<na>,,15.0,9.2,5.8,,,,,11090,financial data present but missing supporting fields,remove_incomplete_rows
,,,,,,,<na>,,96.75,55.35,14.07,,,,,11096,financial data present but missing supporting fields,remove_incomplete_rows
,,,,,,,<na>,,93.5,76.97,16.53,,,,,11100,financial data present but missing supporting fields,remove_incomplete_rows
,,,,,,,<na>,,154.25,137.01,17.24,,,,,11104,financial data present but missing supporting fields,remove_incomplete_rows
,,,,,,,<na>,,10.0,9.0,1.0,,,,,11108,financial data present but missing supporting fields,remove_incomplete_rows
,,,,,,,<na>,,102.4,58.11,-13.82,,,,,11112,financial data present but missing supporting fields,remove_incomplete_rows
,,,,,,,<na>,,1014.0,259.09,236.73,,,,,11116,financial data present but missing supporting fields,remove_incomplete_rows
,,,,,,,<na>,,20.0,20.96,-0.96,,,,,11120,financial data present but missing supporting fields,remove_incomplete_rows
,,,,,,,<na>,,62.5,25.57,11.36,,,,,11124,financial data present but missing supporting fields,remove_incomplete_rows
,,,,,,,<na>,,34.7,28.92,5.78,,,,,11128,financial data present but missing supporting fields,remove_incomplete_rows
,,,,,,,<na>,,17.0,4.05,0.82,,,,,11132,financial data present but missing supporting fields,remove_incomplete_rows
,,,,,,,<na>,,15.0,9.2,5.8,,,,,11136,financial data present but missing supporting fields,remove_incomplete_rows
,,,,,,,<na>,,17.5,0.0,17.5,,,,,11140,financial data present but missing supporting fields,remove_incomplete_rows
,,,,,,,<na>,,30.0,22.0,8.0,,,,,11144,financial data present but missing supporting fields,remove_incomplete_rows
,,,,,,,<na>,,8.5,7.15,1.35,,,,,11148,financial data present but missing supporting fields,remove_incomplete_rows
,,,,,,,<na>,,12.0,8.07,3.93,,,,,11152,financial data present but missing supporting fields,remove_incomplete_rows
,,,,,,,<na>,,464.7,145.57,142.16,,,,,11163,financial data present but missing supporting fields,remove_incomplete_rows
,,,,,,,<na>,,31.5,15.21,16.29,,,,,11168,financial data present but missing supporting fields,remove_incomplete_rows
,,,,,,,<na>,,15.0,9.2,5.8,,,,,11172,financial data present but missing supporting fields,remove_incomplete_rows
,,,,,,,<na>,,9.98,0.65,7.38,,,,,11176,financial data present but missing supporting fields,remove_incomplete_rows
,,,,,,,<na>,,30.0,1.3,10.5,,,,,11180,financial data present but missing supporting fields,remove_incomplete_rows
,,,,,,,<na>,,36.0,15.21,5.58,,,,,11184,financial data present but missing supporting fields,remove_incomplete_rows
,,,,,,,<na>,,47.5,39.33,8.17,,,,,11188,financial data present but missing supporting fields,remove_incomplete_rows
,,,,,,,<na>,,54.0,44.4,9.6,,,,,11192,financial data present but missing supporting fields,remove_incomplete_rows
,,,,,,,<na>,,162.5,35.71,126.79,,,,,11196,financial data present but missing supporting fields,remove_incomplete_rows
,,,,,,,<na>,,945.0,339.09,152.5,,,,,11201,financial data present but missing supporting fields,remove_incomplete_rows
,,,,,,,<na>,,513.0,36.59,118.39,,,,,11206,financial data present but missing supporting fields,remove_incomplete_rows
,,,,,,,<na>,,285.0,243.68,41.32,,,,,11211,financial data present but missing supporting fields,remove_incomplete_rows
,,,,,,,<na>,,256.5,210.98,45.52,,,,,11215,financial data present but missing supporting fields,remove_incomplete_rows
,,,,,,,<na>,,26.5,18.69,7.81,,,,,11219,financial data present but missing supporting fields,remove_incomplete_rows
,,,,,,,<na>,,83.5,37.86,7.78,,,,,11223,financial data present but missing supporting fields,remove_incomplete_rows
,,,,,,,<na>,,637.0,302.34,214.66,,,,,11229,financial data present but missing supporting fields,remove_incomplete_rows
,,,,,,,<na>,,22.5,17.81,4.69,,,,,11233,financial data present but missing supporting fields,remove_incomplete_rows
,,,,,,,<na>,,704.25,635.77,68.48,,,,,11238,financial data present but missing supporting fields,remove_incomplete_rows
,,,,,,,<na>,,341.0,150.14,40.72,,,,,11242,financial data present but missing supporting fields,remove_incomplete_rows
,,,,,,,<na>,,1149.75,365.93,223.82,,,,,11250,financial data present but missing supporting fields,remove_incomplete_rows
,,,,,,,<na>,,252.5,40.0,52.5,,,,,11254,financial data present but missing supporting fields,remove_incomplete_rows
,,,,,,,<na>,,15.0,9.2,5.8,,,,,11258,financial data present but missing supporting fields,remove_incomplete_rows
,,,,,,,<na>,,30.0,22.0,8.0,,,,,11262,financial data present but missing supporting fields,remove_incomplete_rows
,,,,,,,<na>,,33.0,23.85,9.15,,,,,11266,financial data present but missing supporting fields,remove_incomplete_rows
,,,,,,,<na>,,858.75,698.25,160.5,,,,,11273,financial data present but missing supporting fields,remove_incomplete_rows
,,,,,,,<na>,,159.0,46.88,18.36,,,,,11277,financial data present but missing supporting fields,remove_incomplete_rows
,,,,,,,<na>,,398.0,36.21,35.9,,,,,11281,financial data present but missing supporting fields,remove_incomplete_rows
,,,,,,,<na>,,550.0,377.14,172.86,,,,,11285,financial data present but missing supporting fields,remove_incomplete_rows
,,,,,,,<na>,,2537.75,1370.27,679.37,,,,,11293,financial data present but missing supporting fields,remove_incomplete_rows
,,,,,,,<na>,,10.0,8.4,1.6,,,,,11297,financial data present but missing supporting fields,remove_incomplete_rows
,,,,,,,<na>,,10.0,8.4,1.6,,,,,11301,financial data present but missing supporting fields,remove_incomplete_rows
,,,,,,,<na>,,20.0,2.93,8.28,,,,,11305,financial data present but missing supporting fields,remove_incomplete_rows
,,,,,,,<na>,,168.4,69.8,33.17,,,,,11310,financial data present but missing supporting fields,remove_incomplete_rows
,,,,,,,<na>,,1249.0,407.93,200.67,,,,,11317,financial data present but missing supporting fields,remove_incomplete_rows
,,,,,,,<na>,,25.0,19.58,5.42,,,,,11322,financial data present but missing supporting fields,remove_incomplete_rows
,,,,,,,<na>,,416.25,36.89,379.36,,,,,11330,financial data present but missing supporting fields,remove_incomplete_rows
,,,,,,,<na>,,372.0,292.61,79.39,,,,,11334,financial data present but missing supporting fields,remove_incomplete_rows
,,,,,,,<na>,,403.75,275.0,128.75,,,,,11339,financial data present but missing supporting fields,remove_incomplete_rows
,,,,,,,<na>,,81.0,21.43,16.71,,,,,11343,financial data present but missing supporting fields,remove_incomplete_rows
,,,,,,,<na>,,162.5,35.71,126.79,,,,,11347,financial data present but missing supporting fields,remove_incomplete_rows
,,,,,,,<na>,,24.96,0.98,15.16,,,,,11351,financial data present but missing supporting fields,remove_incomplete_rows
,,,,,,,<na>,,613.0,486.25,126.75,,,,,11356,financial data present but missing supporting fields,remove_incomplete_rows
,,,,,,,<na>,,20.0,4.23,11.54,,,,,11360,financial data present but missing supporting fields,remove_incomplete_rows
,,,,,,,<na>,,505.0,40.0,105.0,,,,,11364,financial data present but missing supporting fields,remove_incomplete_rows
,,,,,,,<na>,,91.3,73.78,17.52,,,,,11368,financial data present but missing supporting fields,remove_incomplete_rows
,,,,,,,<na>,,110.0,91.8,18.2,,,,,11372,financial data present but missing supporting fields,remove_incomplete_rows
,,,,,,,<na>,,560.0,185.0,375.0,,,,,11376,financial data present but missing supporting fields,remove_incomplete_rows
,,,,,,,<na>,,18.0,15.21,2.79,,,,,11380,financial data present but missing supporting fields,remove_incomplete_rows
,,,,,,,<na>,,900.0,430.0,470.0,,,,,11384,financial data present but missing supporting fields,remove_incomplete_rows
,,,,,,,<na>,,13.25,12.1,1.15,,,,,11388,financial data present but missing supporting fields,remove_incomplete_rows
,,,,,,,<na>,,49.05,31.0,18.05,,,,,11392,financial data present but missing supporting fields,remove_incomplete_rows
,,,,,,,<na>,,120.0,55.64,23.66,,,,,11397,financial data present but missing supporting fields,remove_incomplete_rows
,,,,,,,<na>,,322.5,165.73,65.19,,,,,11402,financial data present but missing supporting fields,remove_incomplete_rows
,,,,,,,<na>,,192.5,155.56,36.94,,,,,11406,financial data present but missing supporting fields,remove_incomplete_rows
,,,,,,,<na>,,1049.5,295.25,194.25,,,,,11411,financial data present but missing supporting fields,remove_incomplete_rows
,,,,,,,<na>,,40.0,0.0,40.0,,,,,11415,financial data present but missing supporting fields,remove_incomplete_rows
,,,,,,,<na>,,11.0,6.33,4.67,,,,,11419,financial data present but missing supporting fields,remove_incomplete_rows
,,,,,,,<na>,,343.5,206.35,43.39,,,,,11425,financial data present but missing supporting fields,remove_incomplete_rows
,,,,,,,<na>,,48.0,34.83,13.17,,,,,11429,financial data present but missing supporting fields,remove_incomplete_rows
,,,,,,,<na>,,424.0,370.43,53.57,,,,,11435,financial data present but missing supporting fields,remove_incomplete_rows
,,,,,,,<na>,,908.5,377.75,174.2,,,,,11441,financial data present but missing supporting fields,remove_incomplete_rows
,,,,,,,<na>,,13.0,9.25,3.75,,,,,11445,financial data present but missing supporting fields,remove_incomplete_rows
,,,,,,,<na>,,25.0,0.76,17.4,,,,,11449,financial data present but missing supporting fields,remove_incomplete_rows
,,,,,,,<na>,,419.0,78.19,74.27,,,,,11455,financial data present but missing supporting fields,remove_incomplete_rows
,,,,,,,<na>,,187.0,10.75,176.25,,,,,11460,financial data present but missing supporting fields,remove_incomplete_rows
,,,,,,,<na>,,903.0,159.5,138.62,,,,,11466,financial data present but missing supporting fields,remove_incomplete_rows
,,,,,,,<na>,,10.0,4.23,5.77,,,,,11470,financial data present but missing supporting fields,remove_incomplete_rows
,,,,,,,<na>,,75.0,11.41,17.95,,,,,11474,financial data present but missing supporting fields,remove_incomplete_rows
,,,,,,,<na>,,87.1,38.45,10.53,,,,,11480,financial data present but missing supporting fields,remove_incomplete_rows
,,,,,,,<na>,,90.0,0.0,90.0,,,,,11484,financial data present but missing supporting fields,remove_incomplete_rows
,,,,,,,<na>,,12.0,0.0,12.0,,,,,11488,financial data present but missing supporting fields,remove_incomplete_rows
,,,,,,,<na>,,1707.0,115.29,245.22,,,,,11493,financial data present but missing supporting fields,remove_incomplete_rows
,,,,,,,<na>,,366.37,26.91,46.41,,,,,11500,financial data present but missing supporting fields,remove_incomplete_rows
,,,,,,,<na>,,92.4,7.27,19.7,,,,,11504,financial data present but missing supporting fields,remove_incomplete_rows
,,,,,,,<na>,,97.0,44.16,8.68,,,,,11508,financial data present but missing supporting fields,remove_incomplete_rows
,,,,,,,<na>,,75.0,6.6,9.0,,,,,11512,financial data present but missing supporting fields,remove_incomplete_rows
,,,,,,,<na>,,76.5,63.99,12.51,,,,,11516,financial data present but missing supporting fields,remove_incomplete_rows
,,,,,,,<na>,,110.25,30.62,18.39,,,,,11520,financial data present but missing supporting fields,remove_incomplete_rows
,,,,,,,<na>,,129.0,95.75,33.25,,,,,11525,financial data present but missing supporting fields,remove_incomplete_rows
,,,,,,,<na>,,46.0,20.87,4.26,,,,,11529,financial data present but missing supporting fields,remove_incomplete_rows
,,,,,,,<na>,,12.0,4.0,8.0,,,,,11533,financial data present but missing supporting fields,remove_incomplete_rows
,,,,,,,<na>,,284.55,228.28,56.27,,,,,11538,financial data present but missing supporting fields,remove_incomplete_rows
,,,,,,,<na>,,11.0,6.33,4.67,,,,,11542,financial data present but missing supporting fields,remove_incomplete_rows
,,,,,,,<na>,,70.5,62.72,7.78,,,,,11546,financial data present but missing supporting fields,remove_incomplete_rows
,,,,,,,<na>,,76.0,61.28,14.72,,,,,11550,financial data present but missing supporting fields,remove_incomplete_rows
,,,,,,,<na>,,26.5,12.1,2.3,,,,,11554,financial data present but missing supporting fields,remove_incomplete_rows
,,,,,,,<na>,,405.0,38.07,24.3,,,,,11558,financial data present but missing supporting fields,remove_incomplete_rows
,,,,,,,<na>,,558.0,79.09,97.78,,,,,11564,financial data present but missing supporting fields,remove_incomplete_rows
,,,,,,,<na>,,30.0,24.55,5.45,,,,,11568,financial data present but missing supporting fields,remove_incomplete_rows
,,,,,,,<na>,,255.58,130.81,41.66,,,,,11577,financial data present but missing supporting fields,remove_incomplete_rows
,,,,,,,<na>,,364.0,290.51,73.49,,,,,11582,financial data present but missing supporting fields,remove_incomplete_rows
,,,,,,,<na>,,49.78,44.05,5.73,,,,,11586,financial data present but missing supporting fields,remove_incomplete_rows
,,,,,,,<na>,,15.0,9.2,5.8,,,,,11590,financial data present but missing supporting fields,remove_incomplete_rows
,,,,,,,<na>,,30.0,22.0,8.0,,,,,11594,financial data present but missing supporting fields,remove_incomplete_rows
,,,,,,,<na>,,56.0,21.89,12.22,,,,,11598,financial data present but missing supporting fields,remove_incomplete_rows
,,,,,,,<na>,,168.0,2.55,114.45,,,,,11602,financial data present but missing supporting fields,remove_incomplete_rows
,,,,,,,<na>,,127.75,103.33,24.42,,,,,11607,financial data present but missing supporting fields,remove_incomplete_rows
,,,,,,,<na>,,154.0,83.33,70.67,,,,,11611,financial data present but missing supporting fields,remove_incomplete_rows
,,,,,,,<na>,,188.6,19.4,-5.42,,,,,11617,financial data present but missing supporting fields,remove_incomplete_rows
,,,,,,,<na>,,741.25,437.25,144.0,,,,,11623,financial data present but missing supporting fields,remove_incomplete_rows
,,,,,,,<na>,,718.1,381.84,209.91,,,,,11636,financial data present but missing supporting fields,remove_incomplete_rows
,,,,,,,<na>,,11.75,10.78,0.97,,,,,11640,financial data present but missing supporting fields,remove_incomplete_rows
,,,,,,,<na>,,48.3,21.95,4.4,,,,,11644,financial data present but missing supporting fields,remove_incomplete_rows
,,,,,,,<na>,,56.25,51.74,4.51,,,,,11648,financial data present but missing supporting fields,remove_incomplete_rows
,,,,,,,<na>,,960.0,30.18,224.2,,,,,11653,financial data present but missing supporting fields,remove_incomplete_rows
,,,,,,,<na>,,170.4,38.58,16.08,,,,,11657,financial data present but missing supporting fields,remove_incomplete_rows
,,,,,,,<na>,,57.5,5.58,1.69,,,,,11661,financial data present but missing supporting fields,remove_incomplete_rows
,,,,,,,<na>,,25.5,7.14,4.08,,,,,11665,financial data present but missing supporting fields,remove_incomplete_rows
,,,,,,,<na>,,18.0,15.21,2.79,,,,,11669,financial data present but missing supporting fields,remove_incomplete_rows
,,,,,,,<na>,,360.0,0.0,360.0,,,,,11673,financial data present but missing supporting fields,remove_incomplete_rows
,,,,,,,<na>,,1215.5,558.44,223.42,,,,,11679,financial data present but missing supporting fields,remove_incomplete_rows
,,,,,,,<na>,,18.5,15.16,3.34,,,,,11683,financial data present but missing supporting fields,remove_incomplete_rows
,,,,,,,<na>,,119.5,54.84,9.82,,,,,11687,financial data present but missing supporting fields,remove_incomplete_rows
,,,,,,,<na>,,10.0,5.77,4.23,,,,,11691,financial data present but missing supporting fields,remove_incomplete_rows
,,,,,,,<na>,,12.0,9.22,2.78,,,,,11695,financial data present but missing supporting fields,remove_incomplete_rows
,,,,,,,<na>,,353.5,40.0,73.5,,,,,11699,financial data present but missing supporting fields,remove_incomplete_rows
,,,,,,,<na>,,60.0,23.33,13.34,,,,,11703,financial data present but missing supporting fields,remove_incomplete_rows
,,,,,,,<na>,,1220.0,1019.21,200.79,,,,,11709,financial data present but missing supporting fields,remove_incomplete_rows
,,,,,,,<na>,,516.6,124.87,-49.71,,,,,11714,financial data present but missing supporting fields,remove_incomplete_rows
,,,,,,,<na>,,46.25,38.54,7.71,,,,,11719,financial data present but missing supporting fields,remove_incomplete_rows
,,,,,,,<na>,,152.0,60.95,30.11,,,,,11724,financial data present but missing supporting fields,remove_incomplete_rows
,,,,,,,<na>,,935.0,82.02,114.8,,,,,11728,financial data present but missing supporting fields,remove_incomplete_rows
,,,,,,,<na>,,252.5,40.0,52.5,,,,,11732,financial data present but missing supporting fields,remove_incomplete_rows
,,,,,,,<na>,,54.75,44.63,10.12,,,,,11736,financial data present but missing supporting fields,remove_incomplete_rows
,,,,,,,<na>,,109.0,58.49,37.56,,,,,11742,financial data present but missing supporting fields,remove_incomplete_rows
,,,,,,,<na>,,29.75,26.67,3.08,,,,,11746,financial data present but missing supporting fields,remove_incomplete_rows
,,,,,,,<na>,,1336.75,793.59,229.74,,,,,11755,financial data present but missing supporting fields,remove_incomplete_rows
,,,,,,,<na>,,92.95,81.75,11.2,,,,,11760,financial data present but missing supporting fields,remove_incomplete_rows
,,,,,,,<na>,,305.0,162.16,50.44,,,,,11765,financial data present but missing supporting fields,remove_incomplete_rows
,,,,,,,<na>,,1988.75,1513.64,475.11,,,,,11771,financial data present but missing supporting fields,remove_incomplete_rows
,,,,,,,<na>,,941.75,648.16,293.59,,,,,11778,financial data present but missing supporting fields,remove_incomplete_rows
,,,,,,,<na>,,2532.64,59.34,46.72,,,,,11795,financial data present but missing supporting fields,remove_incomplete_rows
,,,,,,,<na>,,78.0,10.65,14.12,,,,,11800,financial data present but missing supporting fields,remove_incomplete_rows
,,,,,,,<na>,,18.0,15.21,2.79,,,,,11804,financial data present but missing supporting fields,remove_incomplete_rows
,,,,,,,<na>,,2261.0,969.02,322.96,,,,,11808,financial data present but missing supporting fields,remove_incomplete_rows
,,,,,,,<na>,,2301.0,621.47,614.94,,,,,11815,financial data present but missing supporting fields,remove_incomplete_rows
,,,,,,,<na>,,86.0,47.55,38.45,,,,,11820,financial data present but missing supporting fields,remove_incomplete_rows
,,,,,,,<na>,,388.0,311.45,76.55,,,,,11826,financial data present but missing supporting fields,remove_incomplete_rows
,,,,,,,<na>,,7609.55,2825.14,3061.77,,,,,11851,financial data present but missing supporting fields,remove_incomplete_rows
,,,,,,,<na>,,880.75,716.26,164.49,,,,,11857,financial data present but missing supporting fields,remove_incomplete_rows
,,,,,,,<na>,,132.05,129.91,2.14,,,,,11861,financial data present but missing supporting fields,remove_incomplete_rows
,,,,,,,<na>,,100.0,0.88,64.8,,,,,11865,financial data present but missing supporting fields,remove_incomplete_rows
,,,,,,,<na>,,18.0,15.21,2.79,,,,,11869,financial data present but missing supporting fields,remove_incomplete_rows
,,,,,,,<na>,,180.0,16.02,19.8,,,,,11873,financial data present but missing supporting fields,remove_incomplete_rows
,,,,,,,<na>,,11.0,6.33,4.67,,,,,11877,financial data present but missing supporting fields,remove_incomplete_rows
,,,,,,,<na>,,241.68,140.52,101.16,,,,,11885,financial data present but missing supporting fields,remove_incomplete_rows
,,,,,,,<na>,,21.0,18.87,2.13,,,,,11889,financial data present but missing supporting fields,remove_incomplete_rows
,,,,,,,<na>,,25.0,19.71,5.29,,,,,11893,financial data present but missing supporting fields,remove_incomplete_rows
,,,,,,,<na>,,30.0,23.33,6.67,,,,,11897,financial data present but missing supporting fields,remove_incomplete_rows
,,,,,,,<na>,,70.0,52.01,10.38,,,,,11902,financial data present but missing supporting fields,remove_incomplete_rows
,,,,,,,<na>,,142.16,42.95,41.25,,,,,11907,financial data present but missing supporting fields,remove_incomplete_rows
,,,,,,,<na>,,41.0,29.67,11.33,,,,,11911,financial data present but missing supporting fields,remove_incomplete_rows
,,,,,,,<na>,,290.0,237.73,52.27,,,,,11915,financial data present but missing supporting fields,remove_incomplete_rows
,,,,,,,<na>,,483.0,13.26,111.72,,,,,11919,financial data present but missing supporting fields,remove_incomplete_rows
,,,,,,,<na>,,200.0,50.0,100.0,,,,,11923,financial data present but missing supporting fields,remove_incomplete_rows
,,,,,,,<na>,,100.0,8.0,84.0,,,,,11927,financial data present but missing supporting fields,remove_incomplete_rows
,,,,,,,<na>,,18.5,15.16,3.34,,,,,11931,financial data present but missing supporting fields,remove_incomplete_rows
,,,,,,,<na>,,245.0,84.22,46.78,,,,,11936,financial data present but missing supporting fields,remove_incomplete_rows
,,,,,,,<na>,,143.0,31.82,15.72,,,,,11940,financial data present but missing supporting fields,remove_incomplete_rows
,,,,,,,<na>,,35.75,31.82,3.93,,,,,11944,financial data present but missing supporting fields,remove_incomplete_rows
,,,,,,,<na>,,35.0,2.85,6.54,,,,,11948,financial data present but missing supporting fields,remove_incomplete_rows
,,,,,,,<na>,,103.0,0.0,103.0,,,,,11952,financial data present but missing supporting fields,remove_incomplete_rows
,,,,,,,<na>,,612.45,238.61,112.66,,,,,11960,financial data present but missing supporting fields,remove_incomplete_rows
,,,,,,,<na>,,262.0,651.07,-397.67,,,,,11966,financial data present but missing supporting fields,remove_incomplete_rows
,,,,,,,<na>,,33.0,22.79,10.21,,,,,11971,financial data present but missing supporting fields,remove_incomplete_rows
,,,,,,,<na>,,141.0,91.93,19.86,,,,,11976,financial data present but missing supporting fields,remove_incomplete_rows
,,,,,,,<na>,,138.39,35.71,102.68,,,,,11982,financial data present but missing supporting fields,remove_incomplete_rows
,,,,,,,<na>,,692.5,75.16,62.18,,,,,11987,financial data present but missing supporting fields,remove_incomplete_rows
,,,,,,,<na>,,280.0,7.33,206.7,,,,,11991,financial data present but missing supporting fields,remove_incomplete_rows
,,,,,,,<na>,,151.5,40.0,31.5,,,,,11995,financial data present but missing supporting fields,remove_incomplete_rows
,,,,,,,<na>,,18.0,15.21,2.79,,,,,11999,financial data present but missing supporting fields,remove_incomplete_rows
,,,,,,,<na>,,944.51,134.51,-11.18,,,,,12009,financial data present but missing supporting fields,remove_incomplete_rows
,,,,,,,<na>,,159.75,38.27,21.06,,,,,12014,financial data present but missing supporting fields,remove_incomplete_rows
,,,,,,,<na>,,300.0,12.98,40.4,,,,,12018,financial data present but missing supporting fields,remove_incomplete_rows
,,,,,,,<na>,,103.75,90.75,13.0,,,,,12022,financial data present but missing supporting fields,remove_incomplete_rows
,,,,,,,<na>,,16.4,1.59,10.05,,,,,12026,financial data present but missing supporting fields,remove_incomplete_rows
,,,,,,,<na>,,311.5,256.78,54.72,,,,,12031,financial data present but missing supporting fields,remove_incomplete_rows
,,,,,,,<na>,,18.0,15.21,2.79,,,,,12035,financial data present but missing supporting fields,remove_incomplete_rows
,,,,,,,<na>,,105.0,56.01,18.67,,,,,12040,financial data present but missing supporting fields,remove_incomplete_rows
,,,,,,,<na>,,318.0,184.04,118.8,,,,,12048,financial data present but missing supporting fields,remove_incomplete_rows
,,,,,,,<na>,,492.5,383.71,83.18,,,,,12057,financial data present but missing supporting fields,remove_incomplete_rows
,,,,,,,<na>,,15.0,9.2,5.8,,,,,12061,financial data present but missing supporting fields,remove_incomplete_rows
,,,,,,,<na>,,981.75,494.89,158.78,,,,,12066,financial data present but missing supporting fields,remove_incomplete_rows
,,,,,,,<na>,,145.6,10.17,3.16,,,,,12070,financial data present but missing supporting fields,remove_incomplete_rows
,,,,,,,<na>,,65.0,55.6,9.4,,,,,12074,financial data present but missing supporting fields,remove_incomplete_rows
,,,,,,,<na>,,70.5,57.13,13.37,,,,,12078,financial data present but missing supporting fields,remove_incomplete_rows
,,,,,,,<na>,,90.0,23.33,20.01,,,,,12082,financial data present but missing supporting fields,remove_incomplete_rows
,,,,,,,<na>,,627.0,79.09,118.12,,,,,12088,financial data present but missing supporting fields,remove_incomplete_rows
,,,,,,,<na>,,117.0,98.37,18.63,,,,,12094,financial data present but missing supporting fields,remove_incomplete_rows
,,,,,,,<na>,,60.0,49.1,10.9,,,,,12099,financial data present but missing supporting fields,remove_incomplete_rows
,,,,,,,<na>,,365.75,301.54,64.21,,,,,12104,financial data present but missing supporting fields,remove_incomplete_rows
,,,,,,,<na>,,85.0,2.5,60.0,,,,,12108,financial data present but missing supporting fields,remove_incomplete_rows
,,,,,,,<na>,,308.0,155.56,-3.12,,,,,12112,financial data present but missing supporting fields,remove_incomplete_rows
,,,,,,,<na>,,26.0,23.57,2.43,,,,,12116,financial data present but missing supporting fields,remove_incomplete_rows
,,,,,,,<na>,,366.0,60.41,79.13,,,,,12121,financial data present but missing supporting fields,remove_incomplete_rows
,,,,,,,<na>,,55.0,45.47,9.53,,,,,12125,financial data present but missing supporting fields,remove_incomplete_rows
,,,,,,,<na>,,493.26,169.55,138.77,,,,,12137,financial data present but missing supporting fields,remove_incomplete_rows
,,,,,,,<na>,,1058.75,121.0,211.75,,,,,12142,financial data present but missing supporting fields,remove_incomplete_rows
,,,,,,,<na>,,69.75,53.83,15.92,,,,,12147,financial data present but missing supporting fields,remove_incomplete_rows
,,,,,,,<na>,,28.0,20.96,7.04,,,,,12151,financial data present but missing supporting fields,remove_incomplete_rows
,,,,,,,<na>,,11.75,10.78,0.97,,,,,12155,financial data present but missing supporting fields,remove_incomplete_rows
,,,,,,,<na>,,86.7,68.92,17.78,,,,,12160,financial data present but missing supporting fields,remove_incomplete_rows
,,,,,,,<na>,,60.0,22.0,16.0,,,,,12164,financial data present but missing supporting fields,remove_incomplete_rows
,,,,,,,<na>,,126.0,32.4,28.8,,,,,12168,financial data present but missing supporting fields,remove_incomplete_rows
,,,,,,,<na>,,325.0,35.71,253.58,,,,,12172,financial data present but missing supporting fields,remove_incomplete_rows
,,,,,,,<na>,,32.5,29.41,3.09,,,,,12176,financial data present but missing supporting fields,remove_incomplete_rows
,,,,,,,<na>,,108.75,82.02,26.73,,,,,12181,financial data present but missing supporting fields,remove_incomplete_rows
,,,,,,,<na>,,54.0,47.5,6.5,,,,,12185,financial data present but missing supporting fields,remove_incomplete_rows
,,,,,,,<na>,,119.5,54.84,9.82,,,,,12189,financial data present but missing supporting fields,remove_incomplete_rows
,,,,,,,<na>,,34.5,27.56,6.94,,,,,12193,financial data present but missing supporting fields,remove_incomplete_rows
,,,,,,,<na>,,18.0,15.21,2.79,,,,,12197,financial data present but missing supporting fields,remove_incomplete_rows
,,,,,,,<na>,,357.4,36.85,136.58,,,,,12202,financial data present but missing supporting fields,remove_incomplete_rows
,,,,,,,<na>,,259.5,87.77,13.05,,,,,12207,financial data present but missing supporting fields,remove_incomplete_rows
,,,,,,,<na>,,39.0,23.87,15.13,,,,,12213,financial data present but missing supporting fields,remove_incomplete_rows
,,,,,,,<na>,,288.0,228.39,59.61,,,,,12217,financial data present but missing supporting fields,remove_incomplete_rows
,,,,,,,<na>,,42.0,20.59,21.41,,,,,12223,financial data present but missing supporting fields,remove_incomplete_rows
,,,,,,,<na>,,37.0,15.42,6.16,,,,,12228,financial data present but missing supporting fields,remove_incomplete_rows
,,,,,,,<na>,,30.0,17.8,12.2,,,,,12233,financial data present but missing supporting fields,remove_incomplete_rows
,,,,,,,<na>,,15.0,8.9,6.1,,,,,12237,financial data present but missing supporting fields,remove_incomplete_rows
,,,,,,,<na>,,57.0,53.2,3.8,,,,,12241,financial data present but missing supporting fields,remove_incomplete_rows
,,,,,,,<na>,,182.5,16.07,21.79,,,,,12245,financial data present but missing supporting fields,remove_incomplete_rows
,,,,,,,<na>,,790.75,648.21,142.54,,,,,12250,financial data present but missing supporting fields,remove_incomplete_rows
,,,,,,,<na>,,18.0,15.21,2.79,,,,,12254,financial data present but missing supporting fields,remove_incomplete_rows
,,,,,,,<na>,,26.0,21.26,4.74,,,,,12258,financial data present but missing supporting fields,remove_incomplete_rows
,,,,,,,<na>,,167.79,21.79,15.26,,,,,12262,financial data present but missing supporting fields,remove_incomplete_rows
,,,,,,,<na>,,70.5,57.13,13.37,,,,,12266,financial data present but missing supporting fields,remove_incomplete_rows
,,,,,,,<na>,,18.5,15.16,3.34,,,,,12270,financial data present but missing supporting fields,remove_incomplete_rows
,,,,,,,<na>,,320.0,12.27,74.6,,,,,12274,financial data present but missing supporting fields,remove_incomplete_rows
,,,,,,,<na>,,38.8,18.0,20.8,,,,,12279,financial data present but missing supporting fields,remove_incomplete_rows
,,,,,,,<na>,,6.25,5.36,0.89,,,,,12283,financial data present but missing supporting fields,remove_incomplete_rows
,,,,,,,<na>,,40.0,23.08,16.92,,,,,12288,financial data present but missing supporting fields,remove_incomplete_rows
,,,,,,,<na>,,107.5,80.0,27.5,,,,,12293,financial data present but missing supporting fields,remove_incomplete_rows
,,,,,,,<na>,,422.0,7.59,315.74,,,,,12298,financial data present but missing supporting fields,remove_incomplete_rows
,,,,,,,<na>,,43.0,33.0,10.0,,,,,12302,financial data present but missing supporting fields,remove_incomplete_rows
,,,,,,,<na>,,10.0,7.83,2.17,,,,,12306,financial data present but missing supporting fields,remove_incomplete_rows
,,,,,,,<na>,,75.0,58.05,8.55,,,,,12312,financial data present but missing supporting fields,remove_incomplete_rows
,,,,,,,<na>,,213.75,24.92,24.25,,,,,12317,financial data present but missing supporting fields,remove_incomplete_rows
,,,,,,,<na>,,23.4,0.98,19.48,,,,,12321,financial data present but missing supporting fields,remove_incomplete_rows
,,,,,,,<na>,,139.5,67.96,26.91,,,,,12326,financial data present but missing supporting fields,remove_incomplete_rows
,,,,,,,<na>,,100.0,8.0,84.0,,,,,12330,financial data present but missing supporting fields,remove_incomplete_rows
,,,,,,,<na>,,386.6,20.84,157.74,,,,,12337,financial data present but missing supporting fields,remove_incomplete_rows
,,,,,,,<na>,,411.0,308.47,64.46,,,,,12343,financial data present but missing supporting fields,remove_incomplete_rows
,,,,,,,<na>,,150.0,0.0,150.0,,,,,12347,financial data present but missing supporting fields,remove_incomplete_rows
,,,,,,,<na>,,31.0,25.18,5.82,,,,,12351,financial data present but missing supporting fields,remove_incomplete_rows
,,,,,,,<na>,,129.5,75.74,42.01,,,,,12358,financial data present but missing supporting fields,remove_incomplete_rows
,,,,,,,<na>,,48.0,23.65,0.7,,,,,12362,financial data present but missing supporting fields,remove_incomplete_rows
,,,,,,,<na>,,27.0,21.73,5.27,,,,,12366,financial data present but missing supporting fields,remove_incomplete_rows
,,,,,,,<na>,,11.0,6.33,4.67,,,,,12370,financial data present but missing supporting fields,remove_incomplete_rows
,,,,,,,<na>,,219.0,44.63,40.48,,,,,12374,financial data present but missing supporting fields,remove_incomplete_rows
,,,,,,,<na>,,92.0,67.23,24.77,,,,,12381,financial data present but missing supporting fields,remove_incomplete_rows
,,,,,,,<na>,,115.0,88.2,26.8,,,,,12387,financial data present but missing supporting fields,remove_incomplete_rows
,,,,,,,<na>,,30.0,0.4,26.0,,,,,12391,financial data present but missing supporting fields,remove_incomplete_rows
,,,,,,,<na>,,257.0,191.17,65.83,,,,,12400,financial data present but missing supporting fields,remove_incomplete_rows
,,,,,,,<na>,,230.0,175.5,54.5,,,,,12404,financial data present but missing supporting fields,remove_incomplete_rows
,,,,,,,<na>,,157.0,59.09,27.15,,,,,12411,financial data present but missing supporting fields,remove_incomplete_rows
,,,,,,,<na>,,,,,,,,,0,all important fields empty,remove_incomplete_rows
,,,,,,,<na>,,,,,,,,,3,all important fields empty,remove_incomplete_rows
,,,,,,,<na>,,,,,,,,,4,all important fields empty,remove_incomplete_rows
,,,,,,,<na>,,,,,,,,,7,all important fields empty,remove_incomplete_rows
,,,,,,,<na>,,,,,,,,,8,all important fields empty,remove_incomplete_rows
,,,,,,,<na>,,,,,,,,,11,all important fields empty,remove_incomplete_rows
,,,,,,,<na>,,,,,,,,,12,all important fields empty,remove_incomplete_rows
,,,,,,,<na>,,,,,,,,,15,all important fields empty,remove_incomplete_rows
,,,,,,,<na>,,,,,,,,,16,all important fields empty,remove_incomplete_rows
,,,,,,,<na>,,,,,,,,,19,all important fields empty,remove_incomplete_rows
,,,,,,,<na>,,,,,,,,,20,all important fields empty,remove_incomplete_rows
,,,,,,,<na>,,,,,,,,,23,all important fields empty,remove_incomplete_rows
,,,,,,,<na>,,,,,,,,,24,all important fields empty,remove_incomplete_rows
,,,,,,,<na>,,,,,,,,,27,all important fields empty,remove_incomplete_rows
,,,,,,,<na>,,,,,,,,,28,all important fields empty,remove_incomplete_rows
,,,,,,,<na>,,,,,,,,,31,all important fields empty,remove_incomplete_rows
,,,,,,,<na>,,,,,,,,,32,all important fields empty,remove_incomplete_rows
,,,,,,,<na>,,,,,,,,,35,all important fields empty,remove_incomplete_rows
,,,,,,,<na>,,,,,,,,,36,all important fields empty,remove_incomplete_rows
,,,,,,,<na>,,,,,,,,,41,all important fields empty,remove_incomplete_rows
,,,,,,,<na>,,,,,,,,,42,all important fields empty,remove_incomplete_rows
,,,,,,,<na>,,,,,,,,,45,all important fields empty,remove_incomplete_rows
,,,,,,,<na>,,,,,,,,,46,all important fields empty,remove_incomplete_rows
,,,,,,,<na>,,,,,,,,,49,all important fields empty,remove_incomplete_rows
,,,,,,,<na>,,,,,,,,,50,all important fields empty,remove_incomplete_rows
,,,,,,,<na>,,,,,,,,,54,all important fields empty,remove_incomplete_rows
,,,,,,,<na>,,,,,,,,,55,all important fields empty,remove_incomplete_rows
,,,,,,,<na>,,,,,,,,,62,all important fields empty,remove_incomplete_rows
,,,,,,,<na>,,,,,,,,,63,all important fields empty,remove_incomplete_rows
,,,,,,,<na>,,,,,,,,,67,all important fields empty,remove_incomplete_rows
,,,,,,,<na>,,,,,,,,,68,all important fields empty,remove_incomplete_rows
,,,,,,,<na>,,,,,,,,,71,all important fields empty,remove_incomplete_rows
,,,,,,,<na>,,,,,,,,,72,all important fields empty,remove_incomplete_rows
,,,,,,,<na>,,,,,,,,,75,all important fields empty,remove_incomplete_rows
,,,,,,,<na>,,,,,,,,,76,all important fields empty,remove_incomplete_rows
,,,,,,,<na>,,,,,,,,,81,all important fields empty,remove_incomplete_rows
,,,,,,,<na>,,,,,,,,,82,all important fields empty,remove_incomplete_rows
,,,,,,,<na>,,,,,,,,,85,all important fields empty,remove_incomplete_rows
,,,,,,,<na>,,,,,,,,,86,all important fields empty,remove_incomplete_rows
,,,,,,,<na>,,,,,,,,,89,all important fields empty,remove_incomplete_rows
,,,,,,,<na>,,,,,,,,,90,all important fields empty,remove_incomplete_rows
,,,,,,,<na>,,,,,,,,,93,all important fields empty,remove_incomplete_rows
,,,,,,,<na>,,,,,,,,,94,all important fields empty,remove_incomplete_rows
,,,,,,,<na>,,,,,,,,,97,all important fields empty,remove_incomplete_rows
,,,,,,,<na>,,,,,,,,,98,all important fields empty,remove_incomplete_rows
,,,,,,,<na>,,,,,,,,,103,all important fields empty,remove_incomplete_rows
,,,,,,,<na>,,,,,,,,,104,all important fields empty,remove_incomplete_rows
,,,,,,,<na>,,,,,,,,,107,all important fields empty,remove_incomplete_rows
,,,,,,,<na>,,,,,,,,,108,all important fields empty,remove_incomplete_rows
,,,,,,,<na>,,,,,,,,,111,all important fields empty,remove_incomplete_rows
,,,,,,,<na>,,,,,,,,,112,all important fields empty,remove_incomplete_rows
,,,,,,,<na>,,,,,,,,,117,all important fields empty,remove_incomplete_rows
,,,,,,,<na>,,,,,,,,,118,all important fields empty,remove_incomplete_rows
,,,,,,,<na>,,,,,,,,,121,all important fields empty,remove_incomplete_rows
,,,,,,,<na>,,,,,,,,,122,all important fields empty,remove_incomplete_rows
,,,,,,,<na>,,,,,,,,,125,all important fields empty,remove_incomplete_rows
,,,,,,,<na>,,,,,,,,,126,all important fields empty,remove_incomplete_rows
,,,,,,,<na>,,,,,,,,,130,all important fields empty,remove_incomplete_rows
,,,,,,,<na>,,,,,,,,,131,all important fields empty,remove_incomplete_rows
,,,,,,,<na>,,,,,,,,,134,all important fields empty,remove_incomplete_rows
,,,,,,,<na>,,,,,,,,,135,all important fields empty,remove_incomplete_rows
,,,,,,,<na>,,,,,,,,,138,all important fields empty,remove_incomplete_rows
,,,,,,,<na>,,,,,,,,,139,all important fields empty,remove_incomplete_rows
,,,,,,,<na>,,,,,,,,,142,all important fields empty,remove_incomplete_rows
,,,,,,,<na>,,,,,,,,,143,all important fields empty,remove_incomplete_rows
,,,,,,,<na>,,,,,,,,,146,all important fields empty,remove_incomplete_rows
,,,,,,,<na>,,,,,,,,,147,all important fields empty,remove_incomplete_rows
,,,,,,,<na>,,,,,,,,,152,all important fields empty,remove_incomplete_rows
,,,,,,,<na>,,,,,,,,,153,all important fields empty,remove_incomplete_rows
,,,,,,,<na>,,,,,,,,,156,all important fields empty,remove_incomplete_rows
,,,,,,,<na>,,,,,,,,,157,all important fields empty,remove_incomplete_rows
,,,,,,,<na>,,,,,,,,,163,all important fields empty,remove_incomplete_rows
,,,,,,,<na>,,,,,,,,,164,all important fields empty,remove_incomplete_rows
,,,,,,,<na>,,,,,,,,,167,all important fields empty,remove_incomplete_rows
,,,,,,,<na>,,,,,,,,,168,all important fields empty,remove_incomplete_rows
,,,,,,,<na>,,,,,,,,,172,all important fields empty,remove_incomplete_rows
,,,,,,,<na>,,,,,,,,,173,all important fields empty,remove_incomplete_rows
,,,,,,,<na>,,,,,,,,,176,all important fields empty,remove_incomplete_rows
,,,,,,,<na>,,,,,,,,,177,all important fields empty,remove_incomplete_rows
,,,,,,,<na>,,,,,,,,,181,all important fields empty,remove_incomplete_rows
,,,,,,,<na>,,,,,,,,,182,all important fields empty,remove_incomplete_rows
,,,,,,,<na>,,,,,,,,,185,all important fields empty,remove_incomplete_rows
,,,,,,,<na>,,,,,,,,,186,all important fields empty,remove_incomplete_rows
,,,,,,,<na>,,,,,,,,,189,all important fields empty,remove_incomplete_rows
,,,,,,,<na>,,,,,,,,,190,all important fields empty,remove_incomplete_rows
,,,,,,,<na>,,,,,,,,,193,all important fields empty,remove_incomplete_rows
,,,,,,,<na>,,,,,,,,,194,all important fields empty,remove_incomplete_rows
,,,,,,,<na>,,,,,,,,,197,all important fields empty,remove_incomplete_rows
,,,,,,,<na>,,,,,,,,,198,all important fields empty,remove_incomplete_rows
,,,,,,,<na>,,,,,,,,,202,all important fields empty,remove_incomplete_rows
,,,,,,,<na>,,,,,,,,,203,all important fields empty,remove_incomplete_rows
,,,,,,,<na>,,,,,,,,,206,all important fields empty,remove_incomplete_rows
,,,,,,,<na>,,,,,,,,,207,all important fields empty,remove_incomplete_rows
,,,,,,,<na>,,,,,,,,,210,all important fields empty,remove_incomplete_rows
,,,,,,,<na>,,,,,,,,,211,all important fields empty,remove_incomplete_rows
,,,,,,,<na>,,,,,,,,,216,all important fields empty,remove_incomplete_rows
,,,,,,,<na>,,,,,,,,,217,all important fields empty,remove_incomplete_rows
,,,,,,,<na>,,,,,,,,,221,all important fields empty,remove_incomplete_rows
,,,,,,,<na>,,,,,,,,,222,all important fields empty,remove_incomplete_rows
,,,,,,,<na>,,,,,,,,,225,all important fields empty,remove_incomplete_rows
,,,,,,,<na>,,,,,,,,,226,all important fields empty,remove_incomplete_rows
,,,,,,,<na>,,,,,,,,,229,all important fields empty,remove_incomplete_rows
,,,,,,,<na>,,,,,,,,,230,all important fields empty,remove_incomplete_rows
,,,,,,,<na>,,,,,,,,,233,all important fields empty,remove_incomplete_rows
,,,,,,,<na>,,,,,,,,,234,all important fields empty,remove_incomplete_rows
,,,,,,,<na>,,,,,,,,,237,all important fields empty,remove_incomplete_rows
,,,,,,,<na>,,,,,,,,,238,all important fields empty,remove_incomplete_rows
,,,,,,,<na>,,,,,,,,,241,all important fields empty,remove_incomplete_rows
,,,,,,,<na>,,,,,,,,,242,all important fields empty,remove_incomplete_rows
,,,,,,,<na>,,,,,,,,,245,all important fields empty,remove_incomplete_rows
,,,,,,,<na>,,,,,,,,,246,all important fields empty,remove_incomplete_rows
,,,,,,,<na>,,,,,,,,,251,all important fields empty,remove_incomplete_rows
,,,,,,,<na>,,,,,,,,,252,all important fields empty,remove_incomplete_rows
,,,,,,,<na>,,,,,,,,,256,all important fields empty,remove_incomplete_rows
,,,,,,,<na>,,,,,,,,,257,all important fields empty,remove_incomplete_rows
,,,,,,,<na>,,,,,,,,,261,all important fields empty,remove_incomplete_rows
,,,,,,,<na>,,,,,,,,,262,all important fields empty,remove_incomplete_rows
,,,,,,,<na>,,,,,,,,,266,all important fields empty,remove_incomplete_rows
,,,,,,,<na>,,,,,,,,,267,all important fields empty,remove_incomplete_rows
,,,,,,,<na>,,,,,,,,,270,all important fields empty,remove_incomplete_rows
,,,,,,,<na>,,,,,,,,,271,all important fields empty,remove_incomplete_rows
,,,,,,,<na>,,,,,,,,,274,all important fields empty,remove_incomplete_rows
,,,,,,,<na>,,,,,,,,,275,all important fields empty,remove_incomplete_rows
,,,,,,,<na>,,,,,,,,,280,all important fields empty,remove_incomplete_rows
,,,,,,,<na>,,,,,,,,,281,all important fields empty,remove_incomplete_rows
,,,,,,,<na>,,,,,,,,,286,all important fields empty,remove_incomplete_rows
,,,,,,,<na>,,,,,,,,,287,all important fields empty,remove_incomplete_rows
,,,,,,,<na>,,,,,,,,,291,all important fields empty,remove_incomplete_rows
,,,,,,,<na>,,,,,,,,,292,all important fields empty,remove_incomplete_rows
,,,,,,,<na>,,,,,,,,,297,all important fields empty,remove_incomplete_rows
,,,,,,,<na>,,,,,,,,,298,all important fields empty,remove_incomplete_rows
,,,,,,,<na>,,,,,,,,,301,all important fields empty,remove_incomplete_rows
,,,,,,,<na>,,,,,,,,,302,all important fields empty,remove_incomplete_rows
,,,,,,,<na>,,,,,,,,,305,all important fields empty,remove_incomplete_rows
,,,,,,,<na>,,,,,,,,,306,all important fields empty,remove_incomplete_rows
,,,,,,,<na>,,,,,,,,,309,all important fields empty,remove_incomplete_rows
,,,,,,,<na>,,,,,,,,,310,all important fields empty,remove_incomplete_rows
,,,,,,,<na>,,,,,,,,,313,all important fields empty,remove_incomplete_rows
,,,,,,,<na>,,,,,,,,,314,all important fields empty,remove_incomplete_rows
,,,,,,,<na>,,,,,,,,,321,all important fields empty,remove_incomplete_rows
,,,,,,,<na>,,,,,,,,,322,all important fields empty,remove_incomplete_rows
,,,,,,,<na>,,,,,,,,,325,all important fields empty,remove_incomplete_rows
,,,,,,,<na>,,,,,,,,,326,all important fields empty,remove_incomplete_rows
,,,,,,,<na>,,,,,,,,,329,all important fields empty,remove_incomplete_rows
,,,,,,,<na>,,,,,,,,,330,all important fields empty,remove_incomplete_rows
,,,,,,,<na>,,,,,,,,,333,all important fields empty,remove_incomplete_rows
,,,,,,,<na>,,,,,,,,,334,all important fields empty,remove_incomplete_rows
,,,,,,,<na>,,,,,,,,,337,all important fields empty,remove_incomplete_rows
,,,,,,,<na>,,,,,,,,,338,all important fields empty,remove_incomplete_rows
,,,,,,,<na>,,,,,,,,,341,all important fields empty,remove_incomplete_rows
,,,,,,,<na>,,,,,,,,,342,all important fields empty,remove_incomplete_rows
,,,,,,,<na>,,,,,,,,,346,all important fields empty,remove_incomplete_rows
,,,,,,,<na>,,,,,,,,,347,all important fields empty,remove_incomplete_rows
,,,,,,,<na>,,,,,,,,,350,all important fields empty,remove_incomplete_rows
,,,,,,,<na>,,,,,,,,,351,all important fields empty,remove_incomplete_rows
,,,,,,,<na>,,,,,,,,,355,all important fields empty,remove_incomplete_rows
,,,,,,,<na>,,,,,,,,,356,all important fields empty,remove_incomplete_rows
,,,,,,,<na>,,,,,,,,,367,all important fields empty,remove_incomplete_rows
,,,,,,,<na>,,,,,,,,,368,all important fields empty,remove_incomplete_rows
,,,,,,,<na>,,,,,,,,,375,all important fields empty,remove_incomplete_rows
,,,,,,,<na>,,,,,,,,,376,all important fields empty,remove_incomplete_rows
,,,,,,,<na>,,,,,,,,,379,all important fields empty,remove_incomplete_rows
,,,,,,,<na>,,,,,,,,,380,all important fields empty,remove_incomplete_rows
,,,,,,,<na>,,,,,,,,,383,all important fields empty,remove_incomplete_rows
,,,,,,,<na>,,,,,,,,,384,all important fields empty,remove_incomplete_rows
,,,,,,,<na>,,,,,,,,,388,all important fields empty,remove_incomplete_rows
,,,,,,,<na>,,,,,,,,,389,all important fields empty,remove_incomplete_rows
,,,,,,,<na>,,,,,,,,,393,all important fields empty,remove_incomplete_rows
,,,,,,,<na>,,,,,,,,,394,all important fields empty,remove_incomplete_rows
,,,,,,,<na>,,,,,,,,,397,all important fields empty,remove_incomplete_rows
,,,,,,,<na>,,,,,,,,,398,all important fields empty,remove_incomplete_rows
,,,,,,,<na>,,,,,,,,,401,all important fields empty,remove_incomplete_rows
,,,,,,,<na>,,,,,,,,,402,all important fields empty,remove_incomplete_rows
,,,,,,,<na>,,,,,,,,,405,all important fields empty,remove_incomplete_rows
,,,,,,,<na>,,,,,,,,,406,all important fields empty,remove_incomplete_rows
,,,,,,,<na>,,,,,,,,,409,all important fields empty,remove_incomplete_rows
,,,,,,,<na>,,,,,,,,,410,all important fields empty,remove_incomplete_rows
,,,,,,,<na>,,,,,,,,,413,all important fields empty,remove_incomplete_rows
,,,,,,,<na>,,,,,,,,,414,all important fields empty,remove_incomplete_rows
,,,,,,,<na>,,,,,,,,,417,all important fields empty,remove_incomplete_rows
,,,,,,,<na>,,,,,,,,,418,all important fields empty,remove_incomplete_rows
,,,,,,,<na>,,,,,,,,,421,all important fields empty,remove_incomplete_rows
,,,,,,,<na>,,,,,,,,,422,all important fields empty,remove_incomplete_rows
,,,,,,,<na>,,,,,,,,,425,all important fields empty,remove_incomplete_rows
,,,,,,,<na>,,,,,,,,,426,all important fields empty,remove_incomplete_rows
,,,,,,,<na>,,,,,,,,,429,all important fields empty,remove_incomplete_rows
,,,,,,,<na>,,,,,,,,,430,all important fields empty,remove_incomplete_rows
,,,,,,,<na>,,,,,,,,,433,all important fields empty,remove_incomplete_rows
,,,,,,,<na>,,,,,,,,,434,all important fields empty,remove_incomplete_rows
,,,,,,,<na>,,,,,,,,,440,all important fields empty,remove_incomplete_rows
,,,,,,,<na>,,,,,,,,,441,all important fields empty,remove_incomplete_rows
,,,,,,,<na>,,,,,,,,,444,all important fields empty,remove_incomplete_rows
,,,,,,,<na>,,,,,,,,,445,all important fields empty,remove_incomplete_rows
,,,,,,,<na>,,,,,,,,,449,all important fields empty,remove_incomplete_rows
,,,,,,,<na>,,,,,,,,,450,all important fields empty,remove_incomplete_rows
,,,,,,,<na>,,,,,,,,,453,all important fields empty,remove_incomplete_rows
,,,,,,,<na>,,,,,,,,,454,all important fields empty,remove_incomplete_rows
,,,,,,,<na>,,,,,,,,,457,all important fields empty,remove_incomplete_rows
,,,,,,,<na>,,,,,,,,,458,all important fields empty,remove_incomplete_rows
,,,,,,,<na>,,,,,,,,,463,all important fields empty,remove_incomplete_rows
,,,,,,,<na>,,,,,,,,,464,all important fields empty,remove_incomplete_rows
,,,,,,,<na>,,,,,,,,,467,all important fields empty,remove_incomplete_rows
,,,,,,,<na>,,,,,,,,,468,all important fields empty,remove_incomplete_rows
,,,,,,,<na>,,,,,,,,,471,all important fields empty,remove_incomplete_rows
,,,,,,,<na>,,,,,,,,,472,all important fields empty,remove_incomplete_rows
,,,,,,,<na>,,,,,,,,,479,all important fields empty,remove_incomplete_rows
,,,,,,,<na>,,,,,,,,,480,all important fields empty,remove_incomplete_rows
,,,,,,,<na>,,,,,,,,,483,all important fields empty,remove_incomplete_rows
,,,,,,,<na>,,,,,,,,,484,all important fields empty,remove_incomplete_rows
,,,,,,,<na>,,,,,,,,,487,all important fields empty,remove_incomplete_rows
,,,,,,,<na>,,,,,,,,,488,all important fields empty,remove_incomplete_rows
,,,,,,,<na>,,,,,,,,,491,all important fields empty,remove_incomplete_rows
,,,,,,,<na>,,,,,,,,,492,all important fields empty,remove_incomplete_rows
,,,,,,,<na>,,,,,,,,,497,all important fields empty,remove_incomplete_rows
,,,,,,,<na>,,,,,,,,,498,all important fields empty,remove_incomplete_rows
,,,,,,,<na>,,,,,,,,,501,all important fields empty,remove_incomplete_rows
,,,,,,,<na>,,,,,,,,,502,all important fields empty,remove_incomplete_rows
,,,,,,,<na>,,,,,,,,,505,all important fields empty,remove_incomplete_rows
,,,,,,,<na>,,,,,,,,,506,all important fields empty,remove_incomplete_rows
,,,,,,,<na>,,,,,,,,,509,all important fields empty,remove_incomplete_rows
,,,,,,,<na>,,,,,,,,,510,all important fields empty,remove_incomplete_rows
,,,,,,,<na>,,,,,,,,,514,all important fields empty,remove_incomplete_rows
,,,,,,,<na>,,,,,,,,,515,all important fields empty,remove_incomplete_rows
,,,,,,,<na>,,,,,,,,,519,all important fields empty,remove_incomplete_rows
,,,,,,,<na>,,,,,,,,,520,all important fields empty,remove_incomplete_rows
,,,,,,,<na>,,,,,,,,,523,all important fields empty,remove_incomplete_rows
,,,,,,,<na>,,,,,,,,,524,all important fields empty,remove_incomplete_rows
,,,,,,,<na>,,,,,,,,,527,all important fields empty,remove_incomplete_rows
,,,,,,,<na>,,,,,,,,,528,all important fields empty,remove_incomplete_rows
,,,,,,,<na>,,,,,,,,,532,all important fields empty,remove_incomplete_rows
,,,,,,,<na>,,,,,,,,,533,all important fields empty,remove_incomplete_rows
,,,,,,,<na>,,,,,,,,,536,all important fields empty,remove_incomplete_rows
,,,,,,,<na>,,,,,,,,,537,all important fields empty,remove_incomplete_rows
,,,,,,,<na>,,,,,,,,,540,all important fields empty,remove_incomplete_rows
,,,,,,,<na>,,,,,,,,,541,all important fields empty,remove_incomplete_rows
,,,,,,,<na>,,,,,,,,,544,all important fields empty,remove_incomplete_rows
,,,,,,,<na>,,,,,,,,,545,all important fields empty,remove_incomplete_rows
,,,,,,,<na>,,,,,,,,,548,all important fields empty,remove_incomplete_rows
,,,,,,,<na>,,,,,,,,,549,all important fields empty,remove_incomplete_rows
,,,,,,,<na>,,,,,,,,,553,all important fields empty,remove_incomplete_rows
,,,,,,,<na>,,,,,,,,,554,all important fields empty,remove_incomplete_rows
,,,,,,,<na>,,,,,,,,,557,all important fields empty,remove_incomplete_rows
,,,,,,,<na>,,,,,,,,,558,all important fields empty,remove_incomplete_rows
,,,,,,,<na>,,,,,,,,,561,all important fields empty,remove_incomplete_rows
,,,,,,,<na>,,,,,,,,,562,all important fields empty,remove_incomplete_rows
,,,,,,,<na>,,,,,,,,,565,all important fields empty,remove_incomplete_rows
,,,,,,,<na>,,,,,,,,,566,all important fields empty,remove_incomplete_rows
,,,,,,,<na>,,,,,,,,,570,all important fields empty,remove_incomplete_rows
,,,,,,,<na>,,,,,,,,,571,all important fields empty,remove_incomplete_rows
,,,,,,,<na>,,,,,,,,,574,all important fields empty,remove_incomplete_rows
,,,,,,,<na>,,,,,,,,,575,all important fields empty,remove_incomplete_rows
,,,,,,,<na>,,,,,,,,,578,all important fields empty,remove_incomplete_rows
,,,,,,,<na>,,,,,,,,,579,all important fields empty,remove_incomplete_rows
,,,,,,,<na>,,,,,,,,,582,all important fields empty,remove_incomplete_rows
,,,,,,,<na>,,,,,,,,,583,all important fields empty,remove_incomplete_rows
,,,,,,,<na>,,,,,,,,,586,all important fields empty,remove_incomplete_rows
,,,,,,,<na>,,,,,,,,,587,all important fields empty,remove_incomplete_rows
,,,,,,,<na>,,,,,,,,,600,all important fields empty,remove_incomplete_rows
,,,,,,,<na>,,,,,,,,,601,all important fields empty,remove_incomplete_rows
,,,,,,,<na>,,,,,,,,,606,all important fields empty,remove_incomplete_rows
,,,,,,,<na>,,,,,,,,,607,all important fields empty,remove_incomplete_rows
,,,,,,,<na>,,,,,,,,,614,all important fields empty,remove_incomplete_rows
,,,,,,,<na>,,,,,,,,,615,all important fields empty,remove_incomplete_rows
,,,,,,,<na>,,,,,,,,,618,all important fields empty,remove_incomplete_rows
,,,,,,,<na>,,,,,,,,,619,all important fields empty,remove_incomplete_rows
,,,,,,,<na>,,,,,,,,,624,all important fields empty,remove_incomplete_rows
,,,,,,,<na>,,,,,,,,,625,all important fields empty,remove_incomplete_rows
,,,,,,,<na>,,,,,,,,,628,all important fields empty,remove_incomplete_rows
,,,,,,,<na>,,,,,,,,,629,all important fields empty,remove_incomplete_rows
,,,,,,,<na>,,,,,,,,,632,all important fields empty,remove_incomplete_rows
,,,,,,,<na>,,,,,,,,,633,all important fields empty,remove_incomplete_rows
,,,,,,,<na>,,,,,,,,,636,all important fields empty,remove_incomplete_rows
,,,,,,,<na>,,,,,,,,,637,all important fields empty,remove_incomplete_rows
,,,,,,,<na>,,,,,,,,,641,all important fields empty,remove_incomplete_rows
,,,,,,,<na>,,,,,,,,,642,all important fields empty,remove_incomplete_rows
,,,,,,,<na>,,,,,,,,,646,all important fields empty,remove_incomplete_rows
,,,,,,,<na>,,,,,,,,,647,all important fields empty,remove_incomplete_rows
,,,,,,,<na>,,,,,,,,,650,all important fields empty,remove_incomplete_rows
,,,,,,,<na>,,,,,,,,,651,all important fields empty,remove_incomplete_rows
,,,,,,,<na>,,,,,,,,,654,all important fields empty,remove_incomplete_rows
,,,,,,,<na>,,,,,,,,,655,all important fields empty,remove_incomplete_rows
,,,,,,,<na>,,,,,,,,,660,all important fields empty,remove_incomplete_rows
,,,,,,,<na>,,,,,,,,,661,all important fields empty,remove_incomplete_rows
,,,,,,,<na>,,,,,,,,,664,all important fields empty,remove_incomplete_rows
,,,,,,,<na>,,,,,,,,,665,all important fields empty,remove_incomplete_rows
,,,,,,,<na>,,,,,,,,,668,all important fields empty,remove_incomplete_rows
,,,,,,,<na>,,,,,,,,,669,all important fields empty,remove_incomplete_rows
,,,,,,,<na>,,,,,,,,,673,all important fields empty,remove_incomplete_rows
,,,,,,,<na>,,,,,,,,,674,all important fields empty,remove_incomplete_rows
,,,,,,,<na>,,,,,,,,,677,all important fields empty,remove_incomplete_rows
,,,,,,,<na>,,,,,,,,,678,all important fields empty,remove_incomplete_rows
,,,,,,,<na>,,,,,,,,,685,all important fields empty,remove_incomplete_rows
,,,,,,,<na>,,,,,,,,,686,all important fields empty,remove_incomplete_rows
,,,,,,,<na>,,,,,,,,,691,all important fields empty,remove_incomplete_rows
,,,,,,,<na>,,,,,,,,,692,all important fields empty,remove_incomplete_rows
,,,,,,,<na>,,,,,,,,,695,all important fields empty,remove_incomplete_rows
,,,,,,,<na>,,,,,,,,,696,all important fields empty,remove_incomplete_rows
,,,,,,,<na>,,,,,,,,,701,all important fields empty,remove_incomplete_rows
,,,,,,,<na>,,,,,,,,,702,all important fields empty,remove_incomplete_rows
,,,,,,,<na>,,,,,,,,,705,all important fields empty,remove_incomplete_rows
,,,,,,,<na>,,,,,,,,,706,all important fields empty,remove_incomplete_rows
,,,,,,,<na>,,,,,,,,,710,all important fields empty,remove_incomplete_rows
,,,,,,,<na>,,,,,,,,,711,all important fields empty,remove_incomplete_rows
,,,,,,,<na>,,,,,,,,,714,all important fields empty,remove_incomplete_rows
,,,,,,,<na>,,,,,,,,,715,all important fields empty,remove_incomplete_rows
,,,,,,,<na>,,,,,,,,,718,all important fields empty,remove_incomplete_rows
,,,,,,,<na>,,,,,,,,,719,all important fields empty,remove_incomplete_rows
,,,,,,,<na>,,,,,,,,,726,all important fields empty,remove_incomplete_rows
,,,,,,,<na>,,,,,,,,,727,all important fields empty,remove_incomplete_rows
,,,,,,,<na>,,,,,,,,,730,all important fields empty,remove_incomplete_rows
,,,,,,,<na>,,,,,,,,,731,all important fields empty,remove_incomplete_rows
,,,,,,,<na>,,,,,,,,,734,all important fields empty,remove_incomplete_rows
,,,,,,,<na>,,,,,,,,,735,all important fields empty,remove_incomplete_rows
,,,,,,,<na>,,,,,,,,,738,all important fields empty,remove_incomplete_rows
,,,,,,,<na>,,,,,,,,,739,all important fields empty,remove_incomplete_rows
,,,,,,,<na>,,,,,,,,,743,all important fields empty,remove_incomplete_rows
,,,,,,,<na>,,,,,,,,,744,all important fields empty,remove_incomplete_rows
,,,,,,,<na>,,,,,,,,,747,all important fields empty,remove_incomplete_rows
,,,,,,,<na>,,,,,,,,,748,all important fields empty,remove_incomplete_rows
,,,,,,,<na>,,,,,,,,,751,all important fields empty,remove_incomplete_rows
,,,,,,,<na>,,,,,,,,,752,all important fields empty,remove_incomplete_rows
,,,,,,,<na>,,,,,,,,,755,all important fields empty,remove_incomplete_rows
,,,,,,,<na>,,,,,,,,,756,all important fields empty,remove_incomplete_rows
,,,,,,,<na>,,,,,,,,,759,all important fields empty,remove_incomplete_rows
,,,,,,,<na>,,,,,,,,,760,all important fields empty,remove_incomplete_rows
,,,,,,,<na>,,,,,,,,,763,all important fields empty,remove_incomplete_rows
,,,,,,,<na>,,,,,,,,,764,all important fields empty,remove_incomplete_rows
,,,,,,,<na>,,,,,,,,,768,all important fields empty,remove_incomplete_rows
,,,,,,,<na>,,,,,,,,,769,all important fields empty,remove_incomplete_rows
,,,,,,,<na>,,,,,,,,,772,all important fields empty,remove_incomplete_rows
,,,,,,,<na>,,,,,,,,,773,all important fields empty,remove_incomplete_rows
,,,,,,,<na>,,,,,,,,,777,all important fields empty,remove_incomplete_rows
,,,,,,,<na>,,,,,,,,,778,all important fields empty,remove_incomplete_rows
,,,,,,,<na>,,,,,,,,,781,all important fields empty,remove_incomplete_rows
,,,,,,,<na>,,,,,,,,,782,all important fields empty,remove_incomplete_rows
,,,,,,,<na>,,,,,,,,,785,all important fields empty,remove_incomplete_rows
,,,,,,,<na>,,,,,,,,,786,all important fields empty,remove_incomplete_rows
,,,,,,,<na>,,,,,,,,,789,all important fields empty,remove_incomplete_rows
,,,,,,,<na>,,,,,,,,,790,all important fields empty,remove_incomplete_rows
,,,,,,,<na>,,,,,,,,,795,all important fields empty,remove_incomplete_rows
,,,,,,,<na>,,,,,,,,,796,all important fields empty,remove_incomplete_rows
,,,,,,,<na>,,,,,,,,,799,all important fields empty,remove_incomplete_rows
,,,,,,,<na>,,,,,,,,,800,all important fields empty,remove_incomplete_rows
,,,,,,,<na>,,,,,,,,,804,all important fields empty,remove_incomplete_rows
,,,,,,,<na>,,,,,,,,,805,all important fields empty,remove_incomplete_rows
,,,,,,,<na>,,,,,,,,,810,all important fields empty,remove_incomplete_rows
,,,,,,,<na>,,,,,,,,,811,all important fields empty,remove_incomplete_rows
,,,,,,,<na>,,,,,,,,,815,all important fields empty,remove_incomplete_rows
,,,,,,,<na>,,,,,,,,,816,all important fields empty,remove_incomplete_rows
,,,,,,,<na>,,,,,,,,,820,all important fields empty,remove_incomplete_rows
,,,,,,,<na>,,,,,,,,,821,all important fields empty,remove_incomplete_rows
,,,,,,,<na>,,,,,,,,,824,all important fields empty,remove_incomplete_rows
,,,,,,,<na>,,,,,,,,,825,all important fields empty,remove_incomplete_rows
,,,,,,,<na>,,,,,,,,,830,all important fields empty,remove_incomplete_rows
,,,,,,,<na>,,,,,,,,,831,all important fields empty,remove_incomplete_rows
,,,,,,,<na>,,,,,,,,,837,all important fields empty,remove_incomplete_rows
,,,,,,,<na>,,,,,,,,,838,all important fields empty,remove_incomplete_rows
,,,,,,,<na>,,,,,,,,,843,all important fields empty,remove_incomplete_rows
,,,,,,,<na>,,,,,,,,,844,all important fields empty,remove_incomplete_rows
,,,,,,,<na>,,,,,,,,,847,all important fields empty,remove_incomplete_rows
,,,,,,,<na>,,,,,,,,,848,all important fields empty,remove_incomplete_rows
,,,,,,,<na>,,,,,,,,,851,all important fields empty,remove_incomplete_rows
,,,,,,,<na>,,,,,,,,,852,all important fields empty,remove_incomplete_rows
,,,,,,,<na>,,,,,,,,,857,all important fields empty,remove_incomplete_rows
,,,,,,,<na>,,,,,,,,,858,all important fields empty,remove_incomplete_rows
,,,,,,,<na>,,,,,,,,,861,all important fields empty,remove_incomplete_rows
,,,,,,,<na>,,,,,,,,,862,all important fields empty,remove_incomplete_rows
,,,,,,,<na>,,,,,,,,,865,all important fields empty,remove_incomplete_rows
,,,,,,,<na>,,,,,,,,,866,all important fields empty,remove_incomplete_rows
,,,,,,,<na>,,,,,,,,,869,all important fields empty,remove_incomplete_rows
,,,,,,,<na>,,,,,,,,,870,all important fields empty,remove_incomplete_rows
,,,,,,,<na>,,,,,,,,,876,all important fields empty,remove_incomplete_rows
,,,,,,,<na>,,,,,,,,,877,all important fields empty,remove_incomplete_rows
,,,,,,,<na>,,,,,,,,,880,all important fields empty,remove_incomplete_rows
,,,,,,,<na>,,,,,,,,,881,all important fields empty,remove_incomplete_rows
,,,,,,,<na>,,,,,,,,,887,all important fields empty,remove_incomplete_rows
,,,,,,,<na>,,,,,,,,,888,all important fields empty,remove_incomplete_rows
,,,,,,,<na>,,,,,,,,,893,all important fields empty,remove_incomplete_rows
,,,,,,,<na>,,,,,,,,,894,all important fields empty,remove_incomplete_rows
,,,,,,,<na>,,,,,,,,,897,all important fields empty,remove_incomplete_rows
,,,,,,,<na>,,,,,,,,,898,all important fields empty,remove_incomplete_rows
,,,,,,,<na>,,,,,,,,,901,all important fields empty,remove_incomplete_rows
,,,,,,,<na>,,,,,,,,,902,all important fields empty,remove_incomplete_rows
,,,,,,,<na>,,,,,,,,,906,all important fields empty,remove_incomplete_rows
,,,,,,,<na>,,,,,,,,,907,all important fields empty,remove_incomplete_rows
,,,,,,,<na>,,,,,,,,,911,all important fields empty,remove_incomplete_rows
,,,,,,,<na>,,,,,,,,,912,all important fields empty,remove_incomplete_rows
,,,,,,,<na>,,,,,,,,,915,all important fields empty,remove_incomplete_rows
,,,,,,,<na>,,,,,,,,,916,all important fields empty,remove_incomplete_rows
,,,,,,,<na>,,,,,,,,,920,all important fields empty,remove_incomplete_rows
,,,,,,,<na>,,,,,,,,,921,all important fields empty,remove_incomplete_rows
,,,,,,,<na>,,,,,,,,,925,all important fields empty,remove_incomplete_rows
,,,,,,,<na>,,,,,,,,,926,all important fields empty,remove_incomplete_rows
,,,,,,,<na>,,,,,,,,,929,all important fields empty,remove_incomplete_rows
,,,,,,,<na>,,,,,,,,,930,all important fields empty,remove_incomplete_rows
,,,,,,,<na>,,,,,,,,,933,all important fields empty,remove_incomplete_rows
,,,,,,,<na>,,,,,,,,,934,all important fields empty,remove_incomplete_rows
,,,,,,,<na>,,,,,,,,,937,all important fields empty,remove_incomplete_rows
,,,,,,,<na>,,,,,,,,,938,all important fields empty,remove_incomplete_rows
,,,,,,,<na>,,,,,,,,,942,all important fields empty,remove_incomplete_rows
,,,,,,,<na>,,,,,,,,,943,all important fields empty,remove_incomplete_rows
,,,,,,,<na>,,,,,,,,,952,all important fields empty,remove_incomplete_rows
,,,,,,,<na>,,,,,,,,,953,all important fields empty,remove_incomplete_rows
,,,,,,,<na>,,,,,,,,,956,all important fields empty,remove_incomplete_rows
,,,,,,,<na>,,,,,,,,,957,all important fields empty,remove_incomplete_rows
,,,,,,,<na>,,,,,,,,,960,all important fields empty,remove_incomplete_rows
,,,,,,,<na>,,,,,,,,,961,all important fields empty,remove_incomplete_rows
,,,,,,,<na>,,,,,,,,,964,all important fields empty,remove_incomplete_rows
,,,,,,,<na>,,,,,,,,,965,all important fields empty,remove_incomplete_rows
,,,,,,,<na>,,,,,,,,,968,all important fields empty,remove_incomplete_rows
,,,,,,,<na>,,,,,,,,,969,all important fields empty,remove_incomplete_rows
,,,,,,,<na>,,,,,,,,,973,all important fields empty,remove_incomplete_rows
,,,,,,,<na>,,,,,,,,,974,all important fields empty,remove_incomplete_rows
,,,,,,,<na>,,,,,,,,,978,all important fields empty,remove_incomplete_rows
,,,,,,,<na>,,,,,,,,,979,all important fields empty,remove_incomplete_rows
,,,,,,,<na>,,,,,,,,,982,all important fields empty,remove_incomplete_rows
,,,,,,,<na>,,,,,,,,,983,all important fields empty,remove_incomplete_rows
,,,,,,,<na>,,,,,,,,,986,all important fields empty,remove_incomplete_rows
,,,,,,,<na>,,,,,,,,,987,all important fields empty,remove_incomplete_rows
,,,,,,,<na>,,,,,,,,,990,all important fields empty,remove_incomplete_rows
,,,,,,,<na>,,,,,,,,,991,all important fields empty,remove_incomplete_rows
,,,,,,,<na>,,,,,,,,,994,all important fields empty,remove_incomplete_rows
,,,,,,,<na>,,,,,,,,,995,all important fields empty,remove_incomplete_rows
,,,,,,,<na>,,,,,,,,,998,all important fields empty,remove_incomplete_rows
,,,,,,,<na>,,,,,,,,,999,all important fields empty,remove_incomplete_rows
,,,,,,,<na>,,,,,,,,,1004,all important fields empty,remove_incomplete_rows
,,,,,,,<na>,,,,,,,,,1005,all important fields empty,remove_incomplete_rows
,,,,,,,<na>,,,,,,,,,1008,all important fields empty,remove_incomplete_rows
,,,,,,,<na>,,,,,,,,,1009,all important fields empty,remove_incomplete_rows
,,,,,,,<na>,,,,,,,,,1012,all important fields empty,remove_incomplete_rows
,,,,,,,<na>,,,,,,,,,1013,all important fields empty,remove_incomplete_rows
,,,,,,,<na>,,,,,,,,,1017,all important fields empty,remove_incomplete_rows
,,,,,,,<na>,,,,,,,,,1018,all important fields empty,remove_incomplete_rows
,,,,,,,<na>,,,,,,,,,1021,all important fields empty,remove_incomplete_rows
,,,,,,,<na>,,,,,,,,,1022,all important fields empty,remove_incomplete_rows
,,,,,,,<na>,,,,,,,,,1025,all important fields empty,remove_incomplete_rows
,,,,,,,<na>,,,,,,,,,1026,all important fields empty,remove_incomplete_rows
,,,,,,,<na>,,,,,,,,,1029,all important fields empty,remove_incomplete_rows
,,,,,,,<na>,,,,,,,,,1030,all important fields empty,remove_incomplete_rows
,,,,,,,<na>,,,,,,,,,1033,all important fields empty,remove_incomplete_rows
,,,,,,,<na>,,,,,,,,,1034,all important fields empty,remove_incomplete_rows
,,,,,,,<na>,,,,,,,,,1037,all important fields empty,remove_incomplete_rows
,,,,,,,<na>,,,,,,,,,1038,all important fields empty,remove_incomplete_rows
,,,,,,,<na>,,,,,,,,,1041,all important fields empty,remove_incomplete_rows
,,,,,,,<na>,,,,,,,,,1042,all important fields empty,remove_incomplete_rows
,,,,,,,<na>,,,,,,,,,1045,all important fields empty,remove_incomplete_rows
,,,,,,,<na>,,,,,,,,,1046,all important fields empty,remove_incomplete_rows
,,,,,,,<na>,,,,,,,,,1049,all important fields empty,remove_incomplete_rows
,,,,,,,<na>,,,,,,,,,1050,all important fields empty,remove_incomplete_rows
,,,,,,,<na>,,,,,,,,,1060,all important fields empty,remove_incomplete_rows
,,,,,,,<na>,,,,,,,,,1061,all important fields empty,remove_incomplete_rows
,,,,,,,<na>,,,,,,,,,1064,all important fields empty,remove_incomplete_rows
,,,,,,,<na>,,,,,,,,,1065,all important fields empty,remove_incomplete_rows
,,,,,,,<na>,,,,,,,,,1068,all important fields empty,remove_incomplete_rows
,,,,,,,<na>,,,,,,,,,1069,all important fields empty,remove_incomplete_rows
,,,,,,,<na>,,,,,,,,,1072,all important fields empty,remove_incomplete_rows
,,,,,,,<na>,,,,,,,,,1073,all important fields empty,remove_incomplete_rows
,,,,,,,<na>,,,,,,,,,1076,all important fields empty,remove_incomplete_rows
,,,,,,,<na>,,,,,,,,,1077,all important fields empty,remove_incomplete_rows
,,,,,,,<na>,,,,,,,,,1081,all important fields empty,remove_incomplete_rows
,,,,,,,<na>,,,,,,,,,1082,all important fields empty,remove_incomplete_rows
,,,,,,,<na>,,,,,,,,,1085,all important fields empty,remove_incomplete_rows
,,,,,,,<na>,,,,,,,,,1086,all important fields empty,remove_incomplete_rows
,,,,,,,<na>,,,,,,,,,1090,all important fields empty,remove_incomplete_rows
,,,,,,,<na>,,,,,,,,,1091,all important fields empty,remove_incomplete_rows
,,,,,,,<na>,,,,,,,,,1095,all important fields empty,remove_incomplete_rows
,,,,,,,<na>,,,,,,,,,1096,all important fields empty,remove_incomplete_rows
,,,,,,,<na>,,,,,,,,,1099,all important fields empty,remove_incomplete_rows
,,,,,,,<na>,,,,,,,,,1100,all important fields empty,remove_incomplete_rows
,,,,,,,<na>,,,,,,,,,1103,all important fields empty,remove_incomplete_rows
,,,,,,,<na>,,,,,,,,,1104,all important fields empty,remove_incomplete_rows
,,,,,,,<na>,,,,,,,,,1108,all important fields empty,remove_incomplete_rows
,,,,,,,<na>,,,,,,,,,1109,all important fields empty,remove_incomplete_rows
,,,,,,,<na>,,,,,,,,,1112,all important fields empty,remove_incomplete_rows
,,,,,,,<na>,,,,,,,,,1113,all important fields empty,remove_incomplete_rows
,,,,,,,<na>,,,,,,,,,1118,all important fields empty,remove_incomplete_rows
,,,,,,,<na>,,,,,,,,,1119,all important fields empty,remove_incomplete_rows
,,,,,,,<na>,,,,,,,,,1122,all important fields empty,remove_incomplete_rows
,,,,,,,<na>,,,,,,,,,1123,all important fields empty,remove_incomplete_rows
,,,,,,,<na>,,,,,,,,,1127,all important fields empty,remove_incomplete_rows
,,,,,,,<na>,,,,,,,,,1128,all important fields empty,remove_incomplete_rows
,,,,,,,<na>,,,,,,,,,1131,all important fields empty,remove_incomplete_rows
,,,,,,,<na>,,,,,,,,,1132,all important fields empty,remove_incomplete_rows
,,,,,,,<na>,,,,,,,,,1136,all important fields empty,remove_incomplete_rows
,,,,,,,<na>,,,,,,,,,1137,all important fields empty,remove_incomplete_rows
,,,,,,,<na>,,,,,,,,,1146,all important fields empty,remove_incomplete_rows
,,,,,,,<na>,,,,,,,,,1147,all important fields empty,remove_incomplete_rows
,,,,,,,<na>,,,,,,,,,1150,all important fields empty,remove_incomplete_rows
,,,,,,,<na>,,,,,,,,,1151,all important fields empty,remove_incomplete_rows
,,,,,,,<na>,,,,,,,,,1154,all important fields empty,remove_incomplete_rows
,,,,,,,<na>,,,,,,,,,1155,all important fields empty,remove_incomplete_rows
,,,,,,,<na>,,,,,,,,,1158,all important fields empty,remove_incomplete_rows
,,,,,,,<na>,,,,,,,,,1159,all important fields empty,remove_incomplete_rows
,,,,,,,<na>,,,,,,,,,1162,all important fields empty,remove_incomplete_rows
,,,,,,,<na>,,,,,,,,,1163,all important fields empty,remove_incomplete_rows
,,,,,,,<na>,,,,,,,,,1166,all important fields empty,remove_incomplete_rows
,,,,,,,<na>,,,,,,,,,1167,all important fields empty,remove_incomplete_rows
,,,,,,,<na>,,,,,,,,,1170,all important fields empty,remove_incomplete_rows
,,,,,,,<na>,,,,,,,,,1171,all important fields empty,remove_incomplete_rows
,,,,,,,<na>,,,,,,,,,1174,all important fields empty,remove_incomplete_rows
,,,,,,,<na>,,,,,,,,,1175,all important fields empty,remove_incomplete_rows
,,,,,,,<na>,,,,,,,,,1178,all important fields empty,remove_incomplete_rows
,,,,,,,<na>,,,,,,,,,1179,all important fields empty,remove_incomplete_rows
,,,,,,,<na>,,,,,,,,,1182,all important fields empty,remove_incomplete_rows
,,,,,,,<na>,,,,,,,,,1183,all important fields empty,remove_incomplete_rows
,,,,,,,<na>,,,,,,,,,1186,all important fields empty,remove_incomplete_rows
,,,,,,,<na>,,,,,,,,,1187,all important fields empty,remove_incomplete_rows
,,,,,,,<na>,,,,,,,,,1190,all important fields empty,remove_incomplete_rows
,,,,,,,<na>,,,,,,,,,1191,all important fields empty,remove_incomplete_rows
,,,,,,,<na>,,,,,,,,,1194,all important fields empty,remove_incomplete_rows
,,,,,,,<na>,,,,,,,,,1195,all important fields empty,remove_incomplete_rows
,,,,,,,<na>,,,,,,,,,1198,all important fields empty,remove_incomplete_rows
,,,,,,,<na>,,,,,,,,,1199,all important fields empty,remove_incomplete_rows
,,,,,,,<na>,,,,,,,,,1202,all important fields empty,remove_incomplete_rows
,,,,,,,<na>,,,,,,,,,1203,all important fields empty,remove_incomplete_rows
,,,,,,,<na>,,,,,,,,,1206,all important fields empty,remove_incomplete_rows
,,,,,,,<na>,,,,,,,,,1207,all important fields empty,remove_incomplete_rows
,,,,,,,<na>,,,,,,,,,1210,all important fields empty,remove_incomplete_rows
,,,,,,,<na>,,,,,,,,,1211,all important fields empty,remove_incomplete_rows
,,,,,,,<na>,,,,,,,,,1214,all important fields empty,remove_incomplete_rows
,,,,,,,<na>,,,,,,,,,1215,all important fields empty,remove_incomplete_rows
,,,,,,,<na>,,,,,,,,,1219,all important fields empty,remove_incomplete_rows
,,,,,,,<na>,,,,,,,,,1220,all important fields empty,remove_incomplete_rows
,,,,,,,<na>,,,,,,,,,1227,all important fields empty,remove_incomplete_rows
,,,,,,,<na>,,,,,,,,,1228,all important fields empty,remove_incomplete_rows
,,,,,,,<na>,,,,,,,,,1231,all important fields empty,remove_incomplete_rows
,,,,,,,<na>,,,,,,,,,1232,all important fields empty,remove_incomplete_rows
,,,,,,,<na>,,,,,,,,,1237,all important fields empty,remove_incomplete_rows
,,,,,,,<na>,,,,,,,,,1238,all important fields empty,remove_incomplete_rows
,,,,,,,<na>,,,,,,,,,1241,all important fields empty,remove_incomplete_rows
,,,,,,,<na>,,,,,,,,,1242,all important fields empty,remove_incomplete_rows
,,,,,,,<na>,,,,,,,,,1248,all important fields empty,remove_incomplete_rows
,,,,,,,<na>,,,,,,,,,1249,all important fields empty,remove_incomplete_rows
,,,,,,,<na>,,,,,,,,,1252,all important fields empty,remove_incomplete_rows
,,,,,,,<na>,,,,,,,,,1253,all important fields empty,remove_incomplete_rows
,,,,,,,<na>,,,,,,,,,1256,all important fields empty,remove_incomplete_rows
,,,,,,,<na>,,,,,,,,,1257,all important fields empty,remove_incomplete_rows
,,,,,,,<na>,,,,,,,,,1260,all important fields empty,remove_incomplete_rows
,,,,,,,<na>,,,,,,,,,1261,all important fields empty,remove_incomplete_rows
,,,,,,,<na>,,,,,,,,,1264,all important fields empty,remove_incomplete_rows
,,,,,,,<na>,,,,,,,,,1265,all important fields empty,remove_incomplete_rows
,,,,,,,<na>,,,,,,,,,1268,all important fields empty,remove_incomplete_rows
,,,,,,,<na>,,,,,,,,,1269,all important fields empty,remove_incomplete_rows
,,,,,,,<na>,,,,,,,,,1272,all important fields empty,remove_incomplete_rows
,,,,,,,<na>,,,,,,,,,1273,all important fields empty,remove_incomplete_rows
,,,,,,,<na>,,,,,,,,,1277,all important fields empty,remove_incomplete_rows
,,,,,,,<na>,,,,,,,,,1278,all important fields empty,remove_incomplete_rows
,,,,,,,<na>,,,,,,,,,1281,all important fields empty,remove_incomplete_rows
,,,,,,,<na>,,,,,,,,,1282,all important fields empty,remove_incomplete_rows
,,,,,,,<na>,,,,,,,,,1287,all important fields empty,remove_incomplete_rows
,,,,,,,<na>,,,,,,,,,1288,all important fields empty,remove_incomplete_rows
,,,,,,,<na>,,,,,,,,,1291,all important fields empty,remove_incomplete_rows
,,,,,,,<na>,,,,,,,,,1292,all important fields empty,remove_incomplete_rows
,,,,,,,<na>,,,,,,,,,1296,all important fields empty,remove_incomplete_rows
,,,,,,,<na>,,,,,,,,,1297,all important fields empty,remove_incomplete_rows
,,,,,,,<na>,,,,,,,,,1300,all important fields empty,remove_incomplete_rows
,,,,,,,<na>,,,,,,,,,1301,all important fields empty,remove_incomplete_rows
,,,,,,,<na>,,,,,,,,,1304,all important fields empty,remove_incomplete_rows
,,,,,,,<na>,,,,,,,,,1305,all important fields empty,remove_incomplete_rows
,,,,,,,<na>,,,,,,,,,1308,all important fields empty,remove_incomplete_rows
,,,,,,,<na>,,,,,,,,,1309,all important fields empty,remove_incomplete_rows
,,,,,,,<na>,,,,,,,,,1312,all important fields empty,remove_incomplete_rows
,,,,,,,<na>,,,,,,,,,1313,all important fields empty,remove_incomplete_rows
,,,,,,,<na>,,,,,,,,,1316,all important fields empty,remove_incomplete_rows
,,,,,,,<na>,,,,,,,,,1317,all important fields empty,remove_incomplete_rows
,,,,,,,<na>,,,,,,,,,1320,all important fields empty,remove_incomplete_rows
,,,,,,,<na>,,,,,,,,,1321,all important fields empty,remove_incomplete_rows
,,,,,,,<na>,,,,,,,,,1326,all important fields empty,remove_incomplete_rows
,,,,,,,<na>,,,,,,,,,1327,all important fields empty,remove_incomplete_rows
,,,,,,,<na>,,,,,,,,,1331,all important fields empty,remove_incomplete_rows
,,,,,,,<na>,,,,,,,,,1332,all important fields empty,remove_incomplete_rows
,,,,,,,<na>,,,,,,,,,1335,all important fields empty,remove_incomplete_rows
,,,,,,,<na>,,,,,,,,,1336,all important fields empty,remove_incomplete_rows
,,,,,,,<na>,,,,,,,,,1339,all important fields empty,remove_incomplete_rows
,,,,,,,<na>,,,,,,,,,1340,all important fields empty,remove_incomplete_rows
,,,,,,,<na>,,,,,,,,,1343,all important fields empty,remove_incomplete_rows
,,,,,,,<na>,,,,,,,,,1344,all important fields empty,remove_incomplete_rows
,,,,,,,<na>,,,,,,,,,1347,all important fields empty,remove_incomplete_rows
,,,,,,,<na>,,,,,,,,,1348,all important fields empty,remove_incomplete_rows
,,,,,,,<na>,,,,,,,,,1351,all important fields empty,remove_incomplete_rows
,,,,,,,<na>,,,,,,,,,1352,all important fields empty,remove_incomplete_rows
,,,,,,,<na>,,,,,,,,,1358,all important fields empty,remove_incomplete_rows
,,,,,,,<na>,,,,,,,,,1359,all important fields empty,remove_incomplete_rows
,,,,,,,<na>,,,,,,,,,1363,all important fields empty,remove_incomplete_rows
,,,,,,,<na>,,,,,,,,,1364,all important fields empty,remove_incomplete_rows
,,,,,,,<na>,,,,,,,,,1368,all important fields empty,remove_incomplete_rows
,,,,,,,<na>,,,,,,,,,1369,all important fields empty,remove_incomplete_rows
,,,,,,,<na>,,,,,,,,,1372,all important fields empty,remove_incomplete_rows
,,,,,,,<na>,,,,,,,,,1373,all important fields empty,remove_incomplete_rows
,,,,,,,<na>,,,,,,,,,1376,all important fields empty,remove_incomplete_rows
,,,,,,,<na>,,,,,,,,,1377,all important fields empty,remove_incomplete_rows
,,,,,,,<na>,,,,,,,,,1381,all important fields empty,remove_incomplete_rows
,,,,,,,<na>,,,,,,,,,1382,all important fields empty,remove_incomplete_rows
,,,,,,,<na>,,,,,,,,,1386,all important fields empty,remove_incomplete_rows
,,,,,,,<na>,,,,,,,,,1387,all important fields empty,remove_incomplete_rows
,,,,,,,<na>,,,,,,,,,1394,all important fields empty,remove_incomplete_rows
,,,,,,,<na>,,,,,,,,,1395,all important fields empty,remove_incomplete_rows
,,,,,,,<na>,,,,,,,,,1400,all important fields empty,remove_incomplete_rows
,,,,,,,<na>,,,,,,,,,1401,all important fields empty,remove_incomplete_rows
,,,,,,,<na>,,,,,,,,,1404,all important fields empty,remove_incomplete_rows
,,,,,,,<na>,,,,,,,,,1405,all important fields empty,remove_incomplete_rows
,,,,,,,<na>,,,,,,,,,1408,all important fields empty,remove_incomplete_rows
,,,,,,,<na>,,,,,,,,,1409,all important fields empty,remove_incomplete_rows
,,,,,,,<na>,,,,,,,,,1412,all important fields empty,remove_incomplete_rows
,,,,,,,<na>,,,,,,,,,1413,all important fields empty,remove_incomplete_rows
,,,,,,,<na>,,,,,,,,,1416,all important fields empty,remove_incomplete_rows
,,,,,,,<na>,,,,,,,,,1417,all important fields empty,remove_incomplete_rows
,,,,,,,<na>,,,,,,,,,1420,all important fields empty,remove_incomplete_rows
,,,,,,,<na>,,,,,,,,,1421,all important fields empty,remove_incomplete_rows
,,,,,,,<na>,,,,,,,,,1428,all important fields empty,remove_incomplete_rows
,,,,,,,<na>,,,,,,,,,1429,all important fields empty,remove_incomplete_rows
,,,,,,,<na>,,,,,,,,,1432,all important fields empty,remove_incomplete_rows
,,,,,,,<na>,,,,,,,,,1433,all important fields empty,remove_incomplete_rows
,,,,,,,<na>,,,,,,,,,1436,all important fields empty,remove_incomplete_rows
,,,,,,,<na>,,,,,,,,,1437,all important fields empty,remove_incomplete_rows
,,,,,,,<na>,,,,,,,,,1440,all important fields empty,remove_incomplete_rows
,,,,,,,<na>,,,,,,,,,1441,all important fields empty,remove_incomplete_rows
,,,,,,,<na>,,,,,,,,,1444,all important fields empty,remove_incomplete_rows
,,,,,,,<na>,,,,,,,,,1445,all important fields empty,remove_incomplete_rows
,,,,,,,<na>,,,,,,,,,1448,all important fields empty,remove_incomplete_rows
,,,,,,,<na>,,,,,,,,,1449,all important fields empty,remove_incomplete_rows
,,,,,,,<na>,,,,,,,,,1452,all important fields empty,remove_incomplete_rows
,,,,,,,<na>,,,,,,,,,1453,all important fields empty,remove_incomplete_rows
,,,,,,,<na>,,,,,,,,,1456,all important fields empty,remove_incomplete_rows
,,,,,,,<na>,,,,,,,,,1457,all important fields empty,remove_incomplete_rows
,,,,,,,<na>,,,,,,,,,1460,all important fields empty,remove_incomplete_rows
,,,,,,,<na>,,,,,,,,,1461,all important fields empty,remove_incomplete_rows
,,,,,,,<na>,,,,,,,,,1464,all important fields empty,remove_incomplete_rows
,,,,,,,<na>,,,,,,,,,1465,all important fields empty,remove_incomplete_rows
,,,,,,,<na>,,,,,,,,,1469,all important fields empty,remove_incomplete_rows
,,,,,,,<na>,,,,,,,,,1470,all important fields empty,remove_incomplete_rows
,,,,,,,<na>,,,,,,,,,1473,all important fields empty,remove_incomplete_rows
,,,,,,,<na>,,,,,,,,,1474,all important fields empty,remove_incomplete_rows
,,,,,,,<na>,,,,,,,,,1478,all important fields empty,remove_incomplete_rows
,,,,,,,<na>,,,,,,,,,1479,all important fields empty,remove_incomplete_rows
,,,,,,,<na>,,,,,,,,,1482,all important fields empty,remove_incomplete_rows
,,,,,,,<na>,,,,,,,,,1483,all important fields empty,remove_incomplete_rows
,,,,,,,<na>,,,,,,,,,1486,all important fields empty,remove_incomplete_rows
,,,,,,,<na>,,,,,,,,,1487,all important fields empty,remove_incomplete_rows
,,,,,,,<na>,,,,,,,,,1490,all important fields empty,remove_incomplete_rows
,,,,,,,<na>,,,,,,,,,1491,all important fields empty,remove_incomplete_rows
,,,,,,,<na>,,,,,,,,,1494,all important fields empty,remove_incomplete_rows
,,,,,,,<na>,,,,,,,,,1495,all important fields empty,remove_incomplete_rows
,,,,,,,<na>,,,,,,,,,1499,all important fields empty,remove_incomplete_rows
,,,,,,,<na>,,,,,,,,,1500,all important fields empty,remove_incomplete_rows
,,,,,,,<na>,,,,,,,,,1503,all important fields empty,remove_incomplete_rows
,,,,,,,<na>,,,,,,,,,1504,all important fields empty,remove_incomplete_rows
,,,,,,,<na>,,,,,,,,,1509,all important fields empty,remove_incomplete_rows
,,,,,,,<na>,,,,,,,,,1510,all important fields empty,remove_incomplete_rows
,,,,,,,<na>,,,,,,,,,1513,all important fields empty,remove_incomplete_rows
,,,,,,,<na>,,,,,,,,,1514,all important fields empty,remove_incomplete_rows
,,,,,,,<na>,,,,,,,,,1517,all important fields empty,remove_incomplete_rows
,,,,,,,<na>,,,,,,,,,1518,all important fields empty,remove_incomplete_rows
,,,,,,,<na>,,,,,,,,,1521,all important fields empty,remove_incomplete_rows
,,,,,,,<na>,,,,,,,,,1522,all important fields empty,remove_incomplete_rows
,,,,,,,<na>,,,,,,,,,1527,all important fields empty,remove_incomplete_rows
,,,,,,,<na>,,,,,,,,,1528,all important fields empty,remove_incomplete_rows
,,,,,,,<na>,,,,,,,,,1531,all important fields empty,remove_incomplete_rows
,,,,,,,<na>,,,,,,,,,1532,all important fields empty,remove_incomplete_rows
,,,,,,,<na>,,,,,,,,,1535,all important fields empty,remove_incomplete_rows
,,,,,,,<na>,,,,,,,,,1536,all important fields empty,remove_incomplete_rows
,,,,,,,<na>,,,,,,,,,1539,all important fields empty,remove_incomplete_rows
,,,,,,,<na>,,,,,,,,,1540,all important fields empty,remove_incomplete_rows
,,,,,,,<na>,,,,,,,,,1543,all important fields empty,remove_incomplete_rows
,,,,,,,<na>,,,,,,,,,1544,all important fields empty,remove_incomplete_rows
,,,,,,,<na>,,,,,,,,,1548,all important fields empty,remove_incomplete_rows
,,,,,,,<na>,,,,,,,,,1549,all important fields empty,remove_incomplete_rows
,,,,,,,<na>,,,,,,,,,1552,all important fields empty,remove_incomplete_rows
,,,,,,,<na>,,,,,,,,,1553,all important fields empty,remove_incomplete_rows
,,,,,,,<na>,,,,,,,,,1556,all important fields empty,remove_incomplete_rows
,,,,,,,<na>,,,,,,,,,1557,all important fields empty,remove_incomplete_rows
,,,,,,,<na>,,,,,,,,,1560,all important fields empty,remove_incomplete_rows
,,,,,,,<na>,,,,,,,,,1561,all important fields empty,remove_incomplete_rows
,,,,,,,<na>,,,,,,,,,1564,all important fields empty,remove_incomplete_rows
,,,,,,,<na>,,,,,,,,,1565,all important fields empty,remove_incomplete_rows
,,,,,,,<na>,,,,,,,,,1568,all important fields empty,remove_incomplete_rows
,,,,,,,<na>,,,,,,,,,1569,all important fields empty,remove_incomplete_rows
,,,,,,,<na>,,,,,,,,,1572,all important fields empty,remove_incomplete_rows
,,,,,,,<na>,,,,,,,,,1573,all important fields empty,remove_incomplete_rows
,,,,,,,<na>,,,,,,,,,1577,all important fields empty,remove_incomplete_rows
,,,,,,,<na>,,,,,,,,,1578,all important fields empty,remove_incomplete_rows
,,,,,,,<na>,,,,,,,,,1581,all important fields empty,remove_incomplete_rows
,,,,,,,<na>,,,,,,,,,1582,all important fields empty,remove_incomplete_rows
,,,,,,,<na>,,,,,,,,,1585,all important fields empty,remove_incomplete_rows
,,,,,,,<na>,,,,,,,,,1586,all important fields empty,remove_incomplete_rows
,,,,,,,<na>,,,,,,,,,1589,all important fields empty,remove_incomplete_rows
,,,,,,,<na>,,,,,,,,,1590,all important fields empty,remove_incomplete_rows
,,,,,,,<na>,,,,,,,,,1593,all important fields empty,remove_incomplete_rows
,,,,,,,<na>,,,,,,,,,1594,all important fields empty,remove_incomplete_rows
,,,,,,,<na>,,,,,,,,,1598,all important fields empty,remove_incomplete_rows
,,,,,,,<na>,,,,,,,,,1599,all important fields empty,remove_incomplete_rows
,,,,,,,<na>,,,,,,,,,1603,all important fields empty,remove_incomplete_rows
,,,,,,,<na>,,,,,,,,,1604,all important fields empty,remove_incomplete_rows
,,,,,,,<na>,,,,,,,,,1607,all important fields empty,remove_incomplete_rows
,,,,,,,<na>,,,,,,,,,1608,all important fields empty,remove_incomplete_rows
,,,,,,,<na>,,,,,,,,,1611,all important fields empty,remove_incomplete_rows
,,,,,,,<na>,,,,,,,,,1612,all important fields empty,remove_incomplete_rows
,,,,,,,<na>,,,,,,,,,1615,all important fields empty,remove_incomplete_rows
,,,,,,,<na>,,,,,,,,,1616,all important fields empty,remove_incomplete_rows
,,,,,,,<na>,,,,,,,,,1622,all important fields empty,remove_incomplete_rows
,,,,,,,<na>,,,,,,,,,1623,all important fields empty,remove_incomplete_rows
,,,,,,,<na>,,,,,,,,,1626,all important fields empty,remove_incomplete_rows
,,,,,,,<na>,,,,,,,,,1627,all important fields empty,remove_incomplete_rows
,,,,,,,<na>,,,,,,,,,1630,all important fields empty,remove_incomplete_rows
,,,,,,,<na>,,,,,,,,,1631,all important fields empty,remove_incomplete_rows
,,,,,,,<na>,,,,,,,,,1634,all important fields empty,remove_incomplete_rows
,,,,,,,<na>,,,,,,,,,1635,all important fields empty,remove_incomplete_rows
,,,,,,,<na>,,,,,,,,,1638,all important fields empty,remove_incomplete_rows
,,,,,,,<na>,,,,,,,,,1639,all important fields empty,remove_incomplete_rows
,,,,,,,<na>,,,,,,,,,1642,all important fields empty,remove_incomplete_rows
,,,,,,,<na>,,,,,,,,,1643,all important fields empty,remove_incomplete_rows
,,,,,,,<na>,,,,,,,,,1646,all important fields empty,remove_incomplete_rows
,,,,,,,<na>,,,,,,,,,1647,all important fields empty,remove_incomplete_rows
,,,,,,,<na>,,,,,,,,,1651,all important fields empty,remove_incomplete_rows
,,,,,,,<na>,,,,,,,,,1652,all important fields empty,remove_incomplete_rows
,,,,,,,<na>,,,,,,,,,1655,all important fields empty,remove_incomplete_rows
,,,,,,,<na>,,,,,,,,,1656,all important fields empty,remove_incomplete_rows
,,,,,,,<na>,,,,,,,,,1659,all important fields empty,remove_incomplete_rows
,,,,,,,<na>,,,,,,,,,1660,all important fields empty,remove_incomplete_rows
,,,,,,,<na>,,,,,,,,,1663,all important fields empty,remove_incomplete_rows
,,,,,,,<na>,,,,,,,,,1664,all important fields empty,remove_incomplete_rows
,,,,,,,<na>,,,,,,,,,1667,all important fields empty,remove_incomplete_rows
,,,,,,,<na>,,,,,,,,,1668,all important fields empty,remove_incomplete_rows
,,,,,,,<na>,,,,,,,,,1671,all important fields empty,remove_incomplete_rows
,,,,,,,<na>,,,,,,,,,1672,all important fields empty,remove_incomplete_rows
,,,,,,,<na>,,,,,,,,,1675,all important fields empty,remove_incomplete_rows
,,,,,,,<na>,,,,,,,,,1676,all important fields empty,remove_incomplete_rows
,,,,,,,<na>,,,,,,,,,1679,all important fields empty,remove_incomplete_rows
,,,,,,,<na>,,,,,,,,,1680,all important fields empty,remove_incomplete_rows
,,,,,,,<na>,,,,,,,,,1683,all important fields empty,remove_incomplete_rows
,,,,,,,<na>,,,,,,,,,1684,all important fields empty,remove_incomplete_rows
,,,,,,,<na>,,,,,,,,,1687,all important fields empty,remove_incomplete_rows
,,,,,,,<na>,,,,,,,,,1688,all important fields empty,remove_incomplete_rows
,,,,,,,<na>,,,,,,,,,1691,all important fields empty,remove_incomplete_rows
,,,,,,,<na>,,,,,,,,,1692,all important fields empty,remove_incomplete_rows
,,,,,,,<na>,,,,,,,,,1697,all important fields empty,remove_incomplete_rows
,,,,,,,<na>,,,,,,,,,1698,all important fields empty,remove_incomplete_rows
,,,,,,,<na>,,,,,,,,,1701,all important fields empty,remove_incomplete_rows
,,,,,,,<na>,,,,,,,,,1702,all important fields empty,remove_incomplete_rows
,,,,,,,<na>,,,,,,,,,1705,all important fields empty,remove_incomplete_rows
,,,,,,,<na>,,,,,,,,,1706,all important fields empty,remove_incomplete_rows
,,,,,,,<na>,,,,,,,,,1709,all important fields empty,remove_incomplete_rows
,,,,,,,<na>,,,,,,,,,1710,all important fields empty,remove_incomplete_rows
,,,,,,,<na>,,,,,,,,,1713,all important fields empty,remove_incomplete_rows
,,,,,,,<na>,,,,,,,,,1714,all important fields empty,remove_incomplete_rows
,,,,,,,<na>,,,,,,,,,1719,all important fields empty,remove_incomplete_rows
,,,,,,,<na>,,,,,,,,,1720,all important fields empty,remove_incomplete_rows
,,,,,,,<na>,,,,,,,,,1725,all important fields empty,remove_incomplete_rows
,,,,,,,<na>,,,,,,,,,1726,all important fields empty,remove_incomplete_rows
,,,,,,,<na>,,,,,,,,,1729,all important fields empty,remove_incomplete_rows
,,,,,,,<na>,,,,,,,,,1730,all important fields empty,remove_incomplete_rows
,,,,,,,<na>,,,,,,,,,1733,all important fields empty,remove_incomplete_rows
,,,,,,,<na>,,,,,,,,,1734,all important fields empty,remove_incomplete_rows
,,,,,,,<na>,,,,,,,,,1737,all important fields empty,remove_incomplete_rows
,,,,,,,<na>,,,,,,,,,1738,all important fields empty,remove_incomplete_rows
,,,,,,,<na>,,,,,,,,,1741,all important fields empty,remove_incomplete_rows
,,,,,,,<na>,,,,,,,,,1742,all important fields empty,remove_incomplete_rows
,,,,,,,<na>,,,,,,,,,1749,all important fields empty,remove_incomplete_rows
,,,,,,,<na>,,,,,,,,,1750,all important fields empty,remove_incomplete_rows
,,,,,,,<na>,,,,,,,,,1753,all important fields empty,remove_incomplete_rows
,,,,,,,<na>,,,,,,,,,1754,all important fields empty,remove_incomplete_rows
,,,,,,,<na>,,,,,,,,,1757,all important fields empty,remove_incomplete_rows
,,,,,,,<na>,,,,,,,,,1758,all important fields empty,remove_incomplete_rows
,,,,,,,<na>,,,,,,,,,1763,all important fields empty,remove_incomplete_rows
,,,,,,,<na>,,,,,,,,,1764,all important fields empty,remove_incomplete_rows
,,,,,,,<na>,,,,,,,,,1769,all important fields empty,remove_incomplete_rows
,,,,,,,<na>,,,,,,,,,1770,all important fields empty,remove_incomplete_rows
,,,,,,,<na>,,,,,,,,,1775,all important fields empty,remove_incomplete_rows
,,,,,,,<na>,,,,,,,,,1776,all important fields empty,remove_incomplete_rows
,,,,,,,<na>,,,,,,,,,1779,all important fields empty,remove_incomplete_rows
,,,,,,,<na>,,,,,,,,,1780,all important fields empty,remove_incomplete_rows
,,,,,,,<na>,,,,,,,,,1783,all important fields empty,remove_incomplete_rows
,,,,,,,<na>,,,,,,,,,1784,all important fields empty,remove_incomplete_rows
,,,,,,,<na>,,,,,,,,,1789,all important fields empty,remove_incomplete_rows
,,,,,,,<na>,,,,,,,,,1790,all important fields empty,remove_incomplete_rows
,,,,,,,<na>,,,,,,,,,1794,all important fields empty,remove_incomplete_rows
,,,,,,,<na>,,,,,,,,,1795,all important fields empty,remove_incomplete_rows
,,,,,,,<na>,,,,,,,,,1799,all important fields empty,remove_incomplete_rows
,,,,,,,<na>,,,,,,,,,1800,all important fields empty,remove_incomplete_rows
,,,,,,,<na>,,,,,,,,,1803,all important fields empty,remove_incomplete_rows
,,,,,,,<na>,,,,,,,,,1804,all important fields empty,remove_incomplete_rows
,,,,,,,<na>,,,,,,,,,1807,all important fields empty,remove_incomplete_rows
,,,,,,,<na>,,,,,,,,,1808,all important fields empty,remove_incomplete_rows
,,,,,,,<na>,,,,,,,,,1813,all important fields empty,remove_incomplete_rows
,,,,,,,<na>,,,,,,,,,1814,all important fields empty,remove_incomplete_rows
,,,,,,,<na>,,,,,,,,,1817,all important fields empty,remove_incomplete_rows
,,,,,,,<na>,,,,,,,,,1818,all important fields empty,remove_incomplete_rows
,,,,,,,<na>,,,,,,,,,1821,all important fields empty,remove_incomplete_rows
,,,,,,,<na>,,,,,,,,,1822,all important fields empty,remove_incomplete_rows
,,,,,,,<na>,,,,,,,,,1825,all important fields empty,remove_incomplete_rows
,,,,,,,<na>,,,,,,,,,1826,all important fields empty,remove_incomplete_rows
,,,,,,,<na>,,,,,,,,,1829,all important fields empty,remove_incomplete_rows
,,,,,,,<na>,,,,,,,,,1830,all important fields empty,remove_incomplete_rows
,,,,,,,<na>,,,,,,,,,1833,all important fields empty,remove_incomplete_rows
,,,,,,,<na>,,,,,,,,,1834,all important fields empty,remove_incomplete_rows
,,,,,,,<na>,,,,,,,,,1838,all important fields empty,remove_incomplete_rows
,,,,,,,<na>,,,,,,,,,1839,all important fields empty,remove_incomplete_rows
,,,,,,,<na>,,,,,,,,,1857,all important fields empty,remove_incomplete_rows
,,,,,,,<na>,,,,,,,,,1858,all important fields empty,remove_incomplete_rows
,,,,,,,<na>,,,,,,,,,1862,all important fields empty,remove_incomplete_rows
,,,,,,,<na>,,,,,,,,,1863,all important fields empty,remove_incomplete_rows
,,,,,,,<na>,,,,,,,,,1870,all important fields empty,remove_incomplete_rows
,,,,,,,<na>,,,,,,,,,1871,all important fields empty,remove_incomplete_rows
,,,,,,,<na>,,,,,,,,,1875,all important fields empty,remove_incomplete_rows
,,,,,,,<na>,,,,,,,,,1876,all important fields empty,remove_incomplete_rows
,,,,,,,<na>,,,,,,,,,1879,all important fields empty,remove_incomplete_rows
,,,,,,,<na>,,,,,,,,,1880,all important fields empty,remove_incomplete_rows
,,,,,,,<na>,,,,,,,,,1884,all important fields empty,remove_incomplete_rows
,,,,,,,<na>,,,,,,,,,1885,all important fields empty,remove_incomplete_rows
,,,,,,,<na>,,,,,,,,,1889,all important fields empty,remove_incomplete_rows
,,,,,,,<na>,,,,,,,,,1890,all important fields empty,remove_incomplete_rows
,,,,,,,<na>,,,,,,,,,1894,all important fields empty,remove_incomplete_rows
,,,,,,,<na>,,,,,,,,,1895,all important fields empty,remove_incomplete_rows
,,,,,,,<na>,,,,,,,,,1906,all important fields empty,remove_incomplete_rows
,,,,,,,<na>,,,,,,,,,1907,all important fields empty,remove_incomplete_rows
,,,,,,,<na>,,,,,,,,,1911,all important fields empty,remove_incomplete_rows
,,,,,,,<na>,,,,,,,,,1912,all important fields empty,remove_incomplete_rows
,,,,,,,<na>,,,,,,,,,1915,all important fields empty,remove_incomplete_rows
,,,,,,,<na>,,,,,,,,,1916,all important fields empty,remove_incomplete_rows
,,,,,,,<na>,,,,,,,,,1921,all important fields empty,remove_incomplete_rows
,,,,,,,<na>,,,,,,,,,1922,all important fields empty,remove_incomplete_rows
,,,,,,,<na>,,,,,,,,,1926,all important fields empty,remove_incomplete_rows
,,,,,,,<na>,,,,,,,,,1927,all important fields empty,remove_incomplete_rows
,,,,,,,<na>,,,,,,,,,1931,all important fields empty,remove_incomplete_rows
,,,,,,,<na>,,,,,,,,,1932,all important fields empty,remove_incomplete_rows
,,,,,,,<na>,,,,,,,,,1935,all important fields empty,remove_incomplete_rows
,,,,,,,<na>,,,,,,,,,1936,all important fields empty,remove_incomplete_rows
,,,,,,,<na>,,,,,,,,,1941,all important fields empty,remove_incomplete_rows
,,,,,,,<na>,,,,,,,,,1942,all important fields empty,remove_incomplete_rows
,,,,,,,<na>,,,,,,,,,1946,all important fields empty,remove_incomplete_rows
,,,,,,,<na>,,,,,,,,,1947,all important fields empty,remove_incomplete_rows
,,,,,,,<na>,,,,,,,,,1952,all important fields empty,remove_incomplete_rows
,,,,,,,<na>,,,,,,,,,1953,all important fields empty,remove_incomplete_rows
,,,,,,,<na>,,,,,,,,,1956,all important fields empty,remove_incomplete_rows
,,,,,,,<na>,,,,,,,,,1957,all important fields empty,remove_incomplete_rows
,,,,,,,<na>,,,,,,,,,1960,all important fields empty,remove_incomplete_rows
,,,,,,,<na>,,,,,,,,,1961,all important fields empty,remove_incomplete_rows
,,,,,,,<na>,,,,,,,,,1964,all important fields empty,remove_incomplete_rows
,,,,,,,<na>,,,,,,,,,1965,all important fields empty,remove_incomplete_rows
,,,,,,,<na>,,,,,,,,,1968,all important fields empty,remove_incomplete_rows
,,,,,,,<na>,,,,,,,,,1969,all important fields empty,remove_incomplete_rows
,,,,,,,<na>,,,,,,,,,1974,all important fields empty,remove_incomplete_rows
,,,,,,,<na>,,,,,,,,,1975,all important fields empty,remove_incomplete_rows
,,,,,,,<na>,,,,,,,,,1978,all important fields empty,remove_incomplete_rows
,,,,,,,<na>,,,,,,,,,1979,all important fields empty,remove_incomplete_rows
,,,,,,,<na>,,,,,,,,,1987,all important fields empty,remove_incomplete_rows
,,,,,,,<na>,,,,,,,,,1988,all important fields empty,remove_incomplete_rows
,,,,,,,<na>,,,,,,,,,1992,all important fields empty,remove_incomplete_rows
,,,,,,,<na>,,,,,,,,,1993,all important fields empty,remove_incomplete_rows
,,,,,,,<na>,,,,,,,,,1996,all important fields empty,remove_incomplete_rows
,,,,,,,<na>,,,,,,,,,1997,all important fields empty,remove_incomplete_rows
,,,,,,,<na>,,,,,,,,,2000,all important fields empty,remove_incomplete_rows
,,,,,,,<na>,,,,,,,,,2001,all important fields empty,remove_incomplete_rows
,,,,,,,<na>,,,,,,,,,2004,all important fields empty,remove_incomplete_rows
,,,,,,,<na>,,,,,,,,,2005,all important fields empty,remove_incomplete_rows
,,,,,,,<na>,,,,,,,,,2009,all important fields empty,remove_incomplete_rows
,,,,,,,<na>,,,,,,,,,2010,all important fields empty,remove_incomplete_rows
,,,,,,,<na>,,,,,,,,,2013,all important fields empty,remove_incomplete_rows
,,,,,,,<na>,,,,,,,,,2014,all important fields empty,remove_incomplete_rows
,,,,,,,<na>,,,,,,,,,2017,all important fields empty,remove_incomplete_rows
,,,,,,,<na>,,,,,,,,,2018,all important fields empty,remove_incomplete_rows
,,,,,2021-01-01,,<na>,,,,,,,,,2021,all important fields empty,remove_incomplete_rows
,,,,,2022-01-01,,<na>,,,,,,,,,2022,all important fields empty,remove_incomplete_rows
,,,,,2025-01-01,,<na>,,,,,,,,,2025,all important fields empty,remove_incomplete_rows
,,,,,2026-01-01,,<na>,,,,,,,,,2026,all important fields empty,remove_incomplete_rows
,,,,,2029-01-01,,<na>,,,,,,,,,2029,all important fields empty,remove_incomplete_rows
,,,,,2030-01-01,,<na>,,,,,,,,,2030,all important fields empty,remove_incomplete_rows
,,,,,2035-01-01,,<na>,,,,,,,,,2035,all important fields empty,remove_incomplete_rows
,,,,,2036-01-01,,<na>,,,,,,,,,2036,all important fields empty,remove_incomplete_rows
,,,,,2041-01-01,,<na>,,,,,,,,,2041,all important fields empty,remove_incomplete_rows
,,,,,2042-01-01,,<na>,,,,,,,,,2042,all important fields empty,remove_incomplete_rows
,,,,,2045-01-01,,<na>,,,,,,,,,2045,all important fields empty,remove_incomplete_rows
,,,,,,,<na>,,,,,,,,,2046,all important fields empty,remove_incomplete_rows
,,,,,,,<na>,,,,,,,,,2050,all important fields empty,remove_incomplete_rows
,,,,,,,<na>,,,,,,,,,2051,all important fields empty,remove_incomplete_rows
,,,,,,,<na>,,,,,,,,,2054,all important fields empty,remove_incomplete_rows
,,,,,,,<na>,,,,,,,,,2055,all important fields empty,remove_incomplete_rows
,,,,,,,<na>,,,,,,,,,2058,all important fields empty,remove_incomplete_rows
,,,,,,,<na>,,,,,,,,,2059,all important fields empty,remove_incomplete_rows
,,,,,,,<na>,,,,,,,,,2063,all important fields empty,remove_incomplete_rows
,,,,,,,<na>,,,,,,,,,2064,all important fields empty,remove_incomplete_rows
,,,,,,,<na>,,,,,,,,,2068,all important fields empty,remove_incomplete_rows
,,,,,,,<na>,,,,,,,,,2069,all important fields empty,remove_incomplete_rows
,,,,,,,<na>,,,,,,,,,2075,all important fields empty,remove_incomplete_rows
,,,,,,,<na>,,,,,,,,,2076,all important fields empty,remove_incomplete_rows
,,,,,,,<na>,,,,,,,,,2082,all important fields empty,remove_incomplete_rows
,,,,,,,<na>,,,,,,,,,2083,all important fields empty,remove_incomplete_rows
,,,,,,,<na>,,,,,,,,,2090,all important fields empty,remove_incomplete_rows
,,,,,,,<na>,,,,,,,,,2091,all important fields empty,remove_incomplete_rows
,,,,,,,<na>,,,,,,,,,2095,all important fields empty,remove_incomplete_rows
,,,,,,,<na>,,,,,,,,,2096,all important fields empty,remove_incomplete_rows
,,,,,,,<na>,,,,,,,,,2106,all important fields empty,remove_incomplete_rows
,,,,,,,<na>,,,,,,,,,2107,all important fields empty,remove_incomplete_rows
,,,,,,,<na>,,,,,,,,,2111,all important fields empty,remove_incomplete_rows
,,,,,,,<na>,,,,,,,,,2112,all important fields empty,remove_incomplete_rows
,,,,,,,<na>,,,,,,,,,2115,all important fields empty,remove_incomplete_rows
,,,,,,,<na>,,,,,,,,,2116,all important fields empty,remove_incomplete_rows
,,,,,,,<na>,,,,,,,,,2119,all important fields empty,remove_incomplete_rows
,,,,,,,<na>,,,,,,,,,2120,all important fields empty,remove_incomplete_rows
,,,,,,,<na>,,,,,,,,,2124,all important fields empty,remove_incomplete_rows
,,,,,,,<na>,,,,,,,,,2125,all important fields empty,remove_incomplete_rows
,,,,,,,<na>,,,,,,,,,2128,all important fields empty,remove_incomplete_rows
,,,,,,,<na>,,,,,,,,,2129,all important fields empty,remove_incomplete_rows
,,,,,,,<na>,,,,,,,,,2132,all important fields empty,remove_incomplete_rows
,,,,,,,<na>,,,,,,,,,2133,all important fields empty,remove_incomplete_rows
,,,,,,,<na>,,,,,,,,,2136,all important fields empty,remove_incomplete_rows
,,,,,,,<na>,,,,,,,,,2137,all important fields empty,remove_incomplete_rows
,,,,,,,<na>,,,,,,,,,2140,all important fields empty,remove_incomplete_rows
,,,,,,,<na>,,,,,,,,,2141,all important fields empty,remove_incomplete_rows
,,,,,,,<na>,,,,,,,,,2144,all important fields empty,remove_incomplete_rows
,,,,,,,<na>,,,,,,,,,2145,all important fields empty,remove_incomplete_rows
,,,,,,,<na>,,,,,,,,,2148,all important fields empty,remove_incomplete_rows
,,,,,,,<na>,,,,,,,,,2149,all important fields empty,remove_incomplete_rows
,,,,,,,<na>,,,,,,,,,2152,all important fields empty,remove_incomplete_rows
,,,,,,,<na>,,,,,,,,,2153,all important fields empty,remove_incomplete_rows
,,,,,,,<na>,,,,,,,,,2156,all important fields empty,remove_incomplete_rows
,,,,,,,<na>,,,,,,,,,2157,all important fields empty,remove_incomplete_rows
,,,,,,,<na>,,,,,,,,,2160,all important fields empty,remove_incomplete_rows
,,,,,,,<na>,,,,,,,,,2161,all important fields empty,remove_incomplete_rows
,,,,,,,<na>,,,,,,,,,2164,all important fields empty,remove_incomplete_rows
,,,,,,,<na>,,,,,,,,,2165,all important fields empty,remove_incomplete_rows
,,,,,,,<na>,,,,,,,,,2172,all important fields empty,remove_incomplete_rows
,,,,,,,<na>,,,,,,,,,2173,all important fields empty,remove_incomplete_rows
,,,,,,,<na>,,,,,,,,,2177,all important fields empty,remove_incomplete_rows
,,,,,,,<na>,,,,,,,,,2178,all important fields empty,remove_incomplete_rows
,,,,,,,<na>,,,,,,,,,2187,all important fields empty,remove_incomplete_rows
,,,,,,,<na>,,,,,,,,,2188,all important fields empty,remove_incomplete_rows
,,,,,,,<na>,,,,,,,,,2191,all important fields empty,remove_incomplete_rows
,,,,,,,<na>,,,,,,,,,2192,all important fields empty,remove_incomplete_rows
,,,,,,,<na>,,,,,,,,,2198,all important fields empty,remove_incomplete_rows
,,,,,,,<na>,,,,,,,,,2199,all important fields empty,remove_incomplete_rows
,,,,,,,<na>,,,,,,,,,2202,all important fields empty,remove_incomplete_rows
,,,,,,,<na>,,,,,,,,,2203,all important fields empty,remove_incomplete_rows
,,,,,,,<na>,,,,,,,,,2206,all important fields empty,remove_incomplete_rows
,,,,,,,<na>,,,,,,,,,2207,all important fields empty,remove_incomplete_rows
,,,,,,,<na>,,,,,,,,,2210,all important fields empty,remove_incomplete_rows
,,,,,,,<na>,,,,,,,,,2211,all important fields empty,remove_incomplete_rows
,,,,,,,<na>,,,,,,,,,2214,all important fields empty,remove_incomplete_rows
,,,,,,,<na>,,,,,,,,,2215,all important fields empty,remove_incomplete_rows
,,,,,,,<na>,,,,,,,,,2218,all important fields empty,remove_incomplete_rows
,,,,,,,<na>,,,,,,,,,2219,all important fields empty,remove_incomplete_rows
,,,,,,,<na>,,,,,,,,,2222,all important fields empty,remove_incomplete_rows
,,,,,,,<na>,,,,,,,,,2223,all important fields empty,remove_incomplete_rows
,,,,,,,<na>,,,,,,,,,2227,all important fields empty,remove_incomplete_rows
,,,,,,,<na>,,,,,,,,,2228,all important fields empty,remove_incomplete_rows
,,,,,,,<na>,,,,,,,,,2241,all important fields empty,remove_incomplete_rows
,,,,,,,<na>,,,,,,,,,2242,all important fields empty,remove_incomplete_rows
,,,,,,,<na>,,,,,,,,,2245,all important fields empty,remove_incomplete_rows
,,,,,,,<na>,,,,,,,,,2246,all important fields empty,remove_incomplete_rows
,,,,,,,<na>,,,,,,,,,2249,all important fields empty,remove_incomplete_rows
,,,,,,,<na>,,,,,,,,,2250,all important fields empty,remove_incomplete_rows
,,,,,,,<na>,,,,,,,,,2253,all important fields empty,remove_incomplete_rows
,,,,,,,<na>,,,,,,,,,2254,all important fields empty,remove_incomplete_rows
,,,,,,,<na>,,,,,,,,,2257,all important fields empty,remove_incomplete_rows
,,,,,,,<na>,,,,,,,,,2258,all important fields empty,remove_incomplete_rows
,,,,,,,<na>,,,,,,,,,2263,all important fields empty,remove_incomplete_rows
,,,,,,,<na>,,,,,,,,,2264,all important fields empty,remove_incomplete_rows
,,,,,,,<na>,,,,,,,,,2267,all important fields empty,remove_incomplete_rows
,,,,,,,<na>,,,,,,,,,2268,all important fields empty,remove_incomplete_rows
,,,,,,,<na>,,,,,,,,,2272,all important fields empty,remove_incomplete_rows
,,,,,,,<na>,,,,,,,,,2273,all important fields empty,remove_incomplete_rows
,,,,,,,<na>,,,,,,,,,2277,all important fields empty,remove_incomplete_rows
,,,,,,,<na>,,,,,,,,,2278,all important fields empty,remove_incomplete_rows
,,,,,,,<na>,,,,,,,,,2282,all important fields empty,remove_incomplete_rows
,,,,,,,<na>,,,,,,,,,2283,all important fields empty,remove_incomplete_rows
,,,,,,,<na>,,,,,,,,,2287,all important fields empty,remove_incomplete_rows
,,,,,,,<na>,,,,,,,,,2288,all important fields empty,remove_incomplete_rows
,,,,,,,<na>,,,,,,,,,2293,all important fields empty,remove_incomplete_rows
,,,,,,,<na>,,,,,,,,,2294,all important fields empty,remove_incomplete_rows
,,,,,,,<na>,,,,,,,,,2300,all important fields empty,remove_incomplete_rows
,,,,,,,<na>,,,,,,,,,2301,all important fields empty,remove_incomplete_rows
,,,,,,,<na>,,,,,,,,,2305,all important fields empty,remove_incomplete_rows
,,,,,,,<na>,,,,,,,,,2306,all important fields empty,remove_incomplete_rows
,,,,,,,<na>,,,,,,,,,2309,all important fields empty,remove_incomplete_rows
,,,,,,,<na>,,,,,,,,,2310,all important fields empty,remove_incomplete_rows
,,,,,,,<na>,,,,,,,,,2313,all important fields empty,remove_incomplete_rows
,,,,,,,<na>,,,,,,,,,2314,all important fields empty,remove_incomplete_rows
,,,,,,,<na>,,,,,,,,,2319,all important fields empty,remove_incomplete_rows
,,,,,,,<na>,,,,,,,,,2320,all important fields empty,remove_incomplete_rows
,,,,,,,<na>,,,,,,,,,2323,all important fields empty,remove_incomplete_rows
,,,,,,,<na>,,,,,,,,,2324,all important fields empty,remove_incomplete_rows
,,,,,,,<na>,,,,,,,,,2327,all important fields empty,remove_incomplete_rows
,,,,,,,<na>,,,,,,,,,2328,all important fields empty,remove_incomplete_rows
,,,,,,,<na>,,,,,,,,,2334,all important fields empty,remove_incomplete_rows
,,,,,,,<na>,,,,,,,,,2335,all important fields empty,remove_incomplete_rows
,,,,,,,<na>,,,,,,,,,2338,all important fields empty,remove_incomplete_rows
,,,,,,,<na>,,,,,,,,,2339,all important fields empty,remove_incomplete_rows
,,,,,,,<na>,,,,,,,,,2342,all important fields empty,remove_incomplete_rows
,,,,,,,<na>,,,,,,,,,2343,all important fields empty,remove_incomplete_rows
,,,,,,,<na>,,,,,,,,,2346,all important fields empty,remove_incomplete_rows
,,,,,,,<na>,,,,,,,,,2347,all important fields empty,remove_incomplete_rows
,,,,,,,<na>,,,,,,,,,2354,all important fields empty,remove_incomplete_rows
,,,,,,,<na>,,,,,,,,,2355,all important fields empty,remove_incomplete_rows
,,,,,,,<na>,,,,,,,,,2358,all important fields empty,remove_incomplete_rows
,,,,,,,<na>,,,,,,,,,2359,all important fields empty,remove_incomplete_rows
,,,,,,,<na>,,,,,,,,,2364,all important fields empty,remove_incomplete_rows
,,,,,,,<na>,,,,,,,,,2365,all important fields empty,remove_incomplete_rows
,,,,,,,<na>,,,,,,,,,2368,all important fields empty,remove_incomplete_rows
,,,,,,,<na>,,,,,,,,,2369,all important fields empty,remove_incomplete_rows
,,,,,,,<na>,,,,,,,,,2372,all important fields empty,remove_incomplete_rows
,,,,,,,<na>,,,,,,,,,2373,all important fields empty,remove_incomplete_rows
,,,,,,,<na>,,,,,,,,,2379,all important fields empty,remove_incomplete_rows
,,,,,,,<na>,,,,,,,,,2380,all important fields empty,remove_incomplete_rows
,,,,,,,<na>,,,,,,,,,2383,all important fields empty,remove_incomplete_rows
,,,,,,,<na>,,,,,,,,,2384,all important fields empty,remove_incomplete_rows
,,,,,,,<na>,,,,,,,,,2387,all important fields empty,remove_incomplete_rows
,,,,,,,<na>,,,,,,,,,2388,all important fields empty,remove_incomplete_rows
,,,,,,,<na>,,,,,,,,,2392,all important fields empty,remove_incomplete_rows
,,,,,,,<na>,,,,,,,,,2393,all important fields empty,remove_incomplete_rows
,,,,,,,<na>,,,,,,,,,2399,all important fields empty,remove_incomplete_rows
,,,,,,,<na>,,,,,,,,,2400,all important fields empty,remove_incomplete_rows
,,,,,,,<na>,,,,,,,,,2403,all important fields empty,remove_incomplete_rows
,,,,,,,<na>,,,,,,,,,2404,all important fields empty,remove_incomplete_rows
,,,,,,,<na>,,,,,,,,,2407,all important fields empty,remove_incomplete_rows
,,,,,,,<na>,,,,,,,,,2408,all important fields empty,remove_incomplete_rows
,,,,,,,<na>,,,,,,,,,2412,all important fields empty,remove_incomplete_rows
,,,,,,,<na>,,,,,,,,,2413,all important fields empty,remove_incomplete_rows
,,,,,,,<na>,,,,,,,,,2416,all important fields empty,remove_incomplete_rows
,,,,,,,<na>,,,,,,,,,2417,all important fields empty,remove_incomplete_rows
,,,,,,,<na>,,,,,,,,,2420,all important fields empty,remove_incomplete_rows
,,,,,,,<na>,,,,,,,,,2421,all important fields empty,remove_incomplete_rows
,,,,,,,<na>,,,,,,,,,2425,all important fields empty,remove_incomplete_rows
,,,,,,,<na>,,,,,,,,,2426,all important fields empty,remove_incomplete_rows
,,,,,,,<na>,,,,,,,,,2430,all important fields empty,remove_incomplete_rows
,,,,,,,<na>,,,,,,,,,2431,all important fields empty,remove_incomplete_rows
,,,,,,,<na>,,,,,,,,,2434,all important fields empty,remove_incomplete_rows
,,,,,,,<na>,,,,,,,,,2435,all important fields empty,remove_incomplete_rows
,,,,,,,<na>,,,,,,,,,2438,all important fields empty,remove_incomplete_rows
,,,,,,,<na>,,,,,,,,,2439,all important fields empty,remove_incomplete_rows
,,,,,,,<na>,,,,,,,,,2442,all important fields empty,remove_incomplete_rows
,,,,,,,<na>,,,,,,,,,2443,all important fields empty,remove_incomplete_rows
,,,,,,,<na>,,,,,,,,,2446,all important fields empty,remove_incomplete_rows
,,,,,,,<na>,,,,,,,,,2447,all important fields empty,remove_incomplete_rows
,,,,,,,<na>,,,,,,,,,2451,all important fields empty,remove_incomplete_rows
,,,,,,,<na>,,,,,,,,,2452,all important fields empty,remove_incomplete_rows
,,,,,,,<na>,,,,,,,,,2455,all important fields empty,remove_incomplete_rows
,,,,,,,<na>,,,,,,,,,2456,all important fields empty,remove_incomplete_rows
,,,,,,,<na>,,,,,,,,,2461,all important fields empty,remove_incomplete_rows
,,,,,,,<na>,,,,,,,,,2462,all important fields empty,remove_incomplete_rows
,,,,,,,<na>,,,,,,,,,2465,all important fields empty,remove_incomplete_rows
,,,,,,,<na>,,,,,,,,,2466,all important fields empty,remove_incomplete_rows
,,,,,,,<na>,,,,,,,,,2469,all important fields empty,remove_incomplete_rows
,,,,,,,<na>,,,,,,,,,2470,all important fields empty,remove_incomplete_rows
,,,,,,,<na>,,,,,,,,,2473,all important fields empty,remove_incomplete_rows
,,,,,,,<na>,,,,,,,,,2474,all important fields empty,remove_incomplete_rows
,,,,,,,<na>,,,,,,,,,2477,all important fields empty,remove_incomplete_rows
,,,,,,,<na>,,,,,,,,,2478,all important fields empty,remove_incomplete_rows
,,,,,,,<na>,,,,,,,,,2481,all important fields empty,remove_incomplete_rows
,,,,,,,<na>,,,,,,,,,2482,all important fields empty,remove_incomplete_rows
,,,,,,,<na>,,,,,,,,,2485,all important fields empty,remove_incomplete_rows
,,,,,,,<na>,,,,,,,,,2486,all important fields empty,remove_incomplete_rows
,,,,,,,<na>,,,,,,,,,2489,all important fields empty,remove_incomplete_rows
,,,,,,,<na>,,,,,,,,,2490,all important fields empty,remove_incomplete_rows
,,,,,,,<na>,,,,,,,,,2493,all important fields empty,remove_incomplete_rows
,,,,,,,<na>,,,,,,,,,2494,all important fields empty,remove_incomplete_rows
,,,,,,,<na>,,,,,,,,,2497,all important fields empty,remove_incomplete_rows
,,,,,,,<na>,,,,,,,,,2498,all important fields empty,remove_incomplete_rows
,,,,,,,<na>,,,,,,,,,2501,all important fields empty,remove_incomplete_rows
,,,,,,,<na>,,,,,,,,,2502,all important fields empty,remove_incomplete_rows
,,,,,,,<na>,,,,,,,,,2505,all important fields empty,remove_incomplete_rows
,,,,,,,<na>,,,,,,,,,2506,all important fields empty,remove_incomplete_rows
,,,,,,,<na>,,,,,,,,,2509,all important fields empty,remove_incomplete_rows
,,,,,,,<na>,,,,,,,,,2510,all important fields empty,remove_incomplete_rows
,,,,,,,<na>,,,,,,,,,2514,all important fields empty,remove_incomplete_rows
,,,,,,,<na>,,,,,,,,,2515,all important fields empty,remove_incomplete_rows
,,,,,,,<na>,,,,,,,,,2522,all important fields empty,remove_incomplete_rows
,,,,,,,<na>,,,,,,,,,2523,all important fields empty,remove_incomplete_rows
,,,,,,,<na>,,,,,,,,,2526,all important fields empty,remove_incomplete_rows
,,,,,,,<na>,,,,,,,,,2527,all important fields empty,remove_incomplete_rows
,,,,,,,<na>,,,,,,,,,2530,all important fields empty,remove_incomplete_rows
,,,,,,,<na>,,,,,,,,,2531,all important fields empty,remove_incomplete_rows
,,,,,,,<na>,,,,,,,,,2534,all important fields empty,remove_incomplete_rows
,,,,,,,<na>,,,,,,,,,2535,all important fields empty,remove_incomplete_rows
,,,,,,,<na>,,,,,,,,,2538,all important fields empty,remove_incomplete_rows
,,,,,,,<na>,,,,,,,,,2539,all important fields empty,remove_incomplete_rows
,,,,,,,<na>,,,,,,,,,2544,all important fields empty,remove_incomplete_rows
,,,,,,,<na>,,,,,,,,,2545,all important fields empty,remove_incomplete_rows
,,,,,,,<na>,,,,,,,,,2549,all important fields empty,remove_incomplete_rows
,,,,,,,<na>,,,,,,,,,2550,all important fields empty,remove_incomplete_rows
,,,,,,,<na>,,,,,,,,,2553,all important fields empty,remove_incomplete_rows
,,,,,,,<na>,,,,,,,,,2554,all important fields empty,remove_incomplete_rows
,,,,,,,<na>,,,,,,,,,2558,all important fields empty,remove_incomplete_rows
,,,,,,,<na>,,,,,,,,,2559,all important fields empty,remove_incomplete_rows
,,,,,,,<na>,,,,,,,,,2562,all important fields empty,remove_incomplete_rows
,,,,,,,<na>,,,,,,,,,2563,all important fields empty,remove_incomplete_rows
,,,,,,,<na>,,,,,,,,,2566,all important fields empty,remove_incomplete_rows
,,,,,,,<na>,,,,,,,,,2567,all important fields empty,remove_incomplete_rows
,,,,,,,<na>,,,,,,,,,2570,all important fields empty,remove_incomplete_rows
,,,,,,,<na>,,,,,,,,,2571,all important fields empty,remove_incomplete_rows
,,,,,,,<na>,,,,,,,,,2574,all important fields empty,remove_incomplete_rows
,,,,,,,<na>,,,,,,,,,2575,all important fields empty,remove_incomplete_rows
,,,,,,,<na>,,,,,,,,,2579,all important fields empty,remove_incomplete_rows
,,,,,,,<na>,,,,,,,,,2580,all important fields empty,remove_incomplete_rows
,,,,,,,<na>,,,,,,,,,2583,all important fields empty,remove_incomplete_rows
,,,,,,,<na>,,,,,,,,,2584,all important fields empty,remove_incomplete_rows
,,,,,,,<na>,,,,,,,,,2587,all important fields empty,remove_incomplete_rows
,,,,,,,<na>,,,,,,,,,2588,all important fields empty,remove_incomplete_rows
,,,,,,,<na>,,,,,,,,,2593,all important fields empty,remove_incomplete_rows
,,,,,,,<na>,,,,,,,,,2594,all important fields empty,remove_incomplete_rows
,,,,,,,<na>,,,,,,,,,2597,all important fields empty,remove_incomplete_rows
,,,,,,,<na>,,,,,,,,,2598,all important fields empty,remove_incomplete_rows
,,,,,,,<na>,,,,,,,,,2603,all important fields empty,remove_incomplete_rows
,,,,,,,<na>,,,,,,,,,2604,all important fields empty,remove_incomplete_rows
,,,,,,,<na>,,,,,,,,,2609,all important fields empty,remove_incomplete_rows
,,,,,,,<na>,,,,,,,,,2610,all important fields empty,remove_incomplete_rows
,,,,,,,<na>,,,,,,,,,2614,all important fields empty,remove_incomplete_rows
,,,,,,,<na>,,,,,,,,,2615,all important fields empty,remove_incomplete_rows
,,,,,,,<na>,,,,,,,,,2618,all important fields empty,remove_incomplete_rows
,,,,,,,<na>,,,,,,,,,2619,all important fields empty,remove_incomplete_rows
,,,,,,,<na>,,,,,,,,,2622,all important fields empty,remove_incomplete_rows
,,,,,,,<na>,,,,,,,,,2623,all important fields empty,remove_incomplete_rows
,,,,,,,<na>,,,,,,,,,2628,all important fields empty,remove_incomplete_rows
,,,,,,,<na>,,,,,,,,,2629,all important fields empty,remove_incomplete_rows
,,,,,,,<na>,,,,,,,,,2633,all important fields empty,remove_incomplete_rows
,,,,,,,<na>,,,,,,,,,2634,all important fields empty,remove_incomplete_rows
,,,,,,,<na>,,,,,,,,,2637,all important fields empty,remove_incomplete_rows
,,,,,,,<na>,,,,,,,,,2638,all important fields empty,remove_incomplete_rows
,,,,,,,<na>,,,,,,,,,2641,all important fields empty,remove_incomplete_rows
,,,,,,,<na>,,,,,,,,,2642,all important fields empty,remove_incomplete_rows
,,,,,,,<na>,,,,,,,,,2645,all important fields empty,remove_incomplete_rows
,,,,,,,<na>,,,,,,,,,2646,all important fields empty,remove_incomplete_rows
,,,,,,,<na>,,,,,,,,,2649,all important fields empty,remove_incomplete_rows
,,,,,,,<na>,,,,,,,,,2650,all important fields empty,remove_incomplete_rows
,,,,,,,<na>,,,,,,,,,2653,all important fields empty,remove_incomplete_rows
,,,,,,,<na>,,,,,,,,,2654,all important fields empty,remove_incomplete_rows
,,,,,,,<na>,,,,,,,,,2659,all important fields empty,remove_incomplete_rows
,,,,,,,<na>,,,,,,,,,2660,all important fields empty,remove_incomplete_rows
,,,,,,,<na>,,,,,,,,,2663,all important fields empty,remove_incomplete_rows
,,,,,,,<na>,,,,,,,,,2664,all important fields empty,remove_incomplete_rows
,,,,,,,<na>,,,,,,,,,2667,all important fields empty,remove_incomplete_rows
,,,,,,,<na>,,,,,,,,,2668,all important fields empty,remove_incomplete_rows
,,,,,,,<na>,,,,,,,,,2671,all important fields empty,remove_incomplete_rows
,,,,,,,<na>,,,,,,,,,2672,all important fields empty,remove_incomplete_rows
,,,,,,,<na>,,,,,,,,,2675,all important fields empty,remove_incomplete_rows
,,,,,,,<na>,,,,,,,,,2676,all important fields empty,remove_incomplete_rows
,,,,,,,<na>,,,,,,,,,2679,all important fields empty,remove_incomplete_rows
,,,,,,,<na>,,,,,,,,,2680,all important fields empty,remove_incomplete_rows
,,,,,,,<na>,,,,,,,,,2683,all important fields empty,remove_incomplete_rows
,,,,,,,<na>,,,,,,,,,2684,all important fields empty,remove_incomplete_rows
,,,,,,,<na>,,,,,,,,,2689,all important fields empty,remove_incomplete_rows
,,,,,,,<na>,,,,,,,,,2690,all important fields empty,remove_incomplete_rows
,,,,,,,<na>,,,,,,,,,2693,all important fields empty,remove_incomplete_rows
,,,,,,,<na>,,,,,,,,,2694,all important fields empty,remove_incomplete_rows
,,,,,,,<na>,,,,,,,,,2707,all important fields empty,remove_incomplete_rows
,,,,,,,<na>,,,,,,,,,2708,all important fields empty,remove_incomplete_rows
,,,,,,,<na>,,,,,,,,,2712,all important fields empty,remove_incomplete_rows
,,,,,,,<na>,,,,,,,,,2713,all important fields empty,remove_incomplete_rows
,,,,,,,<na>,,,,,,,,,2718,all important fields empty,remove_incomplete_rows
,,,,,,,<na>,,,,,,,,,2719,all important fields empty,remove_incomplete_rows
,,,,,,,<na>,,,,,,,,,2722,all important fields empty,remove_incomplete_rows
,,,,,,,<na>,,,,,,,,,2723,all important fields empty,remove_incomplete_rows
,,,,,,,<na>,,,,,,,,,2726,all important fields empty,remove_incomplete_rows
,,,,,,,<na>,,,,,,,,,2727,all important fields empty,remove_incomplete_rows
,,,,,,,<na>,,,,,,,,,2730,all important fields empty,remove_incomplete_rows
,,,,,,,<na>,,,,,,,,,2731,all important fields empty,remove_incomplete_rows
,,,,,,,<na>,,,,,,,,,2735,all important fields empty,remove_incomplete_rows
,,,,,,,<na>,,,,,,,,,2736,all important fields empty,remove_incomplete_rows
,,,,,,,<na>,,,,,,,,,2740,all important fields empty,remove_incomplete_rows
,,,,,,,<na>,,,,,,,,,2741,all important fields empty,remove_incomplete_rows
,,,,,,,<na>,,,,,,,,,2744,all important fields empty,remove_incomplete_rows
,,,,,,,<na>,,,,,,,,,2745,all important fields empty,remove_incomplete_rows
,,,,,,,<na>,,,,,,,,,2749,all important fields empty,remove_incomplete_rows
,,,,,,,<na>,,,,,,,,,2750,all important fields empty,remove_incomplete_rows
,,,,,,,<na>,,,,,,,,,2753,all important fields empty,remove_incomplete_rows
,,,,,,,<na>,,,,,,,,,2754,all important fields empty,remove_incomplete_rows
,,,,,,,<na>,,,,,,,,,2758,all important fields empty,remove_incomplete_rows
,,,,,,,<na>,,,,,,,,,2759,all important fields empty,remove_incomplete_rows
,,,,,,,<na>,,,,,,,,,2762,all important fields empty,remove_incomplete_rows
,,,,,,,<na>,,,,,,,,,2763,all important fields empty,remove_incomplete_rows
,,,,,,,<na>,,,,,,,,,2766,all important fields empty,remove_incomplete_rows
,,,,,,,<na>,,,,,,,,,2767,all important fields empty,remove_incomplete_rows
,,,,,,,<na>,,,,,,,,,2771,all important fields empty,remove_incomplete_rows
,,,,,,,<na>,,,,,,,,,2772,all important fields empty,remove_incomplete_rows
,,,,,,,<na>,,,,,,,,,2775,all important fields empty,remove_incomplete_rows
,,,,,,,<na>,,,,,,,,,2776,all important fields empty,remove_incomplete_rows
,,,,,,,<na>,,,,,,,,,2779,all important fields empty,remove_incomplete_rows
,,,,,,,<na>,,,,,,,,,2780,all important fields empty,remove_incomplete_rows
,,,,,,,<na>,,,,,,,,,2783,all important fields empty,remove_incomplete_rows
,,,,,,,<na>,,,,,,,,,2784,all important fields empty,remove_incomplete_rows
,,,,,,,<na>,,,,,,,,,2787,all important fields empty,remove_incomplete_rows
,,,,,,,<na>,,,,,,,,,2788,all important fields empty,remove_incomplete_rows
,,,,,,,<na>,,,,,,,,,2791,all important fields empty,remove_incomplete_rows
,,,,,,,<na>,,,,,,,,,2792,all important fields empty,remove_incomplete_rows
,,,,,,,<na>,,,,,,,,,2795,all important fields empty,remove_incomplete_rows
,,,,,,,<na>,,,,,,,,,2796,all important fields empty,remove_incomplete_rows
,,,,,,,<na>,,,,,,,,,2799,all important fields empty,remove_incomplete_rows
,,,,,,,<na>,,,,,,,,,2800,all important fields empty,remove_incomplete_rows
,,,,,,,<na>,,,,,,,,,2804,all important fields empty,remove_incomplete_rows
,,,,,,,<na>,,,,,,,,,2805,all important fields empty,remove_incomplete_rows
,,,,,,,<na>,,,,,,,,,2809,all important fields empty,remove_incomplete_rows
,,,,,,,<na>,,,,,,,,,2810,all important fields empty,remove_incomplete_rows
,,,,,,,<na>,,,,,,,,,2814,all important fields empty,remove_incomplete_rows
,,,,,,,<na>,,,,,,,,,2815,all important fields empty,remove_incomplete_rows
,,,,,,,<na>,,,,,,,,,2818,all important fields empty,remove_incomplete_rows
,,,,,,,<na>,,,,,,,,,2819,all important fields empty,remove_incomplete_rows
,,,,,,,<na>,,,,,,,,,2823,all important fields empty,remove_incomplete_rows
,,,,,,,<na>,,,,,,,,,2824,all important fields empty,remove_incomplete_rows
,,,,,,,<na>,,,,,,,,,2827,all important fields empty,remove_incomplete_rows
,,,,,,,<na>,,,,,,,,,2828,all important fields empty,remove_incomplete_rows
,,,,,,,<na>,,,,,,,,,2831,all important fields empty,remove_incomplete_rows
,,,,,,,<na>,,,,,,,,,2832,all important fields empty,remove_incomplete_rows
,,,,,,,<na>,,,,,,,,,2836,all important fields empty,remove_incomplete_rows
,,,,,,,<na>,,,,,,,,,2837,all important fields empty,remove_incomplete_rows
,,,,,,,<na>,,,,,,,,,2841,all important fields empty,remove_incomplete_rows
,,,,,,,<na>,,,,,,,,,2842,all important fields empty,remove_incomplete_rows
,,,,,,,<na>,,,,,,,,,2845,all important fields empty,remove_incomplete_rows
,,,,,,,<na>,,,,,,,,,2846,all important fields empty,remove_incomplete_rows
,,,,,,,<na>,,,,,,,,,2849,all important fields empty,remove_incomplete_rows
,,,,,,,<na>,,,,,,,,,2850,all important fields empty,remove_incomplete_rows
,,,,,,,<na>,,,,,,,,,2854,all important fields empty,remove_incomplete_rows
,,,,,,,<na>,,,,,,,,,2855,all important fields empty,remove_incomplete_rows
,,,,,,,<na>,,,,,,,,,2858,all important fields empty,remove_incomplete_rows
,,,,,,,<na>,,,,,,,,,2859,all important fields empty,remove_incomplete_rows
,,,,,,,<na>,,,,,,,,,2862,all important fields empty,remove_incomplete_rows
,,,,,,,<na>,,,,,,,,,2863,all important fields empty,remove_incomplete_rows
,,,,,,,<na>,,,,,,,,,2866,all important fields empty,remove_incomplete_rows
,,,,,,,<na>,,,,,,,,,2867,all important fields empty,remove_incomplete_rows
,,,,,,,<na>,,,,,,,,,2871,all important fields empty,remove_incomplete_rows
,,,,,,,<na>,,,,,,,,,2872,all important fields empty,remove_incomplete_rows
,,,,,,,<na>,,,,,,,,,2876,all important fields empty,remove_incomplete_rows
,,,,,,,<na>,,,,,,,,,2877,all important fields empty,remove_incomplete_rows
,,,,,,,<na>,,,,,,,,,2881,all important fields empty,remove_incomplete_rows
,,,,,,,<na>,,,,,,,,,2882,all important fields empty,remove_incomplete_rows
,,,,,,,<na>,,,,,,,,,2886,all important fields empty,remove_incomplete_rows
,,,,,,,<na>,,,,,,,,,2887,all important fields empty,remove_incomplete_rows
,,,,,,,<na>,,,,,,,,,2891,all important fields empty,remove_incomplete_rows
,,,,,,,<na>,,,,,,,,,2892,all important fields empty,remove_incomplete_rows
,,,,,,,<na>,,,,,,,,,2895,all important fields empty,remove_incomplete_rows
,,,,,,,<na>,,,,,,,,,2896,all important fields empty,remove_incomplete_rows
,,,,,,,<na>,,,,,,,,,2900,all important fields empty,remove_incomplete_rows
,,,,,,,<na>,,,,,,,,,2901,all important fields empty,remove_incomplete_rows
,,,,,,,<na>,,,,,,,,,2904,all important fields empty,remove_incomplete_rows
,,,,,,,<na>,,,,,,,,,2905,all important fields empty,remove_incomplete_rows
,,,,,,,<na>,,,,,,,,,2908,all important fields empty,remove_incomplete_rows
,,,,,,,<na>,,,,,,,,,2909,all important fields empty,remove_incomplete_rows
,,,,,,,<na>,,,,,,,,,2912,all important fields empty,remove_incomplete_rows
,,,,,,,<na>,,,,,,,,,2913,all important fields empty,remove_incomplete_rows
,,,,,,,<na>,,,,,,,,,2916,all important fields empty,remove_incomplete_rows
,,,,,,,<na>,,,,,,,,,2917,all important fields empty,remove_incomplete_rows
,,,,,,,<na>,,,,,,,,,2920,all important fields empty,remove_incomplete_rows
,,,,,,,<na>,,,,,,,,,2921,all important fields empty,remove_incomplete_rows
,,,,,,,<na>,,,,,,,,,2924,all important fields empty,remove_incomplete_rows
,,,,,,,<na>,,,,,,,,,2925,all important fields empty,remove_incomplete_rows
,,,,,,,<na>,,,,,,,,,2928,all important fields empty,remove_incomplete_rows
,,,,,,,<na>,,,,,,,,,2929,all important fields empty,remove_incomplete_rows
,,,,,,,<na>,,,,,,,,,2934,all important fields empty,remove_incomplete_rows
,,,,,,,<na>,,,,,,,,,2935,all important fields empty,remove_incomplete_rows
,,,,,,,<na>,,,,,,,,,2939,all important fields empty,remove_incomplete_rows
,,,,,,,<na>,,,,,,,,,2940,all important fields empty,remove_incomplete_rows
,,,,,,,<na>,,,,,,,,,2944,all important fields empty,remove_incomplete_rows
,,,,,,,<na>,,,,,,,,,2945,all important fields empty,remove_incomplete_rows
,,,,,,,<na>,,,,,,,,,2950,all important fields empty,remove_incomplete_rows
,,,,,,,<na>,,,,,,,,,2951,all important fields empty,remove_incomplete_rows
,,,,,,,<na>,,,,,,,,,2954,all important fields empty,remove_incomplete_rows
,,,,,,,<na>,,,,,,,,,2955,all important fields empty,remove_incomplete_rows
,,,,,,,<na>,,,,,,,,,2959,all important fields empty,remove_incomplete_rows
,,,,,,,<na>,,,,,,,,,2960,all important fields empty,remove_incomplete_rows
,,,,,,,<na>,,,,,,,,,2963,all important fields empty,remove_incomplete_rows
,,,,,,,<na>,,,,,,,,,2964,all important fields empty,remove_incomplete_rows
,,,,,,,<na>,,,,,,,,,2969,all important fields empty,remove_incomplete_rows
,,,,,,,<na>,,,,,,,,,2970,all important fields empty,remove_incomplete_rows
,,,,,,,<na>,,,,,,,,,2973,all important fields empty,remove_incomplete_rows
,,,,,,,<na>,,,,,,,,,2974,all important fields empty,remove_incomplete_rows
,,,,,,,<na>,,,,,,,,,2977,all important fields empty,remove_incomplete_rows
,,,,,,,<na>,,,,,,,,,2978,all important fields empty,remove_incomplete_rows
,,,,,,,<na>,,,,,,,,,2981,all important fields empty,remove_incomplete_rows
,,,,,,,<na>,,,,,,,,,2982,all important fields empty,remove_incomplete_rows
,,,,,,,<na>,,,,,,,,,2985,all important fields empty,remove_incomplete_rows
,,,,,,,<na>,,,,,,,,,2986,all important fields empty,remove_incomplete_rows
,,,,,,,<na>,,,,,,,,,2989,all important fields empty,remove_incomplete_rows
,,,,,,,<na>,,,,,,,,,2990,all important fields empty,remove_incomplete_rows
,,,,,,,<na>,,,,,,,,,2994,all important fields empty,remove_incomplete_rows
,,,,,,,<na>,,,,,,,,,2995,all important fields empty,remove_incomplete_rows
,,,,,,,<na>,,,,,,,,,2998,all important fields empty,remove_incomplete_rows
,,,,,,,<na>,,,,,,,,,2999,all important fields empty,remove_incomplete_rows
,,,,,,,<na>,,,,,,,,,3002,all important fields empty,remove_incomplete_rows
,,,,,,,<na>,,,,,,,,,3003,all important fields empty,remove_incomplete_rows
,,,,,,,<na>,,,,,,,,,3006,all important fields empty,remove_incomplete_rows
,,,,,,,<na>,,,,,,,,,3007,all important fields empty,remove_incomplete_rows
,,,,,,,<na>,,,,,,,,,3010,all important fields empty,remove_incomplete_rows
,,,,,,,<na>,,,,,,,,,3011,all important fields empty,remove_incomplete_rows
,,,,,,,<na>,,,,,,,,,3014,all important fields empty,remove_incomplete_rows
,,,,,,,<na>,,,,,,,,,3015,all important fields empty,remove_incomplete_rows
,,,,,,,<na>,,,,,,,,,3018,all important fields empty,remove_incomplete_rows
,,,,,,,<na>,,,,,,,,,3019,all important fields empty,remove_incomplete_rows
,,,,,,,<na>,,,,,,,,,3022,all important fields empty,remove_incomplete_rows
,,,,,,,<na>,,,,,,,,,3023,all important fields empty,remove_incomplete_rows
,,,,,,,<na>,,,,,,,,,3026,all important fields empty,remove_incomplete_rows
,,,,,,,<na>,,,,,,,,,3027,all important fields empty,remove_incomplete_rows
,,,,,,,<na>,,,,,,,,,3030,all important fields empty,remove_incomplete_rows
,,,,,,,<na>,,,,,,,,,3031,all important fields empty,remove_incomplete_rows
,,,,,,,<na>,,,,,,,,,3037,all important fields empty,remove_incomplete_rows
,,,,,,,<na>,,,,,,,,,3038,all important fields empty,remove_incomplete_rows
,,,,,,,<na>,,,,,,,,,3042,all important fields empty,remove_incomplete_rows
,,,,,,,<na>,,,,,,,,,3043,all important fields empty,remove_incomplete_rows
,,,,,,,<na>,,,,,,,,,3047,all important fields empty,remove_incomplete_rows
,,,,,,,<na>,,,,,,,,,3048,all important fields empty,remove_incomplete_rows
,,,,,,,<na>,,,,,,,,,3051,all important fields empty,remove_incomplete_rows
,,,,,,,<na>,,,,,,,,,3052,all important fields empty,remove_incomplete_rows
,,,,,,,<na>,,,,,,,,,3056,all important fields empty,remove_incomplete_rows
,,,,,,,<na>,,,,,,,,,3057,all important fields empty,remove_incomplete_rows
,,,,,,,<na>,,,,,,,,,3061,all important fields empty,remove_incomplete_rows
,,,,,,,<na>,,,,,,,,,3062,all important fields empty,remove_incomplete_rows
,,,,,,,<na>,,,,,,,,,3065,all important fields empty,remove_incomplete_rows
,,,,,,,<na>,,,,,,,,,3066,all important fields empty,remove_incomplete_rows
,,,,,,,<na>,,,,,,,,,3072,all important fields empty,remove_incomplete_rows
,,,,,,,<na>,,,,,,,,,3073,all important fields empty,remove_incomplete_rows
,,,,,,,<na>,,,,,,,,,3076,all important fields empty,remove_incomplete_rows
,,,,,,,<na>,,,,,,,,,3077,all important fields empty,remove_incomplete_rows
,,,,,,,<na>,,,,,,,,,3080,all important fields empty,remove_incomplete_rows
,,,,,,,<na>,,,,,,,,,3081,all important fields empty,remove_incomplete_rows
,,,,,,,<na>,,,,,,,,,3086,all important fields empty,remove_incomplete_rows
,,,,,,,<na>,,,,,,,,,3087,all important fields empty,remove_incomplete_rows
,,,,,,,<na>,,,,,,,,,3091,all important fields empty,remove_incomplete_rows
,,,,,,,<na>,,,,,,,,,3092,all important fields empty,remove_incomplete_rows
,,,,,,,<na>,,,,,,,,,3095,all important fields empty,remove_incomplete_rows
,,,,,,,<na>,,,,,,,,,3096,all important fields empty,remove_incomplete_rows
,,,,,,,<na>,,,,,,,,,3099,all important fields empty,remove_incomplete_rows
,,,,,,,<na>,,,,,,,,,3100,all important fields empty,remove_incomplete_rows
,,,,,,,<na>,,,,,,,,,3103,all important fields empty,remove_incomplete_rows
,,,,,,,<na>,,,,,,,,,3104,all important fields empty,remove_incomplete_rows
,,,,,,,<na>,,,,,,,,,3107,all important fields empty,remove_incomplete_rows
,,,,,,,<na>,,,,,,,,,3108,all important fields empty,remove_incomplete_rows
,,,,,,,<na>,,,,,,,,,3113,all important fields empty,remove_incomplete_rows
,,,,,,,<na>,,,,,,,,,3114,all important fields empty,remove_incomplete_rows
,,,,,,,<na>,,,,,,,,,3119,all important fields empty,remove_incomplete_rows
,,,,,,,<na>,,,,,,,,,3120,all important fields empty,remove_incomplete_rows
,,,,,,,<na>,,,,,,,,,3124,all important fields empty,remove_incomplete_rows
,,,,,,,<na>,,,,,,,,,3125,all important fields empty,remove_incomplete_rows
,,,,,,,<na>,,,,,,,,,3130,all important fields empty,remove_incomplete_rows
,,,,,,,<na>,,,,,,,,,3131,all important fields empty,remove_incomplete_rows
,,,,,,,<na>,,,,,,,,,3136,all important fields empty,remove_incomplete_rows
,,,,,,,<na>,,,,,,,,,3137,all important fields empty,remove_incomplete_rows
,,,,,,,<na>,,,,,,,,,3141,all important fields empty,remove_incomplete_rows
,,,,,,,<na>,,,,,,,,,3142,all important fields empty,remove_incomplete_rows
,,,,,,,<na>,,,,,,,,,3147,all important fields empty,remove_incomplete_rows
,,,,,,,<na>,,,,,,,,,3148,all important fields empty,remove_incomplete_rows
,,,,,,,<na>,,,,,,,,,3151,all important fields empty,remove_incomplete_rows
,,,,,,,<na>,,,,,,,,,3152,all important fields empty,remove_incomplete_rows
,,,,,,,<na>,,,,,,,,,3156,all important fields empty,remove_incomplete_rows
,,,,,,,<na>,,,,,,,,,3157,all important fields empty,remove_incomplete_rows
,,,,,,,<na>,,,,,,,,,3161,all important fields empty,remove_incomplete_rows
,,,,,,,<na>,,,,,,,,,3162,all important fields empty,remove_incomplete_rows
,,,,,,,<na>,,,,,,,,,3166,all important fields empty,remove_incomplete_rows
,,,,,,,<na>,,,,,,,,,3167,all important fields empty,remove_incomplete_rows
,,,,,,,<na>,,,,,,,,,3173,all important fields empty,remove_incomplete_rows
,,,,,,,<na>,,,,,,,,,3174,all important fields empty,remove_incomplete_rows
,,,,,,,<na>,,,,,,,,,3177,all important fields empty,remove_incomplete_rows
,,,,,,,<na>,,,,,,,,,3178,all important fields empty,remove_incomplete_rows
,,,,,,,<na>,,,,,,,,,3181,all important fields empty,remove_incomplete_rows
,,,,,,,<na>,,,,,,,,,3182,all important fields empty,remove_incomplete_rows
,,,,,,,<na>,,,,,,,,,3186,all important fields empty,remove_incomplete_rows
,,,,,,,<na>,,,,,,,,,3187,all important fields empty,remove_incomplete_rows
,,,,,,,<na>,,,,,,,,,3190,all important fields empty,remove_incomplete_rows
,,,,,,,<na>,,,,,,,,,3191,all important fields empty,remove_incomplete_rows
,,,,,,,<na>,,,,,,,,,3196,all important fields empty,remove_incomplete_rows
,,,,,,,<na>,,,,,,,,,3197,all important fields empty,remove_incomplete_rows
,,,,,,,<na>,,,,,,,,,3201,all important fields empty,remove_incomplete_rows
,,,,,,,<na>,,,,,,,,,3202,all important fields empty,remove_incomplete_rows
,,,,,,,<na>,,,,,,,,,3205,all important fields empty,remove_incomplete_rows
,,,,,,,<na>,,,,,,,,,3206,all important fields empty,remove_incomplete_rows
,,,,,,,<na>,,,,,,,,,3209,all important fields empty,remove_incomplete_rows
,,,,,,,<na>,,,,,,,,,3210,all important fields empty,remove_incomplete_rows
,,,,,,,<na>,,,,,,,,,3213,all important fields empty,remove_incomplete_rows
,,,,,,,<na>,,,,,,,,,3214,all important fields empty,remove_incomplete_rows
,,,,,,,<na>,,,,,,,,,3219,all important fields empty,remove_incomplete_rows
,,,,,,,<na>,,,,,,,,,3220,all important fields empty,remove_incomplete_rows
,,,,,,,<na>,,,,,,,,,3223,all important fields empty,remove_incomplete_rows
,,,,,,,<na>,,,,,,,,,3224,all important fields empty,remove_incomplete_rows
,,,,,,,<na>,,,,,,,,,3230,all important fields empty,remove_incomplete_rows
,,,,,,,<na>,,,,,,,,,3231,all important fields empty,remove_incomplete_rows
,,,,,,,<na>,,,,,,,,,3237,all important fields empty,remove_incomplete_rows
,,,,,,,<na>,,,,,,,,,3238,all important fields empty,remove_incomplete_rows
,,,,,,,<na>,,,,,,,,,3242,all important fields empty,remove_incomplete_rows
,,,,,,,<na>,,,,,,,,,3243,all important fields empty,remove_incomplete_rows
,,,,,,,<na>,,,,,,,,,3246,all important fields empty,remove_incomplete_rows
,,,,,,,<na>,,,,,,,,,3247,all important fields empty,remove_incomplete_rows
,,,,,,,<na>,,,,,,,,,3251,all important fields empty,remove_incomplete_rows
,,,,,,,<na>,,,,,,,,,3252,all important fields empty,remove_incomplete_rows
,,,,,,,<na>,,,,,,,,,3255,all important fields empty,remove_incomplete_rows
,,,,,,,<na>,,,,,,,,,3256,all important fields empty,remove_incomplete_rows
,,,,,,,<na>,,,,,,,,,3259,all important fields empty,remove_incomplete_rows
,,,,,,,<na>,,,,,,,,,3260,all important fields empty,remove_incomplete_rows
,,,,,,,<na>,,,,,,,,,3266,all important fields empty,remove_incomplete_rows
,,,,,,,<na>,,,,,,,,,3267,all important fields empty,remove_incomplete_rows
,,,,,,,<na>,,,,,,,,,3271,all important fields empty,remove_incomplete_rows
,,,,,,,<na>,,,,,,,,,3272,all important fields empty,remove_incomplete_rows
,,,,,,,<na>,,,,,,,,,3276,all important fields empty,remove_incomplete_rows
,,,,,,,<na>,,,,,,,,,3277,all important fields empty,remove_incomplete_rows
,,,,,,,<na>,,,,,,,,,3280,all important fields empty,remove_incomplete_rows
,,,,,,,<na>,,,,,,,,,3281,all important fields empty,remove_incomplete_rows
,,,,,,,<na>,,,,,,,,,3284,all important fields empty,remove_incomplete_rows
,,,,,,,<na>,,,,,,,,,3285,all important fields empty,remove_incomplete_rows
,,,,,,,<na>,,,,,,,,,3288,all important fields empty,remove_incomplete_rows
,,,,,,,<na>,,,,,,,,,3289,all important fields empty,remove_incomplete_rows
,,,,,,,<na>,,,,,,,,,3295,all important fields empty,remove_incomplete_rows
,,,,,,,<na>,,,,,,,,,3296,all important fields empty,remove_incomplete_rows
,,,,,,,<na>,,,,,,,,,3300,all important fields empty,remove_incomplete_rows
,,,,,,,<na>,,,,,,,,,3301,all important fields empty,remove_incomplete_rows
,,,,,,,<na>,,,,,,,,,3304,all important fields empty,remove_incomplete_rows
,,,,,,,<na>,,,,,,,,,3305,all important fields empty,remove_incomplete_rows
,,,,,,,<na>,,,,,,,,,3308,all important fields empty,remove_incomplete_rows
,,,,,,,<na>,,,,,,,,,3309,all important fields empty,remove_incomplete_rows
,,,,,,,<na>,,,,,,,,,3312,all important fields empty,remove_incomplete_rows
,,,,,,,<na>,,,,,,,,,3313,all important fields empty,remove_incomplete_rows
,,,,,,,<na>,,,,,,,,,3316,all important fields empty,remove_incomplete_rows
,,,,,,,<na>,,,,,,,,,3317,all important fields empty,remove_incomplete_rows
,,,,,,,<na>,,,,,,,,,3320,all important fields empty,remove_incomplete_rows
,,,,,,,<na>,,,,,,,,,3321,all important fields empty,remove_incomplete_rows
,,,,,,,<na>,,,,,,,,,3326,all important fields empty,remove_incomplete_rows
,,,,,,,<na>,,,,,,,,,3327,all important fields empty,remove_incomplete_rows
,,,,,,,<na>,,,,,,,,,3330,all important fields empty,remove_incomplete_rows
,,,,,,,<na>,,,,,,,,,3331,all important fields empty,remove_incomplete_rows
,,,,,,,<na>,,,,,,,,,3334,all important fields empty,remove_incomplete_rows
,,,,,,,<na>,,,,,,,,,3335,all important fields empty,remove_incomplete_rows
,,,,,,,<na>,,,,,,,,,3338,all important fields empty,remove_incomplete_rows
,,,,,,,<na>,,,,,,,,,3339,all important fields empty,remove_incomplete_rows
,,,,,,,<na>,,,,,,,,,3342,all important fields empty,remove_incomplete_rows
,,,,,,,<na>,,,,,,,,,3343,all important fields empty,remove_incomplete_rows
,,,,,,,<na>,,,,,,,,,3346,all important fields empty,remove_incomplete_rows
,,,,,,,<na>,,,,,,,,,3347,all important fields empty,remove_incomplete_rows
,,,,,,,<na>,,,,,,,,,3351,all important fields empty,remove_incomplete_rows
,,,,,,,<na>,,,,,,,,,3352,all important fields empty,remove_incomplete_rows
,,,,,,,<na>,,,,,,,,,3356,all important fields empty,remove_incomplete_rows
,,,,,,,<na>,,,,,,,,,3357,all important fields empty,remove_incomplete_rows
,,,,,,,<na>,,,,,,,,,3361,all important fields empty,remove_incomplete_rows
,,,,,,,<na>,,,,,,,,,3362,all important fields empty,remove_incomplete_rows
,,,,,,,<na>,,,,,,,,,3365,all important fields empty,remove_incomplete_rows
,,,,,,,<na>,,,,,,,,,3366,all important fields empty,remove_incomplete_rows
,,,,,,,<na>,,,,,,,,,3369,all important fields empty,remove_incomplete_rows
,,,,,,,<na>,,,,,,,,,3370,all important fields empty,remove_incomplete_rows
,,,,,,,<na>,,,,,,,,,3376,all important fields empty,remove_incomplete_rows
,,,,,,,<na>,,,,,,,,,3377,all important fields empty,remove_incomplete_rows
,,,,,,,<na>,,,,,,,,,3381,all important fields empty,remove_incomplete_rows
,,,,,,,<na>,,,,,,,,,3382,all important fields empty,remove_incomplete_rows
,,,,,,,<na>,,,,,,,,,3385,all important fields empty,remove_incomplete_rows
,,,,,,,<na>,,,,,,,,,3386,all important fields empty,remove_incomplete_rows
,,,,,,,<na>,,,,,,,,,3389,all important fields empty,remove_incomplete_rows
,,,,,,,<na>,,,,,,,,,3390,all important fields empty,remove_incomplete_rows
,,,,,,,<na>,,,,,,,,,3394,all important fields empty,remove_incomplete_rows
,,,,,,,<na>,,,,,,,,,3395,all important fields empty,remove_incomplete_rows
,,,,,,,<na>,,,,,,,,,3399,all important fields empty,remove_incomplete_rows
,,,,,,,<na>,,,,,,,,,3400,all important fields empty,remove_incomplete_rows
,,,,,,,<na>,,,,,,,,,3403,all important fields empty,remove_incomplete_rows
,,,,,,,<na>,,,,,,,,,3404,all important fields empty,remove_incomplete_rows
,,,,,,,<na>,,,,,,,,,3407,all important fields empty,remove_incomplete_rows
,,,,,,,<na>,,,,,,,,,3408,all important fields empty,remove_incomplete_rows
,,,,,,,<na>,,,,,,,,,3411,all important fields empty,remove_incomplete_rows
,,,,,,,<na>,,,,,,,,,3412,all important fields empty,remove_incomplete_rows
,,,,,,,<na>,,,,,,,,,3415,all important fields empty,remove_incomplete_rows
,,,,,,,<na>,,,,,,,,,3416,all important fields empty,remove_incomplete_rows
,,,,,,,<na>,,,,,,,,,3428,all important fields empty,remove_incomplete_rows
,,,,,,,<na>,,,,,,,,,3429,all important fields empty,remove_incomplete_rows
,,,,,,,<na>,,,,,,,,,3432,all important fields empty,remove_incomplete_rows
,,,,,,,<na>,,,,,,,,,3433,all important fields empty,remove_incomplete_rows
,,,,,,,<na>,,,,,,,,,3436,all important fields empty,remove_incomplete_rows
,,,,,,,<na>,,,,,,,,,3437,all important fields empty,remove_incomplete_rows
,,,,,,,<na>,,,,,,,,,3441,all important fields empty,remove_incomplete_rows
,,,,,,,<na>,,,,,,,,,3442,all important fields empty,remove_incomplete_rows
,,,,,,,<na>,,,,,,,,,3445,all important fields empty,remove_incomplete_rows
,,,,,,,<na>,,,,,,,,,3446,all important fields empty,remove_incomplete_rows
,,,,,,,<na>,,,,,,,,,3451,all important fields empty,remove_incomplete_rows
,,,,,,,<na>,,,,,,,,,3452,all important fields empty,remove_incomplete_rows
,,,,,,,<na>,,,,,,,,,3456,all important fields empty,remove_incomplete_rows
,,,,,,,<na>,,,,,,,,,3457,all important fields empty,remove_incomplete_rows
,,,,,,,<na>,,,,,,,,,3460,all important fields empty,remove_incomplete_rows
,,,,,,,<na>,,,,,,,,,3461,all important fields empty,remove_incomplete_rows
,,,,,,,<na>,,,,,,,,,3464,all important fields empty,remove_incomplete_rows
,,,,,,,<na>,,,,,,,,,3465,all important fields empty,remove_incomplete_rows
,,,,,,,<na>,,,,,,,,,3469,all important fields empty,remove_incomplete_rows
,,,,,,,<na>,,,,,,,,,3470,all important fields empty,remove_incomplete_rows
,,,,,,,<na>,,,,,,,,,3476,all important fields empty,remove_incomplete_rows
,,,,,,,<na>,,,,,,,,,3477,all important fields empty,remove_incomplete_rows
,,,,,,,<na>,,,,,,,,,3480,all important fields empty,remove_incomplete_rows
,,,,,,,<na>,,,,,,,,,3481,all important fields empty,remove_incomplete_rows
,,,,,,,<na>,,,,,,,,,3486,all important fields empty,remove_incomplete_rows
,,,,,,,<na>,,,,,,,,,3487,all important fields empty,remove_incomplete_rows
,,,,,,,<na>,,,,,,,,,3491,all important fields empty,remove_incomplete_rows
,,,,,,,<na>,,,,,,,,,3492,all important fields empty,remove_incomplete_rows
,,,,,,,<na>,,,,,,,,,3495,all important fields empty,remove_incomplete_rows
,,,,,,,<na>,,,,,,,,,3496,all important fields empty,remove_incomplete_rows
,,,,,,,<na>,,,,,,,,,3502,all important fields empty,remove_incomplete_rows
,,,,,,,<na>,,,,,,,,,3503,all important fields empty,remove_incomplete_rows
,,,,,,,<na>,,,,,,,,,3507,all important fields empty,remove_incomplete_rows
,,,,,,,<na>,,,,,,,,,3508,all important fields empty,remove_incomplete_rows
,,,,,,,<na>,,,,,,,,,3512,all important fields empty,remove_incomplete_rows
,,,,,,,<na>,,,,,,,,,3513,all important fields empty,remove_incomplete_rows
,,,,,,,<na>,,,,,,,,,3517,all important fields empty,remove_incomplete_rows
,,,,,,,<na>,,,,,,,,,3518,all important fields empty,remove_incomplete_rows
,,,,,,,<na>,,,,,,,,,3521,all important fields empty,remove_incomplete_rows
,,,,,,,<na>,,,,,,,,,3522,all important fields empty,remove_incomplete_rows
,,,,,,,<na>,,,,,,,,,3526,all important fields empty,remove_incomplete_rows
,,,,,,,<na>,,,,,,,,,3527,all important fields empty,remove_incomplete_rows
,,,,,,,<na>,,,,,,,,,3530,all important fields empty,remove_incomplete_rows
,,,,,,,<na>,,,,,,,,,3531,all important fields empty,remove_incomplete_rows
,,,,,,,<na>,,,,,,,,,3536,all important fields empty,remove_incomplete_rows
,,,,,,,<na>,,,,,,,,,3537,all important fields empty,remove_incomplete_rows
,,,,,,,<na>,,,,,,,,,3540,all important fields empty,remove_incomplete_rows
,,,,,,,<na>,,,,,,,,,3541,all important fields empty,remove_incomplete_rows
,,,,,,,<na>,,,,,,,,,3544,all important fields empty,remove_incomplete_rows
,,,,,,,<na>,,,,,,,,,3545,all important fields empty,remove_incomplete_rows
,,,,,,,<na>,,,,,,,,,3548,all important fields empty,remove_incomplete_rows
,,,,,,,<na>,,,,,,,,,3549,all important fields empty,remove_incomplete_rows
,,,,,,,<na>,,,,,,,,,3552,all important fields empty,remove_incomplete_rows
,,,,,,,<na>,,,,,,,,,3553,all important fields empty,remove_incomplete_rows
,,,,,,,<na>,,,,,,,,,3557,all important fields empty,remove_incomplete_rows
,,,,,,,<na>,,,,,,,,,3558,all important fields empty,remove_incomplete_rows
,,,,,,,<na>,,,,,,,,,3561,all important fields empty,remove_incomplete_rows
,,,,,,,<na>,,,,,,,,,3562,all important fields empty,remove_incomplete_rows
,,,,,,,<na>,,,,,,,,,3566,all important fields empty,remove_incomplete_rows
,,,,,,,<na>,,,,,,,,,3567,all important fields empty,remove_incomplete_rows
,,,,,,,<na>,,,,,,,,,3570,all important fields empty,remove_incomplete_rows
,,,,,,,<na>,,,,,,,,,3571,all important fields empty,remove_incomplete_rows
,,,,,,,<na>,,,,,,,,,3574,all important fields empty,remove_incomplete_rows
,,,,,,,<na>,,,,,,,,,3575,all important fields empty,remove_incomplete_rows
,,,,,,,<na>,,,,,,,,,3578,all important fields empty,remove_incomplete_rows
,,,,,,,<na>,,,,,,,,,3579,all important fields empty,remove_incomplete_rows
,,,,,,,<na>,,,,,,,,,3585,all important fields empty,remove_incomplete_rows
,,,,,,,<na>,,,,,,,,,3586,all important fields empty,remove_incomplete_rows
,,,,,,,<na>,,,,,,,,,3589,all important fields empty,remove_incomplete_rows
,,,,,,,<na>,,,,,,,,,3590,all important fields empty,remove_incomplete_rows
,,,,,,,<na>,,,,,,,,,3594,all important fields empty,remove_incomplete_rows
,,,,,,,<na>,,,,,,,,,3595,all important fields empty,remove_incomplete_rows
,,,,,,,<na>,,,,,,,,,3598,all important fields empty,remove_incomplete_rows
,,,,,,,<na>,,,,,,,,,3599,all important fields empty,remove_incomplete_rows
,,,,,,,<na>,,,,,,,,,3602,all important fields empty,remove_incomplete_rows
,,,,,,,<na>,,,,,,,,,3603,all important fields empty,remove_incomplete_rows
,,,,,,,<na>,,,,,,,,,3606,all important fields empty,remove_incomplete_rows
,,,,,,,<na>,,,,,,,,,3607,all important fields empty,remove_incomplete_rows
,,,,,,,<na>,,,,,,,,,3610,all important fields empty,remove_incomplete_rows
,,,,,,,<na>,,,,,,,,,3611,all important fields empty,remove_incomplete_rows
,,,,,,,<na>,,,,,,,,,3614,all important fields empty,remove_incomplete_rows
,,,,,,,<na>,,,,,,,,,3615,all important fields empty,remove_incomplete_rows
,,,,,,,<na>,,,,,,,,,3618,all important fields empty,remove_incomplete_rows
,,,,,,,<na>,,,,,,,,,3619,all important fields empty,remove_incomplete_rows
,,,,,,,<na>,,,,,,,,,3623,all important fields empty,remove_incomplete_rows
,,,,,,,<na>,,,,,,,,,3624,all important fields empty,remove_incomplete_rows
,,,,,,,<na>,,,,,,,,,3627,all important fields empty,remove_incomplete_rows
,,,,,,,<na>,,,,,,,,,3628,all important fields empty,remove_incomplete_rows
,,,,,,,<na>,,,,,,,,,3631,all important fields empty,remove_incomplete_rows
,,,,,,,<na>,,,,,,,,,3632,all important fields empty,remove_incomplete_rows
,,,,,,,<na>,,,,,,,,,3635,all important fields empty,remove_incomplete_rows
,,,,,,,<na>,,,,,,,,,3636,all important fields empty,remove_incomplete_rows
,,,,,,,<na>,,,,,,,,,3639,all important fields empty,remove_incomplete_rows
,,,,,,,<na>,,,,,,,,,3640,all important fields empty,remove_incomplete_rows
,,,,,,,<na>,,,,,,,,,3644,all important fields empty,remove_incomplete_rows
,,,,,,,<na>,,,,,,,,,3645,all important fields empty,remove_incomplete_rows
,,,,,,,<na>,,,,,,,,,3648,all important fields empty,remove_incomplete_rows
,,,,,,,<na>,,,,,,,,,3649,all important fields empty,remove_incomplete_rows
,,,,,,,<na>,,,,,,,,,3652,all important fields empty,remove_incomplete_rows
,,,,,,,<na>,,,,,,,,,3653,all important fields empty,remove_incomplete_rows
,,,,,,,<na>,,,,,,,,,3656,all important fields empty,remove_incomplete_rows
,,,,,,,<na>,,,,,,,,,3657,all important fields empty,remove_incomplete_rows
,,,,,,,<na>,,,,,,,,,3660,all important fields empty,remove_incomplete_rows
,,,,,,,<na>,,,,,,,,,3661,all important fields empty,remove_incomplete_rows
,,,,,,,<na>,,,,,,,,,3665,all important fields empty,remove_incomplete_rows
,,,,,,,<na>,,,,,,,,,3666,all important fields empty,remove_incomplete_rows
,,,,,,,<na>,,,,,,,,,3670,all important fields empty,remove_incomplete_rows
,,,,,,,<na>,,,,,,,,,3671,all important fields empty,remove_incomplete_rows
,,,,,,,<na>,,,,,,,,,3674,all important fields empty,remove_incomplete_rows
,,,,,,,<na>,,,,,,,,,3675,all important fields empty,remove_incomplete_rows
,,,,,,,<na>,,,,,,,,,3678,all important fields empty,remove_incomplete_rows
,,,,,,,<na>,,,,,,,,,3679,all important fields empty,remove_incomplete_rows
,,,,,,,<na>,,,,,,,,,3685,all important fields empty,remove_incomplete_rows
,,,,,,,<na>,,,,,,,,,3686,all important fields empty,remove_incomplete_rows
,,,,,,,<na>,,,,,,,,,3689,all important fields empty,remove_incomplete_rows
,,,,,,,<na>,,,,,,,,,3690,all important fields empty,remove_incomplete_rows
,,,,,,,<na>,,,,,,,,,3694,all important fields empty,remove_incomplete_rows
,,,,,,,<na>,,,,,,,,,3695,all important fields empty,remove_incomplete_rows
,,,,,,,<na>,,,,,,,,,3698,all important fields empty,remove_incomplete_rows
,,,,,,,<na>,,,,,,,,,3699,all important fields empty,remove_incomplete_rows
,,,,,,,<na>,,,,,,,,,3702,all important fields empty,remove_incomplete_rows
,,,,,,,<na>,,,,,,,,,3703,all important fields empty,remove_incomplete_rows
,,,,,,,<na>,,,,,,,,,3707,all important fields empty,remove_incomplete_rows
,,,,,,,<na>,,,,,,,,,3708,all important fields empty,remove_incomplete_rows
,,,,,,,<na>,,,,,,,,,3711,all important fields empty,remove_incomplete_rows
,,,,,,,<na>,,,,,,,,,3712,all important fields empty,remove_incomplete_rows
,,,,,,,<na>,,,,,,,,,3715,all important fields empty,remove_incomplete_rows
,,,,,,,<na>,,,,,,,,,3716,all important fields empty,remove_incomplete_rows
,,,,,,,<na>,,,,,,,,,3720,all important fields empty,remove_incomplete_rows
,,,,,,,<na>,,,,,,,,,3721,all important fields empty,remove_incomplete_rows
,,,,,,,<na>,,,,,,,,,3724,all important fields empty,remove_incomplete_rows
,,,,,,,<na>,,,,,,,,,3725,all important fields empty,remove_incomplete_rows
,,,,,,,<na>,,,,,,,,,3729,all important fields empty,remove_incomplete_rows
,,,,,,,<na>,,,,,,,,,3730,all important fields empty,remove_incomplete_rows
,,,,,,,<na>,,,,,,,,,3734,all important fields empty,remove_incomplete_rows
,,,,,,,<na>,,,,,,,,,3735,all important fields empty,remove_incomplete_rows
,,,,,,,<na>,,,,,,,,,3738,all important fields empty,remove_incomplete_rows
,,,,,,,<na>,,,,,,,,,3739,all important fields empty,remove_incomplete_rows
,,,,,,,<na>,,,,,,,,,3744,all important fields empty,remove_incomplete_rows
,,,,,,,<na>,,,,,,,,,3745,all important fields empty,remove_incomplete_rows
,,,,,,,<na>,,,,,,,,,3748,all important fields empty,remove_incomplete_rows
,,,,,,,<na>,,,,,,,,,3749,all important fields empty,remove_incomplete_rows
,,,,,,,<na>,,,,,,,,,3753,all important fields empty,remove_incomplete_rows
,,,,,,,<na>,,,,,,,,,3754,all important fields empty,remove_incomplete_rows
,,,,,,,<na>,,,,,,,,,3758,all important fields empty,remove_incomplete_rows
,,,,,,,<na>,,,,,,,,,3759,all important fields empty,remove_incomplete_rows
,,,,,,,<na>,,,,,,,,,3762,all important fields empty,remove_incomplete_rows
,,,,,,,<na>,,,,,,,,,3763,all important fields empty,remove_incomplete_rows
,,,,,,,<na>,,,,,,,,,3766,all important fields empty,remove_incomplete_rows
,,,,,,,<na>,,,,,,,,,3767,all important fields empty,remove_incomplete_rows
,,,,,,,<na>,,,,,,,,,3770,all important fields empty,remove_incomplete_rows
,,,,,,,<na>,,,,,,,,,3771,all important fields empty,remove_incomplete_rows
,,,,,,,<na>,,,,,,,,,3776,all important fields empty,remove_incomplete_rows
,,,,,,,<na>,,,,,,,,,3777,all important fields empty,remove_incomplete_rows
,,,,,,,<na>,,,,,,,,,3781,all important fields empty,remove_incomplete_rows
,,,,,,,<na>,,,,,,,,,3782,all important fields empty,remove_incomplete_rows
,,,,,,,<na>,,,,,,,,,3786,all important fields empty,remove_incomplete_rows
,,,,,,,<na>,,,,,,,,,3787,all important fields empty,remove_incomplete_rows
,,,,,,,<na>,,,,,,,,,3791,all important fields empty,remove_incomplete_rows
,,,,,,,<na>,,,,,,,,,3792,all important fields empty,remove_incomplete_rows
,,,,,,,<na>,,,,,,,,,3795,all important fields empty,remove_incomplete_rows
,,,,,,,<na>,,,,,,,,,3796,all important fields empty,remove_incomplete_rows
,,,,,,,<na>,,,,,,,,,3800,all important fields empty,remove_incomplete_rows
,,,,,,,<na>,,,,,,,,,3801,all important fields empty,remove_incomplete_rows
,,,,,,,<na>,,,,,,,,,3805,all important fields empty,remove_incomplete_rows
,,,,,,,<na>,,,,,,,,,3806,all important fields empty,remove_incomplete_rows
,,,,,,,<na>,,,,,,,,,3811,all important fields empty,remove_incomplete_rows
,,,,,,,<na>,,,,,,,,,3812,all important fields empty,remove_incomplete_rows
,,,,,,,<na>,,,,,,,,,3819,all important fields empty,remove_incomplete_rows
,,,,,,,<na>,,,,,,,,,3820,all important fields empty,remove_incomplete_rows
,,,,,,,<na>,,,,,,,,,3823,all important fields empty,remove_incomplete_rows
,,,,,,,<na>,,,,,,,,,3824,all important fields empty,remove_incomplete_rows
,,,,,,,<na>,,,,,,,,,3829,all important fields empty,remove_incomplete_rows
,,,,,,,<na>,,,,,,,,,3830,all important fields empty,remove_incomplete_rows
,,,,,,,<na>,,,,,,,,,3833,all important fields empty,remove_incomplete_rows
,,,,,,,<na>,,,,,,,,,3834,all important fields empty,remove_incomplete_rows
,,,,,,,<na>,,,,,,,,,3837,all important fields empty,remove_incomplete_rows
,,,,,,,<na>,,,,,,,,,3838,all important fields empty,remove_incomplete_rows
,,,,,,,<na>,,,,,,,,,3842,all important fields empty,remove_incomplete_rows
,,,,,,,<na>,,,,,,,,,3843,all important fields empty,remove_incomplete_rows
,,,,,,,<na>,,,,,,,,,3846,all important fields empty,remove_incomplete_rows
,,,,,,,<na>,,,,,,,,,3847,all important fields empty,remove_incomplete_rows
,,,,,,,<na>,,,,,,,,,3852,all important fields empty,remove_incomplete_rows
,,,,,,,<na>,,,,,,,,,3853,all important fields empty,remove_incomplete_rows
,,,,,,,<na>,,,,,,,,,3856,all important fields empty,remove_incomplete_rows
,,,,,,,<na>,,,,,,,,,3857,all important fields empty,remove_incomplete_rows
,,,,,,,<na>,,,,,,,,,3860,all important fields empty,remove_incomplete_rows
,,,,,,,<na>,,,,,,,,,3861,all important fields empty,remove_incomplete_rows
,,,,,,,<na>,,,,,,,,,3864,all important fields empty,remove_incomplete_rows
,,,,,,,<na>,,,,,,,,,3865,all important fields empty,remove_incomplete_rows
,,,,,,,<na>,,,,,,,,,3871,all important fields empty,remove_incomplete_rows
,,,,,,,<na>,,,,,,,,,3872,all important fields empty,remove_incomplete_rows
,,,,,,,<na>,,,,,,,,,3876,all important fields empty,remove_incomplete_rows
,,,,,,,<na>,,,,,,,,,3877,all important fields empty,remove_incomplete_rows
,,,,,,,<na>,,,,,,,,,3880,all important fields empty,remove_incomplete_rows
,,,,,,,<na>,,,,,,,,,3881,all important fields empty,remove_incomplete_rows
,,,,,,,<na>,,,,,,,,,3885,all important fields empty,remove_incomplete_rows
,,,,,,,<na>,,,,,,,,,3886,all important fields empty,remove_incomplete_rows
,,,,,,,<na>,,,,,,,,,3890,all important fields empty,remove_incomplete_rows
,,,,,,,<na>,,,,,,,,,3891,all important fields empty,remove_incomplete_rows
,,,,,,,<na>,,,,,,,,,3894,all important fields empty,remove_incomplete_rows
,,,,,,,<na>,,,,,,,,,3895,all important fields empty,remove_incomplete_rows
,,,,,,,<na>,,,,,,,,,3898,all important fields empty,remove_incomplete_rows
,,,,,,,<na>,,,,,,,,,3899,all important fields empty,remove_incomplete_rows
,,,,,,,<na>,,,,,,,,,3903,all important fields empty,remove_incomplete_rows
,,,,,,,<na>,,,,,,,,,3904,all important fields empty,remove_incomplete_rows
,,,,,,,<na>,,,,,,,,,3907,all important fields empty,remove_incomplete_rows
,,,,,,,<na>,,,,,,,,,3908,all important fields empty,remove_incomplete_rows
,,,,,,,<na>,,,,,,,,,3914,all important fields empty,remove_incomplete_rows
,,,,,,,<na>,,,,,,,,,3915,all important fields empty,remove_incomplete_rows
,,,,,,,<na>,,,,,,,,,3919,all important fields empty,remove_incomplete_rows
,,,,,,,<na>,,,,,,,,,3920,all important fields empty,remove_incomplete_rows
,,,,,,,<na>,,,,,,,,,3923,all important fields empty,remove_incomplete_rows
,,,,,,,<na>,,,,,,,,,3924,all important fields empty,remove_incomplete_rows
,,,,,,,<na>,,,,,,,,,3927,all important fields empty,remove_incomplete_rows
,,,,,,,<na>,,,,,,,,,3928,all important fields empty,remove_incomplete_rows
,,,,,,,<na>,,,,,,,,,3931,all important fields empty,remove_incomplete_rows
,,,,,,,<na>,,,,,,,,,3932,all important fields empty,remove_incomplete_rows
,,,,,,,<na>,,,,,,,,,3936,all important fields empty,remove_incomplete_rows
,,,,,,,<na>,,,,,,,,,3937,all important fields empty,remove_incomplete_rows
,,,,,,,<na>,,,,,,,,,3944,all important fields empty,remove_incomplete_rows
,,,,,,,<na>,,,,,,,,,3945,all important fields empty,remove_incomplete_rows
,,,,,,,<na>,,,,,,,,,3948,all important fields empty,remove_incomplete_rows
,,,,,,,<na>,,,,,,,,,3949,all important fields empty,remove_incomplete_rows
,,,,,,,<na>,,,,,,,,,3953,all important fields empty,remove_incomplete_rows
,,,,,,,<na>,,,,,,,,,3954,all important fields empty,remove_incomplete_rows
,,,,,,,<na>,,,,,,,,,3957,all important fields empty,remove_incomplete_rows
,,,,,,,<na>,,,,,,,,,3958,all important fields empty,remove_incomplete_rows
,,,,,,,<na>,,,,,,,,,3961,all important fields empty,remove_incomplete_rows
,,,,,,,<na>,,,,,,,,,3962,all important fields empty,remove_incomplete_rows
,,,,,,,<na>,,,,,,,,,3965,all important fields empty,remove_incomplete_rows
,,,,,,,<na>,,,,,,,,,3966,all important fields empty,remove_incomplete_rows
,,,,,,,<na>,,,,,,,,,3969,all important fields empty,remove_incomplete_rows
,,,,,,,<na>,,,,,,,,,3970,all important fields empty,remove_incomplete_rows
,,,,,,,<na>,,,,,,,,,3973,all important fields empty,remove_incomplete_rows
,,,,,,,<na>,,,,,,,,,3974,all important fields empty,remove_incomplete_rows
,,,,,,,<na>,,,,,,,,,3977,all important fields empty,remove_incomplete_rows
,,,,,,,<na>,,,,,,,,,3978,all important fields empty,remove_incomplete_rows
,,,,,,,<na>,,,,,,,,,3981,all important fields empty,remove_incomplete_rows
,,,,,,,<na>,,,,,,,,,3982,all important fields empty,remove_incomplete_rows
,,,,,,,<na>,,,,,,,,,3985,all important fields empty,remove_incomplete_rows
,,,,,,,<na>,,,,,,,,,3986,all important fields empty,remove_incomplete_rows
,,,,,,,<na>,,,,,,,,,3990,all important fields empty,remove_incomplete_rows
,,,,,,,<na>,,,,,,,,,3991,all important fields empty,remove_incomplete_rows
,,,,,,,<na>,,,,,,,,,3994,all important fields empty,remove_incomplete_rows
,,,,,,,<na>,,,,,,,,,3995,all important fields empty,remove_incomplete_rows
,,,,,,,<na>,,,,,,,,,3999,all important fields empty,remove_incomplete_rows
,,,,,,,<na>,,,,,,,,,4000,all important fields empty,remove_incomplete_rows
,,,,,,,<na>,,,,,,,,,4003,all important fields empty,remove_incomplete_rows
,,,,,,,<na>,,,,,,,,,4004,all important fields empty,remove_incomplete_rows
,,,,,,,<na>,,,,,,,,,4007,all important fields empty,remove_incomplete_rows
,,,,,,,<na>,,,,,,,,,4008,all important fields empty,remove_incomplete_rows
,,,,,,,<na>,,,,,,,,,4012,all important fields empty,remove_incomplete_rows
,,,,,,,<na>,,,,,,,,,4013,all important fields empty,remove_incomplete_rows
,,,,,,,<na>,,,,,,,,,4016,all important fields empty,remove_incomplete_rows
,,,,,,,<na>,,,,,,,,,4017,all important fields empty,remove_incomplete_rows
,,,,,,,<na>,,,,,,,,,4020,all important fields empty,remove_incomplete_rows
,,,,,,,<na>,,,,,,,,,4021,all important fields empty,remove_incomplete_rows
,,,,,,,<na>,,,,,,,,,4024,all important fields empty,remove_incomplete_rows
,,,,,,,<na>,,,,,,,,,4025,all important fields empty,remove_incomplete_rows
,,,,,,,<na>,,,,,,,,,4028,all important fields empty,remove_incomplete_rows
,,,,,,,<na>,,,,,,,,,4029,all important fields empty,remove_incomplete_rows
,,,,,,,<na>,,,,,,,,,4032,all important fields empty,remove_incomplete_rows
,,,,,,,<na>,,,,,,,,,4033,all important fields empty,remove_incomplete_rows
,,,,,,,<na>,,,,,,,,,4036,all important fields empty,remove_incomplete_rows
,,,,,,,<na>,,,,,,,,,4037,all important fields empty,remove_incomplete_rows
,,,,,,,<na>,,,,,,,,,4040,all important fields empty,remove_incomplete_rows
,,,,,,,<na>,,,,,,,,,4041,all important fields empty,remove_incomplete_rows
,,,,,,,<na>,,,,,,,,,4046,all important fields empty,remove_incomplete_rows
,,,,,,,<na>,,,,,,,,,4047,all important fields empty,remove_incomplete_rows
,,,,,,,<na>,,,,,,,,,4050,all important fields empty,remove_incomplete_rows
,,,,,,,<na>,,,,,,,,,4051,all important fields empty,remove_incomplete_rows
,,,,,,,<na>,,,,,,,,,4054,all important fields empty,remove_incomplete_rows
,,,,,,,<na>,,,,,,,,,4055,all important fields empty,remove_incomplete_rows
,,,,,,,<na>,,,,,,,,,4058,all important fields empty,remove_incomplete_rows
,,,,,,,<na>,,,,,,,,,4059,all important fields empty,remove_incomplete_rows
,,,,,,,<na>,,,,,,,,,4062,all important fields empty,remove_incomplete_rows
,,,,,,,<na>,,,,,,,,,4063,all important fields empty,remove_incomplete_rows
,,,,,,,<na>,,,,,,,,,4067,all important fields empty,remove_incomplete_rows
,,,,,,,<na>,,,,,,,,,4068,all important fields empty,remove_incomplete_rows
,,,,,,,<na>,,,,,,,,,4071,all important fields empty,remove_incomplete_rows
,,,,,,,<na>,,,,,,,,,4072,all important fields empty,remove_incomplete_rows
,,,,,,,<na>,,,,,,,,,4075,all important fields empty,remove_incomplete_rows
,,,,,,,<na>,,,,,,,,,4076,all important fields empty,remove_incomplete_rows
,,,,,,,<na>,,,,,,,,,4079,all important fields empty,remove_incomplete_rows
,,,,,,,<na>,,,,,,,,,4080,all important fields empty,remove_incomplete_rows
,,,,,,,<na>,,,,,,,,,4084,all important fields empty,remove_incomplete_rows
,,,,,,,<na>,,,,,,,,,4085,all important fields empty,remove_incomplete_rows
,,,,,,,<na>,,,,,,,,,4088,all important fields empty,remove_incomplete_rows
,,,,,,,<na>,,,,,,,,,4089,all important fields empty,remove_incomplete_rows
,,,,,,,<na>,,,,,,,,,4095,all important fields empty,remove_incomplete_rows
,,,,,,,<na>,,,,,,,,,4096,all important fields empty,remove_incomplete_rows
,,,,,,,<na>,,,,,,,,,4099,all important fields empty,remove_incomplete_rows
,,,,,,,<na>,,,,,,,,,4100,all important fields empty,remove_incomplete_rows
,,,,,,,<na>,,,,,,,,,4104,all important fields empty,remove_incomplete_rows
,,,,,,,<na>,,,,,,,,,4105,all important fields empty,remove_incomplete_rows
,,,,,,,<na>,,,,,,,,,4108,all important fields empty,remove_incomplete_rows
,,,,,,,<na>,,,,,,,,,4109,all important fields empty,remove_incomplete_rows
,,,,,,,<na>,,,,,,,,,4112,all important fields empty,remove_incomplete_rows
,,,,,,,<na>,,,,,,,,,4113,all important fields empty,remove_incomplete_rows
,,,,,,,<na>,,,,,,,,,4116,all important fields empty,remove_incomplete_rows
,,,,,,,<na>,,,,,,,,,4117,all important fields empty,remove_incomplete_rows
,,,,,,,<na>,,,,,,,,,4120,all important fields empty,remove_incomplete_rows
,,,,,,,<na>,,,,,,,,,4121,all important fields empty,remove_incomplete_rows
,,,,,,,<na>,,,,,,,,,4126,all important fields empty,remove_incomplete_rows
,,,,,,,<na>,,,,,,,,,4127,all important fields empty,remove_incomplete_rows
,,,,,,,<na>,,,,,,,,,4132,all important fields empty,remove_incomplete_rows
,,,,,,,<na>,,,,,,,,,4133,all important fields empty,remove_incomplete_rows
,,,,,,,<na>,,,,,,,,,4138,all important fields empty,remove_incomplete_rows
,,,,,,,<na>,,,,,,,,,4139,all important fields empty,remove_incomplete_rows
,,,,,,,<na>,,,,,,,,,4143,all important fields empty,remove_incomplete_rows
,,,,,,,<na>,,,,,,,,,4144,all important fields empty,remove_incomplete_rows
,,,,,,,<na>,,,,,,,,,4147,all important fields empty,remove_incomplete_rows
,,,,,,,<na>,,,,,,,,,4148,all important fields empty,remove_incomplete_rows
,,,,,,,<na>,,,,,,,,,4151,all important fields empty,remove_incomplete_rows
,,,,,,,<na>,,,,,,,,,4152,all important fields empty,remove_incomplete_rows
,,,,,,,<na>,,,,,,,,,4155,all important fields empty,remove_incomplete_rows
,,,,,,,<na>,,,,,,,,,4156,all important fields empty,remove_incomplete_rows
,,,,,,,<na>,,,,,,,,,4160,all important fields empty,remove_incomplete_rows
,,,,,,,<na>,,,,,,,,,4161,all important fields empty,remove_incomplete_rows
,,,,,,,<na>,,,,,,,,,4175,all important fields empty,remove_incomplete_rows
,,,,,,,<na>,,,,,,,,,4176,all important fields empty,remove_incomplete_rows
,,,,,,,<na>,,,,,,,,,4179,all important fields empty,remove_incomplete_rows
,,,,,,,<na>,,,,,,,,,4180,all important fields empty,remove_incomplete_rows
,,,,,,,<na>,,,,,,,,,4183,all important fields empty,remove_incomplete_rows
,,,,,,,<na>,,,,,,,,,4184,all important fields empty,remove_incomplete_rows
,,,,,,,<na>,,,,,,,,,4187,all important fields empty,remove_incomplete_rows
,,,,,,,<na>,,,,,,,,,4188,all important fields empty,remove_incomplete_rows
,,,,,,,<na>,,,,,,,,,4191,all important fields empty,remove_incomplete_rows
,,,,,,,<na>,,,,,,,,,4192,all important fields empty,remove_incomplete_rows
,,,,,,,<na>,,,,,,,,,4197,all important fields empty,remove_incomplete_rows
,,,,,,,<na>,,,,,,,,,4198,all important fields empty,remove_incomplete_rows
,,,,,,,<na>,,,,,,,,,4204,all important fields empty,remove_incomplete_rows
,,,,,,,<na>,,,,,,,,,4205,all important fields empty,remove_incomplete_rows
,,,,,,,<na>,,,,,,,,,4211,all important fields empty,remove_incomplete_rows
,,,,,,,<na>,,,,,,,,,4212,all important fields empty,remove_incomplete_rows
,,,,,,,<na>,,,,,,,,,4215,all important fields empty,remove_incomplete_rows
,,,,,,,<na>,,,,,,,,,4216,all important fields empty,remove_incomplete_rows
,,,,,,,<na>,,,,,,,,,4219,all important fields empty,remove_incomplete_rows
,,,,,,,<na>,,,,,,,,,4220,all important fields empty,remove_incomplete_rows
,,,,,,,<na>,,,,,,,,,4223,all important fields empty,remove_incomplete_rows
,,,,,,,<na>,,,,,,,,,4224,all important fields empty,remove_incomplete_rows
,,,,,,,<na>,,,,,,,,,4228,all important fields empty,remove_incomplete_rows
,,,,,,,<na>,,,,,,,,,4229,all important fields empty,remove_incomplete_rows
,,,,,,,<na>,,,,,,,,,4232,all important fields empty,remove_incomplete_rows
,,,,,,,<na>,,,,,,,,,4233,all important fields empty,remove_incomplete_rows
,,,,,,,<na>,,,,,,,,,4236,all important fields empty,remove_incomplete_rows
,,,,,,,<na>,,,,,,,,,4237,all important fields empty,remove_incomplete_rows
,,,,,,,<na>,,,,,,,,,4241,all important fields empty,remove_incomplete_rows
,,,,,,,<na>,,,,,,,,,4242,all important fields empty,remove_incomplete_rows
,,,,,,,<na>,,,,,,,,,4248,all important fields empty,remove_incomplete_rows
,,,,,,,<na>,,,,,,,,,4249,all important fields empty,remove_incomplete_rows
,,,,,,,<na>,,,,,,,,,4254,all important fields empty,remove_incomplete_rows
,,,,,,,<na>,,,,,,,,,4255,all important fields empty,remove_incomplete_rows
,,,,,,,<na>,,,,,,,,,4265,all important fields empty,remove_incomplete_rows
,,,,,,,<na>,,,,,,,,,4266,all important fields empty,remove_incomplete_rows
,,,,,,,<na>,,,,,,,,,4269,all important fields empty,remove_incomplete_rows
,,,,,,,<na>,,,,,,,,,4270,all important fields empty,remove_incomplete_rows
,,,,,,,<na>,,,,,,,,,4273,all important fields empty,remove_incomplete_rows
,,,,,,,<na>,,,,,,,,,4274,all important fields empty,remove_incomplete_rows
,,,,,,,<na>,,,,,,,,,4277,all important fields empty,remove_incomplete_rows
,,,,,,,<na>,,,,,,,,,4278,all important fields empty,remove_incomplete_rows
,,,,,,,<na>,,,,,,,,,4282,all important fields empty,remove_incomplete_rows
,,,,,,,<na>,,,,,,,,,4283,all important fields empty,remove_incomplete_rows
,,,,,,,<na>,,,,,,,,,4286,all important fields empty,remove_incomplete_rows
,,,,,,,<na>,,,,,,,,,4287,all important fields empty,remove_incomplete_rows
,,,,,,,<na>,,,,,,,,,4290,all important fields empty,remove_incomplete_rows
,,,,,,,<na>,,,,,,,,,4291,all important fields empty,remove_incomplete_rows
,,,,,,,<na>,,,,,,,,,4294,all important fields empty,remove_incomplete_rows
,,,,,,,<na>,,,,,,,,,4295,all important fields empty,remove_incomplete_rows
,,,,,,,<na>,,,,,,,,,4299,all important fields empty,remove_incomplete_rows
,,,,,,,<na>,,,,,,,,,4300,all important fields empty,remove_incomplete_rows
,,,,,,,<na>,,,,,,,,,4303,all important fields empty,remove_incomplete_rows
,,,,,,,<na>,,,,,,,,,4304,all important fields empty,remove_incomplete_rows
,,,,,,,<na>,,,,,,,,,4307,all important fields empty,remove_incomplete_rows
,,,,,,,<na>,,,,,,,,,4308,all important fields empty,remove_incomplete_rows
,,,,,,,<na>,,,,,,,,,4311,all important fields empty,remove_incomplete_rows
,,,,,,,<na>,,,,,,,,,4312,all important fields empty,remove_incomplete_rows
,,,,,,,<na>,,,,,,,,,4317,all important fields empty,remove_incomplete_rows
,,,,,,,<na>,,,,,,,,,4318,all important fields empty,remove_incomplete_rows
,,,,,,,<na>,,,,,,,,,4323,all important fields empty,remove_incomplete_rows
,,,,,,,<na>,,,,,,,,,4324,all important fields empty,remove_incomplete_rows
,,,,,,,<na>,,,,,,,,,4327,all important fields empty,remove_incomplete_rows
,,,,,,,<na>,,,,,,,,,4328,all important fields empty,remove_incomplete_rows
,,,,,,,<na>,,,,,,,,,4331,all important fields empty,remove_incomplete_rows
,,,,,,,<na>,,,,,,,,,4332,all important fields empty,remove_incomplete_rows
,,,,,,,<na>,,,,,,,,,4336,all important fields empty,remove_incomplete_rows
,,,,,,,<na>,,,,,,,,,4337,all important fields empty,remove_incomplete_rows
,,,,,,,<na>,,,,,,,,,4340,all important fields empty,remove_incomplete_rows
,,,,,,,<na>,,,,,,,,,4341,all important fields empty,remove_incomplete_rows
,,,,,,,<na>,,,,,,,,,4344,all important fields empty,remove_incomplete_rows
,,,,,,,<na>,,,,,,,,,4345,all important fields empty,remove_incomplete_rows
,,,,,,,<na>,,,,,,,,,4348,all important fields empty,remove_incomplete_rows
,,,,,,,<na>,,,,,,,,,4349,all important fields empty,remove_incomplete_rows
,,,,,,,<na>,,,,,,,,,4352,all important fields empty,remove_incomplete_rows
,,,,,,,<na>,,,,,,,,,4353,all important fields empty,remove_incomplete_rows
,,,,,,,<na>,,,,,,,,,4358,all important fields empty,remove_incomplete_rows
,,,,,,,<na>,,,,,,,,,4359,all important fields empty,remove_incomplete_rows
,,,,,,,<na>,,,,,,,,,4371,all important fields empty,remove_incomplete_rows
,,,,,,,<na>,,,,,,,,,4372,all important fields empty,remove_incomplete_rows
,,,,,,,<na>,,,,,,,,,4379,all important fields empty,remove_incomplete_rows
,,,,,,,<na>,,,,,,,,,4380,all important fields empty,remove_incomplete_rows
,,,,,,,<na>,,,,,,,,,4383,all important fields empty,remove_incomplete_rows
,,,,,,,<na>,,,,,,,,,4384,all important fields empty,remove_incomplete_rows
,,,,,,,<na>,,,,,,,,,4388,all important fields empty,remove_incomplete_rows
,,,,,,,<na>,,,,,,,,,4389,all important fields empty,remove_incomplete_rows
,,,,,,,<na>,,,,,,,,,4392,all important fields empty,remove_incomplete_rows
,,,,,,,<na>,,,,,,,,,4393,all important fields empty,remove_incomplete_rows
,,,,,,,<na>,,,,,,,,,4396,all important fields empty,remove_incomplete_rows
,,,,,,,<na>,,,,,,,,,4397,all important fields empty,remove_incomplete_rows
,,,,,,,<na>,,,,,,,,,4400,all important fields empty,remove_incomplete_rows
,,,,,,,<na>,,,,,,,,,4401,all important fields empty,remove_incomplete_rows
,,,,,,,<na>,,,,,,,,,4404,all important fields empty,remove_incomplete_rows
,,,,,,,<na>,,,,,,,,,4405,all important fields empty,remove_incomplete_rows
,,,,,,,<na>,,,,,,,,,4409,all important fields empty,remove_incomplete_rows
,,,,,,,<na>,,,,,,,,,4410,all important fields empty,remove_incomplete_rows
,,,,,,,<na>,,,,,,,,,4413,all important fields empty,remove_incomplete_rows
,,,,,,,<na>,,,,,,,,,4414,all important fields empty,remove_incomplete_rows
,,,,,,,<na>,,,,,,,,,4417,all important fields empty,remove_incomplete_rows
,,,,,,,<na>,,,,,,,,,4418,all important fields empty,remove_incomplete_rows
,,,,,,,<na>,,,,,,,,,4421,all important fields empty,remove_incomplete_rows
,,,,,,,<na>,,,,,,,,,4422,all important fields empty,remove_incomplete_rows
,,,,,,,<na>,,,,,,,,,4425,all important fields empty,remove_incomplete_rows
,,,,,,,<na>,,,,,,,,,4426,all important fields empty,remove_incomplete_rows
,,,,,,,<na>,,,,,,,,,4429,all important fields empty,remove_incomplete_rows
,,,,,,,<na>,,,,,,,,,4430,all important fields empty,remove_incomplete_rows
,,,,,,,<na>,,,,,,,,,4433,all important fields empty,remove_incomplete_rows
,,,,,,,<na>,,,,,,,,,4434,all important fields empty,remove_incomplete_rows
,,,,,,,<na>,,,,,,,,,4437,all important fields empty,remove_incomplete_rows
,,,,,,,<na>,,,,,,,,,4438,all important fields empty,remove_incomplete_rows
,,,,,,,<na>,,,,,,,,,4441,all important fields empty,remove_incomplete_rows
,,,,,,,<na>,,,,,,,,,4442,all important fields empty,remove_incomplete_rows
,,,,,,,<na>,,,,,,,,,4445,all important fields empty,remove_incomplete_rows
,,,,,,,<na>,,,,,,,,,4446,all important fields empty,remove_incomplete_rows
,,,,,,,<na>,,,,,,,,,4449,all important fields empty,remove_incomplete_rows
,,,,,,,<na>,,,,,,,,,4450,all important fields empty,remove_incomplete_rows
,,,,,,,<na>,,,,,,,,,4453,all important fields empty,remove_incomplete_rows
,,,,,,,<na>,,,,,,,,,4454,all important fields empty,remove_incomplete_rows
,,,,,,,<na>,,,,,,,,,4457,all important fields empty,remove_incomplete_rows
,,,,,,,<na>,,,,,,,,,4458,all important fields empty,remove_incomplete_rows
,,,,,,,<na>,,,,,,,,,4461,all important fields empty,remove_incomplete_rows
,,,,,,,<na>,,,,,,,,,4462,all important fields empty,remove_incomplete_rows
,,,,,,,<na>,,,,,,,,,4465,all important fields empty,remove_incomplete_rows
,,,,,,,<na>,,,,,,,,,4466,all important fields empty,remove_incomplete_rows
,,,,,,,<na>,,,,,,,,,4469,all important fields empty,remove_incomplete_rows
,,,,,,,<na>,,,,,,,,,4470,all important fields empty,remove_incomplete_rows
,,,,,,,<na>,,,,,,,,,4474,all important fields empty,remove_incomplete_rows
,,,,,,,<na>,,,,,,,,,4475,all important fields empty,remove_incomplete_rows
,,,,,,,<na>,,,,,,,,,4480,all important fields empty,remove_incomplete_rows
,,,,,,,<na>,,,,,,,,,4481,all important fields empty,remove_incomplete_rows
,,,,,,,<na>,,,,,,,,,4484,all important fields empty,remove_incomplete_rows
,,,,,,,<na>,,,,,,,,,4485,all important fields empty,remove_incomplete_rows
,,,,,,,<na>,,,,,,,,,4488,all important fields empty,remove_incomplete_rows
,,,,,,,<na>,,,,,,,,,4489,all important fields empty,remove_incomplete_rows
,,,,,,,<na>,,,,,,,,,4494,all important fields empty,remove_incomplete_rows
,,,,,,,<na>,,,,,,,,,4495,all important fields empty,remove_incomplete_rows
,,,,,,,<na>,,,,,,,,,4498,all important fields empty,remove_incomplete_rows
,,,,,,,<na>,,,,,,,,,4499,all important fields empty,remove_incomplete_rows
,,,,,,,<na>,,,,,,,,,4502,all important fields empty,remove_incomplete_rows
,,,,,,,<na>,,,,,,,,,4503,all important fields empty,remove_incomplete_rows
,,,,,,,<na>,,,,,,,,,4507,all important fields empty,remove_incomplete_rows
,,,,,,,<na>,,,,,,,,,4508,all important fields empty,remove_incomplete_rows
,,,,,,,<na>,,,,,,,,,4514,all important fields empty,remove_incomplete_rows
,,,,,,,<na>,,,,,,,,,4515,all important fields empty,remove_incomplete_rows
,,,,,,,<na>,,,,,,,,,4519,all important fields empty,remove_incomplete_rows
,,,,,,,<na>,,,,,,,,,4520,all important fields empty,remove_incomplete_rows
,,,,,,,<na>,,,,,,,,,4523,all important fields empty,remove_incomplete_rows
,,,,,,,<na>,,,,,,,,,4524,all important fields empty,remove_incomplete_rows
,,,,,,,<na>,,,,,,,,,4527,all important fields empty,remove_incomplete_rows
,,,,,,,<na>,,,,,,,,,4528,all important fields empty,remove_incomplete_rows
,,,,,,,<na>,,,,,,,,,4531,all important fields empty,remove_incomplete_rows
,,,,,,,<na>,,,,,,,,,4532,all important fields empty,remove_incomplete_rows
,,,,,,,<na>,,,,,,,,,4535,all important fields empty,remove_incomplete_rows
,,,,,,,<na>,,,,,,,,,4536,all important fields empty,remove_incomplete_rows
,,,,,,,<na>,,,,,,,,,4539,all important fields empty,remove_incomplete_rows
,,,,,,,<na>,,,,,,,,,4540,all important fields empty,remove_incomplete_rows
,,,,,,,<na>,,,,,,,,,4545,all important fields empty,remove_incomplete_rows
,,,,,,,<na>,,,,,,,,,4546,all important fields empty,remove_incomplete_rows
,,,,,,,<na>,,,,,,,,,4551,all important fields empty,remove_incomplete_rows
,,,,,,,<na>,,,,,,,,,4552,all important fields empty,remove_incomplete_rows
,,,,,,,<na>,,,,,,,,,4559,all important fields empty,remove_incomplete_rows
,,,,,,,<na>,,,,,,,,,4560,all important fields empty,remove_incomplete_rows
,,,,,,,<na>,,,,,,,,,4564,all important fields empty,remove_incomplete_rows
,,,,,,,<na>,,,,,,,,,4565,all important fields empty,remove_incomplete_rows
,,,,,,,<na>,,,,,,,,,4568,all important fields empty,remove_incomplete_rows
,,,,,,,<na>,,,,,,,,,4569,all important fields empty,remove_incomplete_rows
,,,,,,,<na>,,,,,,,,,4572,all important fields empty,remove_incomplete_rows
,,,,,,,<na>,,,,,,,,,4573,all important fields empty,remove_incomplete_rows
,,,,,,,<na>,,,,,,,,,4576,all important fields empty,remove_incomplete_rows
,,,,,,,<na>,,,,,,,,,4577,all important fields empty,remove_incomplete_rows
,,,,,,,<na>,,,,,,,,,4581,all important fields empty,remove_incomplete_rows
,,,,,,,<na>,,,,,,,,,4582,all important fields empty,remove_incomplete_rows
,,,,,,,<na>,,,,,,,,,4585,all important fields empty,remove_incomplete_rows
,,,,,,,<na>,,,,,,,,,4586,all important fields empty,remove_incomplete_rows
,,,,,,,<na>,,,,,,,,,4589,all important fields empty,remove_incomplete_rows
,,,,,,,<na>,,,,,,,,,4590,all important fields empty,remove_incomplete_rows
,,,,,,,<na>,,,,,,,,,4593,all important fields empty,remove_incomplete_rows
,,,,,,,<na>,,,,,,,,,4594,all important fields empty,remove_incomplete_rows
,,,,,,,<na>,,,,,,,,,4597,all important fields empty,remove_incomplete_rows
,,,,,,,<na>,,,,,,,,,4598,all important fields empty,remove_incomplete_rows
,,,,,,,<na>,,,,,,,,,4601,all important fields empty,remove_incomplete_rows
,,,,,,,<na>,,,,,,,,,4602,all important fields empty,remove_incomplete_rows
,,,,,,,<na>,,,,,,,,,4606,all important fields empty,remove_incomplete_rows
,,,,,,,<na>,,,,,,,,,4607,all important fields empty,remove_incomplete_rows
,,,,,,,<na>,,,,,,,,,4610,all important fields empty,remove_incomplete_rows
,,,,,,,<na>,,,,,,,,,4611,all important fields empty,remove_incomplete_rows
,,,,,,,<na>,,,,,,,,,4614,all important fields empty,remove_incomplete_rows
,,,,,,,<na>,,,,,,,,,4615,all important fields empty,remove_incomplete_rows
,,,,,,,<na>,,,,,,,,,4619,all important fields empty,remove_incomplete_rows
,,,,,,,<na>,,,,,,,,,4620,all important fields empty,remove_incomplete_rows
,,,,,,,<na>,,,,,,,,,4623,all important fields empty,remove_incomplete_rows
,,,,,,,<na>,,,,,,,,,4624,all important fields empty,remove_incomplete_rows
,,,,,,,<na>,,,,,,,,,4627,all important fields empty,remove_incomplete_rows
,,,,,,,<na>,,,,,,,,,4628,all important fields empty,remove_incomplete_rows
,,,,,,,<na>,,,,,,,,,4631,all important fields empty,remove_incomplete_rows
,,,,,,,<na>,,,,,,,,,4632,all important fields empty,remove_incomplete_rows
,,,,,,,<na>,,,,,,,,,4635,all important fields empty,remove_incomplete_rows
,,,,,,,<na>,,,,,,,,,4636,all important fields empty,remove_incomplete_rows
,,,,,,,<na>,,,,,,,,,4641,all important fields empty,remove_incomplete_rows
,,,,,,,<na>,,,,,,,,,4642,all important fields empty,remove_incomplete_rows
,,,,,,,<na>,,,,,,,,,4645,all important fields empty,remove_incomplete_rows
,,,,,,,<na>,,,,,,,,,4646,all important fields empty,remove_incomplete_rows
,,,,,,,<na>,,,,,,,,,4649,all important fields empty,remove_incomplete_rows
,,,,,,,<na>,,,,,,,,,4650,all important fields empty,remove_incomplete_rows
,,,,,,,<na>,,,,,,,,,4654,all important fields empty,remove_incomplete_rows
,,,,,,,<na>,,,,,,,,,4655,all important fields empty,remove_incomplete_rows
,,,,,,,<na>,,,,,,,,,4658,all important fields empty,remove_incomplete_rows
,,,,,,,<na>,,,,,,,,,4659,all important fields empty,remove_incomplete_rows
,,,,,,,<na>,,,,,,,,,4664,all important fields empty,remove_incomplete_rows
,,,,,,,<na>,,,,,,,,,4665,all important fields empty,remove_incomplete_rows
,,,,,,,<na>,,,,,,,,,4668,all important fields empty,remove_incomplete_rows
,,,,,,,<na>,,,,,,,,,4669,all important fields empty,remove_incomplete_rows
,,,,,,,<na>,,,,,,,,,4672,all important fields empty,remove_incomplete_rows
,,,,,,,<na>,,,,,,,,,4673,all important fields empty,remove_incomplete_rows
,,,,,,,<na>,,,,,,,,,4676,all important fields empty,remove_incomplete_rows
,,,,,,,<na>,,,,,,,,,4677,all important fields empty,remove_incomplete_rows
,,,,,,,<na>,,,,,,,,,4680,all important fields empty,remove_incomplete_rows
,,,,,,,<na>,,,,,,,,,4681,all important fields empty,remove_incomplete_rows
,,,,,,,<na>,,,,,,,,,4684,all important fields empty,remove_incomplete_rows
,,,,,,,<na>,,,,,,,,,4685,all important fields empty,remove_incomplete_rows
,,,,,,,<na>,,,,,,,,,4688,all important fields empty,remove_incomplete_rows
,,,,,,,<na>,,,,,,,,,4689,all important fields empty,remove_incomplete_rows
,,,,,,,<na>,,,,,,,,,4693,all important fields empty,remove_incomplete_rows
,,,,,,,<na>,,,,,,,,,4694,all important fields empty,remove_incomplete_rows
,,,,,,,<na>,,,,,,,,,4697,all important fields empty,remove_incomplete_rows
,,,,,,,<na>,,,,,,,,,4698,all important fields empty,remove_incomplete_rows
,,,,,,,<na>,,,,,,,,,4701,all important fields empty,remove_incomplete_rows
,,,,,,,<na>,,,,,,,,,4702,all important fields empty,remove_incomplete_rows
,,,,,,,<na>,,,,,,,,,4705,all important fields empty,remove_incomplete_rows
,,,,,,,<na>,,,,,,,,,4706,all important fields empty,remove_incomplete_rows
,,,,,,,<na>,,,,,,,,,4709,all important fields empty,remove_incomplete_rows
,,,,,,,<na>,,,,,,,,,4710,all important fields empty,remove_incomplete_rows
,,,,,,,<na>,,,,,,,,,4714,all important fields empty,remove_incomplete_rows
,,,,,,,<na>,,,,,,,,,4715,all important fields empty,remove_incomplete_rows
,,,,,,,<na>,,,,,,,,,4718,all important fields empty,remove_incomplete_rows
,,,,,,,<na>,,,,,,,,,4719,all important fields empty,remove_incomplete_rows
,,,,,,,<na>,,,,,,,,,4722,all important fields empty,remove_incomplete_rows
,,,,,,,<na>,,,,,,,,,4723,all important fields empty,remove_incomplete_rows
,,,,,,,<na>,,,,,,,,,4726,all important fields empty,remove_incomplete_rows
,,,,,,,<na>,,,,,,,,,4727,all important fields empty,remove_incomplete_rows
,,,,,,,<na>,,,,,,,,,4734,all important fields empty,remove_incomplete_rows
,,,,,,,<na>,,,,,,,,,4735,all important fields empty,remove_incomplete_rows
,,,,,,,<na>,,,,,,,,,4738,all important fields empty,remove_incomplete_rows
,,,,,,,<na>,,,,,,,,,4739,all important fields empty,remove_incomplete_rows
,,,,,,,<na>,,,,,,,,,4742,all important fields empty,remove_incomplete_rows
,,,,,,,<na>,,,,,,,,,4743,all important fields empty,remove_incomplete_rows
,,,,,,,<na>,,,,,,,,,4747,all important fields empty,remove_incomplete_rows
,,,,,,,<na>,,,,,,,,,4748,all important fields empty,remove_incomplete_rows
,,,,,,,<na>,,,,,,,,,4751,all important fields empty,remove_incomplete_rows
,,,,,,,<na>,,,,,,,,,4752,all important fields empty,remove_incomplete_rows
,,,,,,,<na>,,,,,,,,,4758,all important fields empty,remove_incomplete_rows
,,,,,,,<na>,,,,,,,,,4759,all important fields empty,remove_incomplete_rows
,,,,,,,<na>,,,,,,,,,4764,all important fields empty,remove_incomplete_rows
,,,,,,,<na>,,,,,,,,,4765,all important fields empty,remove_incomplete_rows
,,,,,,,<na>,,,,,,,,,4768,all important fields empty,remove_incomplete_rows
,,,,,,,<na>,,,,,,,,,4769,all important fields empty,remove_incomplete_rows
,,,,,,,<na>,,,,,,,,,4773,all important fields empty,remove_incomplete_rows
,,,,,,,<na>,,,,,,,,,4774,all important fields empty,remove_incomplete_rows
,,,,,,,<na>,,,,,,,,,4777,all important fields empty,remove_incomplete_rows
,,,,,,,<na>,,,,,,,,,4778,all important fields empty,remove_incomplete_rows
,,,,,,,<na>,,,,,,,,,4781,all important fields empty,remove_incomplete_rows
,,,,,,,<na>,,,,,,,,,4782,all important fields empty,remove_incomplete_rows
,,,,,,,<na>,,,,,,,,,4785,all important fields empty,remove_incomplete_rows
,,,,,,,<na>,,,,,,,,,4786,all important fields empty,remove_incomplete_rows
,,,,,,,<na>,,,,,,,,,4794,all important fields empty,remove_incomplete_rows
,,,,,,,<na>,,,,,,,,,4795,all important fields empty,remove_incomplete_rows
,,,,,,,<na>,,,,,,,,,4799,all important fields empty,remove_incomplete_rows
,,,,,,,<na>,,,,,,,,,4800,all important fields empty,remove_incomplete_rows
,,,,,,,<na>,,,,,,,,,4806,all important fields empty,remove_incomplete_rows
,,,,,,,<na>,,,,,,,,,4807,all important fields empty,remove_incomplete_rows
,,,,,,,<na>,,,,,,,,,4814,all important fields empty,remove_incomplete_rows
,,,,,,,<na>,,,,,,,,,4815,all important fields empty,remove_incomplete_rows
,,,,,,,<na>,,,,,,,,,4823,all important fields empty,remove_incomplete_rows
,,,,,,,<na>,,,,,,,,,4824,all important fields empty,remove_incomplete_rows
,,,,,,,<na>,,,,,,,,,4832,all important fields empty,remove_incomplete_rows
,,,,,,,<na>,,,,,,,,,4833,all important fields empty,remove_incomplete_rows
,,,,,,,<na>,,,,,,,,,4836,all important fields empty,remove_incomplete_rows
,,,,,,,<na>,,,,,,,,,4837,all important fields empty,remove_incomplete_rows
,,,,,,,<na>,,,,,,,,,4840,all important fields empty,remove_incomplete_rows
,,,,,,,<na>,,,,,,,,,4841,all important fields empty,remove_incomplete_rows
,,,,,,,<na>,,,,,,,,,4845,all important fields empty,remove_incomplete_rows
,,,,,,,<na>,,,,,,,,,4846,all important fields empty,remove_incomplete_rows
,,,,,,,<na>,,,,,,,,,4851,all important fields empty,remove_incomplete_rows
,,,,,,,<na>,,,,,,,,,4852,all important fields empty,remove_incomplete_rows
,,,,,,,<na>,,,,,,,,,4857,all important fields empty,remove_incomplete_rows
,,,,,,,<na>,,,,,,,,,4858,all important fields empty,remove_incomplete_rows
,,,,,,,<na>,,,,,,,,,4861,all important fields empty,remove_incomplete_rows
,,,,,,,<na>,,,,,,,,,4862,all important fields empty,remove_incomplete_rows
,,,,,,,<na>,,,,,,,,,4865,all important fields empty,remove_incomplete_rows
,,,,,,,<na>,,,,,,,,,4866,all important fields empty,remove_incomplete_rows
,,,,,,,<na>,,,,,,,,,4870,all important fields empty,remove_incomplete_rows
,,,,,,,<na>,,,,,,,,,4871,all important fields empty,remove_incomplete_rows
,,,,,,,<na>,,,,,,,,,4874,all important fields empty,remove_incomplete_rows
,,,,,,,<na>,,,,,,,,,4875,all important fields empty,remove_incomplete_rows
,,,,,,,<na>,,,,,,,,,4878,all important fields empty,remove_incomplete_rows
,,,,,,,<na>,,,,,,,,,4879,all important fields empty,remove_incomplete_rows
,,,,,,,<na>,,,,,,,,,4882,all important fields empty,remove_incomplete_rows
,,,,,,,<na>,,,,,,,,,4883,all important fields empty,remove_incomplete_rows
,,,,,,,<na>,,,,,,,,,4888,all important fields empty,remove_incomplete_rows
,,,,,,,<na>,,,,,,,,,4889,all important fields empty,remove_incomplete_rows
,,,,,,,<na>,,,,,,,,,4893,all important fields empty,remove_incomplete_rows
,,,,,,,<na>,,,,,,,,,4894,all important fields empty,remove_incomplete_rows
,,,,,,,<na>,,,,,,,,,4899,all important fields empty,remove_incomplete_rows
,,,,,,,<na>,,,,,,,,,4900,all important fields empty,remove_incomplete_rows
,,,,,,,<na>,,,,,,,,,4903,all important fields empty,remove_incomplete_rows
,,,,,,,<na>,,,,,,,,,4904,all important fields empty,remove_incomplete_rows
,,,,,,,<na>,,,,,,,,,4907,all important fields empty,remove_incomplete_rows
,,,,,,,<na>,,,,,,,,,4908,all important fields empty,remove_incomplete_rows
,,,,,,,<na>,,,,,,,,,4911,all important fields empty,remove_incomplete_rows
,,,,,,,<na>,,,,,,,,,4912,all important fields empty,remove_incomplete_rows
,,,,,,,<na>,,,,,,,,,4915,all important fields empty,remove_incomplete_rows
,,,,,,,<na>,,,,,,,,,4916,all important fields empty,remove_incomplete_rows
,,,,,,,<na>,,,,,,,,,4919,all important fields empty,remove_incomplete_rows
,,,,,,,<na>,,,,,,,,,4920,all important fields empty,remove_incomplete_rows
,,,,,,,<na>,,,,,,,,,4925,all important fields empty,remove_incomplete_rows
,,,,,,,<na>,,,,,,,,,4926,all important fields empty,remove_incomplete_rows
,,,,,,,<na>,,,,,,,,,4931,all important fields empty,remove_incomplete_rows
,,,,,,,<na>,,,,,,,,,4932,all important fields empty,remove_incomplete_rows
,,,,,,,<na>,,,,,,,,,4938,all important fields empty,remove_incomplete_rows
,,,,,,,<na>,,,,,,,,,4939,all important fields empty,remove_incomplete_rows
,,,,,,,<na>,,,,,,,,,4942,all important fields empty,remove_incomplete_rows
,,,,,,,<na>,,,,,,,,,4943,all important fields empty,remove_incomplete_rows
,,,,,,,<na>,,,,,,,,,4948,all important fields empty,remove_incomplete_rows
,,,,,,,<na>,,,,,,,,,4949,all important fields empty,remove_incomplete_rows
,,,,,,,<na>,,,,,,,,,4952,all important fields empty,remove_incomplete_rows
,,,,,,,<na>,,,,,,,,,4953,all important fields empty,remove_incomplete_rows
,,,,,,,<na>,,,,,,,,,4956,all important fields empty,remove_incomplete_rows
,,,,,,,<na>,,,,,,,,,4957,all important fields empty,remove_incomplete_rows
,,,,,,,<na>,,,,,,,,,4960,all important fields empty,remove_incomplete_rows
,,,,,,,<na>,,,,,,,,,4961,all important fields empty,remove_incomplete_rows
,,,,,,,<na>,,,,,,,,,4965,all important fields empty,remove_incomplete_rows
,,,,,,,<na>,,,,,,,,,4966,all important fields empty,remove_incomplete_rows
,,,,,,,<na>,,,,,,,,,4970,all important fields empty,remove_incomplete_rows
,,,,,,,<na>,,,,,,,,,4971,all important fields empty,remove_incomplete_rows
,,,,,,,<na>,,,,,,,,,4974,all important fields empty,remove_incomplete_rows
,,,,,,,<na>,,,,,,,,,4975,all important fields empty,remove_incomplete_rows
,,,,,,,<na>,,,,,,,,,4978,all important fields empty,remove_incomplete_rows
,,,,,,,<na>,,,,,,,,,4979,all important fields empty,remove_incomplete_rows
,,,,,,,<na>,,,,,,,,,4982,all important fields empty,remove_incomplete_rows
,,,,,,,<na>,,,,,,,,,4983,all important fields empty,remove_incomplete_rows
,,,,,,,<na>,,,,,,,,,4986,all important fields empty,remove_incomplete_rows
,,,,,,,<na>,,,,,,,,,4987,all important fields empty,remove_incomplete_rows
,,,,,,,<na>,,,,,,,,,4990,all important fields empty,remove_incomplete_rows
,,,,,,,<na>,,,,,,,,,4991,all important fields empty,remove_incomplete_rows
,,,,,,,<na>,,,,,,,,,4994,all important fields empty,remove_incomplete_rows
,,,,,,,<na>,,,,,,,,,4995,all important fields empty,remove_incomplete_rows
,,,,,,,<na>,,,,,,,,,4999,all important fields empty,remove_incomplete_rows
,,,,,,,<na>,,,,,,,,,5000,all important fields empty,remove_incomplete_rows
,,,,,,,<na>,,,,,,,,,5004,all important fields empty,remove_incomplete_rows
,,,,,,,<na>,,,,,,,,,5005,all important fields empty,remove_incomplete_rows
,,,,,,,<na>,,,,,,,,,5010,all important fields empty,remove_incomplete_rows
,,,,,,,<na>,,,,,,,,,5011,all important fields empty,remove_incomplete_rows
,,,,,,,<na>,,,,,,,,,5016,all important fields empty,remove_incomplete_rows
,,,,,,,<na>,,,,,,,,,5017,all important fields empty,remove_incomplete_rows
,,,,,,,<na>,,,,,,,,,5020,all important fields empty,remove_incomplete_rows
,,,,,,,<na>,,,,,,,,,5021,all important fields empty,remove_incomplete_rows
,,,,,,,<na>,,,,,,,,,5025,all important fields empty,remove_incomplete_rows
,,,,,,,<na>,,,,,,,,,5026,all important fields empty,remove_incomplete_rows
,,,,,,,<na>,,,,,,,,,5029,all important fields empty,remove_incomplete_rows
,,,,,,,<na>,,,,,,,,,5030,all important fields empty,remove_incomplete_rows
,,,,,,,<na>,,,,,,,,,5034,all important fields empty,remove_incomplete_rows
,,,,,,,<na>,,,,,,,,,5035,all important fields empty,remove_incomplete_rows
,,,,,,,<na>,,,,,,,,,5038,all important fields empty,remove_incomplete_rows
,,,,,,,<na>,,,,,,,,,5039,all important fields empty,remove_incomplete_rows
,,,,,,,<na>,,,,,,,,,5042,all important fields empty,remove_incomplete_rows
,,,,,,,<na>,,,,,,,,,5043,all important fields empty,remove_incomplete_rows
,,,,,,,<na>,,,,,,,,,5046,all important fields empty,remove_incomplete_rows
,,,,,,,<na>,,,,,,,,,5047,all important fields empty,remove_incomplete_rows
,,,,,,,<na>,,,,,,,,,5050,all important fields empty,remove_incomplete_rows
,,,,,,,<na>,,,,,,,,,5051,all important fields empty,remove_incomplete_rows
,,,,,,,<na>,,,,,,,,,5055,all important fields empty,remove_incomplete_rows
,,,,,,,<na>,,,,,,,,,5056,all important fields empty,remove_incomplete_rows
,,,,,,,<na>,,,,,,,,,5059,all important fields empty,remove_incomplete_rows
,,,,,,,<na>,,,,,,,,,5060,all important fields empty,remove_incomplete_rows
,,,,,,,<na>,,,,,,,,,5064,all important fields empty,remove_incomplete_rows
,,,,,,,<na>,,,,,,,,,5065,all important fields empty,remove_incomplete_rows
,,,,,,,<na>,,,,,,,,,5069,all important fields empty,remove_incomplete_rows
,,,,,,,<na>,,,,,,,,,5070,all important fields empty,remove_incomplete_rows
,,,,,,,<na>,,,,,,,,,5074,all important fields empty,remove_incomplete_rows
,,,,,,,<na>,,,,,,,,,5075,all important fields empty,remove_incomplete_rows
,,,,,,,<na>,,,,,,,,,5078,all important fields empty,remove_incomplete_rows
,,,,,,,<na>,,,,,,,,,5079,all important fields empty,remove_incomplete_rows
,,,,,,,<na>,,,,,,,,,5082,all important fields empty,remove_incomplete_rows
,,,,,,,<na>,,,,,,,,,5083,all important fields empty,remove_incomplete_rows
,,,,,,,<na>,,,,,,,,,5086,all important fields empty,remove_incomplete_rows
,,,,,,,<na>,,,,,,,,,5087,all important fields empty,remove_incomplete_rows
,,,,,,,<na>,,,,,,,,,5090,all important fields empty,remove_incomplete_rows
,,,,,,,<na>,,,,,,,,,5091,all important fields empty,remove_incomplete_rows
,,,,,,,<na>,,,,,,,,,5094,all important fields empty,remove_incomplete_rows
,,,,,,,<na>,,,,,,,,,5095,all important fields empty,remove_incomplete_rows
,,,,,,,<na>,,,,,,,,,5101,all important fields empty,remove_incomplete_rows
,,,,,,,<na>,,,,,,,,,5102,all important fields empty,remove_incomplete_rows
,,,,,,,<na>,,,,,,,,,5105,all important fields empty,remove_incomplete_rows
,,,,,,,<na>,,,,,,,,,5106,all important fields empty,remove_incomplete_rows
,,,,,,,<na>,,,,,,,,,5109,all important fields empty,remove_incomplete_rows
,,,,,,,<na>,,,,,,,,,5110,all important fields empty,remove_incomplete_rows
,,,,,,,<na>,,,,,,,,,5113,all important fields empty,remove_incomplete_rows
,,,,,,,<na>,,,,,,,,,5114,all important fields empty,remove_incomplete_rows
,,,,,,,<na>,,,,,,,,,5117,all important fields empty,remove_incomplete_rows
,,,,,,,<na>,,,,,,,,,5118,all important fields empty,remove_incomplete_rows
,,,,,,,<na>,,,,,,,,,5121,all important fields empty,remove_incomplete_rows
,,,,,,,<na>,,,,,,,,,5122,all important fields empty,remove_incomplete_rows
,,,,,,,<na>,,,,,,,,,5125,all important fields empty,remove_incomplete_rows
,,,,,,,<na>,,,,,,,,,5126,all important fields empty,remove_incomplete_rows
,,,,,,,<na>,,,,,,,,,5138,all important fields empty,remove_incomplete_rows
,,,,,,,<na>,,,,,,,,,5139,all important fields empty,remove_incomplete_rows
,,,,,,,<na>,,,,,,,,,5142,all important fields empty,remove_incomplete_rows
,,,,,,,<na>,,,,,,,,,5143,all important fields empty,remove_incomplete_rows
,,,,,,,<na>,,,,,,,,,5146,all important fields empty,remove_incomplete_rows
,,,,,,,<na>,,,,,,,,,5147,all important fields empty,remove_incomplete_rows
,,,,,,,<na>,,,,,,,,,5150,all important fields empty,remove_incomplete_rows
,,,,,,,<na>,,,,,,,,,5151,all important fields empty,remove_incomplete_rows
,,,,,,,<na>,,,,,,,,,5154,all important fields empty,remove_incomplete_rows
,,,,,,,<na>,,,,,,,,,5155,all important fields empty,remove_incomplete_rows
,,,,,,,<na>,,,,,,,,,5158,all important fields empty,remove_incomplete_rows
,,,,,,,<na>,,,,,,,,,5159,all important fields empty,remove_incomplete_rows
,,,,,,,<na>,,,,,,,,,5162,all important fields empty,remove_incomplete_rows
,,,,,,,<na>,,,,,,,,,5163,all important fields empty,remove_incomplete_rows
,,,,,,,<na>,,,,,,,,,5168,all important fields empty,remove_incomplete_rows
,,,,,,,<na>,,,,,,,,,5169,all important fields empty,remove_incomplete_rows
,,,,,,,<na>,,,,,,,,,5172,all important fields empty,remove_incomplete_rows
,,,,,,,<na>,,,,,,,,,5173,all important fields empty,remove_incomplete_rows
,,,,,,,<na>,,,,,,,,,5180,all important fields empty,remove_incomplete_rows
,,,,,,,<na>,,,,,,,,,5181,all important fields empty,remove_incomplete_rows
,,,,,,,<na>,,,,,,,,,5184,all important fields empty,remove_incomplete_rows
,,,,,,,<na>,,,,,,,,,5185,all important fields empty,remove_incomplete_rows
,,,,,,,<na>,,,,,,,,,5192,all important fields empty,remove_incomplete_rows
,,,,,,,<na>,,,,,,,,,5193,all important fields empty,remove_incomplete_rows
,,,,,,,<na>,,,,,,,,,5196,all important fields empty,remove_incomplete_rows
,,,,,,,<na>,,,,,,,,,5197,all important fields empty,remove_incomplete_rows
,,,,,,,<na>,,,,,,,,,5201,all important fields empty,remove_incomplete_rows
,,,,,,,<na>,,,,,,,,,5202,all important fields empty,remove_incomplete_rows
,,,,,,,<na>,,,,,,,,,5208,all important fields empty,remove_incomplete_rows
,,,,,,,<na>,,,,,,,,,5209,all important fields empty,remove_incomplete_rows
,,,,,,,<na>,,,,,,,,,5212,all important fields empty,remove_incomplete_rows
,,,,,,,<na>,,,,,,,,,5213,all important fields empty,remove_incomplete_rows
,,,,,,,<na>,,,,,,,,,5216,all important fields empty,remove_incomplete_rows
,,,,,,,<na>,,,,,,,,,5217,all important fields empty,remove_incomplete_rows
,,,,,,,<na>,,,,,,,,,5221,all important fields empty,remove_incomplete_rows
,,,,,,,<na>,,,,,,,,,5222,all important fields empty,remove_incomplete_rows
,,,,,,,<na>,,,,,,,,,5226,all important fields empty,remove_incomplete_rows
,,,,,,,<na>,,,,,,,,,5227,all important fields empty,remove_incomplete_rows
,,,,,,,<na>,,,,,,,,,5231,all important fields empty,remove_incomplete_rows
,,,,,,,<na>,,,,,,,,,5232,all important fields empty,remove_incomplete_rows
,,,,,,,<na>,,,,,,,,,5238,all important fields empty,remove_incomplete_rows
,,,,,,,<na>,,,,,,,,,5239,all important fields empty,remove_incomplete_rows
,,,,,,,<na>,,,,,,,,,5242,all important fields empty,remove_incomplete_rows
,,,,,,,<na>,,,,,,,,,5243,all important fields empty,remove_incomplete_rows
,,,,,,,<na>,,,,,,,,,5246,all important fields empty,remove_incomplete_rows
,,,,,,,<na>,,,,,,,,,5247,all important fields empty,remove_incomplete_rows
,,,,,,,<na>,,,,,,,,,5250,all important fields empty,remove_incomplete_rows
,,,,,,,<na>,,,,,,,,,5251,all important fields empty,remove_incomplete_rows
,,,,,,,<na>,,,,,,,,,5255,all important fields empty,remove_incomplete_rows
,,,,,,,<na>,,,,,,,,,5256,all important fields empty,remove_incomplete_rows
,,,,,,,<na>,,,,,,,,,5261,all important fields empty,remove_incomplete_rows
,,,,,,,<na>,,,,,,,,,5262,all important fields empty,remove_incomplete_rows
,,,,,,,<na>,,,,,,,,,5265,all important fields empty,remove_incomplete_rows
,,,,,,,<na>,,,,,,,,,5266,all important fields empty,remove_incomplete_rows
,,,,,,,<na>,,,,,,,,,5269,all important fields empty,remove_incomplete_rows
,,,,,,,<na>,,,,,,,,,5270,all important fields empty,remove_incomplete_rows
,,,,,,,<na>,,,,,,,,,5273,all important fields empty,remove_incomplete_rows
,,,,,,,<na>,,,,,,,,,5274,all important fields empty,remove_incomplete_rows
,,,,,,,<na>,,,,,,,,,5277,all important fields empty,remove_incomplete_rows
,,,,,,,<na>,,,,,,,,,5278,all important fields empty,remove_incomplete_rows
,,,,,,,<na>,,,,,,,,,5284,all important fields empty,remove_incomplete_rows
,,,,,,,<na>,,,,,,,,,5285,all important fields empty,remove_incomplete_rows
,,,,,,,<na>,,,,,,,,,5291,all important fields empty,remove_incomplete_rows
,,,,,,,<na>,,,,,,,,,5292,all important fields empty,remove_incomplete_rows
,,,,,,,<na>,,,,,,,,,5295,all important fields empty,remove_incomplete_rows
,,,,,,,<na>,,,,,,,,,5296,all important fields empty,remove_incomplete_rows
,,,,,,,<na>,,,,,,,,,5304,all important fields empty,remove_incomplete_rows
,,,,,,,<na>,,,,,,,,,5305,all important fields empty,remove_incomplete_rows
,,,,,,,<na>,,,,,,,,,5308,all important fields empty,remove_incomplete_rows
,,,,,,,<na>,,,,,,,,,5309,all important fields empty,remove_incomplete_rows
,,,,,,,<na>,,,,,,,,,5314,all important fields empty,remove_incomplete_rows
,,,,,,,<na>,,,,,,,,,5315,all important fields empty,remove_incomplete_rows
,,,,,,,<na>,,,,,,,,,5318,all important fields empty,remove_incomplete_rows
,,,,,,,<na>,,,,,,,,,5319,all important fields empty,remove_incomplete_rows
,,,,,,,<na>,,,,,,,,,5322,all important fields empty,remove_incomplete_rows
,,,,,,,<na>,,,,,,,,,5323,all important fields empty,remove_incomplete_rows
,,,,,,,<na>,,,,,,,,,5329,all important fields empty,remove_incomplete_rows
,,,,,,,<na>,,,,,,,,,5330,all important fields empty,remove_incomplete_rows
,,,,,,,<na>,,,,,,,,,5333,all important fields empty,remove_incomplete_rows
,,,,,,,<na>,,,,,,,,,5334,all important fields empty,remove_incomplete_rows
,,,,,,,<na>,,,,,,,,,5337,all important fields empty,remove_incomplete_rows
,,,,,,,<na>,,,,,,,,,5338,all important fields empty,remove_incomplete_rows
,,,,,,,<na>,,,,,,,,,5341,all important fields empty,remove_incomplete_rows
,,,,,,,<na>,,,,,,,,,5342,all important fields empty,remove_incomplete_rows
,,,,,,,<na>,,,,,,,,,5345,all important fields empty,remove_incomplete_rows
,,,,,,,<na>,,,,,,,,,5346,all important fields empty,remove_incomplete_rows
,,,,,,,<na>,,,,,,,,,5349,all important fields empty,remove_incomplete_rows
,,,,,,,<na>,,,,,,,,,5350,all important fields empty,remove_incomplete_rows
,,,,,,,<na>,,,,,,,,,5353,all important fields empty,remove_incomplete_rows
,,,,,,,<na>,,,,,,,,,5354,all important fields empty,remove_incomplete_rows
,,,,,,,<na>,,,,,,,,,5357,all important fields empty,remove_incomplete_rows
,,,,,,,<na>,,,,,,,,,5358,all important fields empty,remove_incomplete_rows
,,,,,,,<na>,,,,,,,,,5361,all important fields empty,remove_incomplete_rows
,,,,,,,<na>,,,,,,,,,5362,all important fields empty,remove_incomplete_rows
,,,,,,,<na>,,,,,,,,,5366,all important fields empty,remove_incomplete_rows
,,,,,,,<na>,,,,,,,,,5367,all important fields empty,remove_incomplete_rows
,,,,,,,<na>,,,,,,,,,5371,all important fields empty,remove_incomplete_rows
,,,,,,,<na>,,,,,,,,,5372,all important fields empty,remove_incomplete_rows
,,,,,,,<na>,,,,,,,,,5375,all important fields empty,remove_incomplete_rows
,,,,,,,<na>,,,,,,,,,5376,all important fields empty,remove_incomplete_rows
,,,,,,,<na>,,,,,,,,,5380,all important fields empty,remove_incomplete_rows
,,,,,,,<na>,,,,,,,,,5381,all important fields empty,remove_incomplete_rows
,,,,,,,<na>,,,,,,,,,5385,all important fields empty,remove_incomplete_rows
,,,,,,,<na>,,,,,,,,,5386,all important fields empty,remove_incomplete_rows
,,,,,,,<na>,,,,,,,,,5393,all important fields empty,remove_incomplete_rows
,,,,,,,<na>,,,,,,,,,5394,all important fields empty,remove_incomplete_rows
,,,,,,,<na>,,,,,,,,,5397,all important fields empty,remove_incomplete_rows
,,,,,,,<na>,,,,,,,,,5398,all important fields empty,remove_incomplete_rows
,,,,,,,<na>,,,,,,,,,5402,all important fields empty,remove_incomplete_rows
,,,,,,,<na>,,,,,,,,,5403,all important fields empty,remove_incomplete_rows
,,,,,,,<na>,,,,,,,,,5407,all important fields empty,remove_incomplete_rows
,,,,,,,<na>,,,,,,,,,5408,all important fields empty,remove_incomplete_rows
,,,,,,,<na>,,,,,,,,,5413,all important fields empty,remove_incomplete_rows
,,,,,,,<na>,,,,,,,,,5414,all important fields empty,remove_incomplete_rows
,,,,,,,<na>,,,,,,,,,5417,all important fields empty,remove_incomplete_rows
,,,,,,,<na>,,,,,,,,,5418,all important fields empty,remove_incomplete_rows
,,,,,,,<na>,,,,,,,,,5421,all important fields empty,remove_incomplete_rows
,,,,,,,<na>,,,,,,,,,5422,all important fields empty,remove_incomplete_rows
,,,,,,,<na>,,,,,,,,,5425,all important fields empty,remove_incomplete_rows
,,,,,,,<na>,,,,,,,,,5426,all important fields empty,remove_incomplete_rows
,,,,,,,<na>,,,,,,,,,5431,all important fields empty,remove_incomplete_rows
,,,,,,,<na>,,,,,,,,,5432,all important fields empty,remove_incomplete_rows
,,,,,,,<na>,,,,,,,,,5435,all important fields empty,remove_incomplete_rows
,,,,,,,<na>,,,,,,,,,5436,all important fields empty,remove_incomplete_rows
,,,,,,,<na>,,,,,,,,,5439,all important fields empty,remove_incomplete_rows
,,,,,,,<na>,,,,,,,,,5440,all important fields empty,remove_incomplete_rows
,,,,,,,<na>,,,,,,,,,5443,all important fields empty,remove_incomplete_rows
,,,,,,,<na>,,,,,,,,,5444,all important fields empty,remove_incomplete_rows
,,,,,,,<na>,,,,,,,,,5448,all important fields empty,remove_incomplete_rows
,,,,,,,<na>,,,,,,,,,5449,all important fields empty,remove_incomplete_rows
,,,,,,,<na>,,,,,,,,,5454,all important fields empty,remove_incomplete_rows
,,,,,,,<na>,,,,,,,,,5455,all important fields empty,remove_incomplete_rows
,,,,,,,<na>,,,,,,,,,5459,all important fields empty,remove_incomplete_rows
,,,,,,,<na>,,,,,,,,,5460,all important fields empty,remove_incomplete_rows
,,,,,,,<na>,,,,,,,,,5463,all important fields empty,remove_incomplete_rows
,,,,,,,<na>,,,,,,,,,5464,all important fields empty,remove_incomplete_rows
,,,,,,,<na>,,,,,,,,,5468,all important fields empty,remove_incomplete_rows
,,,,,,,<na>,,,,,,,,,5469,all important fields empty,remove_incomplete_rows
,,,,,,,<na>,,,,,,,,,5472,all important fields empty,remove_incomplete_rows
,,,,,,,<na>,,,,,,,,,5473,all important fields empty,remove_incomplete_rows
,,,,,,,<na>,,,,,,,,,5478,all important fields empty,remove_incomplete_rows
,,,,,,,<na>,,,,,,,,,5479,all important fields empty,remove_incomplete_rows
,,,,,,,<na>,,,,,,,,,5483,all important fields empty,remove_incomplete_rows
,,,,,,,<na>,,,,,,,,,5484,all important fields empty,remove_incomplete_rows
,,,,,,,<na>,,,,,,,,,5488,all important fields empty,remove_incomplete_rows
,,,,,,,<na>,,,,,,,,,5489,all important fields empty,remove_incomplete_rows
,,,,,,,<na>,,,,,,,,,5492,all important fields empty,remove_incomplete_rows
,,,,,,,<na>,,,,,,,,,5493,all important fields empty,remove_incomplete_rows
,,,,,,,<na>,,,,,,,,,5499,all important fields empty,remove_incomplete_rows
,,,,,,,<na>,,,,,,,,,5500,all important fields empty,remove_incomplete_rows
,,,,,,,<na>,,,,,,,,,5505,all important fields empty,remove_incomplete_rows
,,,,,,,<na>,,,,,,,,,5506,all important fields empty,remove_incomplete_rows
,,,,,,,<na>,,,,,,,,,5513,all important fields empty,remove_incomplete_rows
,,,,,,,<na>,,,,,,,,,5514,all important fields empty,remove_incomplete_rows
,,,,,,,<na>,,,,,,,,,5517,all important fields empty,remove_incomplete_rows
,,,,,,,<na>,,,,,,,,,5518,all important fields empty,remove_incomplete_rows
,,,,,,,<na>,,,,,,,,,5521,all important fields empty,remove_incomplete_rows
,,,,,,,<na>,,,,,,,,,5522,all important fields empty,remove_incomplete_rows
,,,,,,,<na>,,,,,,,,,5525,all important fields empty,remove_incomplete_rows
,,,,,,,<na>,,,,,,,,,5526,all important fields empty,remove_incomplete_rows
,,,,,,,<na>,,,,,,,,,5529,all important fields empty,remove_incomplete_rows
,,,,,,,<na>,,,,,,,,,5530,all important fields empty,remove_incomplete_rows
,,,,,,,<na>,,,,,,,,,5536,all important fields empty,remove_incomplete_rows
,,,,,,,<na>,,,,,,,,,5537,all important fields empty,remove_incomplete_rows
,,,,,,,<na>,,,,,,,,,5540,all important fields empty,remove_incomplete_rows
,,,,,,,<na>,,,,,,,,,5541,all important fields empty,remove_incomplete_rows
,,,,,,,<na>,,,,,,,,,5546,all important fields empty,remove_incomplete_rows
,,,,,,,<na>,,,,,,,,,5547,all important fields empty,remove_incomplete_rows
,,,,,,,<na>,,,,,,,,,5550,all important fields empty,remove_incomplete_rows
,,,,,,,<na>,,,,,,,,,5551,all important fields empty,remove_incomplete_rows
,,,,,,,<na>,,,,,,,,,5557,all important fields empty,remove_incomplete_rows
,,,,,,,<na>,,,,,,,,,5558,all important fields empty,remove_incomplete_rows
,,,,,,,<na>,,,,,,,,,5561,all important fields empty,remove_incomplete_rows
,,,,,,,<na>,,,,,,,,,5562,all important fields empty,remove_incomplete_rows
,,,,,,,<na>,,,,,,,,,5566,all important fields empty,remove_incomplete_rows
,,,,,,,<na>,,,,,,,,,5567,all important fields empty,remove_incomplete_rows
,,,,,,,<na>,,,,,,,,,5570,all important fields empty,remove_incomplete_rows
,,,,,,,<na>,,,,,,,,,5571,all important fields empty,remove_incomplete_rows
,,,,,,,<na>,,,,,,,,,5574,all important fields empty,remove_incomplete_rows
,,,,,,,<na>,,,,,,,,,5575,all important fields empty,remove_incomplete_rows
,,,,,,,<na>,,,,,,,,,5578,all important fields empty,remove_incomplete_rows
,,,,,,,<na>,,,,,,,,,5579,all important fields empty,remove_incomplete_rows
,,,,,,,<na>,,,,,,,,,5582,all important fields empty,remove_incomplete_rows
,,,,,,,<na>,,,,,,,,,5583,all important fields empty,remove_incomplete_rows
,,,,,,,<na>,,,,,,,,,5588,all important fields empty,remove_incomplete_rows
,,,,,,,<na>,,,,,,,,,5589,all important fields empty,remove_incomplete_rows
,,,,,,,<na>,,,,,,,,,5593,all important fields empty,remove_incomplete_rows
,,,,,,,<na>,,,,,,,,,5594,all important fields empty,remove_incomplete_rows
,,,,,,,<na>,,,,,,,,,5598,all important fields empty,remove_incomplete_rows
,,,,,,,<na>,,,,,,,,,5599,all important fields empty,remove_incomplete_rows
,,,,,,,<na>,,,,,,,,,5602,all important fields empty,remove_incomplete_rows
,,,,,,,<na>,,,,,,,,,5603,all important fields empty,remove_incomplete_rows
,,,,,,,<na>,,,,,,,,,5606,all important fields empty,remove_incomplete_rows
,,,,,,,<na>,,,,,,,,,5607,all important fields empty,remove_incomplete_rows
,,,,,,,<na>,,,,,,,,,5610,all important fields empty,remove_incomplete_rows
,,,,,,,<na>,,,,,,,,,5611,all important fields empty,remove_incomplete_rows
,,,,,,,<na>,,,,,,,,,5615,all important fields empty,remove_incomplete_rows
,,,,,,,<na>,,,,,,,,,5616,all important fields empty,remove_incomplete_rows
,,,,,,,<na>,,,,,,,,,5619,all important fields empty,remove_incomplete_rows
,,,,,,,<na>,,,,,,,,,5620,all important fields empty,remove_incomplete_rows
,,,,,,,<na>,,,,,,,,,5624,all important fields empty,remove_incomplete_rows
,,,,,,,<na>,,,,,,,,,5625,all important fields empty,remove_incomplete_rows
,,,,,,,<na>,,,,,,,,,5628,all important fields empty,remove_incomplete_rows
,,,,,,,<na>,,,,,,,,,5629,all important fields empty,remove_incomplete_rows
,,,,,,,<na>,,,,,,,,,5634,all important fields empty,remove_incomplete_rows
,,,,,,,<na>,,,,,,,,,5635,all important fields empty,remove_incomplete_rows
,,,,,,,<na>,,,,,,,,,5638,all important fields empty,remove_incomplete_rows
,,,,,,,<na>,,,,,,,,,5639,all important fields empty,remove_incomplete_rows
,,,,,,,<na>,,,,,,,,,5642,all important fields empty,remove_incomplete_rows
,,,,,,,<na>,,,,,,,,,5643,all important fields empty,remove_incomplete_rows
,,,,,,,<na>,,,,,,,,,5647,all important fields empty,remove_incomplete_rows
,,,,,,,<na>,,,,,,,,,5648,all important fields empty,remove_incomplete_rows
,,,,,,,<na>,,,,,,,,,5651,all important fields empty,remove_incomplete_rows
,,,,,,,<na>,,,,,,,,,5652,all important fields empty,remove_incomplete_rows
,,,,,,,<na>,,,,,,,,,5656,all important fields empty,remove_incomplete_rows
,,,,,,,<na>,,,,,,,,,5657,all important fields empty,remove_incomplete_rows
,,,,,,,<na>,,,,,,,,,5660,all important fields empty,remove_incomplete_rows
,,,,,,,<na>,,,,,,,,,5661,all important fields empty,remove_incomplete_rows
,,,,,,,<na>,,,,,,,,,5665,all important fields empty,remove_incomplete_rows
,,,,,,,<na>,,,,,,,,,5666,all important fields empty,remove_incomplete_rows
,,,,,,,<na>,,,,,,,,,5669,all important fields empty,remove_incomplete_rows
,,,,,,,<na>,,,,,,,,,5670,all important fields empty,remove_incomplete_rows
,,,,,,,<na>,,,,,,,,,5675,all important fields empty,remove_incomplete_rows
,,,,,,,<na>,,,,,,,,,5676,all important fields empty,remove_incomplete_rows
,,,,,,,<na>,,,,,,,,,5679,all important fields empty,remove_incomplete_rows
,,,,,,,<na>,,,,,,,,,5680,all important fields empty,remove_incomplete_rows
,,,,,,,<na>,,,,,,,,,5684,all important fields empty,remove_incomplete_rows
,,,,,,,<na>,,,,,,,,,5685,all important fields empty,remove_incomplete_rows
,,,,,,,<na>,,,,,,,,,5689,all important fields empty,remove_incomplete_rows
,,,,,,,<na>,,,,,,,,,5690,all important fields empty,remove_incomplete_rows
,,,,,,,<na>,,,,,,,,,5693,all important fields empty,remove_incomplete_rows
,,,,,,,<na>,,,,,,,,,5694,all important fields empty,remove_incomplete_rows
,,,,,,,<na>,,,,,,,,,5697,all important fields empty,remove_incomplete_rows
,,,,,,,<na>,,,,,,,,,5698,all important fields empty,remove_incomplete_rows
,,,,,,,<na>,,,,,,,,,5704,all important fields empty,remove_incomplete_rows
,,,,,,,<na>,,,,,,,,,5705,all important fields empty,remove_incomplete_rows
,,,,,,,<na>,,,,,,,,,5709,all important fields empty,remove_incomplete_rows
,,,,,,,<na>,,,,,,,,,5710,all important fields empty,remove_incomplete_rows
,,,,,,,<na>,,,,,,,,,5713,all important fields empty,remove_incomplete_rows
,,,,,,,<na>,,,,,,,,,5714,all important fields empty,remove_incomplete_rows
,,,,,,,<na>,,,,,,,,,5724,all important fields empty,remove_incomplete_rows
,,,,,,,<na>,,,,,,,,,5725,all important fields empty,remove_incomplete_rows
,,,,,,,<na>,,,,,,,,,5734,all important fields empty,remove_incomplete_rows
,,,,,,,<na>,,,,,,,,,5735,all important fields empty,remove_incomplete_rows
,,,,,,,<na>,,,,,,,,,5738,all important fields empty,remove_incomplete_rows
,,,,,,,<na>,,,,,,,,,5739,all important fields empty,remove_incomplete_rows
,,,,,,,<na>,,,,,,,,,5743,all important fields empty,remove_incomplete_rows
,,,,,,,<na>,,,,,,,,,5744,all important fields empty,remove_incomplete_rows
,,,,,,,<na>,,,,,,,,,5747,all important fields empty,remove_incomplete_rows
,,,,,,,<na>,,,,,,,,,5748,all important fields empty,remove_incomplete_rows
,,,,,,,<na>,,,,,,,,,5753,all important fields empty,remove_incomplete_rows
,,,,,,,<na>,,,,,,,,,5754,all important fields empty,remove_incomplete_rows
,,,,,,,<na>,,,,,,,,,5758,all important fields empty,remove_incomplete_rows
,,,,,,,<na>,,,,,,,,,5759,all important fields empty,remove_incomplete_rows
,,,,,,,<na>,,,,,,,,,5762,all important fields empty,remove_incomplete_rows
,,,,,,,<na>,,,,,,,,,5763,all important fields empty,remove_incomplete_rows
,,,,,,,<na>,,,,,,,,,5769,all important fields empty,remove_incomplete_rows
,,,,,,,<na>,,,,,,,,,5770,all important fields empty,remove_incomplete_rows
,,,,,,,<na>,,,,,,,,,5773,all important fields empty,remove_incomplete_rows
,,,,,,,<na>,,,,,,,,,5774,all important fields empty,remove_incomplete_rows
,,,,,,,<na>,,,,,,,,,5777,all important fields empty,remove_incomplete_rows
,,,,,,,<na>,,,,,,,,,5778,all important fields empty,remove_incomplete_rows
,,,,,,,<na>,,,,,,,,,5781,all important fields empty,remove_incomplete_rows
,,,,,,,<na>,,,,,,,,,5782,all important fields empty,remove_incomplete_rows
,,,,,,,<na>,,,,,,,,,5785,all important fields empty,remove_incomplete_rows
,,,,,,,<na>,,,,,,,,,5786,all important fields empty,remove_incomplete_rows
,,,,,,,<na>,,,,,,,,,5790,all important fields empty,remove_incomplete_rows
,,,,,,,<na>,,,,,,,,,5791,all important fields empty,remove_incomplete_rows
,,,,,,,<na>,,,,,,,,,5794,all important fields empty,remove_incomplete_rows
,,,,,,,<na>,,,,,,,,,5795,all important fields empty,remove_incomplete_rows
,,,,,,,<na>,,,,,,,,,5798,all important fields empty,remove_incomplete_rows
,,,,,,,<na>,,,,,,,,,5799,all important fields empty,remove_incomplete_rows
,,,,,,,<na>,,,,,,,,,5802,all important fields empty,remove_incomplete_rows
,,,,,,,<na>,,,,,,,,,5803,all important fields empty,remove_incomplete_rows
,,,,,,,<na>,,,,,,,,,5807,all important fields empty,remove_incomplete_rows
,,,,,,,<na>,,,,,,,,,5808,all important fields empty,remove_incomplete_rows
,,,,,,,<na>,,,,,,,,,5811,all important fields empty,remove_incomplete_rows
,,,,,,,<na>,,,,,,,,,5812,all important fields empty,remove_incomplete_rows
,,,,,,,<na>,,,,,,,,,5815,all important fields empty,remove_incomplete_rows
,,,,,,,<na>,,,,,,,,,5816,all important fields empty,remove_incomplete_rows
,,,,,,,<na>,,,,,,,,,5820,all important fields empty,remove_incomplete_rows
,,,,,,,<na>,,,,,,,,,5821,all important fields empty,remove_incomplete_rows
,,,,,,,<na>,,,,,,,,,5824,all important fields empty,remove_incomplete_rows
,,,,,,,<na>,,,,,,,,,5825,all important fields empty,remove_incomplete_rows
,,,,,,,<na>,,,,,,,,,5830,all important fields empty,remove_incomplete_rows
,,,,,,,<na>,,,,,,,,,5831,all important fields empty,remove_incomplete_rows
,,,,,,,<na>,,,,,,,,,5834,all important fields empty,remove_incomplete_rows
,,,,,,,<na>,,,,,,,,,5835,all important fields empty,remove_incomplete_rows
,,,,,,,<na>,,,,,,,,,5839,all important fields empty,remove_incomplete_rows
,,,,,,,<na>,,,,,,,,,5840,all important fields empty,remove_incomplete_rows
,,,,,,,<na>,,,,,,,,,5843,all important fields empty,remove_incomplete_rows
,,,,,,,<na>,,,,,,,,,5844,all important fields empty,remove_incomplete_rows
,,,,,,,<na>,,,,,,,,,5847,all important fields empty,remove_incomplete_rows
,,,,,,,<na>,,,,,,,,,5848,all important fields empty,remove_incomplete_rows
,,,,,,,<na>,,,,,,,,,5852,all important fields empty,remove_incomplete_rows
,,,,,,,<na>,,,,,,,,,5853,all important fields empty,remove_incomplete_rows
,,,,,,,<na>,,,,,,,,,5856,all important fields empty,remove_incomplete_rows
,,,,,,,<na>,,,,,,,,,5857,all important fields empty,remove_incomplete_rows
,,,,,,,<na>,,,,,,,,,5860,all important fields empty,remove_incomplete_rows
,,,,,,,<na>,,,,,,,,,5861,all important fields empty,remove_incomplete_rows
,,,,,,,<na>,,,,,,,,,5864,all important fields empty,remove_incomplete_rows
,,,,,,,<na>,,,,,,,,,5865,all important fields empty,remove_incomplete_rows
,,,,,,,<na>,,,,,,,,,5868,all important fields empty,remove_incomplete_rows
,,,,,,,<na>,,,,,,,,,5869,all important fields empty,remove_incomplete_rows
,,,,,,,<na>,,,,,,,,,5872,all important fields empty,remove_incomplete_rows
,,,,,,,<na>,,,,,,,,,5873,all important fields empty,remove_incomplete_rows
,,,,,,,<na>,,,,,,,,,5876,all important fields empty,remove_incomplete_rows
,,,,,,,<na>,,,,,,,,,5877,all important fields empty,remove_incomplete_rows
,,,,,,,<na>,,,,,,,,,5880,all important fields empty,remove_incomplete_rows
,,,,,,,<na>,,,,,,,,,5881,all important fields empty,remove_incomplete_rows
,,,,,,,<na>,,,,,,,,,5884,all important fields empty,remove_incomplete_rows
,,,,,,,<na>,,,,,,,,,5885,all important fields empty,remove_incomplete_rows
,,,,,,,<na>,,,,,,,,,5889,all important fields empty,remove_incomplete_rows
,,,,,,,<na>,,,,,,,,,5890,all important fields empty,remove_incomplete_rows
,,,,,,,<na>,,,,,,,,,5893,all important fields empty,remove_incomplete_rows
,,,,,,,<na>,,,,,,,,,5894,all important fields empty,remove_incomplete_rows
,,,,,,,<na>,,,,,,,,,5897,all important fields empty,remove_incomplete_rows
,,,,,,,<na>,,,,,,,,,5898,all important fields empty,remove_incomplete_rows
,,,,,,,<na>,,,,,,,,,5901,all important fields empty,remove_incomplete_rows
,,,,,,,<na>,,,,,,,,,5902,all important fields empty,remove_incomplete_rows
,,,,,,,<na>,,,,,,,,,5905,all important fields empty,remove_incomplete_rows
,,,,,,,<na>,,,,,,,,,5906,all important fields empty,remove_incomplete_rows
,,,,,,,<na>,,,,,,,,,5912,all important fields empty,remove_incomplete_rows
,,,,,,,<na>,,,,,,,,,5913,all important fields empty,remove_incomplete_rows
,,,,,,,<na>,,,,,,,,,5916,all important fields empty,remove_incomplete_rows
,,,,,,,<na>,,,,,,,,,5917,all important fields empty,remove_incomplete_rows
,,,,,,,<na>,,,,,,,,,5920,all important fields empty,remove_incomplete_rows
,,,,,,,<na>,,,,,,,,,5921,all important fields empty,remove_incomplete_rows
,,,,,,,<na>,,,,,,,,,5924,all important fields empty,remove_incomplete_rows
,,,,,,,<na>,,,,,,,,,5925,all important fields empty,remove_incomplete_rows
,,,,,,,<na>,,,,,,,,,5928,all important fields empty,remove_incomplete_rows
,,,,,,,<na>,,,,,,,,,5929,all important fields empty,remove_incomplete_rows
,,,,,,,<na>,,,,,,,,,5932,all important fields empty,remove_incomplete_rows
,,,,,,,<na>,,,,,,,,,5933,all important fields empty,remove_incomplete_rows
,,,,,,,<na>,,,,,,,,,5936,all important fields empty,remove_incomplete_rows
,,,,,,,<na>,,,,,,,,,5937,all important fields empty,remove_incomplete_rows
,,,,,,,<na>,,,,,,,,,5940,all important fields empty,remove_incomplete_rows
,,,,,,,<na>,,,,,,,,,5941,all important fields empty,remove_incomplete_rows
,,,,,,,<na>,,,,,,,,,5944,all important fields empty,remove_incomplete_rows
,,,,,,,<na>,,,,,,,,,5945,all important fields empty,remove_incomplete_rows
,,,,,,,<na>,,,,,,,,,5948,all important fields empty,remove_incomplete_rows
,,,,,,,<na>,,,,,,,,,5949,all important fields empty,remove_incomplete_rows
,,,,,,,<na>,,,,,,,,,5952,all important fields empty,remove_incomplete_rows
,,,,,,,<na>,,,,,,,,,5953,all important fields empty,remove_incomplete_rows
,,,,,,,<na>,,,,,,,,,5956,all important fields empty,remove_incomplete_rows
,,,,,,,<na>,,,,,,,,,5957,all important fields empty,remove_incomplete_rows
,,,,,,,<na>,,,,,,,,,5960,all important fields empty,remove_incomplete_rows
,,,,,,,<na>,,,,,,,,,5961,all important fields empty,remove_incomplete_rows
,,,,,,,<na>,,,,,,,,,5964,all important fields empty,remove_incomplete_rows
,,,,,,,<na>,,,,,,,,,5965,all important fields empty,remove_incomplete_rows
,,,,,,,<na>,,,,,,,,,5969,all important fields empty,remove_incomplete_rows
,,,,,,,<na>,,,,,,,,,5970,all important fields empty,remove_incomplete_rows
,,,,,,,<na>,,,,,,,,,5973,all important fields empty,remove_incomplete_rows
,,,,,,,<na>,,,,,,,,,5974,all important fields empty,remove_incomplete_rows
,,,,,,,<na>,,,,,,,,,5977,all important fields empty,remove_incomplete_rows
,,,,,,,<na>,,,,,,,,,5978,all important fields empty,remove_incomplete_rows
,,,,,,,<na>,,,,,,,,,5982,all important fields empty,remove_incomplete_rows
,,,,,,,<na>,,,,,,,,,5983,all important fields empty,remove_incomplete_rows
,,,,,,,<na>,,,,,,,,,5986,all important fields empty,remove_incomplete_rows
,,,,,,,<na>,,,,,,,,,5987,all important fields empty,remove_incomplete_rows
,,,,,,,<na>,,,,,,,,,5991,all important fields empty,remove_incomplete_rows
,,,,,,,<na>,,,,,,,,,5992,all important fields empty,remove_incomplete_rows
,,,,,,,<na>,,,,,,,,,6000,all important fields empty,remove_incomplete_rows
,,,,,,,<na>,,,,,,,,,6001,all important fields empty,remove_incomplete_rows
,,,,,,,<na>,,,,,,,,,6006,all important fields empty,remove_incomplete_rows
,,,,,,,<na>,,,,,,,,,6007,all important fields empty,remove_incomplete_rows
,,,,,,,<na>,,,,,,,,,6010,all important fields empty,remove_incomplete_rows
,,,,,,,<na>,,,,,,,,,6011,all important fields empty,remove_incomplete_rows
,,,,,,,<na>,,,,,,,,,6014,all important fields empty,remove_incomplete_rows
,,,,,,,<na>,,,,,,,,,6015,all important fields empty,remove_incomplete_rows
,,,,,,,<na>,,,,,,,,,6018,all important fields empty,remove_incomplete_rows
,,,,,,,<na>,,,,,,,,,6019,all important fields empty,remove_incomplete_rows
,,,,,,,<na>,,,,,,,,,6024,all important fields empty,remove_incomplete_rows
,,,,,,,<na>,,,,,,,,,6025,all important fields empty,remove_incomplete_rows
,,,,,,,<na>,,,,,,,,,6030,all important fields empty,remove_incomplete_rows
,,,,,,,<na>,,,,,,,,,6031,all important fields empty,remove_incomplete_rows
,,,,,,,<na>,,,,,,,,,6034,all important fields empty,remove_incomplete_rows
,,,,,,,<na>,,,,,,,,,6035,all important fields empty,remove_incomplete_rows
,,,,,,,<na>,,,,,,,,,6039,all important fields empty,remove_incomplete_rows
,,,,,,,<na>,,,,,,,,,6040,all important fields empty,remove_incomplete_rows
,,,,,,,<na>,,,,,,,,,6048,all important fields empty,remove_incomplete_rows
,,,,,,,<na>,,,,,,,,,6049,all important fields empty,remove_incomplete_rows
,,,,,,,<na>,,,,,,,,,6052,all important fields empty,remove_incomplete_rows
,,,,,,,<na>,,,,,,,,,6053,all important fields empty,remove_incomplete_rows
,,,,,,,<na>,,,,,,,,,6056,all important fields empty,remove_incomplete_rows
,,,,,,,<na>,,,,,,,,,6057,all important fields empty,remove_incomplete_rows
,,,,,,,<na>,,,,,,,,,6060,all important fields empty,remove_incomplete_rows
,,,,,,,<na>,,,,,,,,,6061,all important fields empty,remove_incomplete_rows
,,,,,,,<na>,,,,,,,,,6064,all important fields empty,remove_incomplete_rows
,,,,,,,<na>,,,,,,,,,6065,all important fields empty,remove_incomplete_rows
,,,,,,,<na>,,,,,,,,,6068,all important fields empty,remove_incomplete_rows
,,,,,,,<na>,,,,,,,,,6069,all important fields empty,remove_incomplete_rows
,,,,,,,<na>,,,,,,,,,6072,all important fields empty,remove_incomplete_rows
,,,,,,,<na>,,,,,,,,,6073,all important fields empty,remove_incomplete_rows
,,,,,,,<na>,,,,,,,,,6076,all important fields empty,remove_incomplete_rows
,,,,,,,<na>,,,,,,,,,6077,all important fields empty,remove_incomplete_rows
,,,,,,,<na>,,,,,,,,,6081,all important fields empty,remove_incomplete_rows
,,,,,,,<na>,,,,,,,,,6082,all important fields empty,remove_incomplete_rows
,,,,,,,<na>,,,,,,,,,6085,all important fields empty,remove_incomplete_rows
,,,,,,,<na>,,,,,,,,,6086,all important fields empty,remove_incomplete_rows
,,,,,,,<na>,,,,,,,,,6090,all important fields empty,remove_incomplete_rows
,,,,,,,<na>,,,,,,,,,6091,all important fields empty,remove_incomplete_rows
,,,,,,,<na>,,,,,,,,,6102,all important fields empty,remove_incomplete_rows
,,,,,,,<na>,,,,,,,,,6103,all important fields empty,remove_incomplete_rows
,,,,,,,<na>,,,,,,,,,6106,all important fields empty,remove_incomplete_rows
,,,,,,,<na>,,,,,,,,,6107,all important fields empty,remove_incomplete_rows
,,,,,,,<na>,,,,,,,,,6110,all important fields empty,remove_incomplete_rows
,,,,,,,<na>,,,,,,,,,6111,all important fields empty,remove_incomplete_rows
,,,,,,,<na>,,,,,,,,,6114,all important fields empty,remove_incomplete_rows
,,,,,,,<na>,,,,,,,,,6115,all important fields empty,remove_incomplete_rows
,,,,,,,<na>,,,,,,,,,6118,all important fields empty,remove_incomplete_rows
,,,,,,,<na>,,,,,,,,,6119,all important fields empty,remove_incomplete_rows
,,,,,,,<na>,,,,,,,,,6123,all important fields empty,remove_incomplete_rows
,,,,,,,<na>,,,,,,,,,6124,all important fields empty,remove_incomplete_rows
,,,,,,,<na>,,,,,,,,,6127,all important fields empty,remove_incomplete_rows
,,,,,,,<na>,,,,,,,,,6128,all important fields empty,remove_incomplete_rows
,,,,,,,<na>,,,,,,,,,6131,all important fields empty,remove_incomplete_rows
,,,,,,,<na>,,,,,,,,,6132,all important fields empty,remove_incomplete_rows
,,,,,,,<na>,,,,,,,,,6135,all important fields empty,remove_incomplete_rows
,,,,,,,<na>,,,,,,,,,6136,all important fields empty,remove_incomplete_rows
,,,,,,,<na>,,,,,,,,,6139,all important fields empty,remove_incomplete_rows
,,,,,,,<na>,,,,,,,,,6140,all important fields empty,remove_incomplete_rows
,,,,,,,<na>,,,,,,,,,6145,all important fields empty,remove_incomplete_rows
,,,,,,,<na>,,,,,,,,,6146,all important fields empty,remove_incomplete_rows
,,,,,,,<na>,,,,,,,,,6149,all important fields empty,remove_incomplete_rows
,,,,,,,<na>,,,,,,,,,6150,all important fields empty,remove_incomplete_rows
,,,,,,,<na>,,,,,,,,,6153,all important fields empty,remove_incomplete_rows
,,,,,,,<na>,,,,,,,,,6154,all important fields empty,remove_incomplete_rows
,,,,,,,<na>,,,,,,,,,6157,all important fields empty,remove_incomplete_rows
,,,,,,,<na>,,,,,,,,,6158,all important fields empty,remove_incomplete_rows
,,,,,,,<na>,,,,,,,,,6161,all important fields empty,remove_incomplete_rows
,,,,,,,<na>,,,,,,,,,6162,all important fields empty,remove_incomplete_rows
,,,,,,,<na>,,,,,,,,,6165,all important fields empty,remove_incomplete_rows
,,,,,,,<na>,,,,,,,,,6166,all important fields empty,remove_incomplete_rows
,,,,,,,<na>,,,,,,,,,6169,all important fields empty,remove_incomplete_rows
,,,,,,,<na>,,,,,,,,,6170,all important fields empty,remove_incomplete_rows
,,,,,,,<na>,,,,,,,,,6173,all important fields empty,remove_incomplete_rows
,,,,,,,<na>,,,,,,,,,6174,all important fields empty,remove_incomplete_rows
,,,,,,,<na>,,,,,,,,,6177,all important fields empty,remove_incomplete_rows
,,,,,,,<na>,,,,,,,,,6178,all important fields empty,remove_incomplete_rows
,,,,,,,<na>,,,,,,,,,6182,all important fields empty,remove_incomplete_rows
,,,,,,,<na>,,,,,,,,,6183,all important fields empty,remove_incomplete_rows
,,,,,,,<na>,,,,,,,,,6186,all important fields empty,remove_incomplete_rows
,,,,,,,<na>,,,,,,,,,6187,all important fields empty,remove_incomplete_rows
,,,,,,,<na>,,,,,,,,,6190,all important fields empty,remove_incomplete_rows
,,,,,,,<na>,,,,,,,,,6191,all important fields empty,remove_incomplete_rows
,,,,,,,<na>,,,,,,,,,6194,all important fields empty,remove_incomplete_rows
,,,,,,,<na>,,,,,,,,,6195,all important fields empty,remove_incomplete_rows
,,,,,,,<na>,,,,,,,,,6198,all important fields empty,remove_incomplete_rows
,,,,,,,<na>,,,,,,,,,6199,all important fields empty,remove_incomplete_rows
,,,,,,,<na>,,,,,,,,,6202,all important fields empty,remove_incomplete_rows
,,,,,,,<na>,,,,,,,,,6203,all important fields empty,remove_incomplete_rows
,,,,,,,<na>,,,,,,,,,6206,all important fields empty,remove_incomplete_rows
,,,,,,,<na>,,,,,,,,,6207,all important fields empty,remove_incomplete_rows
,,,,,,,<na>,,,,,,,,,6212,all important fields empty,remove_incomplete_rows
,,,,,,,<na>,,,,,,,,,6213,all important fields empty,remove_incomplete_rows
,,,,,,,<na>,,,,,,,,,6216,all important fields empty,remove_incomplete_rows
,,,,,,,<na>,,,,,,,,,6217,all important fields empty,remove_incomplete_rows
,,,,,,,<na>,,,,,,,,,6222,all important fields empty,remove_incomplete_rows
,,,,,,,<na>,,,,,,,,,6223,all important fields empty,remove_incomplete_rows
,,,,,,,<na>,,,,,,,,,6227,all important fields empty,remove_incomplete_rows
,,,,,,,<na>,,,,,,,,,6228,all important fields empty,remove_incomplete_rows
,,,,,,,<na>,,,,,,,,,6231,all important fields empty,remove_incomplete_rows
,,,,,,,<na>,,,,,,,,,6232,all important fields empty,remove_incomplete_rows
,,,,,,,<na>,,,,,,,,,6235,all important fields empty,remove_incomplete_rows
,,,,,,,<na>,,,,,,,,,6236,all important fields empty,remove_incomplete_rows
,,,,,,,<na>,,,,,,,,,6239,all important fields empty,remove_incomplete_rows
,,,,,,,<na>,,,,,,,,,6240,all important fields empty,remove_incomplete_rows
,,,,,,,<na>,,,,,,,,,6243,all important fields empty,remove_incomplete_rows
,,,,,,,<na>,,,,,,,,,6244,all important fields empty,remove_incomplete_rows
,,,,,,,<na>,,,,,,,,,6248,all important fields empty,remove_incomplete_rows
,,,,,,,<na>,,,,,,,,,6249,all important fields empty,remove_incomplete_rows
,,,,,,,<na>,,,,,,,,,6253,all important fields empty,remove_incomplete_rows
,,,,,,,<na>,,,,,,,,,6254,all important fields empty,remove_incomplete_rows
,,,,,,,<na>,,,,,,,,,6257,all important fields empty,remove_incomplete_rows
,,,,,,,<na>,,,,,,,,,6258,all important fields empty,remove_incomplete_rows
,,,,,,,<na>,,,,,,,,,6261,all important fields empty,remove_incomplete_rows
,,,,,,,<na>,,,,,,,,,6262,all important fields empty,remove_incomplete_rows
,,,,,,,<na>,,,,,,,,,6266,all important fields empty,remove_incomplete_rows
,,,,,,,<na>,,,,,,,,,6267,all important fields empty,remove_incomplete_rows
,,,,,,,<na>,,,,,,,,,6271,all important fields empty,remove_incomplete_rows
,,,,,,,<na>,,,,,,,,,6272,all important fields empty,remove_incomplete_rows
,,,,,,,<na>,,,,,,,,,6275,all important fields empty,remove_incomplete_rows
,,,,,,,<na>,,,,,,,,,6276,all important fields empty,remove_incomplete_rows
,,,,,,,<na>,,,,,,,,,6281,all important fields empty,remove_incomplete_rows
,,,,,,,<na>,,,,,,,,,6282,all important fields empty,remove_incomplete_rows
,,,,,,,<na>,,,,,,,,,6285,all important fields empty,remove_incomplete_rows
,,,,,,,<na>,,,,,,,,,6286,all important fields empty,remove_incomplete_rows
,,,,,,,<na>,,,,,,,,,6289,all important fields empty,remove_incomplete_rows
,,,,,,,<na>,,,,,,,,,6290,all important fields empty,remove_incomplete_rows
,,,,,,,<na>,,,,,,,,,6293,all important fields empty,remove_incomplete_rows
,,,,,,,<na>,,,,,,,,,6294,all important fields empty,remove_incomplete_rows
,,,,,,,<na>,,,,,,,,,6297,all important fields empty,remove_incomplete_rows
,,,,,,,<na>,,,,,,,,,6298,all important fields empty,remove_incomplete_rows
,,,,,,,<na>,,,,,,,,,6301,all important fields empty,remove_incomplete_rows
,,,,,,,<na>,,,,,,,,,6302,all important fields empty,remove_incomplete_rows
,,,,,,,<na>,,,,,,,,,6305,all important fields empty,remove_incomplete_rows
,,,,,,,<na>,,,,,,,,,6306,all important fields empty,remove_incomplete_rows
,,,,,,,<na>,,,,,,,,,6309,all important fields empty,remove_incomplete_rows
,,,,,,,<na>,,,,,,,,,6310,all important fields empty,remove_incomplete_rows
,,,,,,,<na>,,,,,,,,,6313,all important fields empty,remove_incomplete_rows
,,,,,,,<na>,,,,,,,,,6314,all important fields empty,remove_incomplete_rows
,,,,,,,<na>,,,,,,,,,6317,all important fields empty,remove_incomplete_rows
,,,,,,,<na>,,,,,,,,,6318,all important fields empty,remove_incomplete_rows
,,,,,,,<na>,,,,,,,,,6321,all important fields empty,remove_incomplete_rows
,,,,,,,<na>,,,,,,,,,6322,all important fields empty,remove_incomplete_rows
,,,,,,,<na>,,,,,,,,,6325,all important fields empty,remove_incomplete_rows
,,,,,,,<na>,,,,,,,,,6326,all important fields empty,remove_incomplete_rows
,,,,,,,<na>,,,,,,,,,6329,all important fields empty,remove_incomplete_rows
,,,,,,,<na>,,,,,,,,,6330,all important fields empty,remove_incomplete_rows
,,,,,,,<na>,,,,,,,,,6336,all important fields empty,remove_incomplete_rows
,,,,,,,<na>,,,,,,,,,6337,all important fields empty,remove_incomplete_rows
,,,,,,,<na>,,,,,,,,,6340,all important fields empty,remove_incomplete_rows
,,,,,,,<na>,,,,,,,,,6341,all important fields empty,remove_incomplete_rows
,,,,,,,<na>,,,,,,,,,6344,all important fields empty,remove_incomplete_rows
,,,,,,,<na>,,,,,,,,,6345,all important fields empty,remove_incomplete_rows
,,,,,,,<na>,,,,,,,,,6349,all important fields empty,remove_incomplete_rows
,,,,,,,<na>,,,,,,,,,6350,all important fields empty,remove_incomplete_rows
,,,,,,,<na>,,,,,,,,,6353,all important fields empty,remove_incomplete_rows
,,,,,,,<na>,,,,,,,,,6354,all important fields empty,remove_incomplete_rows
,,,,,,,<na>,,,,,,,,,6357,all important fields empty,remove_incomplete_rows
,,,,,,,<na>,,,,,,,,,6358,all important fields empty,remove_incomplete_rows
,,,,,,,<na>,,,,,,,,,6361,all important fields empty,remove_incomplete_rows
,,,,,,,<na>,,,,,,,,,6362,all important fields empty,remove_incomplete_rows
,,,,,,,<na>,,,,,,,,,6367,all important fields empty,remove_incomplete_rows
,,,,,,,<na>,,,,,,,,,6368,all important fields empty,remove_incomplete_rows
,,,,,,,<na>,,,,,,,,,6373,all important fields empty,remove_incomplete_rows
,,,,,,,<na>,,,,,,,,,6374,all important fields empty,remove_incomplete_rows
,,,,,,,<na>,,,,,,,,,6378,all important fields empty,remove_incomplete_rows
,,,,,,,<na>,,,,,,,,,6379,all important fields empty,remove_incomplete_rows
,,,,,,,<na>,,,,,,,,,6382,all important fields empty,remove_incomplete_rows
,,,,,,,<na>,,,,,,,,,6383,all important fields empty,remove_incomplete_rows
,,,,,,,<na>,,,,,,,,,6386,all important fields empty,remove_incomplete_rows
,,,,,,,<na>,,,,,,,,,6387,all important fields empty,remove_incomplete_rows
,,,,,,,<na>,,,,,,,,,6390,all important fields empty,remove_incomplete_rows
,,,,,,,<na>,,,,,,,,,6391,all important fields empty,remove_incomplete_rows
,,,,,,,<na>,,,,,,,,,6395,all important fields empty,remove_incomplete_rows
,,,,,,,<na>,,,,,,,,,6396,all important fields empty,remove_incomplete_rows
,,,,,,,<na>,,,,,,,,,6400,all important fields empty,remove_incomplete_rows
,,,,,,,<na>,,,,,,,,,6401,all important fields empty,remove_incomplete_rows
,,,,,,,<na>,,,,,,,,,6404,all important fields empty,remove_incomplete_rows
,,,,,,,<na>,,,,,,,,,6405,all important fields empty,remove_incomplete_rows
,,,,,,,<na>,,,,,,,,,6408,all important fields empty,remove_incomplete_rows
,,,,,,,<na>,,,,,,,,,6409,all important fields empty,remove_incomplete_rows
,,,,,,,<na>,,,,,,,,,6412,all important fields empty,remove_incomplete_rows
,,,,,,,<na>,,,,,,,,,6413,all important fields empty,remove_incomplete_rows
,,,,,,,<na>,,,,,,,,,6418,all important fields empty,remove_incomplete_rows
,,,,,,,<na>,,,,,,,,,6419,all important fields empty,remove_incomplete_rows
,,,,,,,<na>,,,,,,,,,6422,all important fields empty,remove_incomplete_rows
,,,,,,,<na>,,,,,,,,,6423,all important fields empty,remove_incomplete_rows
,,,,,,,<na>,,,,,,,,,6426,all important fields empty,remove_incomplete_rows
,,,,,,,<na>,,,,,,,,,6427,all important fields empty,remove_incomplete_rows
,,,,,,,<na>,,,,,,,,,6431,all important fields empty,remove_incomplete_rows
,,,,,,,<na>,,,,,,,,,6432,all important fields empty,remove_incomplete_rows
,,,,,,,<na>,,,,,,,,,6435,all important fields empty,remove_incomplete_rows
,,,,,,,<na>,,,,,,,,,6436,all important fields empty,remove_incomplete_rows
,,,,,,,<na>,,,,,,,,,6441,all important fields empty,remove_incomplete_rows
,,,,,,,<na>,,,,,,,,,6442,all important fields empty,remove_incomplete_rows
,,,,,,,<na>,,,,,,,,,6445,all important fields empty,remove_incomplete_rows
,,,,,,,<na>,,,,,,,,,6446,all important fields empty,remove_incomplete_rows
,,,,,,,<na>,,,,,,,,,6451,all important fields empty,remove_incomplete_rows
,,,,,,,<na>,,,,,,,,,6452,all important fields empty,remove_incomplete_rows
,,,,,,,<na>,,,,,,,,,6455,all important fields empty,remove_incomplete_rows
,,,,,,,<na>,,,,,,,,,6456,all important fields empty,remove_incomplete_rows
,,,,,,,<na>,,,,,,,,,6459,all important fields empty,remove_incomplete_rows
,,,,,,,<na>,,,,,,,,,6460,all important fields empty,remove_incomplete_rows
,,,,,,,<na>,,,,,,,,,6463,all important fields empty,remove_incomplete_rows
,,,,,,,<na>,,,,,,,,,6464,all important fields empty,remove_incomplete_rows
,,,,,,,<na>,,,,,,,,,6468,all important fields empty,remove_incomplete_rows
,,,,,,,<na>,,,,,,,,,6469,all important fields empty,remove_incomplete_rows
,,,,,,,<na>,,,,,,,,,6472,all important fields empty,remove_incomplete_rows
,,,,,,,<na>,,,,,,,,,6473,all important fields empty,remove_incomplete_rows
,,,,,,,<na>,,,,,,,,,6477,all important fields empty,remove_incomplete_rows
,,,,,,,<na>,,,,,,,,,6478,all important fields empty,remove_incomplete_rows
,,,,,,,<na>,,,,,,,,,6482,all important fields empty,remove_incomplete_rows
,,,,,,,<na>,,,,,,,,,6483,all important fields empty,remove_incomplete_rows
,,,,,,,<na>,,,,,,,,,6486,all important fields empty,remove_incomplete_rows
,,,,,,,<na>,,,,,,,,,6487,all important fields empty,remove_incomplete_rows
,,,,,,,<na>,,,,,,,,,6490,all important fields empty,remove_incomplete_rows
,,,,,,,<na>,,,,,,,,,6491,all important fields empty,remove_incomplete_rows
,,,,,,,<na>,,,,,,,,,6494,all important fields empty,remove_incomplete_rows
,,,,,,,<na>,,,,,,,,,6495,all important fields empty,remove_incomplete_rows
,,,,,,,<na>,,,,,,,,,6498,all important fields empty,remove_incomplete_rows
,,,,,,,<na>,,,,,,,,,6499,all important fields empty,remove_incomplete_rows
,,,,,,,<na>,,,,,,,,,6502,all important fields empty,remove_incomplete_rows
,,,,,,,<na>,,,,,,,,,6503,all important fields empty,remove_incomplete_rows
,,,,,,,<na>,,,,,,,,,6507,all important fields empty,remove_incomplete_rows
,,,,,,,<na>,,,,,,,,,6508,all important fields empty,remove_incomplete_rows
,,,,,,,<na>,,,,,,,,,6512,all important fields empty,remove_incomplete_rows
,,,,,,,<na>,,,,,,,,,6513,all important fields empty,remove_incomplete_rows
,,,,,,,<na>,,,,,,,,,6516,all important fields empty,remove_incomplete_rows
,,,,,,,<na>,,,,,,,,,6517,all important fields empty,remove_incomplete_rows
,,,,,,,<na>,,,,,,,,,6530,all important fields empty,remove_incomplete_rows
,,,,,,,<na>,,,,,,,,,6531,all important fields empty,remove_incomplete_rows
,,,,,,,<na>,,,,,,,,,6534,all important fields empty,remove_incomplete_rows
,,,,,,,<na>,,,,,,,,,6535,all important fields empty,remove_incomplete_rows
,,,,,,,<na>,,,,,,,,,6539,all important fields empty,remove_incomplete_rows
,,,,,,,<na>,,,,,,,,,6540,all important fields empty,remove_incomplete_rows
,,,,,,,<na>,,,,,,,,,6543,all important fields empty,remove_incomplete_rows
,,,,,,,<na>,,,,,,,,,6544,all important fields empty,remove_incomplete_rows
,,,,,,,<na>,,,,,,,,,6549,all important fields empty,remove_incomplete_rows
,,,,,,,<na>,,,,,,,,,6550,all important fields empty,remove_incomplete_rows
,,,,,,,<na>,,,,,,,,,6555,all important fields empty,remove_incomplete_rows
,,,,,,,<na>,,,,,,,,,6556,all important fields empty,remove_incomplete_rows
,,,,,,,<na>,,,,,,,,,6559,all important fields empty,remove_incomplete_rows
,,,,,,,<na>,,,,,,,,,6560,all important fields empty,remove_incomplete_rows
,,,,,,,<na>,,,,,,,,,6564,all important fields empty,remove_incomplete_rows
,,,,,,,<na>,,,,,,,,,6565,all important fields empty,remove_incomplete_rows
,,,,,,,<na>,,,,,,,,,6569,all important fields empty,remove_incomplete_rows
,,,,,,,<na>,,,,,,,,,6570,all important fields empty,remove_incomplete_rows
,,,,,,,<na>,,,,,,,,,6573,all important fields empty,remove_incomplete_rows
,,,,,,,<na>,,,,,,,,,6574,all important fields empty,remove_incomplete_rows
,,,,,,,<na>,,,,,,,,,6580,all important fields empty,remove_incomplete_rows
,,,,,,,<na>,,,,,,,,,6581,all important fields empty,remove_incomplete_rows
,,,,,,,<na>,,,,,,,,,6584,all important fields empty,remove_incomplete_rows
,,,,,,,<na>,,,,,,,,,6585,all important fields empty,remove_incomplete_rows
,,,,,,,<na>,,,,,,,,,6589,all important fields empty,remove_incomplete_rows
,,,,,,,<na>,,,,,,,,,6590,all important fields empty,remove_incomplete_rows
,,,,,,,<na>,,,,,,,,,6594,all important fields empty,remove_incomplete_rows
,,,,,,,<na>,,,,,,,,,6595,all important fields empty,remove_incomplete_rows
,,,,,,,<na>,,,,,,,,,6598,all important fields empty,remove_incomplete_rows
,,,,,,,<na>,,,,,,,,,6599,all important fields empty,remove_incomplete_rows
,,,,,,,<na>,,,,,,,,,6602,all important fields empty,remove_incomplete_rows
,,,,,,,<na>,,,,,,,,,6603,all important fields empty,remove_incomplete_rows
,,,,,,,<na>,,,,,,,,,6610,all important fields empty,remove_incomplete_rows
,,,,,,,<na>,,,,,,,,,6611,all important fields empty,remove_incomplete_rows
,,,,,,,<na>,,,,,,,,,6615,all important fields empty,remove_incomplete_rows
,,,,,,,<na>,,,,,,,,,6616,all important fields empty,remove_incomplete_rows
,,,,,,,<na>,,,,,,,,,6620,all important fields empty,remove_incomplete_rows
,,,,,,,<na>,,,,,,,,,6621,all important fields empty,remove_incomplete_rows
,,,,,,,<na>,,,,,,,,,6624,all important fields empty,remove_incomplete_rows
,,,,,,,<na>,,,,,,,,,6625,all important fields empty,remove_incomplete_rows
,,,,,,,<na>,,,,,,,,,6628,all important fields empty,remove_incomplete_rows
,,,,,,,<na>,,,,,,,,,6629,all important fields empty,remove_incomplete_rows
,,,,,,,<na>,,,,,,,,,6633,all important fields empty,remove_incomplete_rows
,,,,,,,<na>,,,,,,,,,6634,all important fields empty,remove_incomplete_rows
,,,,,,,<na>,,,,,,,,,6637,all important fields empty,remove_incomplete_rows
,,,,,,,<na>,,,,,,,,,6638,all important fields empty,remove_incomplete_rows
,,,,,,,<na>,,,,,,,,,6641,all important fields empty,remove_incomplete_rows
,,,,,,,<na>,,,,,,,,,6642,all important fields empty,remove_incomplete_rows
,,,,,,,<na>,,,,,,,,,6645,all important fields empty,remove_incomplete_rows
,,,,,,,<na>,,,,,,,,,6646,all important fields empty,remove_incomplete_rows
,,,,,,,<na>,,,,,,,,,6649,all important fields empty,remove_incomplete_rows
,,,,,,,<na>,,,,,,,,,6650,all important fields empty,remove_incomplete_rows
,,,,,,,<na>,,,,,,,,,6655,all important fields empty,remove_incomplete_rows
,,,,,,,<na>,,,,,,,,,6656,all important fields empty,remove_incomplete_rows
,,,,,,,<na>,,,,,,,,,6661,all important fields empty,remove_incomplete_rows
,,,,,,,<na>,,,,,,,,,6662,all important fields empty,remove_incomplete_rows
,,,,,,,<na>,,,,,,,,,6666,all important fields empty,remove_incomplete_rows
,,,,,,,<na>,,,,,,,,,6667,all important fields empty,remove_incomplete_rows
,,,,,,,<na>,,,,,,,,,6670,all important fields empty,remove_incomplete_rows
,,,,,,,<na>,,,,,,,,,6671,all important fields empty,remove_incomplete_rows
,,,,,,,<na>,,,,,,,,,6674,all important fields empty,remove_incomplete_rows
,,,,,,,<na>,,,,,,,,,6675,all important fields empty,remove_incomplete_rows
,,,,,,,<na>,,,,,,,,,6678,all important fields empty,remove_incomplete_rows
,,,,,,,<na>,,,,,,,,,6679,all important fields empty,remove_incomplete_rows
,,,,,,,<na>,,,,,,,,,6682,all important fields empty,remove_incomplete_rows
,,,,,,,<na>,,,,,,,,,6683,all important fields empty,remove_incomplete_rows
,,,,,,,<na>,,,,,,,,,6687,all important fields empty,remove_incomplete_rows
,,,,,,,<na>,,,,,,,,,6688,all important fields empty,remove_incomplete_rows
,,,,,,,<na>,,,,,,,,,6691,all important fields empty,remove_incomplete_rows
,,,,,,,<na>,,,,,,,,,6692,all important fields empty,remove_incomplete_rows
,,,,,,,<na>,,,,,,,,,6696,all important fields empty,remove_incomplete_rows
,,,,,,,<na>,,,,,,,,,6697,all important fields empty,remove_incomplete_rows
,,,,,,,<na>,,,,,,,,,6700,all important fields empty,remove_incomplete_rows
,,,,,,,<na>,,,,,,,,,6701,all important fields empty,remove_incomplete_rows
,,,,,,,<na>,,,,,,,,,6704,all important fields empty,remove_incomplete_rows
,,,,,,,<na>,,,,,,,,,6705,all important fields empty,remove_incomplete_rows
,,,,,,,<na>,,,,,,,,,6708,all important fields empty,remove_incomplete_rows
,,,,,,,<na>,,,,,,,,,6709,all important fields empty,remove_incomplete_rows
,,,,,,,<na>,,,,,,,,,6712,all important fields empty,remove_incomplete_rows
,,,,,,,<na>,,,,,,,,,6713,all important fields empty,remove_incomplete_rows
,,,,,,,<na>,,,,,,,,,6717,all important fields empty,remove_incomplete_rows
,,,,,,,<na>,,,,,,,,,6718,all important fields empty,remove_incomplete_rows
,,,,,,,<na>,,,,,,,,,6721,all important fields empty,remove_incomplete_rows
,,,,,,,<na>,,,,,,,,,6722,all important fields empty,remove_incomplete_rows
,,,,,,,<na>,,,,,,,,,6725,all important fields empty,remove_incomplete_rows
,,,,,,,<na>,,,,,,,,,6726,all important fields empty,remove_incomplete_rows
,,,,,,,<na>,,,,,,,,,6730,all important fields empty,remove_incomplete_rows
,,,,,,,<na>,,,,,,,,,6731,all important fields empty,remove_incomplete_rows
,,,,,,,<na>,,,,,,,,,6734,all important fields empty,remove_incomplete_rows
,,,,,,,<na>,,,,,,,,,6735,all important fields empty,remove_incomplete_rows
,,,,,,,<na>,,,,,,,,,6741,all important fields empty,remove_incomplete_rows
,,,,,,,<na>,,,,,,,,,6742,all important fields empty,remove_incomplete_rows
,,,,,,,<na>,,,,,,,,,6745,all important fields empty,remove_incomplete_rows
,,,,,,,<na>,,,,,,,,,6746,all important fields empty,remove_incomplete_rows
,,,,,,,<na>,,,,,,,,,6750,all important fields empty,remove_incomplete_rows
,,,,,,,<na>,,,,,,,,,6751,all important fields empty,remove_incomplete_rows
,,,,,,,<na>,,,,,,,,,6754,all important fields empty,remove_incomplete_rows
,,,,,,,<na>,,,,,,,,,6755,all important fields empty,remove_incomplete_rows
,,,,,,,<na>,,,,,,,,,6758,all important fields empty,remove_incomplete_rows
,,,,,,,<na>,,,,,,,,,6759,all important fields empty,remove_incomplete_rows
,,,,,,,<na>,,,,,,,,,6764,all important fields empty,remove_incomplete_rows
,,,,,,,<na>,,,,,,,,,6765,all important fields empty,remove_incomplete_rows
,,,,,,,<na>,,,,,,,,,6768,all important fields empty,remove_incomplete_rows
,,,,,,,<na>,,,,,,,,,6769,all important fields empty,remove_incomplete_rows
,,,,,,,<na>,,,,,,,,,6775,all important fields empty,remove_incomplete_rows
,,,,,,,<na>,,,,,,,,,6776,all important fields empty,remove_incomplete_rows
,,,,,,,<na>,,,,,,,,,6779,all important fields empty,remove_incomplete_rows
,,,,,,,<na>,,,,,,,,,6780,all important fields empty,remove_incomplete_rows
,,,,,,,<na>,,,,,,,,,6783,all important fields empty,remove_incomplete_rows
,,,,,,,<na>,,,,,,,,,6784,all important fields empty,remove_incomplete_rows
,,,,,,,<na>,,,,,,,,,6787,all important fields empty,remove_incomplete_rows
,,,,,,,<na>,,,,,,,,,6788,all important fields empty,remove_incomplete_rows
,,,,,,,<na>,,,,,,,,,6791,all important fields empty,remove_incomplete_rows
,,,,,,,<na>,,,,,,,,,6792,all important fields empty,remove_incomplete_rows
,,,,,,,<na>,,,,,,,,,6795,all important fields empty,remove_incomplete_rows
,,,,,,,<na>,,,,,,,,,6796,all important fields empty,remove_incomplete_rows
,,,,,,,<na>,,,,,,,,,6800,all important fields empty,remove_incomplete_rows
,,,,,,,<na>,,,,,,,,,6801,all important fields empty,remove_incomplete_rows
,,,,,,,<na>,,,,,,,,,6805,all important fields empty,remove_incomplete_rows
,,,,,,,<na>,,,,,,,,,6806,all important fields empty,remove_incomplete_rows
,,,,,,,<na>,,,,,,,,,6812,all important fields empty,remove_incomplete_rows
,,,,,,,<na>,,,,,,,,,6813,all important fields empty,remove_incomplete_rows
,,,,,,,<na>,,,,,,,,,6818,all important fields empty,remove_incomplete_rows
,,,,,,,<na>,,,,,,,,,6819,all important fields empty,remove_incomplete_rows
,,,,,,,<na>,,,,,,,,,6822,all important fields empty,remove_incomplete_rows
,,,,,,,<na>,,,,,,,,,6823,all important fields empty,remove_incomplete_rows
,,,,,,,<na>,,,,,,,,,6826,all important fields empty,remove_incomplete_rows
,,,,,,,<na>,,,,,,,,,6827,all important fields empty,remove_incomplete_rows
,,,,,,,<na>,,,,,,,,,6834,all important fields empty,remove_incomplete_rows
,,,,,,,<na>,,,,,,,,,6835,all important fields empty,remove_incomplete_rows
,,,,,,,<na>,,,,,,,,,6841,all important fields empty,remove_incomplete_rows
,,,,,,,<na>,,,,,,,,,6842,all important fields empty,remove_incomplete_rows
,,,,,,,<na>,,,,,,,,,6845,all important fields empty,remove_incomplete_rows
,,,,,,,<na>,,,,,,,,,6846,all important fields empty,remove_incomplete_rows
,,,,,,,<na>,,,,,,,,,6850,all important fields empty,remove_incomplete_rows
,,,,,,,<na>,,,,,,,,,6851,all important fields empty,remove_incomplete_rows
,,,,,,,<na>,,,,,,,,,6854,all important fields empty,remove_incomplete_rows
,,,,,,,<na>,,,,,,,,,6855,all important fields empty,remove_incomplete_rows
,,,,,,,<na>,,,,,,,,,6859,all important fields empty,remove_incomplete_rows
,,,,,,,<na>,,,,,,,,,6860,all important fields empty,remove_incomplete_rows
,,,,,,,<na>,,,,,,,,,6865,all important fields empty,remove_incomplete_rows
,,,,,,,<na>,,,,,,,,,6866,all important fields empty,remove_incomplete_rows
,,,,,,,<na>,,,,,,,,,6869,all important fields empty,remove_incomplete_rows
,,,,,,,<na>,,,,,,,,,6870,all important fields empty,remove_incomplete_rows
,,,,,,,<na>,,,,,,,,,6873,all important fields empty,remove_incomplete_rows
,,,,,,,<na>,,,,,,,,,6874,all important fields empty,remove_incomplete_rows
,,,,,,,<na>,,,,,,,,,6879,all important fields empty,remove_incomplete_rows
,,,,,,,<na>,,,,,,,,,6880,all important fields empty,remove_incomplete_rows
,,,,,,,<na>,,,,,,,,,6883,all important fields empty,remove_incomplete_rows
,,,,,,,<na>,,,,,,,,,6884,all important fields empty,remove_incomplete_rows
,,,,,,,<na>,,,,,,,,,6887,all important fields empty,remove_incomplete_rows
,,,,,,,<na>,,,,,,,,,6888,all important fields empty,remove_incomplete_rows
,,,,,,,<na>,,,,,,,,,6893,all important fields empty,remove_incomplete_rows
,,,,,,,<na>,,,,,,,,,6894,all important fields empty,remove_incomplete_rows
,,,,,,,<na>,,,,,,,,,6898,all important fields empty,remove_incomplete_rows
,,,,,,,<na>,,,,,,,,,6899,all important fields empty,remove_incomplete_rows
,,,,,,,<na>,,,,,,,,,6902,all important fields empty,remove_incomplete_rows
,,,,,,,<na>,,,,,,,,,6903,all important fields empty,remove_incomplete_rows
,,,,,,,<na>,,,,,,,,,6910,all important fields empty,remove_incomplete_rows
,,,,,,,<na>,,,,,,,,,6911,all important fields empty,remove_incomplete_rows
,,,,,,,<na>,,,,,,,,,6914,all important fields empty,remove_incomplete_rows
,,,,,,,<na>,,,,,,,,,6915,all important fields empty,remove_incomplete_rows
,,,,,,,<na>,,,,,,,,,6919,all important fields empty,remove_incomplete_rows
,,,,,,,<na>,,,,,,,,,6920,all important fields empty,remove_incomplete_rows
,,,,,,,<na>,,,,,,,,,6923,all important fields empty,remove_incomplete_rows
,,,,,,,<na>,,,,,,,,,6924,all important fields empty,remove_incomplete_rows
,,,,,,,<na>,,,,,,,,,6927,all important fields empty,remove_incomplete_rows
,,,,,,,<na>,,,,,,,,,6928,all important fields empty,remove_incomplete_rows
,,,,,,,<na>,,,,,,,,,6931,all important fields empty,remove_incomplete_rows
,,,,,,,<na>,,,,,,,,,6932,all important fields empty,remove_incomplete_rows
,,,,,,,<na>,,,,,,,,,6935,all important fields empty,remove_incomplete_rows
,,,,,,,<na>,,,,,,,,,6936,all important fields empty,remove_incomplete_rows
,,,,,,,<na>,,,,,,,,,6939,all important fields empty,remove_incomplete_rows
,,,,,,,<na>,,,,,,,,,6940,all important fields empty,remove_incomplete_rows
,,,,,,,<na>,,,,,,,,,6945,all important fields empty,remove_incomplete_rows
,,,,,,,<na>,,,,,,,,,6946,all important fields empty,remove_incomplete_rows
,,,,,,,<na>,,,,,,,,,6950,all important fields empty,remove_incomplete_rows
,,,,,,,<na>,,,,,,,,,6951,all important fields empty,remove_incomplete_rows
,,,,,,,<na>,,,,,,,,,6957,all important fields empty,remove_incomplete_rows
,,,,,,,<na>,,,,,,,,,6958,all important fields empty,remove_incomplete_rows
,,,,,,,<na>,,,,,,,,,6961,all important fields empty,remove_incomplete_rows
,,,,,,,<na>,,,,,,,,,6962,all important fields empty,remove_incomplete_rows
,,,,,,,<na>,,,,,,,,,6965,all important fields empty,remove_incomplete_rows
,,,,,,,<na>,,,,,,,,,6966,all important fields empty,remove_incomplete_rows
,,,,,,,<na>,,,,,,,,,6970,all important fields empty,remove_incomplete_rows
,,,,,,,<na>,,,,,,,,,6971,all important fields empty,remove_incomplete_rows
,,,,,,,<na>,,,,,,,,,6974,all important fields empty,remove_incomplete_rows
,,,,,,,<na>,,,,,,,,,6975,all important fields empty,remove_incomplete_rows
,,,,,,,<na>,,,,,,,,,6979,all important fields empty,remove_incomplete_rows
,,,,,,,<na>,,,,,,,,,6980,all important fields empty,remove_incomplete_rows
,,,,,,,<na>,,,,,,,,,6983,all important fields empty,remove_incomplete_rows
,,,,,,,<na>,,,,,,,,,6984,all important fields empty,remove_incomplete_rows
,,,,,,,<na>,,,,,,,,,6987,all important fields empty,remove_incomplete_rows
,,,,,,,<na>,,,,,,,,,6988,all important fields empty,remove_incomplete_rows
,,,,,,,<na>,,,,,,,,,6991,all important fields empty,remove_incomplete_rows
,,,,,,,<na>,,,,,,,,,6992,all important fields empty,remove_incomplete_rows
,,,,,,,<na>,,,,,,,,,6996,all important fields empty,remove_incomplete_rows
,,,,,,,<na>,,,,,,,,,6997,all important fields empty,remove_incomplete_rows
,,,,,,,<na>,,,,,,,,,7000,all important fields empty,remove_incomplete_rows
,,,,,,,<na>,,,,,,,,,7001,all important fields empty,remove_incomplete_rows
,,,,,,,<na>,,,,,,,,,7004,all important fields empty,remove_incomplete_rows
,,,,,,,<na>,,,,,,,,,7005,all important fields empty,remove_incomplete_rows
,,,,,,,<na>,,,,,,,,,7008,all important fields empty,remove_incomplete_rows
,,,,,,,<na>,,,,,,,,,7009,all important fields empty,remove_incomplete_rows
,,,,,,,<na>,,,,,,,,,7012,all important fields empty,remove_incomplete_rows
,,,,,,,<na>,,,,,,,,,7013,all important fields empty,remove_incomplete_rows
,,,,,,,<na>,,,,,,,,,7016,all important fields empty,remove_incomplete_rows
,,,,,,,<na>,,,,,,,,,7017,all important fields empty,remove_incomplete_rows
,,,,,,,<na>,,,,,,,,,7020,all important fields empty,remove_incomplete_rows
,,,,,,,<na>,,,,,,,,,7021,all important fields empty,remove_incomplete_rows
,,,,,,,<na>,,,,,,,,,7024,all important fields empty,remove_incomplete_rows
,,,,,,,<na>,,,,,,,,,7025,all important fields empty,remove_incomplete_rows
,,,,,,,<na>,,,,,,,,,7028,all important fields empty,remove_incomplete_rows
,,,,,,,<na>,,,,,,,,,7029,all important fields empty,remove_incomplete_rows
,,,,,,,<na>,,,,,,,,,7032,all important fields empty,remove_incomplete_rows
,,,,,,,<na>,,,,,,,,,7033,all important fields empty,remove_incomplete_rows
,,,,,,,<na>,,,,,,,,,7037,all important fields empty,remove_incomplete_rows
,,,,,,,<na>,,,,,,,,,7038,all important fields empty,remove_incomplete_rows
,,,,,,,<na>,,,,,,,,,7041,all important fields empty,remove_incomplete_rows
,,,,,,,<na>,,,,,,,,,7042,all important fields empty,remove_incomplete_rows
,,,,,,,<na>,,,,,,,,,7046,all important fields empty,remove_incomplete_rows
,,,,,,,<na>,,,,,,,,,7047,all important fields empty,remove_incomplete_rows
,,,,,,,<na>,,,,,,,,,7050,all important fields empty,remove_incomplete_rows
,,,,,,,<na>,,,,,,,,,7051,all important fields empty,remove_incomplete_rows
,,,,,,,<na>,,,,,,,,,7054,all important fields empty,remove_incomplete_rows
,,,,,,,<na>,,,,,,,,,7055,all important fields empty,remove_incomplete_rows
,,,,,,,<na>,,,,,,,,,7058,all important fields empty,remove_incomplete_rows
,,,,,,,<na>,,,,,,,,,7059,all important fields empty,remove_incomplete_rows
,,,,,,,<na>,,,,,,,,,7062,all important fields empty,remove_incomplete_rows
,,,,,,,<na>,,,,,,,,,7063,all important fields empty,remove_incomplete_rows
,,,,,,,<na>,,,,,,,,,7066,all important fields empty,remove_incomplete_rows
,,,,,,,<na>,,,,,,,,,7067,all important fields empty,remove_incomplete_rows
,,,,,,,<na>,,,,,,,,,7070,all important fields empty,remove_incomplete_rows
,,,,,,,<na>,,,,,,,,,7071,all important fields empty,remove_incomplete_rows
,,,,,,,<na>,,,,,,,,,7074,all important fields empty,remove_incomplete_rows
,,,,,,,<na>,,,,,,,,,7075,all important fields empty,remove_incomplete_rows
,,,,,,,<na>,,,,,,,,,7080,all important fields empty,remove_incomplete_rows
,,,,,,,<na>,,,,,,,,,7081,all important fields empty,remove_incomplete_rows
,,,,,,,<na>,,,,,,,,,7084,all important fields empty,remove_incomplete_rows
,,,,,,,<na>,,,,,,,,,7085,all important fields empty,remove_incomplete_rows
,,,,,,,<na>,,,,,,,,,7088,all important fields empty,remove_incomplete_rows
,,,,,,,<na>,,,,,,,,,7089,all important fields empty,remove_incomplete_rows
,,,,,,,<na>,,,,,,,,,7092,all important fields empty,remove_incomplete_rows
,,,,,,,<na>,,,,,,,,,7093,all important fields empty,remove_incomplete_rows
,,,,,,,<na>,,,,,,,,,7096,all important fields empty,remove_incomplete_rows
,,,,,,,<na>,,,,,,,,,7097,all important fields empty,remove_incomplete_rows
,,,,,,,<na>,,,,,,,,,7102,all important fields empty,remove_incomplete_rows
,,,,,,,<na>,,,,,,,,,7103,all important fields empty,remove_incomplete_rows
,,,,,,,<na>,,,,,,,,,7106,all important fields empty,remove_incomplete_rows
,,,,,,,<na>,,,,,,,,,7107,all important fields empty,remove_incomplete_rows
,,,,,,,<na>,,,,,,,,,7111,all important fields empty,remove_incomplete_rows
,,,,,,,<na>,,,,,,,,,7112,all important fields empty,remove_incomplete_rows
,,,,,,,<na>,,,,,,,,,7116,all important fields empty,remove_incomplete_rows
,,,,,,,<na>,,,,,,,,,7117,all important fields empty,remove_incomplete_rows
,,,,,,,<na>,,,,,,,,,7120,all important fields empty,remove_incomplete_rows
,,,,,,,<na>,,,,,,,,,7121,all important fields empty,remove_incomplete_rows
,,,,,,,<na>,,,,,,,,,7124,all important fields empty,remove_incomplete_rows
,,,,,,,<na>,,,,,,,,,7125,all important fields empty,remove_incomplete_rows
,,,,,,,<na>,,,,,,,,,7128,all important fields empty,remove_incomplete_rows
,,,,,,,<na>,,,,,,,,,7129,all important fields empty,remove_incomplete_rows
,,,,,,,<na>,,,,,,,,,7132,all important fields empty,remove_incomplete_rows
,,,,,,,<na>,,,,,,,,,7133,all important fields empty,remove_incomplete_rows
,,,,,,,<na>,,,,,,,,,7136,all important fields empty,remove_incomplete_rows
,,,,,,,<na>,,,,,,,,,7137,all important fields empty,remove_incomplete_rows
,,,,,,,<na>,,,,,,,,,7140,all important fields empty,remove_incomplete_rows
,,,,,,,<na>,,,,,,,,,7141,all important fields empty,remove_incomplete_rows
,,,,,,,<na>,,,,,,,,,7144,all important fields empty,remove_incomplete_rows
,,,,,,,<na>,,,,,,,,,7145,all important fields empty,remove_incomplete_rows
,,,,,,,<na>,,,,,,,,,7149,all important fields empty,remove_incomplete_rows
,,,,,,,<na>,,,,,,,,,7150,all important fields empty,remove_incomplete_rows
,,,,,,,<na>,,,,,,,,,7153,all important fields empty,remove_incomplete_rows
,,,,,,,<na>,,,,,,,,,7154,all important fields empty,remove_incomplete_rows
,,,,,,,<na>,,,,,,,,,7157,all important fields empty,remove_incomplete_rows
,,,,,,,<na>,,,,,,,,,7158,all important fields empty,remove_incomplete_rows
,,,,,,,<na>,,,,,,,,,7161,all important fields empty,remove_incomplete_rows
,,,,,,,<na>,,,,,,,,,7162,all important fields empty,remove_incomplete_rows
,,,,,,,<na>,,,,,,,,,7166,all important fields empty,remove_incomplete_rows
,,,,,,,<na>,,,,,,,,,7167,all important fields empty,remove_incomplete_rows
,,,,,,,<na>,,,,,,,,,7172,all important fields empty,remove_incomplete_rows
,,,,,,,<na>,,,,,,,,,7173,all important fields empty,remove_incomplete_rows
,,,,,,,<na>,,,,,,,,,7176,all important fields empty,remove_incomplete_rows
,,,,,,,<na>,,,,,,,,,7177,all important fields empty,remove_incomplete_rows
,,,,,,,<na>,,,,,,,,,7183,all important fields empty,remove_incomplete_rows
,,,,,,,<na>,,,,,,,,,7184,all important fields empty,remove_incomplete_rows
,,,,,,,<na>,,,,,,,,,7189,all important fields empty,remove_incomplete_rows
,,,,,,,<na>,,,,,,,,,7190,all important fields empty,remove_incomplete_rows
,,,,,,,<na>,,,,,,,,,7195,all important fields empty,remove_incomplete_rows
,,,,,,,<na>,,,,,,,,,7196,all important fields empty,remove_incomplete_rows
,,,,,,,<na>,,,,,,,,,7206,all important fields empty,remove_incomplete_rows
,,,,,,,<na>,,,,,,,,,7207,all important fields empty,remove_incomplete_rows
,,,,,,,<na>,,,,,,,,,7210,all important fields empty,remove_incomplete_rows
,,,,,,,<na>,,,,,,,,,7211,all important fields empty,remove_incomplete_rows
,,,,,,,<na>,,,,,,,,,7215,all important fields empty,remove_incomplete_rows
,,,,,,,<na>,,,,,,,,,7216,all important fields empty,remove_incomplete_rows
,,,,,,,<na>,,,,,,,,,7222,all important fields empty,remove_incomplete_rows
,,,,,,,<na>,,,,,,,,,7223,all important fields empty,remove_incomplete_rows
,,,,,,,<na>,,,,,,,,,7228,all important fields empty,remove_incomplete_rows
,,,,,,,<na>,,,,,,,,,7229,all important fields empty,remove_incomplete_rows
,,,,,,,<na>,,,,,,,,,7232,all important fields empty,remove_incomplete_rows
,,,,,,,<na>,,,,,,,,,7233,all important fields empty,remove_incomplete_rows
,,,,,,,<na>,,,,,,,,,7240,all important fields empty,remove_incomplete_rows
,,,,,,,<na>,,,,,,,,,7241,all important fields empty,remove_incomplete_rows
,,,,,,,<na>,,,,,,,,,7246,all important fields empty,remove_incomplete_rows
,,,,,,,<na>,,,,,,,,,7247,all important fields empty,remove_incomplete_rows
,,,,,,,<na>,,,,,,,,,7252,all important fields empty,remove_incomplete_rows
,,,,,,,<na>,,,,,,,,,7253,all important fields empty,remove_incomplete_rows
,,,,,,,<na>,,,,,,,,,7256,all important fields empty,remove_incomplete_rows
,,,,,,,<na>,,,,,,,,,7257,all important fields empty,remove_incomplete_rows
,,,,,,,<na>,,,,,,,,,7260,all important fields empty,remove_incomplete_rows
,,,,,,,<na>,,,,,,,,,7261,all important fields empty,remove_incomplete_rows
,,,,,,,<na>,,,,,,,,,7264,all important fields empty,remove_incomplete_rows
,,,,,,,<na>,,,,,,,,,7265,all important fields empty,remove_incomplete_rows
,,,,,,,<na>,,,,,,,,,7269,all important fields empty,remove_incomplete_rows
,,,,,,,<na>,,,,,,,,,7270,all important fields empty,remove_incomplete_rows
,,,,,,,<na>,,,,,,,,,7273,all important fields empty,remove_incomplete_rows
,,,,,,,<na>,,,,,,,,,7274,all important fields empty,remove_incomplete_rows
,,,,,,,<na>,,,,,,,,,7278,all important fields empty,remove_incomplete_rows
,,,,,,,<na>,,,,,,,,,7279,all important fields empty,remove_incomplete_rows
,,,,,,,<na>,,,,,,,,,7282,all important fields empty,remove_incomplete_rows
,,,,,,,<na>,,,,,,,,,7283,all important fields empty,remove_incomplete_rows
,,,,,,,<na>,,,,,,,,,7286,all important fields empty,remove_incomplete_rows
,,,,,,,<na>,,,,,,,,,7287,all important fields empty,remove_incomplete_rows
,,,,,,,<na>,,,,,,,,,7290,all important fields empty,remove_incomplete_rows
,,,,,,,<na>,,,,,,,,,7291,all important fields empty,remove_incomplete_rows
,,,,,,,<na>,,,,,,,,,7295,all important fields empty,remove_incomplete_rows
,,,,,,,<na>,,,,,,,,,7296,all important fields empty,remove_incomplete_rows
,,,,,,,<na>,,,,,,,,,7300,all important fields empty,remove_incomplete_rows
,,,,,,,<na>,,,,,,,,,7301,all important fields empty,remove_incomplete_rows
,,,,,,,<na>,,,,,,,,,7306,all important fields empty,remove_incomplete_rows
,,,,,,,<na>,,,,,,,,,7307,all important fields empty,remove_incomplete_rows
,,,,,,,<na>,,,,,,,,,7311,all important fields empty,remove_incomplete_rows
,,,,,,,<na>,,,,,,,,,7312,all important fields empty,remove_incomplete_rows
,,,,,,,<na>,,,,,,,,,7315,all important fields empty,remove_incomplete_rows
,,,,,,,<na>,,,,,,,,,7316,all important fields empty,remove_incomplete_rows
,,,,,,,<na>,,,,,,,,,7320,all important fields empty,remove_incomplete_rows
,,,,,,,<na>,,,,,,,,,7321,all important fields empty,remove_incomplete_rows
,,,,,,,<na>,,,,,,,,,7325,all important fields empty,remove_incomplete_rows
,,,,,,,<na>,,,,,,,,,7326,all important fields empty,remove_incomplete_rows
,,,,,,,<na>,,,,,,,,,7329,all important fields empty,remove_incomplete_rows
,,,,,,,<na>,,,,,,,,,7330,all important fields empty,remove_incomplete_rows
,,,,,,,<na>,,,,,,,,,7334,all important fields empty,remove_incomplete_rows
,,,,,,,<na>,,,,,,,,,7335,all important fields empty,remove_incomplete_rows
,,,,,,,<na>,,,,,,,,,7339,all important fields empty,remove_incomplete_rows
,,,,,,,<na>,,,,,,,,,7340,all important fields empty,remove_incomplete_rows
,,,,,,,<na>,,,,,,,,,7344,all important fields empty,remove_incomplete_rows
,,,,,,,<na>,,,,,,,,,7345,all important fields empty,remove_incomplete_rows
,,,,,,,<na>,,,,,,,,,7348,all important fields empty,remove_incomplete_rows
,,,,,,,<na>,,,,,,,,,7349,all important fields empty,remove_incomplete_rows
,,,,,,,<na>,,,,,,,,,7352,all important fields empty,remove_incomplete_rows
,,,,,,,<na>,,,,,,,,,7353,all important fields empty,remove_incomplete_rows
,,,,,,,<na>,,,,,,,,,7356,all important fields empty,remove_incomplete_rows
,,,,,,,<na>,,,,,,,,,7357,all important fields empty,remove_incomplete_rows
,,,,,,,<na>,,,,,,,,,7360,all important fields empty,remove_incomplete_rows
,,,,,,,<na>,,,,,,,,,7361,all important fields empty,remove_incomplete_rows
,,,,,,,<na>,,,,,,,,,7365,all important fields empty,remove_incomplete_rows
,,,,,,,<na>,,,,,,,,,7366,all important fields empty,remove_incomplete_rows
,,,,,,,<na>,,,,,,,,,7369,all important fields empty,remove_incomplete_rows
,,,,,,,<na>,,,,,,,,,7370,all important fields empty,remove_incomplete_rows
,,,,,,,<na>,,,,,,,,,7374,all important fields empty,remove_incomplete_rows
,,,,,,,<na>,,,,,,,,,7375,all important fields empty,remove_incomplete_rows
,,,,,,,<na>,,,,,,,,,7378,all important fields empty,remove_incomplete_rows
,,,,,,,<na>,,,,,,,,,7379,all important fields empty,remove_incomplete_rows
,,,,,,,<na>,,,,,,,,,7384,all important fields empty,remove_incomplete_rows
,,,,,,,<na>,,,,,,,,,7385,all important fields empty,remove_incomplete_rows
,,,,,,,<na>,,,,,,,,,7388,all important fields empty,remove_incomplete_rows
,,,,,,,<na>,,,,,,,,,7389,all important fields empty,remove_incomplete_rows
,,,,,,,<na>,,,,,,,,,7392,all important fields empty,remove_incomplete_rows
,,,,,,,<na>,,,,,,,,,7393,all important fields empty,remove_incomplete_rows
,,,,,,,<na>,,,,,,,,,7397,all important fields empty,remove_incomplete_rows
,,,,,,,<na>,,,,,,,,,7398,all important fields empty,remove_incomplete_rows
,,,,,,,<na>,,,,,,,,,7401,all important fields empty,remove_incomplete_rows
,,,,,,,<na>,,,,,,,,,7402,all important fields empty,remove_incomplete_rows
,,,,,,,<na>,,,,,,,,,7405,all important fields empty,remove_incomplete_rows
,,,,,,,<na>,,,,,,,,,7406,all important fields empty,remove_incomplete_rows
,,,,,,,<na>,,,,,,,,,7410,all important fields empty,remove_incomplete_rows
,,,,,,,<na>,,,,,,,,,7411,all important fields empty,remove_incomplete_rows
,,,,,,,<na>,,,,,,,,,7414,all important fields empty,remove_incomplete_rows
,,,,,,,<na>,,,,,,,,,7415,all important fields empty,remove_incomplete_rows
,,,,,,,<na>,,,,,,,,,7419,all important fields empty,remove_incomplete_rows
,,,,,,,<na>,,,,,,,,,7420,all important fields empty,remove_incomplete_rows
,,,,,,,<na>,,,,,,,,,7423,all important fields empty,remove_incomplete_rows
,,,,,,,<na>,,,,,,,,,7424,all important fields empty,remove_incomplete_rows
,,,,,,,<na>,,,,,,,,,7427,all important fields empty,remove_incomplete_rows
,,,,,,,<na>,,,,,,,,,7428,all important fields empty,remove_incomplete_rows
,,,,,,,<na>,,,,,,,,,7432,all important fields empty,remove_incomplete_rows
,,,,,,,<na>,,,,,,,,,7433,all important fields empty,remove_incomplete_rows
,,,,,,,<na>,,,,,,,,,7436,all important fields empty,remove_incomplete_rows
,,,,,,,<na>,,,,,,,,,7437,all important fields empty,remove_incomplete_rows
,,,,,,,<na>,,,,,,,,,7440,all important fields empty,remove_incomplete_rows
,,,,,,,<na>,,,,,,,,,7441,all important fields empty,remove_incomplete_rows
,,,,,,,<na>,,,,,,,,,7448,all important fields empty,remove_incomplete_rows
,,,,,,,<na>,,,,,,,,,7449,all important fields empty,remove_incomplete_rows
,,,,,,,<na>,,,,,,,,,7452,all important fields empty,remove_incomplete_rows
,,,,,,,<na>,,,,,,,,,7453,all important fields empty,remove_incomplete_rows
,,,,,,,<na>,,,,,,,,,7456,all important fields empty,remove_incomplete_rows
,,,,,,,<na>,,,,,,,,,7457,all important fields empty,remove_incomplete_rows
,,,,,,,<na>,,,,,,,,,7460,all important fields empty,remove_incomplete_rows
,,,,,,,<na>,,,,,,,,,7461,all important fields empty,remove_incomplete_rows
,,,,,,,<na>,,,,,,,,,7464,all important fields empty,remove_incomplete_rows
,,,,,,,<na>,,,,,,,,,7465,all important fields empty,remove_incomplete_rows
,,,,,,,<na>,,,,,,,,,7468,all important fields empty,remove_incomplete_rows
,,,,,,,<na>,,,,,,,,,7469,all important fields empty,remove_incomplete_rows
,,,,,,,<na>,,,,,,,,,7475,all important fields empty,remove_incomplete_rows
,,,,,,,<na>,,,,,,,,,7476,all important fields empty,remove_incomplete_rows
,,,,,,,<na>,,,,,,,,,7479,all important fields empty,remove_incomplete_rows
,,,,,,,<na>,,,,,,,,,7480,all important fields empty,remove_incomplete_rows
,,,,,,,<na>,,,,,,,,,7484,all important fields empty,remove_incomplete_rows
,,,,,,,<na>,,,,,,,,,7485,all important fields empty,remove_incomplete_rows
,,,,,,,<na>,,,,,,,,,7488,all important fields empty,remove_incomplete_rows
,,,,,,,<na>,,,,,,,,,7489,all important fields empty,remove_incomplete_rows
,,,,,,,<na>,,,,,,,,,7492,all important fields empty,remove_incomplete_rows
,,,,,,,<na>,,,,,,,,,7493,all important fields empty,remove_incomplete_rows
,,,,,,,<na>,,,,,,,,,7497,all important fields empty,remove_incomplete_rows
,,,,,,,<na>,,,,,,,,,7498,all important fields empty,remove_incomplete_rows
,,,,,,,<na>,,,,,,,,,7501,all important fields empty,remove_incomplete_rows
,,,,,,,<na>,,,,,,,,,7502,all important fields empty,remove_incomplete_rows
,,,,,,,<na>,,,,,,,,,7506,all important fields empty,remove_incomplete_rows
,,,,,,,<na>,,,,,,,,,7507,all important fields empty,remove_incomplete_rows
,,,,,,,<na>,,,,,,,,,7510,all important fields empty,remove_incomplete_rows
,,,,,,,<na>,,,,,,,,,7511,all important fields empty,remove_incomplete_rows
,,,,,,,<na>,,,,,,,,,7519,all important fields empty,remove_incomplete_rows
,,,,,,,<na>,,,,,,,,,7520,all important fields empty,remove_incomplete_rows
,,,,,,,<na>,,,,,,,,,7523,all important fields empty,remove_incomplete_rows
,,,,,,,<na>,,,,,,,,,7524,all important fields empty,remove_incomplete_rows
,,,,,,,<na>,,,,,,,,,7527,all important fields empty,remove_incomplete_rows
,,,,,,,<na>,,,,,,,,,7528,all important fields empty,remove_incomplete_rows
,,,,,,,<na>,,,,,,,,,7531,all important fields empty,remove_incomplete_rows
,,,,,,,<na>,,,,,,,,,7532,all important fields empty,remove_incomplete_rows
,,,,,,,<na>,,,,,,,,,7536,all important fields empty,remove_incomplete_rows
,,,,,,,<na>,,,,,,,,,7537,all important fields empty,remove_incomplete_rows
,,,,,,,<na>,,,,,,,,,7542,all important fields empty,remove_incomplete_rows
,,,,,,,<na>,,,,,,,,,7543,all important fields empty,remove_incomplete_rows
,,,,,,,<na>,,,,,,,,,7554,all important fields empty,remove_incomplete_rows
,,,,,,,<na>,,,,,,,,,7555,all important fields empty,remove_incomplete_rows
,,,,,,,<na>,,,,,,,,,7559,all important fields empty,remove_incomplete_rows
,,,,,,,<na>,,,,,,,,,7560,all important fields empty,remove_incomplete_rows
,,,,,,,<na>,,,,,,,,,7563,all important fields empty,remove_incomplete_rows
,,,,,,,<na>,,,,,,,,,7564,all important fields empty,remove_incomplete_rows
,,,,,,,<na>,,,,,,,,,7567,all important fields empty,remove_incomplete_rows
,,,,,,,<na>,,,,,,,,,7568,all important fields empty,remove_incomplete_rows
,,,,,,,<na>,,,,,,,,,7571,all important fields empty,remove_incomplete_rows
,,,,,,,<na>,,,,,,,,,7572,all important fields empty,remove_incomplete_rows
,,,,,,,<na>,,,,,,,,,7575,all important fields empty,remove_incomplete_rows
,,,,,,,<na>,,,,,,,,,7576,all important fields empty,remove_incomplete_rows
,,,,,,,<na>,,,,,,,,,7582,all important fields empty,remove_incomplete_rows
,,,,,,,<na>,,,,,,,,,7583,all important fields empty,remove_incomplete_rows
,,,,,,,<na>,,,,,,,,,7587,all important fields empty,remove_incomplete_rows
,,,,,,,<na>,,,,,,,,,7588,all important fields empty,remove_incomplete_rows
,,,,,,,<na>,,,,,,,,,7591,all important fields empty,remove_incomplete_rows
,,,,,,,<na>,,,,,,,,,7592,all important fields empty,remove_incomplete_rows
,,,,,,,<na>,,,,,,,,,7596,all important fields empty,remove_incomplete_rows
,,,,,,,<na>,,,,,,,,,7597,all important fields empty,remove_incomplete_rows
,,,,,,,<na>,,,,,,,,,7600,all important fields empty,remove_incomplete_rows
,,,,,,,<na>,,,,,,,,,7601,all important fields empty,remove_incomplete_rows
,,,,,,,<na>,,,,,,,,,7606,all important fields empty,remove_incomplete_rows
,,,,,,,<na>,,,,,,,,,7607,all important fields empty,remove_incomplete_rows
,,,,,,,<na>,,,,,,,,,7610,all important fields empty,remove_incomplete_rows
,,,,,,,<na>,,,,,,,,,7611,all important fields empty,remove_incomplete_rows
,,,,,,,<na>,,,,,,,,,7617,all important fields empty,remove_incomplete_rows
,,,,,,,<na>,,,,,,,,,7618,all important fields empty,remove_incomplete_rows
,,,,,,,<na>,,,,,,,,,7621,all important fields empty,remove_incomplete_rows
,,,,,,,<na>,,,,,,,,,7622,all important fields empty,remove_incomplete_rows
,,,,,,,<na>,,,,,,,,,7625,all important fields empty,remove_incomplete_rows
,,,,,,,<na>,,,,,,,,,7626,all important fields empty,remove_incomplete_rows
,,,,,,,<na>,,,,,,,,,7633,all important fields empty,remove_incomplete_rows
,,,,,,,<na>,,,,,,,,,7634,all important fields empty,remove_incomplete_rows
,,,,,,,<na>,,,,,,,,,7638,all important fields empty,remove_incomplete_rows
,,,,,,,<na>,,,,,,,,,7639,all important fields empty,remove_incomplete_rows
,,,,,,,<na>,,,,,,,,,7643,all important fields empty,remove_incomplete_rows
,,,,,,,<na>,,,,,,,,,7644,all important fields empty,remove_incomplete_rows
,,,,,,,<na>,,,,,,,,,7647,all important fields empty,remove_incomplete_rows
,,,,,,,<na>,,,,,,,,,7648,all important fields empty,remove_incomplete_rows
,,,,,,,<na>,,,,,,,,,7651,all important fields empty,remove_incomplete_rows
,,,,,,,<na>,,,,,,,,,7652,all important fields empty,remove_incomplete_rows
,,,,,,,<na>,,,,,,,,,7655,all important fields empty,remove_incomplete_rows
,,,,,,,<na>,,,,,,,,,7656,all important fields empty,remove_incomplete_rows
,,,,,,,<na>,,,,,,,,,7659,all important fields empty,remove_incomplete_rows
,,,,,,,<na>,,,,,,,,,7660,all important fields empty,remove_incomplete_rows
,,,,,,,<na>,,,,,,,,,7665,all important fields empty,remove_incomplete_rows
,,,,,,,<na>,,,,,,,,,7666,all important fields empty,remove_incomplete_rows
,,,,,,,<na>,,,,,,,,,7669,all important fields empty,remove_incomplete_rows
,,,,,,,<na>,,,,,,,,,7670,all important fields empty,remove_incomplete_rows
,,,,,,,<na>,,,,,,,,,7675,all important fields empty,remove_incomplete_rows
,,,,,,,<na>,,,,,,,,,7676,all important fields empty,remove_incomplete_rows
,,,,,,,<na>,,,,,,,,,7680,all important fields empty,remove_incomplete_rows
,,,,,,,<na>,,,,,,,,,7681,all important fields empty,remove_incomplete_rows
,,,,,,,<na>,,,,,,,,,7688,all important fields empty,remove_incomplete_rows
,,,,,,,<na>,,,,,,,,,7689,all important fields empty,remove_incomplete_rows
,,,,,,,<na>,,,,,,,,,7692,all important fields empty,remove_incomplete_rows
,,,,,,,<na>,,,,,,,,,7693,all important fields empty,remove_incomplete_rows
,,,,,,,<na>,,,,,,,,,7698,all important fields empty,remove_incomplete_rows
,,,,,,,<na>,,,,,,,,,7699,all important fields empty,remove_incomplete_rows
,,,,,,,<na>,,,,,,,,,7702,all important fields empty,remove_incomplete_rows
,,,,,,,<na>,,,,,,,,,7703,all important fields empty,remove_incomplete_rows
,,,,,,,<na>,,,,,,,,,7706,all important fields empty,remove_incomplete_rows
,,,,,,,<na>,,,,,,,,,7707,all important fields empty,remove_incomplete_rows
,,,,,,,<na>,,,,,,,,,7710,all important fields empty,remove_incomplete_rows
,,,,,,,<na>,,,,,,,,,7711,all important fields empty,remove_incomplete_rows
,,,,,,,<na>,,,,,,,,,7714,all important fields empty,remove_incomplete_rows
,,,,,,,<na>,,,,,,,,,7715,all important fields empty,remove_incomplete_rows
,,,,,,,<na>,,,,,,,,,7721,all important fields empty,remove_incomplete_rows
,,,,,,,<na>,,,,,,,,,7722,all important fields empty,remove_incomplete_rows
,,,,,,,<na>,,,,,,,,,7727,all important fields empty,remove_incomplete_rows
,,,,,,,<na>,,,,,,,,,7728,all important fields empty,remove_incomplete_rows
,,,,,,,<na>,,,,,,,,,7736,all important fields empty,remove_incomplete_rows
,,,,,,,<na>,,,,,,,,,7737,all important fields empty,remove_incomplete_rows
,,,,,,,<na>,,,,,,,,,7740,all important fields empty,remove_incomplete_rows
,,,,,,,<na>,,,,,,,,,7741,all important fields empty,remove_incomplete_rows
,,,,,,,<na>,,,,,,,,,7744,all important fields empty,remove_incomplete_rows
,,,,,,,<na>,,,,,,,,,7745,all important fields empty,remove_incomplete_rows
,,,,,,,<na>,,,,,,,,,7748,all important fields empty,remove_incomplete_rows
,,,,,,,<na>,,,,,,,,,7749,all important fields empty,remove_incomplete_rows
,,,,,,,<na>,,,,,,,,,7759,all important fields empty,remove_incomplete_rows
,,,,,,,<na>,,,,,,,,,7760,all important fields empty,remove_incomplete_rows
,,,,,,,<na>,,,,,,,,,7765,all important fields empty,remove_incomplete_rows
,,,,,,,<na>,,,,,,,,,7766,all important fields empty,remove_incomplete_rows
,,,,,,,<na>,,,,,,,,,7771,all important fields empty,remove_incomplete_rows
,,,,,,,<na>,,,,,,,,,7772,all important fields empty,remove_incomplete_rows
,,,,,,,<na>,,,,,,,,,7776,all important fields empty,remove_incomplete_rows
,,,,,,,<na>,,,,,,,,,7777,all important fields empty,remove_incomplete_rows
,,,,,,,<na>,,,,,,,,,7780,all important fields empty,remove_incomplete_rows
,,,,,,,<na>,,,,,,,,,7781,all important fields empty,remove_incomplete_rows
,,,,,,,<na>,,,,,,,,,7786,all important fields empty,remove_incomplete_rows
,,,,,,,<na>,,,,,,,,,7787,all important fields empty,remove_incomplete_rows
,,,,,,,<na>,,,,,,,,,7795,all important fields empty,remove_incomplete_rows
,,,,,,,<na>,,,,,,,,,7796,all important fields empty,remove_incomplete_rows
,,,,,,,<na>,,,,,,,,,7800,all important fields empty,remove_incomplete_rows
,,,,,,,<na>,,,,,,,,,7801,all important fields empty,remove_incomplete_rows
,,,,,,,<na>,,,,,,,,,7809,all important fields empty,remove_incomplete_rows
,,,,,,,<na>,,,,,,,,,7810,all important fields empty,remove_incomplete_rows
,,,,,,,<na>,,,,,,,,,7813,all important fields empty,remove_incomplete_rows
,,,,,,,<na>,,,,,,,,,7814,all important fields empty,remove_incomplete_rows
,,,,,,,<na>,,,,,,,,,7818,all important fields empty,remove_incomplete_rows
,,,,,,,<na>,,,,,,,,,7819,all important fields empty,remove_incomplete_rows
,,,,,,,<na>,,,,,,,,,7828,all important fields empty,remove_incomplete_rows
,,,,,,,<na>,,,,,,,,,7829,all important fields empty,remove_incomplete_rows
,,,,,,,<na>,,,,,,,,,7832,all important fields empty,remove_incomplete_rows
,,,,,,,<na>,,,,,,,,,7833,all important fields empty,remove_incomplete_rows
,,,,,,,<na>,,,,,,,,,7837,all important fields empty,remove_incomplete_rows
,,,,,,,<na>,,,,,,,,,7838,all important fields empty,remove_incomplete_rows
,,,,,,,<na>,,,,,,,,,7841,all important fields empty,remove_incomplete_rows
,,,,,,,<na>,,,,,,,,,7842,all important fields empty,remove_incomplete_rows
,,,,,,,<na>,,,,,,,,,7845,all important fields empty,remove_incomplete_rows
,,,,,,,<na>,,,,,,,,,7846,all important fields empty,remove_incomplete_rows
,,,,,,,<na>,,,,,,,,,7850,all important fields empty,remove_incomplete_rows
,,,,,,,<na>,,,,,,,,,7851,all important fields empty,remove_incomplete_rows
,,,,,,,<na>,,,,,,,,,7854,all important fields empty,remove_incomplete_rows
,,,,,,,<na>,,,,,,,,,7855,all important fields empty,remove_incomplete_rows
,,,,,,,<na>,,,,,,,,,7860,all important fields empty,remove_incomplete_rows
,,,,,,,<na>,,,,,,,,,7861,all important fields empty,remove_incomplete_rows
,,,,,,,<na>,,,,,,,,,7864,all important fields empty,remove_incomplete_rows
,,,,,,,<na>,,,,,,,,,7865,all important fields empty,remove_incomplete_rows
,,,,,,,<na>,,,,,,,,,7868,all important fields empty,remove_incomplete_rows
,,,,,,,<na>,,,,,,,,,7869,all important fields empty,remove_incomplete_rows
,,,,,,,<na>,,,,,,,,,7873,all important fields empty,remove_incomplete_rows
,,,,,,,<na>,,,,,,,,,7874,all important fields empty,remove_incomplete_rows
,,,,,,,<na>,,,,,,,,,7879,all important fields empty,remove_incomplete_rows
,,,,,,,<na>,,,,,,,,,7880,all important fields empty,remove_incomplete_rows
,,,,,,,<na>,,,,,,,,,7883,all important fields empty,remove_incomplete_rows
,,,,,,,<na>,,,,,,,,,7884,all important fields empty,remove_incomplete_rows
,,,,,,,<na>,,,,,,,,,7887,all important fields empty,remove_incomplete_rows
,,,,,,,<na>,,,,,,,,,7888,all important fields empty,remove_incomplete_rows
,,,,,,,<na>,,,,,,,,,7891,all important fields empty,remove_incomplete_rows
,,,,,,,<na>,,,,,,,,,7892,all important fields empty,remove_incomplete_rows
,,,,,,,<na>,,,,,,,,,7895,all important fields empty,remove_incomplete_rows
,,,,,,,<na>,,,,,,,,,7896,all important fields empty,remove_incomplete_rows
,,,,,,,<na>,,,,,,,,,7899,all important fields empty,remove_incomplete_rows
,,,,,,,<na>,,,,,,,,,7900,all important fields empty,remove_incomplete_rows
,,,,,,,<na>,,,,,,,,,7903,all important fields empty,remove_incomplete_rows
,,,,,,,<na>,,,,,,,,,7904,all important fields empty,remove_incomplete_rows
,,,,,,,<na>,,,,,,,,,7907,all important fields empty,remove_incomplete_rows
,,,,,,,<na>,,,,,,,,,7908,all important fields empty,remove_incomplete_rows
,,,,,,,<na>,,,,,,,,,7915,all important fields empty,remove_incomplete_rows
,,,,,,,<na>,,,,,,,,,7916,all important fields empty,remove_incomplete_rows
,,,,,,,<na>,,,,,,,,,7919,all important fields empty,remove_incomplete_rows
,,,,,,,<na>,,,,,,,,,7920,all important fields empty,remove_incomplete_rows
,,,,,,,<na>,,,,,,,,,7925,all important fields empty,remove_incomplete_rows
,,,,,,,<na>,,,,,,,,,7926,all important fields empty,remove_incomplete_rows
,,,,,,,<na>,,,,,,,,,7929,all important fields empty,remove_incomplete_rows
,,,,,,,<na>,,,,,,,,,7930,all important fields empty,remove_incomplete_rows
,,,,,,,<na>,,,,,,,,,7934,all important fields empty,remove_incomplete_rows
,,,,,,,<na>,,,,,,,,,7935,all important fields empty,remove_incomplete_rows
,,,,,,,<na>,,,,,,,,,7939,all important fields empty,remove_incomplete_rows
,,,,,,,<na>,,,,,,,,,7940,all important fields empty,remove_incomplete_rows
,,,,,,,<na>,,,,,,,,,7944,all important fields empty,remove_incomplete_rows
,,,,,,,<na>,,,,,,,,,7945,all important fields empty,remove_incomplete_rows
,,,,,,,<na>,,,,,,,,,7949,all important fields empty,remove_incomplete_rows
,,,,,,,<na>,,,,,,,,,7950,all important fields empty,remove_incomplete_rows
,,,,,,,<na>,,,,,,,,,7953,all important fields empty,remove_incomplete_rows
,,,,,,,<na>,,,,,,,,,7954,all important fields empty,remove_incomplete_rows
,,,,,,,<na>,,,,,,,,,7957,all important fields empty,remove_incomplete_rows
,,,,,,,<na>,,,,,,,,,7958,all important fields empty,remove_incomplete_rows
,,,,,,,<na>,,,,,,,,,7962,all important fields empty,remove_incomplete_rows
,,,,,,,<na>,,,,,,,,,7963,all important fields empty,remove_incomplete_rows
,,,,,,,<na>,,,,,,,,,7966,all important fields empty,remove_incomplete_rows
,,,,,,,<na>,,,,,,,,,7967,all important fields empty,remove_incomplete_rows
,,,,,,,<na>,,,,,,,,,7970,all important fields empty,remove_incomplete_rows
,,,,,,,<na>,,,,,,,,,7971,all important fields empty,remove_incomplete_rows
,,,,,,,<na>,,,,,,,,,7978,all important fields empty,remove_incomplete_rows
,,,,,,,<na>,,,,,,,,,7979,all important fields empty,remove_incomplete_rows
,,,,,,,<na>,,,,,,,,,7982,all important fields empty,remove_incomplete_rows
,,,,,,,<na>,,,,,,,,,7983,all important fields empty,remove_incomplete_rows
,,,,,,,<na>,,,,,,,,,7986,all important fields empty,remove_incomplete_rows
,,,,,,,<na>,,,,,,,,,7987,all important fields empty,remove_incomplete_rows
,,,,,,,<na>,,,,,,,,,7990,all important fields empty,remove_incomplete_rows
,,,,,,,<na>,,,,,,,,,7991,all important fields empty,remove_incomplete_rows
,,,,,,,<na>,,,,,,,,,7994,all important fields empty,remove_incomplete_rows
,,,,,,,<na>,,,,,,,,,7995,all important fields empty,remove_incomplete_rows
,,,,,,,<na>,,,,,,,,,8000,all important fields empty,remove_incomplete_rows
,,,,,,,<na>,,,,,,,,,8001,all important fields empty,remove_incomplete_rows
,,,,,,,<na>,,,,,,,,,8004,all important fields empty,remove_incomplete_rows
,,,,,,,<na>,,,,,,,,,8005,all important fields empty,remove_incomplete_rows
,,,,,,,<na>,,,,,,,,,8008,all important fields empty,remove_incomplete_rows
,,,,,,,<na>,,,,,,,,,8009,all important fields empty,remove_incomplete_rows
,,,,,,,<na>,,,,,,,,,8018,all important fields empty,remove_incomplete_rows
,,,,,,,<na>,,,,,,,,,8019,all important fields empty,remove_incomplete_rows
,,,,,,,<na>,,,,,,,,,8022,all important fields empty,remove_incomplete_rows
,,,,,,,<na>,,,,,,,,,8023,all important fields empty,remove_incomplete_rows
,,,,,,,<na>,,,,,,,,,8026,all important fields empty,remove_incomplete_rows
,,,,,,,<na>,,,,,,,,,8027,all important fields empty,remove_incomplete_rows
,,,,,,,<na>,,,,,,,,,8030,all important fields empty,remove_incomplete_rows
,,,,,,,<na>,,,,,,,,,8031,all important fields empty,remove_incomplete_rows
,,,,,,,<na>,,,,,,,,,8034,all important fields empty,remove_incomplete_rows
,,,,,,,<na>,,,,,,,,,8035,all important fields empty,remove_incomplete_rows
,,,,,,,<na>,,,,,,,,,8039,all important fields empty,remove_incomplete_rows
,,,,,,,<na>,,,,,,,,,8040,all important fields empty,remove_incomplete_rows
,,,,,,,<na>,,,,,,,,,8043,all important fields empty,remove_incomplete_rows
,,,,,,,<na>,,,,,,,,,8044,all important fields empty,remove_incomplete_rows
,,,,,,,<na>,,,,,,,,,8048,all important fields empty,remove_incomplete_rows
,,,,,,,<na>,,,,,,,,,8049,all important fields empty,remove_incomplete_rows
,,,,,,,<na>,,,,,,,,,8052,all important fields empty,remove_incomplete_rows
,,,,,,,<na>,,,,,,,,,8053,all important fields empty,remove_incomplete_rows
,,,,,,,<na>,,,,,,,,,8056,all important fields empty,remove_incomplete_rows
,,,,,,,<na>,,,,,,,,,8057,all important fields empty,remove_incomplete_rows
,,,,,,,<na>,,,,,,,,,8060,all important fields empty,remove_incomplete_rows
,,,,,,,<na>,,,,,,,,,8061,all important fields empty,remove_incomplete_rows
,,,,,,,<na>,,,,,,,,,8065,all important fields empty,remove_incomplete_rows
,,,,,,,<na>,,,,,,,,,8066,all important fields empty,remove_incomplete_rows
,,,,,,,<na>,,,,,,,,,8069,all important fields empty,remove_incomplete_rows
,,,,,,,<na>,,,,,,,,,8070,all important fields empty,remove_incomplete_rows
,,,,,,,<na>,,,,,,,,,8075,all important fields empty,remove_incomplete_rows
,,,,,,,<na>,,,,,,,,,8076,all important fields empty,remove_incomplete_rows
,,,,,,,<na>,,,,,,,,,8080,all important fields empty,remove_incomplete_rows
,,,,,,,<na>,,,,,,,,,8081,all important fields empty,remove_incomplete_rows
,,,,,,,<na>,,,,,,,,,8085,all important fields empty,remove_incomplete_rows
,,,,,,,<na>,,,,,,,,,8086,all important fields empty,remove_incomplete_rows
,,,,,,,<na>,,,,,,,,,8089,all important fields empty,remove_incomplete_rows
,,,,,,,<na>,,,,,,,,,8090,all important fields empty,remove_incomplete_rows
,,,,,,,<na>,,,,,,,,,8093,all important fields empty,remove_incomplete_rows
,,,,,,,<na>,,,,,,,,,8094,all important fields empty,remove_incomplete_rows
,,,,,,,<na>,,,,,,,,,8097,all important fields empty,remove_incomplete_rows
,,,,,,,<na>,,,,,,,,,8098,all important fields empty,remove_incomplete_rows
,,,,,,,<na>,,,,,,,,,8101,all important fields empty,remove_incomplete_rows
,,,,,,,<na>,,,,,,,,,8102,all important fields empty,remove_incomplete_rows
,,,,,,,<na>,,,,,,,,,8108,all important fields empty,remove_incomplete_rows
,,,,,,,<na>,,,,,,,,,8109,all important fields empty,remove_incomplete_rows
,,,,,,,<na>,,,,,,,,,8115,all important fields empty,remove_incomplete_rows
,,,,,,,<na>,,,,,,,,,8116,all important fields empty,remove_incomplete_rows
,,,,,,,<na>,,,,,,,,,8119,all important fields empty,remove_incomplete_rows
,,,,,,,<na>,,,,,,,,,8120,all important fields empty,remove_incomplete_rows
,,,,,,,<na>,,,,,,,,,8123,all important fields empty,remove_incomplete_rows
,,,,,,,<na>,,,,,,,,,8124,all important fields empty,remove_incomplete_rows
,,,,,,,<na>,,,,,,,,,8127,all important fields empty,remove_incomplete_rows
,,,,,,,<na>,,,,,,,,,8128,all important fields empty,remove_incomplete_rows
,,,,,,,<na>,,,,,,,,,8131,all important fields empty,remove_incomplete_rows
,,,,,,,<na>,,,,,,,,,8132,all important fields empty,remove_incomplete_rows
,,,,,,,<na>,,,,,,,,,8138,all important fields empty,remove_incomplete_rows
,,,,,,,<na>,,,,,,,,,8139,all important fields empty,remove_incomplete_rows
,,,,,,,<na>,,,,,,,,,8142,all important fields empty,remove_incomplete_rows
,,,,,,,<na>,,,,,,,,,8143,all important fields empty,remove_incomplete_rows
,,,,,,,<na>,,,,,,,,,8146,all important fields empty,remove_incomplete_rows
,,,,,,,<na>,,,,,,,,,8147,all important fields empty,remove_incomplete_rows
,,,,,,,<na>,,,,,,,,,8150,all important fields empty,remove_incomplete_rows
,,,,,,,<na>,,,,,,,,,8151,all important fields empty,remove_incomplete_rows
,,,,,,,<na>,,,,,,,,,8157,all important fields empty,remove_incomplete_rows
,,,,,,,<na>,,,,,,,,,8158,all important fields empty,remove_incomplete_rows
,,,,,,,<na>,,,,,,,,,8161,all important fields empty,remove_incomplete_rows
,,,,,,,<na>,,,,,,,,,8162,all important fields empty,remove_incomplete_rows
,,,,,,,<na>,,,,,,,,,8165,all important fields empty,remove_incomplete_rows
,,,,,,,<na>,,,,,,,,,8166,all important fields empty,remove_incomplete_rows
,,,,,,,<na>,,,,,,,,,8169,all important fields empty,remove_incomplete_rows
,,,,,,,<na>,,,,,,,,,8170,all important fields empty,remove_incomplete_rows
,,,,,,,<na>,,,,,,,,,8173,all important fields empty,remove_incomplete_rows
,,,,,,,<na>,,,,,,,,,8174,all important fields empty,remove_incomplete_rows
,,,,,,,<na>,,,,,,,,,8177,all important fields empty,remove_incomplete_rows
,,,,,,,<na>,,,,,,,,,8178,all important fields empty,remove_incomplete_rows
,,,,,,,<na>,,,,,,,,,8181,all important fields empty,remove_incomplete_rows
,,,,,,,<na>,,,,,,,,,8182,all important fields empty,remove_incomplete_rows
,,,,,,,<na>,,,,,,,,,8185,all important fields empty,remove_incomplete_rows
,,,,,,,<na>,,,,,,,,,8186,all important fields empty,remove_incomplete_rows
,,,,,,,<na>,,,,,,,,,8189,all important fields empty,remove_incomplete_rows
,,,,,,,<na>,,,,,,,,,8190,all important fields empty,remove_incomplete_rows
,,,,,,,<na>,,,,,,,,,8194,all important fields empty,remove_incomplete_rows
,,,,,,,<na>,,,,,,,,,8195,all important fields empty,remove_incomplete_rows
,,,,,,,<na>,,,,,,,,,8199,all important fields empty,remove_incomplete_rows
,,,,,,,<na>,,,,,,,,,8200,all important fields empty,remove_incomplete_rows
,,,,,,,<na>,,,,,,,,,8204,all important fields empty,remove_incomplete_rows
,,,,,,,<na>,,,,,,,,,8205,all important fields empty,remove_incomplete_rows
,,,,,,,<na>,,,,,,,,,8208,all important fields empty,remove_incomplete_rows
,,,,,,,<na>,,,,,,,,,8209,all important fields empty,remove_incomplete_rows
,,,,,,,<na>,,,,,,,,,8220,all important fields empty,remove_incomplete_rows
,,,,,,,<na>,,,,,,,,,8221,all important fields empty,remove_incomplete_rows
,,,,,,,<na>,,,,,,,,,8226,all important fields empty,remove_incomplete_rows
,,,,,,,<na>,,,,,,,,,8227,all important fields empty,remove_incomplete_rows
,,,,,,,<na>,,,,,,,,,8235,all important fields empty,remove_incomplete_rows
,,,,,,,<na>,,,,,,,,,8236,all important fields empty,remove_incomplete_rows
,,,,,,,<na>,,,,,,,,,8239,all important fields empty,remove_incomplete_rows
,,,,,,,<na>,,,,,,,,,8240,all important fields empty,remove_incomplete_rows
,,,,,,,<na>,,,,,,,,,8243,all important fields empty,remove_incomplete_rows
,,,,,,,<na>,,,,,,,,,8244,all important fields empty,remove_incomplete_rows
,,,,,,,<na>,,,,,,,,,8247,all important fields empty,remove_incomplete_rows
,,,,,,,<na>,,,,,,,,,8248,all important fields empty,remove_incomplete_rows
,,,,,,,<na>,,,,,,,,,8252,all important fields empty,remove_incomplete_rows
,,,,,,,<na>,,,,,,,,,8253,all important fields empty,remove_incomplete_rows
,,,,,,,<na>,,,,,,,,,8256,all important fields empty,remove_incomplete_rows
,,,,,,,<na>,,,,,,,,,8257,all important fields empty,remove_incomplete_rows
,,,,,,,<na>,,,,,,,,,8260,all important fields empty,remove_incomplete_rows
,,,,,,,<na>,,,,,,,,,8261,all important fields empty,remove_incomplete_rows
,,,,,,,<na>,,,,,,,,,8268,all important fields empty,remove_incomplete_rows
,,,,,,,<na>,,,,,,,,,8269,all important fields empty,remove_incomplete_rows
,,,,,,,<na>,,,,,,,,,8272,all important fields empty,remove_incomplete_rows
,,,,,,,<na>,,,,,,,,,8273,all important fields empty,remove_incomplete_rows
,,,,,,,<na>,,,,,,,,,8276,all important fields empty,remove_incomplete_rows
,,,,,,,<na>,,,,,,,,,8277,all important fields empty,remove_incomplete_rows
,,,,,,,<na>,,,,,,,,,8282,all important fields empty,remove_incomplete_rows
,,,,,,,<na>,,,,,,,,,8283,all important fields empty,remove_incomplete_rows
,,,,,,,<na>,,,,,,,,,8287,all important fields empty,remove_incomplete_rows
,,,,,,,<na>,,,,,,,,,8288,all important fields empty,remove_incomplete_rows
,,,,,,,<na>,,,,,,,,,8291,all important fields empty,remove_incomplete_rows
,,,,,,,<na>,,,,,,,,,8292,all important fields empty,remove_incomplete_rows
,,,,,,,<na>,,,,,,,,,8295,all important fields empty,remove_incomplete_rows
,,,,,,,<na>,,,,,,,,,8296,all important fields empty,remove_incomplete_rows
,,,,,,,<na>,,,,,,,,,8299,all important fields empty,remove_incomplete_rows
,,,,,,,<na>,,,,,,,,,8300,all important fields empty,remove_incomplete_rows
,,,,,,,<na>,,,,,,,,,8303,all important fields empty,remove_incomplete_rows
,,,,,,,<na>,,,,,,,,,8304,all important fields empty,remove_incomplete_rows
,,,,,,,<na>,,,,,,,,,8307,all important fields empty,remove_incomplete_rows
,,,,,,,<na>,,,,,,,,,8308,all important fields empty,remove_incomplete_rows
,,,,,,,<na>,,,,,,,,,8311,all important fields empty,remove_incomplete_rows
,,,,,,,<na>,,,,,,,,,8312,all important fields empty,remove_incomplete_rows
,,,,,,,<na>,,,,,,,,,8315,all important fields empty,remove_incomplete_rows
,,,,,,,<na>,,,,,,,,,8316,all important fields empty,remove_incomplete_rows
,,,,,,,<na>,,,,,,,,,8319,all important fields empty,remove_incomplete_rows
,,,,,,,<na>,,,,,,,,,8320,all important fields empty,remove_incomplete_rows
,,,,,,,<na>,,,,,,,,,8324,all important fields empty,remove_incomplete_rows
,,,,,,,<na>,,,,,,,,,8325,all important fields empty,remove_incomplete_rows
,,,,,,,<na>,,,,,,,,,8329,all important fields empty,remove_incomplete_rows
,,,,,,,<na>,,,,,,,,,8330,all important fields empty,remove_incomplete_rows
,,,,,,,<na>,,,,,,,,,8334,all important fields empty,remove_incomplete_rows
,,,,,,,<na>,,,,,,,,,8335,all important fields empty,remove_incomplete_rows
,,,,,,,<na>,,,,,,,,,8339,all important fields empty,remove_incomplete_rows
,,,,,,,<na>,,,,,,,,,8340,all important fields empty,remove_incomplete_rows
,,,,,,,<na>,,,,,,,,,8343,all important fields empty,remove_incomplete_rows
,,,,,,,<na>,,,,,,,,,8344,all important fields empty,remove_incomplete_rows
,,,,,,,<na>,,,,,,,,,8349,all important fields empty,remove_incomplete_rows
,,,,,,,<na>,,,,,,,,,8350,all important fields empty,remove_incomplete_rows
,,,,,,,<na>,,,,,,,,,8353,all important fields empty,remove_incomplete_rows
,,,,,,,<na>,,,,,,,,,8354,all important fields empty,remove_incomplete_rows
,,,,,,,<na>,,,,,,,,,8357,all important fields empty,remove_incomplete_rows
,,,,,,,<na>,,,,,,,,,8358,all important fields empty,remove_incomplete_rows
,,,,,,,<na>,,,,,,,,,8361,all important fields empty,remove_incomplete_rows
,,,,,,,<na>,,,,,,,,,8362,all important fields empty,remove_incomplete_rows
,,,,,,,<na>,,,,,,,,,8365,all important fields empty,remove_incomplete_rows
,,,,,,,<na>,,,,,,,,,8366,all important fields empty,remove_incomplete_rows
,,,,,,,<na>,,,,,,,,,8369,all important fields empty,remove_incomplete_rows
,,,,,,,<na>,,,,,,,,,8370,all important fields empty,remove_incomplete_rows
,,,,,,,<na>,,,,,,,,,8375,all important fields empty,remove_incomplete_rows
,,,,,,,<na>,,,,,,,,,8376,all important fields empty,remove_incomplete_rows
,,,,,,,<na>,,,,,,,,,8381,all important fields empty,remove_incomplete_rows
,,,,,,,<na>,,,,,,,,,8382,all important fields empty,remove_incomplete_rows
,,,,,,,<na>,,,,,,,,,8386,all important fields empty,remove_incomplete_rows
,,,,,,,<na>,,,,,,,,,8387,all important fields empty,remove_incomplete_rows
,,,,,,,<na>,,,,,,,,,8390,all important fields empty,remove_incomplete_rows
,,,,,,,<na>,,,,,,,,,8391,all important fields empty,remove_incomplete_rows
,,,,,,,<na>,,,,,,,,,8395,all important fields empty,remove_incomplete_rows
,,,,,,,<na>,,,,,,,,,8396,all important fields empty,remove_incomplete_rows
,,,,,,,<na>,,,,,,,,,8402,all important fields empty,remove_incomplete_rows
,,,,,,,<na>,,,,,,,,,8403,all important fields empty,remove_incomplete_rows
,,,,,,,<na>,,,,,,,,,8406,all important fields empty,remove_incomplete_rows
,,,,,,,<na>,,,,,,,,,8407,all important fields empty,remove_incomplete_rows
,,,,,,,<na>,,,,,,,,,8410,all important fields empty,remove_incomplete_rows
,,,,,,,<na>,,,,,,,,,8411,all important fields empty,remove_incomplete_rows
,,,,,,,<na>,,,,,,,,,8414,all important fields empty,remove_incomplete_rows
,,,,,,,<na>,,,,,,,,,8415,all important fields empty,remove_incomplete_rows
,,,,,,,<na>,,,,,,,,,8418,all important fields empty,remove_incomplete_rows
,,,,,,,<na>,,,,,,,,,8419,all important fields empty,remove_incomplete_rows
,,,,,,,<na>,,,,,,,,,8422,all important fields empty,remove_incomplete_rows
,,,,,,,<na>,,,,,,,,,8423,all important fields empty,remove_incomplete_rows
,,,,,,,<na>,,,,,,,,,8426,all important fields empty,remove_incomplete_rows
,,,,,,,<na>,,,,,,,,,8427,all important fields empty,remove_incomplete_rows
,,,,,,,<na>,,,,,,,,,8430,all important fields empty,remove_incomplete_rows
,,,,,,,<na>,,,,,,,,,8431,all important fields empty,remove_incomplete_rows
,,,,,,,<na>,,,,,,,,,8434,all important fields empty,remove_incomplete_rows
,,,,,,,<na>,,,,,,,,,8435,all important fields empty,remove_incomplete_rows
,,,,,,,<na>,,,,,,,,,8438,all important fields empty,remove_incomplete_rows
,,,,,,,<na>,,,,,,,,,8439,all important fields empty,remove_incomplete_rows
,,,,,,,<na>,,,,,,,,,8443,all important fields empty,remove_incomplete_rows
,,,,,,,<na>,,,,,,,,,8444,all important fields empty,remove_incomplete_rows
,,,,,,,<na>,,,,,,,,,8447,all important fields empty,remove_incomplete_rows
,,,,,,,<na>,,,,,,,,,8448,all important fields empty,remove_incomplete_rows
,,,,,,,<na>,,,,,,,,,8451,all important fields empty,remove_incomplete_rows
,,,,,,,<na>,,,,,,,,,8452,all important fields empty,remove_incomplete_rows
,,,,,,,<na>,,,,,,,,,8456,all important fields empty,remove_incomplete_rows
,,,,,,,<na>,,,,,,,,,8457,all important fields empty,remove_incomplete_rows
,,,,,,,<na>,,,,,,,,,8461,all important fields empty,remove_incomplete_rows
,,,,,,,<na>,,,,,,,,,8462,all important fields empty,remove_incomplete_rows
,,,,,,,<na>,,,,,,,,,8466,all important fields empty,remove_incomplete_rows
,,,,,,,<na>,,,,,,,,,8467,all important fields empty,remove_incomplete_rows
,,,,,,,<na>,,,,,,,,,8473,all important fields empty,remove_incomplete_rows
,,,,,,,<na>,,,,,,,,,8474,all important fields empty,remove_incomplete_rows
,,,,,,,<na>,,,,,,,,,8479,all important fields empty,remove_incomplete_rows
,,,,,,,<na>,,,,,,,,,8480,all important fields empty,remove_incomplete_rows
,,,,,,,<na>,,,,,,,,,8483,all important fields empty,remove_incomplete_rows
,,,,,,,<na>,,,,,,,,,8484,all important fields empty,remove_incomplete_rows
,,,,,,,<na>,,,,,,,,,8487,all important fields empty,remove_incomplete_rows
,,,,,,,<na>,,,,,,,,,8488,all important fields empty,remove_incomplete_rows
,,,,,,,<na>,,,,,,,,,8492,all important fields empty,remove_incomplete_rows
,,,,,,,<na>,,,,,,,,,8493,all important fields empty,remove_incomplete_rows
,,,,,,,<na>,,,,,,,,,8496,all important fields empty,remove_incomplete_rows
,,,,,,,<na>,,,,,,,,,8497,all important fields empty,remove_incomplete_rows
,,,,,,,<na>,,,,,,,,,8501,all important fields empty,remove_incomplete_rows
,,,,,,,<na>,,,,,,,,,8502,all important fields empty,remove_incomplete_rows
,,,,,,,<na>,,,,,,,,,8506,all important fields empty,remove_incomplete_rows
,,,,,,,<na>,,,,,,,,,8507,all important fields empty,remove_incomplete_rows
,,,,,,,<na>,,,,,,,,,8510,all important fields empty,remove_incomplete_rows
,,,,,,,<na>,,,,,,,,,8511,all important fields empty,remove_incomplete_rows
,,,,,,,<na>,,,,,,,,,8514,all important fields empty,remove_incomplete_rows
,,,,,,,<na>,,,,,,,,,8515,all important fields empty,remove_incomplete_rows
,,,,,,,<na>,,,,,,,,,8520,all important fields empty,remove_incomplete_rows
,,,,,,,<na>,,,,,,,,,8521,all important fields empty,remove_incomplete_rows
,,,,,,,<na>,,,,,,,,,8526,all important fields empty,remove_incomplete_rows
,,,,,,,<na>,,,,,,,,,8527,all important fields empty,remove_incomplete_rows
,,,,,,,<na>,,,,,,,,,8534,all important fields empty,remove_incomplete_rows
,,,,,,,<na>,,,,,,,,,8535,all important fields empty,remove_incomplete_rows
,,,,,,,<na>,,,,,,,,,8538,all important fields empty,remove_incomplete_rows
,,,,,,,<na>,,,,,,,,,8539,all important fields empty,remove_incomplete_rows
,,,,,,,<na>,,,,,,,,,8543,all important fields empty,remove_incomplete_rows
,,,,,,,<na>,,,,,,,,,8544,all important fields empty,remove_incomplete_rows
,,,,,,,<na>,,,,,,,,,8557,all important fields empty,remove_incomplete_rows
,,,,,,,<na>,,,,,,,,,8558,all important fields empty,remove_incomplete_rows
,,,,,,,<na>,,,,,,,,,8561,all important fields empty,remove_incomplete_rows
,,,,,,,<na>,,,,,,,,,8562,all important fields empty,remove_incomplete_rows
,,,,,,,<na>,,,,,,,,,8566,all important fields empty,remove_incomplete_rows
,,,,,,,<na>,,,,,,,,,8567,all important fields empty,remove_incomplete_rows
,,,,,,,<na>,,,,,,,,,8570,all important fields empty,remove_incomplete_rows
,,,,,,,<na>,,,,,,,,,8571,all important fields empty,remove_incomplete_rows
,,,,,,,<na>,,,,,,,,,8575,all important fields empty,remove_incomplete_rows
,,,,,,,<na>,,,,,,,,,8576,all important fields empty,remove_incomplete_rows
,,,,,,,<na>,,,,,,,,,8580,all important fields empty,remove_incomplete_rows
,,,,,,,<na>,,,,,,,,,8581,all important fields empty,remove_incomplete_rows
,,,,,,,<na>,,,,,,,,,8584,all important fields empty,remove_incomplete_rows
,,,,,,,<na>,,,,,,,,,8585,all important fields empty,remove_incomplete_rows
,,,,,,,<na>,,,,,,,,,8588,all important fields empty,remove_incomplete_rows
,,,,,,,<na>,,,,,,,,,8589,all important fields empty,remove_incomplete_rows
,,,,,,,<na>,,,,,,,,,8592,all important fields empty,remove_incomplete_rows
,,,,,,,<na>,,,,,,,,,8593,all important fields empty,remove_incomplete_rows
,,,,,,,<na>,,,,,,,,,8599,all important fields empty,remove_incomplete_rows
,,,,,,,<na>,,,,,,,,,8600,all important fields empty,remove_incomplete_rows
,,,,,,,<na>,,,,,,,,,8604,all important fields empty,remove_incomplete_rows
,,,,,,,<na>,,,,,,,,,8605,all important fields empty,remove_incomplete_rows
,,,,,,,<na>,,,,,,,,,8610,all important fields empty,remove_incomplete_rows
,,,,,,,<na>,,,,,,,,,8611,all important fields empty,remove_incomplete_rows
,,,,,,,<na>,,,,,,,,,8614,all important fields empty,remove_incomplete_rows
,,,,,,,<na>,,,,,,,,,8615,all important fields empty,remove_incomplete_rows
,,,,,,,<na>,,,,,,,,,8618,all important fields empty,remove_incomplete_rows
,,,,,,,<na>,,,,,,,,,8619,all important fields empty,remove_incomplete_rows
,,,,,,,<na>,,,,,,,,,8622,all important fields empty,remove_incomplete_rows
,,,,,,,<na>,,,,,,,,,8623,all important fields empty,remove_incomplete_rows
,,,,,,,<na>,,,,,,,,,8626,all important fields empty,remove_incomplete_rows
,,,,,,,<na>,,,,,,,,,8627,all important fields empty,remove_incomplete_rows
,,,,,,,<na>,,,,,,,,,8630,all important fields empty,remove_incomplete_rows
,,,,,,,<na>,,,,,,,,,8631,all important fields empty,remove_incomplete_rows
,,,,,,,<na>,,,,,,,,,8634,all important fields empty,remove_incomplete_rows
,,,,,,,<na>,,,,,,,,,8635,all important fields empty,remove_incomplete_rows
,,,,,,,<na>,,,,,,,,,8638,all important fields empty,remove_incomplete_rows
,,,,,,,<na>,,,,,,,,,8639,all important fields empty,remove_incomplete_rows
,,,,,,,<na>,,,,,,,,,8642,all important fields empty,remove_incomplete_rows
,,,,,,,<na>,,,,,,,,,8643,all important fields empty,remove_incomplete_rows
,,,,,,,<na>,,,,,,,,,8646,all important fields empty,remove_incomplete_rows
,,,,,,,<na>,,,,,,,,,8647,all important fields empty,remove_incomplete_rows
,,,,,,,<na>,,,,,,,,,8652,all important fields empty,remove_incomplete_rows
,,,,,,,<na>,,,,,,,,,8653,all important fields empty,remove_incomplete_rows
,,,,,,,<na>,,,,,,,,,8656,all important fields empty,remove_incomplete_rows
,,,,,,,<na>,,,,,,,,,8657,all important fields empty,remove_incomplete_rows
,,,,,,,<na>,,,,,,,,,8660,all important fields empty,remove_incomplete_rows
,,,,,,,<na>,,,,,,,,,8661,all important fields empty,remove_incomplete_rows
,,,,,,,<na>,,,,,,,,,8665,all important fields empty,remove_incomplete_rows
,,,,,,,<na>,,,,,,,,,8666,all important fields empty,remove_incomplete_rows
,,,,,,,<na>,,,,,,,,,8669,all important fields empty,remove_incomplete_rows
,,,,,,,<na>,,,,,,,,,8670,all important fields empty,remove_incomplete_rows
,,,,,,,<na>,,,,,,,,,8673,all important fields empty,remove_incomplete_rows
,,,,,,,<na>,,,,,,,,,8674,all important fields empty,remove_incomplete_rows
,,,,,,,<na>,,,,,,,,,8677,all important fields empty,remove_incomplete_rows
,,,,,,,<na>,,,,,,,,,8678,all important fields empty,remove_incomplete_rows
,,,,,,,<na>,,,,,,,,,8681,all important fields empty,remove_incomplete_rows
,,,,,,,<na>,,,,,,,,,8682,all important fields empty,remove_incomplete_rows
,,,,,,,<na>,,,,,,,,,8686,all important fields empty,remove_incomplete_rows
,,,,,,,<na>,,,,,,,,,8687,all important fields empty,remove_incomplete_rows
,,,,,,,<na>,,,,,,,,,8690,all important fields empty,remove_incomplete_rows
,,,,,,,<na>,,,,,,,,,8691,all important fields empty,remove_incomplete_rows
,,,,,,,<na>,,,,,,,,,8695,all important fields empty,remove_incomplete_rows
,,,,,,,<na>,,,,,,,,,8696,all important fields empty,remove_incomplete_rows
,,,,,,,<na>,,,,,,,,,8700,all important fields empty,remove_incomplete_rows
,,,,,,,<na>,,,,,,,,,8701,all important fields empty,remove_incomplete_rows
,,,,,,,<na>,,,,,,,,,8704,all important fields empty,remove_incomplete_rows
,,,,,,,<na>,,,,,,,,,8705,all important fields empty,remove_incomplete_rows
,,,,,,,<na>,,,,,,,,,8708,all important fields empty,remove_incomplete_rows
,,,,,,,<na>,,,,,,,,,8709,all important fields empty,remove_incomplete_rows
,,,,,,,<na>,,,,,,,,,8714,all important fields empty,remove_incomplete_rows
,,,,,,,<na>,,,,,,,,,8715,all important fields empty,remove_incomplete_rows
,,,,,,,<na>,,,,,,,,,8719,all important fields empty,remove_incomplete_rows
,,,,,,,<na>,,,,,,,,,8720,all important fields empty,remove_incomplete_rows
,,,,,,,<na>,,,,,,,,,8723,all important fields empty,remove_incomplete_rows
,,,,,,,<na>,,,,,,,,,8724,all important fields empty,remove_incomplete_rows
,,,,,,,<na>,,,,,,,,,8727,all important fields empty,remove_incomplete_rows
,,,,,,,<na>,,,,,,,,,8728,all important fields empty,remove_incomplete_rows
,,,,,,,<na>,,,,,,,,,8731,all important fields empty,remove_incomplete_rows
,,,,,,,<na>,,,,,,,,,8732,all important fields empty,remove_incomplete_rows
,,,,,,,<na>,,,,,,,,,8736,all important fields empty,remove_incomplete_rows
,,,,,,,<na>,,,,,,,,,8737,all important fields empty,remove_incomplete_rows
,,,,,,,<na>,,,,,,,,,8742,all important fields empty,remove_incomplete_rows
,,,,,,,<na>,,,,,,,,,8743,all important fields empty,remove_incomplete_rows
,,,,,,,<na>,,,,,,,,,8746,all important fields empty,remove_incomplete_rows
,,,,,,,<na>,,,,,,,,,8747,all important fields empty,remove_incomplete_rows
,,,,,,,<na>,,,,,,,,,8750,all important fields empty,remove_incomplete_rows
,,,,,,,<na>,,,,,,,,,8751,all important fields empty,remove_incomplete_rows
,,,,,,,<na>,,,,,,,,,8754,all important fields empty,remove_incomplete_rows
,,,,,,,<na>,,,,,,,,,8755,all important fields empty,remove_incomplete_rows
,,,,,,,<na>,,,,,,,,,8758,all important fields empty,remove_incomplete_rows
,,,,,,,<na>,,,,,,,,,8759,all important fields empty,remove_incomplete_rows
,,,,,,,<na>,,,,,,,,,8762,all important fields empty,remove_incomplete_rows
,,,,,,,<na>,,,,,,,,,8763,all important fields empty,remove_incomplete_rows
,,,,,,,<na>,,,,,,,,,8766,all important fields empty,remove_incomplete_rows
,,,,,,,<na>,,,,,,,,,8767,all important fields empty,remove_incomplete_rows
,,,,,,,<na>,,,,,,,,,8770,all important fields empty,remove_incomplete_rows
,,,,,,,<na>,,,,,,,,,8771,all important fields empty,remove_incomplete_rows
,,,,,,,<na>,,,,,,,,,8776,all important fields empty,remove_incomplete_rows
,,,,,,,<na>,,,,,,,,,8777,all important fields empty,remove_incomplete_rows
,,,,,,,<na>,,,,,,,,,8780,all important fields empty,remove_incomplete_rows
,,,,,,,<na>,,,,,,,,,8781,all important fields empty,remove_incomplete_rows
,,,,,,,<na>,,,,,,,,,8786,all important fields empty,remove_incomplete_rows
,,,,,,,<na>,,,,,,,,,8787,all important fields empty,remove_incomplete_rows
,,,,,,,<na>,,,,,,,,,8791,all important fields empty,remove_incomplete_rows
,,,,,,,<na>,,,,,,,,,8792,all important fields empty,remove_incomplete_rows
,,,,,,,<na>,,,,,,,,,8795,all important fields empty,remove_incomplete_rows
,,,,,,,<na>,,,,,,,,,8796,all important fields empty,remove_incomplete_rows
,,,,,,,<na>,,,,,,,,,8799,all important fields empty,remove_incomplete_rows
,,,,,,,<na>,,,,,,,,,8800,all important fields empty,remove_incomplete_rows
,,,,,,,<na>,,,,,,,,,8803,all important fields empty,remove_incomplete_rows
,,,,,,,<na>,,,,,,,,,8804,all important fields empty,remove_incomplete_rows
,,,,,,,<na>,,,,,,,,,8808,all important fields empty,remove_incomplete_rows
,,,,,,,<na>,,,,,,,,,8809,all important fields empty,remove_incomplete_rows
,,,,,,,<na>,,,,,,,,,8812,all important fields empty,remove_incomplete_rows
,,,,,,,<na>,,,,,,,,,8813,all important fields empty,remove_incomplete_rows
,,,,,,,<na>,,,,,,,,,8820,all important fields empty,remove_incomplete_rows
,,,,,,,<na>,,,,,,,,,8821,all important fields empty,remove_incomplete_rows
,,,,,,,<na>,,,,,,,,,8828,all important fields empty,remove_incomplete_rows
,,,,,,,<na>,,,,,,,,,8829,all important fields empty,remove_incomplete_rows
,,,,,,,<na>,,,,,,,,,8833,all important fields empty,remove_incomplete_rows
,,,,,,,<na>,,,,,,,,,8834,all important fields empty,remove_incomplete_rows
,,,,,,,<na>,,,,,,,,,8838,all important fields empty,remove_incomplete_rows
,,,,,,,<na>,,,,,,,,,8839,all important fields empty,remove_incomplete_rows
,,,,,,,<na>,,,,,,,,,8843,all important fields empty,remove_incomplete_rows
,,,,,,,<na>,,,,,,,,,8844,all important fields empty,remove_incomplete_rows
,,,,,,,<na>,,,,,,,,,8847,all important fields empty,remove_incomplete_rows
,,,,,,,<na>,,,,,,,,,8848,all important fields empty,remove_incomplete_rows
,,,,,,,<na>,,,,,,,,,8851,all important fields empty,remove_incomplete_rows
,,,,,,,<na>,,,,,,,,,8852,all important fields empty,remove_incomplete_rows
,,,,,,,<na>,,,,,,,,,8855,all important fields empty,remove_incomplete_rows
,,,,,,,<na>,,,,,,,,,8856,all important fields empty,remove_incomplete_rows
,,,,,,,<na>,,,,,,,,,8860,all important fields empty,remove_incomplete_rows
,,,,,,,<na>,,,,,,,,,8861,all important fields empty,remove_incomplete_rows
,,,,,,,<na>,,,,,,,,,8864,all important fields empty,remove_incomplete_rows
,,,,,,,<na>,,,,,,,,,8865,all important fields empty,remove_incomplete_rows
,,,,,,,<na>,,,,,,,,,8873,all important fields empty,remove_incomplete_rows
,,,,,,,<na>,,,,,,,,,8874,all important fields empty,remove_incomplete_rows
,,,,,,,<na>,,,,,,,,,8877,all important fields empty,remove_incomplete_rows
,,,,,,,<na>,,,,,,,,,8878,all important fields empty,remove_incomplete_rows
,,,,,,,<na>,,,,,,,,,8881,all important fields empty,remove_incomplete_rows
,,,,,,,<na>,,,,,,,,,8882,all important fields empty,remove_incomplete_rows
,,,,,,,<na>,,,,,,,,,8886,all important fields empty,remove_incomplete_rows
,,,,,,,<na>,,,,,,,,,8887,all important fields empty,remove_incomplete_rows
,,,,,,,<na>,,,,,,,,,8890,all important fields empty,remove_incomplete_rows
,,,,,,,<na>,,,,,,,,,8891,all important fields empty,remove_incomplete_rows
,,,,,,,<na>,,,,,,,,,8894,all important fields empty,remove_incomplete_rows
,,,,,,,<na>,,,,,,,,,8895,all important fields empty,remove_incomplete_rows
,,,,,,,<na>,,,,,,,,,8901,all important fields empty,remove_incomplete_rows
,,,,,,,<na>,,,,,,,,,8902,all important fields empty,remove_incomplete_rows
,,,,,,,<na>,,,,,,,,,8907,all important fields empty,remove_incomplete_rows
,,,,,,,<na>,,,,,,,,,8908,all important fields empty,remove_incomplete_rows
,,,,,,,<na>,,,,,,,,,8912,all important fields empty,remove_incomplete_rows
,,,,,,,<na>,,,,,,,,,8913,all important fields empty,remove_incomplete_rows
,,,,,,,<na>,,,,,,,,,8918,all important fields empty,remove_incomplete_rows
,,,,,,,<na>,,,,,,,,,8919,all important fields empty,remove_incomplete_rows
,,,,,,,<na>,,,,,,,,,8923,all important fields empty,remove_incomplete_rows
,,,,,,,<na>,,,,,,,,,8924,all important fields empty,remove_incomplete_rows
,,,,,,,<na>,,,,,,,,,8928,all important fields empty,remove_incomplete_rows
,,,,,,,<na>,,,,,,,,,8929,all important fields empty,remove_incomplete_rows
,,,,,,,<na>,,,,,,,,,8936,all important fields empty,remove_incomplete_rows
,,,,,,,<na>,,,,,,,,,8937,all important fields empty,remove_incomplete_rows
,,,,,,,<na>,,,,,,,,,8942,all important fields empty,remove_incomplete_rows
,,,,,,,<na>,,,,,,,,,8943,all important fields empty,remove_incomplete_rows
,,,,,,,<na>,,,,,,,,,8946,all important fields empty,remove_incomplete_rows
,,,,,,,<na>,,,,,,,,,8947,all important fields empty,remove_incomplete_rows
,,,,,,,<na>,,,,,,,,,8952,all important fields empty,remove_incomplete_rows
,,,,,,,<na>,,,,,,,,,8953,all important fields empty,remove_incomplete_rows
,,,,,,,<na>,,,,,,,,,8957,all important fields empty,remove_incomplete_rows
,,,,,,,<na>,,,,,,,,,8958,all important fields empty,remove_incomplete_rows
,,,,,,,<na>,,,,,,,,,8962,all important fields empty,remove_incomplete_rows
,,,,,,,<na>,,,,,,,,,8963,all important fields empty,remove_incomplete_rows
,,,,,,,<na>,,,,,,,,,8966,all important fields empty,remove_incomplete_rows
,,,,,,,<na>,,,,,,,,,8967,all important fields empty,remove_incomplete_rows
,,,,,,,<na>,,,,,,,,,8970,all important fields empty,remove_incomplete_rows
,,,,,,,<na>,,,,,,,,,8971,all important fields empty,remove_incomplete_rows
,,,,,,,<na>,,,,,,,,,8974,all important fields empty,remove_incomplete_rows
,,,,,,,<na>,,,,,,,,,8975,all important fields empty,remove_incomplete_rows
,,,,,,,<na>,,,,,,,,,8978,all important fields empty,remove_incomplete_rows
,,,,,,,<na>,,,,,,,,,8979,all important fields empty,remove_incomplete_rows
,,,,,,,<na>,,,,,,,,,8982,all important fields empty,remove_incomplete_rows
,,,,,,,<na>,,,,,,,,,8983,all important fields empty,remove_incomplete_rows
,,,,,,,<na>,,,,,,,,,8987,all important fields empty,remove_incomplete_rows
,,,,,,,<na>,,,,,,,,,8988,all important fields empty,remove_incomplete_rows
,,,,,,,<na>,,,,,,,,,8991,all important fields empty,remove_incomplete_rows
,,,,,,,<na>,,,,,,,,,8992,all important fields empty,remove_incomplete_rows
,,,,,,,<na>,,,,,,,,,8997,all important fields empty,remove_incomplete_rows
,,,,,,,<na>,,,,,,,,,8998,all important fields empty,remove_incomplete_rows
,,,,,,,<na>,,,,,,,,,9001,all important fields empty,remove_incomplete_rows
,,,,,,,<na>,,,,,,,,,9002,all important fields empty,remove_incomplete_rows
,,,,,,,<na>,,,,,,,,,9005,all important fields empty,remove_incomplete_rows
,,,,,,,<na>,,,,,,,,,9006,all important fields empty,remove_incomplete_rows
,,,,,,,<na>,,,,,,,,,9009,all important fields empty,remove_incomplete_rows
,,,,,,,<na>,,,,,,,,,9010,all important fields empty,remove_incomplete_rows
,,,,,,,<na>,,,,,,,,,9015,all important fields empty,remove_incomplete_rows
,,,,,,,<na>,,,,,,,,,9016,all important fields empty,remove_incomplete_rows
,,,,,,,<na>,,,,,,,,,9019,all important fields empty,remove_incomplete_rows
,,,,,,,<na>,,,,,,,,,9020,all important fields empty,remove_incomplete_rows
,,,,,,,<na>,,,,,,,,,9024,all important fields empty,remove_incomplete_rows
,,,,,,,<na>,,,,,,,,,9025,all important fields empty,remove_incomplete_rows
,,,,,,,<na>,,,,,,,,,9029,all important fields empty,remove_incomplete_rows
,,,,,,,<na>,,,,,,,,,9030,all important fields empty,remove_incomplete_rows
,,,,,,,<na>,,,,,,,,,9036,all important fields empty,remove_incomplete_rows
,,,,,,,<na>,,,,,,,,,9037,all important fields empty,remove_incomplete_rows
,,,,,,,<na>,,,,,,,,,9040,all important fields empty,remove_incomplete_rows
,,,,,,,<na>,,,,,,,,,9041,all important fields empty,remove_incomplete_rows
,,,,,,,<na>,,,,,,,,,9046,all important fields empty,remove_incomplete_rows
,,,,,,,<na>,,,,,,,,,9047,all important fields empty,remove_incomplete_rows
,,,,,,,<na>,,,,,,,,,9050,all important fields empty,remove_incomplete_rows
,,,,,,,<na>,,,,,,,,,9051,all important fields empty,remove_incomplete_rows
,,,,,,,<na>,,,,,,,,,9055,all important fields empty,remove_incomplete_rows
,,,,,,,<na>,,,,,,,,,9056,all important fields empty,remove_incomplete_rows
,,,,,,,<na>,,,,,,,,,9059,all important fields empty,remove_incomplete_rows
,,,,,,,<na>,,,,,,,,,9060,all important fields empty,remove_incomplete_rows
,,,,,,,<na>,,,,,,,,,9063,all important fields empty,remove_incomplete_rows
,,,,,,,<na>,,,,,,,,,9064,all important fields empty,remove_incomplete_rows
,,,,,,,<na>,,,,,,,,,9068,all important fields empty,remove_incomplete_rows
,,,,,,,<na>,,,,,,,,,9069,all important fields empty,remove_incomplete_rows
,,,,,,,<na>,,,,,,,,,9076,all important fields empty,remove_incomplete_rows
,,,,,,,<na>,,,,,,,,,9077,all important fields empty,remove_incomplete_rows
,,,,,,,<na>,,,,,,,,,9092,all important fields empty,remove_incomplete_rows
,,,,,,,<na>,,,,,,,,,9093,all important fields empty,remove_incomplete_rows
,,,,,,,<na>,,,,,,,,,9096,all important fields empty,remove_incomplete_rows
,,,,,,,<na>,,,,,,,,,9097,all important fields empty,remove_incomplete_rows
,,,,,,,<na>,,,,,,,,,9100,all important fields empty,remove_incomplete_rows
,,,,,,,<na>,,,,,,,,,9101,all important fields empty,remove_incomplete_rows
,,,,,,,<na>,,,,,,,,,9106,all important fields empty,remove_incomplete_rows
,,,,,,,<na>,,,,,,,,,9107,all important fields empty,remove_incomplete_rows
,,,,,,,<na>,,,,,,,,,9110,all important fields empty,remove_incomplete_rows
,,,,,,,<na>,,,,,,,,,9111,all important fields empty,remove_incomplete_rows
,,,,,,,<na>,,,,,,,,,9114,all important fields empty,remove_incomplete_rows
,,,,,,,<na>,,,,,,,,,9115,all important fields empty,remove_incomplete_rows
,,,,,,,<na>,,,,,,,,,9119,all important fields empty,remove_incomplete_rows
,,,,,,,<na>,,,,,,,,,9120,all important fields empty,remove_incomplete_rows
,,,,,,,<na>,,,,,,,,,9125,all important fields empty,remove_incomplete_rows
,,,,,,,<na>,,,,,,,,,9126,all important fields empty,remove_incomplete_rows
,,,,,,,<na>,,,,,,,,,9129,all important fields empty,remove_incomplete_rows
,,,,,,,<na>,,,,,,,,,9130,all important fields empty,remove_incomplete_rows
,,,,,,,<na>,,,,,,,,,9137,all important fields empty,remove_incomplete_rows
,,,,,,,<na>,,,,,,,,,9138,all important fields empty,remove_incomplete_rows
,,,,,,,<na>,,,,,,,,,9154,all important fields empty,remove_incomplete_rows
,,,,,,,<na>,,,,,,,,,9155,all important fields empty,remove_incomplete_rows
,,,,,,,<na>,,,,,,,,,9159,all important fields empty,remove_incomplete_rows
,,,,,,,<na>,,,,,,,,,9160,all important fields empty,remove_incomplete_rows
,,,,,,,<na>,,,,,,,,,9164,all important fields empty,remove_incomplete_rows
,,,,,,,<na>,,,,,,,,,9165,all important fields empty,remove_incomplete_rows
,,,,,,,<na>,,,,,,,,,9169,all important fields empty,remove_incomplete_rows
,,,,,,,<na>,,,,,,,,,9170,all important fields empty,remove_incomplete_rows
,,,,,,,<na>,,,,,,,,,9173,all important fields empty,remove_incomplete_rows
,,,,,,,<na>,,,,,,,,,9174,all important fields empty,remove_incomplete_rows
,,,,,,,<na>,,,,,,,,,9178,all important fields empty,remove_incomplete_rows
,,,,,,,<na>,,,,,,,,,9179,all important fields empty,remove_incomplete_rows
,,,,,,,<na>,,,,,,,,,9182,all important fields empty,remove_incomplete_rows
,,,,,,,<na>,,,,,,,,,9183,all important fields empty,remove_incomplete_rows
,,,,,,,<na>,,,,,,,,,9186,all important fields empty,remove_incomplete_rows
,,,,,,,<na>,,,,,,,,,9187,all important fields empty,remove_incomplete_rows
,,,,,,,<na>,,,,,,,,,9192,all important fields empty,remove_incomplete_rows
,,,,,,,<na>,,,,,,,,,9193,all important fields empty,remove_incomplete_rows
,,,,,,,<na>,,,,,,,,,9198,all important fields empty,remove_incomplete_rows
,,,,,,,<na>,,,,,,,,,9199,all important fields empty,remove_incomplete_rows
,,,,,,,<na>,,,,,,,,,9203,all important fields empty,remove_incomplete_rows
,,,,,,,<na>,,,,,,,,,9204,all important fields empty,remove_incomplete_rows
,,,,,,,<na>,,,,,,,,,9207,all important fields empty,remove_incomplete_rows
,,,,,,,<na>,,,,,,,,,9208,all important fields empty,remove_incomplete_rows
,,,,,,,<na>,,,,,,,,,9211,all important fields empty,remove_incomplete_rows
,,,,,,,<na>,,,,,,,,,9212,all important fields empty,remove_incomplete_rows
,,,,,,,<na>,,,,,,,,,9217,all important fields empty,remove_incomplete_rows
,,,,,,,<na>,,,,,,,,,9218,all important fields empty,remove_incomplete_rows
,,,,,,,<na>,,,,,,,,,9222,all important fields empty,remove_incomplete_rows
,,,,,,,<na>,,,,,,,,,9223,all important fields empty,remove_incomplete_rows
,,,,,,,<na>,,,,,,,,,9229,all important fields empty,remove_incomplete_rows
,,,,,,,<na>,,,,,,,,,9230,all important fields empty,remove_incomplete_rows
,,,,,,,<na>,,,,,,,,,9233,all important fields empty,remove_incomplete_rows
,,,,,,,<na>,,,,,,,,,9234,all important fields empty,remove_incomplete_rows
,,,,,,,<na>,,,,,,,,,9237,all important fields empty,remove_incomplete_rows
,,,,,,,<na>,,,,,,,,,9238,all important fields empty,remove_incomplete_rows
,,,,,,,<na>,,,,,,,,,9242,all important fields empty,remove_incomplete_rows
,,,,,,,<na>,,,,,,,,,9243,all important fields empty,remove_incomplete_rows
,,,,,,,<na>,,,,,,,,,9247,all important fields empty,remove_incomplete_rows
,,,,,,,<na>,,,,,,,,,9248,all important fields empty,remove_incomplete_rows
,,,,,,,<na>,,,,,,,,,9252,all important fields empty,remove_incomplete_rows
,,,,,,,<na>,,,,,,,,,9253,all important fields empty,remove_incomplete_rows
,,,,,,,<na>,,,,,,,,,9256,all important fields empty,remove_incomplete_rows
,,,,,,,<na>,,,,,,,,,9257,all important fields empty,remove_incomplete_rows
,,,,,,,<na>,,,,,,,,,9260,all important fields empty,remove_incomplete_rows
,,,,,,,<na>,,,,,,,,,9261,all important fields empty,remove_incomplete_rows
,,,,,,,<na>,,,,,,,,,9264,all important fields empty,remove_incomplete_rows
,,,,,,,<na>,,,,,,,,,9265,all important fields empty,remove_incomplete_rows
,,,,,,,<na>,,,,,,,,,9268,all important fields empty,remove_incomplete_rows
,,,,,,,<na>,,,,,,,,,9269,all important fields empty,remove_incomplete_rows
,,,,,,,<na>,,,,,,,,,9273,all important fields empty,remove_incomplete_rows
,,,,,,,<na>,,,,,,,,,9274,all important fields empty,remove_incomplete_rows
,,,,,,,<na>,,,,,,,,,9282,all important fields empty,remove_incomplete_rows
,,,,,,,<na>,,,,,,,,,9283,all important fields empty,remove_incomplete_rows
,,,,,,,<na>,,,,,,,,,9287,all important fields empty,remove_incomplete_rows
,,,,,,,<na>,,,,,,,,,9288,all important fields empty,remove_incomplete_rows
,,,,,,,<na>,,,,,,,,,9293,all important fields empty,remove_incomplete_rows
,,,,,,,<na>,,,,,,,,,9294,all important fields empty,remove_incomplete_rows
,,,,,,,<na>,,,,,,,,,9298,all important fields empty,remove_incomplete_rows
,,,,,,,<na>,,,,,,,,,9299,all important fields empty,remove_incomplete_rows
,,,,,,,<na>,,,,,,,,,9303,all important fields empty,remove_incomplete_rows
,,,,,,,<na>,,,,,,,,,9304,all important fields empty,remove_incomplete_rows
,,,,,,,<na>,,,,,,,,,9307,all important fields empty,remove_incomplete_rows
,,,,,,,<na>,,,,,,,,,9308,all important fields empty,remove_incomplete_rows
,,,,,,,<na>,,,,,,,,,9319,all important fields empty,remove_incomplete_rows
,,,,,,,<na>,,,,,,,,,9320,all important fields empty,remove_incomplete_rows
,,,,,,,<na>,,,,,,,,,9323,all important fields empty,remove_incomplete_rows
,,,,,,,<na>,,,,,,,,,9324,all important fields empty,remove_incomplete_rows
,,,,,,,<na>,,,,,,,,,9330,all important fields empty,remove_incomplete_rows
,,,,,,,<na>,,,,,,,,,9331,all important fields empty,remove_incomplete_rows
,,,,,,,<na>,,,,,,,,,9335,all important fields empty,remove_incomplete_rows
,,,,,,,<na>,,,,,,,,,9336,all important fields empty,remove_incomplete_rows
,,,,,,,<na>,,,,,,,,,9339,all important fields empty,remove_incomplete_rows
,,,,,,,<na>,,,,,,,,,9340,all important fields empty,remove_incomplete_rows
,,,,,,,<na>,,,,,,,,,9344,all important fields empty,remove_incomplete_rows
,,,,,,,<na>,,,,,,,,,9345,all important fields empty,remove_incomplete_rows
,,,,,,,<na>,,,,,,,,,9348,all important fields empty,remove_incomplete_rows
,,,,,,,<na>,,,,,,,,,9349,all important fields empty,remove_incomplete_rows
,,,,,,,<na>,,,,,,,,,9352,all important fields empty,remove_incomplete_rows
,,,,,,,<na>,,,,,,,,,9353,all important fields empty,remove_incomplete_rows
,,,,,,,<na>,,,,,,,,,9356,all important fields empty,remove_incomplete_rows
,,,,,,,<na>,,,,,,,,,9357,all important fields empty,remove_incomplete_rows
,,,,,,,<na>,,,,,,,,,9362,all important fields empty,remove_incomplete_rows
,,,,,,,<na>,,,,,,,,,9363,all important fields empty,remove_incomplete_rows
,,,,,,,<na>,,,,,,,,,9366,all important fields empty,remove_incomplete_rows
,,,,,,,<na>,,,,,,,,,9367,all important fields empty,remove_incomplete_rows
,,,,,,,<na>,,,,,,,,,9371,all important fields empty,remove_incomplete_rows
,,,,,,,<na>,,,,,,,,,9372,all important fields empty,remove_incomplete_rows
,,,,,,,<na>,,,,,,,,,9375,all important fields empty,remove_incomplete_rows
,,,,,,,<na>,,,,,,,,,9376,all important fields empty,remove_incomplete_rows
,,,,,,,<na>,,,,,,,,,9383,all important fields empty,remove_incomplete_rows
,,,,,,,<na>,,,,,,,,,9384,all important fields empty,remove_incomplete_rows
,,,,,,,<na>,,,,,,,,,9387,all important fields empty,remove_incomplete_rows
,,,,,,,<na>,,,,,,,,,9388,all important fields empty,remove_incomplete_rows
,,,,,,,<na>,,,,,,,,,9396,all important fields empty,remove_incomplete_rows
,,,,,,,<na>,,,,,,,,,9397,all important fields empty,remove_incomplete_rows
,,,,,,,<na>,,,,,,,,,9401,all important fields empty,remove_incomplete_rows
,,,,,,,<na>,,,,,,,,,9402,all important fields empty,remove_incomplete_rows
,,,,,,,<na>,,,,,,,,,9406,all important fields empty,remove_incomplete_rows
,,,,,,,<na>,,,,,,,,,9407,all important fields empty,remove_incomplete_rows
,,,,,,,<na>,,,,,,,,,9410,all important fields empty,remove_incomplete_rows
,,,,,,,<na>,,,,,,,,,9411,all important fields empty,remove_incomplete_rows
,,,,,,,<na>,,,,,,,,,9414,all important fields empty,remove_incomplete_rows
,,,,,,,<na>,,,,,,,,,9415,all important fields empty,remove_incomplete_rows
,,,,,,,<na>,,,,,,,,,9418,all important fields empty,remove_incomplete_rows
,,,,,,,<na>,,,,,,,,,9419,all important fields empty,remove_incomplete_rows
,,,,,,,<na>,,,,,,,,,9425,all important fields empty,remove_incomplete_rows
,,,,,,,<na>,,,,,,,,,9426,all important fields empty,remove_incomplete_rows
,,,,,,,<na>,,,,,,,,,9429,all important fields empty,remove_incomplete_rows
,,,,,,,<na>,,,,,,,,,9430,all important fields empty,remove_incomplete_rows
,,,,,,,<na>,,,,,,,,,9433,all important fields empty,remove_incomplete_rows
,,,,,,,<na>,,,,,,,,,9434,all important fields empty,remove_incomplete_rows
,,,,,,,<na>,,,,,,,,,9437,all important fields empty,remove_incomplete_rows
,,,,,,,<na>,,,,,,,,,9438,all important fields empty,remove_incomplete_rows
,,,,,,,<na>,,,,,,,,,9441,all important fields empty,remove_incomplete_rows
,,,,,,,<na>,,,,,,,,,9442,all important fields empty,remove_incomplete_rows
,,,,,,,<na>,,,,,,,,,9445,all important fields empty,remove_incomplete_rows
,,,,,,,<na>,,,,,,,,,9446,all important fields empty,remove_incomplete_rows
,,,,,,,<na>,,,,,,,,,9449,all important fields empty,remove_incomplete_rows
,,,,,,,<na>,,,,,,,,,9450,all important fields empty,remove_incomplete_rows
,,,,,,,<na>,,,,,,,,,9453,all important fields empty,remove_incomplete_rows
,,,,,,,<na>,,,,,,,,,9454,all important fields empty,remove_incomplete_rows
,,,,,,,<na>,,,,,,,,,9457,all important fields empty,remove_incomplete_rows
,,,,,,,<na>,,,,,,,,,9458,all important fields empty,remove_incomplete_rows
,,,,,,,<na>,,,,,,,,,9463,all important fields empty,remove_incomplete_rows
,,,,,,,<na>,,,,,,,,,9464,all important fields empty,remove_incomplete_rows
,,,,,,,<na>,,,,,,,,,9468,all important fields empty,remove_incomplete_rows
,,,,,,,<na>,,,,,,,,,9469,all important fields empty,remove_incomplete_rows
,,,,,,,<na>,,,,,,,,,9472,all important fields empty,remove_incomplete_rows
,,,,,,,<na>,,,,,,,,,9473,all important fields empty,remove_incomplete_rows
,,,,,,,<na>,,,,,,,,,9476,all important fields empty,remove_incomplete_rows
,,,,,,,<na>,,,,,,,,,9477,all important fields empty,remove_incomplete_rows
,,,,,,,<na>,,,,,,,,,9480,all important fields empty,remove_incomplete_rows
,,,,,,,<na>,,,,,,,,,9481,all important fields empty,remove_incomplete_rows
,,,,,,,<na>,,,,,,,,,9485,all important fields empty,remove_incomplete_rows
,,,,,,,<na>,,,,,,,,,9486,all important fields empty,remove_incomplete_rows
,,,,,,,<na>,,,,,,,,,9489,all important fields empty,remove_incomplete_rows
,,,,,,,<na>,,,,,,,,,9490,all important fields empty,remove_incomplete_rows
,,,,,,,<na>,,,,,,,,,9493,all important fields empty,remove_incomplete_rows
,,,,,,,<na>,,,,,,,,,9494,all important fields empty,remove_incomplete_rows
,,,,,,,<na>,,,,,,,,,9499,all important fields empty,remove_incomplete_rows
,,,,,,,<na>,,,,,,,,,9500,all important fields empty,remove_incomplete_rows
,,,,,,,<na>,,,,,,,,,9504,all important fields empty,remove_incomplete_rows
,,,,,,,<na>,,,,,,,,,9505,all important fields empty,remove_incomplete_rows
,,,,,,,<na>,,,,,,,,,9509,all important fields empty,remove_incomplete_rows
,,,,,,,<na>,,,,,,,,,9510,all important fields empty,remove_incomplete_rows
,,,,,,,<na>,,,,,,,,,9516,all important fields empty,remove_incomplete_rows
,,,,,,,<na>,,,,,,,,,9517,all important fields empty,remove_incomplete_rows
,,,,,,,<na>,,,,,,,,,9522,all important fields empty,remove_incomplete_rows
,,,,,,,<na>,,,,,,,,,9523,all important fields empty,remove_incomplete_rows
,,,,,,,<na>,,,,,,,,,9526,all important fields empty,remove_incomplete_rows
,,,,,,,<na>,,,,,,,,,9527,all important fields empty,remove_incomplete_rows
,,,,,,,<na>,,,,,,,,,9530,all important fields empty,remove_incomplete_rows
,,,,,,,<na>,,,,,,,,,9531,all important fields empty,remove_incomplete_rows
,,,,,,,<na>,,,,,,,,,9535,all important fields empty,remove_incomplete_rows
,,,,,,,<na>,,,,,,,,,9536,all important fields empty,remove_incomplete_rows
,,,,,,,<na>,,,,,,,,,9539,all important fields empty,remove_incomplete_rows
,,,,,,,<na>,,,,,,,,,9540,all important fields empty,remove_incomplete_rows
,,,,,,,<na>,,,,,,,,,9543,all important fields empty,remove_incomplete_rows
,,,,,,,<na>,,,,,,,,,9544,all important fields empty,remove_incomplete_rows
,,,,,,,<na>,,,,,,,,,9547,all important fields empty,remove_incomplete_rows
,,,,,,,<na>,,,,,,,,,9548,all important fields empty,remove_incomplete_rows
,,,,,,,<na>,,,,,,,,,9552,all important fields empty,remove_incomplete_rows
,,,,,,,<na>,,,,,,,,,9553,all important fields empty,remove_incomplete_rows
,,,,,,,<na>,,,,,,,,,9560,all important fields empty,remove_incomplete_rows
,,,,,,,<na>,,,,,,,,,9561,all important fields empty,remove_incomplete_rows
,,,,,,,<na>,,,,,,,,,9565,all important fields empty,remove_incomplete_rows
,,,,,,,<na>,,,,,,,,,9566,all important fields empty,remove_incomplete_rows
,,,,,,,<na>,,,,,,,,,9575,all important fields empty,remove_incomplete_rows
,,,,,,,<na>,,,,,,,,,9576,all important fields empty,remove_incomplete_rows
,,,,,,,<na>,,,,,,,,,9579,all important fields empty,remove_incomplete_rows
,,,,,,,<na>,,,,,,,,,9580,all important fields empty,remove_incomplete_rows
,,,,,,,<na>,,,,,,,,,9583,all important fields empty,remove_incomplete_rows
,,,,,,,<na>,,,,,,,,,9584,all important fields empty,remove_incomplete_rows
,,,,,,,<na>,,,,,,,,,9588,all important fields empty,remove_incomplete_rows
,,,,,,,<na>,,,,,,,,,9589,all important fields empty,remove_incomplete_rows
,,,,,,,<na>,,,,,,,,,9592,all important fields empty,remove_incomplete_rows
,,,,,,,<na>,,,,,,,,,9593,all important fields empty,remove_incomplete_rows
,,,,,,,<na>,,,,,,,,,9596,all important fields empty,remove_incomplete_rows
,,,,,,,<na>,,,,,,,,,9597,all important fields empty,remove_incomplete_rows
,,,,,,,<na>,,,,,,,,,9600,all important fields empty,remove_incomplete_rows
,,,,,,,<na>,,,,,,,,,9601,all important fields empty,remove_incomplete_rows
,,,,,,,<na>,,,,,,,,,9604,all important fields empty,remove_incomplete_rows
,,,,,,,<na>,,,,,,,,,9605,all important fields empty,remove_incomplete_rows
,,,,,,,<na>,,,,,,,,,9608,all important fields empty,remove_incomplete_rows
,,,,,,,<na>,,,,,,,,,9609,all important fields empty,remove_incomplete_rows
,,,,,,,<na>,,,,,,,,,9612,all important fields empty,remove_incomplete_rows
,,,,,,,<na>,,,,,,,,,9613,all important fields empty,remove_incomplete_rows
,,,,,,,<na>,,,,,,,,,9616,all important fields empty,remove_incomplete_rows
,,,,,,,<na>,,,,,,,,,9617,all important fields empty,remove_incomplete_rows
,,,,,,,<na>,,,,,,,,,9620,all important fields empty,remove_incomplete_rows
,,,,,,,<na>,,,,,,,,,9621,all important fields empty,remove_incomplete_rows
,,,,,,,<na>,,,,,,,,,9624,all important fields empty,remove_incomplete_rows
,,,,,,,<na>,,,,,,,,,9625,all important fields empty,remove_incomplete_rows
,,,,,,,<na>,,,,,,,,,9628,all important fields empty,remove_incomplete_rows
,,,,,,,<na>,,,,,,,,,9629,all important fields empty,remove_incomplete_rows
,,,,,,,<na>,,,,,,,,,9632,all important fields empty,remove_incomplete_rows
,,,,,,,<na>,,,,,,,,,9633,all important fields empty,remove_incomplete_rows
,,,,,,,<na>,,,,,,,,,9636,all important fields empty,remove_incomplete_rows
,,,,,,,<na>,,,,,,,,,9637,all important fields empty,remove_incomplete_rows
,,,,,,,<na>,,,,,,,,,9640,all important fields empty,remove_incomplete_rows
,,,,,,,<na>,,,,,,,,,9641,all important fields empty,remove_incomplete_rows
,,,,,,,<na>,,,,,,,,,9644,all important fields empty,remove_incomplete_rows
,,,,,,,<na>,,,,,,,,,9645,all important fields empty,remove_incomplete_rows
,,,,,,,<na>,,,,,,,,,9651,all important fields empty,remove_incomplete_rows
,,,,,,,<na>,,,,,,,,,9652,all important fields empty,remove_incomplete_rows
,,,,,,,<na>,,,,,,,,,9655,all important fields empty,remove_incomplete_rows
,,,,,,,<na>,,,,,,,,,9656,all important fields empty,remove_incomplete_rows
,,,,,,,<na>,,,,,,,,,9660,all important fields empty,remove_incomplete_rows
,,,,,,,<na>,,,,,,,,,9661,all important fields empty,remove_incomplete_rows
,,,,,,,<na>,,,,,,,,,9664,all important fields empty,remove_incomplete_rows
,,,,,,,<na>,,,,,,,,,9665,all important fields empty,remove_incomplete_rows
,,,,,,,<na>,,,,,,,,,9670,all important fields empty,remove_incomplete_rows
,,,,,,,<na>,,,,,,,,,9671,all important fields empty,remove_incomplete_rows
,,,,,,,<na>,,,,,,,,,9674,all important fields empty,remove_incomplete_rows
,,,,,,,<na>,,,,,,,,,9675,all important fields empty,remove_incomplete_rows
,,,,,,,<na>,,,,,,,,,9680,all important fields empty,remove_incomplete_rows
,,,,,,,<na>,,,,,,,,,9681,all important fields empty,remove_incomplete_rows
,,,,,,,<na>,,,,,,,,,9684,all important fields empty,remove_incomplete_rows
,,,,,,,<na>,,,,,,,,,9685,all important fields empty,remove_incomplete_rows
,,,,,,,<na>,,,,,,,,,9689,all important fields empty,remove_incomplete_rows
,,,,,,,<na>,,,,,,,,,9690,all important fields empty,remove_incomplete_rows
,,,,,,,<na>,,,,,,,,,9694,all important fields empty,remove_incomplete_rows
,,,,,,,<na>,,,,,,,,,9695,all important fields empty,remove_incomplete_rows
,,,,,,,<na>,,,,,,,,,9698,all important fields empty,remove_incomplete_rows
,,,,,,,<na>,,,,,,,,,9699,all important fields empty,remove_incomplete_rows
,,,,,,,<na>,,,,,,,,,9703,all important fields empty,remove_incomplete_rows
,,,,,,,<na>,,,,,,,,,9704,all important fields empty,remove_incomplete_rows
,,,,,,,<na>,,,,,,,,,9707,all important fields empty,remove_incomplete_rows
,,,,,,,<na>,,,,,,,,,9708,all important fields empty,remove_incomplete_rows
,,,,,,,<na>,,,,,,,,,9711,all important fields empty,remove_incomplete_rows
,,,,,,,<na>,,,,,,,,,9712,all important fields empty,remove_incomplete_rows
,,,,,,,<na>,,,,,,,,,9715,all important fields empty,remove_incomplete_rows
,,,,,,,<na>,,,,,,,,,9716,all important fields empty,remove_incomplete_rows
,,,,,,,<na>,,,,,,,,,9719,all important fields empty,remove_incomplete_rows
,,,,,,,<na>,,,,,,,,,9720,all important fields empty,remove_incomplete_rows
,,,,,,,<na>,,,,,,,,,9723,all important fields empty,remove_incomplete_rows
,,,,,,,<na>,,,,,,,,,9724,all important fields empty,remove_incomplete_rows
,,,,,,,<na>,,,,,,,,,9727,all important fields empty,remove_incomplete_rows
,,,,,,,<na>,,,,,,,,,9728,all important fields empty,remove_incomplete_rows
,,,,,,,<na>,,,,,,,,,9739,all important fields empty,remove_incomplete_rows
,,,,,,,<na>,,,,,,,,,9740,all important fields empty,remove_incomplete_rows
,,,,,,,<na>,,,,,,,,,9745,all important fields empty,remove_incomplete_rows
,,,,,,,<na>,,,,,,,,,9746,all important fields empty,remove_incomplete_rows
,,,,,,,<na>,,,,,,,,,9751,all important fields empty,remove_incomplete_rows
,,,,,,,<na>,,,,,,,,,9752,all important fields empty,remove_incomplete_rows
,,,,,,,<na>,,,,,,,,,9755,all important fields empty,remove_incomplete_rows
,,,,,,,<na>,,,,,,,,,9756,all important fields empty,remove_incomplete_rows
,,,,,,,<na>,,,,,,,,,9760,all important fields empty,remove_incomplete_rows
,,,,,,,<na>,,,,,,,,,9761,all important fields empty,remove_incomplete_rows
,,,,,,,<na>,,,,,,,,,9764,all important fields empty,remove_incomplete_rows
,,,,,,,<na>,,,,,,,,,9765,all important fields empty,remove_incomplete_rows
,,,,,,,<na>,,,,,,,,,9768,all important fields empty,remove_incomplete_rows
,,,,,,,<na>,,,,,,,,,9769,all important fields empty,remove_incomplete_rows
,,,,,,,<na>,,,,,,,,,9772,all important fields empty,remove_incomplete_rows
,,,,,,,<na>,,,,,,,,,9773,all important fields empty,remove_incomplete_rows
,,,,,,,<na>,,,,,,,,,9777,all important fields empty,remove_incomplete_rows
,,,,,,,<na>,,,,,,,,,9778,all important fields empty,remove_incomplete_rows
,,,,,,,<na>,,,,,,,,,9782,all important fields empty,remove_incomplete_rows
,,,,,,,<na>,,,,,,,,,9783,all important fields empty,remove_incomplete_rows
,,,,,,,<na>,,,,,,,,,9788,all important fields empty,remove_incomplete_rows
,,,,,,,<na>,,,,,,,,,9789,all important fields empty,remove_incomplete_rows
,,,,,,,<na>,,,,,,,,,9793,all important fields empty,remove_incomplete_rows
,,,,,,,<na>,,,,,,,,,9794,all important fields empty,remove_incomplete_rows
,,,,,,,<na>,,,,,,,,,9798,all important fields empty,remove_incomplete_rows
,,,,,,,<na>,,,,,,,,,9799,all important fields empty,remove_incomplete_rows
,,,,,,,<na>,,,,,,,,,9803,all important fields empty,remove_incomplete_rows
,,,,,,,<na>,,,,,,,,,9804,all important fields empty,remove_incomplete_rows
,,,,,,,<na>,,,,,,,,,9808,all important fields empty,remove_incomplete_rows
,,,,,,,<na>,,,,,,,,,9809,all important fields empty,remove_incomplete_rows
,,,,,,,<na>,,,,,,,,,9813,all important fields empty,remove_incomplete_rows
,,,,,,,<na>,,,,,,,,,9814,all important fields empty,remove_incomplete_rows
,,,,,,,<na>,,,,,,,,,9817,all important fields empty,remove_incomplete_rows
,,,,,,,<na>,,,,,,,,,9818,all important fields empty,remove_incomplete_rows
,,,,,,,<na>,,,,,,,,,9823,all important fields empty,remove_incomplete_rows
,,,,,,,<na>,,,,,,,,,9824,all important fields empty,remove_incomplete_rows
,,,,,,,<na>,,,,,,,,,9829,all important fields empty,remove_incomplete_rows
,,,,,,,<na>,,,,,,,,,9830,all important fields empty,remove_incomplete_rows
,,,,,,,<na>,,,,,,,,,9833,all important fields empty,remove_incomplete_rows
,,,,,,,<na>,,,,,,,,,9834,all important fields empty,remove_incomplete_rows
,,,,,,,<na>,,,,,,,,,9837,all important fields empty,remove_incomplete_rows
,,,,,,,<na>,,,,,,,,,9838,all important fields empty,remove_incomplete_rows
,,,,,,,<na>,,,,,,,,,9844,all important fields empty,remove_incomplete_rows
,,,,,,,<na>,,,,,,,,,9845,all important fields empty,remove_incomplete_rows
,,,,,,,<na>,,,,,,,,,9853,all important fields empty,remove_incomplete_rows
,,,,,,,<na>,,,,,,,,,9854,all important fields empty,remove_incomplete_rows
,,,,,,,<na>,,,,,,,,,9857,all important fields empty,remove_incomplete_rows
,,,,,,,<na>,,,,,,,,,9858,all important fields empty,remove_incomplete_rows
,,,,,,,<na>,,,,,,,,,9862,all important fields empty,remove_incomplete_rows
,,,,,,,<na>,,,,,,,,,9863,all important fields empty,remove_incomplete_rows
,,,,,,,<na>,,,,,,,,,9867,all important fields empty,remove_incomplete_rows
,,,,,,,<na>,,,,,,,,,9868,all important fields empty,remove_incomplete_rows
,,,,,,,<na>,,,,,,,,,9874,all important fields empty,remove_incomplete_rows
,,,,,,,<na>,,,,,,,,,9875,all important fields empty,remove_incomplete_rows
,,,,,,,<na>,,,,,,,,,9878,all important fields empty,remove_incomplete_rows
,,,,,,,<na>,,,,,,,,,9879,all important fields empty,remove_incomplete_rows
,,,,,,,<na>,,,,,,,,,9883,all important fields empty,remove_incomplete_rows
,,,,,,,<na>,,,,,,,,,9884,all important fields empty,remove_incomplete_rows
,,,,,,,<na>,,,,,,,,,9893,all important fields empty,remove_incomplete_rows
,,,,,,,<na>,,,,,,,,,9894,all important fields empty,remove_incomplete_rows
,,,,,,,<na>,,,,,,,,,9897,all important fields empty,remove_incomplete_rows
,,,,,,,<na>,,,,,,,,,9898,all important fields empty,remove_incomplete_rows
,,,,,,,<na>,,,,,,,,,9901,all important fields empty,remove_incomplete_rows
,,,,,,,<na>,,,,,,,,,9902,all important fields empty,remove_incomplete_rows
,,,,,,,<na>,,,,,,,,,9907,all important fields empty,remove_incomplete_rows
,,,,,,,<na>,,,,,,,,,9908,all important fields empty,remove_incomplete_rows
,,,,,,,<na>,,,,,,,,,9912,all important fields empty,remove_incomplete_rows
,,,,,,,<na>,,,,,,,,,9913,all important fields empty,remove_incomplete_rows
,,,,,,,<na>,,,,,,,,,9916,all important fields empty,remove_incomplete_rows
,,,,,,,<na>,,,,,,,,,9917,all important fields empty,remove_incomplete_rows
,,,,,,,<na>,,,,,,,,,9920,all important fields empty,remove_incomplete_rows
,,,,,,,<na>,,,,,,,,,9921,all important fields empty,remove_incomplete_rows
,,,,,,,<na>,,,,,,,,,9924,all important fields empty,remove_incomplete_rows
,,,,,,,<na>,,,,,,,,,9925,all important fields empty,remove_incomplete_rows
,,,,,,,<na>,,,,,,,,,9929,all important fields empty,remove_incomplete_rows
,,,,,,,<na>,,,,,,,,,9930,all important fields empty,remove_incomplete_rows
,,,,,,,<na>,,,,,,,,,9934,all important fields empty,remove_incomplete_rows
,,,,,,,<na>,,,,,,,,,9935,all important fields empty,remove_incomplete_rows
,,,,,,,<na>,,,,,,,,,9938,all important fields empty,remove_incomplete_rows
,,,,,,,<na>,,,,,,,,,9939,all important fields empty,remove_incomplete_rows
,,,,,,,<na>,,,,,,,,,9943,all important fields empty,remove_incomplete_rows
,,,,,,,<na>,,,,,,,,,9944,all important fields empty,remove_incomplete_rows
,,,,,,,<na>,,,,,,,,,9947,all important fields empty,remove_incomplete_rows
,,,,,,,<na>,,,,,,,,,9948,all important fields empty,remove_incomplete_rows
,,,,,,,<na>,,,,,,,,,9953,all important fields empty,remove_incomplete_rows
,,,,,,,<na>,,,,,,,,,9954,all important fields empty,remove_incomplete_rows
,,,,,,,<na>,,,,,,,,,9957,all important fields empty,remove_incomplete_rows
,,,,,,,<na>,,,,,,,,,9958,all important fields empty,remove_incomplete_rows
,,,,,,,<na>,,,,,,,,,9961,all important fields empty,remove_incomplete_rows
,,,,,,,<na>,,,,,,,,,9962,all important fields empty,remove_incomplete_rows
,,,,,,,<na>,,,,,,,,,9965,all important fields empty,remove_incomplete_rows
,,,,,,,<na>,,,,,,,,,9966,all important fields empty,remove_incomplete_rows
,,,,,,,<na>,,,,,,,,,9970,all important fields empty,remove_incomplete_rows
,,,,,,,<na>,,,,,,,,,9971,all important fields empty,remove_incomplete_rows
,,,,,,,<na>,,,,,,,,,9974,all important fields empty,remove_incomplete_rows
,,,,,,,<na>,,,,,,,,,9975,all important fields empty,remove_incomplete_rows
,,,,,,,<na>,,,,,,,,,9979,all important fields empty,remove_incomplete_rows
,,,,,,,<na>,,,,,,,,,9980,all important fields empty,remove_incomplete_rows
,,,,,,,<na>,,,,,,,,,9983,all important fields empty,remove_incomplete_rows
,,,,,,,<na>,,,,,,,,,9984,all important fields empty,remove_incomplete_rows
,,,,,,,<na>,,,,,,,,,9991,all important fields empty,remove_incomplete_rows
,,,,,,,<na>,,,,,,,,,9992,all important fields empty,remove_incomplete_rows
,,,,,,,<na>,,,,,,,,,9995,all important fields empty,remove_incomplete_rows
,,,,,,,<na>,,,,,,,,,9996,all important fields empty,remove_incomplete_rows
,,,,,,,<na>,,,,,,,,,9999,all important fields empty,remove_incomplete_rows
,,,,,,,<na>,,,,,,,,,10000,all important fields empty,remove_incomplete_rows
,,,,,,,<na>,,,,,,,,,10003,all important fields empty,remove_incomplete_rows
,,,,,,,<na>,,,,,,,,,10004,all important fields empty,remove_incomplete_rows
,,,,,,,<na>,,,,,,,,,10007,all important fields empty,remove_incomplete_rows
,,,,,,,<na>,,,,,,,,,10008,all important fields empty,remove_incomplete_rows
,,,,,,,<na>,,,,,,,,,10011,all important fields empty,remove_incomplete_rows
,,,,,,,<na>,,,,,,,,,10012,all important fields empty,remove_incomplete_rows
,,,,,,,<na>,,,,,,,,,10015,all important fields empty,remove_incomplete_rows
,,,,,,,<na>,,,,,,,,,10016,all important fields empty,remove_incomplete_rows
,,,,,,,<na>,,,,,,,,,10024,all important fields empty,remove_incomplete_rows
,,,,,,,<na>,,,,,,,,,10025,all important fields empty,remove_incomplete_rows
,,,,,,,<na>,,,,,,,,,10028,all important fields empty,remove_incomplete_rows
,,,,,,,<na>,,,,,,,,,10029,all important fields empty,remove_incomplete_rows
,,,,,,,<na>,,,,,,,,,10032,all important fields empty,remove_incomplete_rows
,,,,,,,<na>,,,,,,,,,10033,all important fields empty,remove_incomplete_rows
,,,,,,,<na>,,,,,,,,,10038,all important fields empty,remove_incomplete_rows
,,,,,,,<na>,,,,,,,,,10039,all important fields empty,remove_incomplete_rows
,,,,,,,<na>,,,,,,,,,10042,all important fields empty,remove_incomplete_rows
,,,,,,,<na>,,,,,,,,,10043,all important fields empty,remove_incomplete_rows
,,,,,,,<na>,,,,,,,,,10046,all important fields empty,remove_incomplete_rows
,,,,,,,<na>,,,,,,,,,10047,all important fields empty,remove_incomplete_rows
,,,,,,,<na>,,,,,,,,,10050,all important fields empty,remove_incomplete_rows
,,,,,,,<na>,,,,,,,,,10051,all important fields empty,remove_incomplete_rows
,,,,,,,<na>,,,,,,,,,10057,all important fields empty,remove_incomplete_rows
,,,,,,,<na>,,,,,,,,,10058,all important fields empty,remove_incomplete_rows
,,,,,,,<na>,,,,,,,,,10061,all important fields empty,remove_incomplete_rows
,,,,,,,<na>,,,,,,,,,10062,all important fields empty,remove_incomplete_rows
,,,,,,,<na>,,,,,,,,,10067,all important fields empty,remove_incomplete_rows
,,,,,,,<na>,,,,,,,,,10068,all important fields empty,remove_incomplete_rows
,,,,,,,<na>,,,,,,,,,10075,all important fields empty,remove_incomplete_rows
,,,,,,,<na>,,,,,,,,,10076,all important fields empty,remove_incomplete_rows
,,,,,,,<na>,,,,,,,,,10079,all important fields empty,remove_incomplete_rows
,,,,,,,<na>,,,,,,,,,10080,all important fields empty,remove_incomplete_rows
,,,,,,,<na>,,,,,,,,,10084,all important fields empty,remove_incomplete_rows
,,,,,,,<na>,,,,,,,,,10085,all important fields empty,remove_incomplete_rows
,,,,,,,<na>,,,,,,,,,10088,all important fields empty,remove_incomplete_rows
,,,,,,,<na>,,,,,,,,,10089,all important fields empty,remove_incomplete_rows
,,,,,,,<na>,,,,,,,,,10092,all important fields empty,remove_incomplete_rows
,,,,,,,<na>,,,,,,,,,10093,all important fields empty,remove_incomplete_rows
,,,,,,,<na>,,,,,,,,,10096,all important fields empty,remove_incomplete_rows
,,,,,,,<na>,,,,,,,,,10097,all important fields empty,remove_incomplete_rows
,,,,,,,<na>,,,,,,,,,10100,all important fields empty,remove_incomplete_rows
,,,,,,,<na>,,,,,,,,,10101,all important fields empty,remove_incomplete_rows
,,,,,,,<na>,,,,,,,,,10105,all important fields empty,remove_incomplete_rows
,,,,,,,<na>,,,,,,,,,10106,all important fields empty,remove_incomplete_rows
,,,,,,,<na>,,,,,,,,,10110,all important fields empty,remove_incomplete_rows
,,,,,,,<na>,,,,,,,,,10111,all important fields empty,remove_incomplete_rows
,,,,,,,<na>,,,,,,,,,10114,all important fields empty,remove_incomplete_rows
,,,,,,,<na>,,,,,,,,,10115,all important fields empty,remove_incomplete_rows
,,,,,,,<na>,,,,,,,,,10118,all important fields empty,remove_incomplete_rows
,,,,,,,<na>,,,,,,,,,10119,all important fields empty,remove_incomplete_rows
,,,,,,,<na>,,,,,,,,,10122,all important fields empty,remove_incomplete_rows
,,,,,,,<na>,,,,,,,,,10123,all important fields empty,remove_incomplete_rows
,,,,,,,<na>,,,,,,,,,10126,all important fields empty,remove_incomplete_rows
,,,,,,,<na>,,,,,,,,,10127,all important fields empty,remove_incomplete_rows
,,,,,,,<na>,,,,,,,,,10131,all important fields empty,remove_incomplete_rows
,,,,,,,<na>,,,,,,,,,10132,all important fields empty,remove_incomplete_rows
,,,,,,,<na>,,,,,,,,,10135,all important fields empty,remove_incomplete_rows
,,,,,,,<na>,,,,,,,,,10136,all important fields empty,remove_incomplete_rows
,,,,,,,<na>,,,,,,,,,10139,all important fields empty,remove_incomplete_rows
,,,,,,,<na>,,,,,,,,,10140,all important fields empty,remove_incomplete_rows
,,,,,,,<na>,,,,,,,,,10143,all important fields empty,remove_incomplete_rows
,,,,,,,<na>,,,,,,,,,10144,all important fields empty,remove_incomplete_rows
,,,,,,,<na>,,,,,,,,,10147,all important fields empty,remove_incomplete_rows
,,,,,,,<na>,,,,,,,,,10148,all important fields empty,remove_incomplete_rows
,,,,,,,<na>,,,,,,,,,10156,all important fields empty,remove_incomplete_rows
,,,,,,,<na>,,,,,,,,,10157,all important fields empty,remove_incomplete_rows
,,,,,,,<na>,,,,,,,,,10162,all important fields empty,remove_incomplete_rows
,,,,,,,<na>,,,,,,,,,10163,all important fields empty,remove_incomplete_rows
,,,,,,,<na>,,,,,,,,,10167,all important fields empty,remove_incomplete_rows
,,,,,,,<na>,,,,,,,,,10168,all important fields empty,remove_incomplete_rows
,,,,,,,<na>,,,,,,,,,10171,all important fields empty,remove_incomplete_rows
,,,,,,,<na>,,,,,,,,,10172,all important fields empty,remove_incomplete_rows
,,,,,,,<na>,,,,,,,,,10175,all important fields empty,remove_incomplete_rows
,,,,,,,<na>,,,,,,,,,10176,all important fields empty,remove_incomplete_rows
,,,,,,,<na>,,,,,,,,,10180,all important fields empty,remove_incomplete_rows
,,,,,,,<na>,,,,,,,,,10181,all important fields empty,remove_incomplete_rows
,,,,,,,<na>,,,,,,,,,10187,all important fields empty,remove_incomplete_rows
,,,,,,,<na>,,,,,,,,,10188,all important fields empty,remove_incomplete_rows
,,,,,,,<na>,,,,,,,,,10191,all important fields empty,remove_incomplete_rows
,,,,,,,<na>,,,,,,,,,10192,all important fields empty,remove_incomplete_rows
,,,,,,,<na>,,,,,,,,,10195,all important fields empty,remove_incomplete_rows
,,,,,,,<na>,,,,,,,,,10196,all important fields empty,remove_incomplete_rows
,,,,,,,<na>,,,,,,,,,10199,all important fields empty,remove_incomplete_rows
,,,,,,,<na>,,,,,,,,,10200,all important fields empty,remove_incomplete_rows
,,,,,,,<na>,,,,,,,,,10204,all important fields empty,remove_incomplete_rows
,,,,,,,<na>,,,,,,,,,10205,all important fields empty,remove_incomplete_rows
,,,,,,,<na>,,,,,,,,,10208,all important fields empty,remove_incomplete_rows
,,,,,,,<na>,,,,,,,,,10209,all important fields empty,remove_incomplete_rows
,,,,,,,<na>,,,,,,,,,10212,all important fields empty,remove_incomplete_rows
,,,,,,,<na>,,,,,,,,,10213,all important fields empty,remove_incomplete_rows
,,,,,,,<na>,,,,,,,,,10216,all important fields empty,remove_incomplete_rows
,,,,,,,<na>,,,,,,,,,10217,all important fields empty,remove_incomplete_rows
,,,,,,,<na>,,,,,,,,,10222,all important fields empty,remove_incomplete_rows
,,,,,,,<na>,,,,,,,,,10223,all important fields empty,remove_incomplete_rows
,,,,,,,<na>,,,,,,,,,10226,all important fields empty,remove_incomplete_rows
,,,,,,,<na>,,,,,,,,,10227,all important fields empty,remove_incomplete_rows
,,,,,,,<na>,,,,,,,,,10230,all important fields empty,remove_incomplete_rows
,,,,,,,<na>,,,,,,,,,10231,all important fields empty,remove_incomplete_rows
,,,,,,,<na>,,,,,,,,,10235,all important fields empty,remove_incomplete_rows
,,,,,,,<na>,,,,,,,,,10236,all important fields empty,remove_incomplete_rows
,,,,,,,<na>,,,,,,,,,10239,all important fields empty,remove_incomplete_rows
,,,,,,,<na>,,,,,,,,,10240,all important fields empty,remove_incomplete_rows
,,,,,,,<na>,,,,,,,,,10243,all important fields empty,remove_incomplete_rows
,,,,,,,<na>,,,,,,,,,10244,all important fields empty,remove_incomplete_rows
,,,,,,,<na>,,,,,,,,,10247,all important fields empty,remove_incomplete_rows
,,,,,,,<na>,,,,,,,,,10248,all important fields empty,remove_incomplete_rows
,,,,,,,<na>,,,,,,,,,10252,all important fields empty,remove_incomplete_rows
,,,,,,,<na>,,,,,,,,,10253,all important fields empty,remove_incomplete_rows
,,,,,,,<na>,,,,,,,,,10258,all important fields empty,remove_incomplete_rows
,,,,,,,<na>,,,,,,,,,10259,all important fields empty,remove_incomplete_rows
,,,,,,,<na>,,,,,,,,,10262,all important fields empty,remove_incomplete_rows
,,,,,,,<na>,,,,,,,,,10263,all important fields empty,remove_incomplete_rows
,,,,,,,<na>,,,,,,,,,10266,all important fields empty,remove_incomplete_rows
,,,,,,,<na>,,,,,,,,,10267,all important fields empty,remove_incomplete_rows
,,,,,,,<na>,,,,,,,,,10271,all important fields empty,remove_incomplete_rows
,,,,,,,<na>,,,,,,,,,10272,all important fields empty,remove_incomplete_rows
,,,,,,,<na>,,,,,,,,,10277,all important fields empty,remove_incomplete_rows
,,,,,,,<na>,,,,,,,,,10278,all important fields empty,remove_incomplete_rows
,,,,,,,<na>,,,,,,,,,10281,all important fields empty,remove_incomplete_rows
,,,,,,,<na>,,,,,,,,,10282,all important fields empty,remove_incomplete_rows
,,,,,,,<na>,,,,,,,,,10288,all important fields empty,remove_incomplete_rows
,,,,,,,<na>,,,,,,,,,10289,all important fields empty,remove_incomplete_rows
,,,,,,,<na>,,,,,,,,,10293,all important fields empty,remove_incomplete_rows
,,,,,,,<na>,,,,,,,,,10294,all important fields empty,remove_incomplete_rows
,,,,,,,<na>,,,,,,,,,10298,all important fields empty,remove_incomplete_rows
,,,,,,,<na>,,,,,,,,,10299,all important fields empty,remove_incomplete_rows
,,,,,,,<na>,,,,,,,,,10302,all important fields empty,remove_incomplete_rows
,,,,,,,<na>,,,,,,,,,10303,all important fields empty,remove_incomplete_rows
,,,,,,,<na>,,,,,,,,,10306,all important fields empty,remove_incomplete_rows
,,,,,,,<na>,,,,,,,,,10307,all important fields empty,remove_incomplete_rows
,,,,,,,<na>,,,,,,,,,10312,all important fields empty,remove_incomplete_rows
,,,,,,,<na>,,,,,,,,,10313,all important fields empty,remove_incomplete_rows
,,,,,,,<na>,,,,,,,,,10316,all important fields empty,remove_incomplete_rows
,,,,,,,<na>,,,,,,,,,10317,all important fields empty,remove_incomplete_rows
,,,,,,,<na>,,,,,,,,,10320,all important fields empty,remove_incomplete_rows
,,,,,,,<na>,,,,,,,,,10321,all important fields empty,remove_incomplete_rows
,,,,,,,<na>,,,,,,,,,10324,all important fields empty,remove_incomplete_rows
,,,,,,,<na>,,,,,,,,,10325,all important fields empty,remove_incomplete_rows
,,,,,,,<na>,,,,,,,,,10329,all important fields empty,remove_incomplete_rows
,,,,,,,<na>,,,,,,,,,10330,all important fields empty,remove_incomplete_rows
,,,,,,,<na>,,,,,,,,,10333,all important fields empty,remove_incomplete_rows
,,,,,,,<na>,,,,,,,,,10334,all important fields empty,remove_incomplete_rows
,,,,,,,<na>,,,,,,,,,10340,all important fields empty,remove_incomplete_rows
,,,,,,,<na>,,,,,,,,,10341,all important fields empty,remove_incomplete_rows
,,,,,,,<na>,,,,,,,,,10344,all important fields empty,remove_incomplete_rows
,,,,,,,<na>,,,,,,,,,10345,all important fields empty,remove_incomplete_rows
,,,,,,,<na>,,,,,,,,,10348,all important fields empty,remove_incomplete_rows
,,,,,,,<na>,,,,,,,,,10349,all important fields empty,remove_incomplete_rows
,,,,,,,<na>,,,,,,,,,10353,all important fields empty,remove_incomplete_rows
,,,,,,,<na>,,,,,,,,,10354,all important fields empty,remove_incomplete_rows
,,,,,,,<na>,,,,,,,,,10357,all important fields empty,remove_incomplete_rows
,,,,,,,<na>,,,,,,,,,10358,all important fields empty,remove_incomplete_rows
,,,,,,,<na>,,,,,,,,,10361,all important fields empty,remove_incomplete_rows
,,,,,,,<na>,,,,,,,,,10362,all important fields empty,remove_incomplete_rows
,,,,,,,<na>,,,,,,,,,10365,all important fields empty,remove_incomplete_rows
,,,,,,,<na>,,,,,,,,,10366,all important fields empty,remove_incomplete_rows
,,,,,,,<na>,,,,,,,,,10369,all important fields empty,remove_incomplete_rows
,,,,,,,<na>,,,,,,,,,10370,all important fields empty,remove_incomplete_rows
,,,,,,,<na>,,,,,,,,,10373,all important fields empty,remove_incomplete_rows
,,,,,,,<na>,,,,,,,,,10374,all important fields empty,remove_incomplete_rows
,,,,,,,<na>,,,,,,,,,10377,all important fields empty,remove_incomplete_rows
,,,,,,,<na>,,,,,,,,,10378,all important fields empty,remove_incomplete_rows
,,,,,,,<na>,,,,,,,,,10381,all important fields empty,remove_incomplete_rows
,,,,,,,<na>,,,,,,,,,10382,all important fields empty,remove_incomplete_rows
,,,,,,,<na>,,,,,,,,,10386,all important fields empty,remove_incomplete_rows
,,,,,,,<na>,,,,,,,,,10387,all important fields empty,remove_incomplete_rows
,,,,,,,<na>,,,,,,,,,10390,all important fields empty,remove_incomplete_rows
,,,,,,,<na>,,,,,,,,,10391,all important fields empty,remove_incomplete_rows
,,,,,,,<na>,,,,,,,,,10396,all important fields empty,remove_incomplete_rows
,,,,,,,<na>,,,,,,,,,10397,all important fields empty,remove_incomplete_rows
,,,,,,,<na>,,,,,,,,,10400,all important fields empty,remove_incomplete_rows
,,,,,,,<na>,,,,,,,,,10401,all important fields empty,remove_incomplete_rows
,,,,,,,<na>,,,,,,,,,10404,all important fields empty,remove_incomplete_rows
,,,,,,,<na>,,,,,,,,,10405,all important fields empty,remove_incomplete_rows
,,,,,,,<na>,,,,,,,,,10408,all important fields empty,remove_incomplete_rows
,,,,,,,<na>,,,,,,,,,10409,all important fields empty,remove_incomplete_rows
,,,,,,,<na>,,,,,,,,,10412,all important fields empty,remove_incomplete_rows
,,,,,,,<na>,,,,,,,,,10413,all important fields empty,remove_incomplete_rows
,,,,,,,<na>,,,,,,,,,10417,all important fields empty,remove_incomplete_rows
,,,,,,,<na>,,,,,,,,,10418,all important fields empty,remove_incomplete_rows
,,,,,,,<na>,,,,,,,,,10421,all important fields empty,remove_incomplete_rows
,,,,,,,<na>,,,,,,,,,10422,all important fields empty,remove_incomplete_rows
,,,,,,,<na>,,,,,,,,,10425,all important fields empty,remove_incomplete_rows
,,,,,,,<na>,,,,,,,,,10426,all important fields empty,remove_incomplete_rows
,,,,,,,<na>,,,,,,,,,10437,all important fields empty,remove_incomplete_rows
,,,,,,,<na>,,,,,,,,,10438,all important fields empty,remove_incomplete_rows
,,,,,,,<na>,,,,,,,,,10441,all important fields empty,remove_incomplete_rows
,,,,,,,<na>,,,,,,,,,10442,all important fields empty,remove_incomplete_rows
,,,,,,,<na>,,,,,,,,,10448,all important fields empty,remove_incomplete_rows
,,,,,,,<na>,,,,,,,,,10449,all important fields empty,remove_incomplete_rows
,,,,,,,<na>,,,,,,,,,10454,all important fields empty,remove_incomplete_rows
,,,,,,,<na>,,,,,,,,,10455,all important fields empty,remove_incomplete_rows
,,,,,,,<na>,,,,,,,,,10461,all important fields empty,remove_incomplete_rows
,,,,,,,<na>,,,,,,,,,10462,all important fields empty,remove_incomplete_rows
,,,,,,,<na>,,,,,,,,,10465,all important fields empty,remove_incomplete_rows
,,,,,,,<na>,,,,,,,,,10466,all important fields empty,remove_incomplete_rows
,,,,,,,<na>,,,,,,,,,10470,all important fields empty,remove_incomplete_rows
,,,,,,,<na>,,,,,,,,,10471,all important fields empty,remove_incomplete_rows
,,,,,,,<na>,,,,,,,,,10474,all important fields empty,remove_incomplete_rows
,,,,,,,<na>,,,,,,,,,10475,all important fields empty,remove_incomplete_rows
,,,,,,,<na>,,,,,,,,,10478,all important fields empty,remove_incomplete_rows
,,,,,,,<na>,,,,,,,,,10479,all important fields empty,remove_incomplete_rows
,,,,,,,<na>,,,,,,,,,10482,all important fields empty,remove_incomplete_rows
,,,,,,,<na>,,,,,,,,,10483,all important fields empty,remove_incomplete_rows
,,,,,,,<na>,,,,,,,,,10487,all important fields empty,remove_incomplete_rows
,,,,,,,<na>,,,,,,,,,10488,all important fields empty,remove_incomplete_rows
,,,,,,,<na>,,,,,,,,,10491,all important fields empty,remove_incomplete_rows
,,,,,,,<na>,,,,,,,,,10492,all important fields empty,remove_incomplete_rows
,,,,,,,<na>,,,,,,,,,10495,all important fields empty,remove_incomplete_rows
,,,,,,,<na>,,,,,,,,,10496,all important fields empty,remove_incomplete_rows
,,,,,,,<na>,,,,,,,,,10499,all important fields empty,remove_incomplete_rows
,,,,,,,<na>,,,,,,,,,10500,all important fields empty,remove_incomplete_rows
,,,,,,,<na>,,,,,,,,,10505,all important fields empty,remove_incomplete_rows
,,,,,,,<na>,,,,,,,,,10506,all important fields empty,remove_incomplete_rows
,,,,,,,<na>,,,,,,,,,10510,all important fields empty,remove_incomplete_rows
,,,,,,,<na>,,,,,,,,,10511,all important fields empty,remove_incomplete_rows
,,,,,,,<na>,,,,,,,,,10514,all important fields empty,remove_incomplete_rows
,,,,,,,<na>,,,,,,,,,10515,all important fields empty,remove_incomplete_rows
,,,,,,,<na>,,,,,,,,,10518,all important fields empty,remove_incomplete_rows
,,,,,,,<na>,,,,,,,,,10519,all important fields empty,remove_incomplete_rows
,,,,,,,<na>,,,,,,,,,10522,all important fields empty,remove_incomplete_rows
,,,,,,,<na>,,,,,,,,,10523,all important fields empty,remove_incomplete_rows
,,,,,,,<na>,,,,,,,,,10528,all important fields empty,remove_incomplete_rows
,,,,,,,<na>,,,,,,,,,10529,all important fields empty,remove_incomplete_rows
,,,,,,,<na>,,,,,,,,,10534,all important fields empty,remove_incomplete_rows
,,,,,,,<na>,,,,,,,,,10535,all important fields empty,remove_incomplete_rows
,,,,,,,<na>,,,,,,,,,10538,all important fields empty,remove_incomplete_rows
,,,,,,,<na>,,,,,,,,,10539,all important fields empty,remove_incomplete_rows
,,,,,,,<na>,,,,,,,,,10542,all important fields empty,remove_incomplete_rows
,,,,,,,<na>,,,,,,,,,10543,all important fields empty,remove_incomplete_rows
,,,,,,,<na>,,,,,,,,,10546,all important fields empty,remove_incomplete_rows
,,,,,,,<na>,,,,,,,,,10547,all important fields empty,remove_incomplete_rows
,,,,,,,<na>,,,,,,,,,10551,all important fields empty,remove_incomplete_rows
,,,,,,,<na>,,,,,,,,,10552,all important fields empty,remove_incomplete_rows
,,,,,,,<na>,,,,,,,,,10555,all important fields empty,remove_incomplete_rows
,,,,,,,<na>,,,,,,,,,10556,all important fields empty,remove_incomplete_rows
,,,,,,,<na>,,,,,,,,,10559,all important fields empty,remove_incomplete_rows
,,,,,,,<na>,,,,,,,,,10560,all important fields empty,remove_incomplete_rows
,,,,,,,<na>,,,,,,,,,10563,all important fields empty,remove_incomplete_rows
,,,,,,,<na>,,,,,,,,,10564,all important fields empty,remove_incomplete_rows
,,,,,,,<na>,,,,,,,,,10569,all important fields empty,remove_incomplete_rows
,,,,,,,<na>,,,,,,,,,10570,all important fields empty,remove_incomplete_rows
,,,,,,,<na>,,,,,,,,,10574,all important fields empty,remove_incomplete_rows
,,,,,,,<na>,,,,,,,,,10575,all important fields empty,remove_incomplete_rows
,,,,,,,<na>,,,,,,,,,10578,all important fields empty,remove_incomplete_rows
,,,,,,,<na>,,,,,,,,,10579,all important fields empty,remove_incomplete_rows
,,,,,,,<na>,,,,,,,,,10583,all important fields empty,remove_incomplete_rows
,,,,,,,<na>,,,,,,,,,10584,all important fields empty,remove_incomplete_rows
,,,,,,,<na>,,,,,,,,,10594,all important fields empty,remove_incomplete_rows
,,,,,,,<na>,,,,,,,,,10595,all important fields empty,remove_incomplete_rows
,,,,,,,<na>,,,,,,,,,10598,all important fields empty,remove_incomplete_rows
,,,,,,,<na>,,,,,,,,,10599,all important fields empty,remove_incomplete_rows
,,,,,,,<na>,,,,,,,,,10602,all important fields empty,remove_incomplete_rows
,,,,,,,<na>,,,,,,,,,10603,all important fields empty,remove_incomplete_rows
,,,,,,,<na>,,,,,,,,,10607,all important fields empty,remove_incomplete_rows
,,,,,,,<na>,,,,,,,,,10608,all important fields empty,remove_incomplete_rows
,,,,,,,<na>,,,,,,,,,10611,all important fields empty,remove_incomplete_rows
,,,,,,,<na>,,,,,,,,,10612,all important fields empty,remove_incomplete_rows
,,,,,,,<na>,,,,,,,,,10615,all important fields empty,remove_incomplete_rows
,,,,,,,<na>,,,,,,,,,10616,all important fields empty,remove_incomplete_rows
,,,,,,,<na>,,,,,,,,,10619,all important fields empty,remove_incomplete_rows
,,,,,,,<na>,,,,,,,,,10620,all important fields empty,remove_incomplete_rows
,,,,,,,<na>,,,,,,,,,10623,all important fields empty,remove_incomplete_rows
,,,,,,,<na>,,,,,,,,,10624,all important fields empty,remove_incomplete_rows
,,,,,,,<na>,,,,,,,,,10627,all important fields empty,remove_incomplete_rows
,,,,,,,<na>,,,,,,,,,10628,all important fields empty,remove_incomplete_rows
,,,,,,,<na>,,,,,,,,,10633,all important fields empty,remove_incomplete_rows
,,,,,,,<na>,,,,,,,,,10634,all important fields empty,remove_incomplete_rows
,,,,,,,<na>,,,,,,,,,10637,all important fields empty,remove_incomplete_rows
,,,,,,,<na>,,,,,,,,,10638,all important fields empty,remove_incomplete_rows
,,,,,,,<na>,,,,,,,,,10641,all important fields empty,remove_incomplete_rows
,,,,,,,<na>,,,,,,,,,10642,all important fields empty,remove_incomplete_rows
,,,,,,,<na>,,,,,,,,,10645,all important fields empty,remove_incomplete_rows
,,,,,,,<na>,,,,,,,,,10646,all important fields empty,remove_incomplete_rows
,,,,,,,<na>,,,,,,,,,10649,all important fields empty,remove_incomplete_rows
,,,,,,,<na>,,,,,,,,,10650,all important fields empty,remove_incomplete_rows
,,,,,,,<na>,,,,,,,,,10653,all important fields empty,remove_incomplete_rows
,,,,,,,<na>,,,,,,,,,10654,all important fields empty,remove_incomplete_rows
,,,,,,,<na>,,,,,,,,,10657,all important fields empty,remove_incomplete_rows
,,,,,,,<na>,,,,,,,,,10658,all important fields empty,remove_incomplete_rows
,,,,,,,<na>,,,,,,,,,10662,all important fields empty,remove_incomplete_rows
,,,,,,,<na>,,,,,,,,,10663,all important fields empty,remove_incomplete_rows
,,,,,,,<na>,,,,,,,,,10666,all important fields empty,remove_incomplete_rows
,,,,,,,<na>,,,,,,,,,10667,all important fields empty,remove_incomplete_rows
,,,,,,,<na>,,,,,,,,,10670,all important fields empty,remove_incomplete_rows
,,,,,,,<na>,,,,,,,,,10671,all important fields empty,remove_incomplete_rows
,,,,,,,<na>,,,,,,,,,10676,all important fields empty,remove_incomplete_rows
,,,,,,,<na>,,,,,,,,,10677,all important fields empty,remove_incomplete_rows
,,,,,,,<na>,,,,,,,,,10680,all important fields empty,remove_incomplete_rows
,,,,,,,<na>,,,,,,,,,10681,all important fields empty,remove_incomplete_rows
,,,,,,,<na>,,,,,,,,,10684,all important fields empty,remove_incomplete_rows
,,,,,,,<na>,,,,,,,,,10685,all important fields empty,remove_incomplete_rows
,,,,,,,<na>,,,,,,,,,10688,all important fields empty,remove_incomplete_rows
,,,,,,,<na>,,,,,,,,,10689,all important fields empty,remove_incomplete_rows
,,,,,,,<na>,,,,,,,,,10693,all important fields empty,remove_incomplete_rows
,,,,,,,<na>,,,,,,,,,10694,all important fields empty,remove_incomplete_rows
,,,,,,,<na>,,,,,,,,,10697,all important fields empty,remove_incomplete_rows
,,,,,,,<na>,,,,,,,,,10698,all important fields empty,remove_incomplete_rows
,,,,,,,<na>,,,,,,,,,10701,all important fields empty,remove_incomplete_rows
,,,,,,,<na>,,,,,,,,,10702,all important fields empty,remove_incomplete_rows
,,,,,,,<na>,,,,,,,,,10707,all important fields empty,remove_incomplete_rows
,,,,,,,<na>,,,,,,,,,10708,all important fields empty,remove_incomplete_rows
,,,,,,,<na>,,,,,,,,,10711,all important fields empty,remove_incomplete_rows
,,,,,,,<na>,,,,,,,,,10712,all important fields empty,remove_incomplete_rows
,,,,,,,<na>,,,,,,,,,10715,all important fields empty,remove_incomplete_rows
,,,,,,,<na>,,,,,,,,,10716,all important fields empty,remove_incomplete_rows
,,,,,,,<na>,,,,,,,,,10719,all important fields empty,remove_incomplete_rows
,,,,,,,<na>,,,,,,,,,10720,all important fields empty,remove_incomplete_rows
,,,,,,,<na>,,,,,,,,,10723,all important fields empty,remove_incomplete_rows
,,,,,,,<na>,,,,,,,,,10724,all important fields empty,remove_incomplete_rows
,,,,,,,<na>,,,,,,,,,10727,all important fields empty,remove_incomplete_rows
,,,,,,,<na>,,,,,,,,,10728,all important fields empty,remove_incomplete_rows
,,,,,,,<na>,,,,,,,,,10734,all important fields empty,remove_incomplete_rows
,,,,,,,<na>,,,,,,,,,10735,all important fields empty,remove_incomplete_rows
,,,,,,,<na>,,,,,,,,,10738,all important fields empty,remove_incomplete_rows
,,,,,,,<na>,,,,,,,,,10739,all important fields empty,remove_incomplete_rows
,,,,,,,<na>,,,,,,,,,10745,all important fields empty,remove_incomplete_rows
,,,,,,,<na>,,,,,,,,,10746,all important fields empty,remove_incomplete_rows
,,,,,,,<na>,,,,,,,,,10749,all important fields empty,remove_incomplete_rows
,,,,,,,<na>,,,,,,,,,10750,all important fields empty,remove_incomplete_rows
,,,,,,,<na>,,,,,,,,,10754,all important fields empty,remove_incomplete_rows
,,,,,,,<na>,,,,,,,,,10755,all important fields empty,remove_incomplete_rows
,,,,,,,<na>,,,,,,,,,10758,all important fields empty,remove_incomplete_rows
,,,,,,,<na>,,,,,,,,,10759,all important fields empty,remove_incomplete_rows
,,,,,,,<na>,,,,,,,,,10762,all important fields empty,remove_incomplete_rows
,,,,,,,<na>,,,,,,,,,10763,all important fields empty,remove_incomplete_rows
,,,,,,,<na>,,,,,,,,,10766,all important fields empty,remove_incomplete_rows
,,,,,,,<na>,,,,,,,,,10767,all important fields empty,remove_incomplete_rows
,,,,,,,<na>,,,,,,,,,10771,all important fields empty,remove_incomplete_rows
,,,,,,,<na>,,,,,,,,,10772,all important fields empty,remove_incomplete_rows
,,,,,,,<na>,,,,,,,,,10775,all important fields empty,remove_incomplete_rows
,,,,,,,<na>,,,,,,,,,10776,all important fields empty,remove_incomplete_rows
,,,,,,,<na>,,,,,,,,,10779,all important fields empty,remove_incomplete_rows
,,,,,,,<na>,,,,,,,,,10780,all important fields empty,remove_incomplete_rows
,,,,,,,<na>,,,,,,,,,10784,all important fields empty,remove_incomplete_rows
,,,,,,,<na>,,,,,,,,,10785,all important fields empty,remove_incomplete_rows
,,,,,,,<na>,,,,,,,,,10791,all important fields empty,remove_incomplete_rows
,,,,,,,<na>,,,,,,,,,10792,all important fields empty,remove_incomplete_rows
,,,,,,,<na>,,,,,,,,,10795,all important fields empty,remove_incomplete_rows
,,,,,,,<na>,,,,,,,,,10796,all important fields empty,remove_incomplete_rows
,,,,,,,<na>,,,,,,,,,10801,all important fields empty,remove_incomplete_rows
,,,,,,,<na>,,,,,,,,,10802,all important fields empty,remove_incomplete_rows
,,,,,,,<na>,,,,,,,,,10805,all important fields empty,remove_incomplete_rows
,,,,,,,<na>,,,,,,,,,10806,all important fields empty,remove_incomplete_rows
,,,,,,,<na>,,,,,,,,,10809,all important fields empty,remove_incomplete_rows
,,,,,,,<na>,,,,,,,,,10810,all important fields empty,remove_incomplete_rows
,,,,,,,<na>,,,,,,,,,10814,all important fields empty,remove_incomplete_rows
,,,,,,,<na>,,,,,,,,,10815,all important fields empty,remove_incomplete_rows
,,,,,,,<na>,,,,,,,,,10819,all important fields empty,remove_incomplete_rows
,,,,,,,<na>,,,,,,,,,10820,all important fields empty,remove_incomplete_rows
,,,,,,,<na>,,,,,,,,,10823,all important fields empty,remove_incomplete_rows
,,,,,,,<na>,,,,,,,,,10824,all important fields empty,remove_incomplete_rows
,,,,,,,<na>,,,,,,,,,10827,all important fields empty,remove_incomplete_rows
,,,,,,,<na>,,,,,,,,,10828,all important fields empty,remove_incomplete_rows
,,,,,,,<na>,,,,,,,,,10831,all important fields empty,remove_incomplete_rows
,,,,,,,<na>,,,,,,,,,10832,all important fields empty,remove_incomplete_rows
,,,,,,,<na>,,,,,,,,,10835,all important fields empty,remove_incomplete_rows
,,,,,,,<na>,,,,,,,,,10836,all important fields empty,remove_incomplete_rows
,,,,,,,<na>,,,,,,,,,10839,all important fields empty,remove_incomplete_rows
,,,,,,,<na>,,,,,,,,,10840,all important fields empty,remove_incomplete_rows
,,,,,,,<na>,,,,,,,,,10844,all important fields empty,remove_incomplete_rows
,,,,,,,<na>,,,,,,,,,10845,all important fields empty,remove_incomplete_rows
,,,,,,,<na>,,,,,,,,,10848,all important fields empty,remove_incomplete_rows
,,,,,,,<na>,,,,,,,,,10849,all important fields empty,remove_incomplete_rows
,,,,,,,<na>,,,,,,,,,10854,all important fields empty,remove_incomplete_rows
,,,,,,,<na>,,,,,,,,,10855,all important fields empty,remove_incomplete_rows
,,,,,,,<na>,,,,,,,,,10858,all important fields empty,remove_incomplete_rows
,,,,,,,<na>,,,,,,,,,10859,all important fields empty,remove_incomplete_rows
,,,,,,,<na>,,,,,,,,,10862,all important fields empty,remove_incomplete_rows
,,,,,,,<na>,,,,,,,,,10863,all important fields empty,remove_incomplete_rows
,,,,,,,<na>,,,,,,,,,10866,all important fields empty,remove_incomplete_rows
,,,,,,,<na>,,,,,,,,,10867,all important fields empty,remove_incomplete_rows
,,,,,,,<na>,,,,,,,,,10870,all important fields empty,remove_incomplete_rows
,,,,,,,<na>,,,,,,,,,10871,all important fields empty,remove_incomplete_rows
,,,,,,,<na>,,,,,,,,,10876,all important fields empty,remove_incomplete_rows
,,,,,,,<na>,,,,,,,,,10877,all important fields empty,remove_incomplete_rows
,,,,,,,<na>,,,,,,,,,10880,all important fields empty,remove_incomplete_rows
,,,,,,,<na>,,,,,,,,,10881,all important fields empty,remove_incomplete_rows
,,,,,,,<na>,,,,,,,,,10884,all important fields empty,remove_incomplete_rows
,,,,,,,<na>,,,,,,,,,10885,all important fields empty,remove_incomplete_rows
,,,,,,,<na>,,,,,,,,,10889,all important fields empty,remove_incomplete_rows
,,,,,,,<na>,,,,,,,,,10890,all important fields empty,remove_incomplete_rows
,,,,,,,<na>,,,,,,,,,10893,all important fields empty,remove_incomplete_rows
,,,,,,,<na>,,,,,,,,,10894,all important fields empty,remove_incomplete_rows
,,,,,,,<na>,,,,,,,,,10897,all important fields empty,remove_incomplete_rows
,,,,,,,<na>,,,,,,,,,10898,all important fields empty,remove_incomplete_rows
,,,,,,,<na>,,,,,,,,,10902,all important fields empty,remove_incomplete_rows
,,,,,,,<na>,,,,,,,,,10903,all important fields empty,remove_incomplete_rows
,,,,,,,<na>,,,,,,,,,10906,all important fields empty,remove_incomplete_rows
,,,,,,,<na>,,,,,,,,,10907,all important fields empty,remove_incomplete_rows
,,,,,,,<na>,,,,,,,,,10911,all important fields empty,remove_incomplete_rows
,,,,,,,<na>,,,,,,,,,10912,all important fields empty,remove_incomplete_rows
,,,,,,,<na>,,,,,,,,,10915,all important fields empty,remove_incomplete_rows
,,,,,,,<na>,,,,,,,,,10916,all important fields empty,remove_incomplete_rows
,,,,,,,<na>,,,,,,,,,10919,all important fields empty,remove_incomplete_rows
,,,,,,,<na>,,,,,,,,,10920,all important fields empty,remove_incomplete_rows
,,,,,,,<na>,,,,,,,,,10923,all important fields empty,remove_incomplete_rows
,,,,,,,<na>,,,,,,,,,10924,all important fields empty,remove_incomplete_rows
,,,,,,,<na>,,,,,,,,,10928,all important fields empty,remove_incomplete_rows
,,,,,,,<na>,,,,,,,,,10929,all important fields empty,remove_incomplete_rows
,,,,,,,<na>,,,,,,,,,10932,all important fields empty,remove_incomplete_rows
,,,,,,,<na>,,,,,,,,,10933,all important fields empty,remove_incomplete_rows
,,,,,,,<na>,,,,,,,,,10937,all important fields empty,remove_incomplete_rows
,,,,,,,<na>,,,,,,,,,10938,all important fields empty,remove_incomplete_rows
,,,,,,,<na>,,,,,,,,,10942,all important fields empty,remove_incomplete_rows
,,,,,,,<na>,,,,,,,,,10943,all important fields empty,remove_incomplete_rows
,,,,,,,<na>,,,,,,,,,10947,all important fields empty,remove_incomplete_rows
,,,,,,,<na>,,,,,,,,,10948,all important fields empty,remove_incomplete_rows
,,,,,,,<na>,,,,,,,,,10953,all important fields empty,remove_incomplete_rows
,,,,,,,<na>,,,,,,,,,10954,all important fields empty,remove_incomplete_rows
,,,,,,,<na>,,,,,,,,,10959,all important fields empty,remove_incomplete_rows
,,,,,,,<na>,,,,,,,,,10960,all important fields empty,remove_incomplete_rows
,,,,,,,<na>,,,,,,,,,10965,all important fields empty,remove_incomplete_rows
,,,,,,,<na>,,,,,,,,,10966,all important fields empty,remove_incomplete_rows
,,,,,,,<na>,,,,,,,,,10969,all important fields empty,remove_incomplete_rows
,,,,,,,<na>,,,,,,,,,10970,all important fields empty,remove_incomplete_rows
,,,,,,,<na>,,,,,,,,,10974,all important fields empty,remove_incomplete_rows
,,,,,,,<na>,,,,,,,,,10975,all important fields empty,remove_incomplete_rows
,,,,,,,<na>,,,,,,,,,10980,all important fields empty,remove_incomplete_rows
,,,,,,,<na>,,,,,,,,,10981,all important fields empty,remove_incomplete_rows
,,,,,,,<na>,,,,,,,,,10986,all important fields empty,remove_incomplete_rows
,,,,,,,<na>,,,,,,,,,10987,all important fields empty,remove_incomplete_rows
,,,,,,,<na>,,,,,,,,,10990,all important fields empty,remove_incomplete_rows
,,,,,,,<na>,,,,,,,,,10991,all important fields empty,remove_incomplete_rows
,,,,,,,<na>,,,,,,,,,10994,all important fields empty,remove_incomplete_rows
,,,,,,,<na>,,,,,,,,,10995,all important fields empty,remove_incomplete_rows
,,,,,,,<na>,,,,,,,,,11001,all important fields empty,remove_incomplete_rows
,,,,,,,<na>,,,,,,,,,11002,all important fields empty,remove_incomplete_rows
,,,,,,,<na>,,,,,,,,,11008,all important fields empty,remove_incomplete_rows
,,,,,,,<na>,,,,,,,,,11009,all important fields empty,remove_incomplete_rows
,,,,,,,<na>,,,,,,,,,11012,all important fields empty,remove_incomplete_rows
,,,,,,,<na>,,,,,,,,,11013,all important fields empty,remove_incomplete_rows
,,,,,,,<na>,,,,,,,,,11021,all important fields empty,remove_incomplete_rows
,,,,,,,<na>,,,,,,,,,11022,all important fields empty,remove_incomplete_rows
,,,,,,,<na>,,,,,,,,,11027,all important fields empty,remove_incomplete_rows
,,,,,,,<na>,,,,,,,,,11028,all important fields empty,remove_incomplete_rows
,,,,,,,<na>,,,,,,,,,11032,all important fields empty,remove_incomplete_rows
,,,,,,,<na>,,,,,,,,,11033,all important fields empty,remove_incomplete_rows
,,,,,,,<na>,,,,,,,,,11037,all important fields empty,remove_incomplete_rows
,,,,,,,<na>,,,,,,,,,11038,all important fields empty,remove_incomplete_rows
,,,,,,,<na>,,,,,,,,,11041,all important fields empty,remove_incomplete_rows
,,,,,,,<na>,,,,,,,,,11042,all important fields empty,remove_incomplete_rows
,,,,,,,<na>,,,,,,,,,11045,all important fields empty,remove_incomplete_rows
,,,,,,,<na>,,,,,,,,,11046,all important fields empty,remove_incomplete_rows
,,,,,,,<na>,,,,,,,,,11052,all important fields empty,remove_incomplete_rows
,,,,,,,<na>,,,,,,,,,11053,all important fields empty,remove_incomplete_rows
,,,,,,,<na>,,,,,,,,,11056,all important fields empty,remove_incomplete_rows
,,,,,,,<na>,,,,,,,,,11057,all important fields empty,remove_incomplete_rows
,,,,,,,<na>,,,,,,,,,11061,all important fields empty,remove_incomplete_rows
,,,,,,,<na>,,,,,,,,,11062,all important fields empty,remove_incomplete_rows
,,,,,,,<na>,,,,,,,,,11066,all important fields empty,remove_incomplete_rows
,,,,,,,<na>,,,,,,,,,11067,all important fields empty,remove_incomplete_rows
,,,,,,,<na>,,,,,,,,,11070,all important fields empty,remove_incomplete_rows
,,,,,,,<na>,,,,,,,,,11071,all important fields empty,remove_incomplete_rows
,,,,,,,<na>,,,,,,,,,11077,all important fields empty,remove_incomplete_rows
,,,,,,,<na>,,,,,,,,,11078,all important fields empty,remove_incomplete_rows
,,,,,,,<na>,,,,,,,,,11083,all important fields empty,remove_incomplete_rows
,,,,,,,<na>,,,,,,,,,11084,all important fields empty,remove_incomplete_rows
,,,,,,,<na>,,,,,,,,,11087,all important fields empty,remove_incomplete_rows
,,,,,,,<na>,,,,,,,,,11088,all important fields empty,remove_incomplete_rows
,,,,,,,<na>,,,,,,,,,11091,all important fields empty,remove_incomplete_rows
,,,,,,,<na>,,,,,,,,,11092,all important fields empty,remove_incomplete_rows
,,,,,,,<na>,,,,,,,,,11097,all important fields empty,remove_incomplete_rows
,,,,,,,<na>,,,,,,,,,11098,all important fields empty,remove_incomplete_rows
,,,,,,,<na>,,,,,,,,,11101,all important fields empty,remove_incomplete_rows
,,,,,,,<na>,,,,,,,,,11102,all important fields empty,remove_incomplete_rows
,,,,,,,<na>,,,,,,,,,11105,all important fields empty,remove_incomplete_rows
,,,,,,,<na>,,,,,,,,,11106,all important fields empty,remove_incomplete_rows
,,,,,,,<na>,,,,,,,,,11109,all important fields empty,remove_incomplete_rows
,,,,,,,<na>,,,,,,,,,11110,all important fields empty,remove_incomplete_rows
,,,,,,,<na>,,,,,,,,,11113,all important fields empty,remove_incomplete_rows
,,,,,,,<na>,,,,,,,,,11114,all important fields empty,remove_incomplete_rows
,,,,,,,<na>,,,,,,,,,11117,all important fields empty,remove_incomplete_rows
,,,,,,,<na>,,,,,,,,,11118,all important fields empty,remove_incomplete_rows
,,,,,,,<na>,,,,,,,,,11121,all important fields empty,remove_incomplete_rows
,,,,,,,<na>,,,,,,,,,11122,all important fields empty,remove_incomplete_rows
,,,,,,,<na>,,,,,,,,,11125,all important fields empty,remove_incomplete_rows
,,,,,,,<na>,,,,,,,,,11126,all important fields empty,remove_incomplete_rows
,,,,,,,<na>,,,,,,,,,11129,all important fields empty,remove_incomplete_rows
,,,,,,,<na>,,,,,,,,,11130,all important fields empty,remove_incomplete_rows
,,,,,,,<na>,,,,,,,,,11133,all important fields empty,remove_incomplete_rows
,,,,,,,<na>,,,,,,,,,11134,all important fields empty,remove_incomplete_rows
,,,,,,,<na>,,,,,,,,,11137,all important fields empty,remove_incomplete_rows
,,,,,,,<na>,,,,,,,,,11138,all important fields empty,remove_incomplete_rows
,,,,,,,<na>,,,,,,,,,11141,all important fields empty,remove_incomplete_rows
,,,,,,,<na>,,,,,,,,,11142,all important fields empty,remove_incomplete_rows
,,,,,,,<na>,,,,,,,,,11145,all important fields empty,remove_incomplete_rows
,,,,,,,<na>,,,,,,,,,11146,all important fields empty,remove_incomplete_rows
,,,,,,,<na>,,,,,,,,,11149,all important fields empty,remove_incomplete_rows
,,,,,,,<na>,,,,,,,,,11150,all important fields empty,remove_incomplete_rows
,,,,,,,<na>,,,,,,,,,11153,all important fields empty,remove_incomplete_rows
,,,,,,,<na>,,,,,,,,,11154,all important fields empty,remove_incomplete_rows
,,,,,,,<na>,,,,,,,,,11164,all important fields empty,remove_incomplete_rows
,,,,,,,<na>,,,,,,,,,11165,all important fields empty,remove_incomplete_rows
,,,,,,,<na>,,,,,,,,,11169,all important fields empty,remove_incomplete_rows
,,,,,,,<na>,,,,,,,,,11170,all important fields empty,remove_incomplete_rows
,,,,,,,<na>,,,,,,,,,11173,all important fields empty,remove_incomplete_rows
,,,,,,,<na>,,,,,,,,,11174,all important fields empty,remove_incomplete_rows
,,,,,,,<na>,,,,,,,,,11177,all important fields empty,remove_incomplete_rows
,,,,,,,<na>,,,,,,,,,11178,all important fields empty,remove_incomplete_rows
,,,,,,,<na>,,,,,,,,,11181,all important fields empty,remove_incomplete_rows
,,,,,,,<na>,,,,,,,,,11182,all important fields empty,remove_incomplete_rows
,,,,,,,<na>,,,,,,,,,11185,all important fields empty,remove_incomplete_rows
,,,,,,,<na>,,,,,,,,,11186,all important fields empty,remove_incomplete_rows
,,,,,,,<na>,,,,,,,,,11189,all important fields empty,remove_incomplete_rows
,,,,,,,<na>,,,,,,,,,11190,all important fields empty,remove_incomplete_rows
,,,,,,,<na>,,,,,,,,,11193,all important fields empty,remove_incomplete_rows
,,,,,,,<na>,,,,,,,,,11194,all important fields empty,remove_incomplete_rows
,,,,,,,<na>,,,,,,,,,11197,all important fields empty,remove_incomplete_rows
,,,,,,,<na>,,,,,,,,,11198,all important fields empty,remove_incomplete_rows
,,,,,,,<na>,,,,,,,,,11202,all important fields empty,remove_incomplete_rows
,,,,,,,<na>,,,,,,,,,11203,all important fields empty,remove_incomplete_rows
,,,,,,,<na>,,,,,,,,,11207,all important fields empty,remove_incomplete_rows
,,,,,,,<na>,,,,,,,,,11208,all important fields empty,remove_incomplete_rows
,,,,,,,<na>,,,,,,,,,11212,all important fields empty,remove_incomplete_rows
,,,,,,,<na>,,,,,,,,,11213,all important fields empty,remove_incomplete_rows
,,,,,,,<na>,,,,,,,,,11216,all important fields empty,remove_incomplete_rows
,,,,,,,<na>,,,,,,,,,11217,all important fields empty,remove_incomplete_rows
,,,,,,,<na>,,,,,,,,,11220,all important fields empty,remove_incomplete_rows
,,,,,,,<na>,,,,,,,,,11221,all important fields empty,remove_incomplete_rows
,,,,,,,<na>,,,,,,,,,11224,all important fields empty,remove_incomplete_rows
,,,,,,,<na>,,,,,,,,,11225,all important fields empty,remove_incomplete_rows
,,,,,,,<na>,,,,,,,,,11230,all important fields empty,remove_incomplete_rows
,,,,,,,<na>,,,,,,,,,11231,all important fields empty,remove_incomplete_rows
,,,,,,,<na>,,,,,,,,,11234,all important fields empty,remove_incomplete_rows
,,,,,,,<na>,,,,,,,,,11235,all important fields empty,remove_incomplete_rows
,,,,,,,<na>,,,,,,,,,11239,all important fields empty,remove_incomplete_rows
,,,,,,,<na>,,,,,,,,,11240,all important fields empty,remove_incomplete_rows
,,,,,,,<na>,,,,,,,,,11243,all important fields empty,remove_incomplete_rows
,,,,,,,<na>,,,,,,,,,11244,all important fields empty,remove_incomplete_rows
,,,,,,,<na>,,,,,,,,,11251,all important fields empty,remove_incomplete_rows
,,,,,,,<na>,,,,,,,,,11252,all important fields empty,remove_incomplete_rows
,,,,,,,<na>,,,,,,,,,11255,all important fields empty,remove_incomplete_rows
,,,,,,,<na>,,,,,,,,,11256,all important fields empty,remove_incomplete_rows
,,,,,,,<na>,,,,,,,,,11259,all important fields empty,remove_incomplete_rows
,,,,,,,<na>,,,,,,,,,11260,all important fields empty,remove_incomplete_rows
,,,,,,,<na>,,,,,,,,,11263,all important fields empty,remove_incomplete_rows
,,,,,,,<na>,,,,,,,,,11264,all important fields empty,remove_incomplete_rows
,,,,,,,<na>,,,,,,,,,11267,all important fields empty,remove_incomplete_rows
,,,,,,,<na>,,,,,,,,,11268,all important fields empty,remove_incomplete_rows
,,,,,,,<na>,,,,,,,,,11274,all important fields empty,remove_incomplete_rows
,,,,,,,<na>,,,,,,,,,11275,all important fields empty,remove_incomplete_rows
,,,,,,,<na>,,,,,,,,,11278,all important fields empty,remove_incomplete_rows
,,,,,,,<na>,,,,,,,,,11279,all important fields empty,remove_incomplete_rows
,,,,,,,<na>,,,,,,,,,11282,all important fields empty,remove_incomplete_rows
,,,,,,,<na>,,,,,,,,,11283,all important fields empty,remove_incomplete_rows
,,,,,,,<na>,,,,,,,,,11286,all important fields empty,remove_incomplete_rows
,,,,,,,<na>,,,,,,,,,11287,all important fields empty,remove_incomplete_rows
,,,,,,,<na>,,,,,,,,,11294,all important fields empty,remove_incomplete_rows
,,,,,,,<na>,,,,,,,,,11295,all important fields empty,remove_incomplete_rows
,,,,,,,<na>,,,,,,,,,11298,all important fields empty,remove_incomplete_rows
,,,,,,,<na>,,,,,,,,,11299,all important fields empty,remove_incomplete_rows
,,,,,,,<na>,,,,,,,,,11302,all important fields empty,remove_incomplete_rows
,,,,,,,<na>,,,,,,,,,11303,all important fields empty,remove_incomplete_rows
,,,,,,,<na>,,,,,,,,,11306,all important fields empty,remove_incomplete_rows
,,,,,,,<na>,,,,,,,,,11307,all important fields empty,remove_incomplete_rows
,,,,,,,<na>,,,,,,,,,11311,all important fields empty,remove_incomplete_rows
,,,,,,,<na>,,,,,,,,,11312,all important fields empty,remove_incomplete_rows
,,,,,,,<na>,,,,,,,,,11318,all important fields empty,remove_incomplete_rows
,,,,,,,<na>,,,,,,,,,11319,all important fields empty,remove_incomplete_rows
,,,,,,,<na>,,,,,,,,,11323,all important fields empty,remove_incomplete_rows
,,,,,,,<na>,,,,,,,,,11324,all important fields empty,remove_incomplete_rows
,,,,,,,<na>,,,,,,,,,11331,all important fields empty,remove_incomplete_rows
,,,,,,,<na>,,,,,,,,,11332,all important fields empty,remove_incomplete_rows
,,,,,,,<na>,,,,,,,,,11335,all important fields empty,remove_incomplete_rows
,,,,,,,<na>,,,,,,,,,11336,all important fields empty,remove_incomplete_rows
,,,,,,,<na>,,,,,,,,,11340,all important fields empty,remove_incomplete_rows
,,,,,,,<na>,,,,,,,,,11341,all important fields empty,remove_incomplete_rows
,,,,,,,<na>,,,,,,,,,11344,all important fields empty,remove_incomplete_rows
,,,,,,,<na>,,,,,,,,,11345,all important fields empty,remove_incomplete_rows
,,,,,,,<na>,,,,,,,,,11348,all important fields empty,remove_incomplete_rows
,,,,,,,<na>,,,,,,,,,11349,all important fields empty,remove_incomplete_rows
,,,,,,,<na>,,,,,,,,,11352,all important fields empty,remove_incomplete_rows
,,,,,,,<na>,,,,,,,,,11353,all important fields empty,remove_incomplete_rows
,,,,,,,<na>,,,,,,,,,11357,all important fields empty,remove_incomplete_rows
,,,,,,,<na>,,,,,,,,,11358,all important fields empty,remove_incomplete_rows
,,,,,,,<na>,,,,,,,,,11361,all important fields empty,remove_incomplete_rows
,,,,,,,<na>,,,,,,,,,11362,all important fields empty,remove_incomplete_rows
,,,,,,,<na>,,,,,,,,,11365,all important fields empty,remove_incomplete_rows
,,,,,,,<na>,,,,,,,,,11366,all important fields empty,remove_incomplete_rows
,,,,,,,<na>,,,,,,,,,11369,all important fields empty,remove_incomplete_rows
,,,,,,,<na>,,,,,,,,,11370,all important fields empty,remove_incomplete_rows
,,,,,,,<na>,,,,,,,,,11373,all important fields empty,remove_incomplete_rows
,,,,,,,<na>,,,,,,,,,11374,all important fields empty,remove_incomplete_rows
,,,,,,,<na>,,,,,,,,,11377,all important fields empty,remove_incomplete_rows
,,,,,,,<na>,,,,,,,,,11378,all important fields empty,remove_incomplete_rows
,,,,,,,<na>,,,,,,,,,11381,all important fields empty,remove_incomplete_rows
,,,,,,,<na>,,,,,,,,,11382,all important fields empty,remove_incomplete_rows
,,,,,,,<na>,,,,,,,,,11385,all important fields empty,remove_incomplete_rows
,,,,,,,<na>,,,,,,,,,11386,all important fields empty,remove_incomplete_rows
,,,,,,,<na>,,,,,,,,,11389,all important fields empty,remove_incomplete_rows
,,,,,,,<na>,,,,,,,,,11390,all important fields empty,remove_incomplete_rows
,,,,,,,<na>,,,,,,,,,11393,all important fields empty,remove_incomplete_rows
,,,,,,,<na>,,,,,,,,,11394,all important fields empty,remove_incomplete_rows
,,,,,,,<na>,,,,,,,,,11398,all important fields empty,remove_incomplete_rows
,,,,,,,<na>,,,,,,,,,11399,all important fields empty,remove_incomplete_rows
,,,,,,,<na>,,,,,,,,,11403,all important fields empty,remove_incomplete_rows
,,,,,,,<na>,,,,,,,,,11404,all important fields empty,remove_incomplete_rows
,,,,,,,<na>,,,,,,,,,11407,all important fields empty,remove_incomplete_rows
,,,,,,,<na>,,,,,,,,,11408,all important fields empty,remove_incomplete_rows
,,,,,,,<na>,,,,,,,,,11412,all important fields empty,remove_incomplete_rows
,,,,,,,<na>,,,,,,,,,11413,all important fields empty,remove_incomplete_rows
,,,,,,,<na>,,,,,,,,,11416,all important fields empty,remove_incomplete_rows
,,,,,,,<na>,,,,,,,,,11417,all important fields empty,remove_incomplete_rows
,,,,,,,<na>,,,,,,,,,11420,all important fields empty,remove_incomplete_rows
,,,,,,,<na>,,,,,,,,,11421,all important fields empty,remove_incomplete_rows
,,,,,,,<na>,,,,,,,,,11426,all important fields empty,remove_incomplete_rows
,,,,,,,<na>,,,,,,,,,11427,all important fields empty,remove_incomplete_rows
,,,,,,,<na>,,,,,,,,,11430,all important fields empty,remove_incomplete_rows
,,,,,,,<na>,,,,,,,,,11431,all important fields empty,remove_incomplete_rows
,,,,,,,<na>,,,,,,,,,11436,all important fields empty,remove_incomplete_rows
,,,,,,,<na>,,,,,,,,,11437,all important fields empty,remove_incomplete_rows
,,,,,,,<na>,,,,,,,,,11442,all important fields empty,remove_incomplete_rows
,,,,,,,<na>,,,,,,,,,11443,all important fields empty,remove_incomplete_rows
,,,,,,,<na>,,,,,,,,,11446,all important fields empty,remove_incomplete_rows
,,,,,,,<na>,,,,,,,,,11447,all important fields empty,remove_incomplete_rows
,,,,,,,<na>,,,,,,,,,11450,all important fields empty,remove_incomplete_rows
,,,,,,,<na>,,,,,,,,,11451,all important fields empty,remove_incomplete_rows
,,,,,,,<na>,,,,,,,,,11456,all important fields empty,remove_incomplete_rows
,,,,,,,<na>,,,,,,,,,11457,all important fields empty,remove_incomplete_rows
,,,,,,,<na>,,,,,,,,,11461,all important fields empty,remove_incomplete_rows
,,,,,,,<na>,,,,,,,,,11462,all important fields empty,remove_incomplete_rows
,,,,,,,<na>,,,,,,,,,11467,all important fields empty,remove_incomplete_rows
,,,,,,,<na>,,,,,,,,,11468,all important fields empty,remove_incomplete_rows
,,,,,,,<na>,,,,,,,,,11471,all important fields empty,remove_incomplete_rows
,,,,,,,<na>,,,,,,,,,11472,all important fields empty,remove_incomplete_rows
,,,,,,,<na>,,,,,,,,,11475,all important fields empty,remove_incomplete_rows
,,,,,,,<na>,,,,,,,,,11476,all important fields empty,remove_incomplete_rows
,,,,,,,<na>,,,,,,,,,11481,all important fields empty,remove_incomplete_rows
,,,,,,,<na>,,,,,,,,,11482,all important fields empty,remove_incomplete_rows
,,,,,,,<na>,,,,,,,,,11485,all important fields empty,remove_incomplete_rows
,,,,,,,<na>,,,,,,,,,11486,all important fields empty,remove_incomplete_rows
,,,,,,,<na>,,,,,,,,,11489,all important fields empty,remove_incomplete_rows
,,,,,,,<na>,,,,,,,,,11490,all important fields empty,remove_incomplete_rows
,,,,,,,<na>,,,,,,,,,11494,all important fields empty,remove_incomplete_rows
,,,,,,,<na>,,,,,,,,,11495,all important fields empty,remove_incomplete_rows
,,,,,,,<na>,,,,,,,,,11501,all important fields empty,remove_incomplete_rows
,,,,,,,<na>,,,,,,,,,11502,all important fields empty,remove_incomplete_rows
,,,,,,,<na>,,,,,,,,,11505,all important fields empty,remove_incomplete_rows
,,,,,,,<na>,,,,,,,,,11506,all important fields empty,remove_incomplete_rows
,,,,,,,<na>,,,,,,,,,11509,all important fields empty,remove_incomplete_rows
,,,,,,,<na>,,,,,,,,,11510,all important fields empty,remove_incomplete_rows
,,,,,,,<na>,,,,,,,,,11513,all important fields empty,remove_incomplete_rows
,,,,,,,<na>,,,,,,,,,11514,all important fields empty,remove_incomplete_rows
,,,,,,,<na>,,,,,,,,,11517,all important fields empty,remove_incomplete_rows
,,,,,,,<na>,,,,,,,,,11518,all important fields empty,remove_incomplete_rows
,,,,,,,<na>,,,,,,,,,11521,all important fields empty,remove_incomplete_rows
,,,,,,,<na>,,,,,,,,,11522,all important fields empty,remove_incomplete_rows
,,,,,,,<na>,,,,,,,,,11526,all important fields empty,remove_incomplete_rows
,,,,,,,<na>,,,,,,,,,11527,all important fields empty,remove_incomplete_rows
,,,,,,,<na>,,,,,,,,,11530,all important fields empty,remove_incomplete_rows
,,,,,,,<na>,,,,,,,,,11531,all important fields empty,remove_incomplete_rows
,,,,,,,<na>,,,,,,,,,11534,all important fields empty,remove_incomplete_rows
,,,,,,,<na>,,,,,,,,,11535,all important fields empty,remove_incomplete_rows
,,,,,,,<na>,,,,,,,,,11539,all important fields empty,remove_incomplete_rows
,,,,,,,<na>,,,,,,,,,11540,all important fields empty,remove_incomplete_rows
,,,,,,,<na>,,,,,,,,,11543,all important fields empty,remove_incomplete_rows
,,,,,,,<na>,,,,,,,,,11544,all important fields empty,remove_incomplete_rows
,,,,,,,<na>,,,,,,,,,11547,all important fields empty,remove_incomplete_rows
,,,,,,,<na>,,,,,,,,,11548,all important fields empty,remove_incomplete_rows
,,,,,,,<na>,,,,,,,,,11551,all important fields empty,remove_incomplete_rows
,,,,,,,<na>,,,,,,,,,11552,all important fields empty,remove_incomplete_rows
,,,,,,,<na>,,,,,,,,,11555,all important fields empty,remove_incomplete_rows
,,,,,,,<na>,,,,,,,,,11556,all important fields empty,remove_incomplete_rows
,,,,,,,<na>,,,,,,,,,11559,all important fields empty,remove_incomplete_rows
,,,,,,,<na>,,,,,,,,,11560,all important fields empty,remove_incomplete_rows
,,,,,,,<na>,,,,,,,,,11565,all important fields empty,remove_incomplete_rows
,,,,,,,<na>,,,,,,,,,11566,all important fields empty,remove_incomplete_rows
,,,,,,,<na>,,,,,,,,,11569,all important fields empty,remove_incomplete_rows
,,,,,,,<na>,,,,,,,,,11570,all important fields empty,remove_incomplete_rows
,,,,,,,<na>,,,,,,,,,11578,all important fields empty,remove_incomplete_rows
,,,,,,,<na>,,,,,,,,,11579,all important fields empty,remove_incomplete_rows
,,,,,,,<na>,,,,,,,,,11583,all important fields empty,remove_incomplete_rows
,,,,,,,<na>,,,,,,,,,11584,all important fields empty,remove_incomplete_rows
,,,,,,,<na>,,,,,,,,,11587,all important fields empty,remove_incomplete_rows
,,,,,,,<na>,,,,,,,,,11588,all important fields empty,remove_incomplete_rows
,,,,,,,<na>,,,,,,,,,11591,all important fields empty,remove_incomplete_rows
,,,,,,,<na>,,,,,,,,,11592,all important fields empty,remove_incomplete_rows
,,,,,,,<na>,,,,,,,,,11595,all important fields empty,remove_incomplete_rows
,,,,,,,<na>,,,,,,,,,11596,all important fields empty,remove_incomplete_rows
,,,,,,,<na>,,,,,,,,,11599,all important fields empty,remove_incomplete_rows
,,,,,,,<na>,,,,,,,,,11600,all important fields empty,remove_incomplete_rows
,,,,,,,<na>,,,,,,,,,11603,all important fields empty,remove_incomplete_rows
,,,,,,,<na>,,,,,,,,,11604,all important fields empty,remove_incomplete_rows
,,,,,,,<na>,,,,,,,,,11608,all important fields empty,remove_incomplete_rows
,,,,,,,<na>,,,,,,,,,11609,all important fields empty,remove_incomplete_rows
,,,,,,,<na>,,,,,,,,,11612,all important fields empty,remove_incomplete_rows
,,,,,,,<na>,,,,,,,,,11613,all important fields empty,remove_incomplete_rows
,,,,,,,<na>,,,,,,,,,11618,all important fields empty,remove_incomplete_rows
,,,,,,,<na>,,,,,,,,,11619,all important fields empty,remove_incomplete_rows
,,,,,,,<na>,,,,,,,,,11624,all important fields empty,remove_incomplete_rows
,,,,,,,<na>,,,,,,,,,11625,all important fields empty,remove_incomplete_rows
,,,,,,,<na>,,,,,,,,,11637,all important fields empty,remove_incomplete_rows
,,,,,,,<na>,,,,,,,,,11638,all important fields empty,remove_incomplete_rows
,,,,,,,<na>,,,,,,,,,11641,all important fields empty,remove_incomplete_rows
,,,,,,,<na>,,,,,,,,,11642,all important fields empty,remove_incomplete_rows
,,,,,,,<na>,,,,,,,,,11645,all important fields empty,remove_incomplete_rows
,,,,,,,<na>,,,,,,,,,11646,all important fields empty,remove_incomplete_rows
,,,,,,,<na>,,,,,,,,,11649,all important fields empty,remove_incomplete_rows
,,,,,,,<na>,,,,,,,,,11650,all important fields empty,remove_incomplete_rows
,,,,,,,<na>,,,,,,,,,11654,all important fields empty,remove_incomplete_rows
,,,,,,,<na>,,,,,,,,,11655,all important fields empty,remove_incomplete_rows
,,,,,,,<na>,,,,,,,,,11658,all important fields empty,remove_incomplete_rows
,,,,,,,<na>,,,,,,,,,11659,all important fields empty,remove_incomplete_rows
,,,,,,,<na>,,,,,,,,,11662,all important fields empty,remove_incomplete_rows
,,,,,,,<na>,,,,,,,,,11663,all important fields empty,remove_incomplete_rows
,,,,,,,<na>,,,,,,,,,11666,all important fields empty,remove_incomplete_rows
,,,,,,,<na>,,,,,,,,,11667,all important fields empty,remove_incomplete_rows
,,,,,,,<na>,,,,,,,,,11670,all important fields empty,remove_incomplete_rows
,,,,,,,<na>,,,,,,,,,11671,all important fields empty,remove_incomplete_rows
,,,,,,,<na>,,,,,,,,,11674,all important fields empty,remove_incomplete_rows
,,,,,,,<na>,,,,,,,,,11675,all important fields empty,remove_incomplete_rows
,,,,,,,<na>,,,,,,,,,11680,all important fields empty,remove_incomplete_rows
,,,,,,,<na>,,,,,,,,,11681,all important fields empty,remove_incomplete_rows
,,,,,,,<na>,,,,,,,,,11684,all important fields empty,remove_incomplete_rows
,,,,,,,<na>,,,,,,,,,11685,all important fields empty,remove_incomplete_rows
,,,,,,,<na>,,,,,,,,,11688,all important fields empty,remove_incomplete_rows
,,,,,,,<na>,,,,,,,,,11689,all important fields empty,remove_incomplete_rows
,,,,,,,<na>,,,,,,,,,11692,all important fields empty,remove_incomplete_rows
,,,,,,,<na>,,,,,,,,,11693,all important fields empty,remove_incomplete_rows
,,,,,,,<na>,,,,,,,,,11696,all important fields empty,remove_incomplete_rows
,,,,,,,<na>,,,,,,,,,11697,all important fields empty,remove_incomplete_rows
,,,,,,,<na>,,,,,,,,,11700,all important fields empty,remove_incomplete_rows
,,,,,,,<na>,,,,,,,,,11701,all important fields empty,remove_incomplete_rows
,,,,,,,<na>,,,,,,,,,11704,all important fields empty,remove_incomplete_rows
,,,,,,,<na>,,,,,,,,,11705,all important fields empty,remove_incomplete_rows
,,,,,,,<na>,,,,,,,,,11710,all important fields empty,remove_incomplete_rows
,,,,,,,<na>,,,,,,,,,11711,all important fields empty,remove_incomplete_rows
,,,,,,,<na>,,,,,,,,,11715,all important fields empty,remove_incomplete_rows
,,,,,,,<na>,,,,,,,,,11716,all important fields empty,remove_incomplete_rows
,,,,,,,<na>,,,,,,,,,11720,all important fields empty,remove_incomplete_rows
,,,,,,,<na>,,,,,,,,,11721,all important fields empty,remove_incomplete_rows
,,,,,,,<na>,,,,,,,,,11725,all important fields empty,remove_incomplete_rows
,,,,,,,<na>,,,,,,,,,11726,all important fields empty,remove_incomplete_rows
,,,,,,,<na>,,,,,,,,,11729,all important fields empty,remove_incomplete_rows
,,,,,,,<na>,,,,,,,,,11730,all important fields empty,remove_incomplete_rows
,,,,,,,<na>,,,,,,,,,11733,all important fields empty,remove_incomplete_rows
,,,,,,,<na>,,,,,,,,,11734,all important fields empty,remove_incomplete_rows
,,,,,,,<na>,,,,,,,,,11737,all important fields empty,remove_incomplete_rows
,,,,,,,<na>,,,,,,,,,11738,all important fields empty,remove_incomplete_rows
,,,,,,,<na>,,,,,,,,,11743,all important fields empty,remove_incomplete_rows
,,,,,,,<na>,,,,,,,,,11744,all important fields empty,remove_incomplete_rows
,,,,,,,<na>,,,,,,,,,11747,all important fields empty,remove_incomplete_rows
,,,,,,,<na>,,,,,,,,,11748,all important fields empty,remove_incomplete_rows
,,,,,,,<na>,,,,,,,,,11756,all important fields empty,remove_incomplete_rows
,,,,,,,<na>,,,,,,,,,11757,all important fields empty,remove_incomplete_rows
,,,,,,,<na>,,,,,,,,,11761,all important fields empty,remove_incomplete_rows
,,,,,,,<na>,,,,,,,,,11762,all important fields empty,remove_incomplete_rows
,,,,,,,<na>,,,,,,,,,11766,all important fields empty,remove_incomplete_rows
,,,,,,,<na>,,,,,,,,,11767,all important fields empty,remove_incomplete_rows
,,,,,,,<na>,,,,,,,,,11772,all important fields empty,remove_incomplete_rows
,,,,,,,<na>,,,,,,,,,11773,all important fields empty,remove_incomplete_rows
,,,,,,,<na>,,,,,,,,,11779,all important fields empty,remove_incomplete_rows
,,,,,,,<na>,,,,,,,,,11780,all important fields empty,remove_incomplete_rows
,,,,,,,<na>,,,,,,,,,11788,all important fields empty,remove_incomplete_rows
,,,,,,,<na>,,,,,,,,,11789,all important fields empty,remove_incomplete_rows
,,,,,,,<na>,,,,,,,,,11796,all important fields empty,remove_incomplete_rows
,,,,,,,<na>,,,,,,,,,11797,all important fields empty,remove_incomplete_rows
,,,,,,,<na>,,,,,,,,,11801,all important fields empty,remove_incomplete_rows
,,,,,,,<na>,,,,,,,,,11802,all important fields empty,remove_incomplete_rows
,,,,,,,<na>,,,,,,,,,11805,all important fields empty,remove_incomplete_rows
,,,,,,,<na>,,,,,,,,,11806,all important fields empty,remove_incomplete_rows
,,,,,,,<na>,,,,,,,,,11809,all important fields empty,remove_incomplete_rows
,,,,,,,<na>,,,,,,,,,11810,all important fields empty,remove_incomplete_rows
,,,,,,,<na>,,,,,,,,,11816,all important fields empty,remove_incomplete_rows
,,,,,,,<na>,,,,,,,,,11817,all important fields empty,remove_incomplete_rows
,,,,,,,<na>,,,,,,,,,11821,all important fields empty,remove_incomplete_rows
,,,,,,,<na>,,,,,,,,,11822,all important fields empty,remove_incomplete_rows
,,,,,,,<na>,,,,,,,,,11827,all important fields empty,remove_incomplete_rows
,,,,,,,<na>,,,,,,,,,11828,all important fields empty,remove_incomplete_rows
,,,,,,,<na>,,,,,,,,,11852,all important fields empty,remove_incomplete_rows
,,,,,,,<na>,,,,,,,,,11853,all important fields empty,remove_incomplete_rows
,,,,,,,<na>,,,,,,,,,11858,all important fields empty,remove_incomplete_rows
,,,,,,,<na>,,,,,,,,,11859,all important fields empty,remove_incomplete_rows
,,,,,,,<na>,,,,,,,,,11862,all important fields empty,remove_incomplete_rows
,,,,,,,<na>,,,,,,,,,11863,all important fields empty,remove_incomplete_rows
,,,,,,,<na>,,,,,,,,,11866,all important fields empty,remove_incomplete_rows
,,,,,,,<na>,,,,,,,,,11867,all important fields empty,remove_incomplete_rows
,,,,,,,<na>,,,,,,,,,11870,all important fields empty,remove_incomplete_rows
,,,,,,,<na>,,,,,,,,,11871,all important fields empty,remove_incomplete_rows
,,,,,,,<na>,,,,,,,,,11874,all important fields empty,remove_incomplete_rows
,,,,,,,<na>,,,,,,,,,11875,all important fields empty,remove_incomplete_rows
,,,,,,,<na>,,,,,,,,,11878,all important fields empty,remove_incomplete_rows
,,,,,,,<na>,,,,,,,,,11879,all important fields empty,remove_incomplete_rows
,,,,,,,<na>,,,,,,,,,11886,all important fields empty,remove_incomplete_rows
,,,,,,,<na>,,,,,,,,,11887,all important fields empty,remove_incomplete_rows
,,,,,,,<na>,,,,,,,,,11890,all important fields empty,remove_incomplete_rows
,,,,,,,<na>,,,,,,,,,11891,all important fields empty,remove_incomplete_rows
,,,,,,,<na>,,,,,,,,,11894,all important fields empty,remove_incomplete_rows
,,,,,,,<na>,,,,,,,,,11895,all important fields empty,remove_incomplete_rows
,,,,,,,<na>,,,,,,,,,11898,all important fields empty,remove_incomplete_rows
,,,,,,,<na>,,,,,,,,,11899,all important fields empty,remove_incomplete_rows
,,,,,,,<na>,,,,,,,,,11903,all important fields empty,remove_incomplete_rows
,,,,,,,<na>,,,,,,,,,11904,all important fields empty,remove_incomplete_rows
,,,,,,,<na>,,,,,,,,,11908,all important fields empty,remove_incomplete_rows
,,,,,,,<na>,,,,,,,,,11909,all important fields empty,remove_incomplete_rows
,,,,,,,<na>,,,,,,,,,11912,all important fields empty,remove_incomplete_rows
,,,,,,,<na>,,,,,,,,,11913,all important fields empty,remove_incomplete_rows
,,,,,,,<na>,,,,,,,,,11916,all important fields empty,remove_incomplete_rows
,,,,,,,<na>,,,,,,,,,11917,all important fields empty,remove_incomplete_rows
,,,,,,,<na>,,,,,,,,,11920,all important fields empty,remove_incomplete_rows
,,,,,,,<na>,,,,,,,,,11921,all important fields empty,remove_incomplete_rows
,,,,,,,<na>,,,,,,,,,11924,all important fields empty,remove_incomplete_rows
,,,,,,,<na>,,,,,,,,,11925,all important fields empty,remove_incomplete_rows
,,,,,,,<na>,,,,,,,,,11928,all important fields empty,remove_incomplete_rows
,,,,,,,<na>,,,,,,,,,11929,all important fields empty,remove_incomplete_rows
,,,,,,,<na>,,,,,,,,,11932,all important fields empty,remove_incomplete_rows
,,,,,,,<na>,,,,,,,,,11933,all important fields empty,remove_incomplete_rows
,,,,,,,<na>,,,,,,,,,11937,all important fields empty,remove_incomplete_rows
,,,,,,,<na>,,,,,,,,,11938,all important fields empty,remove_incomplete_rows
,,,,,,,<na>,,,,,,,,,11941,all important fields empty,remove_incomplete_rows
,,,,,,,<na>,,,,,,,,,11942,all important fields empty,remove_incomplete_rows
,,,,,,,<na>,,,,,,,,,11945,all important fields empty,remove_incomplete_rows
,,,,,,,<na>,,,,,,,,,11946,all important fields empty,remove_incomplete_rows
,,,,,,,<na>,,,,,,,,,11949,all important fields empty,remove_incomplete_rows
,,,,,,,<na>,,,,,,,,,11950,all important fields empty,remove_incomplete_rows
,,,,,,,<na>,,,,,,,,,11953,all important fields empty,remove_incomplete_rows
,,,,,,,<na>,,,,,,,,,11954,all important fields empty,remove_incomplete_rows
,,,,,,,<na>,,,,,,,,,11961,all important fields empty,remove_incomplete_rows
,,,,,,,<na>,,,,,,,,,11962,all important fields empty,remove_incomplete_rows
,,,,,,,<na>,,,,,,,,,11967,all important fields empty,remove_incomplete_rows
,,,,,,,<na>,,,,,,,,,11968,all important fields empty,remove_incomplete_rows
,,,,,,,<na>,,,,,,,,,11972,all important fields empty,remove_incomplete_rows
,,,,,,,<na>,,,,,,,,,11973,all important fields empty,remove_incomplete_rows
,,,,,,,<na>,,,,,,,,,11977,all important fields empty,remove_incomplete_rows
,,,,,,,<na>,,,,,,,,,11978,all important fields empty,remove_incomplete_rows
,,,,,,,<na>,,,,,,,,,11983,all important fields empty,remove_incomplete_rows
,,,,,,,<na>,,,,,,,,,11984,all important fields empty,remove_incomplete_rows
,,,,,,,<na>,,,,,,,,,11988,all important fields empty,remove_incomplete_rows
,,,,,,,<na>,,,,,,,,,11989,all important fields empty,remove_incomplete_rows
,,,,,,,<na>,,,,,,,,,11992,all important fields empty,remove_incomplete_rows
,,,,,,,<na>,,,,,,,,,11993,all important fields empty,remove_incomplete_rows
,,,,,,,<na>,,,,,,,,,11996,all important fields empty,remove_incomplete_rows
,,,,,,,<na>,,,,,,,,,11997,all important fields empty,remove_incomplete_rows
,,,,,,,<na>,,,,,,,,,12000,all important fields empty,remove_incomplete_rows
,,,,,,,<na>,,,,,,,,,12001,all important fields empty,remove_incomplete_rows
,,,,,,,<na>,,,,,,,,,12010,all important fields empty,remove_incomplete_rows
,,,,,,,<na>,,,,,,,,,12011,all important fields empty,remove_incomplete_rows
,,,,,,,<na>,,,,,,,,,12015,all important fields empty,remove_incomplete_rows
,,,,,,,<na>,,,,,,,,,12016,all important fields empty,remove_incomplete_rows
,,,,,,,<na>,,,,,,,,,12019,all important fields empty,remove_incomplete_rows
,,,,,,,<na>,,,,,,,,,12020,all important fields empty,remove_incomplete_rows
,,,,,,,<na>,,,,,,,,,12023,all important fields empty,remove_incomplete_rows
,,,,,,,<na>,,,,,,,,,12024,all important fields empty,remove_incomplete_rows
,,,,,,,<na>,,,,,,,,,12027,all important fields empty,remove_incomplete_rows
,,,,,,,<na>,,,,,,,,,12028,all important fields empty,remove_incomplete_rows
,,,,,,,<na>,,,,,,,,,12032,all important fields empty,remove_incomplete_rows
,,,,,,,<na>,,,,,,,,,12033,all important fields empty,remove_incomplete_rows
,,,,,,,<na>,,,,,,,,,12036,all important fields empty,remove_incomplete_rows
,,,,,,,<na>,,,,,,,,,12037,all important fields empty,remove_incomplete_rows
,,,,,,,<na>,,,,,,,,,12041,all important fields empty,remove_incomplete_rows
,,,,,,,<na>,,,,,,,,,12042,all important fields empty,remove_incomplete_rows
,,,,,,,<na>,,,,,,,,,12049,all important fields empty,remove_incomplete_rows
,,,,,,,<na>,,,,,,,,,12050,all important fields empty,remove_incomplete_rows
,,,,,,,<na>,,,,,,,,,12058,all important fields empty,remove_incomplete_rows
,,,,,,,<na>,,,,,,,,,12059,all important fields empty,remove_incomplete_rows
,,,,,,,<na>,,,,,,,,,12062,all important fields empty,remove_incomplete_rows
,,,,,,,<na>,,,,,,,,,12063,all important fields empty,remove_incomplete_rows
,,,,,,,<na>,,,,,,,,,12067,all important fields empty,remove_incomplete_rows
,,,,,,,<na>,,,,,,,,,12068,all important fields empty,remove_incomplete_rows
,,,,,,,<na>,,,,,,,,,12071,all important fields empty,remove_incomplete_rows
,,,,,,,<na>,,,,,,,,,12072,all important fields empty,remove_incomplete_rows
,,,,,,,<na>,,,,,,,,,12075,all important fields empty,remove_incomplete_rows
,,,,,,,<na>,,,,,,,,,12076,all important fields empty,remove_incomplete_rows
,,,,,,,<na>,,,,,,,,,12079,all important fields empty,remove_incomplete_rows
,,,,,,,<na>,,,,,,,,,12080,all important fields empty,remove_incomplete_rows
,,,,,,,<na>,,,,,,,,,12083,all important fields empty,remove_incomplete_rows
,,,,,,,<na>,,,,,,,,,12084,all important fields empty,remove_incomplete_rows
,,,,,,,<na>,,,,,,,,,12089,all important fields empty,remove_incomplete_rows
,,,,,,,<na>,,,,,,,,,12090,all important fields empty,remove_incomplete_rows
,,,,,,,<na>,,,,,,,,,12095,all important fields empty,remove_incomplete_rows
,,,,,,,<na>,,,,,,,,,12096,all important fields empty,remove_incomplete_rows
,,,,,,,<na>,,,,,,,,,12100,all important fields empty,remove_incomplete_rows
,,,,,,,<na>,,,,,,,,,12101,all important fields empty,remove_incomplete_rows
,,,,,,,<na>,,,,,,,,,12105,all important fields empty,remove_incomplete_rows
,,,,,,,<na>,,,,,,,,,12106,all important fields empty,remove_incomplete_rows
,,,,,,,<na>,,,,,,,,,12109,all important fields empty,remove_incomplete_rows
,,,,,,,<na>,,,,,,,,,12110,all important fields empty,remove_incomplete_rows
,,,,,,,<na>,,,,,,,,,12113,all important fields empty,remove_incomplete_rows
,,,,,,,<na>,,,,,,,,,12114,all important fields empty,remove_incomplete_rows
,,,,,,,<na>,,,,,,,,,12117,all important fields empty,remove_incomplete_rows
,,,,,,,<na>,,,,,,,,,12118,all important fields empty,remove_incomplete_rows
,,,,,,,<na>,,,,,,,,,12122,all important fields empty,remove_incomplete_rows
,,,,,,,<na>,,,,,,,,,12123,all important fields empty,remove_incomplete_rows
,,,,,,,<na>,,,,,,,,,12126,all important fields empty,remove_incomplete_rows
,,,,,,,<na>,,,,,,,,,12127,all important fields empty,remove_incomplete_rows
,,,,,,,<na>,,,,,,,,,12138,all important fields empty,remove_incomplete_rows
,,,,,,,<na>,,,,,,,,,12139,all important fields empty,remove_incomplete_rows
,,,,,,,<na>,,,,,,,,,12143,all important fields empty,remove_incomplete_rows
,,,,,,,<na>,,,,,,,,,12144,all important fields empty,remove_incomplete_rows
,,,,,,,<na>,,,,,,,,,12148,all important fields empty,remove_incomplete_rows
,,,,,,,<na>,,,,,,,,,12149,all important fields empty,remove_incomplete_rows
,,,,,,,<na>,,,,,,,,,12152,all important fields empty,remove_incomplete_rows
,,,,,,,<na>,,,,,,,,,12153,all important fields empty,remove_incomplete_rows
,,,,,,,<na>,,,,,,,,,12156,all important fields empty,remove_incomplete_rows
,,,,,,,<na>,,,,,,,,,12157,all important fields empty,remove_incomplete_rows
,,,,,,,<na>,,,,,,,,,12161,all important fields empty,remove_incomplete_rows
,,,,,,,<na>,,,,,,,,,12162,all important fields empty,remove_incomplete_rows
,,,,,,,<na>,,,,,,,,,12165,all important fields empty,remove_incomplete_rows
,,,,,,,<na>,,,,,,,,,12166,all important fields empty,remove_incomplete_rows
,,,,,,,<na>,,,,,,,,,12169,all important fields empty,remove_incomplete_rows
,,,,,,,<na>,,,,,,,,,12170,all important fields empty,remove_incomplete_rows
,,,,,,,<na>,,,,,,,,,12173,all important fields empty,remove_incomplete_rows
,,,,,,,<na>,,,,,,,,,12174,all important fields empty,remove_incomplete_rows
,,,,,,,<na>,,,,,,,,,12177,all important fields empty,remove_incomplete_rows
,,,,,,,<na>,,,,,,,,,12178,all important fields empty,remove_incomplete_rows
,,,,,,,<na>,,,,,,,,,12182,all important fields empty,remove_incomplete_rows
,,,,,,,<na>,,,,,,,,,12183,all important fields empty,remove_incomplete_rows
,,,,,,,<na>,,,,,,,,,12186,all important fields empty,remove_incomplete_rows
,,,,,,,<na>,,,,,,,,,12187,all important fields empty,remove_incomplete_rows
,,,,,,,<na>,,,,,,,,,12190,all important fields empty,remove_incomplete_rows
,,,,,,,<na>,,,,,,,,,12191,all important fields empty,remove_incomplete_rows
,,,,,,,<na>,,,,,,,,,12194,all important fields empty,remove_incomplete_rows
,,,,,,,<na>,,,,,,,,,12195,all important fields empty,remove_incomplete_rows
,,,,,,,<na>,,,,,,,,,12198,all important fields empty,remove_incomplete_rows
,,,,,,,<na>,,,,,,,,,12199,all important fields empty,remove_incomplete_rows
,,,,,,,<na>,,,,,,,,,12203,all important fields empty,remove_incomplete_rows
,,,,,,,<na>,,,,,,,,,12204,all important fields empty,remove_incomplete_rows
,,,,,,,<na>,,,,,,,,,12208,all important fields empty,remove_incomplete_rows
,,,,,,,<na>,,,,,,,,,12209,all important fields empty,remove_incomplete_rows
,,,,,,,<na>,,,,,,,,,12214,all important fields empty,remove_incomplete_rows
,,,,,,,<na>,,,,,,,,,12215,all important fields empty,remove_incomplete_rows
,,,,,,,<na>,,,,,,,,,12218,all important fields empty,remove_incomplete_rows
,,,,,,,<na>,,,,,,,,,12219,all important fields empty,remove_incomplete_rows
,,,,,,,<na>,,,,,,,,,12224,all important fields empty,remove_incomplete_rows
,,,,,,,<na>,,,,,,,,,12225,all important fields empty,remove_incomplete_rows
,,,,,,,<na>,,,,,,,,,12229,all important fields empty,remove_incomplete_rows
,,,,,,,<na>,,,,,,,,,12230,all important fields empty,remove_incomplete_rows
,,,,,,,<na>,,,,,,,,,12234,all important fields empty,remove_incomplete_rows
,,,,,,,<na>,,,,,,,,,12235,all important fields empty,remove_incomplete_rows
,,,,,,,<na>,,,,,,,,,12238,all important fields empty,remove_incomplete_rows
,,,,,,,<na>,,,,,,,,,12239,all important fields empty,remove_incomplete_rows
,,,,,,,<na>,,,,,,,,,12242,all important fields empty,remove_incomplete_rows
,,,,,,,<na>,,,,,,,,,12243,all important fields empty,remove_incomplete_rows
,,,,,,,<na>,,,,,,,,,12246,all important fields empty,remove_incomplete_rows
,,,,,,,<na>,,,,,,,,,12247,all important fields empty,remove_incomplete_rows
,,,,,,,<na>,,,,,,,,,12251,all important fields empty,remove_incomplete_rows
,,,,,,,<na>,,,,,,,,,12252,all important fields empty,remove_incomplete_rows
,,,,,,,<na>,,,,,,,,,12255,all important fields empty,remove_incomplete_rows
,,,,,,,<na>,,,,,,,,,12256,all important fields empty,remove_incomplete_rows
,,,,,,,<na>,,,,,,,,,12259,all important fields empty,remove_incomplete_rows
,,,,,,,<na>,,,,,,,,,12260,all important fields empty,remove_incomplete_rows
,,,,,,,<na>,,,,,,,,,12263,all important fields empty,remove_incomplete_rows
,,,,,,,<na>,,,,,,,,,12264,all important fields empty,remove_incomplete_rows
,,,,,,,<na>,,,,,,,,,12267,all important fields empty,remove_incomplete_rows
,,,,,,,<na>,,,,,,,,,12268,all important fields empty,remove_incomplete_rows
,,,,,,,<na>,,,,,,,,,12271,all important fields empty,remove_incomplete_rows
,,,,,,,<na>,,,,,,,,,12272,all important fields empty,remove_incomplete_rows
,,,,,,,<na>,,,,,,,,,12275,all important fields empty,remove_incomplete_rows
,,,,,,,<na>,,,,,,,,,12276,all important fields empty,remove_incomplete_rows
,,,,,,,<na>,,,,,,,,,12280,all important fields empty,remove_incomplete_rows
,,,,,,,<na>,,,,,,,,,12281,all important fields empty,remove_incomplete_rows
,,,,,,,<na>,,,,,,,,,12284,all important fields empty,remove_incomplete_rows
,,,,,,,<na>,,,,,,,,,12285,all important fields empty,remove_incomplete_rows
,,,,,,,<na>,,,,,,,,,12289,all important fields empty,remove_incomplete_rows
,,,,,,,<na>,,,,,,,,,12290,all important fields empty,remove_incomplete_rows
,,,,,,,<na>,,,,,,,,,12294,all important fields empty,remove_incomplete_rows
,,,,,,,<na>,,,,,,,,,12295,all important fields empty,remove_incomplete_rows
,,,,,,,<na>,,,,,,,,,12299,all important fields empty,remove_incomplete_rows
,,,,,,,<na>,,,,,,,,,12300,all important fields empty,remove_incomplete_rows
,,,,,,,<na>,,,,,,,,,12303,all important fields empty,remove_incomplete_rows
,,,,,,,<na>,,,,,,,,,12304,all important fields empty,remove_incomplete_rows
,,,,,,,<na>,,,,,,,,,12307,all important fields empty,remove_incomplete_rows
,,,,,,,<na>,,,,,,,,,12308,all important fields empty,remove_incomplete_rows
,,,,,,,<na>,,,,,,,,,12313,all important fields empty,remove_incomplete_rows
,,,,,,,<na>,,,,,,,,,12314,all important fields empty,remove_incomplete_rows
,,,,,,,<na>,,,,,,,,,12318,all important fields empty,remove_incomplete_rows
,,,,,,,<na>,,,,,,,,,12319,all important fields empty,remove_incomplete_rows
,,,,,,,<na>,,,,,,,,,12322,all important fields empty,remove_incomplete_rows
,,,,,,,<na>,,,,,,,,,12323,all important fields empty,remove_incomplete_rows
,,,,,,,<na>,,,,,,,,,12327,all important fields empty,remove_incomplete_rows
,,,,,,,<na>,,,,,,,,,12328,all important fields empty,remove_incomplete_rows
,,,,,,,<na>,,,,,,,,,12331,all important fields empty,remove_incomplete_rows
,,,,,,,<na>,,,,,,,,,12332,all important fields empty,remove_incomplete_rows
,,,,,,,<na>,,,,,,,,,12338,all important fields empty,remove_incomplete_rows
,,,,,,,<na>,,,,,,,,,12339,all important fields empty,remove_incomplete_rows
,,,,,,,<na>,,,,,,,,,12344,all important fields empty,remove_incomplete_rows
,,,,,,,<na>,,,,,,,,,12345,all important fields empty,remove_incomplete_rows
,,,,,,,<na>,,,,,,,,,12348,all important fields empty,remove_incomplete_rows
,,,,,,,<na>,,,,,,,,,12349,all important fields empty,remove_incomplete_rows
,,,,,,,<na>,,,,,,,,,12352,all important fields empty,remove_incomplete_rows
,,,,,,,<na>,,,,,,,,,12353,all important fields empty,remove_incomplete_rows
,,,,,,,<na>,,,,,,,,,12359,all important fields empty,remove_incomplete_rows
,,,,,,,<na>,,,,,,,,,12360,all important fields empty,remove_incomplete_rows
,,,,,,,<na>,,,,,,,,,12363,all important fields empty,remove_incomplete_rows
,,,,,,,<na>,,,,,,,,,12364,all important fields empty,remove_incomplete_rows
,,,,,,,<na>,,,,,,,,,12367,all important fields empty,remove_incomplete_rows
,,,,,,,<na>,,,,,,,,,12368,all important fields empty,remove_incomplete_rows
,,,,,,,<na>,,,,,,,,,12371,all important fields empty,remove_incomplete_rows
,,,,,,,<na>,,,,,,,,,12372,all important fields empty,remove_incomplete_rows
,,,,,,,<na>,,,,,,,,,12375,all important fields empty,remove_incomplete_rows
,,,,,,,<na>,,,,,,,,,12376,all important fields empty,remove_incomplete_rows
,,,,,,,<na>,,,,,,,,,12382,all important fields empty,remove_incomplete_rows
,,,,,,,<na>,,,,,,,,,12383,all important fields empty,remove_incomplete_rows
,,,,,,,<na>,,,,,,,,,12388,all important fields empty,remove_incomplete_rows
,,,,,,,<na>,,,,,,,,,12389,all important fields empty,remove_incomplete_rows
,,,,,,,<na>,,,,,,,,,12392,all important fields empty,remove_incomplete_rows
,,,,,,,<na>,,,,,,,,,12393,all important fields empty,remove_incomplete_rows
,,,,,,,<na>,,,,,,,,,12401,all important fields empty,remove_incomplete_rows
,,,,,,,<na>,,,,,,,,,12402,all important fields empty,remove_incomplete_rows
,,,,,,,<na>,,,,,,,,,12405,all important fields empty,remove_incomplete_rows
,,,,,,,<na>,,,,,,,,,12406,all important fields empty,remove_incomplete_rows
,,,,,,,<na>,,,,,,,,,12410,all important fields empty,remove_incomplete_rows
,,,,,,,<na>,,,,,,,,,12412,all important fields empty,remove_incomplete_rows
,,,,,,,<na>,,,,,,,,,12413,all important fields empty,remove_incomplete_rows
,,,,,,,<na>,,,,,,,,,12415,all important fields empty,remove_incomplete_rows
,,,,,,,<na>,,,,,,,,,12416,all important fields empty,remove_incomplete_rows
,,,ACCOUNT : GAIL PAOLO RIMANDO,,,,<na>,,,,,,,,,161,"placeholder/non-item row (e.g., header like ""Account : ..."")",remove_incomplete_rows
,,,ACCOUNT : VINI ORTEGA,,,,<na>,,,,,,,,,295,"placeholder/non-item row (e.g., header like ""Account : ..."")",remove_incomplete_rows
,,,,,,,<na>,,0.0,0.0,0.0,,,,,667,"placeholder/non-item row (e.g., header like ""Account : ..."")",remove_incomplete_rows
,,,ACCOUNT : GAIL PAOLO RIMANDO,,,,<na>,,,,,,,,,699,"placeholder/non-item row (e.g., header like ""Account : ..."")",remove_incomplete_rows
,,,,,,,<na>,,0.0,0.0,0.0,,,,,860,"placeholder/non-item row (e.g., header like ""Account : ..."")",remove_incomplete_rows
,,,,,,,<na>,,0.0,0.0,0.0,,,,,875,"placeholder/non-item row (e.g., header like ""Account : ..."")",remove_incomplete_rows
,,,,,,,<na>,,0.0,0.0,0.0,,,,,879,"placeholder/non-item row (e.g., header like ""Account : ..."")",remove_incomplete_rows
,,,,,,,<na>,,0.0,0.0,0.0,,,,,886,"placeholder/non-item row (e.g., header like ""Account : ..."")",remove_incomplete_rows
,,,,,,,<na>,,0.0,0.0,0.0,,,,,1748,"placeholder/non-item row (e.g., header like ""Account : ..."")",remove_incomplete_rows
2024-10-05 00:00:00,,,G70141948,TOPCARE SPACER,2028-03-30,0.0,pcs,0.0,0.0,0.0,0.0,,camille,ASSISTIVE DEVICE,MED-SURG,1766,"placeholder/non-item row (e.g., header like ""Account : ..."")",remove_incomplete_rows
,,,,,,,<na>,,0.0,0.0,0.0,,,,,1768,"placeholder/non-item row (e.g., header like ""Account : ..."")",remove_incomplete_rows
,,,ACCOUNT : PETRONILO V. MENDOZA,,,,<na>,,,,,,,,,1985,"placeholder/non-item row (e.g., header like ""Account : ..."")",remove_incomplete_rows
,,,,,,,<na>,,0.0,0.0,0.0,,,,,2266,"placeholder/non-item row (e.g., header like ""Account : ..."")",remove_incomplete_rows
,,,,,,,<na>,,0.0,0.0,0.0,,,,,2337,"placeholder/non-item row (e.g., header like ""Account : ..."")",remove_incomplete_rows
,,,,,,,<na>,,0.0,0.0,0.0,,,,,3050,"placeholder/non-item row (e.g., header like ""Account : ..."")",remove_incomplete_rows
,,,ACCOUNT : GAIL PAOLO RIMANDO,,,,<na>,,,,,,,,,3159,"placeholder/non-item row (e.g., header like ""Account : ..."")",remove_incomplete_rows
,,,ACCOUNT : VINI ORTEGA,,,,<na>,,,,,,,,,3194,"placeholder/non-item row (e.g., header like ""Account : ..."")",remove_incomplete_rows
,,,,,,,<na>,,0.0,0.0,0.0,,,,,3265,"placeholder/non-item row (e.g., header like ""Account : ..."")",remove_incomplete_rows
,,,,,,,<na>,,0.0,0.0,0.0,,,,,3525,"placeholder/non-item row (e.g., header like ""Account : ..."")",remove_incomplete_rows
,,,,,,,<na>,,0.0,0.0,0.0,,,,,3897,"placeholder/non-item row (e.g., header like ""Account : ..."")",remove_incomplete_rows
,,,,,,,<na>,,0.0,0.0,0.0,,,,,4456,"placeholder/non-item row (e.g., header like ""Account : ..."")",remove_incomplete_rows
,,,ACCOUNT : VINI ORTEGA,,,,<na>,,,,,,,,,4652,"placeholder/non-item row (e.g., header like ""Account : ..."")",remove_incomplete_rows
,,,,,,,<na>,,0.0,0.0,0.0,,,,,4805,"placeholder/non-item row (e.g., header like ""Account : ..."")",remove_incomplete_rows
,,,,,,,<na>,,0.0,0.0,0.0,,,,,5104,"placeholder/non-item row (e.g., header like ""Account : ..."")",remove_incomplete_rows
,,,,,,,<na>,,0.0,0.0,0.0,,,,,5723,"placeholder/non-item row (e.g., header like ""Account : ..."")",remove_incomplete_rows
,,,,,,,<na>,,0.0,0.0,0.0,,,,,6023,"placeholder/non-item row (e.g., header like ""Account : ..."")",remove_incomplete_rows
,,,,,,,<na>,,0.0,0.0,0.0,,,,,6548,"placeholder/non-item row (e.g., header like ""Account : ..."")",remove_incomplete_rows
,,,ACCOUNT : GAILPAOLO RIMANDO,,,,<na>,,,,,,,,,6773,"placeholder/non-item row (e.g., header like ""Account : ..."")",remove_incomplete_rows
,,,ACCOUNT : PRINCESS LOU MARZO,,,,<na>,,,,,,,,,7757,"placeholder/non-item row (e.g., header like ""Account : ..."")",remove_incomplete_rows
,,,,,,,<na>,,0.0,0.0,0.0,,,,,7794,"placeholder/non-item row (e.g., header like ""Account : ..."")",remove_incomplete_rows
,,,,,,,<na>,,0.0,0.0,0.0,,,,,8238,"placeholder/non-item row (e.g., header like ""Account : ..."")",remove_incomplete_rows
,,,,,,,<na>,,0.0,0.0,0.0,,,,,8281,"placeholder/non-item row (e.g., header like ""Account : ..."")",remove_incomplete_rows
,,,,,,,<na>,,0.0,0.0,0.0,,,,,8500,"placeholder/non-item row (e.g., header like ""Account : ..."")",remove_incomplete_rows
,,,,,,,<na>,,0.0,0.0,0.0,,,,,8819,"placeholder/non-item row (e.g., header like ""Account : ..."")",remove_incomplete_rows
,,,,,,,<na>,,0.0,0.0,0.0,,,,,9873,"placeholder/non-item row (e.g., header like ""Account : ..."")",remove_incomplete_rows
,,,ACCOUNT : GAIL PAOLO RIMANDO,,,,<na>,,,,,,,,,9989,"placeholder/non-item row (e.g., header like ""Account : ..."")",remove_incomplete_rows
,,,,,,,<na>,,0.0,0.0,0.0,,,,,10023,"placeholder/non-item row (e.g., header like ""Account : ..."")",remove_incomplete_rows
,,,,,,,<na>,,0.0,0.0,0.0,,,,,10056,"placeholder/non-item row (e.g., header like ""Account : ..."")",remove_incomplete_rows
2024-10-30 00:00:00,,,SD,Sales Discount Variance,,0.0,pcs,0.0,0.0,0.0,0.0,,camille,ADULT MILK,F&B,11785,"placeholder/non-item row (e.g., header like ""Account : ..."")",remove_incomplete_rows
,,,ACCOUNT : PRINCESS LOU MARZO,,,,<na>,,,,,,,,,11786,"placeholder/non-item row (e.g., header like ""Account : ..."")",remove_incomplete_rows
,,,,,,,<na>,,0.0,0.0,0.0,,,,,11787,"placeholder/non-item row (e.g., header like ""Account : ..."")",remove_incomplete_rows
,,,ACCOUNT : PRINCESS LOU MARZO,,,,<na>,,,,,,,,,12141,"placeholder/non-item row (e.g., header like ""Account : ..."")",remove_incomplete_rows
2024-10-01 00:00:00,,,SD,Sales Discount Variance,,1.0,pcs,0.0,0.0,0.0,0.0,,camille,ADULT MILK,F&B,60,"non-item adjustment (e.g., Sales Discount/VOID/rounding)",remove_incomplete_rows
2024-10-02 00:00:00,,,SD,Sales Discount Variance,,1.0,pcs,0.0,0.0,0.0,0.0,,camille,ADULT MILK,F&B,598,"non-item adjustment (e.g., Sales Discount/VOID/rounding)",remove_incomplete_rows
2024-10-02 00:00:00,,,SD,Sales Discount Variance,,1.0,pcs,0.0,0.0,0.0,0.0,,camille,ADULT MILK,F&B,644,"non-item adjustment (e.g., Sales Discount/VOID/rounding)",remove_incomplete_rows
2024-10-05 00:00:00,,,SD,Sales Discount Variance,,1.0,pcs,0.0,0.0,0.0,0.0,,camille,ADULT MILK,F&B,1546,"non-item adjustment (e.g., Sales Discount/VOID/rounding)",remove_incomplete_rows
2024-10-05 00:00:00,,,SD,Sales Discount Variance,,1.0,pcs,0.0,0.0,0.0,0.0,,camille,ADULT MILK,F&B,1860,"non-item adjustment (e.g., Sales Discount/VOID/rounding)",remove_incomplete_rows
2024-10-06 00:00:00,,,SD,Sales Discount Variance,,1.0,pcs,0.0,0.0,0.0,0.0,,camille,ADULT MILK,F&B,1919,"non-item adjustment (e.g., Sales Discount/VOID/rounding)",remove_incomplete_rows
2024-10-06 00:00:00,,,SD,Sales Discount Variance,,1.0,pcs,0.0,0.0,0.0,0.0,,camille,ADULT MILK,F&B,2061,"non-item adjustment (e.g., Sales Discount/VOID/rounding)",remove_incomplete_rows
2024-10-07 00:00:00,,,SD,Sales Discount Variance,,1.0,pcs,0.0,0.0,0.0,0.0,,camille,ADULT MILK,F&B,2239,"non-item adjustment (e.g., Sales Discount/VOID/rounding)",remove_incomplete_rows
2024-10-08 00:00:00,,,SD,Sales Discount Variance,,1.0,pcs,0.0,0.0,0.0,0.0,,camille,ADULT MILK,F&B,2705,"non-item adjustment (e.g., Sales Discount/VOID/rounding)",remove_incomplete_rows
2024-10-09 00:00:00,,,SD,Sales Discount Variance,,1.0,pcs,0.0,0.0,0.0,0.0,,camille,ADULT MILK,F&B,3111,"non-item adjustment (e.g., Sales Discount/VOID/rounding)",remove_incomplete_rows
2024-10-09 00:00:00,,,SD,Sales Discount Variance,,1.0,pcs,0.0,0.0,0.0,0.0,,camille,ADULT MILK,F&B,3117,"non-item adjustment (e.g., Sales Discount/VOID/rounding)",remove_incomplete_rows
2024-10-09 00:00:00,,,SD,Sales Discount Variance,,1.0,pcs,0.0,0.0,0.0,0.0,,camille,ADULT MILK,F&B,3217,"non-item adjustment (e.g., Sales Discount/VOID/rounding)",remove_incomplete_rows
2024-10-11 00:00:00,,,SD,Sales Discount Variance,,1.0,pcs,0.0,0.0,0.0,0.0,,camille,ADULT MILK,F&B,3912,"non-item adjustment (e.g., Sales Discount/VOID/rounding)",remove_incomplete_rows
2024-10-11 00:00:00,,,SD,Sales Discount Variance,,1.0,pcs,0.0,0.0,0.0,0.0,,camille,ADULT MILK,F&B,4044,"non-item adjustment (e.g., Sales Discount/VOID/rounding)",remove_incomplete_rows
2024-10-11 00:00:00,,,SD,Sales Discount Variance,,1.0,pcs,0.0,0.0,0.0,0.0,,camille,ADULT MILK,F&B,4173,"non-item adjustment (e.g., Sales Discount/VOID/rounding)",remove_incomplete_rows
2024-10-11 00:00:00,,,SD,Sales Discount Variance,,1.0,pcs,0.0,0.0,0.0,0.0,,camille,ADULT MILK,F&B,4209,"non-item adjustment (e.g., Sales Discount/VOID/rounding)",remove_incomplete_rows
2024-10-13 00:00:00,,,SD,Sales Discount Variance,,1.0,pcs,0.0,0.0,0.0,0.0,,camille,ADULT MILK,F&B,4891,"non-item adjustment (e.g., Sales Discount/VOID/rounding)",remove_incomplete_rows
2024-10-14 00:00:00,,,SD,Sales Discount Variance,,1.0,pcs,0.0,0.0,0.0,0.0,,camille,ADULT MILK,F&B,5282,"non-item adjustment (e.g., Sales Discount/VOID/rounding)",remove_incomplete_rows
2024-10-15 00:00:00,,,SD,Sales Discount Variance,,1.0,pcs,0.0,0.0,0.0,0.0,,camille,ADULT MILK,F&B,5767,"non-item adjustment (e.g., Sales Discount/VOID/rounding)",remove_incomplete_rows
2024-10-16 00:00:00,,,SD,Sales Discount Variance,,1.0,pcs,0.0,0.0,0.0,0.0,,camille,ADULT MILK,F&B,6246,"non-item adjustment (e.g., Sales Discount/VOID/rounding)",remove_incomplete_rows
2024-10-16 00:00:00,,,SD,Sales Discount Variance,,1.0,pcs,0.0,0.0,0.0,0.0,,camille,ADULT MILK,F&B,6334,"non-item adjustment (e.g., Sales Discount/VOID/rounding)",remove_incomplete_rows
2024-10-16 00:00:00,,,SD,Sales Discount Variance,,1.0,pcs,0.0,0.0,0.0,0.0,,camille,ADULT MILK,F&B,6429,"non-item adjustment (e.g., Sales Discount/VOID/rounding)",remove_incomplete_rows
2024-10-17 00:00:00,,,SD,Sales Discount Variance,,1.0,pcs,0.0,0.0,0.0,0.0,,camille,ADULT MILK,F&B,6528,"non-item adjustment (e.g., Sales Discount/VOID/rounding)",remove_incomplete_rows
2024-10-17 00:00:00,,,SD,Sales Discount Variance,,1.0,pcs,0.0,0.0,0.0,0.0,,camille,ADULT MILK,F&B,6728,"non-item adjustment (e.g., Sales Discount/VOID/rounding)",remove_incomplete_rows
2024-10-17 00:00:00,,,SD,Sales Discount Variance,,1.0,pcs,0.0,0.0,0.0,0.0,,camille,ADULT MILK,F&B,6810,"non-item adjustment (e.g., Sales Discount/VOID/rounding)",remove_incomplete_rows
2024-10-18 00:00:00,,,SD,Sales Discount Variance,,1.0,pcs,0.0,0.0,0.0,0.0,,camille,ADULT MILK,F&B,7100,"non-item adjustment (e.g., Sales Discount/VOID/rounding)",remove_incomplete_rows
2024-10-18 00:00:00,,,SD,Sales Discount Variance,,1.0,pcs,0.0,0.0,0.0,0.0,,camille,ADULT MILK,F&B,7304,"non-item adjustment (e.g., Sales Discount/VOID/rounding)",remove_incomplete_rows
2024-10-19 00:00:00,,,SD,Sales Discount Variance,,1.0,pcs,0.0,0.0,0.0,0.0,,camille,ADULT MILK,F&B,7495,"non-item adjustment (e.g., Sales Discount/VOID/rounding)",remove_incomplete_rows
2024-10-19 00:00:00,,,SD,Sales Discount Variance,,1.0,pcs,0.0,0.0,0.0,0.0,,camille,ADULT MILK,F&B,7756,"non-item adjustment (e.g., Sales Discount/VOID/rounding)",remove_incomplete_rows
2024-10-21 00:00:00,,,SD,Sales Discount Variance,,1.0,pcs,0.0,0.0,0.0,0.0,,camille,ADULT MILK,F&B,8524,"non-item adjustment (e.g., Sales Discount/VOID/rounding)",remove_incomplete_rows
2024-10-21 00:00:00,,,SD,Sales Discount Variance,,1.0,pcs,0.0,0.0,0.0,0.0,,camille,ADULT MILK,F&B,8555,"non-item adjustment (e.g., Sales Discount/VOID/rounding)",remove_incomplete_rows
2024-10-21 00:00:00,,,SD,Sales Discount Variance,,1.0,pcs,0.0,0.0,0.0,0.0,,camille,ADULT MILK,F&B,8564,"non-item adjustment (e.g., Sales Discount/VOID/rounding)",remove_incomplete_rows
2024-10-21 00:00:00,,,SD,Sales Discount Variance,,1.0,pcs,0.0,0.0,0.0,0.0,,camille,ADULT MILK,F&B,8608,"non-item adjustment (e.g., Sales Discount/VOID/rounding)",remove_incomplete_rows
2024-10-21 00:00:00,,,SD,Sales Discount Variance,,1.0,pcs,0.0,0.0,0.0,0.0,,camille,ADULT MILK,F&B,8650,"non-item adjustment (e.g., Sales Discount/VOID/rounding)",remove_incomplete_rows
2024-10-23 00:00:00,,,SD,Sales Discount Variance,,1.0,pcs,0.0,0.0,0.0,0.0,,camille,ADULT MILK,F&B,9280,"non-item adjustment (e.g., Sales Discount/VOID/rounding)",remove_incomplete_rows
2024-10-28 00:00:00,,,SD,Sales Discount Variance,,1.0,pcs,0.0,0.0,0.0,0.0,,camille,ADULT MILK,F&B,10957,"non-item adjustment (e.g., Sales Discount/VOID/rounding)",remove_incomplete_rows
2024-10-29 00:00:00,,,SD,Sales Discount Variance,,1.0,pcs,0.0,0.0,0.0,0.0,,camille,ADULT MILK,F&B,11479,"non-item adjustment (e.g., Sales Discount/VOID/rounding)",remove_incomplete_rows
2024-10-29 00:00:00,,,SD,Sales Discount Variance,,1.0,pcs,0.0,0.0,0.0,0.0,,camille,ADULT MILK,F&B,11499,"non-item adjustment (e.g., Sales Discount/VOID/rounding)",remove_incomplete_rows
2024-10-30 00:00:00,,,SD,Sales Discount Variance,,1.0,pcs,0.0,0.0,0.0,0.0,,camille,ADULT MILK,F&B,11794,"non-item adjustment (e.g., Sales Discount/VOID/rounding)",remove_incomplete_rows
2024-10-30 00:00:00,,,SD,Sales Discount Variance,,1.0,pcs,0.0,0.0,0.0,0.0,,camille,ADULT MILK,F&B,11850,"non-item adjustment (e.g., Sales Discount/VOID/rounding)",remove_incomplete_rows
2024-10-30 00:00:00,,,SD,Sales Discount Variance,,1.0,pcs,0.0,0.0,0.0,0.0,,camille,ADULT MILK,F&B,11981,"non-item adjustment (e.g., Sales Discount/VOID/rounding)",remove_incomplete_rows
2024-10-30 00:00:00,,,SD,Sales Discount Variance,,1.0,pcs,0.0,0.0,0.0,0.0,,camille,ADULT MILK,F&B,12008,"non-item adjustment (e.g., Sales Discount/VOID/rounding)",remove_incomplete_rows
2024-10-02 00:00:00,,,4806502351901,SANICARE BATHROOM TISSUE 1s,2026-11-10,1.0,pcs,0.0,18.5,15.16,3.34,,camille,COTTONS AND HYGIENE,HOUSEHOLD GOODS,372,duplicate row,duplicates
2024-10-02 00:00:00,,,6922748503015,BL CREAM 7G,2025-01-30,1.0,pcs,0.0,43.0,33.0,10.0,,camille,DERMATOLOGICALS,PRESCRIPTION,639,duplicate row,duplicates
2024-10-02 00:00:00,,,4806502351901,SANICARE BATHROOM TISSUE 1s,2026-07-10,1.0,pcs,0.0,18.5,15.16,3.34,,camille,COTTONS AND HYGIENE,HOUSEHOLD GOODS,681,duplicate row,duplicates
2024-10-03 00:00:00,,,4806521160317,WARIK (WARFARIN SODIUM) 2.5MG TAB,2027-03-30,0.0,pcs,0.0,0.0,0.0,0.0,,camille,CARDIOVASCULAR,PRESCRIPTION,883,duplicate row,duplicates
2024-10-03 00:00:00,,,4806524144123,UROMID (FUROSEMIDE) 40MG TAB,2026-05-30,0.0,pcs,0.0,0.0,0.0,0.0,,camille,CARDIOVASCULAR,GENERICS,884,duplicate row,duplicates
2024-10-03 00:00:00,,,8906117651871,CETIRILIFE (CETIRIZINE) 10MG TAB,2026-12-30,10.0,pcs,0.0,30.0,0.0,30.0,,camille,RESPIRATORY,GENERICS,904,duplicate row,duplicates
2024-10-03 00:00:00,,,4800602020934,WILKINS DISTILLED 500ML,,1.0,pcs,0.0,18.0,15.21,2.79,,camille,BEVERAGES,F&B,950,duplicate row,duplicates
2024-10-03 00:00:00,,,4800602020934,WILKINS DISTILLED 500ML,,1.0,pcs,0.0,18.0,15.21,2.79,,camille,BEVERAGES,F&B,1001,duplicate row,duplicates
2024-10-04 00:00:00,,,8850007011187,JOHNSONS PINK BLOSSOMS BABY POWDER 200G,2026-02-28,1.0,pcs,0.0,111.0,97.44,13.56,,camille,SKIN AND BODY,PERSONAL CARE,1356,duplicate row,duplicates
2024-10-04 00:00:00,,,4800047820182,GREENCROSS 70% W/ MOIST 500ML,2027-06-30,1.0,pcs,0.0,98.75,85.43,13.32,,camille,DISINFECTANT,PERSONAL CARE,1366,duplicate row,duplicates
2024-10-05 00:00:00,,,4800016963827,CLOUD 9 OVERLOAD 50G 12s,2025-03-17,1.0,pcs,0.0,20.0,15.38,4.62,,camille,FOOD,F&B,1717,duplicate row,duplicates
2024-10-06 00:00:00,,,4807788561688,BIOGESIC 500MG TAB,2027-09-30,3.0,pcs,0.0,12.75,4.05,0.61,,camille,PAIN MANAGEMENT,OTC,2093,duplicate row,duplicates
2024-10-07 00:00:00,,,4806517790313,CARDIPRES (CARVEDILOL) 12.5MG FC TAB,2025-05-01,5.0,pcs,0.2,43.0,7.7,4.5,,camille,CARDIOVASCULAR,PRESCRIPTION,2296,duplicate row,duplicates
2024-10-07 00:00:00,,,4800047820243,GREENCROSS 70% SOLUTION W/ MOIST 150ML,2027-07-30,1.0,pcs,0.0,37.75,29.64,8.11,,camille,DISINFECTANT,PERSONAL CARE,2361,duplicate row,duplicates
2024-10-07 00:00:00,,,4806033304131,RM MEFENAMIC ACID 500MG TAB,2024-11-30,10.0,pcs,0.0,67.5,3.72,30.3,,camille,PAIN MANAGEMENT,OTC,2397,duplicate row,duplicates
2024-10-09 00:00:00,,,4806502351901,SANICARE BATHROOM TISSUE 1s,2026-07-10,1.0,pcs,0.0,18.5,15.16,3.34,,camille,COTTONS AND HYGIENE,HOUSEHOLD GOODS,3170,duplicate row,duplicates
2024-10-09 00:00:00,,,4800602020934,WILKINS DISTILLED 500ML,,1.0,pcs,0.0,18.0,15.21,2.79,,camille,BEVERAGES,F&B,3235,duplicate row,duplicates
2024-10-09 00:00:00,,,4806502351901,SANICARE BATHROOM TISSUE 1s,2026-07-10,1.0,pcs,0.0,18.5,15.16,3.34,,camille,COTTONS AND HYGIENE,HOUSEHOLD GOODS,3240,duplicate row,duplicates
2024-10-10 00:00:00,,,4807788408853,ALNIX (CETIRIZINE) 10MG TAB,2025-03-27,5.0,pcs,0.0,160.0,22.23,48.85,,camille,RESPIRATORY,OTC,3692,duplicate row,duplicates
2024-10-10 00:00:00,,,4987176600769,VICKS VAPORUB 5G,2026-02-28,1.0,pcs,0.0,36.5,30.39,6.11,,camille,HOME REMEDY,OTC,3718,duplicate row,duplicates
2024-10-10 00:00:00,,,750515018402,SKYFLAKES CRACKERS,2024-11-17,2.0,pcs,0.0,24.0,6.3,11.4,,camille,FOOD,F&B,3773,duplicate row,duplicates
2024-10-10 00:00:00,,,8997035600027,POCARI SWEAT ION DRINK 500ML,2025-06-03,1.0,pcs,0.0,54.0,44.4,9.6,,camille,BEVERAGES,F&B,3774,duplicate row,duplicates
2024-10-11 00:00:00,,,9314057002629,DIFFLAM LOZENGES (BENZYDAMINE HYDROCHLORIDE) 3MG,2024-11-30,1.0,pcs,0.0,35.25,29.21,6.04,,camille,PAIN MANAGEMENT,OTC,3874,duplicate row,duplicates
2024-10-11 00:00:00,,,4806502351901,SANICARE BATHROOM TISSUE 1s,2027-06-14,1.0,pcs,0.0,18.5,15.16,3.34,,camille,COTTONS AND HYGIENE,HOUSEHOLD GOODS,3988,duplicate row,duplicates
2024-10-11 00:00:00,,,4807788331083,BIOGESIC 500MG TAB 8+2 PROMOPACK,2028-03-30,1.0,pcs,0.0,34.7,28.92,5.78,,camille,PROMO PACKS,PROMOTIONS,3997,duplicate row,duplicates
2024-10-12 00:00:00,,,24019699,SANITARY BALM (CAMPHOR+MENTHOL) 32G,2027-08-31,1.0,pcs,0.0,53.0,44.17,8.83,,camille,GALENICALS AND SOLUTIONS,MED-SURG,4377,duplicate row,duplicates
2024-10-12 00:00:00,,,8997035600027,POCARI SWEAT ION DRINK 500ML,2025-04-26,1.0,pcs,0.0,54.0,44.4,9.6,,camille,BEVERAGES,F&B,4821,duplicate row,duplicates
2024-10-12 00:00:00,,,4807788700025,BIOFLU (PHENYLEPHRINE HCL CHLORPHENAMINE MALEATE PARACETAMOL) 10MG/2MG /500MG 7+1 TAB,2026-04-30,1.0,pcs,0.0,56.0,47.55,8.45,,camille,PROMO PACKS,PROMOTIONS,4829,duplicate row,duplicates
2024-10-12 00:00:00,,,4806502351901,SANICARE BATHROOM TISSUE 1s,2027-06-14,1.0,pcs,0.0,18.5,15.16,3.34,,camille,COTTONS AND HYGIENE,HOUSEHOLD GOODS,4830,duplicate row,duplicates
2024-10-14 00:00:00,,,4800136400424,BUSCOPAN TAB,2027-06-30,1.0,pcs,0.0,33.25,27.12,6.13,,camille,GIT,OTC,5205,duplicate row,duplicates
2024-10-14 00:00:00,,,4800047820182,GREENCROSS 70% W/ MOIST 500ML,2027-06-30,1.0,pcs,0.0,98.75,85.43,13.32,,camille,DISINFECTANT,PERSONAL CARE,5544,duplicate row,duplicates
2024-10-15 00:00:00,,,4800011586144,MAMA,2027-03-09,1.0,pcs,0.0,14.0,11.59,2.41,,camille,SPECIAL CATEGORY 1,PROMOTIONS,5631,duplicate row,duplicates
2024-10-15 00:00:00,,,4800047820250,GREENCROSS 70% W/ MOIST 60ML,2025-06-30,1.0,pcs,0.0,22.5,17.81,4.69,,camille,DISINFECTANT,PERSONAL CARE,5663,duplicate row,duplicates
2024-10-15 00:00:00,,,SD,Sales Discount Variance,,1.0,pcs,0.0,-0.01,0.0,-0.01,,camille,ADULT MILK,F&B,5673,duplicate row,duplicates
2024-10-15 00:00:00,,,0725765883117,OHHIRA&#039;S RED OMX PROBIOTICS CAP,2025-05-30,7.0,pcs,0.0,353.5,40.0,73.5,,camille,VITAMINS,OTC,5818,duplicate row,duplicates
2024-10-15 00:00:00,,,0725765883117,OHHIRA&#039;S RED OMX PROBIOTICS CAP,2025-05-30,7.0,pcs,0.0,353.5,40.0,73.5,,camille,VITAMINS,OTC,5909,duplicate row,duplicates
2024-10-15 00:00:00,,,480011517018,MAMA&#039;S LOVE ABS COTTON 10GM,2026-09-02,1.0,pcs,0.0,7.5,6.08,1.42,,camille,DISPOSABLES,PERSONAL CARE,6043,duplicate row,duplicates
2024-10-17 00:00:00,,,4800602087937,WILKINS DISTILLED 1L,2024-10-30,1.0,pcs,0.0,30.0,23.33,6.67,,camille,BEVERAGES,F&B,6537,duplicate row,duplicates
2024-10-17 00:00:00,,,48036016,JOHNSONS BABY OIL LITE 25ML,2026-08-25,1.0,pcs,0.0,31.0,24.45,6.55,,camille,SKIN AND BODY,PERSONAL CARE,6618,duplicate row,duplicates
2024-10-17 00:00:00,,,4800047820243,GREENCROSS 70% SOLUTION W/ MOIST 150ML,2027-07-30,1.0,pcs,0.0,37.75,29.64,8.11,,camille,DISINFECTANT,PERSONAL CARE,6659,duplicate row,duplicates
2024-10-17 00:00:00,,,4806506318863,SISTERS NIGHT PLUS 8+1 W/ WINGS,2028-09-30,1.0,pcs,0.0,29.0,25.17,3.83,,camille,DISPOSABLES,PERSONAL CARE,6968,duplicate row,duplicates
2024-10-18 00:00:00,,,0725765883117,OHHIRA&#039;S RED OMX PROBIOTICS CAP,2025-08-16,7.0,pcs,0.0,353.5,40.0,73.5,,camille,VITAMINS,OTC,7219,duplicate row,duplicates
2024-10-18 00:00:00,,,4806505757281,PROX-S ( SALBUTAMOL) 120ML SYRUP,2027-04-30,1.0,pcs,0.0,170.0,0.0,170.0,,camille,RESPIRATORY,PRESCRIPTION,7267,duplicate row,duplicates
2024-10-19 00:00:00,,,4800333169353,SERETIDE INHALER 25/125,2026-01-30,1.0,pcs,0.0,660.8,561.21,99.59,,camille,RESPIRATORY,PRESCRIPTION,7731,duplicate row,duplicates
2024-10-19 00:00:00,,,4806526078037,CHOCO EGG,2025-11-15,1.0,pcs,0.0,10.0,4.23,5.77,,camille,FOOD,F&B,7784,duplicate row,duplicates
2024-10-19 00:00:00,,,4800308100473,BACTIV (CO-AMOXICLAV) 457MG/5ML 70ML,2025-10-30,1.0,pcs,0.0,380.0,324.8,55.2,,camille,ANTIBIOTICS,PRESCRIPTION,7803,duplicate row,duplicates
2024-10-19 00:00:00,,,4800348114515,BREZU (PROCATEROL) 5MCG/ML 60ML SYR,2026-08-30,2.0,pcs,0.0,470.0,193.64,82.72,,camille,RESPIRATORY,PRESCRIPTION,7804,duplicate row,duplicates
2024-10-19 00:00:00,,,0725765883117,OHHIRA&#039;S RED OMX PROBIOTICS CAP,2025-08-16,7.0,pcs,0.0,353.5,40.0,73.5,,camille,VITAMINS,OTC,7805,duplicate row,duplicates
2024-10-19 00:00:00,,,4987176600776,VICKS VAPORUB 10G,2025-07-30,1.0,pcs,0.0,64.25,53.86,10.39,,camille,GALENICALS AND SOLUTIONS,MED-SURG,7806,duplicate row,duplicates
2024-10-19 00:00:00,,,8996001600375,LE MINERALE 330ML,,1.0,pcs,0.0,11.0,6.33,4.67,,camille,BEVERAGES,F&B,7848,duplicate row,duplicates
2024-10-19 00:00:00,,,4806504269808,APPEVIT 120ML SYR,2025-04-30,2.0,pcs,0.0,687.5,275.0,137.5,,camille,VITAMINS,OTC,7876,duplicate row,duplicates
2024-10-19 00:00:00,,,4800307101037,KLARYTH (CLARITHROMYCIN) 250MG/5ML SUSP 35ML,2024-11-30,1.0,pcs,0.0,620.0,565.57,54.43,,camille,ANTIBIOTICS,PRESCRIPTION,7877,duplicate row,duplicates
2024-10-19 00:00:00,,,4806506318832,SISTERS DAY MAXI 8+1 W/ WINGS,2028-09-30,1.0,pcs,0.0,25.0,19.71,5.29,,camille,DISPOSABLES,PERSONAL CARE,7911,duplicate row,duplicates
2024-10-21 00:00:00,,,4800047820250,GREENCROSS 70% W/ MOIST 60ML,2027-07-30,1.0,pcs,0.0,22.5,17.81,4.69,,camille,DISINFECTANT,PERSONAL CARE,8322,duplicate row,duplicates
2024-10-21 00:00:00,,,4808888201115,COLGATE CLASSIC DEEP CLEAN MEDIUM TOOTHBRUSH,2028-05-13,1.0,pcs,0.0,25.0,7.25,17.75,,camille,ORAL CARE,PERSONAL CARE,8517,duplicate row,duplicates
2024-10-21 00:00:00,,,4800308991491,FLUIMUCIL (ACETYLCYTEINE) 600MG TAB,2025-03-31,5.0,pcs,0.0,197.5,34.86,23.2,,camille,RESPIRATORY,PRESCRIPTION,8595,duplicate row,duplicates
2024-10-22 00:00:00,,,0725765883117,OHHIRA&#039;S RED OMX PROBIOTICS CAP,2025-05-30,7.0,pcs,0.0,353.5,40.0,73.5,,camille,VITAMINS,OTC,8939,duplicate row,duplicates
2024-10-22 00:00:00,,,0725765883117,OHHIRA&#039;S RED OMX PROBIOTICS CAP,2025-05-30,7.0,pcs,0.0,353.5,40.0,73.5,,camille,VITAMINS,OTC,8950,duplicate row,duplicates
2024-10-22 00:00:00,,,4806505757281,PROX-S ( SALBUTAMOL) 120ML SYRUP,2027-04-30,1.0,pcs,0.0,170.0,0.0,170.0,,camille,RESPIRATORY,PRESCRIPTION,9013,duplicate row,duplicates
2024-10-22 00:00:00,,,4800046000752,VIVALYTE E-DRINK ORANGE 250ML,2027-08-17,2.0,pcs,0.0,110.0,46.22,17.56,,camille,GIT,OTC,9071,duplicate row,duplicates
2024-10-22 00:00:00,,,0725765883117,OHHIRA&#039;S RED OMX PROBIOTICS CAP,2025-08-16,7.0,pcs,0.0,353.5,40.0,73.5,,camille,VITAMINS,OTC,9073,duplicate row,duplicates
2024-10-22 00:00:00,,,4806504269808,APPEVIT 120ML SYR,2026-08-30,1.0,pcs,0.0,343.75,275.0,68.75,,camille,VITAMINS,OTC,9103,duplicate row,duplicates
2024-10-22 00:00:00,,,4807788331083,BIOGESIC 500MG TAB 8+2 PROMOPACK,2027-07-30,1.0,pcs,0.0,34.7,28.92,5.78,,camille,PROMO PACKS,PROMOTIONS,9143,duplicate row,duplicates
2024-10-22 00:00:00,,,4808888201115,COLGATE CLASSIC DEEP CLEAN MEDIUM TOOTHBRUSH,2028-05-13,1.0,pcs,0.0,25.0,7.25,17.75,,camille,ORAL CARE,PERSONAL CARE,9190,duplicate row,duplicates
2024-10-22 00:00:00,,,4807788532619,ALAXAN FR CAP,2027-10-30,10.0,pcs,0.0,85.0,7.14,13.6,,camille,PAIN MANAGEMENT,OTC,9201,duplicate row,duplicates
2024-10-22 00:00:00,,,4800011122229,CASINO ALC FEMME W/DUAL MOIST 250ML,2028-09-30,1.0,pcs,0.0,61.75,55.5,6.25,,camille,DISINFECTANT,PERSONAL CARE,9227,duplicate row,duplicates
2024-10-23 00:00:00,,,4809013625080,MX3 COFFEE MIX 10G,2026-08-03,2.0,pcs,0.0,36.0,16.02,3.96,,camille,FOOD SUPPLEMENTS,F&B,9312,duplicate row,duplicates
2024-10-23 00:00:00,,,0725765883117,OHHIRA&#039;S RED OMX PROBIOTICS CAP,2025-10-09,7.0,pcs,0.0,353.5,40.0,73.5,,camille,VITAMINS,OTC,9391,duplicate row,duplicates
2024-10-23 00:00:00,,,4806502351901,SANICARE BATHROOM TISSUE 1s,2026-07-10,2.0,pcs,0.0,37.0,15.16,6.68,,camille,COTTONS AND HYGIENE,HOUSEHOLD GOODS,9461,duplicate row,duplicates
2024-10-23 00:00:00,,,0725765883117,OHHIRA&#039;S RED OMX PROBIOTICS CAP,2025-10-09,7.0,pcs,0.0,353.5,40.0,73.5,,camille,VITAMINS,OTC,9568,duplicate row,duplicates
2024-10-23 00:00:00,,,4806532560199,NEOPRED 20MG/5ML 60ML SYRUP,2026-04-30,1.0,pcs,0.0,313.0,260.0,53.0,,camille,RESPIRATORY,PRESCRIPTION,9569,duplicate row,duplicates
2024-10-23 00:00:00,,,8995201800530,TEMPRA (ORANGE) FORTE 60ML,2026-11-30,1.0,pcs,0.0,154.25,137.01,17.24,,camille,PAIN MANAGEMENT,OTC,9647,duplicate row,duplicates
2024-10-25 00:00:00,,,4806502351901,SANICARE BATHROOM TISSUE 1s,2026-07-10,1.0,pcs,0.0,18.5,15.16,3.34,,camille,COTTONS AND HYGIENE,HOUSEHOLD GOODS,9748,duplicate row,duplicates
2024-10-25 00:00:00,,,0725765883117,OHHIRA&#039;S RED OMX PROBIOTICS CAP,2025-08-16,10.0,pcs,0.0,505.0,40.0,105.0,,camille,VITAMINS,OTC,9842,duplicate row,duplicates
2024-10-25 00:00:00,,,4806532560199,NEOPRED 20MG/5ML 60ML SYRUP,2025-02-28,1.0,pcs,0.0,313.0,260.0,53.0,,camille,RESPIRATORY,PRESCRIPTION,9904,duplicate row,duplicates
2024-10-25 00:00:00,,,4806504269808,APPEVIT 120ML SYR,2025-04-30,1.0,pcs,0.0,343.75,275.0,68.75,,camille,VITAMINS,OTC,9905,duplicate row,duplicates
2024-10-25 00:00:00,,,0725765883117,OHHIRA&#039;S RED OMX PROBIOTICS CAP,2025-10-23,7.0,pcs,0.0,353.5,40.0,73.5,,camille,VITAMINS,OTC,9910,duplicate row,duplicates
2024-10-25 00:00:00,,,4807788321084,IMMUNPRO 500MG/10MG TAB 7+1,2027-04-30,2.0,pcs,0.0,119.5,54.84,9.82,,camille,PROMO PACKS,PROMOTIONS,9951,duplicate row,duplicates
2024-10-25 00:00:00,,,4806502358672,SANICARE ECOLAYERS BATHROOM TISSUE 3PLY 4s,2027-05-08,1.0,pcs,0.0,104.75,82.59,22.16,,camille,COTTONS AND HYGIENE,HOUSEHOLD GOODS,10073,duplicate row,duplicates
2024-10-28 00:00:00,,,0725765883117,OHHIRA&#039;S RED OMX PROBIOTICS CAP,2025-10-30,7.0,pcs,0.0,353.5,40.0,73.5,,camille,VITAMINS,OTC,10731,duplicate row,duplicates
2024-10-28 00:00:00,,,4800602020934,WILKINS DISTILLED 500ML,,1.0,pcs,0.0,18.0,15.21,2.79,,camille,BEVERAGES,F&B,10732,duplicate row,duplicates
2024-10-28 00:00:00,,,4800350107611,MEPTIN (PROCATEROL HYDROCHLORIDE) 60ML SYR,2025-05-26,1.0,pcs,0.0,254.5,207.57,46.93,,camille,RESPIRATORY,PRESCRIPTION,10851,duplicate row,duplicates
2024-10-28 00:00:00,,,4800194116466,PILLOWS CHOCO 38G,2025-03-23,1.0,pcs,0.0,13.0,9.25,3.75,,camille,FOOD,F&B,10873,duplicate row,duplicates
2024-10-28 00:00:00,,,4800194116466,PILLOWS CHOCO 38G,2025-03-23,1.0,pcs,0.0,13.0,9.25,3.75,,camille,FOOD,F&B,11074,duplicate row,duplicates
2024-10-28 00:00:00,,,4806502351901,SANICARE BATHROOM TISSUE 1s,2027-06-14,1.0,pcs,0.0,18.5,15.16,3.34,,camille,COTTONS AND HYGIENE,HOUSEHOLD GOODS,11081,duplicate row,duplicates
2024-10-29 00:00:00,,,0725765883117,OHHIRA&#039;S RED OMX PROBIOTICS CAP,2025-05-30,15.0,pcs,0.0,757.5,40.0,157.5,,camille,VITAMINS,OTC,11410,duplicate row,duplicates
2024-10-30 00:00:00,,,0725765883117,OHHIRA&#039;S RED OMX PROBIOTICS CAP,2025-05-30,7.0,pcs,0.0,353.5,40.0,73.5,,camille,VITAMINS,OTC,11754,duplicate row,duplicates
2024-10-30 00:00:00,,,4807788331083,BIOGESIC 500MG TAB 8+2 PROMOPACK,2028-03-30,1.0,pcs,0.0,34.7,28.92,5.78,,camille,PROMO PACKS,PROMOTIONS,11759,duplicate row,duplicates
2024-10-30 00:00:00,,,4800348114515,BREZU (PROCATEROL) 5MCG/ML 60ML SYR,2027-04-08,1.0,pcs,0.0,241.0,193.64,47.36,,camille,RESPIRATORY,PRESCRIPTION,11769,duplicate row,duplicates
2024-10-30 00:00:00,,,8906117651871,CETIRILIFE (CETIRIZINE) 10MG TAB,2026-12-30,5.0,pcs,0.0,15.0,0.0,15.0,,camille,RESPIRATORY,GENERICS,11775,duplicate row,duplicates
2024-10-30 00:00:00,,,4800348114515,BREZU (PROCATEROL) 5MCG/ML 60ML SYR,2026-08-30,2.0,pcs,0.0,482.0,193.64,94.72,,camille,RESPIRATORY,PRESCRIPTION,11814,duplicate row,duplicates
2024-10-30 00:00:00,,,4806502163986,SANICARE PLAYTIME WIPES - CRISP CUCUMBER 80SHEETS,2026-06-19,1.0,pcs,0.0,109.25,88.17,21.08,,camille,COTTONS AND HYGIENE,PERSONAL CARE,11824,duplicate row,duplicates
2024-10-30 00:00:00,,,4800348114515,BREZU (PROCATEROL) 5MCG/ML 60ML SYR,2027-04-08,1.0,pcs,0.0,241.0,193.64,47.36,,camille,RESPIRATORY,PRESCRIPTION,11825,duplicate row,duplicates
2024-10-30 00:00:00,,,4806502161234,SANICARE BABY WIPES 15 SHEETS,2026-04-18,1.0,pcs,0.0,34.5,30.5,4.0,,camille,COTTONS AND HYGIENE,PERSONAL CARE,11838,duplicate row,duplicates
2024-10-30 00:00:00,,,4806522730144,DEOROX COLOR SAFE 450ML STRAWBERRY SCENT,2028-08-06,1.0,pcs,0.0,35.5,0.0,35.5,,camille,HOUSEHOLD CHEMICALS,HOUSEHOLD GOODS,11848,duplicate row,duplicates
2024-10-30 00:00:00,,,4800308100473,BACTIV (CO-AMOXICLAV) 457MG/5ML 70ML,2026-05-30,1.0,pcs,0.0,380.0,324.8,55.2,,camille,ANTIBIOTICS,PRESCRIPTION,11856,duplicate row,duplicates
2024-10-30 00:00:00,,,4807788331083,BIOGESIC 500MG TAB 8+2 PROMOPACK,2028-03-30,1.0,pcs,0.0,34.7,28.92,5.78,,camille,PROMO PACKS,PROMOTIONS,11956,duplicate row,duplicates
2024-10-31 00:00:00,,,8996001600269,LE MINERALE 600ML,2025-01-30,1.0,pcs,0.0,15.0,9.2,5.8,,camille,BEVERAGES,F&B,12212,duplicate row,duplicates
2024-10-31 00:00:00,,,4800602087937,WILKINS DISTILLED 1L,2025-05-29,1.0,pcs,0.0,30.0,23.33,6.67,,camille,BEVERAGES,F&B,12325,duplicate row,duplicates
2024-10-31 00:00:00,,,4800016964060,CLOUD 9 WHITE 28G/12 PC,2024-12-26,1.0,pcs,0.0,15.0,9.0,6.0,,camille,FOOD,F&B,12379,duplicate row,duplicates
2024-10-31 00:00:00,,,4800010961447,CLOUD 9 CLASSIC 12&#039;S,2025-06-08,1.0,pcs,0.0,12.0,9.22,2.78,,camille,FOOD,F&B,12380,duplicate row,duplicates
