Date,Receipt,SO,Item Code,Description,Expiration Date,Qty,Unit,Discount,Sales,Cost,Profit,Payment,Cashier ID,_row_id,error_reason,error_stage
Grand Total,,,,,7511,,"490,103.35",,"490,103.35","177,828.46","-44,877.87","449,015.71",,7511,summary/total row matched 'grand total',pre-map
,,,,,,,<na>,,92.5,80.0,12.5,,,2,financial data present but missing supporting fields,remove_incomplete_rows
,,,,,,,<na>,,300.0,13.5,30.0,,,6,financial data present but missing supporting fields,remove_incomplete_rows
,,,,,,,<na>,,18.5,15.16,3.34,,,10,financial data present but missing supporting fields,remove_incomplete_rows
,,,,,,,<na>,,265.0,217.52,47.48,,,19,financial data present but missing supporting fields,remove_incomplete_rows
,,,,,,,<na>,,313.75,285.05,28.7,,,23,financial data present but missing supporting fields,remove_incomplete_rows
,,,,,,,<na>,,46.5,42.03,4.47,,,27,financial data present but missing supporting fields,remove_incomplete_rows
,,,,,,,<na>,,1522.5,45.76,149.69,,,32,financial data present but missing supporting fields,remove_incomplete_rows
,,,,,,,<na>,,35.0,29.24,5.76,,,36,financial data present but missing supporting fields,remove_incomplete_rows
,,,,,,,<na>,,256.0,20.2,-148.02,,,40,financial data present but missing supporting fields,remove_incomplete_rows
,,,,,,,<na>,,1009.75,70.21,535.54,,,46,financial data present but missing supporting fields,remove_incomplete_rows
,,,,,,,<na>,,18.0,9.38,8.63,,,50,financial data present but missing supporting fields,remove_incomplete_rows
,,,,,,,<na>,,624.62,23.99,-167.05,,,54,financial data present but missing supporting fields,remove_incomplete_rows
,,,,,,,<na>,,106.0,23.73,11.08,,,58,financial data present but missing supporting fields,remove_incomplete_rows
,,,,,,,<na>,,45.0,35.83,9.17,,,63,financial data present but missing supporting fields,remove_incomplete_rows
,,,,,,,<na>,,17.2,7.67,1.86,,,67,financial data present but missing supporting fields,remove_incomplete_rows
,,,,,,,<na>,,462.0,33.61,92.29,,,71,financial data present but missing supporting fields,remove_incomplete_rows
,,,,,,,<na>,,49.25,45.47,3.78,,,75,financial data present but missing supporting fields,remove_incomplete_rows
,,,,,,,<na>,,13.0,8.33,4.67,,,80,financial data present but missing supporting fields,remove_incomplete_rows
,,,,,,,<na>,,26.25,22.48,3.77,,,85,financial data present but missing supporting fields,remove_incomplete_rows
,,,,,,,<na>,,124.5,113.1,11.4,,,89,financial data present but missing supporting fields,remove_incomplete_rows
,,,,,,,<na>,,92.5,80.0,12.5,,,93,financial data present but missing supporting fields,remove_incomplete_rows
,,,,,,,<na>,,96.0,87.21,8.79,,,97,financial data present but missing supporting fields,remove_incomplete_rows
,,,,,,,<na>,,30.0,17.6,12.4,,,101,financial data present but missing supporting fields,remove_incomplete_rows
,,,,,,,<na>,,50.0,11.22,5.12,,,105,financial data present but missing supporting fields,remove_incomplete_rows
,,,,,,,<na>,,1215.0,730.0,485.0,,,109,financial data present but missing supporting fields,remove_incomplete_rows
,,,,,,,<na>,,281.0,8.31,141.78,,,114,financial data present but missing supporting fields,remove_incomplete_rows
,,,,,,,<na>,,1404.6,30.47,445.37,,,121,financial data present but missing supporting fields,remove_incomplete_rows
,,,,,,,<na>,,18.5,15.16,3.34,,,125,financial data present but missing supporting fields,remove_incomplete_rows
,,,,,,,<na>,,68.5,59.35,9.15,,,129,financial data present but missing supporting fields,remove_incomplete_rows
,,,,,,,<na>,,91.0,0.75,80.5,,,133,financial data present but missing supporting fields,remove_incomplete_rows
,,,,,,,<na>,,481.0,176.52,41.94,,,139,financial data present but missing supporting fields,remove_incomplete_rows
,,,,,,,<na>,,220.0,126.33,48.22,,,144,financial data present but missing supporting fields,remove_incomplete_rows
,,,,,,,<na>,,6.0,0.36,5.28,,,148,financial data present but missing supporting fields,remove_incomplete_rows
,,,,,,,<na>,,77.87,41.25,12.72,,,154,financial data present but missing supporting fields,remove_incomplete_rows
,,,,,,,<na>,,22.3,1.78,13.4,,,158,financial data present but missing supporting fields,remove_incomplete_rows
,,,,,,,<na>,,64.0,26.5,37.5,,,163,financial data present but missing supporting fields,remove_incomplete_rows
,,,,,,,<na>,,487.0,347.28,86.43,,,170,financial data present but missing supporting fields,remove_incomplete_rows
,,,,,,,<na>,,15.0,9.2,5.8,,,174,financial data present but missing supporting fields,remove_incomplete_rows
,,,,,,,<na>,,792.5,79.32,-0.7,,,178,financial data present but missing supporting fields,remove_incomplete_rows
,,,,,,,<na>,,90.0,15.0,0.0,,,182,financial data present but missing supporting fields,remove_incomplete_rows
,,,,,,,<na>,,40.0,1.35,26.5,,,186,financial data present but missing supporting fields,remove_incomplete_rows
,,,,,,,<na>,,205.0,85.0,120.0,,,190,financial data present but missing supporting fields,remove_incomplete_rows
,,,,,,,<na>,,270.0,245.09,24.91,,,194,financial data present but missing supporting fields,remove_incomplete_rows
,,,,,,,<na>,,14.25,11.73,2.52,,,198,financial data present but missing supporting fields,remove_incomplete_rows
,,,,,,,<na>,,78.0,868.46,-3360.03,,,204,financial data present but missing supporting fields,remove_incomplete_rows
,,,,,,,<na>,,308.0,22.0,0.0,,,208,financial data present but missing supporting fields,remove_incomplete_rows
,,,,,,,<na>,,25.0,17.5,7.5,,,212,financial data present but missing supporting fields,remove_incomplete_rows
,,,,,,,<na>,,15.5,12.87,2.63,,,216,financial data present but missing supporting fields,remove_incomplete_rows
,,,,,,,<na>,,370.5,233.51,78.68,,,223,financial data present but missing supporting fields,remove_incomplete_rows
,,,,,,,<na>,,123.75,6.83,21.23,,,227,financial data present but missing supporting fields,remove_incomplete_rows
,,,,,,,<na>,,253.0,221.81,31.19,,,231,financial data present but missing supporting fields,remove_incomplete_rows
,,,,,,,<na>,,23.0,19.83,3.17,,,235,financial data present but missing supporting fields,remove_incomplete_rows
,,,,,,,<na>,,13928.51,9856.0,4072.51,,,240,financial data present but missing supporting fields,remove_incomplete_rows
,,,,,,,<na>,,30.0,25.0,5.0,,,244,financial data present but missing supporting fields,remove_incomplete_rows
,,,,,,,<na>,,129.25,111.35,17.9,,,249,financial data present but missing supporting fields,remove_incomplete_rows
,,,,,,,<na>,,88.4,73.47,14.93,,,254,financial data present but missing supporting fields,remove_incomplete_rows
,,,,,,,<na>,,10.0,9.3,0.7,,,258,financial data present but missing supporting fields,remove_incomplete_rows
,,,,,,,<na>,,793.8,52.4,51.01,,,265,financial data present but missing supporting fields,remove_incomplete_rows
,,,,,,,<na>,,420.0,32.08,99.24,,,269,financial data present but missing supporting fields,remove_incomplete_rows
,,,,,,,<na>,,1176.0,137.4,-198.0,,,274,financial data present but missing supporting fields,remove_incomplete_rows
,,,,,,,<na>,,55.5,23.04,9.42,,,278,financial data present but missing supporting fields,remove_incomplete_rows
,,,,,,,<na>,,105.0,5.51,27.8,,,282,financial data present but missing supporting fields,remove_incomplete_rows
,,,,,,,<na>,,11.0,6.33,4.67,,,286,financial data present but missing supporting fields,remove_incomplete_rows
,,,,,,,<na>,,103.0,88.68,14.32,,,290,financial data present but missing supporting fields,remove_incomplete_rows
,,,,,,,<na>,,8.0,6.6,1.4,,,294,financial data present but missing supporting fields,remove_incomplete_rows
,,,,,,,<na>,,113.75,20.88,9.34,,,298,financial data present but missing supporting fields,remove_incomplete_rows
,,,,,,,<na>,,22.5,16.72,5.78,,,302,financial data present but missing supporting fields,remove_incomplete_rows
,,,,,,,<na>,,467.5,18.35,57.08,,,307,financial data present but missing supporting fields,remove_incomplete_rows
,,,,,,,<na>,,522.75,43.07,107.15,,,313,financial data present but missing supporting fields,remove_incomplete_rows
,,,,,,,<na>,,1215.0,730.0,485.0,,,317,financial data present but missing supporting fields,remove_incomplete_rows
,,,,,,,<na>,,68.25,60.56,7.69,,,323,financial data present but missing supporting fields,remove_incomplete_rows
,,,,,,,<na>,,78.0,60.57,7.83,,,329,financial data present but missing supporting fields,remove_incomplete_rows
,,,,,,,<na>,,2729.28,89.93,660.47,,,340,financial data present but missing supporting fields,remove_incomplete_rows
,,,,,,,<na>,,70.5,62.24,8.26,,,344,financial data present but missing supporting fields,remove_incomplete_rows
,,,,,,,<na>,,550.0,455.89,84.51,,,350,financial data present but missing supporting fields,remove_incomplete_rows
,,,,,,,<na>,,478.5,402.2,54.43,,,358,financial data present but missing supporting fields,remove_incomplete_rows
,,,,,,,<na>,,470.16,8.85,204.66,,,365,financial data present but missing supporting fields,remove_incomplete_rows
,,,,,,,<na>,,26.5,20.63,5.87,,,370,financial data present but missing supporting fields,remove_incomplete_rows
,,,,,,,<na>,,212.16,51.47,2.18,,,376,financial data present but missing supporting fields,remove_incomplete_rows
,,,,,,,<na>,,276.75,214.62,62.13,,,384,financial data present but missing supporting fields,remove_incomplete_rows
,,,,,,,<na>,,233.0,90.15,65.3,,,390,financial data present but missing supporting fields,remove_incomplete_rows
,,,,,,,<na>,,117.0,27.23,14.43,,,395,financial data present but missing supporting fields,remove_incomplete_rows
,,,,,,,<na>,,253.75,211.15,31.35,,,403,financial data present but missing supporting fields,remove_incomplete_rows
,,,,,,,<na>,,215.5,39.37,27.21,,,409,financial data present but missing supporting fields,remove_incomplete_rows
,,,,,,,<na>,,6.0,2.0,0.0,,,413,financial data present but missing supporting fields,remove_incomplete_rows
,,,,,,,<na>,,30.0,25.0,5.0,,,417,financial data present but missing supporting fields,remove_incomplete_rows
,,,,,,,<na>,,70.5,62.24,8.26,,,421,financial data present but missing supporting fields,remove_incomplete_rows
,,,,,,,<na>,,152.0,30.2,31.2,,,425,financial data present but missing supporting fields,remove_incomplete_rows
,,,,,,,<na>,,17.0,8.49,0.02,,,429,financial data present but missing supporting fields,remove_incomplete_rows
,,,,,,,<na>,,465.6,2.66,305.71,,,435,financial data present but missing supporting fields,remove_incomplete_rows
,,,,,,,<na>,,1394.04,143.9,-98.27,,,442,financial data present but missing supporting fields,remove_incomplete_rows
,,,,,,,<na>,,72.4,2.87,15.1,,,447,financial data present but missing supporting fields,remove_incomplete_rows
,,,,,,,<na>,,15.0,9.2,5.8,,,451,financial data present but missing supporting fields,remove_incomplete_rows
,,,,,,,<na>,,24.0,4.0,16.0,,,455,financial data present but missing supporting fields,remove_incomplete_rows
,,,,,,,<na>,,20.0,20.0,0.0,,,459,financial data present but missing supporting fields,remove_incomplete_rows
,,,,,,,<na>,,951.25,315.83,18.16,,,469,financial data present but missing supporting fields,remove_incomplete_rows
,,,,,,,<na>,,893.76,56.0,109.76,,,474,financial data present but missing supporting fields,remove_incomplete_rows
,,,,,,,<na>,,190.0,30.2,39.0,,,478,financial data present but missing supporting fields,remove_incomplete_rows
,,,,,,,<na>,,26.25,22.48,3.77,,,483,financial data present but missing supporting fields,remove_incomplete_rows
,,,,,,,<na>,,80.2,6.1,19.2,,,489,financial data present but missing supporting fields,remove_incomplete_rows
,,,,,,,<na>,,130.2,67.66,21.68,,,496,financial data present but missing supporting fields,remove_incomplete_rows
,,,,,,,<na>,,832.8,100.91,-38.07,,,502,financial data present but missing supporting fields,remove_incomplete_rows
,,,,,,,<na>,,15.0,9.2,5.8,,,506,financial data present but missing supporting fields,remove_incomplete_rows
,,,,,,,<na>,,28.0,23.51,4.49,,,511,financial data present but missing supporting fields,remove_incomplete_rows
,,,,,,,<na>,,173.75,34.53,1.1,,,515,financial data present but missing supporting fields,remove_incomplete_rows
,,,,,,,<na>,,433.0,412.87,20.13,,,519,financial data present but missing supporting fields,remove_incomplete_rows
,,,,,,,<na>,,247.0,20.12,45.83,,,524,financial data present but missing supporting fields,remove_incomplete_rows
,,,,,,,<na>,,38.1,12.76,11.8,,,530,financial data present but missing supporting fields,remove_incomplete_rows
,,,,,,,<na>,,770.0,250.0,270.0,,,534,financial data present but missing supporting fields,remove_incomplete_rows
,,,,,,,<na>,,86.0,17.39,16.45,,,538,financial data present but missing supporting fields,remove_incomplete_rows
,,,,,,,<na>,,126.0,89.21,8.79,,,543,financial data present but missing supporting fields,remove_incomplete_rows
,,,,,,,<na>,,15.0,9.2,5.8,,,547,financial data present but missing supporting fields,remove_incomplete_rows
,,,,,,,<na>,,312.0,93.62,61.51,,,552,financial data present but missing supporting fields,remove_incomplete_rows
,,,,,,,<na>,,475.2,36.73,116.29,,,558,financial data present but missing supporting fields,remove_incomplete_rows
,,,,,,,<na>,,144.5,77.4,21.62,,,563,financial data present but missing supporting fields,remove_incomplete_rows
,,,,,,,<na>,,34.0,29.5,4.5,,,567,financial data present but missing supporting fields,remove_incomplete_rows
,,,,,,,<na>,,105.8,46.01,13.78,,,571,financial data present but missing supporting fields,remove_incomplete_rows
,,,,,,,<na>,,45.0,35.12,9.88,,,575,financial data present but missing supporting fields,remove_incomplete_rows
,,,,,,,<na>,,10772.4,443.66,4309.48,,,589,financial data present but missing supporting fields,remove_incomplete_rows
,,,,,,,<na>,,61.0,55.2,5.8,,,593,financial data present but missing supporting fields,remove_incomplete_rows
,,,,,,,<na>,,1276.8,56.0,156.8,,,597,financial data present but missing supporting fields,remove_incomplete_rows
,,,,,,,<na>,,1200.0,404.42,32.56,,,604,financial data present but missing supporting fields,remove_incomplete_rows
,,,,,,,<na>,,79.65,2.31,40.59,,,614,financial data present but missing supporting fields,remove_incomplete_rows
,,,,,,,<na>,,20.0,0.65,13.5,,,618,financial data present but missing supporting fields,remove_incomplete_rows
,,,,,,,<na>,,241.2,3.06,20.88,,,623,financial data present but missing supporting fields,remove_incomplete_rows
,,,,,,,<na>,,2168.19,1667.02,348.91,,,629,financial data present but missing supporting fields,remove_incomplete_rows
,,,,,,,<na>,,286.0,248.95,-99.77,,,635,financial data present but missing supporting fields,remove_incomplete_rows
,,,,,,,<na>,,33.75,9.85,4.2,,,639,financial data present but missing supporting fields,remove_incomplete_rows
,,,,,,,<na>,,125.0,0.43,124.14,,,644,financial data present but missing supporting fields,remove_incomplete_rows
,,,,,,,<na>,,159.0,4.47,24.81,,,648,financial data present but missing supporting fields,remove_incomplete_rows
,,,,,,,<na>,,50.0,1.17,26.6,,,652,financial data present but missing supporting fields,remove_incomplete_rows
,,,,,,,<na>,,104.45,61.83,10.59,,,658,financial data present but missing supporting fields,remove_incomplete_rows
,,,,,,,<na>,,105.0,2.85,48.0,,,662,financial data present but missing supporting fields,remove_incomplete_rows
,,,,,,,<na>,,18.0,9.38,8.63,,,666,financial data present but missing supporting fields,remove_incomplete_rows
,,,,,,,<na>,,64.0,32.0,0.0,,,670,financial data present but missing supporting fields,remove_incomplete_rows
,,,,,,,<na>,,24.0,6.69,3.92,,,674,financial data present but missing supporting fields,remove_incomplete_rows
,,,,,,,<na>,,107.5,8.22,25.28,,,679,financial data present but missing supporting fields,remove_incomplete_rows
,,,,,,,<na>,,38.0,33.8,4.2,,,683,financial data present but missing supporting fields,remove_incomplete_rows
,,,,,,,<na>,,96.5,54.22,9.28,,,688,financial data present but missing supporting fields,remove_incomplete_rows
,,,,,,,<na>,,15.0,9.2,5.8,,,692,financial data present but missing supporting fields,remove_incomplete_rows
,,,,,,,<na>,,336.75,280.51,56.24,,,696,financial data present but missing supporting fields,remove_incomplete_rows
,,,,,,,<na>,,23.0,20.77,2.23,,,700,financial data present but missing supporting fields,remove_incomplete_rows
,,,,,,,<na>,,120.0,30.0,0.0,,,704,financial data present but missing supporting fields,remove_incomplete_rows
,,,,,,,<na>,,37.75,29.41,8.34,,,708,financial data present but missing supporting fields,remove_incomplete_rows
,,,,,,,<na>,,648.0,1005.25,-27764.04,,,715,financial data present but missing supporting fields,remove_incomplete_rows
,,,,,,,<na>,,159.0,132.46,26.54,,,719,financial data present but missing supporting fields,remove_incomplete_rows
,,,,,,,<na>,,70.25,54.0,16.25,,,723,financial data present but missing supporting fields,remove_incomplete_rows
,,,,,,,<na>,,45.0,26.8,18.2,,,728,financial data present but missing supporting fields,remove_incomplete_rows
,,,,,,,<na>,,1008.0,24.0,288.0,,,732,financial data present but missing supporting fields,remove_incomplete_rows
,,,,,,,<na>,,22.3,1.78,13.4,,,736,financial data present but missing supporting fields,remove_incomplete_rows
,,,,,,,<na>,,410.2,30.49,169.56,,,744,financial data present but missing supporting fields,remove_incomplete_rows
,,,,,,,<na>,,361.1,32.9,45.02,,,750,financial data present but missing supporting fields,remove_incomplete_rows
,,,,,,,<na>,,647.0,442.38,8.63,,,756,financial data present but missing supporting fields,remove_incomplete_rows
,,,,,,,<na>,,182.5,16.07,21.79,,,760,financial data present but missing supporting fields,remove_incomplete_rows
,,,,,,,<na>,,3480.0,2800.0,680.0,,,764,financial data present but missing supporting fields,remove_incomplete_rows
,,,,,,,<na>,,448.0,41.74,30.58,,,769,financial data present but missing supporting fields,remove_incomplete_rows
,,,,,,,<na>,,313.0,277.26,35.74,,,778,financial data present but missing supporting fields,remove_incomplete_rows
,,,,,,,<na>,,492.5,948.25,-9199.31,,,783,financial data present but missing supporting fields,remove_incomplete_rows
,,,,,,,<na>,,52.0,44.99,7.01,,,787,financial data present but missing supporting fields,remove_incomplete_rows
,,,,,,,<na>,,42.5,3.81,4.39,,,791,financial data present but missing supporting fields,remove_incomplete_rows
,,,,,,,<na>,,447.25,888.79,-11727.28,,,799,financial data present but missing supporting fields,remove_incomplete_rows
,,,,,,,<na>,,60.0,44.32,15.68,,,804,financial data present but missing supporting fields,remove_incomplete_rows
,,,,,,,<na>,,108.0,93.24,14.76,,,808,financial data present but missing supporting fields,remove_incomplete_rows
,,,,,,,<na>,,41.0,35.73,5.27,,,812,financial data present but missing supporting fields,remove_incomplete_rows
,,,,,,,<na>,,5990.0,97.78,181.1,,,820,financial data present but missing supporting fields,remove_incomplete_rows
,,,,,,,<na>,,161.0,136.82,-112.64,,,824,financial data present but missing supporting fields,remove_incomplete_rows
,,,,,,,<na>,,313.0,23.9,36.99,,,829,financial data present but missing supporting fields,remove_incomplete_rows
,,,,,,,<na>,,16.5,4.76,2.22,,,833,financial data present but missing supporting fields,remove_incomplete_rows
,,,,,,,<na>,,750.0,13.5,75.0,,,837,financial data present but missing supporting fields,remove_incomplete_rows
,,,,,,,<na>,,155.0,9.17,109.15,,,841,financial data present but missing supporting fields,remove_incomplete_rows
,,,,,,,<na>,,40.0,23.64,4.93,,,846,financial data present but missing supporting fields,remove_incomplete_rows
,,,,,,,<na>,,108.0,75.02,32.98,,,850,financial data present but missing supporting fields,remove_incomplete_rows
,,,,,,,<na>,,16.75,15.09,1.66,,,854,financial data present but missing supporting fields,remove_incomplete_rows
,,,,,,,<na>,,53.75,9.53,6.12,,,858,financial data present but missing supporting fields,remove_incomplete_rows
,,,,,,,<na>,,38.25,31.52,6.73,,,863,financial data present but missing supporting fields,remove_incomplete_rows
,,,,,,,<na>,,92.5,80.0,12.5,,,867,financial data present but missing supporting fields,remove_incomplete_rows
,,,,,,,<na>,,984.78,503.55,50.95,,,873,financial data present but missing supporting fields,remove_incomplete_rows
,,,,,,,<na>,,306.0,10.46,-7.91,,,877,financial data present but missing supporting fields,remove_incomplete_rows
,,,,,,,<na>,,306.0,10.46,-7.91,,,881,financial data present but missing supporting fields,remove_incomplete_rows
,,,,,,,<na>,,11.0,6.33,4.67,,,885,financial data present but missing supporting fields,remove_incomplete_rows
,,,,,,,<na>,,150.5,68.61,24.58,,,890,financial data present but missing supporting fields,remove_incomplete_rows
,,,,,,,<na>,,157.5,92.9,8.0,,,895,financial data present but missing supporting fields,remove_incomplete_rows
,,,,,,,<na>,,36.5,23.41,13.09,,,901,financial data present but missing supporting fields,remove_incomplete_rows
,,,,,,,<na>,,276.5,98.15,97.16,,,906,financial data present but missing supporting fields,remove_incomplete_rows
,,,,,,,<na>,,11.0,6.33,4.67,,,910,financial data present but missing supporting fields,remove_incomplete_rows
,,,,,,,<na>,,516.0,389.91,126.09,,,914,financial data present but missing supporting fields,remove_incomplete_rows
,,,,,,,<na>,,48.5,40.33,8.17,,,918,financial data present but missing supporting fields,remove_incomplete_rows
,,,,,,,<na>,,30.0,11.25,7.5,,,922,financial data present but missing supporting fields,remove_incomplete_rows
,,,,,,,<na>,,15.0,9.2,5.8,,,926,financial data present but missing supporting fields,remove_incomplete_rows
,,,,,,,<na>,,34.0,21.65,3.32,,,931,financial data present but missing supporting fields,remove_incomplete_rows
,,,,,,,<na>,,450.0,0.0,450.0,,,935,financial data present but missing supporting fields,remove_incomplete_rows
,,,,,,,<na>,,135.0,112.36,22.64,,,939,financial data present but missing supporting fields,remove_incomplete_rows
,,,,,,,<na>,,48.0,37.04,10.96,,,943,financial data present but missing supporting fields,remove_incomplete_rows
,,,,,,,<na>,,409.36,102.01,9.7,,,951,financial data present but missing supporting fields,remove_incomplete_rows
,,,,,,,<na>,,11.0,6.33,4.67,,,955,financial data present but missing supporting fields,remove_incomplete_rows
,,,,,,,<na>,,318.0,16.3,-12.1,,,960,financial data present but missing supporting fields,remove_incomplete_rows
,,,,,,,<na>,,813.0,60.7,146.89,,,966,financial data present but missing supporting fields,remove_incomplete_rows
,,,,,,,<na>,,266.0,13.26,41.71,,,971,financial data present but missing supporting fields,remove_incomplete_rows
,,,,,,,<na>,,27.0,25.96,1.04,,,975,financial data present but missing supporting fields,remove_incomplete_rows
,,,,,,,<na>,,105.0,16.1,24.5,,,979,financial data present but missing supporting fields,remove_incomplete_rows
,,,,,,,<na>,,109.2,52.0,57.2,,,983,financial data present but missing supporting fields,remove_incomplete_rows
,,,,,,,<na>,,180.4,82.25,35.15,,,989,financial data present but missing supporting fields,remove_incomplete_rows
,,,,,,,<na>,,289.44,18.45,104.98,,,996,financial data present but missing supporting fields,remove_incomplete_rows
,,,,,,,<na>,,15.0,6.69,1.61,,,1000,financial data present but missing supporting fields,remove_incomplete_rows
,,,,,,,<na>,,31.0,28.07,2.93,,,1005,financial data present but missing supporting fields,remove_incomplete_rows
,,,,,,,<na>,,34.75,30.38,4.37,,,1009,financial data present but missing supporting fields,remove_incomplete_rows
,,,,,,,<na>,,441.0,336.83,-32.65,,,1015,financial data present but missing supporting fields,remove_incomplete_rows
,,,,,,,<na>,,57.05,4.18,30.53,,,1020,financial data present but missing supporting fields,remove_incomplete_rows
,,,,,,,<na>,,158.78,55.55,35.28,,,1025,financial data present but missing supporting fields,remove_incomplete_rows
,,,,,,,<na>,,119.7,37.59,6.94,,,1030,financial data present but missing supporting fields,remove_incomplete_rows
,,,,,,,<na>,,120.0,56.0,64.0,,,1034,financial data present but missing supporting fields,remove_incomplete_rows
,,,,,,,<na>,,47.5,40.49,7.01,,,1039,financial data present but missing supporting fields,remove_incomplete_rows
,,,,,,,<na>,,1976.0,99.0,-404.0,,,1044,financial data present but missing supporting fields,remove_incomplete_rows
,,,,,,,<na>,,51.0,46.0,5.0,,,1048,financial data present but missing supporting fields,remove_incomplete_rows
,,,,,,,<na>,,35.0,29.24,5.76,,,1052,financial data present but missing supporting fields,remove_incomplete_rows
,,,,,,,<na>,,40.0,9.6,30.4,,,1056,financial data present but missing supporting fields,remove_incomplete_rows
,,,,,,,<na>,,172.0,4.83,125.89,,,1061,financial data present but missing supporting fields,remove_incomplete_rows
,,,,,,,<na>,,30.0,17.6,12.4,,,1065,financial data present but missing supporting fields,remove_incomplete_rows
,,,,,,,<na>,,18.5,15.16,3.34,,,1069,financial data present but missing supporting fields,remove_incomplete_rows
,,,,,,,<na>,,120.0,56.0,64.0,,,1073,financial data present but missing supporting fields,remove_incomplete_rows
,,,,,,,<na>,,10.0,9.03,0.98,,,1077,financial data present but missing supporting fields,remove_incomplete_rows
,,,,,,,<na>,,234.0,6.5,39.0,,,1081,financial data present but missing supporting fields,remove_incomplete_rows
,,,,,,,<na>,,42.5,3.81,4.39,,,1085,financial data present but missing supporting fields,remove_incomplete_rows
,,,,,,,<na>,,25.0,10.94,3.13,,,1089,financial data present but missing supporting fields,remove_incomplete_rows
,,,,,,,<na>,,103.5,43.11,17.28,,,1093,financial data present but missing supporting fields,remove_incomplete_rows
,,,,,,,<na>,,26.25,22.48,3.77,,,1098,financial data present but missing supporting fields,remove_incomplete_rows
,,,,,,,<na>,,14.25,11.73,2.52,,,1102,financial data present but missing supporting fields,remove_incomplete_rows
,,,,,,,<na>,,258.68,215.05,43.63,,,1108,financial data present but missing supporting fields,remove_incomplete_rows
,,,,,,,<na>,,25.5,18.79,4.1,,,1113,financial data present but missing supporting fields,remove_incomplete_rows
,,,,,,,<na>,,259.25,30.95,59.85,,,1118,financial data present but missing supporting fields,remove_incomplete_rows
,,,,,,,<na>,,30.0,17.6,12.4,,,1122,financial data present but missing supporting fields,remove_incomplete_rows
,,,,,,,<na>,,124.65,34.76,20.37,,,1127,financial data present but missing supporting fields,remove_incomplete_rows
,,,,,,,<na>,,57.5,5.19,5.6,,,1131,financial data present but missing supporting fields,remove_incomplete_rows
,,,,,,,<na>,,25.6,5.47,3.74,,,1135,financial data present but missing supporting fields,remove_incomplete_rows
,,,,,,,<na>,,302.75,75.06,11.49,,,1141,financial data present but missing supporting fields,remove_incomplete_rows
,,,,,,,<na>,,1368.25,561.73,203.84,,,1151,financial data present but missing supporting fields,remove_incomplete_rows
,,,,,,,<na>,,98.5,45.47,7.56,,,1155,financial data present but missing supporting fields,remove_incomplete_rows
,,,,,,,<na>,,91.25,16.07,10.89,,,1159,financial data present but missing supporting fields,remove_incomplete_rows
,,,,,,,<na>,,489.0,135.0,84.0,,,1164,financial data present but missing supporting fields,remove_incomplete_rows
,,,,,,,<na>,,112.0,28.0,0.0,,,1168,financial data present but missing supporting fields,remove_incomplete_rows
,,,,,,,<na>,,146.5,66.28,13.94,,,1172,financial data present but missing supporting fields,remove_incomplete_rows
,,,,,,,<na>,,92.5,80.0,12.5,,,1176,financial data present but missing supporting fields,remove_incomplete_rows
,,,,,,,<na>,,92.5,80.0,12.5,,,1180,financial data present but missing supporting fields,remove_incomplete_rows
,,,,,,,<na>,,17.0,8.49,0.02,,,1184,financial data present but missing supporting fields,remove_incomplete_rows
,,,,,,,<na>,,50.0,11.22,5.12,,,1188,financial data present but missing supporting fields,remove_incomplete_rows
,,,,,,,<na>,,36.0,9.38,17.25,,,1192,financial data present but missing supporting fields,remove_incomplete_rows
,,,,,,,<na>,,23.0,18.22,4.78,,,1196,financial data present but missing supporting fields,remove_incomplete_rows
,,,,,,,<na>,,75.0,15.0,45.0,,,1200,financial data present but missing supporting fields,remove_incomplete_rows
,,,,,,,<na>,,103.5,89.96,13.54,,,1204,financial data present but missing supporting fields,remove_incomplete_rows
,,,,,,,<na>,,102.5,6.31,39.37,,,1209,financial data present but missing supporting fields,remove_incomplete_rows
,,,,,,,<na>,,19.75,16.36,3.39,,,1213,financial data present but missing supporting fields,remove_incomplete_rows
,,,,,,,<na>,,45.0,26.8,18.2,,,1218,financial data present but missing supporting fields,remove_incomplete_rows
,,,,,,,<na>,,71.0,16.88,2.12,,,1223,financial data present but missing supporting fields,remove_incomplete_rows
,,,,,,,<na>,,70.0,5.21,17.92,,,1227,financial data present but missing supporting fields,remove_incomplete_rows
,,,,,,,<na>,,45.0,35.12,9.88,,,1231,financial data present but missing supporting fields,remove_incomplete_rows
,,,,,,,<na>,,2160.0,1706.0,454.0,,,1236,financial data present but missing supporting fields,remove_incomplete_rows
,,,,,,,<na>,,78.5,69.87,8.63,,,1240,financial data present but missing supporting fields,remove_incomplete_rows
,,,,,,,<na>,,120.0,56.0,64.0,,,1244,financial data present but missing supporting fields,remove_incomplete_rows
,,,,,,,<na>,,17.0,3.81,1.76,,,1248,financial data present but missing supporting fields,remove_incomplete_rows
,,,,,,,<na>,,146.0,133.54,12.46,,,1252,financial data present but missing supporting fields,remove_incomplete_rows
,,,,,,,<na>,,67.5,9.85,8.4,,,1256,financial data present but missing supporting fields,remove_incomplete_rows
,,,,,,,<na>,,30.0,17.6,12.4,,,1260,financial data present but missing supporting fields,remove_incomplete_rows
,,,,,,,<na>,,40.0,1.45,25.5,,,1264,financial data present but missing supporting fields,remove_incomplete_rows
,,,,,,,<na>,,50.0,45.82,4.18,,,1268,financial data present but missing supporting fields,remove_incomplete_rows
,,,,,,,<na>,,245.1,25.05,-5.43,,,1274,financial data present but missing supporting fields,remove_incomplete_rows
,,,,,,,<na>,,21.25,3.81,2.2,,,1278,financial data present but missing supporting fields,remove_incomplete_rows
,,,,,,,<na>,,402.0,11.99,42.3,,,1282,financial data present but missing supporting fields,remove_incomplete_rows
,,,,,,,<na>,,120.75,31.37,26.63,,,1286,financial data present but missing supporting fields,remove_incomplete_rows
,,,,,,,<na>,,42.5,3.81,4.39,,,1290,financial data present but missing supporting fields,remove_incomplete_rows
,,,,,,,<na>,,27.5,1.47,20.13,,,1294,financial data present but missing supporting fields,remove_incomplete_rows
,,,,,,,<na>,,60.0,2.8,32.0,,,1298,financial data present but missing supporting fields,remove_incomplete_rows
,,,,,,,<na>,,42.75,38.79,3.96,,,1302,financial data present but missing supporting fields,remove_incomplete_rows
,,,,,,,<na>,,17.0,3.81,1.76,,,1306,financial data present but missing supporting fields,remove_incomplete_rows
,,,,,,,<na>,,115.5,14.2,16.07,,,1310,financial data present but missing supporting fields,remove_incomplete_rows
,,,,,,,<na>,,70.5,60.8,9.7,,,1314,financial data present but missing supporting fields,remove_incomplete_rows
,,,,,,,<na>,,21.2,4.47,3.31,,,1318,financial data present but missing supporting fields,remove_incomplete_rows
,,,,,,,<na>,,500.3,182.9,93.3,,,1325,financial data present but missing supporting fields,remove_incomplete_rows
,,,,,,,<na>,,19.8,19.25,0.55,,,1329,financial data present but missing supporting fields,remove_incomplete_rows
,,,,,,,<na>,,7.0,5.55,1.45,,,1333,financial data present but missing supporting fields,remove_incomplete_rows
,,,,,,,<na>,,438.03,305.43,132.6,,,1338,financial data present but missing supporting fields,remove_incomplete_rows
,,,,,,,<na>,,16.0,6.69,2.62,,,1342,financial data present but missing supporting fields,remove_incomplete_rows
,,,,,,,<na>,,183.6,41.34,18.23,,,1346,financial data present but missing supporting fields,remove_incomplete_rows
,,,,,,,<na>,,321.25,1038.35,-9220.84,,,1354,financial data present but missing supporting fields,remove_incomplete_rows
,,,,,,,<na>,,48.0,26.98,21.03,,,1359,financial data present but missing supporting fields,remove_incomplete_rows
,,,,,,,<na>,,50.0,1.17,26.6,,,1363,financial data present but missing supporting fields,remove_incomplete_rows
,,,,,,,<na>,,185.5,26.3,1.39,,,1367,financial data present but missing supporting fields,remove_incomplete_rows
,,,,,,,<na>,,18.5,15.16,3.34,,,1371,financial data present but missing supporting fields,remove_incomplete_rows
,,,,,,,<na>,,26.25,22.48,3.77,,,1376,financial data present but missing supporting fields,remove_incomplete_rows
,,,,,,,<na>,,336.0,101.81,95.59,,,1382,financial data present but missing supporting fields,remove_incomplete_rows
,,,,,,,<na>,,177.0,29.95,147.05,,,1387,financial data present but missing supporting fields,remove_incomplete_rows
,,,,,,,<na>,,177.0,29.95,147.05,,,1392,financial data present but missing supporting fields,remove_incomplete_rows
,,,,,,,<na>,,177.0,25.96,151.04,,,1397,financial data present but missing supporting fields,remove_incomplete_rows
,,,,,,,<na>,,39.25,27.23,5.65,,,1402,financial data present but missing supporting fields,remove_incomplete_rows
,,,,,,,<na>,,1005.04,33.03,-104.92,,,1408,financial data present but missing supporting fields,remove_incomplete_rows
,,,,,,,<na>,,103.75,90.86,12.89,,,1412,financial data present but missing supporting fields,remove_incomplete_rows
,,,,,,,<na>,,18.0,9.38,8.63,,,1416,financial data present but missing supporting fields,remove_incomplete_rows
,,,,,,,<na>,,23.0,19.83,3.17,,,1420,financial data present but missing supporting fields,remove_incomplete_rows
,,,,,,,<na>,,23.0,20.77,2.23,,,1424,financial data present but missing supporting fields,remove_incomplete_rows
,,,,,,,<na>,,1556.35,672.99,94.7,,,1437,financial data present but missing supporting fields,remove_incomplete_rows
,,,,,,,<na>,,1136.0,117.89,-42.85,,,1442,financial data present but missing supporting fields,remove_incomplete_rows
,,,,,,,<na>,,37.5,10.94,4.69,,,1446,financial data present but missing supporting fields,remove_incomplete_rows
,,,,,,,<na>,,30.0,17.6,12.4,,,1450,financial data present but missing supporting fields,remove_incomplete_rows
,,,,,,,<na>,,19.5,16.18,3.32,,,1454,financial data present but missing supporting fields,remove_incomplete_rows
,,,,,,,<na>,,941.25,285.05,86.1,,,1458,financial data present but missing supporting fields,remove_incomplete_rows
,,,,,,,<na>,,945.75,572.69,85.42,,,1463,financial data present but missing supporting fields,remove_incomplete_rows
,,,,,,,<na>,,1276.24,189.21,-115.89,,,1469,financial data present but missing supporting fields,remove_incomplete_rows
,,,,,,,<na>,,273.0,59.61,34.57,,,1473,financial data present but missing supporting fields,remove_incomplete_rows
,,,,,,,<na>,,467.5,551.83,-125.8,,,1478,financial data present but missing supporting fields,remove_incomplete_rows
,,,,,,,<na>,,174.08,92.11,81.97,,,1483,financial data present but missing supporting fields,remove_incomplete_rows
,,,,,,,<na>,,217.6,155.94,23.31,,,1490,financial data present but missing supporting fields,remove_incomplete_rows
,,,,,,,<na>,,78.5,69.87,8.63,,,1494,financial data present but missing supporting fields,remove_incomplete_rows
,,,,,,,<na>,,209.5,37.07,86.89,,,1499,financial data present but missing supporting fields,remove_incomplete_rows
,,,,,,,<na>,,50.0,1.17,26.6,,,1503,financial data present but missing supporting fields,remove_incomplete_rows
,,,,,,,<na>,,60.75,17.15,9.29,,,1508,financial data present but missing supporting fields,remove_incomplete_rows
,,,,,,,<na>,,18.5,15.16,3.34,,,1512,financial data present but missing supporting fields,remove_incomplete_rows
,,,,,,,<na>,,516.0,341.77,-63.91,,,1519,financial data present but missing supporting fields,remove_incomplete_rows
,,,,,,,<na>,,421.4,68.09,-55.2,,,1524,financial data present but missing supporting fields,remove_incomplete_rows
,,,,,,,<na>,,126.2,109.34,16.86,,,1530,financial data present but missing supporting fields,remove_incomplete_rows
,,,,,,,<na>,,2219.0,79.32,-1.96,,,1534,financial data present but missing supporting fields,remove_incomplete_rows
,,,,,,,<na>,,440.0,50.19,-112.05,,,1538,financial data present but missing supporting fields,remove_incomplete_rows
,,,,,,,<na>,,505.0,42.11,83.9,,,1542,financial data present but missing supporting fields,remove_incomplete_rows
,,,,,,,<na>,,312.75,261.72,51.03,,,1547,financial data present but missing supporting fields,remove_incomplete_rows
,,,,,,,<na>,,62.0,22.07,17.85,,,1551,financial data present but missing supporting fields,remove_incomplete_rows
,,,,,,,<na>,,119.7,37.59,6.94,,,1556,financial data present but missing supporting fields,remove_incomplete_rows
,,,,,,,<na>,,119.0,102.66,16.34,,,1560,financial data present but missing supporting fields,remove_incomplete_rows
,,,,,,,<na>,,13.25,10.78,2.47,,,1564,financial data present but missing supporting fields,remove_incomplete_rows
,,,,,,,<na>,,70.0,33.0,4.0,,,1568,financial data present but missing supporting fields,remove_incomplete_rows
,,,,,,,<na>,,65.0,89.19,-88.99,,,1573,financial data present but missing supporting fields,remove_incomplete_rows
,,,,,,,<na>,,34.0,29.5,4.5,,,1577,financial data present but missing supporting fields,remove_incomplete_rows
,,,,,,,<na>,,205.98,53.13,25.96,,,1583,financial data present but missing supporting fields,remove_incomplete_rows
,,,,,,,<na>,,119.5,101.71,17.79,,,1587,financial data present but missing supporting fields,remove_incomplete_rows
,,,,,,,<na>,,630.0,39.07,82.99,,,1591,financial data present but missing supporting fields,remove_incomplete_rows
,,,,,,,<na>,,40.0,14.49,11.01,,,1596,financial data present but missing supporting fields,remove_incomplete_rows
,,,,,,,<na>,,67.0,53.14,13.86,,,1600,financial data present but missing supporting fields,remove_incomplete_rows
,,,,,,,<na>,,25.2,5.66,2.56,,,1604,financial data present but missing supporting fields,remove_incomplete_rows
,,,,,,,<na>,,74.1,90.86,-16.76,,,1608,financial data present but missing supporting fields,remove_incomplete_rows
,,,,,,,<na>,,58.0,33.33,5.62,,,1613,financial data present but missing supporting fields,remove_incomplete_rows
,,,,,,,<na>,,162.0,142.29,19.71,,,1618,financial data present but missing supporting fields,remove_incomplete_rows
,,,,,,,<na>,,47.5,37.5,10.0,,,1623,financial data present but missing supporting fields,remove_incomplete_rows
,,,,,,,<na>,,246.0,113.38,42.02,,,1628,financial data present but missing supporting fields,remove_incomplete_rows
,,,,,,,<na>,,38.0,28.92,9.08,,,1633,financial data present but missing supporting fields,remove_incomplete_rows
,,,,,,,<na>,,41.25,7.15,5.48,,,1637,financial data present but missing supporting fields,remove_incomplete_rows
,,,,,,,<na>,,18.5,15.16,3.34,,,1641,financial data present but missing supporting fields,remove_incomplete_rows
,,,,,,,<na>,,909.25,395.88,29.94,,,1647,financial data present but missing supporting fields,remove_incomplete_rows
,,,,,,,<na>,,120.0,124.11,-4.11,,,1651,financial data present but missing supporting fields,remove_incomplete_rows
,,,,,,,<na>,,9723.75,443.73,95.9,,,1661,financial data present but missing supporting fields,remove_incomplete_rows
,,,,,,,<na>,,1469.0,1427.63,41.38,,,1666,financial data present but missing supporting fields,remove_incomplete_rows
,,,,,,,<na>,,98.75,85.43,13.32,,,1670,financial data present but missing supporting fields,remove_incomplete_rows
,,,,,,,<na>,,23.0,19.83,3.17,,,1674,financial data present but missing supporting fields,remove_incomplete_rows
,,,,,,,<na>,,2.5,0.65,1.85,,,1678,financial data present but missing supporting fields,remove_incomplete_rows
,,,,,,,<na>,,15.0,9.2,5.8,,,1682,financial data present but missing supporting fields,remove_incomplete_rows
,,,,,,,<na>,,168.76,46.28,15.91,,,1690,financial data present but missing supporting fields,remove_incomplete_rows
,,,,,,,<na>,,199.25,52.26,47.62,,,1697,financial data present but missing supporting fields,remove_incomplete_rows
,,,,,,,<na>,,1909.0,96.15,294.81,,,1703,financial data present but missing supporting fields,remove_incomplete_rows
,,,,,,,<na>,,362.0,55.19,-46.95,,,1709,financial data present but missing supporting fields,remove_incomplete_rows
,,,,,,,<na>,,29.0,25.33,3.67,,,1713,financial data present but missing supporting fields,remove_incomplete_rows
,,,,,,,<na>,,51.0,46.0,5.0,,,1717,financial data present but missing supporting fields,remove_incomplete_rows
,,,,,,,<na>,,317.5,65.55,73.75,,,1723,financial data present but missing supporting fields,remove_incomplete_rows
,,,,,,,<na>,,42.5,3.81,4.39,,,1727,financial data present but missing supporting fields,remove_incomplete_rows
,,,,,,,<na>,,23.25,25.42,-2.17,,,1731,financial data present but missing supporting fields,remove_incomplete_rows
,,,,,,,<na>,,49.11,35.0,14.11,,,1735,financial data present but missing supporting fields,remove_incomplete_rows
,,,,,,,<na>,,197.0,45.47,15.12,,,1739,financial data present but missing supporting fields,remove_incomplete_rows
,,,,,,,<na>,,26.25,22.48,3.77,,,1744,financial data present but missing supporting fields,remove_incomplete_rows
,,,,,,,<na>,,48.0,2.0,-12.0,,,1748,financial data present but missing supporting fields,remove_incomplete_rows
,,,,,,,<na>,,18.0,9.38,8.63,,,1752,financial data present but missing supporting fields,remove_incomplete_rows
,,,,,,,<na>,,10.0,1.17,5.32,,,1756,financial data present but missing supporting fields,remove_incomplete_rows
,,,,,,,<na>,,62.0,20.07,21.86,,,1760,financial data present but missing supporting fields,remove_incomplete_rows
,,,,,,,<na>,,62.0,20.07,21.86,,,1764,financial data present but missing supporting fields,remove_incomplete_rows
,,,,,,,<na>,,583.0,477.0,106.0,,,1779,financial data present but missing supporting fields,remove_incomplete_rows
,,,,,,,<na>,,52.9,46.01,6.89,,,1783,financial data present but missing supporting fields,remove_incomplete_rows
,,,,,,,<na>,,676.75,98.4,184.73,,,1794,financial data present but missing supporting fields,remove_incomplete_rows
,,,,,,,<na>,,9.5,7.55,1.95,,,1798,financial data present but missing supporting fields,remove_incomplete_rows
,,,,,,,<na>,,294.5,236.53,57.97,,,1802,financial data present but missing supporting fields,remove_incomplete_rows
,,,,,,,<na>,,62.5,53.86,8.64,,,1807,financial data present but missing supporting fields,remove_incomplete_rows
,,,,,,,<na>,,18.5,15.16,3.34,,,1811,financial data present but missing supporting fields,remove_incomplete_rows
,,,,,,,<na>,,52.0,50.25,1.75,,,1815,financial data present but missing supporting fields,remove_incomplete_rows
,,,,,,,<na>,,80.0,9.6,60.8,,,1819,financial data present but missing supporting fields,remove_incomplete_rows
,,,,,,,<na>,,198.0,60.8,15.59,,,1823,financial data present but missing supporting fields,remove_incomplete_rows
,,,,,,,<na>,,2401.57,1440.8,960.77,,,1829,financial data present but missing supporting fields,remove_incomplete_rows
,,,,,,,<na>,,85.0,3.81,8.78,,,1833,financial data present but missing supporting fields,remove_incomplete_rows
,,,,,,,<na>,,75.0,35.0,2.0,,,1838,financial data present but missing supporting fields,remove_incomplete_rows
,,,,,,,<na>,,5.75,4.74,1.01,,,1842,financial data present but missing supporting fields,remove_incomplete_rows
,,,,,,,<na>,,344.75,74.19,33.27,,,1847,financial data present but missing supporting fields,remove_incomplete_rows
,,,,,,,<na>,,85.0,3.81,8.78,,,1851,financial data present but missing supporting fields,remove_incomplete_rows
,,,,,,,<na>,,191.9,158.82,33.08,,,1856,financial data present but missing supporting fields,remove_incomplete_rows
,,,,,,,<na>,,229.42,31.37,41.18,,,1861,financial data present but missing supporting fields,remove_incomplete_rows
,,,,,,,<na>,,118.5,53.79,10.92,,,1865,financial data present but missing supporting fields,remove_incomplete_rows
,,,,,,,<na>,,110.5,95.54,14.96,,,1870,financial data present but missing supporting fields,remove_incomplete_rows
,,,,,,,<na>,,41.5,4.83,17.34,,,1875,financial data present but missing supporting fields,remove_incomplete_rows
,,,,,,,<na>,,140.0,4.0,120.0,,,1879,financial data present but missing supporting fields,remove_incomplete_rows
,,,,,,,<na>,,52.68,43.87,8.81,,,1883,financial data present but missing supporting fields,remove_incomplete_rows
,,,,,,,<na>,,456.75,147.39,70.34,,,1890,financial data present but missing supporting fields,remove_incomplete_rows
,,,,,,,<na>,,39.0,35.25,3.75,,,1894,financial data present but missing supporting fields,remove_incomplete_rows
,,,,,,,<na>,,348.45,204.72,35.92,,,1901,financial data present but missing supporting fields,remove_incomplete_rows
,,,,,,,<na>,,1500.0,13.5,150.0,,,1905,financial data present but missing supporting fields,remove_incomplete_rows
,,,,,,,<na>,,95.25,88.89,-7.88,,,1910,financial data present but missing supporting fields,remove_incomplete_rows
,,,,,,,<na>,,78.0,54.64,23.36,,,1915,financial data present but missing supporting fields,remove_incomplete_rows
,,,,,,,<na>,,308.0,22.0,0.0,,,1919,financial data present but missing supporting fields,remove_incomplete_rows
,,,,,,,<na>,,376.4,98.22,17.3,,,1927,financial data present but missing supporting fields,remove_incomplete_rows
,,,,,,,<na>,,31.0,28.62,2.38,,,1931,financial data present but missing supporting fields,remove_incomplete_rows
,,,,,,,<na>,,16920.7,2227.69,3343.65,,,1940,financial data present but missing supporting fields,remove_incomplete_rows
,,,,,,,<na>,,19.5,3.1,4.0,,,1944,financial data present but missing supporting fields,remove_incomplete_rows
,,,,,,,<na>,,180.0,9.38,86.25,,,1948,financial data present but missing supporting fields,remove_incomplete_rows
,,,,,,,<na>,,784.0,50.19,81.39,,,1952,financial data present but missing supporting fields,remove_incomplete_rows
,,,,,,,<na>,,26.25,22.48,3.77,,,1957,financial data present but missing supporting fields,remove_incomplete_rows
,,,,,,,<na>,,165.0,23.47,24.15,,,1962,financial data present but missing supporting fields,remove_incomplete_rows
,,,,,,,<na>,,63.25,36.09,13.01,,,1967,financial data present but missing supporting fields,remove_incomplete_rows
,,,,,,,<na>,,299.0,235.27,-82.29,,,1973,financial data present but missing supporting fields,remove_incomplete_rows
,,,,,,,<na>,,185.25,85.9,31.67,,,1978,financial data present but missing supporting fields,remove_incomplete_rows
,,,,,,,<na>,,40.0,8.56,5.78,,,1983,financial data present but missing supporting fields,remove_incomplete_rows
,,,,,,,<na>,,113.0,63.21,14.14,,,1988,financial data present but missing supporting fields,remove_incomplete_rows
,,,,,,,<na>,,58.75,45.17,13.58,,,1993,financial data present but missing supporting fields,remove_incomplete_rows
,,,,,,,<na>,,193.0,43.69,18.24,,,1997,financial data present but missing supporting fields,remove_incomplete_rows
,,,,,,,<na>,,48.0,40.5,7.5,,,2001,financial data present but missing supporting fields,remove_incomplete_rows
,,,,,,,<na>,,23.0,19.83,3.17,,,2005,financial data present but missing supporting fields,remove_incomplete_rows
,,,,,,,<na>,,30.0,17.6,12.4,,,2009,financial data present but missing supporting fields,remove_incomplete_rows
,,,,,,,<na>,,32.0,1.26,19.4,,,2013,financial data present but missing supporting fields,remove_incomplete_rows
,,,,,,,<na>,,804.05,361.88,442.18,,,2019,financial data present but missing supporting fields,remove_incomplete_rows
,,,,,2031-01-01,,<na>,,1615.98,315.01,109.78,,,2031,financial data present but missing supporting fields,remove_incomplete_rows
,,,,,2037-01-01,,<na>,,1150.95,189.7,127.51,,,2037,financial data present but missing supporting fields,remove_incomplete_rows
,,,,,2041-01-01,,<na>,,40.0,0.65,27.0,,,2041,financial data present but missing supporting fields,remove_incomplete_rows
,,,,,2045-01-01,,<na>,,62.5,28.64,5.22,,,2045,financial data present but missing supporting fields,remove_incomplete_rows
,,,,,,,<na>,,18.0,9.38,8.63,,,2049,financial data present but missing supporting fields,remove_incomplete_rows
,,,,,,,<na>,,407.75,368.23,39.52,,,2054,financial data present but missing supporting fields,remove_incomplete_rows
,,,,,,,<na>,,48.5,40.33,8.17,,,2058,financial data present but missing supporting fields,remove_incomplete_rows
,,,,,,,<na>,,206.25,55.0,41.25,,,2062,financial data present but missing supporting fields,remove_incomplete_rows
,,,,,,,<na>,,18.0,9.38,8.63,,,2066,financial data present but missing supporting fields,remove_incomplete_rows
,,,,,,,<na>,,17.0,3.81,1.76,,,2070,financial data present but missing supporting fields,remove_incomplete_rows
,,,,,,,<na>,,45.5,41.36,4.14,,,2074,financial data present but missing supporting fields,remove_incomplete_rows
,,,,,,,<na>,,25.0,15.6,9.4,,,2078,financial data present but missing supporting fields,remove_incomplete_rows
,,,,,,,<na>,,22.5,16.72,5.78,,,2082,financial data present but missing supporting fields,remove_incomplete_rows
,,,,,,,<na>,,70.5,62.07,8.43,,,2086,financial data present but missing supporting fields,remove_incomplete_rows
,,,,,,,<na>,,949.32,476.76,52.55,,,2107,financial data present but missing supporting fields,remove_incomplete_rows
,,,,,,,<na>,,180.88,12.95,58.45,,,2113,financial data present but missing supporting fields,remove_incomplete_rows
,,,,,,,<na>,,480.25,318.77,63.48,,,2118,financial data present but missing supporting fields,remove_incomplete_rows
,,,,,,,<na>,,273.0,6.5,45.5,,,2122,financial data present but missing supporting fields,remove_incomplete_rows
,,,,,,,<na>,,609.76,530.26,79.5,,,2127,financial data present but missing supporting fields,remove_incomplete_rows
,,,,,,,<na>,,780.78,673.65,107.13,,,2134,financial data present but missing supporting fields,remove_incomplete_rows
,,,,,,,<na>,,200.5,155.02,45.48,,,2139,financial data present but missing supporting fields,remove_incomplete_rows
,,,,,,,<na>,,92.5,80.0,12.5,,,2143,financial data present but missing supporting fields,remove_incomplete_rows
,,,,,,,<na>,,50.0,25.0,0.0,,,2147,financial data present but missing supporting fields,remove_incomplete_rows
,,,,,,,<na>,,91.0,41.36,8.28,,,2151,financial data present but missing supporting fields,remove_incomplete_rows
,,,,,,,<na>,,14.25,11.73,2.52,,,2155,financial data present but missing supporting fields,remove_incomplete_rows
,,,,,,,<na>,,15.0,9.2,5.8,,,2159,financial data present but missing supporting fields,remove_incomplete_rows
,,,,,,,<na>,,111.0,97.55,13.45,,,2165,financial data present but missing supporting fields,remove_incomplete_rows
,,,,,,,<na>,,179.67,54.0,17.67,,,2170,financial data present but missing supporting fields,remove_incomplete_rows
,,,,,,,<na>,,60.5,55.2,5.3,,,2174,financial data present but missing supporting fields,remove_incomplete_rows
,,,,,,,<na>,,103.9,94.05,9.85,,,2181,financial data present but missing supporting fields,remove_incomplete_rows
,,,,,,,<na>,,142.88,6.12,20.56,,,2187,financial data present but missing supporting fields,remove_incomplete_rows
,,,,,,,<na>,,51.0,46.0,5.0,,,2191,financial data present but missing supporting fields,remove_incomplete_rows
,,,,,,,<na>,,8.25,7.15,1.1,,,2195,financial data present but missing supporting fields,remove_incomplete_rows
,,,,,,,<na>,,27.0,25.96,1.04,,,2199,financial data present but missing supporting fields,remove_incomplete_rows
,,,,,,,<na>,,289.25,254.11,35.14,,,2204,financial data present but missing supporting fields,remove_incomplete_rows
,,,,,,,<na>,,142.0,113.92,28.08,,,2208,financial data present but missing supporting fields,remove_incomplete_rows
,,,,,,,<na>,,90.75,27.29,8.88,,,2212,financial data present but missing supporting fields,remove_incomplete_rows
,,,,,,,<na>,,880.0,550.0,330.0,,,2216,financial data present but missing supporting fields,remove_incomplete_rows
,,,,,,,<na>,,210.0,181.15,28.85,,,2221,financial data present but missing supporting fields,remove_incomplete_rows
,,,,,,,<na>,,260.5,15.18,116.2,,,2227,financial data present but missing supporting fields,remove_incomplete_rows
,,,,,,,<na>,,10.0,0.47,8.12,,,2231,financial data present but missing supporting fields,remove_incomplete_rows
,,,,,,,<na>,,20.0,2.0,0.0,,,2235,financial data present but missing supporting fields,remove_incomplete_rows
,,,,,,,<na>,,46.0,15.97,14.05,,,2240,financial data present but missing supporting fields,remove_incomplete_rows
,,,,,,,<na>,,23.5,17.26,6.24,,,2245,financial data present but missing supporting fields,remove_incomplete_rows
,,,,,,,<na>,,71.75,5.65,32.2,,,2249,financial data present but missing supporting fields,remove_incomplete_rows
,,,,,,,<na>,,1385.25,106.81,223.92,,,2256,financial data present but missing supporting fields,remove_incomplete_rows
,,,,,,,<na>,,247.5,7.27,29.35,,,2260,financial data present but missing supporting fields,remove_incomplete_rows
,,,,,,,<na>,,54.0,10.82,10.72,,,2264,financial data present but missing supporting fields,remove_incomplete_rows
,,,,,,,<na>,,351.0,176.12,36.72,,,2270,financial data present but missing supporting fields,remove_incomplete_rows
,,,,,,,<na>,,893.76,60.0,53.76,,,2275,financial data present but missing supporting fields,remove_incomplete_rows
,,,,,,,<na>,,165.75,83.34,29.23,,,2280,financial data present but missing supporting fields,remove_incomplete_rows
,,,,,,,<na>,,18.5,15.16,3.34,,,2284,financial data present but missing supporting fields,remove_incomplete_rows
,,,,,,,<na>,,942.5,73.64,26.1,,,2289,financial data present but missing supporting fields,remove_incomplete_rows
,,,,,,,<na>,,57.75,32.24,16.31,,,2294,financial data present but missing supporting fields,remove_incomplete_rows
,,,,,,,<na>,,65.0,57.56,7.44,,,2299,financial data present but missing supporting fields,remove_incomplete_rows
,,,,,,,<na>,,26.25,22.48,3.77,,,2304,financial data present but missing supporting fields,remove_incomplete_rows
,,,,,,,<na>,,70.5,62.07,8.43,,,2308,financial data present but missing supporting fields,remove_incomplete_rows
,,,,,,,<na>,,62.5,28.64,5.22,,,2312,financial data present but missing supporting fields,remove_incomplete_rows
,,,,,,,<na>,,636.75,511.49,110.26,,,2320,financial data present but missing supporting fields,remove_incomplete_rows
,,,,,,,<na>,,11.0,6.33,4.67,,,2324,financial data present but missing supporting fields,remove_incomplete_rows
,,,,,,,<na>,,273.0,59.61,-25.04,,,2328,financial data present but missing supporting fields,remove_incomplete_rows
,,,,,,,<na>,,273.75,174.03,55.21,,,2339,financial data present but missing supporting fields,remove_incomplete_rows
,,,,,,,<na>,,102.87,50.78,39.74,,,2344,financial data present but missing supporting fields,remove_incomplete_rows
,,,,,,,<na>,,75.0,10.94,9.38,,,2348,financial data present but missing supporting fields,remove_incomplete_rows
,,,,,,,<na>,,120.0,9.0,93.0,,,2352,financial data present but missing supporting fields,remove_incomplete_rows
,,,,,,,<na>,,81.75,60.81,20.94,,,2357,financial data present but missing supporting fields,remove_incomplete_rows
,,,,,,,<na>,,138.0,6.16,14.72,,,2361,financial data present but missing supporting fields,remove_incomplete_rows
,,,,,,,<na>,,3665.6,622.3,-409.48,,,2368,financial data present but missing supporting fields,remove_incomplete_rows
,,,,,,,<na>,,392.75,350.12,42.63,,,2372,financial data present but missing supporting fields,remove_incomplete_rows
,,,,,,,<na>,,293.25,244.36,48.89,,,2376,financial data present but missing supporting fields,remove_incomplete_rows
,,,,,,,<na>,,503.75,107.37,-38.62,,,2383,financial data present but missing supporting fields,remove_incomplete_rows
,,,,,,,<na>,,293.25,244.36,48.89,,,2387,financial data present but missing supporting fields,remove_incomplete_rows
,,,,,,,<na>,,18.0,9.38,8.63,,,2391,financial data present but missing supporting fields,remove_incomplete_rows
,,,,,,,<na>,,22.85,5.47,0.98,,,2396,financial data present but missing supporting fields,remove_incomplete_rows
,,,,,,,<na>,,104.0,23.03,72.54,,,2402,financial data present but missing supporting fields,remove_incomplete_rows
,,,,,,,<na>,,151.0,45.2,60.6,,,2407,financial data present but missing supporting fields,remove_incomplete_rows
,,,,,,,<na>,,616.25,567.2,49.05,,,2414,financial data present but missing supporting fields,remove_incomplete_rows
,,,,,,,<na>,,11.0,6.33,4.67,,,2418,financial data present but missing supporting fields,remove_incomplete_rows
,,,,,,,<na>,,66.0,1.3,40.0,,,2422,financial data present but missing supporting fields,remove_incomplete_rows
,,,,,,,<na>,,91.0,84.11,6.89,,,2426,financial data present but missing supporting fields,remove_incomplete_rows
,,,,,,,<na>,,51.0,46.0,5.0,,,2430,financial data present but missing supporting fields,remove_incomplete_rows
,,,,,,,<na>,,33.0,1.47,24.15,,,2434,financial data present but missing supporting fields,remove_incomplete_rows
,,,,,,,<na>,,40.0,9.0,31.0,,,2438,financial data present but missing supporting fields,remove_incomplete_rows
,,,,,,,<na>,,17.0,3.81,1.76,,,2442,financial data present but missing supporting fields,remove_incomplete_rows
,,,,,,,<na>,,90.0,1.8,54.0,,,2446,financial data present but missing supporting fields,remove_incomplete_rows
,,,,,,,<na>,,249.0,43.18,148.82,,,2451,financial data present but missing supporting fields,remove_incomplete_rows
,,,,,,,<na>,,22.5,1.17,11.97,,,2455,financial data present but missing supporting fields,remove_incomplete_rows
,,,,,,,<na>,,88.0,9.99,48.04,,,2459,financial data present but missing supporting fields,remove_incomplete_rows
,,,,,,,<na>,,48.0,40.5,7.5,,,2463,financial data present but missing supporting fields,remove_incomplete_rows
,,,,,,,<na>,,137.5,2.55,112.0,,,2467,financial data present but missing supporting fields,remove_incomplete_rows
,,,,,,,<na>,,158.0,58.25,27.75,,,2472,financial data present but missing supporting fields,remove_incomplete_rows
,,,,,,,<na>,,129.0,9.87,30.3,,,2477,financial data present but missing supporting fields,remove_incomplete_rows
,,,,,,,<na>,,40.2,3.39,6.34,,,2482,financial data present but missing supporting fields,remove_incomplete_rows
,,,,,,,<na>,,35.5,32.14,3.36,,,2486,financial data present but missing supporting fields,remove_incomplete_rows
,,,,,,,<na>,,70.5,10.17,9.49,,,2491,financial data present but missing supporting fields,remove_incomplete_rows
,,,,,,,<na>,,698.75,17.3,377.46,,,2496,financial data present but missing supporting fields,remove_incomplete_rows
,,,,,,,<na>,,83.0,72.75,10.25,,,2500,financial data present but missing supporting fields,remove_incomplete_rows
,,,,,,,<na>,,36.75,30.77,5.98,,,2504,financial data present but missing supporting fields,remove_incomplete_rows
,,,,,,,<na>,,19.0,15.9,3.1,,,2508,financial data present but missing supporting fields,remove_incomplete_rows
,,,,,,,<na>,,25.0,2.5,0.0,,,2512,financial data present but missing supporting fields,remove_incomplete_rows
,,,,,,,<na>,,107.12,13.5,-27.88,,,2516,financial data present but missing supporting fields,remove_incomplete_rows
,,,,,,,<na>,,91.0,52.43,14.75,,,2523,financial data present but missing supporting fields,remove_incomplete_rows
,,,,,,,<na>,,75.0,67.93,7.07,,,2527,financial data present but missing supporting fields,remove_incomplete_rows
,,,,,,,<na>,,18.0,9.38,8.63,,,2531,financial data present but missing supporting fields,remove_incomplete_rows
,,,,,,,<na>,,48.0,37.04,10.96,,,2535,financial data present but missing supporting fields,remove_incomplete_rows
,,,,,,,<na>,,8.5,3.81,0.88,,,2539,financial data present but missing supporting fields,remove_incomplete_rows
,,,,,,,<na>,,340.0,30.54,34.6,,,2543,financial data present but missing supporting fields,remove_incomplete_rows
,,,,,,,<na>,,64.0,32.0,0.0,,,2547,financial data present but missing supporting fields,remove_incomplete_rows
,,,,,,,<na>,,18.0,9.38,8.63,,,2551,financial data present but missing supporting fields,remove_incomplete_rows
,,,,,,,<na>,,736.75,77.57,155.53,,,2556,financial data present but missing supporting fields,remove_incomplete_rows
,,,,,,,<na>,,95.25,63.76,16.33,,,2561,financial data present but missing supporting fields,remove_incomplete_rows
,,,,,,,<na>,,8.25,7.15,1.1,,,2565,financial data present but missing supporting fields,remove_incomplete_rows
,,,,,,,<na>,,109.5,42.56,6.94,,,2570,financial data present but missing supporting fields,remove_incomplete_rows
,,,,,,,<na>,,53.75,41.04,12.71,,,2576,financial data present but missing supporting fields,remove_incomplete_rows
,,,,,,,<na>,,528.5,506.25,22.25,,,2582,financial data present but missing supporting fields,remove_incomplete_rows
,,,,,,,<na>,,156.75,122.61,34.14,,,2588,financial data present but missing supporting fields,remove_incomplete_rows
,,,,,,,<na>,,15.0,9.2,5.8,,,2592,financial data present but missing supporting fields,remove_incomplete_rows
,,,,,,,<na>,,741.0,347.12,133.78,,,2597,financial data present but missing supporting fields,remove_incomplete_rows
,,,,,,,<na>,,239.4,37.59,13.87,,,2602,financial data present but missing supporting fields,remove_incomplete_rows
,,,,,,,<na>,,871.0,716.25,154.75,,,2607,financial data present but missing supporting fields,remove_incomplete_rows
,,,,,,,<na>,,339.88,12.42,168.53,,,2616,financial data present but missing supporting fields,remove_incomplete_rows
,,,,,,,<na>,,4265.0,22.79,1054.0,,,2624,financial data present but missing supporting fields,remove_incomplete_rows
,,,,,,,<na>,,282.0,146.75,135.25,,,2629,financial data present but missing supporting fields,remove_incomplete_rows
,,,,,,,<na>,,316.0,24.66,1.89,,,2634,financial data present but missing supporting fields,remove_incomplete_rows
,,,,,,,<na>,,392.75,350.12,42.63,,,2638,financial data present but missing supporting fields,remove_incomplete_rows
,,,,,,,<na>,,315.0,238.32,76.68,,,2642,financial data present but missing supporting fields,remove_incomplete_rows
,,,,,,,<na>,,93.25,2.85,46.27,,,2647,financial data present but missing supporting fields,remove_incomplete_rows
,,,,,,,<na>,,90.0,68.8,13.2,,,2652,financial data present but missing supporting fields,remove_incomplete_rows
,,,,,,,<na>,,276.75,100.74,32.81,,,2657,financial data present but missing supporting fields,remove_incomplete_rows
,,,,,,,<na>,,102.25,62.07,36.94,,,2662,financial data present but missing supporting fields,remove_incomplete_rows
,,,,,,,<na>,,142.86,92.0,50.86,,,2667,financial data present but missing supporting fields,remove_incomplete_rows
,,,,,,,<na>,,32.5,26.25,6.25,,,2671,financial data present but missing supporting fields,remove_incomplete_rows
,,,,,,,<na>,,138.0,28.02,25.94,,,2675,financial data present but missing supporting fields,remove_incomplete_rows
,,,,,,,<na>,,773.75,164.61,147.46,,,2682,financial data present but missing supporting fields,remove_incomplete_rows
,,,,,,,<na>,,18.5,15.16,3.34,,,2686,financial data present but missing supporting fields,remove_incomplete_rows
,,,,,,,<na>,,504.0,24.0,144.0,,,2690,financial data present but missing supporting fields,remove_incomplete_rows
,,,,,,,<na>,,11.0,6.33,4.67,,,2694,financial data present but missing supporting fields,remove_incomplete_rows
,,,,,,,<na>,,997.5,48.39,161.21,,,2700,financial data present but missing supporting fields,remove_incomplete_rows
,,,,,,,<na>,,289.5,58.93,40.43,,,2705,financial data present but missing supporting fields,remove_incomplete_rows
,,,,,,,<na>,,240.0,14.0,30.0,,,2709,financial data present but missing supporting fields,remove_incomplete_rows
,,,,,,,<na>,,435.0,260.85,141.61,,,2715,financial data present but missing supporting fields,remove_incomplete_rows
,,,,,,,<na>,,44.0,9.43,6.28,,,2719,financial data present but missing supporting fields,remove_incomplete_rows
,,,,,,,<na>,,73.0,49.35,8.21,,,2724,financial data present but missing supporting fields,remove_incomplete_rows
,,,,,,,<na>,,348.96,5.47,184.76,,,2731,financial data present but missing supporting fields,remove_incomplete_rows
,,,,,,,<na>,,496.46,61.26,-132.06,,,2737,financial data present but missing supporting fields,remove_incomplete_rows
,,,,,,,<na>,,1420.5,504.62,-131.85,,,2744,financial data present but missing supporting fields,remove_incomplete_rows
,,,,,,,<na>,,112.0,6.44,21.81,,,2748,financial data present but missing supporting fields,remove_incomplete_rows
,,,,,,,<na>,,30.0,0.36,26.4,,,2752,financial data present but missing supporting fields,remove_incomplete_rows
,,,,,,,<na>,,228.75,200.85,27.9,,,2757,financial data present but missing supporting fields,remove_incomplete_rows
,,,,,,,<na>,,46.5,20.87,4.77,,,2761,financial data present but missing supporting fields,remove_incomplete_rows
,,,,,,,<na>,,186.0,41.47,20.11,,,2765,financial data present but missing supporting fields,remove_incomplete_rows
,,,,,,,<na>,,32.0,6.37,6.53,,,2769,financial data present but missing supporting fields,remove_incomplete_rows
,,,,,,,<na>,,245.5,75.85,47.16,,,2775,financial data present but missing supporting fields,remove_incomplete_rows
,,,,,,,<na>,,58.0,25.33,7.34,,,2779,financial data present but missing supporting fields,remove_incomplete_rows
,,,,,,,<na>,,34.0,29.5,4.5,,,2783,financial data present but missing supporting fields,remove_incomplete_rows
,,,,,,,<na>,,24.0,3.5,13.5,,,2787,financial data present but missing supporting fields,remove_incomplete_rows
,,,,,,,<na>,,29.0,25.33,3.67,,,2791,financial data present but missing supporting fields,remove_incomplete_rows
,,,,,,,<na>,,27.0,25.96,1.04,,,2795,financial data present but missing supporting fields,remove_incomplete_rows
,,,,,,,<na>,,111.25,108.78,2.47,,,2800,financial data present but missing supporting fields,remove_incomplete_rows
,,,,,,,<na>,,2865.0,2597.82,267.18,,,2805,financial data present but missing supporting fields,remove_incomplete_rows
,,,,,,,<na>,,52.68,43.87,8.81,,,2809,financial data present but missing supporting fields,remove_incomplete_rows
,,,,,,,<na>,,30.0,17.6,12.4,,,2813,financial data present but missing supporting fields,remove_incomplete_rows
,,,,,,,<na>,,185.98,913.53,-1660.79,,,2821,financial data present but missing supporting fields,remove_incomplete_rows
,,,,,,,<na>,,41.0,35.73,5.27,,,2825,financial data present but missing supporting fields,remove_incomplete_rows
,,,,,,,<na>,,15.25,7.53,3.91,,,2830,financial data present but missing supporting fields,remove_incomplete_rows
,,,,,,,<na>,,11.0,6.33,4.67,,,2834,financial data present but missing supporting fields,remove_incomplete_rows
,,,,,,,<na>,,14.25,11.73,2.52,,,2838,financial data present but missing supporting fields,remove_incomplete_rows
,,,,,,,<na>,,15.0,9.2,5.8,,,2842,financial data present but missing supporting fields,remove_incomplete_rows
,,,,,,,<na>,,14.25,11.73,2.52,,,2846,financial data present but missing supporting fields,remove_incomplete_rows
,,,,,,,<na>,,100.0,2.5,0.0,,,2850,financial data present but missing supporting fields,remove_incomplete_rows
,,,,,,,<na>,,124.0,100.12,23.88,,,2855,financial data present but missing supporting fields,remove_incomplete_rows
,,,,,,,<na>,,70.5,62.24,8.26,,,2859,financial data present but missing supporting fields,remove_incomplete_rows
,,,,,,,<na>,,222.4,30.63,-83.9,,,2864,financial data present but missing supporting fields,remove_incomplete_rows
,,,,,,,<na>,,5.0,0.43,4.14,,,2868,financial data present but missing supporting fields,remove_incomplete_rows
,,,,,,,<na>,,40.0,6.37,8.16,,,2872,financial data present but missing supporting fields,remove_incomplete_rows
,,,,,,,<na>,,15.0,9.2,5.8,,,2876,financial data present but missing supporting fields,remove_incomplete_rows
,,,,,,,<na>,,26.0,21.26,4.74,,,2880,financial data present but missing supporting fields,remove_incomplete_rows
,,,,,,,<na>,,20.59,1.6,10.99,,,2886,financial data present but missing supporting fields,remove_incomplete_rows
,,,,,,,<na>,,70.5,62.24,8.26,,,2890,financial data present but missing supporting fields,remove_incomplete_rows
,,,,,,,<na>,,8.25,7.15,1.1,,,2894,financial data present but missing supporting fields,remove_incomplete_rows
,,,,,,,<na>,,4054.0,2925.0,1129.0,,,2899,financial data present but missing supporting fields,remove_incomplete_rows
,,,,,,,<na>,,24.0,2.4,0.0,,,2903,financial data present but missing supporting fields,remove_incomplete_rows
,,,,,,,<na>,,35.68,1.78,21.44,,,2907,financial data present but missing supporting fields,remove_incomplete_rows
,,,,,,,<na>,,170.0,3.81,17.57,,,2911,financial data present but missing supporting fields,remove_incomplete_rows
,,,,,,,<na>,,13.25,10.78,2.47,,,2915,financial data present but missing supporting fields,remove_incomplete_rows
,,,,,,,<na>,,156.0,1.9,99.0,,,2919,financial data present but missing supporting fields,remove_incomplete_rows
,,,,,,,<na>,,803.25,72.1,154.35,,,2923,financial data present but missing supporting fields,remove_incomplete_rows
,,,,,,,<na>,,69.3,63.0,6.3,,,2927,financial data present but missing supporting fields,remove_incomplete_rows
,,,,,,,<na>,,427.5,38.51,42.41,,,2932,financial data present but missing supporting fields,remove_incomplete_rows
,,,,,,,<na>,,167.75,152.34,15.41,,,2936,financial data present but missing supporting fields,remove_incomplete_rows
,,,,,,,<na>,,376.0,325.28,50.72,,,2942,financial data present but missing supporting fields,remove_incomplete_rows
,,,,,,,<na>,,55.0,45.75,9.25,,,2946,financial data present but missing supporting fields,remove_incomplete_rows
,,,,,,,<na>,,35.0,29.24,5.76,,,2950,financial data present but missing supporting fields,remove_incomplete_rows
,,,,,,,<na>,,504.0,45.0,-126.0,,,2954,financial data present but missing supporting fields,remove_incomplete_rows
,,,,,,,<na>,,40.0,1.35,26.5,,,2958,financial data present but missing supporting fields,remove_incomplete_rows
,,,,,,,<na>,,127.2,132.5,-5.3,,,2962,financial data present but missing supporting fields,remove_incomplete_rows
,,,,,,,<na>,,240.0,56.0,128.0,,,2966,financial data present but missing supporting fields,remove_incomplete_rows
,,,,,,,<na>,,31.25,28.64,2.61,,,2970,financial data present but missing supporting fields,remove_incomplete_rows
,,,,,,,<na>,,90.75,27.29,8.88,,,2974,financial data present but missing supporting fields,remove_incomplete_rows
,,,,,,,<na>,,23.0,4.74,4.02,,,2978,financial data present but missing supporting fields,remove_incomplete_rows
,,,,,,,<na>,,30.0,17.6,12.4,,,2982,financial data present but missing supporting fields,remove_incomplete_rows
,,,,,,,<na>,,1563.0,62.17,-32.11,,,2987,financial data present but missing supporting fields,remove_incomplete_rows
,,,,,,,<na>,,265.75,170.06,34.78,,,2994,financial data present but missing supporting fields,remove_incomplete_rows
,,,,,,,<na>,,265.5,25.57,35.25,,,3000,financial data present but missing supporting fields,remove_incomplete_rows
,,,,,,,<na>,,18.5,15.16,3.34,,,3004,financial data present but missing supporting fields,remove_incomplete_rows
,,,,,,,<na>,,24.5,10.18,4.14,,,3009,financial data present but missing supporting fields,remove_incomplete_rows
,,,,,,,<na>,,407.75,368.23,39.52,,,3014,financial data present but missing supporting fields,remove_incomplete_rows
,,,,,,,<na>,,96.0,87.21,8.79,,,3018,financial data present but missing supporting fields,remove_incomplete_rows
,,,,,,,<na>,,68.0,33.12,1.77,,,3022,financial data present but missing supporting fields,remove_incomplete_rows
,,,,,,,<na>,,132.0,9.99,72.06,,,3026,financial data present but missing supporting fields,remove_incomplete_rows
,,,,,,,<na>,,552.0,28.02,103.75,,,3031,financial data present but missing supporting fields,remove_incomplete_rows
,,,,,,,<na>,,100.0,0.78,68.8,,,3035,financial data present but missing supporting fields,remove_incomplete_rows
,,,,,,,<na>,,237.5,95.0,142.5,,,3039,financial data present but missing supporting fields,remove_incomplete_rows
,,,,,,,<na>,,14.25,11.73,2.52,,,3043,financial data present but missing supporting fields,remove_incomplete_rows
,,,,,,,<na>,,134.26,134.26,0.0,,,3047,financial data present but missing supporting fields,remove_incomplete_rows
,,,,,,,<na>,,383.5,882.57,-10051.69,,,3054,financial data present but missing supporting fields,remove_incomplete_rows
,,,,,,,<na>,,193.0,73.83,21.73,,,3060,financial data present but missing supporting fields,remove_incomplete_rows
,,,,,,,<na>,,6.3,3.0,3.3,,,3064,financial data present but missing supporting fields,remove_incomplete_rows
,,,,,,,<na>,,1768.0,174.8,237.61,,,3072,financial data present but missing supporting fields,remove_incomplete_rows
,,,,,,,<na>,,636.0,132.5,-26.5,,,3076,financial data present but missing supporting fields,remove_incomplete_rows
,,,,,,,<na>,,25.0,25.0,0.0,,,3080,financial data present but missing supporting fields,remove_incomplete_rows
,,,,,,,<na>,,255.0,10.46,45.72,,,3084,financial data present but missing supporting fields,remove_incomplete_rows
,,,,,,,<na>,,692.0,645.56,46.45,,,3089,financial data present but missing supporting fields,remove_incomplete_rows
,,,,,,,<na>,,91.25,16.07,10.89,,,3093,financial data present but missing supporting fields,remove_incomplete_rows
,,,,,,,<na>,,405.75,160.92,73.31,,,3101,financial data present but missing supporting fields,remove_incomplete_rows
,,,,,,,<na>,,74.73,20.07,14.53,,,3106,financial data present but missing supporting fields,remove_incomplete_rows
,,,,,,,<na>,,80.0,6.37,16.32,,,3110,financial data present but missing supporting fields,remove_incomplete_rows
,,,,,,,<na>,,134.0,121.74,12.26,,,3114,financial data present but missing supporting fields,remove_incomplete_rows
,,,,,,,<na>,,42.5,3.81,4.39,,,3118,financial data present but missing supporting fields,remove_incomplete_rows
,,,,,,,<na>,,19.5,8.0,3.5,,,3122,financial data present but missing supporting fields,remove_incomplete_rows
,,,,,,,<na>,,1033.0,167.91,130.69,,,3127,financial data present but missing supporting fields,remove_incomplete_rows
,,,,,,,<na>,,100.5,70.72,12.48,,,3132,financial data present but missing supporting fields,remove_incomplete_rows
,,,,,,,<na>,,369.95,116.24,37.71,,,3137,financial data present but missing supporting fields,remove_incomplete_rows
,,,,,,,<na>,,60.0,2.8,32.0,,,3141,financial data present but missing supporting fields,remove_incomplete_rows
,,,,,,,<na>,,433.0,412.87,20.13,,,3145,financial data present but missing supporting fields,remove_incomplete_rows
,,,,,,,<na>,,134.0,111.38,22.62,,,3151,financial data present but missing supporting fields,remove_incomplete_rows
,,,,,,,<na>,,109.8,12.53,-2.95,,,3161,financial data present but missing supporting fields,remove_incomplete_rows
,,,,,,,<na>,,106.0,96.35,9.65,,,3165,financial data present but missing supporting fields,remove_incomplete_rows
,,,,,,,<na>,,213.75,34.54,41.07,,,3171,financial data present but missing supporting fields,remove_incomplete_rows
,,,,,,,<na>,,1214.68,105.26,438.43,,,3178,financial data present but missing supporting fields,remove_incomplete_rows
,,,,,,,<na>,,48.5,40.33,8.17,,,3182,financial data present but missing supporting fields,remove_incomplete_rows
,,,,,,,<na>,,11.5,5.19,1.12,,,3186,financial data present but missing supporting fields,remove_incomplete_rows
,,,,,,,<na>,,30.0,7.13,15.74,,,3190,financial data present but missing supporting fields,remove_incomplete_rows
,,,,,,,<na>,,70.65,19.63,11.77,,,3194,financial data present but missing supporting fields,remove_incomplete_rows
,,,,,,,<na>,,119.5,101.71,17.79,,,3198,financial data present but missing supporting fields,remove_incomplete_rows
,,,,,,,<na>,,198.0,60.8,15.59,,,3202,financial data present but missing supporting fields,remove_incomplete_rows
,,,,,,,<na>,,26.25,22.48,3.77,,,3207,financial data present but missing supporting fields,remove_incomplete_rows
,,,,,,,<na>,,100.0,41.73,9.44,,,3212,financial data present but missing supporting fields,remove_incomplete_rows
,,,,,,,<na>,,660.0,60.0,60.0,,,3216,financial data present but missing supporting fields,remove_incomplete_rows
,,,,,,,<na>,,93.75,90.0,3.75,,,3221,financial data present but missing supporting fields,remove_incomplete_rows
,,,,,,,<na>,,264.0,60.0,-36.0,,,3225,financial data present but missing supporting fields,remove_incomplete_rows
,,,,,,,<na>,,105.0,26.8,43.0,,,3230,financial data present but missing supporting fields,remove_incomplete_rows
,,,,,,,<na>,,1380.88,174.78,-366.92,,,3239,financial data present but missing supporting fields,remove_incomplete_rows
,,,,,,,<na>,,1350.0,41.67,171.98,,,3244,financial data present but missing supporting fields,remove_incomplete_rows
,,,,,,,<na>,,691.0,314.17,62.65,,,3248,financial data present but missing supporting fields,remove_incomplete_rows
,,,,,,,<na>,,108.0,75.02,32.98,,,3252,financial data present but missing supporting fields,remove_incomplete_rows
,,,,,,,<na>,,12.5,1.27,6.17,,,3256,financial data present but missing supporting fields,remove_incomplete_rows
,,,,,,,<na>,,250.0,10.18,33.89,,,3261,financial data present but missing supporting fields,remove_incomplete_rows
,,,,,,,<na>,,246.0,3.59,138.3,,,3266,financial data present but missing supporting fields,remove_incomplete_rows
,,,,,,,<na>,,5.0,1.27,2.47,,,3270,financial data present but missing supporting fields,remove_incomplete_rows
,,,,,,,<na>,,340.0,30.54,34.6,,,3274,financial data present but missing supporting fields,remove_incomplete_rows
,,,,,,,<na>,,64.0,5.47,9.34,,,3278,financial data present but missing supporting fields,remove_incomplete_rows
,,,,,,,<na>,,15.0,9.2,5.8,,,3282,financial data present but missing supporting fields,remove_incomplete_rows
,,,,,,,<na>,,120.0,56.0,64.0,,,3286,financial data present but missing supporting fields,remove_incomplete_rows
,,,,,,,<na>,,35.0,29.24,5.76,,,3290,financial data present but missing supporting fields,remove_incomplete_rows
,,,,,,,<na>,,191.65,54.0,-24.35,,,3294,financial data present but missing supporting fields,remove_incomplete_rows
,,,,,,,<na>,,15.0,0.32,13.4,,,3298,financial data present but missing supporting fields,remove_incomplete_rows
,,,,,,,<na>,,40.0,13.0,14.0,,,3302,financial data present but missing supporting fields,remove_incomplete_rows
,,,,,,,<na>,,75.0,1.43,54.2,,,3307,financial data present but missing supporting fields,remove_incomplete_rows
,,,,,,,<na>,,232.5,7.75,116.25,,,3311,financial data present but missing supporting fields,remove_incomplete_rows
,,,,,,,<na>,,211.0,13.98,47.74,,,3316,financial data present but missing supporting fields,remove_incomplete_rows
,,,,,,,<na>,,18.0,9.38,8.63,,,3320,financial data present but missing supporting fields,remove_incomplete_rows
,,,,,,,<na>,,252.0,239.6,12.4,,,3324,financial data present but missing supporting fields,remove_incomplete_rows
,,,,,,,<na>,,145.0,22.1,34.5,,,3328,financial data present but missing supporting fields,remove_incomplete_rows
,,,,,,,<na>,,89.0,15.69,10.54,,,3333,financial data present but missing supporting fields,remove_incomplete_rows
,,,,,,,<na>,,853.45,54.62,64.35,,,3339,financial data present but missing supporting fields,remove_incomplete_rows
,,,,,,,<na>,,46.5,14.31,13.14,,,3344,financial data present but missing supporting fields,remove_incomplete_rows
,,,,,,,<na>,,654.0,294.0,137.4,,,3349,financial data present but missing supporting fields,remove_incomplete_rows
,,,,,,,<na>,,71.75,54.24,8.07,,,3354,financial data present but missing supporting fields,remove_incomplete_rows
,,,,,,,<na>,,48.0,37.04,10.96,,,3358,financial data present but missing supporting fields,remove_incomplete_rows
,,,,,,,<na>,,222.5,20.23,20.2,,,3362,financial data present but missing supporting fields,remove_incomplete_rows
,,,,,,,<na>,,170.0,3.98,74.6,,,3368,financial data present but missing supporting fields,remove_incomplete_rows
,,,,,,,<na>,,73.0,13.12,10.97,,,3373,financial data present but missing supporting fields,remove_incomplete_rows
,,,,,,,<na>,,221.33,100.54,95.87,,,3380,financial data present but missing supporting fields,remove_incomplete_rows
,,,,,,,<na>,,22.3,1.78,13.4,,,3384,financial data present but missing supporting fields,remove_incomplete_rows
,,,,,,,<na>,,4.25,3.81,0.44,,,3388,financial data present but missing supporting fields,remove_incomplete_rows
,,,,,,,<na>,,54.5,49.53,4.97,,,3392,financial data present but missing supporting fields,remove_incomplete_rows
,,,,,,,<na>,,108.99,4.19,58.24,,,3401,financial data present but missing supporting fields,remove_incomplete_rows
,,,,,,,<na>,,796.0,796.0,0.0,,,3406,financial data present but missing supporting fields,remove_incomplete_rows
,,,,,,,<na>,,48.0,16.35,10.18,,,3411,financial data present but missing supporting fields,remove_incomplete_rows
,,,,,,,<na>,,170.0,11.16,58.39,,,3415,financial data present but missing supporting fields,remove_incomplete_rows
,,,,,,,<na>,,116.5,97.5,19.0,,,3420,financial data present but missing supporting fields,remove_incomplete_rows
,,,,,,,<na>,,101.5,34.83,32.37,,,3426,financial data present but missing supporting fields,remove_incomplete_rows
,,,,,,,<na>,,105.0,26.8,43.0,,,3431,financial data present but missing supporting fields,remove_incomplete_rows
,,,,,,,<na>,,14.25,11.73,2.52,,,3435,financial data present but missing supporting fields,remove_incomplete_rows
,,,,,,,<na>,,24.0,6.37,4.9,,,3439,financial data present but missing supporting fields,remove_incomplete_rows
,,,,,,,<na>,,163.0,100.65,32.03,,,3444,financial data present but missing supporting fields,remove_incomplete_rows
,,,,,,,<na>,,74.25,22.77,5.93,,,3448,financial data present but missing supporting fields,remove_incomplete_rows
,,,,,,,<na>,,42.75,36.68,6.07,,,3454,financial data present but missing supporting fields,remove_incomplete_rows
,,,,,,,<na>,,94.75,3.88,55.95,,,3459,financial data present but missing supporting fields,remove_incomplete_rows
,,,,,,,<na>,,6943.92,78.54,131.52,,,3466,financial data present but missing supporting fields,remove_incomplete_rows
,,,,,,,<na>,,275.0,45.75,46.25,,,3470,financial data present but missing supporting fields,remove_incomplete_rows
,,,,,,,<na>,,131.05,35.72,14.18,,,3476,financial data present but missing supporting fields,remove_incomplete_rows
,,,,,,,<na>,,95.0,35.0,60.0,,,3480,financial data present but missing supporting fields,remove_incomplete_rows
,,,,,,,<na>,,10.0,9.03,0.98,,,3484,financial data present but missing supporting fields,remove_incomplete_rows
,,,,,,,<na>,,336.0,21.64,33.04,,,3488,financial data present but missing supporting fields,remove_incomplete_rows
,,,,,,,<na>,,51.0,37.27,7.41,,,3493,financial data present but missing supporting fields,remove_incomplete_rows
,,,,,,,<na>,,46.5,20.87,4.77,,,3497,financial data present but missing supporting fields,remove_incomplete_rows
,,,,,,,<na>,,95.0,54.85,12.86,,,3502,financial data present but missing supporting fields,remove_incomplete_rows
,,,,,,,<na>,,95.0,46.22,15.12,,,3507,financial data present but missing supporting fields,remove_incomplete_rows
,,,,,,,<na>,,35.0,29.03,5.98,,,3511,financial data present but missing supporting fields,remove_incomplete_rows
,,,,,,,<na>,,18.0,9.38,8.63,,,3515,financial data present but missing supporting fields,remove_incomplete_rows
,,,,,,,<na>,,345.5,314.17,31.33,,,3519,financial data present but missing supporting fields,remove_incomplete_rows
,,,,,,,<na>,,42.0,31.26,10.74,,,3523,financial data present but missing supporting fields,remove_incomplete_rows
,,,,,,,<na>,,89.3,31.14,-42.84,,,3529,financial data present but missing supporting fields,remove_incomplete_rows
,,,,,,,<na>,,42.0,0.36,36.96,,,3533,financial data present but missing supporting fields,remove_incomplete_rows
,,,,,,,<na>,,21.0,15.42,5.58,,,3537,financial data present but missing supporting fields,remove_incomplete_rows
,,,,,,,<na>,,81.0,5.98,-8.7,,,3541,financial data present but missing supporting fields,remove_incomplete_rows
,,,,,,,<na>,,34.5,27.56,6.94,,,3545,financial data present but missing supporting fields,remove_incomplete_rows
,,,,,,,<na>,,19.0,15.9,3.1,,,3549,financial data present but missing supporting fields,remove_incomplete_rows
,,,,,,,<na>,,123.75,7.27,14.68,,,3553,financial data present but missing supporting fields,remove_incomplete_rows
,,,,,,,<na>,,1021.75,38.98,212.08,,,3560,financial data present but missing supporting fields,remove_incomplete_rows
,,,,,,,<na>,,560.0,18.35,79.58,,,3565,financial data present but missing supporting fields,remove_incomplete_rows
,,,,,,,<na>,,15.0,0.36,13.2,,,3569,financial data present but missing supporting fields,remove_incomplete_rows
,,,,,,,<na>,,632.86,548.99,83.87,,,3574,financial data present but missing supporting fields,remove_incomplete_rows
,,,,,,,<na>,,720.0,62.6,156.59,,,3578,financial data present but missing supporting fields,remove_incomplete_rows
,,,,,,,<na>,,19.5,8.0,3.5,,,3582,financial data present but missing supporting fields,remove_incomplete_rows
,,,,,,,<na>,,154.0,117.24,25.33,,,3588,financial data present but missing supporting fields,remove_incomplete_rows
,,,,,,,<na>,,14.0,2.8,8.4,,,3592,financial data present but missing supporting fields,remove_incomplete_rows
,,,,,,,<na>,,297.75,68.98,91.29,,,3598,financial data present but missing supporting fields,remove_incomplete_rows
,,,,,,,<na>,,52.9,46.01,6.89,,,3602,financial data present but missing supporting fields,remove_incomplete_rows
,,,,,,,<na>,,612.4,69.81,-40.53,,,3607,financial data present but missing supporting fields,remove_incomplete_rows
,,,,,,,<na>,,145.0,7.44,70.58,,,3612,financial data present but missing supporting fields,remove_incomplete_rows
,,,,,,,<na>,,68.75,2.55,56.0,,,3616,financial data present but missing supporting fields,remove_incomplete_rows
,,,,,,,<na>,,196.0,4.5,133.0,,,3620,financial data present but missing supporting fields,remove_incomplete_rows
,,,,,,,<na>,,72.25,65.49,6.76,,,3624,financial data present but missing supporting fields,remove_incomplete_rows
,,,,,,,<na>,,12.0,10.75,1.25,,,3628,financial data present but missing supporting fields,remove_incomplete_rows
,,,,,,,<na>,,178.47,52.31,84.84,,,3634,financial data present but missing supporting fields,remove_incomplete_rows
,,,,,,,<na>,,161.0,136.82,-112.64,,,3638,financial data present but missing supporting fields,remove_incomplete_rows
,,,,,,,<na>,,199.0,132.69,66.31,,,3642,financial data present but missing supporting fields,remove_incomplete_rows
,,,,,,,<na>,,31.0,12.95,5.1,,,3646,financial data present but missing supporting fields,remove_incomplete_rows
,,,,,,,<na>,,16.5,14.2,2.3,,,3650,financial data present but missing supporting fields,remove_incomplete_rows
,,,,,,,<na>,,308.75,153.21,53.04,,,3657,financial data present but missing supporting fields,remove_incomplete_rows
,,,,,,,<na>,,39.9,37.59,2.31,,,3661,financial data present but missing supporting fields,remove_incomplete_rows
,,,,,,,<na>,,80.0,6.22,17.84,,,3665,financial data present but missing supporting fields,remove_incomplete_rows
,,,,,,,<na>,,300.0,13.5,30.0,,,3669,financial data present but missing supporting fields,remove_incomplete_rows
,,,,,,,<na>,,1851.6,535.1,503.03,,,3678,financial data present but missing supporting fields,remove_incomplete_rows
,,,,,,,<na>,,29.0,25.33,3.67,,,3682,financial data present but missing supporting fields,remove_incomplete_rows
,,,,,,,<na>,,445.0,65.3,53.58,,,3688,financial data present but missing supporting fields,remove_incomplete_rows
,,,,,,,<na>,,140.75,116.06,24.69,,,3695,financial data present but missing supporting fields,remove_incomplete_rows
,,,,,,,<na>,,50.0,36.19,7.12,,,3700,financial data present but missing supporting fields,remove_incomplete_rows
,,,,,,,<na>,,53.0,23.73,5.54,,,3704,financial data present but missing supporting fields,remove_incomplete_rows
,,,,,,,<na>,,40.5,13.5,0.0,,,3708,financial data present but missing supporting fields,remove_incomplete_rows
,,,,,,,<na>,,172.0,153.2,18.8,,,3714,financial data present but missing supporting fields,remove_incomplete_rows
,,,,,,,<na>,,193.25,127.56,19.76,,,3720,financial data present but missing supporting fields,remove_incomplete_rows
,,,,,,,<na>,,30.0,17.6,12.4,,,3724,financial data present but missing supporting fields,remove_incomplete_rows
,,,,,,,<na>,,35.8,0.37,28.34,,,3728,financial data present but missing supporting fields,remove_incomplete_rows
,,,,,,,<na>,,5.0,1.27,2.47,,,3732,financial data present but missing supporting fields,remove_incomplete_rows
,,,,,,,<na>,,163.5,74.72,14.07,,,3736,financial data present but missing supporting fields,remove_incomplete_rows
,,,,,,,<na>,,316.5,121.05,50.52,,,3742,financial data present but missing supporting fields,remove_incomplete_rows
,,,,,,,<na>,,96.0,87.21,8.79,,,3746,financial data present but missing supporting fields,remove_incomplete_rows
,,,,,,,<na>,,150.0,26.8,61.2,,,3751,financial data present but missing supporting fields,remove_incomplete_rows
,,,,,,,<na>,,78.75,70.29,8.46,,,3755,financial data present but missing supporting fields,remove_incomplete_rows
,,,,,,,<na>,,80.5,31.37,17.75,,,3759,financial data present but missing supporting fields,remove_incomplete_rows
,,,,,,,<na>,,70.5,62.24,8.26,,,3763,financial data present but missing supporting fields,remove_incomplete_rows
,,,,,,,<na>,,124.5,63.35,57.15,,,3768,financial data present but missing supporting fields,remove_incomplete_rows
,,,,,,,<na>,,13.0,11.7,1.3,,,3772,financial data present but missing supporting fields,remove_incomplete_rows
,,,,,,,<na>,,51.0,41.41,9.59,,,3777,financial data present but missing supporting fields,remove_incomplete_rows
,,,,,,,<na>,,490.8,387.71,17.66,,,3783,financial data present but missing supporting fields,remove_incomplete_rows
,,,,,,,<na>,,147.75,150.57,-2.82,,,3787,financial data present but missing supporting fields,remove_incomplete_rows
,,,,,,,<na>,,57.25,26.29,30.96,,,3791,financial data present but missing supporting fields,remove_incomplete_rows
,,,,,,,<na>,,793.15,548.54,130.53,,,3800,financial data present but missing supporting fields,remove_incomplete_rows
,,,,,,,<na>,,58.0,1.11,46.85,,,3804,financial data present but missing supporting fields,remove_incomplete_rows
,,,,,,,<na>,,1865.6,44.1,839.58,,,3809,financial data present but missing supporting fields,remove_incomplete_rows
,,,,,,,<na>,,193.75,157.14,36.61,,,3814,financial data present but missing supporting fields,remove_incomplete_rows
,,,,,,,<na>,,496.25,64.2,102.05,,,3819,financial data present but missing supporting fields,remove_incomplete_rows
,,,,,,,<na>,,29.0,25.33,3.67,,,3823,financial data present but missing supporting fields,remove_incomplete_rows
,,,,,,,<na>,,20.4,2.2,13.8,,,3827,financial data present but missing supporting fields,remove_incomplete_rows
,,,,,,,<na>,,48.0,28.48,5.21,,,3832,financial data present but missing supporting fields,remove_incomplete_rows
,,,,,,,<na>,,86.0,17.39,16.45,,,3836,financial data present but missing supporting fields,remove_incomplete_rows
,,,,,,,<na>,,511.0,68.96,-12.45,,,3843,financial data present but missing supporting fields,remove_incomplete_rows
,,,,,,,<na>,,516.0,389.91,126.09,,,3847,financial data present but missing supporting fields,remove_incomplete_rows
,,,,,,,<na>,,46.5,20.87,4.77,,,3851,financial data present but missing supporting fields,remove_incomplete_rows
,,,,,,,<na>,,177.5,21.51,33.19,,,3856,financial data present but missing supporting fields,remove_incomplete_rows
,,,,,,,<na>,,1197.8,54.0,117.8,,,3860,financial data present but missing supporting fields,remove_incomplete_rows
,,,,,,,<na>,,56.5,51.73,4.77,,,3864,financial data present but missing supporting fields,remove_incomplete_rows
,,,,,,,<na>,,80.0,5.47,25.34,,,3868,financial data present but missing supporting fields,remove_incomplete_rows
,,,,,,,<na>,,126.5,81.6,41.66,,,3873,financial data present but missing supporting fields,remove_incomplete_rows
,,,,,,,<na>,,547.5,16.07,65.36,,,3877,financial data present but missing supporting fields,remove_incomplete_rows
,,,,,,,<na>,,205.0,40.1,4.51,,,3881,financial data present but missing supporting fields,remove_incomplete_rows
,,,,,,,<na>,,2065.6,11.4,1197.6,,,3887,financial data present but missing supporting fields,remove_incomplete_rows
,,,,,,,<na>,,105.0,33.0,6.0,,,3891,financial data present but missing supporting fields,remove_incomplete_rows
,,,,,,,<na>,,158.5,123.37,29.71,,,3897,financial data present but missing supporting fields,remove_incomplete_rows
,,,,,,,<na>,,154.0,49.17,49.77,,,3903,financial data present but missing supporting fields,remove_incomplete_rows
,,,,,,,<na>,,104.1,83.58,20.52,,,3909,financial data present but missing supporting fields,remove_incomplete_rows
,,,,,,,<na>,,185.0,177.07,7.93,,,3915,financial data present but missing supporting fields,remove_incomplete_rows
,,,,,,,<na>,,53.0,44.19,8.81,,,3919,financial data present but missing supporting fields,remove_incomplete_rows
,,,,,,,<na>,,12.75,3.81,1.32,,,3923,financial data present but missing supporting fields,remove_incomplete_rows
,,,,,,,<na>,,14.25,11.73,2.52,,,3927,financial data present but missing supporting fields,remove_incomplete_rows
,,,,,,,<na>,,499.2,140.13,-47.21,,,3935,financial data present but missing supporting fields,remove_incomplete_rows
,,,,,,,<na>,,8.5,3.81,0.88,,,3939,financial data present but missing supporting fields,remove_incomplete_rows
,,,,,,,<na>,,9.5,7.55,1.95,,,3943,financial data present but missing supporting fields,remove_incomplete_rows
,,,,,,,<na>,,240.0,13.5,-30.0,,,3947,financial data present but missing supporting fields,remove_incomplete_rows
,,,,,,,<na>,,45.0,26.8,18.2,,,3952,financial data present but missing supporting fields,remove_incomplete_rows
,,,,,,,<na>,,63.0,3.6,37.8,,,3956,financial data present but missing supporting fields,remove_incomplete_rows
,,,,,,,<na>,,164.0,40.0,44.0,,,3961,financial data present but missing supporting fields,remove_incomplete_rows
,,,,,,,<na>,,30.0,9.2,11.6,,,3965,financial data present but missing supporting fields,remove_incomplete_rows
,,,,,,,<na>,,21.0,15.42,5.58,,,3969,financial data present but missing supporting fields,remove_incomplete_rows
,,,,,,,<na>,,1872.0,523.8,276.63,,,3976,financial data present but missing supporting fields,remove_incomplete_rows
,,,,,,,<na>,,558.3,393.3,67.91,,,3982,financial data present but missing supporting fields,remove_incomplete_rows
,,,,,,,<na>,,893.76,60.0,53.76,,,3987,financial data present but missing supporting fields,remove_incomplete_rows
,,,,,,,<na>,,120.0,56.0,64.0,,,3991,financial data present but missing supporting fields,remove_incomplete_rows
,,,,,,,<na>,,12.0,2.5,7.0,,,3995,financial data present but missing supporting fields,remove_incomplete_rows
,,,,,,,<na>,,190.0,30.2,39.0,,,3999,financial data present but missing supporting fields,remove_incomplete_rows
,,,,,,,<na>,,56.25,46.73,9.52,,,4003,financial data present but missing supporting fields,remove_incomplete_rows
,,,,,,,<na>,,5.0,1.27,2.47,,,4007,financial data present but missing supporting fields,remove_incomplete_rows
,,,,,,,<na>,,15.0,9.2,5.8,,,4011,financial data present but missing supporting fields,remove_incomplete_rows
,,,,,,,<na>,,138.0,93.0,45.0,,,4015,financial data present but missing supporting fields,remove_incomplete_rows
,,,,,,,<na>,,612.5,64.98,113.74,,,4021,financial data present but missing supporting fields,remove_incomplete_rows
,,,,,,,<na>,,275.0,240.61,34.39,,,4025,financial data present but missing supporting fields,remove_incomplete_rows
,,,,,,,<na>,,570.0,6.5,375.0,,,4029,financial data present but missing supporting fields,remove_incomplete_rows
,,,,,,,<na>,,26.0,17.56,8.44,,,4033,financial data present but missing supporting fields,remove_incomplete_rows
,,,,,,,<na>,,1557.5,92.67,260.11,,,4037,financial data present but missing supporting fields,remove_incomplete_rows
,,,,,,,<na>,,111.0,47.22,7.68,,,4042,financial data present but missing supporting fields,remove_incomplete_rows
,,,,,,,<na>,,308.0,9.99,168.14,,,4046,financial data present but missing supporting fields,remove_incomplete_rows
,,,,,,,<na>,,132.0,92.63,12.24,,,4051,financial data present but missing supporting fields,remove_incomplete_rows
,,,,,,,<na>,,2215.5,89.18,483.16,,,4057,financial data present but missing supporting fields,remove_incomplete_rows
,,,,,,,<na>,,151.25,27.29,14.8,,,4061,financial data present but missing supporting fields,remove_incomplete_rows
,,,,,,,<na>,,393.6,13.9,-23.4,,,4066,financial data present but missing supporting fields,remove_incomplete_rows
,,,,,,,<na>,,128.0,28.9,12.4,,,4070,financial data present but missing supporting fields,remove_incomplete_rows
,,,,,,,<na>,,51.0,3.81,5.27,,,4074,financial data present but missing supporting fields,remove_incomplete_rows
,,,,,,,<na>,,214.5,46.79,17.36,,,4079,financial data present but missing supporting fields,remove_incomplete_rows
,,,,,,,<na>,,42.5,3.81,4.39,,,4083,financial data present but missing supporting fields,remove_incomplete_rows
,,,,,,,<na>,,420.0,32.08,99.24,,,4087,financial data present but missing supporting fields,remove_incomplete_rows
,,,,,,,<na>,,90.25,81.49,8.76,,,4092,financial data present but missing supporting fields,remove_incomplete_rows
,,,,,,,<na>,,23.25,20.87,2.38,,,4102,financial data present but missing supporting fields,remove_incomplete_rows
,,,,,,,<na>,,147.0,126.59,20.41,,,4109,financial data present but missing supporting fields,remove_incomplete_rows
,,,,,,,<na>,,62.0,29.34,3.32,,,4113,financial data present but missing supporting fields,remove_incomplete_rows
,,,,,,,<na>,,4.25,3.81,0.44,,,4117,financial data present but missing supporting fields,remove_incomplete_rows
,,,,,,,<na>,,180.0,20.16,59.03,,,4121,financial data present but missing supporting fields,remove_incomplete_rows
,,,,,,,<na>,,57.25,26.29,30.96,,,4125,financial data present but missing supporting fields,remove_incomplete_rows
,,,,,,,<na>,,15.0,9.2,5.8,,,4129,financial data present but missing supporting fields,remove_incomplete_rows
,,,,,,,<na>,,44.25,37.36,6.89,,,4134,financial data present but missing supporting fields,remove_incomplete_rows
,,,,,,,<na>,,104.75,87.81,16.94,,,4139,financial data present but missing supporting fields,remove_incomplete_rows
,,,,,,,<na>,,3160.4,2287.64,585.12,,,4144,financial data present but missing supporting fields,remove_incomplete_rows
,,,,,,,<na>,,42.5,13.74,21.74,,,4149,financial data present but missing supporting fields,remove_incomplete_rows
,,,,,,,<na>,,67.0,2.29,41.08,,,4154,financial data present but missing supporting fields,remove_incomplete_rows
,,,,,,,<na>,,69.0,6.16,7.36,,,4158,financial data present but missing supporting fields,remove_incomplete_rows
,,,,,,,<na>,,73.0,70.4,2.6,,,4163,financial data present but missing supporting fields,remove_incomplete_rows
,,,,,,,<na>,,146.0,133.54,12.46,,,4167,financial data present but missing supporting fields,remove_incomplete_rows
,,,,,,,<na>,,91.0,84.11,6.89,,,4171,financial data present but missing supporting fields,remove_incomplete_rows
,,,,,,,<na>,,129.75,966.12,-2768.62,,,4177,financial data present but missing supporting fields,remove_incomplete_rows
,,,,,,,<na>,,43.5,2.58,35.76,,,4181,financial data present but missing supporting fields,remove_incomplete_rows
,,,,,,,<na>,,448.4,127.15,135.43,,,4189,financial data present but missing supporting fields,remove_incomplete_rows
,,,,,,,<na>,,15.0,9.2,5.8,,,4193,financial data present but missing supporting fields,remove_incomplete_rows
,,,,,,,<na>,,15.0,9.2,5.8,,,4197,financial data present but missing supporting fields,remove_incomplete_rows
,,,,,,,<na>,,13.0,11.7,1.3,,,4201,financial data present but missing supporting fields,remove_incomplete_rows
,,,,,,,<na>,,18.0,0.36,15.84,,,4205,financial data present but missing supporting fields,remove_incomplete_rows
,,,,,,,<na>,,51.0,46.0,5.0,,,4209,financial data present but missing supporting fields,remove_incomplete_rows
,,,,,,,<na>,,149.25,36.85,45.12,,,4214,financial data present but missing supporting fields,remove_incomplete_rows
,,,,,,,<na>,,40.25,31.37,8.88,,,4218,financial data present but missing supporting fields,remove_incomplete_rows
,,,,,,,<na>,,53.5,23.41,6.68,,,4222,financial data present but missing supporting fields,remove_incomplete_rows
,,,,,,,<na>,,302.5,259.99,42.51,,,4227,financial data present but missing supporting fields,remove_incomplete_rows
,,,,,,,<na>,,26.5,10.78,4.94,,,4231,financial data present but missing supporting fields,remove_incomplete_rows
,,,,,,,<na>,,435.98,349.25,86.73,,,4236,financial data present but missing supporting fields,remove_incomplete_rows
,,,,,,,<na>,,0.01,3.0,-2.99,,,4240,financial data present but missing supporting fields,remove_incomplete_rows
,,,,,,,<na>,,536.96,96.31,79.99,,,4248,financial data present but missing supporting fields,remove_incomplete_rows
,,,,,,,<na>,,48.0,37.04,10.96,,,4252,financial data present but missing supporting fields,remove_incomplete_rows
,,,,,,,<na>,,155.0,23.63,36.88,,,4257,financial data present but missing supporting fields,remove_incomplete_rows
,,,,,,,<na>,,27.5,20.53,6.97,,,4262,financial data present but missing supporting fields,remove_incomplete_rows
,,,,,,,<na>,,84.0,69.71,14.29,,,4267,financial data present but missing supporting fields,remove_incomplete_rows
,,,,,,,<na>,,18.5,15.16,3.34,,,4271,financial data present but missing supporting fields,remove_incomplete_rows
,,,,,,,<na>,,19.0,15.9,3.1,,,4275,financial data present but missing supporting fields,remove_incomplete_rows
,,,,,,,<na>,,141.0,62.07,16.85,,,4279,financial data present but missing supporting fields,remove_incomplete_rows
,,,,,,,<na>,,58.5,26.29,5.92,,,4284,financial data present but missing supporting fields,remove_incomplete_rows
,,,,,,,<na>,,38.0,24.29,13.71,,,4289,financial data present but missing supporting fields,remove_incomplete_rows
,,,,,,,<na>,,36.0,5.42,3.45,,,4293,financial data present but missing supporting fields,remove_incomplete_rows
,,,,,,,<na>,,288.0,9.19,12.41,,,4297,financial data present but missing supporting fields,remove_incomplete_rows
,,,,,,,<na>,,178.0,74.05,29.9,,,4301,financial data present but missing supporting fields,remove_incomplete_rows
,,,,,,,<na>,,203.48,39.62,-29.62,,,4306,financial data present but missing supporting fields,remove_incomplete_rows
,,,,,,,<na>,,41.5,35.35,6.15,,,4311,financial data present but missing supporting fields,remove_incomplete_rows
,,,,,,,<na>,,30.0,9.2,11.6,,,4315,financial data present but missing supporting fields,remove_incomplete_rows
,,,,,,,<na>,,16.5,7.15,2.19,,,4319,financial data present but missing supporting fields,remove_incomplete_rows
,,,,,,,<na>,,454.0,47.27,-18.73,,,4323,financial data present but missing supporting fields,remove_incomplete_rows
,,,,,,,<na>,,49.11,35.0,14.11,,,4327,financial data present but missing supporting fields,remove_incomplete_rows
,,,,,,,<na>,,4.25,3.81,0.44,,,4331,financial data present but missing supporting fields,remove_incomplete_rows
,,,,,,,<na>,,506.25,17.12,61.54,,,4336,financial data present but missing supporting fields,remove_incomplete_rows
,,,,,,,<na>,,26.25,22.48,3.77,,,4341,financial data present but missing supporting fields,remove_incomplete_rows
,,,,,,,<na>,,15.0,0.36,13.2,,,4345,financial data present but missing supporting fields,remove_incomplete_rows
,,,,,,,<na>,,27.75,23.04,4.71,,,4349,financial data present but missing supporting fields,remove_incomplete_rows
,,,,,,,<na>,,87.0,8.02,46.92,,,4354,financial data present but missing supporting fields,remove_incomplete_rows
,,,,,,,<na>,,53.0,4.47,8.27,,,4358,financial data present but missing supporting fields,remove_incomplete_rows
,,,,,,,<na>,,172.5,93.0,79.5,,,4362,financial data present but missing supporting fields,remove_incomplete_rows
,,,,,,,<na>,,673.25,173.5,78.84,,,4367,financial data present but missing supporting fields,remove_incomplete_rows
,,,,,,,<na>,,482.25,424.55,57.7,,,4373,financial data present but missing supporting fields,remove_incomplete_rows
,,,,,,,<na>,,65.0,53.81,11.19,,,4377,financial data present but missing supporting fields,remove_incomplete_rows
,,,,,,,<na>,,37.75,29.41,8.34,,,4381,financial data present but missing supporting fields,remove_incomplete_rows
,,,,,,,<na>,,600.0,380.0,220.0,,,4385,financial data present but missing supporting fields,remove_incomplete_rows
,,,,,,,<na>,,642.25,113.1,230.04,,,4392,financial data present but missing supporting fields,remove_incomplete_rows
,,,,,,,<na>,,513.0,24.0,33.0,,,4396,financial data present but missing supporting fields,remove_incomplete_rows
,,,,,,,<na>,,10336.0,6800.0,3536.0,,,4400,financial data present but missing supporting fields,remove_incomplete_rows
,,,,,,,<na>,,871.5,406.09,59.31,,,4404,financial data present but missing supporting fields,remove_incomplete_rows
,,,,,,,<na>,,64.0,43.41,14.22,,,4409,financial data present but missing supporting fields,remove_incomplete_rows
,,,,,,,<na>,,86.0,82.02,3.98,,,4413,financial data present but missing supporting fields,remove_incomplete_rows
,,,,,,,<na>,,257.0,135.0,122.0,,,4417,financial data present but missing supporting fields,remove_incomplete_rows
,,,,,,,<na>,,27.5,20.14,7.36,,,4422,financial data present but missing supporting fields,remove_incomplete_rows
,,,,,,,<na>,,91.25,10.54,36.76,,,4428,financial data present but missing supporting fields,remove_incomplete_rows
,,,,,,,<na>,,97.5,74.48,23.02,,,4432,financial data present but missing supporting fields,remove_incomplete_rows
,,,,,,,<na>,,310.0,258.29,51.71,,,4437,financial data present but missing supporting fields,remove_incomplete_rows
,,,,,,,<na>,,380.6,131.78,232.8,,,4442,financial data present but missing supporting fields,remove_incomplete_rows
,,,,,,,<na>,,343.2,974.0,-3770.06,,,4447,financial data present but missing supporting fields,remove_incomplete_rows
,,,,,,,<na>,,3675.0,349.64,391.32,,,4454,financial data present but missing supporting fields,remove_incomplete_rows
,,,,,,,<na>,,400.0,50.0,-100.0,,,4458,financial data present but missing supporting fields,remove_incomplete_rows
,,,,,,,<na>,,23.0,19.83,3.17,,,4462,financial data present but missing supporting fields,remove_incomplete_rows
,,,,,,,<na>,,616.0,509.15,106.85,,,4466,financial data present but missing supporting fields,remove_incomplete_rows
,,,,,,,<na>,,78.75,9.85,9.8,,,4470,financial data present but missing supporting fields,remove_incomplete_rows
,,,,,,,<na>,,141.0,117.35,23.65,,,4474,financial data present but missing supporting fields,remove_incomplete_rows
,,,,,,,<na>,,1228.0,639.25,588.75,,,4479,financial data present but missing supporting fields,remove_incomplete_rows
,,,,,,,<na>,,620.0,176.72,36.17,,,4485,financial data present but missing supporting fields,remove_incomplete_rows
,,,,,,,<na>,,288.0,54.63,23.75,,,4492,financial data present but missing supporting fields,remove_incomplete_rows
,,,,,,,<na>,,39.5,30.7,8.8,,,4497,financial data present but missing supporting fields,remove_incomplete_rows
,,,,,,,<na>,,24.25,17.61,6.64,,,4501,financial data present but missing supporting fields,remove_incomplete_rows
,,,,,,,<na>,,70.5,62.07,8.43,,,4505,financial data present but missing supporting fields,remove_incomplete_rows
,,,,,,,<na>,,34.5,27.56,6.94,,,4509,financial data present but missing supporting fields,remove_incomplete_rows
,,,,,,,<na>,,48.0,6.37,9.79,,,4513,financial data present but missing supporting fields,remove_incomplete_rows
,,,,,,,<na>,,2076.0,1587.64,488.36,,,4518,financial data present but missing supporting fields,remove_incomplete_rows
,,,,,,,<na>,,1368.0,6.5,783.0,,,4522,financial data present but missing supporting fields,remove_incomplete_rows
,,,,,,,<na>,,339.28,273.57,65.71,,,4526,financial data present but missing supporting fields,remove_incomplete_rows
,,,,,,,<na>,,90.0,17.6,37.2,,,4530,financial data present but missing supporting fields,remove_incomplete_rows
,,,,,,,<na>,,26.5,21.22,5.28,,,4534,financial data present but missing supporting fields,remove_incomplete_rows
,,,,,,,<na>,,1215.0,730.0,485.0,,,4538,financial data present but missing supporting fields,remove_incomplete_rows
,,,,,,,<na>,,61.5,53.52,7.98,,,4543,financial data present but missing supporting fields,remove_incomplete_rows
,,,,,,,<na>,,400.0,30.85,80.0,,,4548,financial data present but missing supporting fields,remove_incomplete_rows
,,,,,,,<na>,,423.9,83.12,71.06,,,4555,financial data present but missing supporting fields,remove_incomplete_rows
,,,,,,,<na>,,288.75,945.06,-13887.17,,,4560,financial data present but missing supporting fields,remove_incomplete_rows
,,,,,,,<na>,,270.0,245.09,24.91,,,4564,financial data present but missing supporting fields,remove_incomplete_rows
,,,,,,,<na>,,45.5,41.36,4.14,,,4568,financial data present but missing supporting fields,remove_incomplete_rows
,,,,,,,<na>,,49.5,7.15,6.57,,,4572,financial data present but missing supporting fields,remove_incomplete_rows
,,,,,,,<na>,,965.6,48.64,-7.12,,,4578,financial data present but missing supporting fields,remove_incomplete_rows
,,,,,,,<na>,,828.53,14.0,422.53,,,4582,financial data present but missing supporting fields,remove_incomplete_rows
,,,,,,,<na>,,80.0,43.41,17.49,,,4587,financial data present but missing supporting fields,remove_incomplete_rows
,,,,,,,<na>,,10.0,1.17,5.32,,,4591,financial data present but missing supporting fields,remove_incomplete_rows
,,,,,,,<na>,,224.25,186.69,37.56,,,4596,financial data present but missing supporting fields,remove_incomplete_rows
,,,,,,,<na>,,538.73,493.8,44.93,,,4601,financial data present but missing supporting fields,remove_incomplete_rows
,,,,,,,<na>,,78.0,70.94,7.06,,,4605,financial data present but missing supporting fields,remove_incomplete_rows
,,,,,,,<na>,,30.0,9.2,11.6,,,4609,financial data present but missing supporting fields,remove_incomplete_rows
,,,,,,,<na>,,604.0,116.07,4.05,,,4617,financial data present but missing supporting fields,remove_incomplete_rows
,,,,,,,<na>,,19.25,13.48,5.77,,,4622,financial data present but missing supporting fields,remove_incomplete_rows
,,,,,,,<na>,,15.0,9.2,5.8,,,4626,financial data present but missing supporting fields,remove_incomplete_rows
,,,,,,,<na>,,1225.2,66.65,-206.71,,,4632,financial data present but missing supporting fields,remove_incomplete_rows
,,,,,,,<na>,,1102.6,818.59,140.52,,,4637,financial data present but missing supporting fields,remove_incomplete_rows
,,,,,,,<na>,,15.0,9.2,5.8,,,4641,financial data present but missing supporting fields,remove_incomplete_rows
,,,,,,,<na>,,339.28,220.0,119.28,,,4645,financial data present but missing supporting fields,remove_incomplete_rows
,,,,,,,<na>,,150.0,12.03,29.68,,,4651,financial data present but missing supporting fields,remove_incomplete_rows
,,,,,,,<na>,,1387.5,153.99,114.74,,,4656,financial data present but missing supporting fields,remove_incomplete_rows
,,,,,,,<na>,,90.25,75.09,15.16,,,4660,financial data present but missing supporting fields,remove_incomplete_rows
,,,,,,,<na>,,39.5,31.5,8.0,,,4664,financial data present but missing supporting fields,remove_incomplete_rows
,,,,,,,<na>,,17.2,7.67,1.86,,,4668,financial data present but missing supporting fields,remove_incomplete_rows
,,,,,,,<na>,,1253.7,92.93,102.32,,,4674,financial data present but missing supporting fields,remove_incomplete_rows
,,,,,,,<na>,,12.75,3.81,1.32,,,4678,financial data present but missing supporting fields,remove_incomplete_rows
,,,,,,,<na>,,108.0,75.02,32.98,,,4682,financial data present but missing supporting fields,remove_incomplete_rows
,,,,,,,<na>,,30.0,9.2,11.6,,,4686,financial data present but missing supporting fields,remove_incomplete_rows
,,,,,,,<na>,,854.74,137.94,80.87,,,4695,financial data present but missing supporting fields,remove_incomplete_rows
,,,,,,,<na>,,128.0,57.93,12.14,,,4699,financial data present but missing supporting fields,remove_incomplete_rows
,,,,,,,<na>,,65.0,54.94,10.06,,,4704,financial data present but missing supporting fields,remove_incomplete_rows
,,,,,,,<na>,,1276.8,60.0,76.8,,,4708,financial data present but missing supporting fields,remove_incomplete_rows
,,,,,,,<na>,,50.0,11.22,5.12,,,4712,financial data present but missing supporting fields,remove_incomplete_rows
,,,,,,,<na>,,146.0,133.54,12.46,,,4716,financial data present but missing supporting fields,remove_incomplete_rows
,,,,,,,<na>,,33.0,7.15,4.38,,,4720,financial data present but missing supporting fields,remove_incomplete_rows
,,,,,,,<na>,,426.25,79.32,29.65,,,4724,financial data present but missing supporting fields,remove_incomplete_rows
,,,,,,,<na>,,245.0,26.92,56.53,,,4728,financial data present but missing supporting fields,remove_incomplete_rows
,,,,,,,<na>,,708.75,58.81,139.7,,,4733,financial data present but missing supporting fields,remove_incomplete_rows
,,,,,,,<na>,,15.5,12.95,2.55,,,4737,financial data present but missing supporting fields,remove_incomplete_rows
,,,,,,,<na>,,30.0,17.6,12.4,,,4741,financial data present but missing supporting fields,remove_incomplete_rows
,,,,,,,<na>,,468.36,92.29,-0.38,,,4747,financial data present but missing supporting fields,remove_incomplete_rows
,,,,,,,<na>,,31.5,26.16,5.34,,,4752,financial data present but missing supporting fields,remove_incomplete_rows
,,,,,,,<na>,,159.8,51.94,9.77,,,4757,financial data present but missing supporting fields,remove_incomplete_rows
,,,,,,,<na>,,918.6,798.09,120.51,,,4761,financial data present but missing supporting fields,remove_incomplete_rows
,,,,,,,<na>,,12.0,5.42,1.15,,,4765,financial data present but missing supporting fields,remove_incomplete_rows
,,,,,,,<na>,,299.45,54.0,29.45,,,4769,financial data present but missing supporting fields,remove_incomplete_rows
,,,,,,,<na>,,22.0,4.76,2.96,,,4773,financial data present but missing supporting fields,remove_incomplete_rows
,,,,,,,<na>,,200.16,7.07,23.38,,,4780,financial data present but missing supporting fields,remove_incomplete_rows
,,,,,,,<na>,,69.0,38.48,27.32,,,4787,financial data present but missing supporting fields,remove_incomplete_rows
,,,,,,,<na>,,117.0,69.0,48.0,,,4791,financial data present but missing supporting fields,remove_incomplete_rows
,,,,,,,<na>,,32.0,6.69,5.23,,,4795,financial data present but missing supporting fields,remove_incomplete_rows
,,,,,,,<na>,,99.8,5.47,29.06,,,4800,financial data present but missing supporting fields,remove_incomplete_rows
,,,,,,,<na>,,23.25,25.42,-2.17,,,4804,financial data present but missing supporting fields,remove_incomplete_rows
,,,,,,,<na>,,193.5,28.5,48.36,,,4809,financial data present but missing supporting fields,remove_incomplete_rows
,,,,,,,<na>,,40.0,2.0,0.0,,,4813,financial data present but missing supporting fields,remove_incomplete_rows
,,,,,,,<na>,,46.5,20.87,4.77,,,4817,financial data present but missing supporting fields,remove_incomplete_rows
,,,,,,,<na>,,315.0,7.0,168.0,,,4821,financial data present but missing supporting fields,remove_incomplete_rows
,,,,,,,<na>,,68.25,57.4,10.85,,,4826,financial data present but missing supporting fields,remove_incomplete_rows
,,,,,,,<na>,,60.0,5.42,5.75,,,4830,financial data present but missing supporting fields,remove_incomplete_rows
,,,,,,,<na>,,751.5,441.01,89.98,,,4837,financial data present but missing supporting fields,remove_incomplete_rows
,,,,,,,<na>,,55.25,31.55,22.1,,,4842,financial data present but missing supporting fields,remove_incomplete_rows
,,,,,,,<na>,,180.0,15.13,28.67,,,4846,financial data present but missing supporting fields,remove_incomplete_rows
,,,,,,,<na>,,30.0,25.0,5.0,,,4850,financial data present but missing supporting fields,remove_incomplete_rows
,,,,,,,<na>,,45.5,33.89,11.61,,,4855,financial data present but missing supporting fields,remove_incomplete_rows
,,,,,,,<na>,,461.75,973.21,-9082.52,,,4863,financial data present but missing supporting fields,remove_incomplete_rows
,,,,,,,<na>,,103.75,90.86,12.89,,,4867,financial data present but missing supporting fields,remove_incomplete_rows
,,,,,,,<na>,,115.5,55.0,60.5,,,4875,financial data present but missing supporting fields,remove_incomplete_rows
,,,,,,,<na>,,342.0,259.09,82.91,,,4879,financial data present but missing supporting fields,remove_incomplete_rows
,,,,,,,<na>,,14.25,11.73,2.52,,,4883,financial data present but missing supporting fields,remove_incomplete_rows
,,,,,,,<na>,,297.0,281.68,15.32,,,4892,financial data present but missing supporting fields,remove_incomplete_rows
,,,,,,,<na>,,108.0,75.02,32.98,,,4896,financial data present but missing supporting fields,remove_incomplete_rows
,,,,,,,<na>,,238.65,59.34,29.35,,,4906,financial data present but missing supporting fields,remove_incomplete_rows
,,,,,,,<na>,,28.25,23.35,4.9,,,4910,financial data present but missing supporting fields,remove_incomplete_rows
,,,,,,,<na>,,257.0,135.0,122.0,,,4914,financial data present but missing supporting fields,remove_incomplete_rows
,,,,,,,<na>,,957.6,60.0,57.6,,,4918,financial data present but missing supporting fields,remove_incomplete_rows
,,,,,,,<na>,,293.25,243.94,49.31,,,4923,financial data present but missing supporting fields,remove_incomplete_rows
,,,,,,,<na>,,36.5,16.07,4.36,,,4927,financial data present but missing supporting fields,remove_incomplete_rows
,,,,,,,<na>,,147.25,122.67,24.58,,,4931,financial data present but missing supporting fields,remove_incomplete_rows
,,,,,,,<na>,,21.8,9.35,3.1,,,4939,financial data present but missing supporting fields,remove_incomplete_rows
,,,,,,,<na>,,13.5,3.71,6.07,,,4943,financial data present but missing supporting fields,remove_incomplete_rows
,,,,,,,<na>,,60.0,26.8,24.0,,,4948,financial data present but missing supporting fields,remove_incomplete_rows
,,,,,,,<na>,,60.0,51.81,8.19,,,4953,financial data present but missing supporting fields,remove_incomplete_rows
,,,,,,,<na>,,120.0,135.54,-15.54,,,4957,financial data present but missing supporting fields,remove_incomplete_rows
,,,,,,,<na>,,23.25,20.87,2.38,,,4961,financial data present but missing supporting fields,remove_incomplete_rows
,,,,,,,<na>,,68.25,54.83,13.42,,,4966,financial data present but missing supporting fields,remove_incomplete_rows
,,,,,,,<na>,,116.5,57.15,10.52,,,4971,financial data present but missing supporting fields,remove_incomplete_rows
,,,,,,,<na>,,80.0,72.5,7.5,,,4975,financial data present but missing supporting fields,remove_incomplete_rows
,,,,,,,<na>,,79.75,42.57,6.5,,,4980,financial data present but missing supporting fields,remove_incomplete_rows
,,,,,,,<na>,,145.0,16.0,65.0,,,4984,financial data present but missing supporting fields,remove_incomplete_rows
,,,,,,,<na>,,41.75,37.86,3.89,,,4988,financial data present but missing supporting fields,remove_incomplete_rows
,,,,,,,<na>,,1042.9,52.57,111.43,,,4994,financial data present but missing supporting fields,remove_incomplete_rows
,,,,,,,<na>,,405.0,405.0,0.0,,,4998,financial data present but missing supporting fields,remove_incomplete_rows
,,,,,,,<na>,,64.5,36.76,18.54,,,5003,financial data present but missing supporting fields,remove_incomplete_rows
,,,,,,,<na>,,54.0,41.9,12.1,,,5008,financial data present but missing supporting fields,remove_incomplete_rows
,,,,,,,<na>,,1125.0,467.35,267.74,,,5013,financial data present but missing supporting fields,remove_incomplete_rows
,,,,,,,<na>,,9.0,0.36,7.92,,,5017,financial data present but missing supporting fields,remove_incomplete_rows
,,,,,,,<na>,,1487.5,94.51,164.36,,,5022,financial data present but missing supporting fields,remove_incomplete_rows
,,,,,,,<na>,,544.75,118.83,70.59,,,5029,financial data present but missing supporting fields,remove_incomplete_rows
,,,,,,,<na>,,120.25,70.31,15.64,,,5035,financial data present but missing supporting fields,remove_incomplete_rows
,,,,,,,<na>,,577.0,166.74,272.68,,,5042,financial data present but missing supporting fields,remove_incomplete_rows
,,,,,,,<na>,,30.0,11.25,7.5,,,5046,financial data present but missing supporting fields,remove_incomplete_rows
,,,,,,,<na>,,63.0,3.6,37.8,,,5050,financial data present but missing supporting fields,remove_incomplete_rows
,,,,,,,<na>,,40.0,2.25,17.5,,,5054,financial data present but missing supporting fields,remove_incomplete_rows
,,,,,,,<na>,,50.0,40.59,9.41,,,5058,financial data present but missing supporting fields,remove_incomplete_rows
,,,,,,,<na>,,18.0,14.98,3.02,,,5062,financial data present but missing supporting fields,remove_incomplete_rows
,,,,,,,<na>,,36.5,7.33,21.84,,,5066,financial data present but missing supporting fields,remove_incomplete_rows
,,,,,,,<na>,,417.75,556.99,-139.24,,,5070,financial data present but missing supporting fields,remove_incomplete_rows
,,,,,,,<na>,,1263.35,1234.43,28.92,,,5076,financial data present but missing supporting fields,remove_incomplete_rows
,,,,,,,<na>,,108.0,75.02,32.98,,,5080,financial data present but missing supporting fields,remove_incomplete_rows
,,,,,,,<na>,,15.0,12.88,2.12,,,5084,financial data present but missing supporting fields,remove_incomplete_rows
,,,,,,,<na>,,16.08,3.39,2.54,,,5088,financial data present but missing supporting fields,remove_incomplete_rows
,,,,,,,<na>,,60.0,2.8,32.0,,,5092,financial data present but missing supporting fields,remove_incomplete_rows
,,,,,,,<na>,,68.5,59.35,9.15,,,5096,financial data present but missing supporting fields,remove_incomplete_rows
,,,,,,,<na>,,42.5,3.81,4.39,,,5100,financial data present but missing supporting fields,remove_incomplete_rows
,,,,,,,<na>,,94.9,53.55,18.74,,,5106,financial data present but missing supporting fields,remove_incomplete_rows
,,,,,,,<na>,,35.75,32.38,3.37,,,5110,financial data present but missing supporting fields,remove_incomplete_rows
,,,,,,,<na>,,33.75,25.46,8.29,,,5114,financial data present but missing supporting fields,remove_incomplete_rows
,,,,,,,<na>,,97.5,6.69,10.47,,,5118,financial data present but missing supporting fields,remove_incomplete_rows
,,,,,,,<na>,,42.5,3.81,4.39,,,5122,financial data present but missing supporting fields,remove_incomplete_rows
,,,,,,,<na>,,84.5,29.3,3.2,,,5127,financial data present but missing supporting fields,remove_incomplete_rows
,,,,,,,<na>,,225.0,90.0,135.0,,,5131,financial data present but missing supporting fields,remove_incomplete_rows
,,,,,,,<na>,,46.0,19.79,6.42,,,5135,financial data present but missing supporting fields,remove_incomplete_rows
,,,,,,,<na>,,150.0,130.56,19.44,,,5139,financial data present but missing supporting fields,remove_incomplete_rows
,,,,,,,<na>,,120.0,56.0,64.0,,,5143,financial data present but missing supporting fields,remove_incomplete_rows
,,,,,,,<na>,,70.0,2.8,42.0,,,5147,financial data present but missing supporting fields,remove_incomplete_rows
,,,,,,,<na>,,1069.8,53.07,460.89,,,5157,financial data present but missing supporting fields,remove_incomplete_rows
,,,,,,,<na>,,801.25,50.55,155.7,,,5162,financial data present but missing supporting fields,remove_incomplete_rows
,,,,,,,<na>,,65.75,54.6,11.15,,,5166,financial data present but missing supporting fields,remove_incomplete_rows
,,,,,,,<na>,,30.25,27.29,2.96,,,5170,financial data present but missing supporting fields,remove_incomplete_rows
,,,,,,,<na>,,18.5,15.16,3.34,,,5174,financial data present but missing supporting fields,remove_incomplete_rows
,,,,,,,<na>,,30.25,27.29,2.96,,,5178,financial data present but missing supporting fields,remove_incomplete_rows
,,,,,,,<na>,,26.25,22.48,3.77,,,5183,financial data present but missing supporting fields,remove_incomplete_rows
,,,,,,,<na>,,129.75,966.12,-2768.62,,,5189,financial data present but missing supporting fields,remove_incomplete_rows
,,,,,,,<na>,,346.0,36.35,55.19,,,5193,financial data present but missing supporting fields,remove_incomplete_rows
,,,,,,,<na>,,4917.25,203.42,533.2,,,5201,financial data present but missing supporting fields,remove_incomplete_rows
,,,,,,,<na>,,48.0,37.04,10.96,,,5205,financial data present but missing supporting fields,remove_incomplete_rows
,,,,,,,<na>,,249.0,117.21,24.55,,,5211,financial data present but missing supporting fields,remove_incomplete_rows
,,,,,,,<na>,,10.6,4.47,1.65,,,5215,financial data present but missing supporting fields,remove_incomplete_rows
,,,,,,,<na>,,58.96,7.27,-13.76,,,5219,financial data present but missing supporting fields,remove_incomplete_rows
,,,,,,,<na>,,139.0,115.52,23.48,,,5224,financial data present but missing supporting fields,remove_incomplete_rows
,,,,,,,<na>,,488.25,418.24,70.01,,,5229,financial data present but missing supporting fields,remove_incomplete_rows
,,,,,,,<na>,,34.0,29.5,4.5,,,5233,financial data present but missing supporting fields,remove_incomplete_rows
,,,,,,,<na>,,8.5,3.81,0.88,,,5237,financial data present but missing supporting fields,remove_incomplete_rows
,,,,,,,<na>,,16.0,6.69,2.62,,,5241,financial data present but missing supporting fields,remove_incomplete_rows
,,,,,,,<na>,,144.0,107.14,36.86,,,5245,financial data present but missing supporting fields,remove_incomplete_rows
,,,,,,,<na>,,134.25,83.82,50.43,,,5251,financial data present but missing supporting fields,remove_incomplete_rows
,,,,,,,<na>,,1000.25,800.1,200.15,,,5256,financial data present but missing supporting fields,remove_incomplete_rows
,,,,,,,<na>,,382.5,10.46,68.59,,,5260,financial data present but missing supporting fields,remove_incomplete_rows
,,,,,,,<na>,,203.75,27.41,31.22,,,5265,financial data present but missing supporting fields,remove_incomplete_rows
,,,,,,,<na>,,1109.0,437.39,101.51,,,5270,financial data present but missing supporting fields,remove_incomplete_rows
,,,,,,,<na>,,690.23,631.53,58.7,,,5276,financial data present but missing supporting fields,remove_incomplete_rows
,,,,,,,<na>,,496.5,292.0,204.5,,,5280,financial data present but missing supporting fields,remove_incomplete_rows
,,,,,,,<na>,,6.0,2.13,3.87,,,5284,financial data present but missing supporting fields,remove_incomplete_rows
,,,,,,,<na>,,45.0,26.8,18.2,,,5289,financial data present but missing supporting fields,remove_incomplete_rows
,,,,,,,<na>,,32.5,26.25,6.25,,,5293,financial data present but missing supporting fields,remove_incomplete_rows
,,,,,,,<na>,,10.0,1.27,4.94,,,5297,financial data present but missing supporting fields,remove_incomplete_rows
,,,,,,,<na>,,1391.5,1238.79,92.45,,,5304,financial data present but missing supporting fields,remove_incomplete_rows
,,,,,,,<na>,,393.75,13.48,204.96,,,5308,financial data present but missing supporting fields,remove_incomplete_rows
,,,,,,,<na>,,234.75,198.6,36.15,,,5314,financial data present but missing supporting fields,remove_incomplete_rows
,,,,,,,<na>,,678.56,220.0,238.56,,,5318,financial data present but missing supporting fields,remove_incomplete_rows
,,,,,,,<na>,,516.0,305.45,70.55,,,5323,financial data present but missing supporting fields,remove_incomplete_rows
,,,,,,,<na>,,126.0,61.85,23.57,,,5328,financial data present but missing supporting fields,remove_incomplete_rows
,,,,,,,<na>,,211.0,31.63,23.52,,,5333,financial data present but missing supporting fields,remove_incomplete_rows
,,,,,,,<na>,,132.0,9.99,72.06,,,5337,financial data present but missing supporting fields,remove_incomplete_rows
,,,,,,,<na>,,20.0,0.6,14.0,,,5341,financial data present but missing supporting fields,remove_incomplete_rows
,,,,,,,<na>,,16.5,7.27,1.96,,,5345,financial data present but missing supporting fields,remove_incomplete_rows
,,,,,,,<na>,,147.0,1.5,108.4,,,5351,financial data present but missing supporting fields,remove_incomplete_rows
,,,,,,,<na>,,426.25,134.72,58.29,,,5358,financial data present but missing supporting fields,remove_incomplete_rows
,,,,,,,<na>,,115.0,10.29,12.12,,,5362,financial data present but missing supporting fields,remove_incomplete_rows
,,,,,,,<na>,,9471.25,2651.24,915.99,,,5370,financial data present but missing supporting fields,remove_incomplete_rows
,,,,,,,<na>,,472.5,196.94,78.62,,,5374,financial data present but missing supporting fields,remove_incomplete_rows
,,,,,,,<na>,,418.75,278.0,140.75,,,5379,financial data present but missing supporting fields,remove_incomplete_rows
,,,,,,,<na>,,69.0,19.83,9.52,,,5383,financial data present but missing supporting fields,remove_incomplete_rows
,,,,,,,<na>,,48.75,877.37,-1679.17,,,5389,financial data present but missing supporting fields,remove_incomplete_rows
,,,,,,,<na>,,722.28,433.15,185.1,,,5396,financial data present but missing supporting fields,remove_incomplete_rows
,,,,,,,<na>,,308.5,244.1,39.07,,,5403,financial data present but missing supporting fields,remove_incomplete_rows
,,,,,,,<na>,,140.0,4.0,120.0,,,5407,financial data present but missing supporting fields,remove_incomplete_rows
,,,,,,,<na>,,30.0,7.0,16.0,,,5411,financial data present but missing supporting fields,remove_incomplete_rows
,,,,,,,<na>,,30.0,17.6,12.4,,,5415,financial data present but missing supporting fields,remove_incomplete_rows
,,,,,,,<na>,,11.0,6.33,4.67,,,5419,financial data present but missing supporting fields,remove_incomplete_rows
,,,,,,,<na>,,11.0,6.33,4.67,,,5423,financial data present but missing supporting fields,remove_incomplete_rows
,,,,,,,<na>,,35.0,33.0,2.0,,,5427,financial data present but missing supporting fields,remove_incomplete_rows
,,,,,,,<na>,,60.5,27.29,5.92,,,5431,financial data present but missing supporting fields,remove_incomplete_rows
,,,,,,,<na>,,19.0,15.9,3.1,,,5435,financial data present but missing supporting fields,remove_incomplete_rows
,,,,,,,<na>,,52.9,46.01,6.89,,,5439,financial data present but missing supporting fields,remove_incomplete_rows
,,,,,,,<na>,,135.0,123.06,11.94,,,5443,financial data present but missing supporting fields,remove_incomplete_rows
,,,,,,,<na>,,35.8,0.37,28.34,,,5447,financial data present but missing supporting fields,remove_incomplete_rows
,,,,,,,<na>,,46.75,37.98,8.77,,,5452,financial data present but missing supporting fields,remove_incomplete_rows
,,,,,,,<na>,,57.0,11.73,10.08,,,5456,financial data present but missing supporting fields,remove_incomplete_rows
,,,,,,,<na>,,1663.5,46.89,315.46,,,5463,financial data present but missing supporting fields,remove_incomplete_rows
,,,,,,,<na>,,15.0,9.2,5.8,,,5467,financial data present but missing supporting fields,remove_incomplete_rows
,,,,,,,<na>,,15.0,9.2,5.8,,,5471,financial data present but missing supporting fields,remove_incomplete_rows
,,,,,,,<na>,,106.0,23.73,11.08,,,5475,financial data present but missing supporting fields,remove_incomplete_rows
,,,,,,,<na>,,15.0,9.2,5.8,,,5479,financial data present but missing supporting fields,remove_incomplete_rows
,,,,,,,<na>,,770.0,250.0,270.0,,,5483,financial data present but missing supporting fields,remove_incomplete_rows
,,,,,,,<na>,,220.0,34.32,21.25,,,5488,financial data present but missing supporting fields,remove_incomplete_rows
,,,,,,,<na>,,236.0,54.18,-34.88,,,5492,financial data present but missing supporting fields,remove_incomplete_rows
,,,,,,,<na>,,420.0,6.13,52.2,,,5496,financial data present but missing supporting fields,remove_incomplete_rows
,,,,,,,<na>,,457.43,437.39,20.03,,,5501,financial data present but missing supporting fields,remove_incomplete_rows
,,,,,,,<na>,,34.75,28.0,6.75,,,5509,financial data present but missing supporting fields,remove_incomplete_rows
,,,,,,,<na>,,26.5,21.22,5.28,,,5513,financial data present but missing supporting fields,remove_incomplete_rows
,,,,,,,<na>,,117.0,69.0,48.0,,,5517,financial data present but missing supporting fields,remove_incomplete_rows
,,,,,,,<na>,,893.76,60.0,53.76,,,5522,financial data present but missing supporting fields,remove_incomplete_rows
,,,,,,,<na>,,22.5,6.38,3.36,,,5526,financial data present but missing supporting fields,remove_incomplete_rows
,,,,,,,<na>,,180.0,50.0,80.0,,,5530,financial data present but missing supporting fields,remove_incomplete_rows
,,,,,,,<na>,,18.5,15.16,3.34,,,5534,financial data present but missing supporting fields,remove_incomplete_rows
,,,,,,,<na>,,699.25,684.09,15.16,,,5539,financial data present but missing supporting fields,remove_incomplete_rows
,,,,,,,<na>,,80.0,6.69,13.08,,,5543,financial data present but missing supporting fields,remove_incomplete_rows
,,,,,,,<na>,,100.0,9.0,9.99,,,5548,financial data present but missing supporting fields,remove_incomplete_rows
,,,,,,,<na>,,432.5,36.35,68.98,,,5552,financial data present but missing supporting fields,remove_incomplete_rows
,,,,,,,<na>,,270.0,50.0,120.0,,,5556,financial data present but missing supporting fields,remove_incomplete_rows
,,,,,,,<na>,,180.0,50.0,80.0,,,5560,financial data present but missing supporting fields,remove_incomplete_rows
,,,,,,,<na>,,36.5,16.07,4.36,,,5564,financial data present but missing supporting fields,remove_incomplete_rows
,,,,,,,<na>,,26.25,22.48,3.77,,,5569,financial data present but missing supporting fields,remove_incomplete_rows
,,,,,,,<na>,,607.04,17.0,-72.96,,,5573,financial data present but missing supporting fields,remove_incomplete_rows
,,,,,,,<na>,,18.0,9.38,8.63,,,5577,financial data present but missing supporting fields,remove_incomplete_rows
,,,,,,,<na>,,102.0,89.55,12.45,,,5581,financial data present but missing supporting fields,remove_incomplete_rows
,,,,,,,<na>,,427.8,37.29,54.94,,,5595,financial data present but missing supporting fields,remove_incomplete_rows
,,,,,,,<na>,,15.0,9.2,5.8,,,5599,financial data present but missing supporting fields,remove_incomplete_rows
,,,,,,,<na>,,163.25,150.95,12.3,,,5615,financial data present but missing supporting fields,remove_incomplete_rows
,,,,,,,<na>,,1276.8,60.0,76.8,,,5619,financial data present but missing supporting fields,remove_incomplete_rows
,,,,,,,<na>,,945.58,79.59,50.97,,,5636,financial data present but missing supporting fields,remove_incomplete_rows
,,,,,,,<na>,,166.5,137.28,29.22,,,5640,financial data present but missing supporting fields,remove_incomplete_rows
,,,,,,,<na>,,445.0,74.05,74.75,,,5644,financial data present but missing supporting fields,remove_incomplete_rows
,,,,,,,<na>,,224.0,46.68,70.6,,,5650,financial data present but missing supporting fields,remove_incomplete_rows
,,,,,,,<na>,,4.25,4.05,0.2,,,5654,financial data present but missing supporting fields,remove_incomplete_rows
,,,,,,,<na>,,32.0,6.69,5.23,,,5658,financial data present but missing supporting fields,remove_incomplete_rows
,,,,,,,<na>,,446.4,33.03,-24.38,,,5664,financial data present but missing supporting fields,remove_incomplete_rows
,,,,,,,<na>,,847.87,72.1,126.87,,,5669,financial data present but missing supporting fields,remove_incomplete_rows
,,,,,,,<na>,,38.0,33.8,4.2,,,5673,financial data present but missing supporting fields,remove_incomplete_rows
,,,,,,,<na>,,318.5,264.3,54.2,,,5678,financial data present but missing supporting fields,remove_incomplete_rows
,,,,,,,<na>,,37.5,1.17,19.95,,,5682,financial data present but missing supporting fields,remove_incomplete_rows
,,,,,,,<na>,,58.0,1.11,46.85,,,5686,financial data present but missing supporting fields,remove_incomplete_rows
,,,,,,,<na>,,97.5,6.37,1.89,,,5690,financial data present but missing supporting fields,remove_incomplete_rows
,,,,,,,<na>,,2244.36,101.44,-137.4,,,5697,financial data present but missing supporting fields,remove_incomplete_rows
,,,,,,,<na>,,161.5,146.73,14.77,,,5701,financial data present but missing supporting fields,remove_incomplete_rows
,,,,,,,<na>,,382.38,28.0,-61.06,,,5707,financial data present but missing supporting fields,remove_incomplete_rows
,,,,,,,<na>,,84.0,71.08,12.92,,,5712,financial data present but missing supporting fields,remove_incomplete_rows
,,,,,,,<na>,,435.0,36.46,70.37,,,5718,financial data present but missing supporting fields,remove_incomplete_rows
,,,,,,,<na>,,193.2,31.37,4.96,,,5722,financial data present but missing supporting fields,remove_incomplete_rows
,,,,,,,<na>,,191.25,10.46,34.29,,,5726,financial data present but missing supporting fields,remove_incomplete_rows
,,,,,,,<na>,,105.0,4.75,57.5,,,5730,financial data present but missing supporting fields,remove_incomplete_rows
,,,,,,,<na>,,32.0,1.26,19.4,,,5734,financial data present but missing supporting fields,remove_incomplete_rows
,,,,,,,<na>,,15.0,9.2,5.8,,,5738,financial data present but missing supporting fields,remove_incomplete_rows
,,,,,,,<na>,,28.0,2.8,16.8,,,5742,financial data present but missing supporting fields,remove_incomplete_rows
,,,,,,,<na>,,9.5,7.55,1.95,,,5746,financial data present but missing supporting fields,remove_incomplete_rows
,,,,,,,<na>,,321.03,84.56,68.42,,,5753,financial data present but missing supporting fields,remove_incomplete_rows
,,,,,,,<na>,,241.2,11.99,25.38,,,5758,financial data present but missing supporting fields,remove_incomplete_rows
,,,,,,,<na>,,216.25,195.91,20.34,,,5763,financial data present but missing supporting fields,remove_incomplete_rows
,,,,,,,<na>,,143.0,108.62,22.95,,,5769,financial data present but missing supporting fields,remove_incomplete_rows
,,,,,,,<na>,,247.5,89.48,83.02,,,5774,financial data present but missing supporting fields,remove_incomplete_rows
,,,,,,,<na>,,45.0,26.8,18.2,,,5779,financial data present but missing supporting fields,remove_incomplete_rows
,,,,,,,<na>,,458.95,151.28,145.64,,,5790,financial data present but missing supporting fields,remove_incomplete_rows
,,,,,,,<na>,,15.0,9.2,5.8,,,5794,financial data present but missing supporting fields,remove_incomplete_rows
,,,,,,,<na>,,116.0,18.25,79.5,,,5798,financial data present but missing supporting fields,remove_incomplete_rows
,,,,,,,<na>,,526.5,387.77,39.62,,,5807,financial data present but missing supporting fields,remove_incomplete_rows
,,,,,,,<na>,,811.5,23.8,97.6,,,5812,financial data present but missing supporting fields,remove_incomplete_rows
,,,,,,,<na>,,193.0,43.69,18.24,,,5816,financial data present but missing supporting fields,remove_incomplete_rows
,,,,,,,<na>,,41.0,18.39,1.61,,,5821,financial data present but missing supporting fields,remove_incomplete_rows
,,,,,,,<na>,,174.75,149.78,24.97,,,5827,financial data present but missing supporting fields,remove_incomplete_rows
,,,,,,,<na>,,97.5,34.66,28.18,,,5832,financial data present but missing supporting fields,remove_incomplete_rows
,,,,,,,<na>,,6010.8,188.21,1242.76,,,5846,financial data present but missing supporting fields,remove_incomplete_rows
,,,,,,,<na>,,565.0,393.25,54.7,,,5852,financial data present but missing supporting fields,remove_incomplete_rows
,,,,,,,<na>,,1150.0,1176.7,-26.7,,,5857,financial data present but missing supporting fields,remove_incomplete_rows
,,,,,,,<na>,,262.0,17.62,148.3,,,5870,financial data present but missing supporting fields,remove_incomplete_rows
,,,,,,,<na>,,311.5,292.4,19.1,,,5874,financial data present but missing supporting fields,remove_incomplete_rows
,,,,,,,<na>,,136.0,85.0,51.0,,,5878,financial data present but missing supporting fields,remove_incomplete_rows
,,,,,,,<na>,,430.0,82.02,19.9,,,5882,financial data present but missing supporting fields,remove_incomplete_rows
,,,,,,,<na>,,1389.75,770.44,194.68,,,5888,financial data present but missing supporting fields,remove_incomplete_rows
,,,,,,,<na>,,108.0,24.0,12.0,,,5892,financial data present but missing supporting fields,remove_incomplete_rows
,,,,,,,<na>,,29.5,24.06,5.44,,,5896,financial data present but missing supporting fields,remove_incomplete_rows
,,,,,,,<na>,,16.0,6.69,2.62,,,5900,financial data present but missing supporting fields,remove_incomplete_rows
,,,,,,,<na>,,128.5,106.52,21.98,,,5905,financial data present but missing supporting fields,remove_incomplete_rows
,,,,,,,<na>,,35.0,33.0,2.0,,,5909,financial data present but missing supporting fields,remove_incomplete_rows
,,,,,,,<na>,,207.6,24.78,-40.23,,,5913,financial data present but missing supporting fields,remove_incomplete_rows
,,,,,,,<na>,,28.5,25.08,3.42,,,5917,financial data present but missing supporting fields,remove_incomplete_rows
,,,,,,,<na>,,816.8,102.5,157.8,,,5923,financial data present but missing supporting fields,remove_incomplete_rows
,,,,,,,<na>,,400.0,50.0,-100.0,,,5927,financial data present but missing supporting fields,remove_incomplete_rows
,,,,,,,<na>,,440.0,24.6,-52.06,,,5931,financial data present but missing supporting fields,remove_incomplete_rows
,,,,,,,<na>,,776.0,87.4,-98.0,,,5935,financial data present but missing supporting fields,remove_incomplete_rows
,,,,,,,<na>,,23.0,20.5,2.5,,,5939,financial data present but missing supporting fields,remove_incomplete_rows
,,,,,,,<na>,,21.25,3.81,2.2,,,5943,financial data present but missing supporting fields,remove_incomplete_rows
,,,,,,,<na>,,907.6,400.83,421.77,,,5952,financial data present but missing supporting fields,remove_incomplete_rows
,,,,,,,<na>,,286.25,260.15,26.1,,,5956,financial data present but missing supporting fields,remove_incomplete_rows
,,,,,,,<na>,,62.0,49.02,12.98,,,5960,financial data present but missing supporting fields,remove_incomplete_rows
,,,,,,,<na>,,48.0,37.04,10.96,,,5964,financial data present but missing supporting fields,remove_incomplete_rows
,,,,,,,<na>,,95.0,873.05,-2512.06,,,5970,financial data present but missing supporting fields,remove_incomplete_rows
,,,,,,,<na>,,715.25,564.53,95.22,,,5977,financial data present but missing supporting fields,remove_incomplete_rows
,,,,,,,<na>,,373.65,134.54,-33.97,,,5983,financial data present but missing supporting fields,remove_incomplete_rows
,,,,,,,<na>,,16.75,15.09,1.66,,,5987,financial data present but missing supporting fields,remove_incomplete_rows
,,,,,,,<na>,,151.15,51.0,29.52,,,5992,financial data present but missing supporting fields,remove_incomplete_rows
,,,,,,,<na>,,15.0,9.2,5.8,,,5996,financial data present but missing supporting fields,remove_incomplete_rows
,,,,,,,<na>,,150.0,130.56,19.44,,,6000,financial data present but missing supporting fields,remove_incomplete_rows
,,,,,,,<na>,,16.5,14.2,2.3,,,6004,financial data present but missing supporting fields,remove_incomplete_rows
,,,,,,,<na>,,95.0,60.0,35.0,,,6008,financial data present but missing supporting fields,remove_incomplete_rows
,,,,,,,<na>,,79.5,35.07,9.36,,,6013,financial data present but missing supporting fields,remove_incomplete_rows
,,,,,,,<na>,,340.0,2.65,187.5,,,6018,financial data present but missing supporting fields,remove_incomplete_rows
,,,,,,,<na>,,60.5,44.02,8.48,,,6023,financial data present but missing supporting fields,remove_incomplete_rows
,,,,,,,<na>,,15.0,9.2,5.8,,,6027,financial data present but missing supporting fields,remove_incomplete_rows
,,,,,,,<na>,,96.0,18.58,40.45,,,6032,financial data present but missing supporting fields,remove_incomplete_rows
,,,,,,,<na>,,37.75,29.41,8.34,,,6036,financial data present but missing supporting fields,remove_incomplete_rows
,,,,,,,<na>,,84.61,61.32,23.29,,,6042,financial data present but missing supporting fields,remove_incomplete_rows
,,,,,,,<na>,,104.0,87.78,16.22,,,6048,financial data present but missing supporting fields,remove_incomplete_rows
,,,,,,,<na>,,50.44,21.02,8.41,,,6052,financial data present but missing supporting fields,remove_incomplete_rows
,,,,,,,<na>,,1089.0,45.36,-9.3,,,6058,financial data present but missing supporting fields,remove_incomplete_rows
,,,,,,,<na>,,46.5,20.87,4.77,,,6062,financial data present but missing supporting fields,remove_incomplete_rows
,,,,,,,<na>,,226.5,94.15,24.11,,,6069,financial data present but missing supporting fields,remove_incomplete_rows
,,,,,,,<na>,,225.0,13.5,22.5,,,6073,financial data present but missing supporting fields,remove_incomplete_rows
,,,,,,,<na>,,188.5,110.62,19.77,,,6078,financial data present but missing supporting fields,remove_incomplete_rows
,,,,,,,<na>,,18.5,15.16,3.34,,,6082,financial data present but missing supporting fields,remove_incomplete_rows
,,,,,,,<na>,,45.75,38.11,7.64,,,6086,financial data present but missing supporting fields,remove_incomplete_rows
,,,,,,,<na>,,14.25,11.73,2.52,,,6090,financial data present but missing supporting fields,remove_incomplete_rows
,,,,,,,<na>,,322.5,243.58,61.32,,,6097,financial data present but missing supporting fields,remove_incomplete_rows
,,,,,,,<na>,,40.0,9.0,31.0,,,6101,financial data present but missing supporting fields,remove_incomplete_rows
,,,,,,,<na>,,81.0,67.32,13.68,,,6105,financial data present but missing supporting fields,remove_incomplete_rows
,,,,,,,<na>,,14.25,11.73,2.52,,,6109,financial data present but missing supporting fields,remove_incomplete_rows
,,,,,,,<na>,,19.0,3.86,3.56,,,6113,financial data present but missing supporting fields,remove_incomplete_rows
,,,,,,,<na>,,515.25,51.89,48.24,,,6117,financial data present but missing supporting fields,remove_incomplete_rows
,,,,,,,<na>,,42.0,0.25,38.5,,,6121,financial data present but missing supporting fields,remove_incomplete_rows
,,,,,,,<na>,,15.0,9.2,5.8,,,6125,financial data present but missing supporting fields,remove_incomplete_rows
,,,,,,,<na>,,219.0,82.68,86.32,,,6130,financial data present but missing supporting fields,remove_incomplete_rows
,,,,,,,<na>,,90.0,11.77,19.36,,,6135,financial data present but missing supporting fields,remove_incomplete_rows
,,,,,,,<na>,,120.0,56.0,64.0,,,6139,financial data present but missing supporting fields,remove_incomplete_rows
,,,,,,,<na>,,8.0,6.69,1.31,,,6143,financial data present but missing supporting fields,remove_incomplete_rows
,,,,,,,<na>,,50.75,37.61,5.52,,,6148,financial data present but missing supporting fields,remove_incomplete_rows
,,,,,,,<na>,,53.8,46.63,7.17,,,6153,financial data present but missing supporting fields,remove_incomplete_rows
,,,,,,,<na>,,372.5,98.27,66.83,,,6158,financial data present but missing supporting fields,remove_incomplete_rows
,,,,,,,<na>,,208.5,150.68,30.73,,,6166,financial data present but missing supporting fields,remove_incomplete_rows
,,,,,,,<na>,,26.25,22.48,3.77,,,6171,financial data present but missing supporting fields,remove_incomplete_rows
,,,,,,,<na>,,34.4,7.67,3.72,,,6175,financial data present but missing supporting fields,remove_incomplete_rows
,,,,,,,<na>,,60.5,50.25,10.25,,,6179,financial data present but missing supporting fields,remove_incomplete_rows
,,,,,,,<na>,,820.75,79.67,103.01,,,6185,financial data present but missing supporting fields,remove_incomplete_rows
,,,,,,,<na>,,117.25,39.93,13.0,,,6191,financial data present but missing supporting fields,remove_incomplete_rows
,,,,,,,<na>,,82.5,7.15,10.96,,,6195,financial data present but missing supporting fields,remove_incomplete_rows
,,,,,,,<na>,,149.96,45.65,44.42,,,6200,financial data present but missing supporting fields,remove_incomplete_rows
,,,,,,,<na>,,301.0,107.95,143.34,,,6207,financial data present but missing supporting fields,remove_incomplete_rows
,,,,,,,<na>,,100.0,9.0,9.99,,,6212,financial data present but missing supporting fields,remove_incomplete_rows
,,,,,,,<na>,,56.0,4.0,0.0,,,6216,financial data present but missing supporting fields,remove_incomplete_rows
,,,,,,,<na>,,102.68,55.55,47.13,,,6221,financial data present but missing supporting fields,remove_incomplete_rows
,,,,,,,<na>,,39.0,15.57,10.7,,,6226,financial data present but missing supporting fields,remove_incomplete_rows
,,,,,,,<na>,,55.0,45.75,9.25,,,6230,financial data present but missing supporting fields,remove_incomplete_rows
,,,,,,,<na>,,81.0,74.09,6.91,,,6234,financial data present but missing supporting fields,remove_incomplete_rows
,,,,,,,<na>,,141.5,946.65,-3698.29,,,6239,financial data present but missing supporting fields,remove_incomplete_rows
,,,,,,,<na>,,6.0,2.26,3.74,,,6243,financial data present but missing supporting fields,remove_incomplete_rows
,,,,,,,<na>,,420.0,6.13,52.2,,,6247,financial data present but missing supporting fields,remove_incomplete_rows
,,,,,,,<na>,,282.0,235.0,47.0,,,6251,financial data present but missing supporting fields,remove_incomplete_rows
,,,,,,,<na>,,38.0,30.2,7.8,,,6255,financial data present but missing supporting fields,remove_incomplete_rows
,,,,,,,<na>,,30.0,0.36,26.4,,,6259,financial data present but missing supporting fields,remove_incomplete_rows
,,,,,,,<na>,,667.0,137.68,116.27,,,6265,financial data present but missing supporting fields,remove_incomplete_rows
,,,,,,,<na>,,26.0,17.56,8.44,,,6269,financial data present but missing supporting fields,remove_incomplete_rows
,,,,,,,<na>,,70.5,62.07,8.43,,,6273,financial data present but missing supporting fields,remove_incomplete_rows
,,,,,,,<na>,,309.5,257.75,51.75,,,6277,financial data present but missing supporting fields,remove_incomplete_rows
,,,,,,,<na>,,382.5,10.46,68.59,,,6281,financial data present but missing supporting fields,remove_incomplete_rows
,,,,,,,<na>,,851.95,48.93,165.51,,,6290,financial data present but missing supporting fields,remove_incomplete_rows
,,,,,,,<na>,,6.0,2.5,3.5,,,6294,financial data present but missing supporting fields,remove_incomplete_rows
,,,,,,,<na>,,569.75,22.07,281.08,,,6300,financial data present but missing supporting fields,remove_incomplete_rows
,,,,,,,<na>,,90.0,50.0,40.0,,,6304,financial data present but missing supporting fields,remove_incomplete_rows
,,,,,,,<na>,,454.5,265.43,73.47,,,6309,financial data present but missing supporting fields,remove_incomplete_rows
,,,,,,,<na>,,215.75,79.54,39.99,,,6315,financial data present but missing supporting fields,remove_incomplete_rows
,,,,,,,<na>,,91.25,16.07,10.89,,,6319,financial data present but missing supporting fields,remove_incomplete_rows
,,,,,,,<na>,,23.0,19.83,3.17,,,6323,financial data present but missing supporting fields,remove_incomplete_rows
,,,,,,,<na>,,201.0,5.06,49.19,,,6327,financial data present but missing supporting fields,remove_incomplete_rows
,,,,,,,<na>,,108.0,120.0,-12.0,,,6331,financial data present but missing supporting fields,remove_incomplete_rows
,,,,,,,<na>,,91.25,7.33,54.6,,,6335,financial data present but missing supporting fields,remove_incomplete_rows
,,,,,,,<na>,,120.0,20.37,-83.69,,,6339,financial data present but missing supporting fields,remove_incomplete_rows
,,,,,,,<na>,,135.0,113.24,21.76,,,6343,financial data present but missing supporting fields,remove_incomplete_rows
,,,,,,,<na>,,37.5,6.38,5.6,,,6347,financial data present but missing supporting fields,remove_incomplete_rows
,,,,,,,<na>,,21.0,18.52,2.48,,,6351,financial data present but missing supporting fields,remove_incomplete_rows
,,,,,,,<na>,,40.0,6.37,8.16,,,6355,financial data present but missing supporting fields,remove_incomplete_rows
,,,,,,,<na>,,29.25,8.0,5.25,,,6359,financial data present but missing supporting fields,remove_incomplete_rows
,,,,,,,<na>,,50.0,41.47,8.53,,,6363,financial data present but missing supporting fields,remove_incomplete_rows
,,,,,,,<na>,,105.0,33.0,6.0,,,6367,financial data present but missing supporting fields,remove_incomplete_rows
,,,,,,,<na>,,49.25,45.47,3.78,,,6371,financial data present but missing supporting fields,remove_incomplete_rows
,,,,,,,<na>,,78.75,78.75,0.0,,,6375,financial data present but missing supporting fields,remove_incomplete_rows
,,,,,,,<na>,,190.22,98.36,-6.49,,,6382,financial data present but missing supporting fields,remove_incomplete_rows
,,,,,,,<na>,,181.5,121.04,22.6,,,6387,financial data present but missing supporting fields,remove_incomplete_rows
,,,,,,,<na>,,46.5,38.75,7.75,,,6391,financial data present but missing supporting fields,remove_incomplete_rows
,,,,,,,<na>,,180.0,50.0,80.0,,,6395,financial data present but missing supporting fields,remove_incomplete_rows
,,,,,,,<na>,,139.8,55.19,29.42,,,6400,financial data present but missing supporting fields,remove_incomplete_rows
,,,,,,,<na>,,48.0,43.48,4.52,,,6404,financial data present but missing supporting fields,remove_incomplete_rows
,,,,,,,<na>,,960.0,14.0,120.0,,,6408,financial data present but missing supporting fields,remove_incomplete_rows
,,,,,,,<na>,,2472.75,933.25,418.21,,,6415,financial data present but missing supporting fields,remove_incomplete_rows
,,,,,,,<na>,,15.0,9.2,5.8,,,6419,financial data present but missing supporting fields,remove_incomplete_rows
,,,,,,,<na>,,58.0,18.25,39.75,,,6423,financial data present but missing supporting fields,remove_incomplete_rows
,,,,,,,<na>,,14.25,11.73,2.52,,,6427,financial data present but missing supporting fields,remove_incomplete_rows
,,,,,,,<na>,,17.5,12.96,4.54,,,6431,financial data present but missing supporting fields,remove_incomplete_rows
,,,,,,,<na>,,218.75,25.47,40.46,,,6435,financial data present but missing supporting fields,remove_incomplete_rows
,,,,,,,<na>,,98.75,85.43,13.32,,,6439,financial data present but missing supporting fields,remove_incomplete_rows
,,,,,,,<na>,,57.0,11.73,10.08,,,6443,financial data present but missing supporting fields,remove_incomplete_rows
,,,,,,,<na>,,80.25,13.77,11.39,,,6448,financial data present but missing supporting fields,remove_incomplete_rows
,,,,,,,<na>,,151.2,27.41,68.96,,,6456,financial data present but missing supporting fields,remove_incomplete_rows
,,,,,,,<na>,,50.0,6.27,14.38,,,6461,financial data present but missing supporting fields,remove_incomplete_rows
,,,,,,,<na>,,173.0,966.12,-3691.5,,,6467,financial data present but missing supporting fields,remove_incomplete_rows
,,,,,,,<na>,,34.5,27.56,6.94,,,6471,financial data present but missing supporting fields,remove_incomplete_rows
,,,,,,,<na>,,151.5,137.73,13.77,,,6475,financial data present but missing supporting fields,remove_incomplete_rows
,,,,,,,<na>,,155.5,87.7,26.33,,,6480,financial data present but missing supporting fields,remove_incomplete_rows
,,,,,,,<na>,,11.0,6.33,4.67,,,6484,financial data present but missing supporting fields,remove_incomplete_rows
,,,,,,,<na>,,117.75,42.0,75.75,,,6488,financial data present but missing supporting fields,remove_incomplete_rows
,,,,,,,<na>,,1011.75,47.82,311.87,,,6494,financial data present but missing supporting fields,remove_incomplete_rows
,,,,,,,<na>,,278.5,212.53,53.09,,,6504,financial data present but missing supporting fields,remove_incomplete_rows
,,,,,,,<na>,,35.0,0.84,26.6,,,6508,financial data present but missing supporting fields,remove_incomplete_rows
,,,,,,,<na>,,112.75,63.39,15.7,,,6513,financial data present but missing supporting fields,remove_incomplete_rows
,,,,,,,<na>,,25.5,3.81,2.64,,,6517,financial data present but missing supporting fields,remove_incomplete_rows
,,,,,,,<na>,,15.0,9.2,5.8,,,6521,financial data present but missing supporting fields,remove_incomplete_rows
,,,,,,,<na>,,385.0,250.0,135.0,,,6525,financial data present but missing supporting fields,remove_incomplete_rows
,,,,,,,<na>,,118.5,31.5,24.0,,,6529,financial data present but missing supporting fields,remove_incomplete_rows
,,,,,,,<na>,,103.8,24.78,4.67,,,6533,financial data present but missing supporting fields,remove_incomplete_rows
,,,,,,,<na>,,90.0,17.6,37.2,,,6537,financial data present but missing supporting fields,remove_incomplete_rows
,,,,,,,<na>,,25.0,0.78,17.2,,,6541,financial data present but missing supporting fields,remove_incomplete_rows
,,,,,,,<na>,,89.5,76.14,13.36,,,6545,financial data present but missing supporting fields,remove_incomplete_rows
,,,,,,,<na>,,195.5,73.01,24.06,,,6550,financial data present but missing supporting fields,remove_incomplete_rows
,,,,,,,<na>,,760.0,66.66,107.76,,,6562,financial data present but missing supporting fields,remove_incomplete_rows
,,,,,,,<na>,,37.0,14.8,16.6,,,6567,financial data present but missing supporting fields,remove_incomplete_rows
,,,,,,,<na>,,165.0,7.27,19.57,,,6571,financial data present but missing supporting fields,remove_incomplete_rows
,,,,,,,<na>,,50.75,30.1,7.26,,,6576,financial data present but missing supporting fields,remove_incomplete_rows
,,,,,,,<na>,,52.9,46.01,6.89,,,6580,financial data present but missing supporting fields,remove_incomplete_rows
,,,,,,,<na>,,124.9,12.57,81.97,,,6586,financial data present but missing supporting fields,remove_incomplete_rows
,,,,,,,<na>,,1346.25,97.46,150.51,,,6591,financial data present but missing supporting fields,remove_incomplete_rows
,,,,,,,<na>,,292.25,180.08,14.12,,,6598,financial data present but missing supporting fields,remove_incomplete_rows
,,,,,,,<na>,,67.5,3.71,30.36,,,6602,financial data present but missing supporting fields,remove_incomplete_rows
,,,,,,,<na>,,120.5,70.72,15.18,,,6607,financial data present but missing supporting fields,remove_incomplete_rows
,,,,,,,<na>,,40.0,0.78,24.4,,,6611,financial data present but missing supporting fields,remove_incomplete_rows
,,,,,,,<na>,,30.0,12.88,4.25,,,6615,financial data present but missing supporting fields,remove_incomplete_rows
,,,,,,,<na>,,67.75,53.4,14.35,,,6620,financial data present but missing supporting fields,remove_incomplete_rows
,,,,,,,<na>,,166.0,71.79,22.43,,,6625,financial data present but missing supporting fields,remove_incomplete_rows
,,,,,,,<na>,,88.75,5.7,60.27,,,6629,financial data present but missing supporting fields,remove_incomplete_rows
,,,,,,,<na>,,94.5,78.55,15.95,,,6633,financial data present but missing supporting fields,remove_incomplete_rows
,,,,,,,<na>,,424.75,105.15,41.91,,,6639,financial data present but missing supporting fields,remove_incomplete_rows
,,,,,,,<na>,,40.0,2.25,17.5,,,6643,financial data present but missing supporting fields,remove_incomplete_rows
,,,,,,,<na>,,15.0,9.2,5.8,,,6647,financial data present but missing supporting fields,remove_incomplete_rows
,,,,,,,<na>,,27.0,3.71,12.14,,,6651,financial data present but missing supporting fields,remove_incomplete_rows
,,,,,,,<na>,,48.0,37.04,10.96,,,6655,financial data present but missing supporting fields,remove_incomplete_rows
,,,,,,,<na>,,71.25,11.73,12.6,,,6659,financial data present but missing supporting fields,remove_incomplete_rows
,,,,,,,<na>,,93.0,20.87,9.54,,,6663,financial data present but missing supporting fields,remove_incomplete_rows
,,,,,,,<na>,,129.0,76.3,32.45,,,6668,financial data present but missing supporting fields,remove_incomplete_rows
,,,,,,,<na>,,65.0,27.49,10.02,,,6673,financial data present but missing supporting fields,remove_incomplete_rows
,,,,,,,<na>,,390.5,893.87,-10049.05,,,6681,financial data present but missing supporting fields,remove_incomplete_rows
,,,,,,,<na>,,333.67,78.55,64.17,,,6688,financial data present but missing supporting fields,remove_incomplete_rows
,,,,,,,<na>,,308.0,9.99,168.14,,,6692,financial data present but missing supporting fields,remove_incomplete_rows
,,,,,,,<na>,,213.5,97.87,84.43,,,6698,financial data present but missing supporting fields,remove_incomplete_rows
,,,,,,,<na>,,365.5,169.94,43.22,,,6703,financial data present but missing supporting fields,remove_incomplete_rows
,,,,,,,<na>,,120.0,56.0,64.0,,,6707,financial data present but missing supporting fields,remove_incomplete_rows
,,,,,,,<na>,,176.75,83.58,20.76,,,6712,financial data present but missing supporting fields,remove_incomplete_rows
,,,,,,,<na>,,23.39,21.07,2.32,,,6716,financial data present but missing supporting fields,remove_incomplete_rows
,,,,,,,<na>,,11.0,6.33,4.67,,,6720,financial data present but missing supporting fields,remove_incomplete_rows
,,,,,,,<na>,,15.0,9.2,5.8,,,6724,financial data present but missing supporting fields,remove_incomplete_rows
,,,,,,,<na>,,731.5,633.82,97.68,,,6731,financial data present but missing supporting fields,remove_incomplete_rows
,,,,,,,<na>,,259.0,178.35,41.25,,,6739,financial data present but missing supporting fields,remove_incomplete_rows
,,,,,,,<na>,,630.0,32.08,148.86,,,6743,financial data present but missing supporting fields,remove_incomplete_rows
,,,,,,,<na>,,3162.5,90.65,628.5,,,6748,financial data present but missing supporting fields,remove_incomplete_rows
,,,,,,,<na>,,15.0,9.2,5.8,,,6752,financial data present but missing supporting fields,remove_incomplete_rows
,,,,,,,<na>,,195.75,24.23,70.92,,,6757,financial data present but missing supporting fields,remove_incomplete_rows
,,,,,,,<na>,,828.75,532.11,112.98,,,6762,financial data present but missing supporting fields,remove_incomplete_rows
,,,,,,,<na>,,45.0,9.2,17.4,,,6766,financial data present but missing supporting fields,remove_incomplete_rows
,,,,,,,<na>,,1584.0,50.32,74.31,,,6772,financial data present but missing supporting fields,remove_incomplete_rows
,,,,,,,<na>,,798.0,25.14,43.8,,,6776,financial data present but missing supporting fields,remove_incomplete_rows
,,,,,,,<na>,,200.0,7.72,59.14,,,6781,financial data present but missing supporting fields,remove_incomplete_rows
,,,,,,,<na>,,15.0,9.2,5.8,,,6785,financial data present but missing supporting fields,remove_incomplete_rows
,,,,,,,<na>,,272.5,188.21,29.61,,,6790,financial data present but missing supporting fields,remove_incomplete_rows
,,,,,,,<na>,,305.78,206.12,56.35,,,6797,financial data present but missing supporting fields,remove_incomplete_rows
,,,,,,,<na>,,30.0,17.6,12.4,,,6801,financial data present but missing supporting fields,remove_incomplete_rows
,,,,,,,<na>,,15.0,0.36,13.2,,,6805,financial data present but missing supporting fields,remove_incomplete_rows
,,,,,,,<na>,,1116.07,650.0,466.07,,,6809,financial data present but missing supporting fields,remove_incomplete_rows
,,,,,,,<na>,,756.6,44.79,-28.62,,,6815,financial data present but missing supporting fields,remove_incomplete_rows
,,,,,,,<na>,,449.29,210.17,-10.88,,,6821,financial data present but missing supporting fields,remove_incomplete_rows
,,,,,,,<na>,,65.0,9.7,45.9,,,6826,financial data present but missing supporting fields,remove_incomplete_rows
,,,,,,,<na>,,52.68,43.87,8.81,,,6830,financial data present but missing supporting fields,remove_incomplete_rows
,,,,,,,<na>,,120.0,56.0,64.0,,,6834,financial data present but missing supporting fields,remove_incomplete_rows
,,,,,,,<na>,,48.5,40.33,8.17,,,6838,financial data present but missing supporting fields,remove_incomplete_rows
,,,,,,,<na>,,13.4,3.7,-1.4,,,6848,financial data present but missing supporting fields,remove_incomplete_rows
,,,,,,,<na>,,346.36,85.09,-16.36,,,6854,financial data present but missing supporting fields,remove_incomplete_rows
,,,,,,,<na>,,192.0,7.67,115.3,,,6858,financial data present but missing supporting fields,remove_incomplete_rows
,,,,,,,<na>,,431.5,293.23,19.62,,,6863,financial data present but missing supporting fields,remove_incomplete_rows
,,,,,,,<na>,,15.0,9.2,5.8,,,6867,financial data present but missing supporting fields,remove_incomplete_rows
,,,,,,,<na>,,257.5,10.27,36.35,,,6872,financial data present but missing supporting fields,remove_incomplete_rows
,,,,,,,<na>,,1109.9,37.13,492.0,,,6878,financial data present but missing supporting fields,remove_incomplete_rows
,,,,,,,<na>,,31.25,23.26,7.21,,,6884,financial data present but missing supporting fields,remove_incomplete_rows
,,,,,,,<na>,,70.5,62.24,8.26,,,6888,financial data present but missing supporting fields,remove_incomplete_rows
,,,,,,,<na>,,103.8,24.78,-20.12,,,6892,financial data present but missing supporting fields,remove_incomplete_rows
,,,,,,,<na>,,26.5,4.47,4.14,,,6896,financial data present but missing supporting fields,remove_incomplete_rows
,,,,,,,<na>,,1444.5,437.39,132.33,,,6901,financial data present but missing supporting fields,remove_incomplete_rows
,,,,,,,<na>,,41.0,35.73,5.27,,,6905,financial data present but missing supporting fields,remove_incomplete_rows
,,,,,,,<na>,,475.0,6.5,312.5,,,6909,financial data present but missing supporting fields,remove_incomplete_rows
,,,,,,,<na>,,15.0,9.2,5.8,,,6913,financial data present but missing supporting fields,remove_incomplete_rows
,,,,,,,<na>,,284.2,165.65,16.67,,,6918,financial data present but missing supporting fields,remove_incomplete_rows
,,,,,,,<na>,,176.0,159.6,16.4,,,6923,financial data present but missing supporting fields,remove_incomplete_rows
,,,,,,,<na>,,350.0,41.29,53.07,,,6930,financial data present but missing supporting fields,remove_incomplete_rows
,,,,,,,<na>,,390.0,1.18,272.0,,,6935,financial data present but missing supporting fields,remove_incomplete_rows
,,,,,,,<na>,,916.0,449.5,21.0,,,6940,financial data present but missing supporting fields,remove_incomplete_rows
,,,,,,,<na>,,111.5,59.99,20.14,,,6945,financial data present but missing supporting fields,remove_incomplete_rows
,,,,,,,<na>,,383.25,16.36,39.79,,,6949,financial data present but missing supporting fields,remove_incomplete_rows
,,,,,,,<na>,,101.2,5.6,46.8,,,6956,financial data present but missing supporting fields,remove_incomplete_rows
,,,,,,,<na>,,29.5,19.95,9.55,,,6961,financial data present but missing supporting fields,remove_incomplete_rows
,,,,,,,<na>,,288.0,200.3,53.4,,,6968,financial data present but missing supporting fields,remove_incomplete_rows
,,,,,,,<na>,,52.0,46.88,5.12,,,6972,financial data present but missing supporting fields,remove_incomplete_rows
,,,,,,,<na>,,132.5,107.24,25.26,,,6978,financial data present but missing supporting fields,remove_incomplete_rows
,,,,,,,<na>,,52.9,46.01,6.89,,,6982,financial data present but missing supporting fields,remove_incomplete_rows
,,,,,,,<na>,,94.5,78.55,15.95,,,6986,financial data present but missing supporting fields,remove_incomplete_rows
,,,,,,,<na>,,42.5,17.51,7.48,,,6990,financial data present but missing supporting fields,remove_incomplete_rows
,,,,,,,<na>,,65.0,56.79,8.21,,,6994,financial data present but missing supporting fields,remove_incomplete_rows
,,,,,,,<na>,,32.5,26.25,6.25,,,6998,financial data present but missing supporting fields,remove_incomplete_rows
,,,,,,,<na>,,22.0,4.76,2.96,,,7002,financial data present but missing supporting fields,remove_incomplete_rows
,,,,,,,<na>,,41.25,7.15,5.48,,,7006,financial data present but missing supporting fields,remove_incomplete_rows
,,,,,,,<na>,,51.5,22.2,7.1,,,7010,financial data present but missing supporting fields,remove_incomplete_rows
,,,,,,,<na>,,10.0,1.17,5.32,,,7014,financial data present but missing supporting fields,remove_incomplete_rows
,,,,,,,<na>,,1818.5,109.23,203.42,,,7020,financial data present but missing supporting fields,remove_incomplete_rows
,,,,,,,<na>,,27.5,0.85,19.0,,,7024,financial data present but missing supporting fields,remove_incomplete_rows
,,,,,,,<na>,,16.5,7.15,2.19,,,7028,financial data present but missing supporting fields,remove_incomplete_rows
,,,,,,,<na>,,52.87,50.13,2.74,,,7032,financial data present but missing supporting fields,remove_incomplete_rows
,,,,,,,<na>,,120.0,56.0,64.0,,,7036,financial data present but missing supporting fields,remove_incomplete_rows
,,,,,,,<na>,,950.0,550.0,400.0,,,7040,financial data present but missing supporting fields,remove_incomplete_rows
,,,,,,,<na>,,106.0,23.73,11.08,,,7044,financial data present but missing supporting fields,remove_incomplete_rows
,,,,,,,<na>,,15.0,9.2,5.8,,,7048,financial data present but missing supporting fields,remove_incomplete_rows
,,,,,,,<na>,,93.9,15.65,15.67,,,7052,financial data present but missing supporting fields,remove_incomplete_rows
,,,,,,,<na>,,55.0,45.75,9.25,,,7056,financial data present but missing supporting fields,remove_incomplete_rows
,,,,,,,<na>,,108.0,89.25,18.75,,,7060,financial data present but missing supporting fields,remove_incomplete_rows
,,,,,,,<na>,,1000.0,311.36,165.7,,,7065,financial data present but missing supporting fields,remove_incomplete_rows
,,,,,,,<na>,,15.5,12.87,2.63,,,7069,financial data present but missing supporting fields,remove_incomplete_rows
,,,,,,,<na>,,20.0,2.0,0.0,,,7073,financial data present but missing supporting fields,remove_incomplete_rows
,,,,,,,<na>,,48.5,40.33,8.17,,,7077,financial data present but missing supporting fields,remove_incomplete_rows
,,,,,,,<na>,,594.0,13.89,177.19,,,7082,financial data present but missing supporting fields,remove_incomplete_rows
,,,,,,,<na>,,37.25,28.61,8.64,,,7087,financial data present but missing supporting fields,remove_incomplete_rows
,,,,,,,<na>,,9.0,0.32,8.04,,,7091,financial data present but missing supporting fields,remove_incomplete_rows
,,,,,,,<na>,,65.0,53.81,11.19,,,7095,financial data present but missing supporting fields,remove_incomplete_rows
,,,,,,,<na>,,45.5,41.36,4.14,,,7099,financial data present but missing supporting fields,remove_incomplete_rows
,,,,,,,<na>,,14.25,11.73,2.52,,,7103,financial data present but missing supporting fields,remove_incomplete_rows
,,,,,,,<na>,,75.0,0.78,51.6,,,7107,financial data present but missing supporting fields,remove_incomplete_rows
,,,,,,,<na>,,163.5,74.72,14.07,,,7111,financial data present but missing supporting fields,remove_incomplete_rows
,,,,,,,<na>,,91.25,7.33,54.6,,,7115,financial data present but missing supporting fields,remove_incomplete_rows
,,,,,,,<na>,,52.5,4.15,31.75,,,7119,financial data present but missing supporting fields,remove_incomplete_rows
,,,,,,,<na>,,37.5,15.58,9.16,,,7124,financial data present but missing supporting fields,remove_incomplete_rows
,,,,,,,<na>,,302.48,19.41,120.99,,,7134,financial data present but missing supporting fields,remove_incomplete_rows
,,,,,,,<na>,,72.25,65.49,6.76,,,7138,financial data present but missing supporting fields,remove_incomplete_rows
,,,,,,,<na>,,322.0,31.37,8.26,,,7142,financial data present but missing supporting fields,remove_incomplete_rows
,,,,,,,<na>,,102.0,86.3,15.7,,,7146,financial data present but missing supporting fields,remove_incomplete_rows
,,,,,,,<na>,,10.0,7.2,2.8,,,7150,financial data present but missing supporting fields,remove_incomplete_rows
,,,,,,,<na>,,743.0,327.94,220.98,,,7156,financial data present but missing supporting fields,remove_incomplete_rows
,,,,,,,<na>,,156.0,67.75,75.78,,,7161,financial data present but missing supporting fields,remove_incomplete_rows
,,,,,,,<na>,,215.0,165.05,49.95,,,7166,financial data present but missing supporting fields,remove_incomplete_rows
,,,,,,,<na>,,36.25,13.01,8.0,,,7171,financial data present but missing supporting fields,remove_incomplete_rows
,,,,,,,<na>,,35.0,33.0,2.0,,,7175,financial data present but missing supporting fields,remove_incomplete_rows
,,,,,,,<na>,,94.5,78.55,15.95,,,7179,financial data present but missing supporting fields,remove_incomplete_rows
,,,,,,,<na>,,152.0,30.2,31.2,,,7183,financial data present but missing supporting fields,remove_incomplete_rows
,,,,,,,<na>,,198.0,60.8,15.59,,,7187,financial data present but missing supporting fields,remove_incomplete_rows
,,,,,,,<na>,,224.0,41.87,67.0,,,7192,financial data present but missing supporting fields,remove_incomplete_rows
,,,,,,,<na>,,177.65,129.9,19.91,,,7199,financial data present but missing supporting fields,remove_incomplete_rows
,,,,,,,<na>,,1067.0,646.5,407.0,,,7204,financial data present but missing supporting fields,remove_incomplete_rows
,,,,,,,<na>,,68.5,59.35,9.15,,,7208,financial data present but missing supporting fields,remove_incomplete_rows
,,,,,,,<na>,,30.0,5.42,2.88,,,7212,financial data present but missing supporting fields,remove_incomplete_rows
,,,,,,,<na>,,57.0,11.73,10.08,,,7216,financial data present but missing supporting fields,remove_incomplete_rows
,,,,,,,<na>,,14.0,11.45,2.55,,,7220,financial data present but missing supporting fields,remove_incomplete_rows
,,,,,,,<na>,,653.03,558.62,94.41,,,7225,financial data present but missing supporting fields,remove_incomplete_rows
,,,,,,,<na>,,70.5,62.07,8.43,,,7229,financial data present but missing supporting fields,remove_incomplete_rows
,,,,,,,<na>,,48.5,40.33,8.17,,,7233,financial data present but missing supporting fields,remove_incomplete_rows
,,,,,,,<na>,,476.96,62.43,191.64,,,7243,financial data present but missing supporting fields,remove_incomplete_rows
,,,,,,,<na>,,26.4,11.0,-6.6,,,7247,financial data present but missing supporting fields,remove_incomplete_rows
,,,,,,,<na>,,123.75,103.54,20.21,,,7252,financial data present but missing supporting fields,remove_incomplete_rows
,,,,,,,<na>,,120.0,56.0,64.0,,,7256,financial data present but missing supporting fields,remove_incomplete_rows
,,,,,,,<na>,,31.0,22.07,8.93,,,7260,financial data present but missing supporting fields,remove_incomplete_rows
,,,,,,,<na>,,40.0,10.19,4.68,,,7265,financial data present but missing supporting fields,remove_incomplete_rows
,,,,,,,<na>,,179.75,101.34,23.83,,,7270,financial data present but missing supporting fields,remove_incomplete_rows
,,,,,,,<na>,,75.75,63.21,12.54,,,7275,financial data present but missing supporting fields,remove_incomplete_rows
,,,,,,,<na>,,18.0,9.38,8.63,,,7279,financial data present but missing supporting fields,remove_incomplete_rows
,,,,,,,<na>,,1044.75,274.51,102.87,,,7285,financial data present but missing supporting fields,remove_incomplete_rows
,,,,,,,<na>,,339.5,565.78,-226.28,,,7289,financial data present but missing supporting fields,remove_incomplete_rows
,,,,,,,<na>,,111.75,56.84,23.53,,,7299,financial data present but missing supporting fields,remove_incomplete_rows
,,,,,,,<na>,,262.5,7.51,37.34,,,7303,financial data present but missing supporting fields,remove_incomplete_rows
,,,,,,,<na>,,795.25,437.39,72.81,,,7308,financial data present but missing supporting fields,remove_incomplete_rows
,,,,,,,<na>,,81.25,71.0,10.25,,,7314,financial data present but missing supporting fields,remove_incomplete_rows
,,,,,,,<na>,,82.5,7.15,10.96,,,7318,financial data present but missing supporting fields,remove_incomplete_rows
,,,,,,,<na>,,302.4,27.41,137.91,,,7326,financial data present but missing supporting fields,remove_incomplete_rows
,,,,,,,<na>,,271.5,24.87,43.45,,,7333,financial data present but missing supporting fields,remove_incomplete_rows
,,,,,,,<na>,,15.0,9.2,5.8,,,7337,financial data present but missing supporting fields,remove_incomplete_rows
,,,,,,,<na>,,26.25,22.48,3.77,,,7342,financial data present but missing supporting fields,remove_incomplete_rows
,,,,,,,<na>,,36.75,34.9,1.85,,,7346,financial data present but missing supporting fields,remove_incomplete_rows
,,,,,,,<na>,,49.0,0.95,35.7,,,7350,financial data present but missing supporting fields,remove_incomplete_rows
,,,,,,,<na>,,227.0,227.0,0.0,,,7354,financial data present but missing supporting fields,remove_incomplete_rows
,,,,,,,<na>,,30.0,17.6,12.4,,,7358,financial data present but missing supporting fields,remove_incomplete_rows
,,,,,,,<na>,,571.5,106.34,103.97,,,7364,financial data present but missing supporting fields,remove_incomplete_rows
,,,,,,,<na>,,385.0,250.0,135.0,,,7368,financial data present but missing supporting fields,remove_incomplete_rows
,,,,,,,<na>,,7.0,0.84,5.32,,,7372,financial data present but missing supporting fields,remove_incomplete_rows
,,,,,,,<na>,,1145.0,14.37,219.24,,,7377,financial data present but missing supporting fields,remove_incomplete_rows
,,,,,,,<na>,,25.0,1.74,7.58,,,7381,financial data present but missing supporting fields,remove_incomplete_rows
,,,,,,,<na>,,893.76,60.0,53.76,,,7386,financial data present but missing supporting fields,remove_incomplete_rows
,,,,,,,<na>,,1136.0,117.89,-42.85,,,7391,financial data present but missing supporting fields,remove_incomplete_rows
,,,,,,,<na>,,578.5,385.97,135.22,,,7397,financial data present but missing supporting fields,remove_incomplete_rows
,,,,,,,<na>,,789.0,431.78,72.17,,,7402,financial data present but missing supporting fields,remove_incomplete_rows
,,,,,,,<na>,,50.0,41.47,8.53,,,7406,financial data present but missing supporting fields,remove_incomplete_rows
,,,,,,,<na>,,62.0,29.34,3.32,,,7410,financial data present but missing supporting fields,remove_incomplete_rows
,,,,,,,<na>,,191.0,181.92,9.08,,,7414,financial data present but missing supporting fields,remove_incomplete_rows
,,,,,,,<na>,,56.0,21.89,12.22,,,7418,financial data present but missing supporting fields,remove_incomplete_rows
,,,,,,,<na>,,17.0,3.81,1.76,,,7422,financial data present but missing supporting fields,remove_incomplete_rows
,,,,,,,<na>,,433.0,412.87,20.13,,,7426,financial data present but missing supporting fields,remove_incomplete_rows
,,,,,,,<na>,,259.0,16.0,99.0,,,7431,financial data present but missing supporting fields,remove_incomplete_rows
,,,,,,,<na>,,130.0,11.71,12.9,,,7435,financial data present but missing supporting fields,remove_incomplete_rows
,,,,,,,<na>,,253.0,27.9,-26.01,,,7440,financial data present but missing supporting fields,remove_incomplete_rows
,,,,,,,<na>,,158.4,22.89,43.95,,,7448,financial data present but missing supporting fields,remove_incomplete_rows
,,,,,,,<na>,,282.62,294.64,-12.02,,,7454,financial data present but missing supporting fields,remove_incomplete_rows
,,,,,,,<na>,,70.0,15.86,6.56,,,7458,financial data present but missing supporting fields,remove_incomplete_rows
,,,,,,,<na>,,77.0,11.8,2.41,,,7463,financial data present but missing supporting fields,remove_incomplete_rows
,,,,,,,<na>,,103.6,9.0,13.6,,,7467,financial data present but missing supporting fields,remove_incomplete_rows
,,,,,,,<na>,,1333.52,431.07,-0.48,,,7474,financial data present but missing supporting fields,remove_incomplete_rows
,,,,,,,<na>,,15.0,13.64,1.36,,,7478,financial data present but missing supporting fields,remove_incomplete_rows
,,,,,,,<na>,,35.0,33.0,2.0,,,7482,financial data present but missing supporting fields,remove_incomplete_rows
,,,,,,,<na>,,8.5,3.81,0.88,,,7486,financial data present but missing supporting fields,remove_incomplete_rows
,,,,,,,<na>,,136.5,41.36,12.42,,,7490,financial data present but missing supporting fields,remove_incomplete_rows
,,,,,,,<na>,,312.5,28.64,26.1,,,7494,financial data present but missing supporting fields,remove_incomplete_rows
,,,,,,,<na>,,19.5,8.0,3.5,,,7498,financial data present but missing supporting fields,remove_incomplete_rows
,,,,,,,<na>,,440.0,400.0,40.0,,,7502,financial data present but missing supporting fields,remove_incomplete_rows
,,,,,,,<na>,,127.5,94.95,11.68,,,7508,financial data present but missing supporting fields,remove_incomplete_rows
,,,,,,,<na>,,,,,,,0,all important fields empty,remove_incomplete_rows
,,,,,,,<na>,,,,,,,3,all important fields empty,remove_incomplete_rows
,,,,,,,<na>,,,,,,,4,all important fields empty,remove_incomplete_rows
,,,,,,,<na>,,,,,,,7,all important fields empty,remove_incomplete_rows
,,,,,,,<na>,,,,,,,8,all important fields empty,remove_incomplete_rows
,,,,,,,<na>,,,,,,,11,all important fields empty,remove_incomplete_rows
,,,,,,,<na>,,,,,,,12,all important fields empty,remove_incomplete_rows
,,,,,,,<na>,,,,,,,20,all important fields empty,remove_incomplete_rows
,,,,,,,<na>,,,,,,,21,all important fields empty,remove_incomplete_rows
,,,,,,,<na>,,,,,,,24,all important fields empty,remove_incomplete_rows
,,,,,,,<na>,,,,,,,25,all important fields empty,remove_incomplete_rows
,,,,,,,<na>,,,,,,,28,all important fields empty,remove_incomplete_rows
,,,,,,,<na>,,,,,,,29,all important fields empty,remove_incomplete_rows
,,,,,,,<na>,,,,,,,33,all important fields empty,remove_incomplete_rows
,,,,,,,<na>,,,,,,,34,all important fields empty,remove_incomplete_rows
,,,,,,,<na>,,,,,,,37,all important fields empty,remove_incomplete_rows
,,,,,,,<na>,,,,,,,38,all important fields empty,remove_incomplete_rows
,,,,,,,<na>,,,,,,,41,all important fields empty,remove_incomplete_rows
,,,,,,,<na>,,,,,,,42,all important fields empty,remove_incomplete_rows
,,,,,,,<na>,,,,,,,47,all important fields empty,remove_incomplete_rows
,,,,,,,<na>,,,,,,,48,all important fields empty,remove_incomplete_rows
,,,,,,,<na>,,,,,,,51,all important fields empty,remove_incomplete_rows
,,,,,,,<na>,,,,,,,52,all important fields empty,remove_incomplete_rows
,,,,,,,<na>,,,,,,,55,all important fields empty,remove_incomplete_rows
,,,,,,,<na>,,,,,,,56,all important fields empty,remove_incomplete_rows
,,,,,,,<na>,,,,,,,59,all important fields empty,remove_incomplete_rows
,,,,,,,<na>,,,,,,,60,all important fields empty,remove_incomplete_rows
,,,,,,,<na>,,,,,,,64,all important fields empty,remove_incomplete_rows
,,,,,,,<na>,,,,,,,65,all important fields empty,remove_incomplete_rows
,,,,,,,<na>,,,,,,,68,all important fields empty,remove_incomplete_rows
,,,,,,,<na>,,,,,,,69,all important fields empty,remove_incomplete_rows
,,,,,,,<na>,,,,,,,72,all important fields empty,remove_incomplete_rows
,,,,,,,<na>,,,,,,,73,all important fields empty,remove_incomplete_rows
,,,,,,,<na>,,,,,,,76,all important fields empty,remove_incomplete_rows
,,,,,,,<na>,,,,,,,77,all important fields empty,remove_incomplete_rows
,,,,,,,<na>,,,,,,,81,all important fields empty,remove_incomplete_rows
,,,,,,,<na>,,,,,,,82,all important fields empty,remove_incomplete_rows
,,,,,,,<na>,,,,,,,86,all important fields empty,remove_incomplete_rows
,,,,,,,<na>,,,,,,,87,all important fields empty,remove_incomplete_rows
,,,,,,,<na>,,,,,,,90,all important fields empty,remove_incomplete_rows
,,,,,,,<na>,,,,,,,91,all important fields empty,remove_incomplete_rows
,,,,,,,<na>,,,,,,,94,all important fields empty,remove_incomplete_rows
,,,,,,,<na>,,,,,,,95,all important fields empty,remove_incomplete_rows
,,,,,,,<na>,,,,,,,98,all important fields empty,remove_incomplete_rows
,,,,,,,<na>,,,,,,,99,all important fields empty,remove_incomplete_rows
,,,,,,,<na>,,,,,,,102,all important fields empty,remove_incomplete_rows
,,,,,,,<na>,,,,,,,103,all important fields empty,remove_incomplete_rows
,,,,,,,<na>,,,,,,,106,all important fields empty,remove_incomplete_rows
,,,,,,,<na>,,,,,,,107,all important fields empty,remove_incomplete_rows
,,,,,,,<na>,,,,,,,110,all important fields empty,remove_incomplete_rows
,,,,,,,<na>,,,,,,,111,all important fields empty,remove_incomplete_rows
,,,,,,,<na>,,,,,,,115,all important fields empty,remove_incomplete_rows
,,,,,,,<na>,,,,,,,116,all important fields empty,remove_incomplete_rows
,,,,,,,<na>,,,,,,,122,all important fields empty,remove_incomplete_rows
,,,,,,,<na>,,,,,,,123,all important fields empty,remove_incomplete_rows
,,,,,,,<na>,,,,,,,126,all important fields empty,remove_incomplete_rows
,,,,,,,<na>,,,,,,,127,all important fields empty,remove_incomplete_rows
,,,,,,,<na>,,,,,,,130,all important fields empty,remove_incomplete_rows
,,,,,,,<na>,,,,,,,131,all important fields empty,remove_incomplete_rows
,,,,,,,<na>,,,,,,,134,all important fields empty,remove_incomplete_rows
,,,,,,,<na>,,,,,,,135,all important fields empty,remove_incomplete_rows
,,,,,,,<na>,,,,,,,140,all important fields empty,remove_incomplete_rows
,,,,,,,<na>,,,,,,,141,all important fields empty,remove_incomplete_rows
,,,,,,,<na>,,,,,,,145,all important fields empty,remove_incomplete_rows
,,,,,,,<na>,,,,,,,146,all important fields empty,remove_incomplete_rows
,,,,,,,<na>,,,,,,,149,all important fields empty,remove_incomplete_rows
,,,,,,,<na>,,,,,,,150,all important fields empty,remove_incomplete_rows
,,,,,,,<na>,,,,,,,155,all important fields empty,remove_incomplete_rows
,,,,,,,<na>,,,,,,,156,all important fields empty,remove_incomplete_rows
,,,,,,,<na>,,,,,,,159,all important fields empty,remove_incomplete_rows
,,,,,,,<na>,,,,,,,160,all important fields empty,remove_incomplete_rows
,,,,,,,<na>,,,,,,,164,all important fields empty,remove_incomplete_rows
,,,,,,,<na>,,,,,,,165,all important fields empty,remove_incomplete_rows
,,,,,,,<na>,,,,,,,171,all important fields empty,remove_incomplete_rows
,,,,,,,<na>,,,,,,,172,all important fields empty,remove_incomplete_rows
,,,,,,,<na>,,,,,,,175,all important fields empty,remove_incomplete_rows
,,,,,,,<na>,,,,,,,176,all important fields empty,remove_incomplete_rows
,,,,,,,<na>,,,,,,,179,all important fields empty,remove_incomplete_rows
,,,,,,,<na>,,,,,,,180,all important fields empty,remove_incomplete_rows
,,,,,,,<na>,,,,,,,183,all important fields empty,remove_incomplete_rows
,,,,,,,<na>,,,,,,,184,all important fields empty,remove_incomplete_rows
,,,,,,,<na>,,,,,,,187,all important fields empty,remove_incomplete_rows
,,,,,,,<na>,,,,,,,188,all important fields empty,remove_incomplete_rows
,,,,,,,<na>,,,,,,,191,all important fields empty,remove_incomplete_rows
,,,,,,,<na>,,,,,,,192,all important fields empty,remove_incomplete_rows
,,,,,,,<na>,,,,,,,195,all important fields empty,remove_incomplete_rows
,,,,,,,<na>,,,,,,,196,all important fields empty,remove_incomplete_rows
,,,,,,,<na>,,,,,,,199,all important fields empty,remove_incomplete_rows
,,,,,,,<na>,,,,,,,200,all important fields empty,remove_incomplete_rows
,,,,,,,<na>,,,,,,,205,all important fields empty,remove_incomplete_rows
,,,,,,,<na>,,,,,,,206,all important fields empty,remove_incomplete_rows
,,,,,,,<na>,,,,,,,209,all important fields empty,remove_incomplete_rows
,,,,,,,<na>,,,,,,,210,all important fields empty,remove_incomplete_rows
,,,,,,,<na>,,,,,,,213,all important fields empty,remove_incomplete_rows
,,,,,,,<na>,,,,,,,214,all important fields empty,remove_incomplete_rows
,,,,,,,<na>,,,,,,,217,all important fields empty,remove_incomplete_rows
,,,,,,,<na>,,,,,,,218,all important fields empty,remove_incomplete_rows
,,,,,,,<na>,,,,,,,224,all important fields empty,remove_incomplete_rows
,,,,,,,<na>,,,,,,,225,all important fields empty,remove_incomplete_rows
,,,,,,,<na>,,,,,,,228,all important fields empty,remove_incomplete_rows
,,,,,,,<na>,,,,,,,229,all important fields empty,remove_incomplete_rows
,,,,,,,<na>,,,,,,,232,all important fields empty,remove_incomplete_rows
,,,,,,,<na>,,,,,,,233,all important fields empty,remove_incomplete_rows
,,,,,,,<na>,,,,,,,236,all important fields empty,remove_incomplete_rows
,,,,,,,<na>,,,,,,,237,all important fields empty,remove_incomplete_rows
,,,,,,,<na>,,,,,,,241,all important fields empty,remove_incomplete_rows
,,,,,,,<na>,,,,,,,242,all important fields empty,remove_incomplete_rows
,,,,,,,<na>,,,,,,,245,all important fields empty,remove_incomplete_rows
,,,,,,,<na>,,,,,,,246,all important fields empty,remove_incomplete_rows
,,,,,,,<na>,,,,,,,250,all important fields empty,remove_incomplete_rows
,,,,,,,<na>,,,,,,,251,all important fields empty,remove_incomplete_rows
,,,,,,,<na>,,,,,,,255,all important fields empty,remove_incomplete_rows
,,,,,,,<na>,,,,,,,256,all important fields empty,remove_incomplete_rows
,,,,,,,<na>,,,,,,,259,all important fields empty,remove_incomplete_rows
,,,,,,,<na>,,,,,,,260,all important fields empty,remove_incomplete_rows
,,,,,,,<na>,,,,,,,266,all important fields empty,remove_incomplete_rows
,,,,,,,<na>,,,,,,,267,all important fields empty,remove_incomplete_rows
,,,,,,,<na>,,,,,,,270,all important fields empty,remove_incomplete_rows
,,,,,,,<na>,,,,,,,271,all important fields empty,remove_incomplete_rows
,,,,,,,<na>,,,,,,,275,all important fields empty,remove_incomplete_rows
,,,,,,,<na>,,,,,,,276,all important fields empty,remove_incomplete_rows
,,,,,,,<na>,,,,,,,279,all important fields empty,remove_incomplete_rows
,,,,,,,<na>,,,,,,,280,all important fields empty,remove_incomplete_rows
,,,,,,,<na>,,,,,,,283,all important fields empty,remove_incomplete_rows
,,,,,,,<na>,,,,,,,284,all important fields empty,remove_incomplete_rows
,,,,,,,<na>,,,,,,,287,all important fields empty,remove_incomplete_rows
,,,,,,,<na>,,,,,,,288,all important fields empty,remove_incomplete_rows
,,,,,,,<na>,,,,,,,291,all important fields empty,remove_incomplete_rows
,,,,,,,<na>,,,,,,,292,all important fields empty,remove_incomplete_rows
,,,,,,,<na>,,,,,,,295,all important fields empty,remove_incomplete_rows
,,,,,,,<na>,,,,,,,296,all important fields empty,remove_incomplete_rows
,,,,,,,<na>,,,,,,,299,all important fields empty,remove_incomplete_rows
,,,,,,,<na>,,,,,,,300,all important fields empty,remove_incomplete_rows
,,,,,,,<na>,,,,,,,303,all important fields empty,remove_incomplete_rows
,,,,,,,<na>,,,,,,,304,all important fields empty,remove_incomplete_rows
,,,,,,,<na>,,,,,,,308,all important fields empty,remove_incomplete_rows
,,,,,,,<na>,,,,,,,309,all important fields empty,remove_incomplete_rows
,,,,,,,<na>,,,,,,,314,all important fields empty,remove_incomplete_rows
,,,,,,,<na>,,,,,,,315,all important fields empty,remove_incomplete_rows
,,,,,,,<na>,,,,,,,318,all important fields empty,remove_incomplete_rows
,,,,,,,<na>,,,,,,,319,all important fields empty,remove_incomplete_rows
,,,,,,,<na>,,,,,,,324,all important fields empty,remove_incomplete_rows
,,,,,,,<na>,,,,,,,325,all important fields empty,remove_incomplete_rows
,,,,,,,<na>,,,,,,,330,all important fields empty,remove_incomplete_rows
,,,,,,,<na>,,,,,,,331,all important fields empty,remove_incomplete_rows
,,,,,,,<na>,,,,,,,341,all important fields empty,remove_incomplete_rows
,,,,,,,<na>,,,,,,,342,all important fields empty,remove_incomplete_rows
,,,,,,,<na>,,,,,,,345,all important fields empty,remove_incomplete_rows
,,,,,,,<na>,,,,,,,346,all important fields empty,remove_incomplete_rows
,,,,,,,<na>,,,,,,,351,all important fields empty,remove_incomplete_rows
,,,,,,,<na>,,,,,,,352,all important fields empty,remove_incomplete_rows
,,,,,,,<na>,,,,,,,359,all important fields empty,remove_incomplete_rows
,,,,,,,<na>,,,,,,,360,all important fields empty,remove_incomplete_rows
,,,,,,,<na>,,,,,,,366,all important fields empty,remove_incomplete_rows
,,,,,,,<na>,,,,,,,367,all important fields empty,remove_incomplete_rows
,,,,,,,<na>,,,,,,,371,all important fields empty,remove_incomplete_rows
,,,,,,,<na>,,,,,,,372,all important fields empty,remove_incomplete_rows
,,,,,,,<na>,,,,,,,377,all important fields empty,remove_incomplete_rows
,,,,,,,<na>,,,,,,,378,all important fields empty,remove_incomplete_rows
,,,,,,,<na>,,,,,,,385,all important fields empty,remove_incomplete_rows
,,,,,,,<na>,,,,,,,386,all important fields empty,remove_incomplete_rows
,,,,,,,<na>,,,,,,,391,all important fields empty,remove_incomplete_rows
,,,,,,,<na>,,,,,,,392,all important fields empty,remove_incomplete_rows
,,,,,,,<na>,,,,,,,396,all important fields empty,remove_incomplete_rows
,,,,,,,<na>,,,,,,,397,all important fields empty,remove_incomplete_rows
,,,,,,,<na>,,,,,,,404,all important fields empty,remove_incomplete_rows
,,,,,,,<na>,,,,,,,405,all important fields empty,remove_incomplete_rows
,,,,,,,<na>,,,,,,,410,all important fields empty,remove_incomplete_rows
,,,,,,,<na>,,,,,,,411,all important fields empty,remove_incomplete_rows
,,,,,,,<na>,,,,,,,414,all important fields empty,remove_incomplete_rows
,,,,,,,<na>,,,,,,,415,all important fields empty,remove_incomplete_rows
,,,,,,,<na>,,,,,,,418,all important fields empty,remove_incomplete_rows
,,,,,,,<na>,,,,,,,419,all important fields empty,remove_incomplete_rows
,,,,,,,<na>,,,,,,,422,all important fields empty,remove_incomplete_rows
,,,,,,,<na>,,,,,,,423,all important fields empty,remove_incomplete_rows
,,,,,,,<na>,,,,,,,426,all important fields empty,remove_incomplete_rows
,,,,,,,<na>,,,,,,,427,all important fields empty,remove_incomplete_rows
,,,,,,,<na>,,,,,,,430,all important fields empty,remove_incomplete_rows
,,,,,,,<na>,,,,,,,431,all important fields empty,remove_incomplete_rows
,,,,,,,<na>,,,,,,,436,all important fields empty,remove_incomplete_rows
,,,,,,,<na>,,,,,,,437,all important fields empty,remove_incomplete_rows
,,,,,,,<na>,,,,,,,443,all important fields empty,remove_incomplete_rows
,,,,,,,<na>,,,,,,,444,all important fields empty,remove_incomplete_rows
,,,,,,,<na>,,,,,,,448,all important fields empty,remove_incomplete_rows
,,,,,,,<na>,,,,,,,449,all important fields empty,remove_incomplete_rows
,,,,,,,<na>,,,,,,,452,all important fields empty,remove_incomplete_rows
,,,,,,,<na>,,,,,,,453,all important fields empty,remove_incomplete_rows
,,,,,,,<na>,,,,,,,456,all important fields empty,remove_incomplete_rows
,,,,,,,<na>,,,,,,,457,all important fields empty,remove_incomplete_rows
,,,,,,,<na>,,,,,,,460,all important fields empty,remove_incomplete_rows
,,,,,,,<na>,,,,,,,461,all important fields empty,remove_incomplete_rows
,,,,,,,<na>,,,,,,,470,all important fields empty,remove_incomplete_rows
,,,,,,,<na>,,,,,,,471,all important fields empty,remove_incomplete_rows
,,,,,,,<na>,,,,,,,475,all important fields empty,remove_incomplete_rows
,,,,,,,<na>,,,,,,,476,all important fields empty,remove_incomplete_rows
,,,,,,,<na>,,,,,,,479,all important fields empty,remove_incomplete_rows
,,,,,,,<na>,,,,,,,480,all important fields empty,remove_incomplete_rows
,,,,,,,<na>,,,,,,,484,all important fields empty,remove_incomplete_rows
,,,,,,,<na>,,,,,,,485,all important fields empty,remove_incomplete_rows
,,,,,,,<na>,,,,,,,490,all important fields empty,remove_incomplete_rows
,,,,,,,<na>,,,,,,,491,all important fields empty,remove_incomplete_rows
,,,,,,,<na>,,,,,,,497,all important fields empty,remove_incomplete_rows
,,,,,,,<na>,,,,,,,498,all important fields empty,remove_incomplete_rows
,,,,,,,<na>,,,,,,,503,all important fields empty,remove_incomplete_rows
,,,,,,,<na>,,,,,,,504,all important fields empty,remove_incomplete_rows
,,,,,,,<na>,,,,,,,507,all important fields empty,remove_incomplete_rows
,,,,,,,<na>,,,,,,,508,all important fields empty,remove_incomplete_rows
,,,,,,,<na>,,,,,,,512,all important fields empty,remove_incomplete_rows
,,,,,,,<na>,,,,,,,513,all important fields empty,remove_incomplete_rows
,,,,,,,<na>,,,,,,,516,all important fields empty,remove_incomplete_rows
,,,,,,,<na>,,,,,,,517,all important fields empty,remove_incomplete_rows
,,,,,,,<na>,,,,,,,520,all important fields empty,remove_incomplete_rows
,,,,,,,<na>,,,,,,,521,all important fields empty,remove_incomplete_rows
,,,,,,,<na>,,,,,,,525,all important fields empty,remove_incomplete_rows
,,,,,,,<na>,,,,,,,526,all important fields empty,remove_incomplete_rows
,,,,,,,<na>,,,,,,,531,all important fields empty,remove_incomplete_rows
,,,,,,,<na>,,,,,,,532,all important fields empty,remove_incomplete_rows
,,,,,,,<na>,,,,,,,535,all important fields empty,remove_incomplete_rows
,,,,,,,<na>,,,,,,,536,all important fields empty,remove_incomplete_rows
,,,,,,,<na>,,,,,,,539,all important fields empty,remove_incomplete_rows
,,,,,,,<na>,,,,,,,540,all important fields empty,remove_incomplete_rows
,,,,,,,<na>,,,,,,,544,all important fields empty,remove_incomplete_rows
,,,,,,,<na>,,,,,,,545,all important fields empty,remove_incomplete_rows
,,,,,,,<na>,,,,,,,548,all important fields empty,remove_incomplete_rows
,,,,,,,<na>,,,,,,,549,all important fields empty,remove_incomplete_rows
,,,,,,,<na>,,,,,,,553,all important fields empty,remove_incomplete_rows
,,,,,,,<na>,,,,,,,554,all important fields empty,remove_incomplete_rows
,,,,,,,<na>,,,,,,,559,all important fields empty,remove_incomplete_rows
,,,,,,,<na>,,,,,,,560,all important fields empty,remove_incomplete_rows
,,,,,,,<na>,,,,,,,564,all important fields empty,remove_incomplete_rows
,,,,,,,<na>,,,,,,,565,all important fields empty,remove_incomplete_rows
,,,,,,,<na>,,,,,,,568,all important fields empty,remove_incomplete_rows
,,,,,,,<na>,,,,,,,569,all important fields empty,remove_incomplete_rows
,,,,,,,<na>,,,,,,,572,all important fields empty,remove_incomplete_rows
,,,,,,,<na>,,,,,,,573,all important fields empty,remove_incomplete_rows
,,,,,,,<na>,,,,,,,576,all important fields empty,remove_incomplete_rows
,,,,,,,<na>,,,,,,,577,all important fields empty,remove_incomplete_rows
,,,,,,,<na>,,,,,,,590,all important fields empty,remove_incomplete_rows
,,,,,,,<na>,,,,,,,591,all important fields empty,remove_incomplete_rows
,,,,,,,<na>,,,,,,,594,all important fields empty,remove_incomplete_rows
,,,,,,,<na>,,,,,,,595,all important fields empty,remove_incomplete_rows
,,,,,,,<na>,,,,,,,598,all important fields empty,remove_incomplete_rows
,,,,,,,<na>,,,,,,,599,all important fields empty,remove_incomplete_rows
,,,,,,,<na>,,,,,,,605,all important fields empty,remove_incomplete_rows
,,,,,,,<na>,,,,,,,606,all important fields empty,remove_incomplete_rows
,,,,,,,<na>,,,,,,,610,all important fields empty,remove_incomplete_rows
,,,,,,,<na>,,,,,,,611,all important fields empty,remove_incomplete_rows
,,,,,,,<na>,,,,,,,615,all important fields empty,remove_incomplete_rows
,,,,,,,<na>,,,,,,,616,all important fields empty,remove_incomplete_rows
,,,,,,,<na>,,,,,,,619,all important fields empty,remove_incomplete_rows
,,,,,,,<na>,,,,,,,620,all important fields empty,remove_incomplete_rows
,,,,,,,<na>,,,,,,,624,all important fields empty,remove_incomplete_rows
,,,,,,,<na>,,,,,,,625,all important fields empty,remove_incomplete_rows
,,,,,,,<na>,,,,,,,630,all important fields empty,remove_incomplete_rows
,,,,,,,<na>,,,,,,,631,all important fields empty,remove_incomplete_rows
,,,,,,,<na>,,,,,,,636,all important fields empty,remove_incomplete_rows
,,,,,,,<na>,,,,,,,637,all important fields empty,remove_incomplete_rows
,,,,,,,<na>,,,,,,,640,all important fields empty,remove_incomplete_rows
,,,,,,,<na>,,,,,,,641,all important fields empty,remove_incomplete_rows
,,,,,,,<na>,,,,,,,645,all important fields empty,remove_incomplete_rows
,,,,,,,<na>,,,,,,,646,all important fields empty,remove_incomplete_rows
,,,,,,,<na>,,,,,,,649,all important fields empty,remove_incomplete_rows
,,,,,,,<na>,,,,,,,650,all important fields empty,remove_incomplete_rows
,,,,,,,<na>,,,,,,,653,all important fields empty,remove_incomplete_rows
,,,,,,,<na>,,,,,,,654,all important fields empty,remove_incomplete_rows
,,,,,,,<na>,,,,,,,659,all important fields empty,remove_incomplete_rows
,,,,,,,<na>,,,,,,,660,all important fields empty,remove_incomplete_rows
,,,,,,,<na>,,,,,,,663,all important fields empty,remove_incomplete_rows
,,,,,,,<na>,,,,,,,664,all important fields empty,remove_incomplete_rows
,,,,,,,<na>,,,,,,,667,all important fields empty,remove_incomplete_rows
,,,,,,,<na>,,,,,,,668,all important fields empty,remove_incomplete_rows
,,,,,,,<na>,,,,,,,671,all important fields empty,remove_incomplete_rows
,,,,,,,<na>,,,,,,,672,all important fields empty,remove_incomplete_rows
,,,,,,,<na>,,,,,,,675,all important fields empty,remove_incomplete_rows
,,,,,,,<na>,,,,,,,676,all important fields empty,remove_incomplete_rows
,,,,,,,<na>,,,,,,,680,all important fields empty,remove_incomplete_rows
,,,,,,,<na>,,,,,,,681,all important fields empty,remove_incomplete_rows
,,,,,,,<na>,,,,,,,684,all important fields empty,remove_incomplete_rows
,,,,,,,<na>,,,,,,,685,all important fields empty,remove_incomplete_rows
,,,,,,,<na>,,,,,,,689,all important fields empty,remove_incomplete_rows
,,,,,,,<na>,,,,,,,690,all important fields empty,remove_incomplete_rows
,,,,,,,<na>,,,,,,,693,all important fields empty,remove_incomplete_rows
,,,,,,,<na>,,,,,,,694,all important fields empty,remove_incomplete_rows
,,,,,,,<na>,,,,,,,697,all important fields empty,remove_incomplete_rows
,,,,,,,<na>,,,,,,,698,all important fields empty,remove_incomplete_rows
,,,,,,,<na>,,,,,,,701,all important fields empty,remove_incomplete_rows
,,,,,,,<na>,,,,,,,702,all important fields empty,remove_incomplete_rows
,,,,,,,<na>,,,,,,,705,all important fields empty,remove_incomplete_rows
,,,,,,,<na>,,,,,,,706,all important fields empty,remove_incomplete_rows
,,,,,,,<na>,,,,,,,709,all important fields empty,remove_incomplete_rows
,,,,,,,<na>,,,,,,,710,all important fields empty,remove_incomplete_rows
,,,,,,,<na>,,,,,,,716,all important fields empty,remove_incomplete_rows
,,,,,,,<na>,,,,,,,717,all important fields empty,remove_incomplete_rows
,,,,,,,<na>,,,,,,,720,all important fields empty,remove_incomplete_rows
,,,,,,,<na>,,,,,,,721,all important fields empty,remove_incomplete_rows
,,,,,,,<na>,,,,,,,724,all important fields empty,remove_incomplete_rows
,,,,,,,<na>,,,,,,,725,all important fields empty,remove_incomplete_rows
,,,,,,,<na>,,,,,,,729,all important fields empty,remove_incomplete_rows
,,,,,,,<na>,,,,,,,730,all important fields empty,remove_incomplete_rows
,,,,,,,<na>,,,,,,,733,all important fields empty,remove_incomplete_rows
,,,,,,,<na>,,,,,,,734,all important fields empty,remove_incomplete_rows
,,,,,,,<na>,,,,,,,737,all important fields empty,remove_incomplete_rows
,,,,,,,<na>,,,,,,,738,all important fields empty,remove_incomplete_rows
,,,,,,,<na>,,,,,,,745,all important fields empty,remove_incomplete_rows
,,,,,,,<na>,,,,,,,746,all important fields empty,remove_incomplete_rows
,,,,,,,<na>,,,,,,,751,all important fields empty,remove_incomplete_rows
,,,,,,,<na>,,,,,,,752,all important fields empty,remove_incomplete_rows
,,,,,,,<na>,,,,,,,757,all important fields empty,remove_incomplete_rows
,,,,,,,<na>,,,,,,,758,all important fields empty,remove_incomplete_rows
,,,,,,,<na>,,,,,,,761,all important fields empty,remove_incomplete_rows
,,,,,,,<na>,,,,,,,762,all important fields empty,remove_incomplete_rows
,,,,,,,<na>,,,,,,,765,all important fields empty,remove_incomplete_rows
,,,,,,,<na>,,,,,,,766,all important fields empty,remove_incomplete_rows
,,,,,,,<na>,,,,,,,770,all important fields empty,remove_incomplete_rows
,,,,,,,<na>,,,,,,,771,all important fields empty,remove_incomplete_rows
,,,,,,,<na>,,,,,,,779,all important fields empty,remove_incomplete_rows
,,,,,,,<na>,,,,,,,780,all important fields empty,remove_incomplete_rows
,,,,,,,<na>,,,,,,,784,all important fields empty,remove_incomplete_rows
,,,,,,,<na>,,,,,,,785,all important fields empty,remove_incomplete_rows
,,,,,,,<na>,,,,,,,788,all important fields empty,remove_incomplete_rows
,,,,,,,<na>,,,,,,,789,all important fields empty,remove_incomplete_rows
,,,,,,,<na>,,,,,,,792,all important fields empty,remove_incomplete_rows
,,,,,,,<na>,,,,,,,793,all important fields empty,remove_incomplete_rows
,,,,,,,<na>,,,,,,,800,all important fields empty,remove_incomplete_rows
,,,,,,,<na>,,,,,,,801,all important fields empty,remove_incomplete_rows
,,,,,,,<na>,,,,,,,805,all important fields empty,remove_incomplete_rows
,,,,,,,<na>,,,,,,,806,all important fields empty,remove_incomplete_rows
,,,,,,,<na>,,,,,,,809,all important fields empty,remove_incomplete_rows
,,,,,,,<na>,,,,,,,810,all important fields empty,remove_incomplete_rows
,,,,,,,<na>,,,,,,,813,all important fields empty,remove_incomplete_rows
,,,,,,,<na>,,,,,,,814,all important fields empty,remove_incomplete_rows
,,,,,,,<na>,,,,,,,821,all important fields empty,remove_incomplete_rows
,,,,,,,<na>,,,,,,,822,all important fields empty,remove_incomplete_rows
,,,,,,,<na>,,,,,,,825,all important fields empty,remove_incomplete_rows
,,,,,,,<na>,,,,,,,826,all important fields empty,remove_incomplete_rows
,,,,,,,<na>,,,,,,,830,all important fields empty,remove_incomplete_rows
,,,,,,,<na>,,,,,,,831,all important fields empty,remove_incomplete_rows
,,,,,,,<na>,,,,,,,834,all important fields empty,remove_incomplete_rows
,,,,,,,<na>,,,,,,,835,all important fields empty,remove_incomplete_rows
,,,,,,,<na>,,,,,,,838,all important fields empty,remove_incomplete_rows
,,,,,,,<na>,,,,,,,839,all important fields empty,remove_incomplete_rows
,,,,,,,<na>,,,,,,,842,all important fields empty,remove_incomplete_rows
,,,,,,,<na>,,,,,,,843,all important fields empty,remove_incomplete_rows
,,,,,,,<na>,,,,,,,847,all important fields empty,remove_incomplete_rows
,,,,,,,<na>,,,,,,,848,all important fields empty,remove_incomplete_rows
,,,,,,,<na>,,,,,,,851,all important fields empty,remove_incomplete_rows
,,,,,,,<na>,,,,,,,852,all important fields empty,remove_incomplete_rows
,,,,,,,<na>,,,,,,,855,all important fields empty,remove_incomplete_rows
,,,,,,,<na>,,,,,,,856,all important fields empty,remove_incomplete_rows
,,,,,,,<na>,,,,,,,859,all important fields empty,remove_incomplete_rows
,,,,,,,<na>,,,,,,,860,all important fields empty,remove_incomplete_rows
,,,,,,,<na>,,,,,,,864,all important fields empty,remove_incomplete_rows
,,,,,,,<na>,,,,,,,865,all important fields empty,remove_incomplete_rows
,,,,,,,<na>,,,,,,,868,all important fields empty,remove_incomplete_rows
,,,,,,,<na>,,,,,,,869,all important fields empty,remove_incomplete_rows
,,,,,,,<na>,,,,,,,874,all important fields empty,remove_incomplete_rows
,,,,,,,<na>,,,,,,,875,all important fields empty,remove_incomplete_rows
,,,,,,,<na>,,,,,,,878,all important fields empty,remove_incomplete_rows
,,,,,,,<na>,,,,,,,879,all important fields empty,remove_incomplete_rows
,,,,,,,<na>,,,,,,,882,all important fields empty,remove_incomplete_rows
,,,,,,,<na>,,,,,,,883,all important fields empty,remove_incomplete_rows
,,,,,,,<na>,,,,,,,886,all important fields empty,remove_incomplete_rows
,,,,,,,<na>,,,,,,,887,all important fields empty,remove_incomplete_rows
,,,,,,,<na>,,,,,,,891,all important fields empty,remove_incomplete_rows
,,,,,,,<na>,,,,,,,892,all important fields empty,remove_incomplete_rows
,,,,,,,<na>,,,,,,,896,all important fields empty,remove_incomplete_rows
,,,,,,,<na>,,,,,,,897,all important fields empty,remove_incomplete_rows
,,,,,,,<na>,,,,,,,902,all important fields empty,remove_incomplete_rows
,,,,,,,<na>,,,,,,,903,all important fields empty,remove_incomplete_rows
,,,,,,,<na>,,,,,,,907,all important fields empty,remove_incomplete_rows
,,,,,,,<na>,,,,,,,908,all important fields empty,remove_incomplete_rows
,,,,,,,<na>,,,,,,,911,all important fields empty,remove_incomplete_rows
,,,,,,,<na>,,,,,,,912,all important fields empty,remove_incomplete_rows
,,,,,,,<na>,,,,,,,915,all important fields empty,remove_incomplete_rows
,,,,,,,<na>,,,,,,,916,all important fields empty,remove_incomplete_rows
,,,,,,,<na>,,,,,,,919,all important fields empty,remove_incomplete_rows
,,,,,,,<na>,,,,,,,920,all important fields empty,remove_incomplete_rows
,,,,,,,<na>,,,,,,,923,all important fields empty,remove_incomplete_rows
,,,,,,,<na>,,,,,,,924,all important fields empty,remove_incomplete_rows
,,,,,,,<na>,,,,,,,927,all important fields empty,remove_incomplete_rows
,,,,,,,<na>,,,,,,,928,all important fields empty,remove_incomplete_rows
,,,,,,,<na>,,,,,,,932,all important fields empty,remove_incomplete_rows
,,,,,,,<na>,,,,,,,933,all important fields empty,remove_incomplete_rows
,,,,,,,<na>,,,,,,,936,all important fields empty,remove_incomplete_rows
,,,,,,,<na>,,,,,,,937,all important fields empty,remove_incomplete_rows
,,,,,,,<na>,,,,,,,940,all important fields empty,remove_incomplete_rows
,,,,,,,<na>,,,,,,,941,all important fields empty,remove_incomplete_rows
,,,,,,,<na>,,,,,,,944,all important fields empty,remove_incomplete_rows
,,,,,,,<na>,,,,,,,945,all important fields empty,remove_incomplete_rows
,,,,,,,<na>,,,,,,,952,all important fields empty,remove_incomplete_rows
,,,,,,,<na>,,,,,,,953,all important fields empty,remove_incomplete_rows
,,,,,,,<na>,,,,,,,956,all important fields empty,remove_incomplete_rows
,,,,,,,<na>,,,,,,,957,all important fields empty,remove_incomplete_rows
,,,,,,,<na>,,,,,,,961,all important fields empty,remove_incomplete_rows
,,,,,,,<na>,,,,,,,962,all important fields empty,remove_incomplete_rows
,,,,,,,<na>,,,,,,,967,all important fields empty,remove_incomplete_rows
,,,,,,,<na>,,,,,,,968,all important fields empty,remove_incomplete_rows
,,,,,,,<na>,,,,,,,972,all important fields empty,remove_incomplete_rows
,,,,,,,<na>,,,,,,,973,all important fields empty,remove_incomplete_rows
,,,,,,,<na>,,,,,,,976,all important fields empty,remove_incomplete_rows
,,,,,,,<na>,,,,,,,977,all important fields empty,remove_incomplete_rows
,,,,,,,<na>,,,,,,,980,all important fields empty,remove_incomplete_rows
,,,,,,,<na>,,,,,,,981,all important fields empty,remove_incomplete_rows
,,,,,,,<na>,,,,,,,984,all important fields empty,remove_incomplete_rows
,,,,,,,<na>,,,,,,,985,all important fields empty,remove_incomplete_rows
,,,,,,,<na>,,,,,,,990,all important fields empty,remove_incomplete_rows
,,,,,,,<na>,,,,,,,991,all important fields empty,remove_incomplete_rows
,,,,,,,<na>,,,,,,,997,all important fields empty,remove_incomplete_rows
,,,,,,,<na>,,,,,,,998,all important fields empty,remove_incomplete_rows
,,,,,,,<na>,,,,,,,1001,all important fields empty,remove_incomplete_rows
,,,,,,,<na>,,,,,,,1002,all important fields empty,remove_incomplete_rows
,,,,,,,<na>,,,,,,,1006,all important fields empty,remove_incomplete_rows
,,,,,,,<na>,,,,,,,1007,all important fields empty,remove_incomplete_rows
,,,,,,,<na>,,,,,,,1010,all important fields empty,remove_incomplete_rows
,,,,,,,<na>,,,,,,,1011,all important fields empty,remove_incomplete_rows
,,,,,,,<na>,,,,,,,1016,all important fields empty,remove_incomplete_rows
,,,,,,,<na>,,,,,,,1017,all important fields empty,remove_incomplete_rows
,,,,,,,<na>,,,,,,,1021,all important fields empty,remove_incomplete_rows
,,,,,,,<na>,,,,,,,1022,all important fields empty,remove_incomplete_rows
,,,,,,,<na>,,,,,,,1026,all important fields empty,remove_incomplete_rows
,,,,,,,<na>,,,,,,,1027,all important fields empty,remove_incomplete_rows
,,,,,,,<na>,,,,,,,1031,all important fields empty,remove_incomplete_rows
,,,,,,,<na>,,,,,,,1032,all important fields empty,remove_incomplete_rows
,,,,,,,<na>,,,,,,,1035,all important fields empty,remove_incomplete_rows
,,,,,,,<na>,,,,,,,1036,all important fields empty,remove_incomplete_rows
,,,,,,,<na>,,,,,,,1040,all important fields empty,remove_incomplete_rows
,,,,,,,<na>,,,,,,,1041,all important fields empty,remove_incomplete_rows
,,,,,,,<na>,,,,,,,1045,all important fields empty,remove_incomplete_rows
,,,,,,,<na>,,,,,,,1046,all important fields empty,remove_incomplete_rows
,,,,,,,<na>,,,,,,,1049,all important fields empty,remove_incomplete_rows
,,,,,,,<na>,,,,,,,1050,all important fields empty,remove_incomplete_rows
,,,,,,,<na>,,,,,,,1053,all important fields empty,remove_incomplete_rows
,,,,,,,<na>,,,,,,,1054,all important fields empty,remove_incomplete_rows
,,,,,,,<na>,,,,,,,1057,all important fields empty,remove_incomplete_rows
,,,,,,,<na>,,,,,,,1058,all important fields empty,remove_incomplete_rows
,,,,,,,<na>,,,,,,,1062,all important fields empty,remove_incomplete_rows
,,,,,,,<na>,,,,,,,1063,all important fields empty,remove_incomplete_rows
,,,,,,,<na>,,,,,,,1066,all important fields empty,remove_incomplete_rows
,,,,,,,<na>,,,,,,,1067,all important fields empty,remove_incomplete_rows
,,,,,,,<na>,,,,,,,1070,all important fields empty,remove_incomplete_rows
,,,,,,,<na>,,,,,,,1071,all important fields empty,remove_incomplete_rows
,,,,,,,<na>,,,,,,,1074,all important fields empty,remove_incomplete_rows
,,,,,,,<na>,,,,,,,1075,all important fields empty,remove_incomplete_rows
,,,,,,,<na>,,,,,,,1078,all important fields empty,remove_incomplete_rows
,,,,,,,<na>,,,,,,,1079,all important fields empty,remove_incomplete_rows
,,,,,,,<na>,,,,,,,1082,all important fields empty,remove_incomplete_rows
,,,,,,,<na>,,,,,,,1083,all important fields empty,remove_incomplete_rows
,,,,,,,<na>,,,,,,,1086,all important fields empty,remove_incomplete_rows
,,,,,,,<na>,,,,,,,1087,all important fields empty,remove_incomplete_rows
,,,,,,,<na>,,,,,,,1090,all important fields empty,remove_incomplete_rows
,,,,,,,<na>,,,,,,,1091,all important fields empty,remove_incomplete_rows
,,,,,,,<na>,,,,,,,1094,all important fields empty,remove_incomplete_rows
,,,,,,,<na>,,,,,,,1095,all important fields empty,remove_incomplete_rows
,,,,,,,<na>,,,,,,,1099,all important fields empty,remove_incomplete_rows
,,,,,,,<na>,,,,,,,1100,all important fields empty,remove_incomplete_rows
,,,,,,,<na>,,,,,,,1103,all important fields empty,remove_incomplete_rows
,,,,,,,<na>,,,,,,,1104,all important fields empty,remove_incomplete_rows
,,,,,,,<na>,,,,,,,1109,all important fields empty,remove_incomplete_rows
,,,,,,,<na>,,,,,,,1110,all important fields empty,remove_incomplete_rows
,,,,,,,<na>,,,,,,,1114,all important fields empty,remove_incomplete_rows
,,,,,,,<na>,,,,,,,1115,all important fields empty,remove_incomplete_rows
,,,,,,,<na>,,,,,,,1119,all important fields empty,remove_incomplete_rows
,,,,,,,<na>,,,,,,,1120,all important fields empty,remove_incomplete_rows
,,,,,,,<na>,,,,,,,1123,all important fields empty,remove_incomplete_rows
,,,,,,,<na>,,,,,,,1124,all important fields empty,remove_incomplete_rows
,,,,,,,<na>,,,,,,,1128,all important fields empty,remove_incomplete_rows
,,,,,,,<na>,,,,,,,1129,all important fields empty,remove_incomplete_rows
,,,,,,,<na>,,,,,,,1132,all important fields empty,remove_incomplete_rows
,,,,,,,<na>,,,,,,,1133,all important fields empty,remove_incomplete_rows
,,,,,,,<na>,,,,,,,1136,all important fields empty,remove_incomplete_rows
,,,,,,,<na>,,,,,,,1137,all important fields empty,remove_incomplete_rows
,,,,,,,<na>,,,,,,,1142,all important fields empty,remove_incomplete_rows
,,,,,,,<na>,,,,,,,1143,all important fields empty,remove_incomplete_rows
,,,,,,,<na>,,,,,,,1152,all important fields empty,remove_incomplete_rows
,,,,,,,<na>,,,,,,,1153,all important fields empty,remove_incomplete_rows
,,,,,,,<na>,,,,,,,1156,all important fields empty,remove_incomplete_rows
,,,,,,,<na>,,,,,,,1157,all important fields empty,remove_incomplete_rows
,,,,,,,<na>,,,,,,,1160,all important fields empty,remove_incomplete_rows
,,,,,,,<na>,,,,,,,1161,all important fields empty,remove_incomplete_rows
,,,,,,,<na>,,,,,,,1165,all important fields empty,remove_incomplete_rows
,,,,,,,<na>,,,,,,,1166,all important fields empty,remove_incomplete_rows
,,,,,,,<na>,,,,,,,1169,all important fields empty,remove_incomplete_rows
,,,,,,,<na>,,,,,,,1170,all important fields empty,remove_incomplete_rows
,,,,,,,<na>,,,,,,,1173,all important fields empty,remove_incomplete_rows
,,,,,,,<na>,,,,,,,1174,all important fields empty,remove_incomplete_rows
,,,,,,,<na>,,,,,,,1177,all important fields empty,remove_incomplete_rows
,,,,,,,<na>,,,,,,,1178,all important fields empty,remove_incomplete_rows
,,,,,,,<na>,,,,,,,1181,all important fields empty,remove_incomplete_rows
,,,,,,,<na>,,,,,,,1182,all important fields empty,remove_incomplete_rows
,,,,,,,<na>,,,,,,,1185,all important fields empty,remove_incomplete_rows
,,,,,,,<na>,,,,,,,1186,all important fields empty,remove_incomplete_rows
,,,,,,,<na>,,,,,,,1189,all important fields empty,remove_incomplete_rows
,,,,,,,<na>,,,,,,,1190,all important fields empty,remove_incomplete_rows
,,,,,,,<na>,,,,,,,1193,all important fields empty,remove_incomplete_rows
,,,,,,,<na>,,,,,,,1194,all important fields empty,remove_incomplete_rows
,,,,,,,<na>,,,,,,,1197,all important fields empty,remove_incomplete_rows
,,,,,,,<na>,,,,,,,1198,all important fields empty,remove_incomplete_rows
,,,,,,,<na>,,,,,,,1201,all important fields empty,remove_incomplete_rows
,,,,,,,<na>,,,,,,,1202,all important fields empty,remove_incomplete_rows
,,,,,,,<na>,,,,,,,1205,all important fields empty,remove_incomplete_rows
,,,,,,,<na>,,,,,,,1206,all important fields empty,remove_incomplete_rows
,,,,,,,<na>,,,,,,,1210,all important fields empty,remove_incomplete_rows
,,,,,,,<na>,,,,,,,1211,all important fields empty,remove_incomplete_rows
,,,,,,,<na>,,,,,,,1214,all important fields empty,remove_incomplete_rows
,,,,,,,<na>,,,,,,,1215,all important fields empty,remove_incomplete_rows
,,,,,,,<na>,,,,,,,1219,all important fields empty,remove_incomplete_rows
,,,,,,,<na>,,,,,,,1220,all important fields empty,remove_incomplete_rows
,,,,,,,<na>,,,,,,,1224,all important fields empty,remove_incomplete_rows
,,,,,,,<na>,,,,,,,1225,all important fields empty,remove_incomplete_rows
,,,,,,,<na>,,,,,,,1228,all important fields empty,remove_incomplete_rows
,,,,,,,<na>,,,,,,,1229,all important fields empty,remove_incomplete_rows
,,,,,,,<na>,,,,,,,1232,all important fields empty,remove_incomplete_rows
,,,,,,,<na>,,,,,,,1233,all important fields empty,remove_incomplete_rows
,,,,,,,<na>,,,,,,,1237,all important fields empty,remove_incomplete_rows
,,,,,,,<na>,,,,,,,1238,all important fields empty,remove_incomplete_rows
,,,,,,,<na>,,,,,,,1241,all important fields empty,remove_incomplete_rows
,,,,,,,<na>,,,,,,,1242,all important fields empty,remove_incomplete_rows
,,,,,,,<na>,,,,,,,1245,all important fields empty,remove_incomplete_rows
,,,,,,,<na>,,,,,,,1246,all important fields empty,remove_incomplete_rows
,,,,,,,<na>,,,,,,,1249,all important fields empty,remove_incomplete_rows
,,,,,,,<na>,,,,,,,1250,all important fields empty,remove_incomplete_rows
,,,,,,,<na>,,,,,,,1253,all important fields empty,remove_incomplete_rows
,,,,,,,<na>,,,,,,,1254,all important fields empty,remove_incomplete_rows
,,,,,,,<na>,,,,,,,1257,all important fields empty,remove_incomplete_rows
,,,,,,,<na>,,,,,,,1258,all important fields empty,remove_incomplete_rows
,,,,,,,<na>,,,,,,,1261,all important fields empty,remove_incomplete_rows
,,,,,,,<na>,,,,,,,1262,all important fields empty,remove_incomplete_rows
,,,,,,,<na>,,,,,,,1265,all important fields empty,remove_incomplete_rows
,,,,,,,<na>,,,,,,,1266,all important fields empty,remove_incomplete_rows
,,,,,,,<na>,,,,,,,1269,all important fields empty,remove_incomplete_rows
,,,,,,,<na>,,,,,,,1270,all important fields empty,remove_incomplete_rows
,,,,,,,<na>,,,,,,,1275,all important fields empty,remove_incomplete_rows
,,,,,,,<na>,,,,,,,1276,all important fields empty,remove_incomplete_rows
,,,,,,,<na>,,,,,,,1279,all important fields empty,remove_incomplete_rows
,,,,,,,<na>,,,,,,,1280,all important fields empty,remove_incomplete_rows
,,,,,,,<na>,,,,,,,1283,all important fields empty,remove_incomplete_rows
,,,,,,,<na>,,,,,,,1284,all important fields empty,remove_incomplete_rows
,,,,,,,<na>,,,,,,,1287,all important fields empty,remove_incomplete_rows
,,,,,,,<na>,,,,,,,1288,all important fields empty,remove_incomplete_rows
,,,,,,,<na>,,,,,,,1291,all important fields empty,remove_incomplete_rows
,,,,,,,<na>,,,,,,,1292,all important fields empty,remove_incomplete_rows
,,,,,,,<na>,,,,,,,1295,all important fields empty,remove_incomplete_rows
,,,,,,,<na>,,,,,,,1296,all important fields empty,remove_incomplete_rows
,,,,,,,<na>,,,,,,,1299,all important fields empty,remove_incomplete_rows
,,,,,,,<na>,,,,,,,1300,all important fields empty,remove_incomplete_rows
,,,,,,,<na>,,,,,,,1303,all important fields empty,remove_incomplete_rows
,,,,,,,<na>,,,,,,,1304,all important fields empty,remove_incomplete_rows
,,,,,,,<na>,,,,,,,1307,all important fields empty,remove_incomplete_rows
,,,,,,,<na>,,,,,,,1308,all important fields empty,remove_incomplete_rows
,,,,,,,<na>,,,,,,,1311,all important fields empty,remove_incomplete_rows
,,,,,,,<na>,,,,,,,1312,all important fields empty,remove_incomplete_rows
,,,,,,,<na>,,,,,,,1315,all important fields empty,remove_incomplete_rows
,,,,,,,<na>,,,,,,,1316,all important fields empty,remove_incomplete_rows
,,,,,,,<na>,,,,,,,1319,all important fields empty,remove_incomplete_rows
,,,,,,,<na>,,,,,,,1320,all important fields empty,remove_incomplete_rows
,,,,,,,<na>,,,,,,,1326,all important fields empty,remove_incomplete_rows
,,,,,,,<na>,,,,,,,1327,all important fields empty,remove_incomplete_rows
,,,,,,,<na>,,,,,,,1330,all important fields empty,remove_incomplete_rows
,,,,,,,<na>,,,,,,,1331,all important fields empty,remove_incomplete_rows
,,,,,,,<na>,,,,,,,1334,all important fields empty,remove_incomplete_rows
,,,,,,,<na>,,,,,,,1335,all important fields empty,remove_incomplete_rows
,,,,,,,<na>,,,,,,,1339,all important fields empty,remove_incomplete_rows
,,,,,,,<na>,,,,,,,1340,all important fields empty,remove_incomplete_rows
,,,,,,,<na>,,,,,,,1343,all important fields empty,remove_incomplete_rows
,,,,,,,<na>,,,,,,,1344,all important fields empty,remove_incomplete_rows
,,,,,,,<na>,,,,,,,1347,all important fields empty,remove_incomplete_rows
,,,,,,,<na>,,,,,,,1348,all important fields empty,remove_incomplete_rows
,,,,,,,<na>,,,,,,,1355,all important fields empty,remove_incomplete_rows
,,,,,,,<na>,,,,,,,1356,all important fields empty,remove_incomplete_rows
,,,,,,,<na>,,,,,,,1360,all important fields empty,remove_incomplete_rows
,,,,,,,<na>,,,,,,,1361,all important fields empty,remove_incomplete_rows
,,,,,,,<na>,,,,,,,1364,all important fields empty,remove_incomplete_rows
,,,,,,,<na>,,,,,,,1365,all important fields empty,remove_incomplete_rows
,,,,,,,<na>,,,,,,,1368,all important fields empty,remove_incomplete_rows
,,,,,,,<na>,,,,,,,1369,all important fields empty,remove_incomplete_rows
,,,,,,,<na>,,,,,,,1372,all important fields empty,remove_incomplete_rows
,,,,,,,<na>,,,,,,,1373,all important fields empty,remove_incomplete_rows
,,,,,,,<na>,,,,,,,1377,all important fields empty,remove_incomplete_rows
,,,,,,,<na>,,,,,,,1378,all important fields empty,remove_incomplete_rows
,,,,,,,<na>,,,,,,,1383,all important fields empty,remove_incomplete_rows
,,,,,,,<na>,,,,,,,1384,all important fields empty,remove_incomplete_rows
,,,,,,,<na>,,,,,,,1388,all important fields empty,remove_incomplete_rows
,,,,,,,<na>,,,,,,,1389,all important fields empty,remove_incomplete_rows
,,,,,,,<na>,,,,,,,1393,all important fields empty,remove_incomplete_rows
,,,,,,,<na>,,,,,,,1394,all important fields empty,remove_incomplete_rows
,,,,,,,<na>,,,,,,,1398,all important fields empty,remove_incomplete_rows
,,,,,,,<na>,,,,,,,1399,all important fields empty,remove_incomplete_rows
,,,,,,,<na>,,,,,,,1403,all important fields empty,remove_incomplete_rows
,,,,,,,<na>,,,,,,,1404,all important fields empty,remove_incomplete_rows
,,,,,,,<na>,,,,,,,1409,all important fields empty,remove_incomplete_rows
,,,,,,,<na>,,,,,,,1410,all important fields empty,remove_incomplete_rows
,,,,,,,<na>,,,,,,,1413,all important fields empty,remove_incomplete_rows
,,,,,,,<na>,,,,,,,1414,all important fields empty,remove_incomplete_rows
,,,,,,,<na>,,,,,,,1417,all important fields empty,remove_incomplete_rows
,,,,,,,<na>,,,,,,,1418,all important fields empty,remove_incomplete_rows
,,,,,,,<na>,,,,,,,1421,all important fields empty,remove_incomplete_rows
,,,,,,,<na>,,,,,,,1422,all important fields empty,remove_incomplete_rows
,,,,,,,<na>,,,,,,,1425,all important fields empty,remove_incomplete_rows
,,,,,,,<na>,,,,,,,1426,all important fields empty,remove_incomplete_rows
,,,,,,,<na>,,,,,,,1438,all important fields empty,remove_incomplete_rows
,,,,,,,<na>,,,,,,,1439,all important fields empty,remove_incomplete_rows
,,,,,,,<na>,,,,,,,1443,all important fields empty,remove_incomplete_rows
,,,,,,,<na>,,,,,,,1444,all important fields empty,remove_incomplete_rows
,,,,,,,<na>,,,,,,,1447,all important fields empty,remove_incomplete_rows
,,,,,,,<na>,,,,,,,1448,all important fields empty,remove_incomplete_rows
,,,,,,,<na>,,,,,,,1451,all important fields empty,remove_incomplete_rows
,,,,,,,<na>,,,,,,,1452,all important fields empty,remove_incomplete_rows
,,,,,,,<na>,,,,,,,1455,all important fields empty,remove_incomplete_rows
,,,,,,,<na>,,,,,,,1456,all important fields empty,remove_incomplete_rows
,,,,,,,<na>,,,,,,,1459,all important fields empty,remove_incomplete_rows
,,,,,,,<na>,,,,,,,1460,all important fields empty,remove_incomplete_rows
,,,,,,,<na>,,,,,,,1464,all important fields empty,remove_incomplete_rows
,,,,,,,<na>,,,,,,,1465,all important fields empty,remove_incomplete_rows
,,,,,,,<na>,,,,,,,1470,all important fields empty,remove_incomplete_rows
,,,,,,,<na>,,,,,,,1471,all important fields empty,remove_incomplete_rows
,,,,,,,<na>,,,,,,,1474,all important fields empty,remove_incomplete_rows
,,,,,,,<na>,,,,,,,1475,all important fields empty,remove_incomplete_rows
,,,,,,,<na>,,,,,,,1479,all important fields empty,remove_incomplete_rows
,,,,,,,<na>,,,,,,,1480,all important fields empty,remove_incomplete_rows
,,,,,,,<na>,,,,,,,1484,all important fields empty,remove_incomplete_rows
,,,,,,,<na>,,,,,,,1485,all important fields empty,remove_incomplete_rows
,,,,,,,<na>,,,,,,,1491,all important fields empty,remove_incomplete_rows
,,,,,,,<na>,,,,,,,1492,all important fields empty,remove_incomplete_rows
,,,,,,,<na>,,,,,,,1495,all important fields empty,remove_incomplete_rows
,,,,,,,<na>,,,,,,,1496,all important fields empty,remove_incomplete_rows
,,,,,,,<na>,,,,,,,1500,all important fields empty,remove_incomplete_rows
,,,,,,,<na>,,,,,,,1501,all important fields empty,remove_incomplete_rows
,,,,,,,<na>,,,,,,,1504,all important fields empty,remove_incomplete_rows
,,,,,,,<na>,,,,,,,1505,all important fields empty,remove_incomplete_rows
,,,,,,,<na>,,,,,,,1509,all important fields empty,remove_incomplete_rows
,,,,,,,<na>,,,,,,,1510,all important fields empty,remove_incomplete_rows
,,,,,,,<na>,,,,,,,1513,all important fields empty,remove_incomplete_rows
,,,,,,,<na>,,,,,,,1514,all important fields empty,remove_incomplete_rows
,,,,,,,<na>,,,,,,,1520,all important fields empty,remove_incomplete_rows
,,,,,,,<na>,,,,,,,1521,all important fields empty,remove_incomplete_rows
,,,,,,,<na>,,,,,,,1525,all important fields empty,remove_incomplete_rows
,,,,,,,<na>,,,,,,,1526,all important fields empty,remove_incomplete_rows
,,,,,,,<na>,,,,,,,1531,all important fields empty,remove_incomplete_rows
,,,,,,,<na>,,,,,,,1532,all important fields empty,remove_incomplete_rows
,,,,,,,<na>,,,,,,,1535,all important fields empty,remove_incomplete_rows
,,,,,,,<na>,,,,,,,1536,all important fields empty,remove_incomplete_rows
,,,,,,,<na>,,,,,,,1539,all important fields empty,remove_incomplete_rows
,,,,,,,<na>,,,,,,,1540,all important fields empty,remove_incomplete_rows
,,,,,,,<na>,,,,,,,1543,all important fields empty,remove_incomplete_rows
,,,,,,,<na>,,,,,,,1544,all important fields empty,remove_incomplete_rows
,,,,,,,<na>,,,,,,,1548,all important fields empty,remove_incomplete_rows
,,,,,,,<na>,,,,,,,1549,all important fields empty,remove_incomplete_rows
,,,,,,,<na>,,,,,,,1552,all important fields empty,remove_incomplete_rows
,,,,,,,<na>,,,,,,,1553,all important fields empty,remove_incomplete_rows
,,,,,,,<na>,,,,,,,1557,all important fields empty,remove_incomplete_rows
,,,,,,,<na>,,,,,,,1558,all important fields empty,remove_incomplete_rows
,,,,,,,<na>,,,,,,,1561,all important fields empty,remove_incomplete_rows
,,,,,,,<na>,,,,,,,1562,all important fields empty,remove_incomplete_rows
,,,,,,,<na>,,,,,,,1565,all important fields empty,remove_incomplete_rows
,,,,,,,<na>,,,,,,,1566,all important fields empty,remove_incomplete_rows
,,,,,,,<na>,,,,,,,1569,all important fields empty,remove_incomplete_rows
,,,,,,,<na>,,,,,,,1570,all important fields empty,remove_incomplete_rows
,,,,,,,<na>,,,,,,,1574,all important fields empty,remove_incomplete_rows
,,,,,,,<na>,,,,,,,1575,all important fields empty,remove_incomplete_rows
,,,,,,,<na>,,,,,,,1578,all important fields empty,remove_incomplete_rows
,,,,,,,<na>,,,,,,,1579,all important fields empty,remove_incomplete_rows
,,,,,,,<na>,,,,,,,1584,all important fields empty,remove_incomplete_rows
,,,,,,,<na>,,,,,,,1585,all important fields empty,remove_incomplete_rows
,,,,,,,<na>,,,,,,,1588,all important fields empty,remove_incomplete_rows
,,,,,,,<na>,,,,,,,1589,all important fields empty,remove_incomplete_rows
,,,,,,,<na>,,,,,,,1592,all important fields empty,remove_incomplete_rows
,,,,,,,<na>,,,,,,,1593,all important fields empty,remove_incomplete_rows
,,,,,,,<na>,,,,,,,1597,all important fields empty,remove_incomplete_rows
,,,,,,,<na>,,,,,,,1598,all important fields empty,remove_incomplete_rows
,,,,,,,<na>,,,,,,,1601,all important fields empty,remove_incomplete_rows
,,,,,,,<na>,,,,,,,1602,all important fields empty,remove_incomplete_rows
,,,,,,,<na>,,,,,,,1605,all important fields empty,remove_incomplete_rows
,,,,,,,<na>,,,,,,,1606,all important fields empty,remove_incomplete_rows
,,,,,,,<na>,,,,,,,1609,all important fields empty,remove_incomplete_rows
,,,,,,,<na>,,,,,,,1610,all important fields empty,remove_incomplete_rows
,,,,,,,<na>,,,,,,,1614,all important fields empty,remove_incomplete_rows
,,,,,,,<na>,,,,,,,1615,all important fields empty,remove_incomplete_rows
,,,,,,,<na>,,,,,,,1619,all important fields empty,remove_incomplete_rows
,,,,,,,<na>,,,,,,,1620,all important fields empty,remove_incomplete_rows
,,,,,,,<na>,,,,,,,1624,all important fields empty,remove_incomplete_rows
,,,,,,,<na>,,,,,,,1625,all important fields empty,remove_incomplete_rows
,,,,,,,<na>,,,,,,,1629,all important fields empty,remove_incomplete_rows
,,,,,,,<na>,,,,,,,1630,all important fields empty,remove_incomplete_rows
,,,,,,,<na>,,,,,,,1634,all important fields empty,remove_incomplete_rows
,,,,,,,<na>,,,,,,,1635,all important fields empty,remove_incomplete_rows
,,,,,,,<na>,,,,,,,1638,all important fields empty,remove_incomplete_rows
,,,,,,,<na>,,,,,,,1639,all important fields empty,remove_incomplete_rows
,,,,,,,<na>,,,,,,,1642,all important fields empty,remove_incomplete_rows
,,,,,,,<na>,,,,,,,1643,all important fields empty,remove_incomplete_rows
,,,,,,,<na>,,,,,,,1648,all important fields empty,remove_incomplete_rows
,,,,,,,<na>,,,,,,,1649,all important fields empty,remove_incomplete_rows
,,,,,,,<na>,,,,,,,1652,all important fields empty,remove_incomplete_rows
,,,,,,,<na>,,,,,,,1653,all important fields empty,remove_incomplete_rows
,,,,,,,<na>,,,,,,,1662,all important fields empty,remove_incomplete_rows
,,,,,,,<na>,,,,,,,1663,all important fields empty,remove_incomplete_rows
,,,,,,,<na>,,,,,,,1667,all important fields empty,remove_incomplete_rows
,,,,,,,<na>,,,,,,,1668,all important fields empty,remove_incomplete_rows
,,,,,,,<na>,,,,,,,1671,all important fields empty,remove_incomplete_rows
,,,,,,,<na>,,,,,,,1672,all important fields empty,remove_incomplete_rows
,,,,,,,<na>,,,,,,,1675,all important fields empty,remove_incomplete_rows
,,,,,,,<na>,,,,,,,1676,all important fields empty,remove_incomplete_rows
,,,,,,,<na>,,,,,,,1679,all important fields empty,remove_incomplete_rows
,,,,,,,<na>,,,,,,,1680,all important fields empty,remove_incomplete_rows
,,,,,,,<na>,,,,,,,1683,all important fields empty,remove_incomplete_rows
,,,,,,,<na>,,,,,,,1684,all important fields empty,remove_incomplete_rows
,,,,,,,<na>,,,,,,,1691,all important fields empty,remove_incomplete_rows
,,,,,,,<na>,,,,,,,1692,all important fields empty,remove_incomplete_rows
,,,,,,,<na>,,,,,,,1698,all important fields empty,remove_incomplete_rows
,,,,,,,<na>,,,,,,,1699,all important fields empty,remove_incomplete_rows
,,,,,,,<na>,,,,,,,1704,all important fields empty,remove_incomplete_rows
,,,,,,,<na>,,,,,,,1705,all important fields empty,remove_incomplete_rows
,,,,,,,<na>,,,,,,,1710,all important fields empty,remove_incomplete_rows
,,,,,,,<na>,,,,,,,1711,all important fields empty,remove_incomplete_rows
,,,,,,,<na>,,,,,,,1714,all important fields empty,remove_incomplete_rows
,,,,,,,<na>,,,,,,,1715,all important fields empty,remove_incomplete_rows
,,,,,,,<na>,,,,,,,1718,all important fields empty,remove_incomplete_rows
,,,,,,,<na>,,,,,,,1719,all important fields empty,remove_incomplete_rows
,,,,,,,<na>,,,,,,,1724,all important fields empty,remove_incomplete_rows
,,,,,,,<na>,,,,,,,1725,all important fields empty,remove_incomplete_rows
,,,,,,,<na>,,,,,,,1728,all important fields empty,remove_incomplete_rows
,,,,,,,<na>,,,,,,,1729,all important fields empty,remove_incomplete_rows
,,,,,,,<na>,,,,,,,1732,all important fields empty,remove_incomplete_rows
,,,,,,,<na>,,,,,,,1733,all important fields empty,remove_incomplete_rows
,,,,,,,<na>,,,,,,,1736,all important fields empty,remove_incomplete_rows
,,,,,,,<na>,,,,,,,1737,all important fields empty,remove_incomplete_rows
,,,,,,,<na>,,,,,,,1740,all important fields empty,remove_incomplete_rows
,,,,,,,<na>,,,,,,,1741,all important fields empty,remove_incomplete_rows
,,,,,,,<na>,,,,,,,1745,all important fields empty,remove_incomplete_rows
,,,,,,,<na>,,,,,,,1746,all important fields empty,remove_incomplete_rows
,,,,,,,<na>,,,,,,,1749,all important fields empty,remove_incomplete_rows
,,,,,,,<na>,,,,,,,1750,all important fields empty,remove_incomplete_rows
,,,,,,,<na>,,,,,,,1753,all important fields empty,remove_incomplete_rows
,,,,,,,<na>,,,,,,,1754,all important fields empty,remove_incomplete_rows
,,,,,,,<na>,,,,,,,1757,all important fields empty,remove_incomplete_rows
,,,,,,,<na>,,,,,,,1758,all important fields empty,remove_incomplete_rows
,,,,,,,<na>,,,,,,,1761,all important fields empty,remove_incomplete_rows
,,,,,,,<na>,,,,,,,1762,all important fields empty,remove_incomplete_rows
,,,,,,,<na>,,,,,,,1765,all important fields empty,remove_incomplete_rows
,,,,,,,<na>,,,,,,,1766,all important fields empty,remove_incomplete_rows
,,,,,,,<na>,,,,,,,1776,all important fields empty,remove_incomplete_rows
,,,,,,,<na>,,,,,,,1777,all important fields empty,remove_incomplete_rows
,,,,,,,<na>,,,,,,,1780,all important fields empty,remove_incomplete_rows
,,,,,,,<na>,,,,,,,1781,all important fields empty,remove_incomplete_rows
,,,,,,,<na>,,,,,,,1784,all important fields empty,remove_incomplete_rows
,,,,,,,<na>,,,,,,,1785,all important fields empty,remove_incomplete_rows
,,,,,,,<na>,,,,,,,1795,all important fields empty,remove_incomplete_rows
,,,,,,,<na>,,,,,,,1796,all important fields empty,remove_incomplete_rows
,,,,,,,<na>,,,,,,,1799,all important fields empty,remove_incomplete_rows
,,,,,,,<na>,,,,,,,1800,all important fields empty,remove_incomplete_rows
,,,,,,,<na>,,,,,,,1803,all important fields empty,remove_incomplete_rows
,,,,,,,<na>,,,,,,,1804,all important fields empty,remove_incomplete_rows
,,,,,,,<na>,,,,,,,1808,all important fields empty,remove_incomplete_rows
,,,,,,,<na>,,,,,,,1809,all important fields empty,remove_incomplete_rows
,,,,,,,<na>,,,,,,,1812,all important fields empty,remove_incomplete_rows
,,,,,,,<na>,,,,,,,1813,all important fields empty,remove_incomplete_rows
,,,,,,,<na>,,,,,,,1816,all important fields empty,remove_incomplete_rows
,,,,,,,<na>,,,,,,,1817,all important fields empty,remove_incomplete_rows
,,,,,,,<na>,,,,,,,1820,all important fields empty,remove_incomplete_rows
,,,,,,,<na>,,,,,,,1821,all important fields empty,remove_incomplete_rows
,,,,,,,<na>,,,,,,,1824,all important fields empty,remove_incomplete_rows
,,,,,,,<na>,,,,,,,1825,all important fields empty,remove_incomplete_rows
,,,,,,,<na>,,,,,,,1830,all important fields empty,remove_incomplete_rows
,,,,,,,<na>,,,,,,,1831,all important fields empty,remove_incomplete_rows
,,,,,,,<na>,,,,,,,1834,all important fields empty,remove_incomplete_rows
,,,,,,,<na>,,,,,,,1835,all important fields empty,remove_incomplete_rows
,,,,,,,<na>,,,,,,,1839,all important fields empty,remove_incomplete_rows
,,,,,,,<na>,,,,,,,1840,all important fields empty,remove_incomplete_rows
,,,,,,,<na>,,,,,,,1843,all important fields empty,remove_incomplete_rows
,,,,,,,<na>,,,,,,,1844,all important fields empty,remove_incomplete_rows
,,,,,,,<na>,,,,,,,1848,all important fields empty,remove_incomplete_rows
,,,,,,,<na>,,,,,,,1849,all important fields empty,remove_incomplete_rows
,,,,,,,<na>,,,,,,,1852,all important fields empty,remove_incomplete_rows
,,,,,,,<na>,,,,,,,1853,all important fields empty,remove_incomplete_rows
,,,,,,,<na>,,,,,,,1857,all important fields empty,remove_incomplete_rows
,,,,,,,<na>,,,,,,,1858,all important fields empty,remove_incomplete_rows
,,,,,,,<na>,,,,,,,1862,all important fields empty,remove_incomplete_rows
,,,,,,,<na>,,,,,,,1863,all important fields empty,remove_incomplete_rows
,,,,,,,<na>,,,,,,,1866,all important fields empty,remove_incomplete_rows
,,,,,,,<na>,,,,,,,1867,all important fields empty,remove_incomplete_rows
,,,,,,,<na>,,,,,,,1871,all important fields empty,remove_incomplete_rows
,,,,,,,<na>,,,,,,,1872,all important fields empty,remove_incomplete_rows
,,,,,,,<na>,,,,,,,1876,all important fields empty,remove_incomplete_rows
,,,,,,,<na>,,,,,,,1877,all important fields empty,remove_incomplete_rows
,,,,,,,<na>,,,,,,,1880,all important fields empty,remove_incomplete_rows
,,,,,,,<na>,,,,,,,1881,all important fields empty,remove_incomplete_rows
,,,,,,,<na>,,,,,,,1884,all important fields empty,remove_incomplete_rows
,,,,,,,<na>,,,,,,,1885,all important fields empty,remove_incomplete_rows
,,,,,,,<na>,,,,,,,1891,all important fields empty,remove_incomplete_rows
,,,,,,,<na>,,,,,,,1892,all important fields empty,remove_incomplete_rows
,,,,,,,<na>,,,,,,,1895,all important fields empty,remove_incomplete_rows
,,,,,,,<na>,,,,,,,1896,all important fields empty,remove_incomplete_rows
,,,,,,,<na>,,,,,,,1902,all important fields empty,remove_incomplete_rows
,,,,,,,<na>,,,,,,,1903,all important fields empty,remove_incomplete_rows
,,,,,,,<na>,,,,,,,1906,all important fields empty,remove_incomplete_rows
,,,,,,,<na>,,,,,,,1907,all important fields empty,remove_incomplete_rows
,,,,,,,<na>,,,,,,,1911,all important fields empty,remove_incomplete_rows
,,,,,,,<na>,,,,,,,1912,all important fields empty,remove_incomplete_rows
,,,,,,,<na>,,,,,,,1916,all important fields empty,remove_incomplete_rows
,,,,,,,<na>,,,,,,,1917,all important fields empty,remove_incomplete_rows
,,,,,,,<na>,,,,,,,1920,all important fields empty,remove_incomplete_rows
,,,,,,,<na>,,,,,,,1921,all important fields empty,remove_incomplete_rows
,,,,,,,<na>,,,,,,,1928,all important fields empty,remove_incomplete_rows
,,,,,,,<na>,,,,,,,1929,all important fields empty,remove_incomplete_rows
,,,,,,,<na>,,,,,,,1932,all important fields empty,remove_incomplete_rows
,,,,,,,<na>,,,,,,,1933,all important fields empty,remove_incomplete_rows
,,,,,,,<na>,,,,,,,1941,all important fields empty,remove_incomplete_rows
,,,,,,,<na>,,,,,,,1942,all important fields empty,remove_incomplete_rows
,,,,,,,<na>,,,,,,,1945,all important fields empty,remove_incomplete_rows
,,,,,,,<na>,,,,,,,1946,all important fields empty,remove_incomplete_rows
,,,,,,,<na>,,,,,,,1949,all important fields empty,remove_incomplete_rows
,,,,,,,<na>,,,,,,,1950,all important fields empty,remove_incomplete_rows
,,,,,,,<na>,,,,,,,1953,all important fields empty,remove_incomplete_rows
,,,,,,,<na>,,,,,,,1954,all important fields empty,remove_incomplete_rows
,,,,,,,<na>,,,,,,,1958,all important fields empty,remove_incomplete_rows
,,,,,,,<na>,,,,,,,1959,all important fields empty,remove_incomplete_rows
,,,,,,,<na>,,,,,,,1963,all important fields empty,remove_incomplete_rows
,,,,,,,<na>,,,,,,,1964,all important fields empty,remove_incomplete_rows
,,,,,,,<na>,,,,,,,1968,all important fields empty,remove_incomplete_rows
,,,,,,,<na>,,,,,,,1969,all important fields empty,remove_incomplete_rows
,,,,,,,<na>,,,,,,,1974,all important fields empty,remove_incomplete_rows
,,,,,,,<na>,,,,,,,1975,all important fields empty,remove_incomplete_rows
,,,,,,,<na>,,,,,,,1979,all important fields empty,remove_incomplete_rows
,,,,,,,<na>,,,,,,,1980,all important fields empty,remove_incomplete_rows
,,,,,,,<na>,,,,,,,1984,all important fields empty,remove_incomplete_rows
,,,,,,,<na>,,,,,,,1985,all important fields empty,remove_incomplete_rows
,,,,,,,<na>,,,,,,,1989,all important fields empty,remove_incomplete_rows
,,,,,,,<na>,,,,,,,1990,all important fields empty,remove_incomplete_rows
,,,,,,,<na>,,,,,,,1994,all important fields empty,remove_incomplete_rows
,,,,,,,<na>,,,,,,,1995,all important fields empty,remove_incomplete_rows
,,,,,,,<na>,,,,,,,1998,all important fields empty,remove_incomplete_rows
,,,,,,,<na>,,,,,,,1999,all important fields empty,remove_incomplete_rows
,,,,,,,<na>,,,,,,,2002,all important fields empty,remove_incomplete_rows
,,,,,,,<na>,,,,,,,2003,all important fields empty,remove_incomplete_rows
,,,,,,,<na>,,,,,,,2006,all important fields empty,remove_incomplete_rows
,,,,,,,<na>,,,,,,,2007,all important fields empty,remove_incomplete_rows
,,,,,,,<na>,,,,,,,2010,all important fields empty,remove_incomplete_rows
,,,,,,,<na>,,,,,,,2011,all important fields empty,remove_incomplete_rows
,,,,,,,<na>,,,,,,,2014,all important fields empty,remove_incomplete_rows
,,,,,,,<na>,,,,,,,2015,all important fields empty,remove_incomplete_rows
,,,,,2020-01-01,,<na>,,,,,,,2020,all important fields empty,remove_incomplete_rows
,,,,,2021-01-01,,<na>,,,,,,,2021,all important fields empty,remove_incomplete_rows
,,,,,2032-01-01,,<na>,,,,,,,2032,all important fields empty,remove_incomplete_rows
,,,,,2033-01-01,,<na>,,,,,,,2033,all important fields empty,remove_incomplete_rows
,,,,,2038-01-01,,<na>,,,,,,,2038,all important fields empty,remove_incomplete_rows
,,,,,2039-01-01,,<na>,,,,,,,2039,all important fields empty,remove_incomplete_rows
,,,,,2042-01-01,,<na>,,,,,,,2042,all important fields empty,remove_incomplete_rows
,,,,,2043-01-01,,<na>,,,,,,,2043,all important fields empty,remove_incomplete_rows
,,,,,,,<na>,,,,,,,2046,all important fields empty,remove_incomplete_rows
,,,,,,,<na>,,,,,,,2047,all important fields empty,remove_incomplete_rows
,,,,,,,<na>,,,,,,,2050,all important fields empty,remove_incomplete_rows
,,,,,,,<na>,,,,,,,2051,all important fields empty,remove_incomplete_rows
,,,,,,,<na>,,,,,,,2055,all important fields empty,remove_incomplete_rows
,,,,,,,<na>,,,,,,,2056,all important fields empty,remove_incomplete_rows
,,,,,,,<na>,,,,,,,2059,all important fields empty,remove_incomplete_rows
,,,,,,,<na>,,,,,,,2060,all important fields empty,remove_incomplete_rows
,,,,,,,<na>,,,,,,,2063,all important fields empty,remove_incomplete_rows
,,,,,,,<na>,,,,,,,2064,all important fields empty,remove_incomplete_rows
,,,,,,,<na>,,,,,,,2067,all important fields empty,remove_incomplete_rows
,,,,,,,<na>,,,,,,,2068,all important fields empty,remove_incomplete_rows
,,,,,,,<na>,,,,,,,2071,all important fields empty,remove_incomplete_rows
,,,,,,,<na>,,,,,,,2072,all important fields empty,remove_incomplete_rows
,,,,,,,<na>,,,,,,,2075,all important fields empty,remove_incomplete_rows
,,,,,,,<na>,,,,,,,2076,all important fields empty,remove_incomplete_rows
,,,,,,,<na>,,,,,,,2079,all important fields empty,remove_incomplete_rows
,,,,,,,<na>,,,,,,,2080,all important fields empty,remove_incomplete_rows
,,,,,,,<na>,,,,,,,2083,all important fields empty,remove_incomplete_rows
,,,,,,,<na>,,,,,,,2084,all important fields empty,remove_incomplete_rows
,,,,,,,<na>,,,,,,,2087,all important fields empty,remove_incomplete_rows
,,,,,,,<na>,,,,,,,2088,all important fields empty,remove_incomplete_rows
,,,,,,,<na>,,,,,,,2097,all important fields empty,remove_incomplete_rows
,,,,,,,<na>,,,,,,,2098,all important fields empty,remove_incomplete_rows
,,,,,,,<na>,,,,,,,2108,all important fields empty,remove_incomplete_rows
,,,,,,,<na>,,,,,,,2109,all important fields empty,remove_incomplete_rows
,,,,,,,<na>,,,,,,,2114,all important fields empty,remove_incomplete_rows
,,,,,,,<na>,,,,,,,2115,all important fields empty,remove_incomplete_rows
,,,,,,,<na>,,,,,,,2119,all important fields empty,remove_incomplete_rows
,,,,,,,<na>,,,,,,,2120,all important fields empty,remove_incomplete_rows
,,,,,,,<na>,,,,,,,2123,all important fields empty,remove_incomplete_rows
,,,,,,,<na>,,,,,,,2124,all important fields empty,remove_incomplete_rows
,,,,,,,<na>,,,,,,,2128,all important fields empty,remove_incomplete_rows
,,,,,,,<na>,,,,,,,2129,all important fields empty,remove_incomplete_rows
,,,,,,,<na>,,,,,,,2135,all important fields empty,remove_incomplete_rows
,,,,,,,<na>,,,,,,,2136,all important fields empty,remove_incomplete_rows
,,,,,,,<na>,,,,,,,2140,all important fields empty,remove_incomplete_rows
,,,,,,,<na>,,,,,,,2141,all important fields empty,remove_incomplete_rows
,,,,,,,<na>,,,,,,,2144,all important fields empty,remove_incomplete_rows
,,,,,,,<na>,,,,,,,2145,all important fields empty,remove_incomplete_rows
,,,,,,,<na>,,,,,,,2148,all important fields empty,remove_incomplete_rows
,,,,,,,<na>,,,,,,,2149,all important fields empty,remove_incomplete_rows
,,,,,,,<na>,,,,,,,2152,all important fields empty,remove_incomplete_rows
,,,,,,,<na>,,,,,,,2153,all important fields empty,remove_incomplete_rows
,,,,,,,<na>,,,,,,,2156,all important fields empty,remove_incomplete_rows
,,,,,,,<na>,,,,,,,2157,all important fields empty,remove_incomplete_rows
,,,,,,,<na>,,,,,,,2160,all important fields empty,remove_incomplete_rows
,,,,,,,<na>,,,,,,,2161,all important fields empty,remove_incomplete_rows
,,,,,,,<na>,,,,,,,2166,all important fields empty,remove_incomplete_rows
,,,,,,,<na>,,,,,,,2167,all important fields empty,remove_incomplete_rows
,,,,,,,<na>,,,,,,,2171,all important fields empty,remove_incomplete_rows
,,,,,,,<na>,,,,,,,2172,all important fields empty,remove_incomplete_rows
,,,,,,,<na>,,,,,,,2175,all important fields empty,remove_incomplete_rows
,,,,,,,<na>,,,,,,,2176,all important fields empty,remove_incomplete_rows
,,,,,,,<na>,,,,,,,2182,all important fields empty,remove_incomplete_rows
,,,,,,,<na>,,,,,,,2183,all important fields empty,remove_incomplete_rows
,,,,,,,<na>,,,,,,,2188,all important fields empty,remove_incomplete_rows
,,,,,,,<na>,,,,,,,2189,all important fields empty,remove_incomplete_rows
,,,,,,,<na>,,,,,,,2192,all important fields empty,remove_incomplete_rows
,,,,,,,<na>,,,,,,,2193,all important fields empty,remove_incomplete_rows
,,,,,,,<na>,,,,,,,2196,all important fields empty,remove_incomplete_rows
,,,,,,,<na>,,,,,,,2197,all important fields empty,remove_incomplete_rows
,,,,,,,<na>,,,,,,,2200,all important fields empty,remove_incomplete_rows
,,,,,,,<na>,,,,,,,2201,all important fields empty,remove_incomplete_rows
,,,,,,,<na>,,,,,,,2205,all important fields empty,remove_incomplete_rows
,,,,,,,<na>,,,,,,,2206,all important fields empty,remove_incomplete_rows
,,,,,,,<na>,,,,,,,2209,all important fields empty,remove_incomplete_rows
,,,,,,,<na>,,,,,,,2210,all important fields empty,remove_incomplete_rows
,,,,,,,<na>,,,,,,,2213,all important fields empty,remove_incomplete_rows
,,,,,,,<na>,,,,,,,2214,all important fields empty,remove_incomplete_rows
,,,,,,,<na>,,,,,,,2217,all important fields empty,remove_incomplete_rows
,,,,,,,<na>,,,,,,,2218,all important fields empty,remove_incomplete_rows
,,,,,,,<na>,,,,,,,2222,all important fields empty,remove_incomplete_rows
,,,,,,,<na>,,,,,,,2223,all important fields empty,remove_incomplete_rows
,,,,,,,<na>,,,,,,,2228,all important fields empty,remove_incomplete_rows
,,,,,,,<na>,,,,,,,2229,all important fields empty,remove_incomplete_rows
,,,,,,,<na>,,,,,,,2232,all important fields empty,remove_incomplete_rows
,,,,,,,<na>,,,,,,,2233,all important fields empty,remove_incomplete_rows
,,,,,,,<na>,,,,,,,2236,all important fields empty,remove_incomplete_rows
,,,,,,,<na>,,,,,,,2237,all important fields empty,remove_incomplete_rows
,,,,,,,<na>,,,,,,,2241,all important fields empty,remove_incomplete_rows
,,,,,,,<na>,,,,,,,2242,all important fields empty,remove_incomplete_rows
,,,,,,,<na>,,,,,,,2246,all important fields empty,remove_incomplete_rows
,,,,,,,<na>,,,,,,,2247,all important fields empty,remove_incomplete_rows
,,,,,,,<na>,,,,,,,2250,all important fields empty,remove_incomplete_rows
,,,,,,,<na>,,,,,,,2251,all important fields empty,remove_incomplete_rows
,,,,,,,<na>,,,,,,,2257,all important fields empty,remove_incomplete_rows
,,,,,,,<na>,,,,,,,2258,all important fields empty,remove_incomplete_rows
,,,,,,,<na>,,,,,,,2261,all important fields empty,remove_incomplete_rows
,,,,,,,<na>,,,,,,,2262,all important fields empty,remove_incomplete_rows
,,,,,,,<na>,,,,,,,2265,all important fields empty,remove_incomplete_rows
,,,,,,,<na>,,,,,,,2266,all important fields empty,remove_incomplete_rows
,,,,,,,<na>,,,,,,,2271,all important fields empty,remove_incomplete_rows
,,,,,,,<na>,,,,,,,2272,all important fields empty,remove_incomplete_rows
,,,,,,,<na>,,,,,,,2276,all important fields empty,remove_incomplete_rows
,,,,,,,<na>,,,,,,,2277,all important fields empty,remove_incomplete_rows
,,,,,,,<na>,,,,,,,2281,all important fields empty,remove_incomplete_rows
,,,,,,,<na>,,,,,,,2282,all important fields empty,remove_incomplete_rows
,,,,,,,<na>,,,,,,,2285,all important fields empty,remove_incomplete_rows
,,,,,,,<na>,,,,,,,2286,all important fields empty,remove_incomplete_rows
,,,,,,,<na>,,,,,,,2290,all important fields empty,remove_incomplete_rows
,,,,,,,<na>,,,,,,,2291,all important fields empty,remove_incomplete_rows
,,,,,,,<na>,,,,,,,2295,all important fields empty,remove_incomplete_rows
,,,,,,,<na>,,,,,,,2296,all important fields empty,remove_incomplete_rows
,,,,,,,<na>,,,,,,,2300,all important fields empty,remove_incomplete_rows
,,,,,,,<na>,,,,,,,2301,all important fields empty,remove_incomplete_rows
,,,,,,,<na>,,,,,,,2305,all important fields empty,remove_incomplete_rows
,,,,,,,<na>,,,,,,,2306,all important fields empty,remove_incomplete_rows
,,,,,,,<na>,,,,,,,2309,all important fields empty,remove_incomplete_rows
,,,,,,,<na>,,,,,,,2310,all important fields empty,remove_incomplete_rows
,,,,,,,<na>,,,,,,,2313,all important fields empty,remove_incomplete_rows
,,,,,,,<na>,,,,,,,2314,all important fields empty,remove_incomplete_rows
,,,,,,,<na>,,,,,,,2321,all important fields empty,remove_incomplete_rows
,,,,,,,<na>,,,,,,,2322,all important fields empty,remove_incomplete_rows
,,,,,,,<na>,,,,,,,2325,all important fields empty,remove_incomplete_rows
,,,,,,,<na>,,,,,,,2326,all important fields empty,remove_incomplete_rows
,,,,,,,<na>,,,,,,,2329,all important fields empty,remove_incomplete_rows
,,,,,,,<na>,,,,,,,2330,all important fields empty,remove_incomplete_rows
,,,,,,,<na>,,,,,,,2340,all important fields empty,remove_incomplete_rows
,,,,,,,<na>,,,,,,,2341,all important fields empty,remove_incomplete_rows
,,,,,,,<na>,,,,,,,2345,all important fields empty,remove_incomplete_rows
,,,,,,,<na>,,,,,,,2346,all important fields empty,remove_incomplete_rows
,,,,,,,<na>,,,,,,,2349,all important fields empty,remove_incomplete_rows
,,,,,,,<na>,,,,,,,2350,all important fields empty,remove_incomplete_rows
,,,,,,,<na>,,,,,,,2353,all important fields empty,remove_incomplete_rows
,,,,,,,<na>,,,,,,,2354,all important fields empty,remove_incomplete_rows
,,,,,,,<na>,,,,,,,2358,all important fields empty,remove_incomplete_rows
,,,,,,,<na>,,,,,,,2359,all important fields empty,remove_incomplete_rows
,,,,,,,<na>,,,,,,,2362,all important fields empty,remove_incomplete_rows
,,,,,,,<na>,,,,,,,2363,all important fields empty,remove_incomplete_rows
,,,,,,,<na>,,,,,,,2369,all important fields empty,remove_incomplete_rows
,,,,,,,<na>,,,,,,,2370,all important fields empty,remove_incomplete_rows
,,,,,,,<na>,,,,,,,2373,all important fields empty,remove_incomplete_rows
,,,,,,,<na>,,,,,,,2374,all important fields empty,remove_incomplete_rows
,,,,,,,<na>,,,,,,,2377,all important fields empty,remove_incomplete_rows
,,,,,,,<na>,,,,,,,2378,all important fields empty,remove_incomplete_rows
,,,,,,,<na>,,,,,,,2384,all important fields empty,remove_incomplete_rows
,,,,,,,<na>,,,,,,,2385,all important fields empty,remove_incomplete_rows
,,,,,,,<na>,,,,,,,2388,all important fields empty,remove_incomplete_rows
,,,,,,,<na>,,,,,,,2389,all important fields empty,remove_incomplete_rows
,,,,,,,<na>,,,,,,,2392,all important fields empty,remove_incomplete_rows
,,,,,,,<na>,,,,,,,2393,all important fields empty,remove_incomplete_rows
,,,,,,,<na>,,,,,,,2397,all important fields empty,remove_incomplete_rows
,,,,,,,<na>,,,,,,,2398,all important fields empty,remove_incomplete_rows
,,,,,,,<na>,,,,,,,2403,all important fields empty,remove_incomplete_rows
,,,,,,,<na>,,,,,,,2404,all important fields empty,remove_incomplete_rows
,,,,,,,<na>,,,,,,,2408,all important fields empty,remove_incomplete_rows
,,,,,,,<na>,,,,,,,2409,all important fields empty,remove_incomplete_rows
,,,,,,,<na>,,,,,,,2415,all important fields empty,remove_incomplete_rows
,,,,,,,<na>,,,,,,,2416,all important fields empty,remove_incomplete_rows
,,,,,,,<na>,,,,,,,2419,all important fields empty,remove_incomplete_rows
,,,,,,,<na>,,,,,,,2420,all important fields empty,remove_incomplete_rows
,,,,,,,<na>,,,,,,,2423,all important fields empty,remove_incomplete_rows
,,,,,,,<na>,,,,,,,2424,all important fields empty,remove_incomplete_rows
,,,,,,,<na>,,,,,,,2427,all important fields empty,remove_incomplete_rows
,,,,,,,<na>,,,,,,,2428,all important fields empty,remove_incomplete_rows
,,,,,,,<na>,,,,,,,2431,all important fields empty,remove_incomplete_rows
,,,,,,,<na>,,,,,,,2432,all important fields empty,remove_incomplete_rows
,,,,,,,<na>,,,,,,,2435,all important fields empty,remove_incomplete_rows
,,,,,,,<na>,,,,,,,2436,all important fields empty,remove_incomplete_rows
,,,,,,,<na>,,,,,,,2439,all important fields empty,remove_incomplete_rows
,,,,,,,<na>,,,,,,,2440,all important fields empty,remove_incomplete_rows
,,,,,,,<na>,,,,,,,2443,all important fields empty,remove_incomplete_rows
,,,,,,,<na>,,,,,,,2444,all important fields empty,remove_incomplete_rows
,,,,,,,<na>,,,,,,,2447,all important fields empty,remove_incomplete_rows
,,,,,,,<na>,,,,,,,2448,all important fields empty,remove_incomplete_rows
,,,,,,,<na>,,,,,,,2452,all important fields empty,remove_incomplete_rows
,,,,,,,<na>,,,,,,,2453,all important fields empty,remove_incomplete_rows
,,,,,,,<na>,,,,,,,2456,all important fields empty,remove_incomplete_rows
,,,,,,,<na>,,,,,,,2457,all important fields empty,remove_incomplete_rows
,,,,,,,<na>,,,,,,,2460,all important fields empty,remove_incomplete_rows
,,,,,,,<na>,,,,,,,2461,all important fields empty,remove_incomplete_rows
,,,,,,,<na>,,,,,,,2464,all important fields empty,remove_incomplete_rows
,,,,,,,<na>,,,,,,,2465,all important fields empty,remove_incomplete_rows
,,,,,,,<na>,,,,,,,2468,all important fields empty,remove_incomplete_rows
,,,,,,,<na>,,,,,,,2469,all important fields empty,remove_incomplete_rows
,,,,,,,<na>,,,,,,,2473,all important fields empty,remove_incomplete_rows
,,,,,,,<na>,,,,,,,2474,all important fields empty,remove_incomplete_rows
,,,,,,,<na>,,,,,,,2478,all important fields empty,remove_incomplete_rows
,,,,,,,<na>,,,,,,,2479,all important fields empty,remove_incomplete_rows
,,,,,,,<na>,,,,,,,2483,all important fields empty,remove_incomplete_rows
,,,,,,,<na>,,,,,,,2484,all important fields empty,remove_incomplete_rows
,,,,,,,<na>,,,,,,,2487,all important fields empty,remove_incomplete_rows
,,,,,,,<na>,,,,,,,2488,all important fields empty,remove_incomplete_rows
,,,,,,,<na>,,,,,,,2492,all important fields empty,remove_incomplete_rows
,,,,,,,<na>,,,,,,,2493,all important fields empty,remove_incomplete_rows
,,,,,,,<na>,,,,,,,2497,all important fields empty,remove_incomplete_rows
,,,,,,,<na>,,,,,,,2498,all important fields empty,remove_incomplete_rows
,,,,,,,<na>,,,,,,,2501,all important fields empty,remove_incomplete_rows
,,,,,,,<na>,,,,,,,2502,all important fields empty,remove_incomplete_rows
,,,,,,,<na>,,,,,,,2505,all important fields empty,remove_incomplete_rows
,,,,,,,<na>,,,,,,,2506,all important fields empty,remove_incomplete_rows
,,,,,,,<na>,,,,,,,2509,all important fields empty,remove_incomplete_rows
,,,,,,,<na>,,,,,,,2510,all important fields empty,remove_incomplete_rows
,,,,,,,<na>,,,,,,,2513,all important fields empty,remove_incomplete_rows
,,,,,,,<na>,,,,,,,2514,all important fields empty,remove_incomplete_rows
,,,,,,,<na>,,,,,,,2517,all important fields empty,remove_incomplete_rows
,,,,,,,<na>,,,,,,,2518,all important fields empty,remove_incomplete_rows
,,,,,,,<na>,,,,,,,2524,all important fields empty,remove_incomplete_rows
,,,,,,,<na>,,,,,,,2525,all important fields empty,remove_incomplete_rows
,,,,,,,<na>,,,,,,,2528,all important fields empty,remove_incomplete_rows
,,,,,,,<na>,,,,,,,2529,all important fields empty,remove_incomplete_rows
,,,,,,,<na>,,,,,,,2532,all important fields empty,remove_incomplete_rows
,,,,,,,<na>,,,,,,,2533,all important fields empty,remove_incomplete_rows
,,,,,,,<na>,,,,,,,2536,all important fields empty,remove_incomplete_rows
,,,,,,,<na>,,,,,,,2537,all important fields empty,remove_incomplete_rows
,,,,,,,<na>,,,,,,,2540,all important fields empty,remove_incomplete_rows
,,,,,,,<na>,,,,,,,2541,all important fields empty,remove_incomplete_rows
,,,,,,,<na>,,,,,,,2544,all important fields empty,remove_incomplete_rows
,,,,,,,<na>,,,,,,,2545,all important fields empty,remove_incomplete_rows
,,,,,,,<na>,,,,,,,2548,all important fields empty,remove_incomplete_rows
,,,,,,,<na>,,,,,,,2549,all important fields empty,remove_incomplete_rows
,,,,,,,<na>,,,,,,,2552,all important fields empty,remove_incomplete_rows
,,,,,,,<na>,,,,,,,2553,all important fields empty,remove_incomplete_rows
,,,,,,,<na>,,,,,,,2557,all important fields empty,remove_incomplete_rows
,,,,,,,<na>,,,,,,,2558,all important fields empty,remove_incomplete_rows
,,,,,,,<na>,,,,,,,2562,all important fields empty,remove_incomplete_rows
,,,,,,,<na>,,,,,,,2563,all important fields empty,remove_incomplete_rows
,,,,,,,<na>,,,,,,,2566,all important fields empty,remove_incomplete_rows
,,,,,,,<na>,,,,,,,2567,all important fields empty,remove_incomplete_rows
,,,,,,,<na>,,,,,,,2571,all important fields empty,remove_incomplete_rows
,,,,,,,<na>,,,,,,,2572,all important fields empty,remove_incomplete_rows
,,,,,,,<na>,,,,,,,2577,all important fields empty,remove_incomplete_rows
,,,,,,,<na>,,,,,,,2578,all important fields empty,remove_incomplete_rows
,,,,,,,<na>,,,,,,,2583,all important fields empty,remove_incomplete_rows
,,,,,,,<na>,,,,,,,2584,all important fields empty,remove_incomplete_rows
,,,,,,,<na>,,,,,,,2589,all important fields empty,remove_incomplete_rows
,,,,,,,<na>,,,,,,,2590,all important fields empty,remove_incomplete_rows
,,,,,,,<na>,,,,,,,2593,all important fields empty,remove_incomplete_rows
,,,,,,,<na>,,,,,,,2594,all important fields empty,remove_incomplete_rows
,,,,,,,<na>,,,,,,,2598,all important fields empty,remove_incomplete_rows
,,,,,,,<na>,,,,,,,2599,all important fields empty,remove_incomplete_rows
,,,,,,,<na>,,,,,,,2603,all important fields empty,remove_incomplete_rows
,,,,,,,<na>,,,,,,,2604,all important fields empty,remove_incomplete_rows
,,,,,,,<na>,,,,,,,2608,all important fields empty,remove_incomplete_rows
,,,,,,,<na>,,,,,,,2609,all important fields empty,remove_incomplete_rows
,,,,,,,<na>,,,,,,,2617,all important fields empty,remove_incomplete_rows
,,,,,,,<na>,,,,,,,2618,all important fields empty,remove_incomplete_rows
,,,,,,,<na>,,,,,,,2625,all important fields empty,remove_incomplete_rows
,,,,,,,<na>,,,,,,,2626,all important fields empty,remove_incomplete_rows
,,,,,,,<na>,,,,,,,2630,all important fields empty,remove_incomplete_rows
,,,,,,,<na>,,,,,,,2631,all important fields empty,remove_incomplete_rows
,,,,,,,<na>,,,,,,,2635,all important fields empty,remove_incomplete_rows
,,,,,,,<na>,,,,,,,2636,all important fields empty,remove_incomplete_rows
,,,,,,,<na>,,,,,,,2639,all important fields empty,remove_incomplete_rows
,,,,,,,<na>,,,,,,,2640,all important fields empty,remove_incomplete_rows
,,,,,,,<na>,,,,,,,2643,all important fields empty,remove_incomplete_rows
,,,,,,,<na>,,,,,,,2644,all important fields empty,remove_incomplete_rows
,,,,,,,<na>,,,,,,,2648,all important fields empty,remove_incomplete_rows
,,,,,,,<na>,,,,,,,2649,all important fields empty,remove_incomplete_rows
,,,,,,,<na>,,,,,,,2653,all important fields empty,remove_incomplete_rows
,,,,,,,<na>,,,,,,,2654,all important fields empty,remove_incomplete_rows
,,,,,,,<na>,,,,,,,2658,all important fields empty,remove_incomplete_rows
,,,,,,,<na>,,,,,,,2659,all important fields empty,remove_incomplete_rows
,,,,,,,<na>,,,,,,,2663,all important fields empty,remove_incomplete_rows
,,,,,,,<na>,,,,,,,2664,all important fields empty,remove_incomplete_rows
,,,,,,,<na>,,,,,,,2668,all important fields empty,remove_incomplete_rows
,,,,,,,<na>,,,,,,,2669,all important fields empty,remove_incomplete_rows
,,,,,,,<na>,,,,,,,2672,all important fields empty,remove_incomplete_rows
,,,,,,,<na>,,,,,,,2673,all important fields empty,remove_incomplete_rows
,,,,,,,<na>,,,,,,,2676,all important fields empty,remove_incomplete_rows
,,,,,,,<na>,,,,,,,2677,all important fields empty,remove_incomplete_rows
,,,,,,,<na>,,,,,,,2683,all important fields empty,remove_incomplete_rows
,,,,,,,<na>,,,,,,,2684,all important fields empty,remove_incomplete_rows
,,,,,,,<na>,,,,,,,2687,all important fields empty,remove_incomplete_rows
,,,,,,,<na>,,,,,,,2688,all important fields empty,remove_incomplete_rows
,,,,,,,<na>,,,,,,,2691,all important fields empty,remove_incomplete_rows
,,,,,,,<na>,,,,,,,2692,all important fields empty,remove_incomplete_rows
,,,,,,,<na>,,,,,,,2695,all important fields empty,remove_incomplete_rows
,,,,,,,<na>,,,,,,,2696,all important fields empty,remove_incomplete_rows
,,,,,,,<na>,,,,,,,2701,all important fields empty,remove_incomplete_rows
,,,,,,,<na>,,,,,,,2702,all important fields empty,remove_incomplete_rows
,,,,,,,<na>,,,,,,,2706,all important fields empty,remove_incomplete_rows
,,,,,,,<na>,,,,,,,2707,all important fields empty,remove_incomplete_rows
,,,,,,,<na>,,,,,,,2710,all important fields empty,remove_incomplete_rows
,,,,,,,<na>,,,,,,,2711,all important fields empty,remove_incomplete_rows
,,,,,,,<na>,,,,,,,2716,all important fields empty,remove_incomplete_rows
,,,,,,,<na>,,,,,,,2717,all important fields empty,remove_incomplete_rows
,,,,,,,<na>,,,,,,,2720,all important fields empty,remove_incomplete_rows
,,,,,,,<na>,,,,,,,2721,all important fields empty,remove_incomplete_rows
,,,,,,,<na>,,,,,,,2725,all important fields empty,remove_incomplete_rows
,,,,,,,<na>,,,,,,,2726,all important fields empty,remove_incomplete_rows
,,,,,,,<na>,,,,,,,2732,all important fields empty,remove_incomplete_rows
,,,,,,,<na>,,,,,,,2733,all important fields empty,remove_incomplete_rows
,,,,,,,<na>,,,,,,,2738,all important fields empty,remove_incomplete_rows
,,,,,,,<na>,,,,,,,2739,all important fields empty,remove_incomplete_rows
,,,,,,,<na>,,,,,,,2745,all important fields empty,remove_incomplete_rows
,,,,,,,<na>,,,,,,,2746,all important fields empty,remove_incomplete_rows
,,,,,,,<na>,,,,,,,2749,all important fields empty,remove_incomplete_rows
,,,,,,,<na>,,,,,,,2750,all important fields empty,remove_incomplete_rows
,,,,,,,<na>,,,,,,,2753,all important fields empty,remove_incomplete_rows
,,,,,,,<na>,,,,,,,2754,all important fields empty,remove_incomplete_rows
,,,,,,,<na>,,,,,,,2758,all important fields empty,remove_incomplete_rows
,,,,,,,<na>,,,,,,,2759,all important fields empty,remove_incomplete_rows
,,,,,,,<na>,,,,,,,2762,all important fields empty,remove_incomplete_rows
,,,,,,,<na>,,,,,,,2763,all important fields empty,remove_incomplete_rows
,,,,,,,<na>,,,,,,,2766,all important fields empty,remove_incomplete_rows
,,,,,,,<na>,,,,,,,2767,all important fields empty,remove_incomplete_rows
,,,,,,,<na>,,,,,,,2770,all important fields empty,remove_incomplete_rows
,,,,,,,<na>,,,,,,,2771,all important fields empty,remove_incomplete_rows
,,,,,,,<na>,,,,,,,2776,all important fields empty,remove_incomplete_rows
,,,,,,,<na>,,,,,,,2777,all important fields empty,remove_incomplete_rows
,,,,,,,<na>,,,,,,,2780,all important fields empty,remove_incomplete_rows
,,,,,,,<na>,,,,,,,2781,all important fields empty,remove_incomplete_rows
,,,,,,,<na>,,,,,,,2784,all important fields empty,remove_incomplete_rows
,,,,,,,<na>,,,,,,,2785,all important fields empty,remove_incomplete_rows
,,,,,,,<na>,,,,,,,2788,all important fields empty,remove_incomplete_rows
,,,,,,,<na>,,,,,,,2789,all important fields empty,remove_incomplete_rows
,,,,,,,<na>,,,,,,,2792,all important fields empty,remove_incomplete_rows
,,,,,,,<na>,,,,,,,2793,all important fields empty,remove_incomplete_rows
,,,,,,,<na>,,,,,,,2796,all important fields empty,remove_incomplete_rows
,,,,,,,<na>,,,,,,,2797,all important fields empty,remove_incomplete_rows
,,,,,,,<na>,,,,,,,2801,all important fields empty,remove_incomplete_rows
,,,,,,,<na>,,,,,,,2802,all important fields empty,remove_incomplete_rows
,,,,,,,<na>,,,,,,,2806,all important fields empty,remove_incomplete_rows
,,,,,,,<na>,,,,,,,2807,all important fields empty,remove_incomplete_rows
,,,,,,,<na>,,,,,,,2810,all important fields empty,remove_incomplete_rows
,,,,,,,<na>,,,,,,,2811,all important fields empty,remove_incomplete_rows
,,,,,,,<na>,,,,,,,2814,all important fields empty,remove_incomplete_rows
,,,,,,,<na>,,,,,,,2815,all important fields empty,remove_incomplete_rows
,,,,,,,<na>,,,,,,,2822,all important fields empty,remove_incomplete_rows
,,,,,,,<na>,,,,,,,2823,all important fields empty,remove_incomplete_rows
,,,,,,,<na>,,,,,,,2826,all important fields empty,remove_incomplete_rows
,,,,,,,<na>,,,,,,,2827,all important fields empty,remove_incomplete_rows
,,,,,,,<na>,,,,,,,2831,all important fields empty,remove_incomplete_rows
,,,,,,,<na>,,,,,,,2832,all important fields empty,remove_incomplete_rows
,,,,,,,<na>,,,,,,,2835,all important fields empty,remove_incomplete_rows
,,,,,,,<na>,,,,,,,2836,all important fields empty,remove_incomplete_rows
,,,,,,,<na>,,,,,,,2839,all important fields empty,remove_incomplete_rows
,,,,,,,<na>,,,,,,,2840,all important fields empty,remove_incomplete_rows
,,,,,,,<na>,,,,,,,2843,all important fields empty,remove_incomplete_rows
,,,,,,,<na>,,,,,,,2844,all important fields empty,remove_incomplete_rows
,,,,,,,<na>,,,,,,,2847,all important fields empty,remove_incomplete_rows
,,,,,,,<na>,,,,,,,2848,all important fields empty,remove_incomplete_rows
,,,,,,,<na>,,,,,,,2851,all important fields empty,remove_incomplete_rows
,,,,,,,<na>,,,,,,,2852,all important fields empty,remove_incomplete_rows
,,,,,,,<na>,,,,,,,2856,all important fields empty,remove_incomplete_rows
,,,,,,,<na>,,,,,,,2857,all important fields empty,remove_incomplete_rows
,,,,,,,<na>,,,,,,,2860,all important fields empty,remove_incomplete_rows
,,,,,,,<na>,,,,,,,2861,all important fields empty,remove_incomplete_rows
,,,,,,,<na>,,,,,,,2865,all important fields empty,remove_incomplete_rows
,,,,,,,<na>,,,,,,,2866,all important fields empty,remove_incomplete_rows
,,,,,,,<na>,,,,,,,2869,all important fields empty,remove_incomplete_rows
,,,,,,,<na>,,,,,,,2870,all important fields empty,remove_incomplete_rows
,,,,,,,<na>,,,,,,,2873,all important fields empty,remove_incomplete_rows
,,,,,,,<na>,,,,,,,2874,all important fields empty,remove_incomplete_rows
,,,,,,,<na>,,,,,,,2877,all important fields empty,remove_incomplete_rows
,,,,,,,<na>,,,,,,,2878,all important fields empty,remove_incomplete_rows
,,,,,,,<na>,,,,,,,2881,all important fields empty,remove_incomplete_rows
,,,,,,,<na>,,,,,,,2882,all important fields empty,remove_incomplete_rows
,,,,,,,<na>,,,,,,,2887,all important fields empty,remove_incomplete_rows
,,,,,,,<na>,,,,,,,2888,all important fields empty,remove_incomplete_rows
,,,,,,,<na>,,,,,,,2891,all important fields empty,remove_incomplete_rows
,,,,,,,<na>,,,,,,,2892,all important fields empty,remove_incomplete_rows
,,,,,,,<na>,,,,,,,2895,all important fields empty,remove_incomplete_rows
,,,,,,,<na>,,,,,,,2896,all important fields empty,remove_incomplete_rows
,,,,,,,<na>,,,,,,,2900,all important fields empty,remove_incomplete_rows
,,,,,,,<na>,,,,,,,2901,all important fields empty,remove_incomplete_rows
,,,,,,,<na>,,,,,,,2904,all important fields empty,remove_incomplete_rows
,,,,,,,<na>,,,,,,,2905,all important fields empty,remove_incomplete_rows
,,,,,,,<na>,,,,,,,2908,all important fields empty,remove_incomplete_rows
,,,,,,,<na>,,,,,,,2909,all important fields empty,remove_incomplete_rows
,,,,,,,<na>,,,,,,,2912,all important fields empty,remove_incomplete_rows
,,,,,,,<na>,,,,,,,2913,all important fields empty,remove_incomplete_rows
,,,,,,,<na>,,,,,,,2916,all important fields empty,remove_incomplete_rows
,,,,,,,<na>,,,,,,,2917,all important fields empty,remove_incomplete_rows
,,,,,,,<na>,,,,,,,2920,all important fields empty,remove_incomplete_rows
,,,,,,,<na>,,,,,,,2921,all important fields empty,remove_incomplete_rows
,,,,,,,<na>,,,,,,,2924,all important fields empty,remove_incomplete_rows
,,,,,,,<na>,,,,,,,2925,all important fields empty,remove_incomplete_rows
,,,,,,,<na>,,,,,,,2928,all important fields empty,remove_incomplete_rows
,,,,,,,<na>,,,,,,,2929,all important fields empty,remove_incomplete_rows
,,,,,,,<na>,,,,,,,2933,all important fields empty,remove_incomplete_rows
,,,,,,,<na>,,,,,,,2934,all important fields empty,remove_incomplete_rows
,,,,,,,<na>,,,,,,,2937,all important fields empty,remove_incomplete_rows
,,,,,,,<na>,,,,,,,2938,all important fields empty,remove_incomplete_rows
,,,,,,,<na>,,,,,,,2943,all important fields empty,remove_incomplete_rows
,,,,,,,<na>,,,,,,,2944,all important fields empty,remove_incomplete_rows
,,,,,,,<na>,,,,,,,2947,all important fields empty,remove_incomplete_rows
,,,,,,,<na>,,,,,,,2948,all important fields empty,remove_incomplete_rows
,,,,,,,<na>,,,,,,,2951,all important fields empty,remove_incomplete_rows
,,,,,,,<na>,,,,,,,2952,all important fields empty,remove_incomplete_rows
,,,,,,,<na>,,,,,,,2955,all important fields empty,remove_incomplete_rows
,,,,,,,<na>,,,,,,,2956,all important fields empty,remove_incomplete_rows
,,,,,,,<na>,,,,,,,2959,all important fields empty,remove_incomplete_rows
,,,,,,,<na>,,,,,,,2960,all important fields empty,remove_incomplete_rows
,,,,,,,<na>,,,,,,,2963,all important fields empty,remove_incomplete_rows
,,,,,,,<na>,,,,,,,2964,all important fields empty,remove_incomplete_rows
,,,,,,,<na>,,,,,,,2967,all important fields empty,remove_incomplete_rows
,,,,,,,<na>,,,,,,,2968,all important fields empty,remove_incomplete_rows
,,,,,,,<na>,,,,,,,2971,all important fields empty,remove_incomplete_rows
,,,,,,,<na>,,,,,,,2972,all important fields empty,remove_incomplete_rows
,,,,,,,<na>,,,,,,,2975,all important fields empty,remove_incomplete_rows
,,,,,,,<na>,,,,,,,2976,all important fields empty,remove_incomplete_rows
,,,,,,,<na>,,,,,,,2979,all important fields empty,remove_incomplete_rows
,,,,,,,<na>,,,,,,,2980,all important fields empty,remove_incomplete_rows
,,,,,,,<na>,,,,,,,2983,all important fields empty,remove_incomplete_rows
,,,,,,,<na>,,,,,,,2984,all important fields empty,remove_incomplete_rows
,,,,,,,<na>,,,,,,,2988,all important fields empty,remove_incomplete_rows
,,,,,,,<na>,,,,,,,2989,all important fields empty,remove_incomplete_rows
,,,,,,,<na>,,,,,,,2995,all important fields empty,remove_incomplete_rows
,,,,,,,<na>,,,,,,,2996,all important fields empty,remove_incomplete_rows
,,,,,,,<na>,,,,,,,3001,all important fields empty,remove_incomplete_rows
,,,,,,,<na>,,,,,,,3002,all important fields empty,remove_incomplete_rows
,,,,,,,<na>,,,,,,,3005,all important fields empty,remove_incomplete_rows
,,,,,,,<na>,,,,,,,3006,all important fields empty,remove_incomplete_rows
,,,,,,,<na>,,,,,,,3010,all important fields empty,remove_incomplete_rows
,,,,,,,<na>,,,,,,,3011,all important fields empty,remove_incomplete_rows
,,,,,,,<na>,,,,,,,3015,all important fields empty,remove_incomplete_rows
,,,,,,,<na>,,,,,,,3016,all important fields empty,remove_incomplete_rows
,,,,,,,<na>,,,,,,,3019,all important fields empty,remove_incomplete_rows
,,,,,,,<na>,,,,,,,3020,all important fields empty,remove_incomplete_rows
,,,,,,,<na>,,,,,,,3023,all important fields empty,remove_incomplete_rows
,,,,,,,<na>,,,,,,,3024,all important fields empty,remove_incomplete_rows
,,,,,,,<na>,,,,,,,3027,all important fields empty,remove_incomplete_rows
,,,,,,,<na>,,,,,,,3028,all important fields empty,remove_incomplete_rows
,,,,,,,<na>,,,,,,,3032,all important fields empty,remove_incomplete_rows
,,,,,,,<na>,,,,,,,3033,all important fields empty,remove_incomplete_rows
,,,,,,,<na>,,,,,,,3036,all important fields empty,remove_incomplete_rows
,,,,,,,<na>,,,,,,,3037,all important fields empty,remove_incomplete_rows
,,,,,,,<na>,,,,,,,3040,all important fields empty,remove_incomplete_rows
,,,,,,,<na>,,,,,,,3041,all important fields empty,remove_incomplete_rows
,,,,,,,<na>,,,,,,,3044,all important fields empty,remove_incomplete_rows
,,,,,,,<na>,,,,,,,3045,all important fields empty,remove_incomplete_rows
,,,,,,,<na>,,,,,,,3048,all important fields empty,remove_incomplete_rows
,,,,,,,<na>,,,,,,,3049,all important fields empty,remove_incomplete_rows
,,,,,,,<na>,,,,,,,3055,all important fields empty,remove_incomplete_rows
,,,,,,,<na>,,,,,,,3056,all important fields empty,remove_incomplete_rows
,,,,,,,<na>,,,,,,,3061,all important fields empty,remove_incomplete_rows
,,,,,,,<na>,,,,,,,3062,all important fields empty,remove_incomplete_rows
,,,,,,,<na>,,,,,,,3065,all important fields empty,remove_incomplete_rows
,,,,,,,<na>,,,,,,,3066,all important fields empty,remove_incomplete_rows
,,,,,,,<na>,,,,,,,3073,all important fields empty,remove_incomplete_rows
,,,,,,,<na>,,,,,,,3074,all important fields empty,remove_incomplete_rows
,,,,,,,<na>,,,,,,,3077,all important fields empty,remove_incomplete_rows
,,,,,,,<na>,,,,,,,3078,all important fields empty,remove_incomplete_rows
,,,,,,,<na>,,,,,,,3081,all important fields empty,remove_incomplete_rows
,,,,,,,<na>,,,,,,,3082,all important fields empty,remove_incomplete_rows
,,,,,,,<na>,,,,,,,3085,all important fields empty,remove_incomplete_rows
,,,,,,,<na>,,,,,,,3086,all important fields empty,remove_incomplete_rows
,,,,,,,<na>,,,,,,,3090,all important fields empty,remove_incomplete_rows
,,,,,,,<na>,,,,,,,3091,all important fields empty,remove_incomplete_rows
,,,,,,,<na>,,,,,,,3094,all important fields empty,remove_incomplete_rows
,,,,,,,<na>,,,,,,,3095,all important fields empty,remove_incomplete_rows
,,,,,,,<na>,,,,,,,3102,all important fields empty,remove_incomplete_rows
,,,,,,,<na>,,,,,,,3103,all important fields empty,remove_incomplete_rows
,,,,,,,<na>,,,,,,,3107,all important fields empty,remove_incomplete_rows
,,,,,,,<na>,,,,,,,3108,all important fields empty,remove_incomplete_rows
,,,,,,,<na>,,,,,,,3111,all important fields empty,remove_incomplete_rows
,,,,,,,<na>,,,,,,,3112,all important fields empty,remove_incomplete_rows
,,,,,,,<na>,,,,,,,3115,all important fields empty,remove_incomplete_rows
,,,,,,,<na>,,,,,,,3116,all important fields empty,remove_incomplete_rows
,,,,,,,<na>,,,,,,,3119,all important fields empty,remove_incomplete_rows
,,,,,,,<na>,,,,,,,3120,all important fields empty,remove_incomplete_rows
,,,,,,,<na>,,,,,,,3123,all important fields empty,remove_incomplete_rows
,,,,,,,<na>,,,,,,,3124,all important fields empty,remove_incomplete_rows
,,,,,,,<na>,,,,,,,3128,all important fields empty,remove_incomplete_rows
,,,,,,,<na>,,,,,,,3129,all important fields empty,remove_incomplete_rows
,,,,,,,<na>,,,,,,,3133,all important fields empty,remove_incomplete_rows
,,,,,,,<na>,,,,,,,3134,all important fields empty,remove_incomplete_rows
,,,,,,,<na>,,,,,,,3138,all important fields empty,remove_incomplete_rows
,,,,,,,<na>,,,,,,,3139,all important fields empty,remove_incomplete_rows
,,,,,,,<na>,,,,,,,3142,all important fields empty,remove_incomplete_rows
,,,,,,,<na>,,,,,,,3143,all important fields empty,remove_incomplete_rows
,,,,,,,<na>,,,,,,,3146,all important fields empty,remove_incomplete_rows
,,,,,,,<na>,,,,,,,3147,all important fields empty,remove_incomplete_rows
,,,,,,,<na>,,,,,,,3152,all important fields empty,remove_incomplete_rows
,,,,,,,<na>,,,,,,,3153,all important fields empty,remove_incomplete_rows
,,,,,,,<na>,,,,,,,3158,all important fields empty,remove_incomplete_rows
,,,,,,,<na>,,,,,,,3159,all important fields empty,remove_incomplete_rows
,,,,,,,<na>,,,,,,,3162,all important fields empty,remove_incomplete_rows
,,,,,,,<na>,,,,,,,3163,all important fields empty,remove_incomplete_rows
,,,,,,,<na>,,,,,,,3166,all important fields empty,remove_incomplete_rows
,,,,,,,<na>,,,,,,,3167,all important fields empty,remove_incomplete_rows
,,,,,,,<na>,,,,,,,3172,all important fields empty,remove_incomplete_rows
,,,,,,,<na>,,,,,,,3173,all important fields empty,remove_incomplete_rows
,,,,,,,<na>,,,,,,,3179,all important fields empty,remove_incomplete_rows
,,,,,,,<na>,,,,,,,3180,all important fields empty,remove_incomplete_rows
,,,,,,,<na>,,,,,,,3183,all important fields empty,remove_incomplete_rows
,,,,,,,<na>,,,,,,,3184,all important fields empty,remove_incomplete_rows
,,,,,,,<na>,,,,,,,3187,all important fields empty,remove_incomplete_rows
,,,,,,,<na>,,,,,,,3188,all important fields empty,remove_incomplete_rows
,,,,,,,<na>,,,,,,,3191,all important fields empty,remove_incomplete_rows
,,,,,,,<na>,,,,,,,3192,all important fields empty,remove_incomplete_rows
,,,,,,,<na>,,,,,,,3195,all important fields empty,remove_incomplete_rows
,,,,,,,<na>,,,,,,,3196,all important fields empty,remove_incomplete_rows
,,,,,,,<na>,,,,,,,3199,all important fields empty,remove_incomplete_rows
,,,,,,,<na>,,,,,,,3200,all important fields empty,remove_incomplete_rows
,,,,,,,<na>,,,,,,,3203,all important fields empty,remove_incomplete_rows
,,,,,,,<na>,,,,,,,3204,all important fields empty,remove_incomplete_rows
,,,,,,,<na>,,,,,,,3208,all important fields empty,remove_incomplete_rows
,,,,,,,<na>,,,,,,,3209,all important fields empty,remove_incomplete_rows
,,,,,,,<na>,,,,,,,3213,all important fields empty,remove_incomplete_rows
,,,,,,,<na>,,,,,,,3214,all important fields empty,remove_incomplete_rows
,,,,,,,<na>,,,,,,,3217,all important fields empty,remove_incomplete_rows
,,,,,,,<na>,,,,,,,3218,all important fields empty,remove_incomplete_rows
,,,,,,,<na>,,,,,,,3222,all important fields empty,remove_incomplete_rows
,,,,,,,<na>,,,,,,,3223,all important fields empty,remove_incomplete_rows
,,,,,,,<na>,,,,,,,3226,all important fields empty,remove_incomplete_rows
,,,,,,,<na>,,,,,,,3227,all important fields empty,remove_incomplete_rows
,,,,,,,<na>,,,,,,,3231,all important fields empty,remove_incomplete_rows
,,,,,,,<na>,,,,,,,3232,all important fields empty,remove_incomplete_rows
,,,,,,,<na>,,,,,,,3240,all important fields empty,remove_incomplete_rows
,,,,,,,<na>,,,,,,,3241,all important fields empty,remove_incomplete_rows
,,,,,,,<na>,,,,,,,3245,all important fields empty,remove_incomplete_rows
,,,,,,,<na>,,,,,,,3246,all important fields empty,remove_incomplete_rows
,,,,,,,<na>,,,,,,,3249,all important fields empty,remove_incomplete_rows
,,,,,,,<na>,,,,,,,3250,all important fields empty,remove_incomplete_rows
,,,,,,,<na>,,,,,,,3253,all important fields empty,remove_incomplete_rows
,,,,,,,<na>,,,,,,,3254,all important fields empty,remove_incomplete_rows
,,,,,,,<na>,,,,,,,3257,all important fields empty,remove_incomplete_rows
,,,,,,,<na>,,,,,,,3258,all important fields empty,remove_incomplete_rows
,,,,,,,<na>,,,,,,,3262,all important fields empty,remove_incomplete_rows
,,,,,,,<na>,,,,,,,3263,all important fields empty,remove_incomplete_rows
,,,,,,,<na>,,,,,,,3267,all important fields empty,remove_incomplete_rows
,,,,,,,<na>,,,,,,,3268,all important fields empty,remove_incomplete_rows
,,,,,,,<na>,,,,,,,3271,all important fields empty,remove_incomplete_rows
,,,,,,,<na>,,,,,,,3272,all important fields empty,remove_incomplete_rows
,,,,,,,<na>,,,,,,,3275,all important fields empty,remove_incomplete_rows
,,,,,,,<na>,,,,,,,3276,all important fields empty,remove_incomplete_rows
,,,,,,,<na>,,,,,,,3279,all important fields empty,remove_incomplete_rows
,,,,,,,<na>,,,,,,,3280,all important fields empty,remove_incomplete_rows
,,,,,,,<na>,,,,,,,3283,all important fields empty,remove_incomplete_rows
,,,,,,,<na>,,,,,,,3284,all important fields empty,remove_incomplete_rows
,,,,,,,<na>,,,,,,,3287,all important fields empty,remove_incomplete_rows
,,,,,,,<na>,,,,,,,3288,all important fields empty,remove_incomplete_rows
,,,,,,,<na>,,,,,,,3291,all important fields empty,remove_incomplete_rows
,,,,,,,<na>,,,,,,,3292,all important fields empty,remove_incomplete_rows
,,,,,,,<na>,,,,,,,3295,all important fields empty,remove_incomplete_rows
,,,,,,,<na>,,,,,,,3296,all important fields empty,remove_incomplete_rows
,,,,,,,<na>,,,,,,,3299,all important fields empty,remove_incomplete_rows
,,,,,,,<na>,,,,,,,3300,all important fields empty,remove_incomplete_rows
,,,,,,,<na>,,,,,,,3303,all important fields empty,remove_incomplete_rows
,,,,,,,<na>,,,,,,,3304,all important fields empty,remove_incomplete_rows
,,,,,,,<na>,,,,,,,3308,all important fields empty,remove_incomplete_rows
,,,,,,,<na>,,,,,,,3309,all important fields empty,remove_incomplete_rows
,,,,,,,<na>,,,,,,,3312,all important fields empty,remove_incomplete_rows
,,,,,,,<na>,,,,,,,3313,all important fields empty,remove_incomplete_rows
,,,,,,,<na>,,,,,,,3317,all important fields empty,remove_incomplete_rows
,,,,,,,<na>,,,,,,,3318,all important fields empty,remove_incomplete_rows
,,,,,,,<na>,,,,,,,3321,all important fields empty,remove_incomplete_rows
,,,,,,,<na>,,,,,,,3322,all important fields empty,remove_incomplete_rows
,,,,,,,<na>,,,,,,,3325,all important fields empty,remove_incomplete_rows
,,,,,,,<na>,,,,,,,3326,all important fields empty,remove_incomplete_rows
,,,,,,,<na>,,,,,,,3329,all important fields empty,remove_incomplete_rows
,,,,,,,<na>,,,,,,,3330,all important fields empty,remove_incomplete_rows
,,,,,,,<na>,,,,,,,3334,all important fields empty,remove_incomplete_rows
,,,,,,,<na>,,,,,,,3335,all important fields empty,remove_incomplete_rows
,,,,,,,<na>,,,,,,,3340,all important fields empty,remove_incomplete_rows
,,,,,,,<na>,,,,,,,3341,all important fields empty,remove_incomplete_rows
,,,,,,,<na>,,,,,,,3345,all important fields empty,remove_incomplete_rows
,,,,,,,<na>,,,,,,,3346,all important fields empty,remove_incomplete_rows
,,,,,,,<na>,,,,,,,3350,all important fields empty,remove_incomplete_rows
,,,,,,,<na>,,,,,,,3351,all important fields empty,remove_incomplete_rows
,,,,,,,<na>,,,,,,,3355,all important fields empty,remove_incomplete_rows
,,,,,,,<na>,,,,,,,3356,all important fields empty,remove_incomplete_rows
,,,,,,,<na>,,,,,,,3359,all important fields empty,remove_incomplete_rows
,,,,,,,<na>,,,,,,,3360,all important fields empty,remove_incomplete_rows
,,,,,,,<na>,,,,,,,3363,all important fields empty,remove_incomplete_rows
,,,,,,,<na>,,,,,,,3364,all important fields empty,remove_incomplete_rows
,,,,,,,<na>,,,,,,,3369,all important fields empty,remove_incomplete_rows
,,,,,,,<na>,,,,,,,3370,all important fields empty,remove_incomplete_rows
,,,,,,,<na>,,,,,,,3374,all important fields empty,remove_incomplete_rows
,,,,,,,<na>,,,,,,,3375,all important fields empty,remove_incomplete_rows
,,,,,,,<na>,,,,,,,3381,all important fields empty,remove_incomplete_rows
,,,,,,,<na>,,,,,,,3382,all important fields empty,remove_incomplete_rows
,,,,,,,<na>,,,,,,,3385,all important fields empty,remove_incomplete_rows
,,,,,,,<na>,,,,,,,3386,all important fields empty,remove_incomplete_rows
,,,,,,,<na>,,,,,,,3389,all important fields empty,remove_incomplete_rows
,,,,,,,<na>,,,,,,,3390,all important fields empty,remove_incomplete_rows
,,,,,,,<na>,,,,,,,3393,all important fields empty,remove_incomplete_rows
,,,,,,,<na>,,,,,,,3394,all important fields empty,remove_incomplete_rows
,,,,,,,<na>,,,,,,,3402,all important fields empty,remove_incomplete_rows
,,,,,,,<na>,,,,,,,3403,all important fields empty,remove_incomplete_rows
,,,,,,,<na>,,,,,,,3407,all important fields empty,remove_incomplete_rows
,,,,,,,<na>,,,,,,,3408,all important fields empty,remove_incomplete_rows
,,,,,,,<na>,,,,,,,3412,all important fields empty,remove_incomplete_rows
,,,,,,,<na>,,,,,,,3413,all important fields empty,remove_incomplete_rows
,,,,,,,<na>,,,,,,,3416,all important fields empty,remove_incomplete_rows
,,,,,,,<na>,,,,,,,3417,all important fields empty,remove_incomplete_rows
,,,,,,,<na>,,,,,,,3421,all important fields empty,remove_incomplete_rows
,,,,,,,<na>,,,,,,,3422,all important fields empty,remove_incomplete_rows
,,,,,,,<na>,,,,,,,3427,all important fields empty,remove_incomplete_rows
,,,,,,,<na>,,,,,,,3428,all important fields empty,remove_incomplete_rows
,,,,,,,<na>,,,,,,,3432,all important fields empty,remove_incomplete_rows
,,,,,,,<na>,,,,,,,3433,all important fields empty,remove_incomplete_rows
,,,,,,,<na>,,,,,,,3436,all important fields empty,remove_incomplete_rows
,,,,,,,<na>,,,,,,,3437,all important fields empty,remove_incomplete_rows
,,,,,,,<na>,,,,,,,3440,all important fields empty,remove_incomplete_rows
,,,,,,,<na>,,,,,,,3441,all important fields empty,remove_incomplete_rows
,,,,,,,<na>,,,,,,,3445,all important fields empty,remove_incomplete_rows
,,,,,,,<na>,,,,,,,3446,all important fields empty,remove_incomplete_rows
,,,,,,,<na>,,,,,,,3449,all important fields empty,remove_incomplete_rows
,,,,,,,<na>,,,,,,,3450,all important fields empty,remove_incomplete_rows
,,,,,,,<na>,,,,,,,3455,all important fields empty,remove_incomplete_rows
,,,,,,,<na>,,,,,,,3456,all important fields empty,remove_incomplete_rows
,,,,,,,<na>,,,,,,,3460,all important fields empty,remove_incomplete_rows
,,,,,,,<na>,,,,,,,3461,all important fields empty,remove_incomplete_rows
,,,,,,,<na>,,,,,,,3467,all important fields empty,remove_incomplete_rows
,,,,,,,<na>,,,,,,,3468,all important fields empty,remove_incomplete_rows
,,,,,,,<na>,,,,,,,3471,all important fields empty,remove_incomplete_rows
,,,,,,,<na>,,,,,,,3472,all important fields empty,remove_incomplete_rows
,,,,,,,<na>,,,,,,,3477,all important fields empty,remove_incomplete_rows
,,,,,,,<na>,,,,,,,3478,all important fields empty,remove_incomplete_rows
,,,,,,,<na>,,,,,,,3481,all important fields empty,remove_incomplete_rows
,,,,,,,<na>,,,,,,,3482,all important fields empty,remove_incomplete_rows
,,,,,,,<na>,,,,,,,3485,all important fields empty,remove_incomplete_rows
,,,,,,,<na>,,,,,,,3486,all important fields empty,remove_incomplete_rows
,,,,,,,<na>,,,,,,,3489,all important fields empty,remove_incomplete_rows
,,,,,,,<na>,,,,,,,3490,all important fields empty,remove_incomplete_rows
,,,,,,,<na>,,,,,,,3494,all important fields empty,remove_incomplete_rows
,,,,,,,<na>,,,,,,,3495,all important fields empty,remove_incomplete_rows
,,,,,,,<na>,,,,,,,3498,all important fields empty,remove_incomplete_rows
,,,,,,,<na>,,,,,,,3499,all important fields empty,remove_incomplete_rows
,,,,,,,<na>,,,,,,,3503,all important fields empty,remove_incomplete_rows
,,,,,,,<na>,,,,,,,3504,all important fields empty,remove_incomplete_rows
,,,,,,,<na>,,,,,,,3508,all important fields empty,remove_incomplete_rows
,,,,,,,<na>,,,,,,,3509,all important fields empty,remove_incomplete_rows
,,,,,,,<na>,,,,,,,3512,all important fields empty,remove_incomplete_rows
,,,,,,,<na>,,,,,,,3513,all important fields empty,remove_incomplete_rows
,,,,,,,<na>,,,,,,,3516,all important fields empty,remove_incomplete_rows
,,,,,,,<na>,,,,,,,3517,all important fields empty,remove_incomplete_rows
,,,,,,,<na>,,,,,,,3520,all important fields empty,remove_incomplete_rows
,,,,,,,<na>,,,,,,,3521,all important fields empty,remove_incomplete_rows
,,,,,,,<na>,,,,,,,3524,all important fields empty,remove_incomplete_rows
,,,,,,,<na>,,,,,,,3525,all important fields empty,remove_incomplete_rows
,,,,,,,<na>,,,,,,,3530,all important fields empty,remove_incomplete_rows
,,,,,,,<na>,,,,,,,3531,all important fields empty,remove_incomplete_rows
,,,,,,,<na>,,,,,,,3534,all important fields empty,remove_incomplete_rows
,,,,,,,<na>,,,,,,,3535,all important fields empty,remove_incomplete_rows
,,,,,,,<na>,,,,,,,3538,all important fields empty,remove_incomplete_rows
,,,,,,,<na>,,,,,,,3539,all important fields empty,remove_incomplete_rows
,,,,,,,<na>,,,,,,,3542,all important fields empty,remove_incomplete_rows
,,,,,,,<na>,,,,,,,3543,all important fields empty,remove_incomplete_rows
,,,,,,,<na>,,,,,,,3546,all important fields empty,remove_incomplete_rows
,,,,,,,<na>,,,,,,,3547,all important fields empty,remove_incomplete_rows
,,,,,,,<na>,,,,,,,3550,all important fields empty,remove_incomplete_rows
,,,,,,,<na>,,,,,,,3551,all important fields empty,remove_incomplete_rows
,,,,,,,<na>,,,,,,,3554,all important fields empty,remove_incomplete_rows
,,,,,,,<na>,,,,,,,3555,all important fields empty,remove_incomplete_rows
,,,,,,,<na>,,,,,,,3561,all important fields empty,remove_incomplete_rows
,,,,,,,<na>,,,,,,,3562,all important fields empty,remove_incomplete_rows
,,,,,,,<na>,,,,,,,3566,all important fields empty,remove_incomplete_rows
,,,,,,,<na>,,,,,,,3567,all important fields empty,remove_incomplete_rows
,,,,,,,<na>,,,,,,,3570,all important fields empty,remove_incomplete_rows
,,,,,,,<na>,,,,,,,3571,all important fields empty,remove_incomplete_rows
,,,,,,,<na>,,,,,,,3575,all important fields empty,remove_incomplete_rows
,,,,,,,<na>,,,,,,,3576,all important fields empty,remove_incomplete_rows
,,,,,,,<na>,,,,,,,3579,all important fields empty,remove_incomplete_rows
,,,,,,,<na>,,,,,,,3580,all important fields empty,remove_incomplete_rows
,,,,,,,<na>,,,,,,,3583,all important fields empty,remove_incomplete_rows
,,,,,,,<na>,,,,,,,3584,all important fields empty,remove_incomplete_rows
,,,,,,,<na>,,,,,,,3589,all important fields empty,remove_incomplete_rows
,,,,,,,<na>,,,,,,,3590,all important fields empty,remove_incomplete_rows
,,,,,,,<na>,,,,,,,3593,all important fields empty,remove_incomplete_rows
,,,,,,,<na>,,,,,,,3594,all important fields empty,remove_incomplete_rows
,,,,,,,<na>,,,,,,,3599,all important fields empty,remove_incomplete_rows
,,,,,,,<na>,,,,,,,3600,all important fields empty,remove_incomplete_rows
,,,,,,,<na>,,,,,,,3603,all important fields empty,remove_incomplete_rows
,,,,,,,<na>,,,,,,,3604,all important fields empty,remove_incomplete_rows
,,,,,,,<na>,,,,,,,3608,all important fields empty,remove_incomplete_rows
,,,,,,,<na>,,,,,,,3609,all important fields empty,remove_incomplete_rows
,,,,,,,<na>,,,,,,,3613,all important fields empty,remove_incomplete_rows
,,,,,,,<na>,,,,,,,3614,all important fields empty,remove_incomplete_rows
,,,,,,,<na>,,,,,,,3617,all important fields empty,remove_incomplete_rows
,,,,,,,<na>,,,,,,,3618,all important fields empty,remove_incomplete_rows
,,,,,,,<na>,,,,,,,3621,all important fields empty,remove_incomplete_rows
,,,,,,,<na>,,,,,,,3622,all important fields empty,remove_incomplete_rows
,,,,,,,<na>,,,,,,,3625,all important fields empty,remove_incomplete_rows
,,,,,,,<na>,,,,,,,3626,all important fields empty,remove_incomplete_rows
,,,,,,,<na>,,,,,,,3629,all important fields empty,remove_incomplete_rows
,,,,,,,<na>,,,,,,,3630,all important fields empty,remove_incomplete_rows
,,,,,,,<na>,,,,,,,3635,all important fields empty,remove_incomplete_rows
,,,,,,,<na>,,,,,,,3636,all important fields empty,remove_incomplete_rows
,,,,,,,<na>,,,,,,,3639,all important fields empty,remove_incomplete_rows
,,,,,,,<na>,,,,,,,3640,all important fields empty,remove_incomplete_rows
,,,,,,,<na>,,,,,,,3643,all important fields empty,remove_incomplete_rows
,,,,,,,<na>,,,,,,,3644,all important fields empty,remove_incomplete_rows
,,,,,,,<na>,,,,,,,3647,all important fields empty,remove_incomplete_rows
,,,,,,,<na>,,,,,,,3648,all important fields empty,remove_incomplete_rows
,,,,,,,<na>,,,,,,,3651,all important fields empty,remove_incomplete_rows
,,,,,,,<na>,,,,,,,3652,all important fields empty,remove_incomplete_rows
,,,,,,,<na>,,,,,,,3658,all important fields empty,remove_incomplete_rows
,,,,,,,<na>,,,,,,,3659,all important fields empty,remove_incomplete_rows
,,,,,,,<na>,,,,,,,3662,all important fields empty,remove_incomplete_rows
,,,,,,,<na>,,,,,,,3663,all important fields empty,remove_incomplete_rows
,,,,,,,<na>,,,,,,,3666,all important fields empty,remove_incomplete_rows
,,,,,,,<na>,,,,,,,3667,all important fields empty,remove_incomplete_rows
,,,,,,,<na>,,,,,,,3670,all important fields empty,remove_incomplete_rows
,,,,,,,<na>,,,,,,,3671,all important fields empty,remove_incomplete_rows
,,,,,,,<na>,,,,,,,3679,all important fields empty,remove_incomplete_rows
,,,,,,,<na>,,,,,,,3680,all important fields empty,remove_incomplete_rows
,,,,,,,<na>,,,,,,,3683,all important fields empty,remove_incomplete_rows
,,,,,,,<na>,,,,,,,3684,all important fields empty,remove_incomplete_rows
,,,,,,,<na>,,,,,,,3689,all important fields empty,remove_incomplete_rows
,,,,,,,<na>,,,,,,,3690,all important fields empty,remove_incomplete_rows
,,,,,,,<na>,,,,,,,3696,all important fields empty,remove_incomplete_rows
,,,,,,,<na>,,,,,,,3697,all important fields empty,remove_incomplete_rows
,,,,,,,<na>,,,,,,,3701,all important fields empty,remove_incomplete_rows
,,,,,,,<na>,,,,,,,3702,all important fields empty,remove_incomplete_rows
,,,,,,,<na>,,,,,,,3705,all important fields empty,remove_incomplete_rows
,,,,,,,<na>,,,,,,,3706,all important fields empty,remove_incomplete_rows
,,,,,,,<na>,,,,,,,3709,all important fields empty,remove_incomplete_rows
,,,,,,,<na>,,,,,,,3710,all important fields empty,remove_incomplete_rows
,,,,,,,<na>,,,,,,,3715,all important fields empty,remove_incomplete_rows
,,,,,,,<na>,,,,,,,3716,all important fields empty,remove_incomplete_rows
,,,,,,,<na>,,,,,,,3721,all important fields empty,remove_incomplete_rows
,,,,,,,<na>,,,,,,,3722,all important fields empty,remove_incomplete_rows
,,,,,,,<na>,,,,,,,3725,all important fields empty,remove_incomplete_rows
,,,,,,,<na>,,,,,,,3726,all important fields empty,remove_incomplete_rows
,,,,,,,<na>,,,,,,,3729,all important fields empty,remove_incomplete_rows
,,,,,,,<na>,,,,,,,3730,all important fields empty,remove_incomplete_rows
,,,,,,,<na>,,,,,,,3733,all important fields empty,remove_incomplete_rows
,,,,,,,<na>,,,,,,,3734,all important fields empty,remove_incomplete_rows
,,,,,,,<na>,,,,,,,3737,all important fields empty,remove_incomplete_rows
,,,,,,,<na>,,,,,,,3738,all important fields empty,remove_incomplete_rows
,,,,,,,<na>,,,,,,,3743,all important fields empty,remove_incomplete_rows
,,,,,,,<na>,,,,,,,3744,all important fields empty,remove_incomplete_rows
,,,,,,,<na>,,,,,,,3747,all important fields empty,remove_incomplete_rows
,,,,,,,<na>,,,,,,,3748,all important fields empty,remove_incomplete_rows
,,,,,,,<na>,,,,,,,3752,all important fields empty,remove_incomplete_rows
,,,,,,,<na>,,,,,,,3753,all important fields empty,remove_incomplete_rows
,,,,,,,<na>,,,,,,,3756,all important fields empty,remove_incomplete_rows
,,,,,,,<na>,,,,,,,3757,all important fields empty,remove_incomplete_rows
,,,,,,,<na>,,,,,,,3760,all important fields empty,remove_incomplete_rows
,,,,,,,<na>,,,,,,,3761,all important fields empty,remove_incomplete_rows
,,,,,,,<na>,,,,,,,3764,all important fields empty,remove_incomplete_rows
,,,,,,,<na>,,,,,,,3765,all important fields empty,remove_incomplete_rows
,,,,,,,<na>,,,,,,,3769,all important fields empty,remove_incomplete_rows
,,,,,,,<na>,,,,,,,3770,all important fields empty,remove_incomplete_rows
,,,,,,,<na>,,,,,,,3773,all important fields empty,remove_incomplete_rows
,,,,,,,<na>,,,,,,,3774,all important fields empty,remove_incomplete_rows
,,,,,,,<na>,,,,,,,3778,all important fields empty,remove_incomplete_rows
,,,,,,,<na>,,,,,,,3779,all important fields empty,remove_incomplete_rows
,,,,,,,<na>,,,,,,,3784,all important fields empty,remove_incomplete_rows
,,,,,,,<na>,,,,,,,3785,all important fields empty,remove_incomplete_rows
,,,,,,,<na>,,,,,,,3788,all important fields empty,remove_incomplete_rows
,,,,,,,<na>,,,,,,,3789,all important fields empty,remove_incomplete_rows
,,,,,,,<na>,,,,,,,3792,all important fields empty,remove_incomplete_rows
,,,,,,,<na>,,,,,,,3793,all important fields empty,remove_incomplete_rows
,,,,,,,<na>,,,,,,,3801,all important fields empty,remove_incomplete_rows
,,,,,,,<na>,,,,,,,3802,all important fields empty,remove_incomplete_rows
,,,,,,,<na>,,,,,,,3805,all important fields empty,remove_incomplete_rows
,,,,,,,<na>,,,,,,,3806,all important fields empty,remove_incomplete_rows
,,,,,,,<na>,,,,,,,3810,all important fields empty,remove_incomplete_rows
,,,,,,,<na>,,,,,,,3811,all important fields empty,remove_incomplete_rows
,,,,,,,<na>,,,,,,,3815,all important fields empty,remove_incomplete_rows
,,,,,,,<na>,,,,,,,3816,all important fields empty,remove_incomplete_rows
,,,,,,,<na>,,,,,,,3820,all important fields empty,remove_incomplete_rows
,,,,,,,<na>,,,,,,,3821,all important fields empty,remove_incomplete_rows
,,,,,,,<na>,,,,,,,3824,all important fields empty,remove_incomplete_rows
,,,,,,,<na>,,,,,,,3825,all important fields empty,remove_incomplete_rows
,,,,,,,<na>,,,,,,,3828,all important fields empty,remove_incomplete_rows
,,,,,,,<na>,,,,,,,3829,all important fields empty,remove_incomplete_rows
,,,,,,,<na>,,,,,,,3833,all important fields empty,remove_incomplete_rows
,,,,,,,<na>,,,,,,,3834,all important fields empty,remove_incomplete_rows
,,,,,,,<na>,,,,,,,3837,all important fields empty,remove_incomplete_rows
,,,,,,,<na>,,,,,,,3838,all important fields empty,remove_incomplete_rows
,,,,,,,<na>,,,,,,,3844,all important fields empty,remove_incomplete_rows
,,,,,,,<na>,,,,,,,3845,all important fields empty,remove_incomplete_rows
,,,,,,,<na>,,,,,,,3848,all important fields empty,remove_incomplete_rows
,,,,,,,<na>,,,,,,,3849,all important fields empty,remove_incomplete_rows
,,,,,,,<na>,,,,,,,3852,all important fields empty,remove_incomplete_rows
,,,,,,,<na>,,,,,,,3853,all important fields empty,remove_incomplete_rows
,,,,,,,<na>,,,,,,,3857,all important fields empty,remove_incomplete_rows
,,,,,,,<na>,,,,,,,3858,all important fields empty,remove_incomplete_rows
,,,,,,,<na>,,,,,,,3861,all important fields empty,remove_incomplete_rows
,,,,,,,<na>,,,,,,,3862,all important fields empty,remove_incomplete_rows
,,,,,,,<na>,,,,,,,3865,all important fields empty,remove_incomplete_rows
,,,,,,,<na>,,,,,,,3866,all important fields empty,remove_incomplete_rows
,,,,,,,<na>,,,,,,,3869,all important fields empty,remove_incomplete_rows
,,,,,,,<na>,,,,,,,3870,all important fields empty,remove_incomplete_rows
,,,,,,,<na>,,,,,,,3874,all important fields empty,remove_incomplete_rows
,,,,,,,<na>,,,,,,,3875,all important fields empty,remove_incomplete_rows
,,,,,,,<na>,,,,,,,3878,all important fields empty,remove_incomplete_rows
,,,,,,,<na>,,,,,,,3879,all important fields empty,remove_incomplete_rows
,,,,,,,<na>,,,,,,,3882,all important fields empty,remove_incomplete_rows
,,,,,,,<na>,,,,,,,3883,all important fields empty,remove_incomplete_rows
,,,,,,,<na>,,,,,,,3888,all important fields empty,remove_incomplete_rows
,,,,,,,<na>,,,,,,,3889,all important fields empty,remove_incomplete_rows
,,,,,,,<na>,,,,,,,3892,all important fields empty,remove_incomplete_rows
,,,,,,,<na>,,,,,,,3893,all important fields empty,remove_incomplete_rows
,,,,,,,<na>,,,,,,,3898,all important fields empty,remove_incomplete_rows
,,,,,,,<na>,,,,,,,3899,all important fields empty,remove_incomplete_rows
,,,,,,,<na>,,,,,,,3904,all important fields empty,remove_incomplete_rows
,,,,,,,<na>,,,,,,,3905,all important fields empty,remove_incomplete_rows
,,,,,,,<na>,,,,,,,3910,all important fields empty,remove_incomplete_rows
,,,,,,,<na>,,,,,,,3911,all important fields empty,remove_incomplete_rows
,,,,,,,<na>,,,,,,,3916,all important fields empty,remove_incomplete_rows
,,,,,,,<na>,,,,,,,3917,all important fields empty,remove_incomplete_rows
,,,,,,,<na>,,,,,,,3920,all important fields empty,remove_incomplete_rows
,,,,,,,<na>,,,,,,,3921,all important fields empty,remove_incomplete_rows
,,,,,,,<na>,,,,,,,3924,all important fields empty,remove_incomplete_rows
,,,,,,,<na>,,,,,,,3925,all important fields empty,remove_incomplete_rows
,,,,,,,<na>,,,,,,,3928,all important fields empty,remove_incomplete_rows
,,,,,,,<na>,,,,,,,3929,all important fields empty,remove_incomplete_rows
,,,,,,,<na>,,,,,,,3936,all important fields empty,remove_incomplete_rows
,,,,,,,<na>,,,,,,,3937,all important fields empty,remove_incomplete_rows
,,,,,,,<na>,,,,,,,3940,all important fields empty,remove_incomplete_rows
,,,,,,,<na>,,,,,,,3941,all important fields empty,remove_incomplete_rows
,,,,,,,<na>,,,,,,,3944,all important fields empty,remove_incomplete_rows
,,,,,,,<na>,,,,,,,3945,all important fields empty,remove_incomplete_rows
,,,,,,,<na>,,,,,,,3948,all important fields empty,remove_incomplete_rows
,,,,,,,<na>,,,,,,,3949,all important fields empty,remove_incomplete_rows
,,,,,,,<na>,,,,,,,3953,all important fields empty,remove_incomplete_rows
,,,,,,,<na>,,,,,,,3954,all important fields empty,remove_incomplete_rows
,,,,,,,<na>,,,,,,,3957,all important fields empty,remove_incomplete_rows
,,,,,,,<na>,,,,,,,3958,all important fields empty,remove_incomplete_rows
,,,,,,,<na>,,,,,,,3962,all important fields empty,remove_incomplete_rows
,,,,,,,<na>,,,,,,,3963,all important fields empty,remove_incomplete_rows
,,,,,,,<na>,,,,,,,3966,all important fields empty,remove_incomplete_rows
,,,,,,,<na>,,,,,,,3967,all important fields empty,remove_incomplete_rows
,,,,,,,<na>,,,,,,,3970,all important fields empty,remove_incomplete_rows
,,,,,,,<na>,,,,,,,3971,all important fields empty,remove_incomplete_rows
,,,,,,,<na>,,,,,,,3977,all important fields empty,remove_incomplete_rows
,,,,,,,<na>,,,,,,,3978,all important fields empty,remove_incomplete_rows
,,,,,,,<na>,,,,,,,3983,all important fields empty,remove_incomplete_rows
,,,,,,,<na>,,,,,,,3984,all important fields empty,remove_incomplete_rows
,,,,,,,<na>,,,,,,,3988,all important fields empty,remove_incomplete_rows
,,,,,,,<na>,,,,,,,3989,all important fields empty,remove_incomplete_rows
,,,,,,,<na>,,,,,,,3992,all important fields empty,remove_incomplete_rows
,,,,,,,<na>,,,,,,,3993,all important fields empty,remove_incomplete_rows
,,,,,,,<na>,,,,,,,3996,all important fields empty,remove_incomplete_rows
,,,,,,,<na>,,,,,,,3997,all important fields empty,remove_incomplete_rows
,,,,,,,<na>,,,,,,,4000,all important fields empty,remove_incomplete_rows
,,,,,,,<na>,,,,,,,4001,all important fields empty,remove_incomplete_rows
,,,,,,,<na>,,,,,,,4004,all important fields empty,remove_incomplete_rows
,,,,,,,<na>,,,,,,,4005,all important fields empty,remove_incomplete_rows
,,,,,,,<na>,,,,,,,4008,all important fields empty,remove_incomplete_rows
,,,,,,,<na>,,,,,,,4009,all important fields empty,remove_incomplete_rows
,,,,,,,<na>,,,,,,,4012,all important fields empty,remove_incomplete_rows
,,,,,,,<na>,,,,,,,4013,all important fields empty,remove_incomplete_rows
,,,,,,,<na>,,,,,,,4016,all important fields empty,remove_incomplete_rows
,,,,,,,<na>,,,,,,,4017,all important fields empty,remove_incomplete_rows
,,,,,,,<na>,,,,,,,4022,all important fields empty,remove_incomplete_rows
,,,,,,,<na>,,,,,,,4023,all important fields empty,remove_incomplete_rows
,,,,,,,<na>,,,,,,,4026,all important fields empty,remove_incomplete_rows
,,,,,,,<na>,,,,,,,4027,all important fields empty,remove_incomplete_rows
,,,,,,,<na>,,,,,,,4030,all important fields empty,remove_incomplete_rows
,,,,,,,<na>,,,,,,,4031,all important fields empty,remove_incomplete_rows
,,,,,,,<na>,,,,,,,4034,all important fields empty,remove_incomplete_rows
,,,,,,,<na>,,,,,,,4035,all important fields empty,remove_incomplete_rows
,,,,,,,<na>,,,,,,,4038,all important fields empty,remove_incomplete_rows
,,,,,,,<na>,,,,,,,4039,all important fields empty,remove_incomplete_rows
,,,,,,,<na>,,,,,,,4043,all important fields empty,remove_incomplete_rows
,,,,,,,<na>,,,,,,,4044,all important fields empty,remove_incomplete_rows
,,,,,,,<na>,,,,,,,4047,all important fields empty,remove_incomplete_rows
,,,,,,,<na>,,,,,,,4048,all important fields empty,remove_incomplete_rows
,,,,,,,<na>,,,,,,,4052,all important fields empty,remove_incomplete_rows
,,,,,,,<na>,,,,,,,4053,all important fields empty,remove_incomplete_rows
,,,,,,,<na>,,,,,,,4058,all important fields empty,remove_incomplete_rows
,,,,,,,<na>,,,,,,,4059,all important fields empty,remove_incomplete_rows
,,,,,,,<na>,,,,,,,4062,all important fields empty,remove_incomplete_rows
,,,,,,,<na>,,,,,,,4063,all important fields empty,remove_incomplete_rows
,,,,,,,<na>,,,,,,,4067,all important fields empty,remove_incomplete_rows
,,,,,,,<na>,,,,,,,4068,all important fields empty,remove_incomplete_rows
,,,,,,,<na>,,,,,,,4071,all important fields empty,remove_incomplete_rows
,,,,,,,<na>,,,,,,,4072,all important fields empty,remove_incomplete_rows
,,,,,,,<na>,,,,,,,4075,all important fields empty,remove_incomplete_rows
,,,,,,,<na>,,,,,,,4076,all important fields empty,remove_incomplete_rows
,,,,,,,<na>,,,,,,,4080,all important fields empty,remove_incomplete_rows
,,,,,,,<na>,,,,,,,4081,all important fields empty,remove_incomplete_rows
,,,,,,,<na>,,,,,,,4084,all important fields empty,remove_incomplete_rows
,,,,,,,<na>,,,,,,,4085,all important fields empty,remove_incomplete_rows
,,,,,,,<na>,,,,,,,4088,all important fields empty,remove_incomplete_rows
,,,,,,,<na>,,,,,,,4089,all important fields empty,remove_incomplete_rows
,,,,,,,<na>,,,,,,,4093,all important fields empty,remove_incomplete_rows
,,,,,,,<na>,,,,,,,4094,all important fields empty,remove_incomplete_rows
,,,,,,,<na>,,,,,,,4099,all important fields empty,remove_incomplete_rows
,,,,,,,<na>,,,,,,,4100,all important fields empty,remove_incomplete_rows
,,,,,,,<na>,,,,,,,4103,all important fields empty,remove_incomplete_rows
,,,,,,,<na>,,,,,,,4104,all important fields empty,remove_incomplete_rows
,,,,,,,<na>,,,,,,,4110,all important fields empty,remove_incomplete_rows
,,,,,,,<na>,,,,,,,4111,all important fields empty,remove_incomplete_rows
,,,,,,,<na>,,,,,,,4114,all important fields empty,remove_incomplete_rows
,,,,,,,<na>,,,,,,,4115,all important fields empty,remove_incomplete_rows
,,,,,,,<na>,,,,,,,4118,all important fields empty,remove_incomplete_rows
,,,,,,,<na>,,,,,,,4119,all important fields empty,remove_incomplete_rows
,,,,,,,<na>,,,,,,,4122,all important fields empty,remove_incomplete_rows
,,,,,,,<na>,,,,,,,4123,all important fields empty,remove_incomplete_rows
,,,,,,,<na>,,,,,,,4126,all important fields empty,remove_incomplete_rows
,,,,,,,<na>,,,,,,,4127,all important fields empty,remove_incomplete_rows
,,,,,,,<na>,,,,,,,4130,all important fields empty,remove_incomplete_rows
,,,,,,,<na>,,,,,,,4131,all important fields empty,remove_incomplete_rows
,,,,,,,<na>,,,,,,,4135,all important fields empty,remove_incomplete_rows
,,,,,,,<na>,,,,,,,4136,all important fields empty,remove_incomplete_rows
,,,,,,,<na>,,,,,,,4140,all important fields empty,remove_incomplete_rows
,,,,,,,<na>,,,,,,,4141,all important fields empty,remove_incomplete_rows
,,,,,,,<na>,,,,,,,4145,all important fields empty,remove_incomplete_rows
,,,,,,,<na>,,,,,,,4146,all important fields empty,remove_incomplete_rows
,,,,,,,<na>,,,,,,,4150,all important fields empty,remove_incomplete_rows
,,,,,,,<na>,,,,,,,4151,all important fields empty,remove_incomplete_rows
,,,,,,,<na>,,,,,,,4155,all important fields empty,remove_incomplete_rows
,,,,,,,<na>,,,,,,,4156,all important fields empty,remove_incomplete_rows
,,,,,,,<na>,,,,,,,4159,all important fields empty,remove_incomplete_rows
,,,,,,,<na>,,,,,,,4160,all important fields empty,remove_incomplete_rows
,,,,,,,<na>,,,,,,,4164,all important fields empty,remove_incomplete_rows
,,,,,,,<na>,,,,,,,4165,all important fields empty,remove_incomplete_rows
,,,,,,,<na>,,,,,,,4168,all important fields empty,remove_incomplete_rows
,,,,,,,<na>,,,,,,,4169,all important fields empty,remove_incomplete_rows
,,,,,,,<na>,,,,,,,4172,all important fields empty,remove_incomplete_rows
,,,,,,,<na>,,,,,,,4173,all important fields empty,remove_incomplete_rows
,,,,,,,<na>,,,,,,,4178,all important fields empty,remove_incomplete_rows
,,,,,,,<na>,,,,,,,4179,all important fields empty,remove_incomplete_rows
,,,,,,,<na>,,,,,,,4182,all important fields empty,remove_incomplete_rows
,,,,,,,<na>,,,,,,,4183,all important fields empty,remove_incomplete_rows
,,,,,,,<na>,,,,,,,4190,all important fields empty,remove_incomplete_rows
,,,,,,,<na>,,,,,,,4191,all important fields empty,remove_incomplete_rows
,,,,,,,<na>,,,,,,,4194,all important fields empty,remove_incomplete_rows
,,,,,,,<na>,,,,,,,4195,all important fields empty,remove_incomplete_rows
,,,,,,,<na>,,,,,,,4198,all important fields empty,remove_incomplete_rows
,,,,,,,<na>,,,,,,,4199,all important fields empty,remove_incomplete_rows
,,,,,,,<na>,,,,,,,4202,all important fields empty,remove_incomplete_rows
,,,,,,,<na>,,,,,,,4203,all important fields empty,remove_incomplete_rows
,,,,,,,<na>,,,,,,,4206,all important fields empty,remove_incomplete_rows
,,,,,,,<na>,,,,,,,4207,all important fields empty,remove_incomplete_rows
,,,,,,,<na>,,,,,,,4210,all important fields empty,remove_incomplete_rows
,,,,,,,<na>,,,,,,,4211,all important fields empty,remove_incomplete_rows
,,,,,,,<na>,,,,,,,4215,all important fields empty,remove_incomplete_rows
,,,,,,,<na>,,,,,,,4216,all important fields empty,remove_incomplete_rows
,,,,,,,<na>,,,,,,,4219,all important fields empty,remove_incomplete_rows
,,,,,,,<na>,,,,,,,4220,all important fields empty,remove_incomplete_rows
,,,,,,,<na>,,,,,,,4223,all important fields empty,remove_incomplete_rows
,,,,,,,<na>,,,,,,,4224,all important fields empty,remove_incomplete_rows
,,,,,,,<na>,,,,,,,4228,all important fields empty,remove_incomplete_rows
,,,,,,,<na>,,,,,,,4229,all important fields empty,remove_incomplete_rows
,,,,,,,<na>,,,,,,,4232,all important fields empty,remove_incomplete_rows
,,,,,,,<na>,,,,,,,4233,all important fields empty,remove_incomplete_rows
,,,,,,,<na>,,,,,,,4237,all important fields empty,remove_incomplete_rows
,,,,,,,<na>,,,,,,,4238,all important fields empty,remove_incomplete_rows
,,,,,,,<na>,,,,,,,4241,all important fields empty,remove_incomplete_rows
,,,,,,,<na>,,,,,,,4242,all important fields empty,remove_incomplete_rows
,,,,,,,<na>,,,,,,,4249,all important fields empty,remove_incomplete_rows
,,,,,,,<na>,,,,,,,4250,all important fields empty,remove_incomplete_rows
,,,,,,,<na>,,,,,,,4253,all important fields empty,remove_incomplete_rows
,,,,,,,<na>,,,,,,,4254,all important fields empty,remove_incomplete_rows
,,,,,,,<na>,,,,,,,4258,all important fields empty,remove_incomplete_rows
,,,,,,,<na>,,,,,,,4259,all important fields empty,remove_incomplete_rows
,,,,,,,<na>,,,,,,,4263,all important fields empty,remove_incomplete_rows
,,,,,,,<na>,,,,,,,4264,all important fields empty,remove_incomplete_rows
,,,,,,,<na>,,,,,,,4268,all important fields empty,remove_incomplete_rows
,,,,,,,<na>,,,,,,,4269,all important fields empty,remove_incomplete_rows
,,,,,,,<na>,,,,,,,4272,all important fields empty,remove_incomplete_rows
,,,,,,,<na>,,,,,,,4273,all important fields empty,remove_incomplete_rows
,,,,,,,<na>,,,,,,,4276,all important fields empty,remove_incomplete_rows
,,,,,,,<na>,,,,,,,4277,all important fields empty,remove_incomplete_rows
,,,,,,,<na>,,,,,,,4280,all important fields empty,remove_incomplete_rows
,,,,,,,<na>,,,,,,,4281,all important fields empty,remove_incomplete_rows
,,,,,,,<na>,,,,,,,4285,all important fields empty,remove_incomplete_rows
,,,,,,,<na>,,,,,,,4286,all important fields empty,remove_incomplete_rows
,,,,,,,<na>,,,,,,,4290,all important fields empty,remove_incomplete_rows
,,,,,,,<na>,,,,,,,4291,all important fields empty,remove_incomplete_rows
,,,,,,,<na>,,,,,,,4294,all important fields empty,remove_incomplete_rows
,,,,,,,<na>,,,,,,,4295,all important fields empty,remove_incomplete_rows
,,,,,,,<na>,,,,,,,4298,all important fields empty,remove_incomplete_rows
,,,,,,,<na>,,,,,,,4299,all important fields empty,remove_incomplete_rows
,,,,,,,<na>,,,,,,,4302,all important fields empty,remove_incomplete_rows
,,,,,,,<na>,,,,,,,4303,all important fields empty,remove_incomplete_rows
,,,,,,,<na>,,,,,,,4307,all important fields empty,remove_incomplete_rows
,,,,,,,<na>,,,,,,,4308,all important fields empty,remove_incomplete_rows
,,,,,,,<na>,,,,,,,4312,all important fields empty,remove_incomplete_rows
,,,,,,,<na>,,,,,,,4313,all important fields empty,remove_incomplete_rows
,,,,,,,<na>,,,,,,,4316,all important fields empty,remove_incomplete_rows
,,,,,,,<na>,,,,,,,4317,all important fields empty,remove_incomplete_rows
,,,,,,,<na>,,,,,,,4320,all important fields empty,remove_incomplete_rows
,,,,,,,<na>,,,,,,,4321,all important fields empty,remove_incomplete_rows
,,,,,,,<na>,,,,,,,4324,all important fields empty,remove_incomplete_rows
,,,,,,,<na>,,,,,,,4325,all important fields empty,remove_incomplete_rows
,,,,,,,<na>,,,,,,,4328,all important fields empty,remove_incomplete_rows
,,,,,,,<na>,,,,,,,4329,all important fields empty,remove_incomplete_rows
,,,,,,,<na>,,,,,,,4332,all important fields empty,remove_incomplete_rows
,,,,,,,<na>,,,,,,,4333,all important fields empty,remove_incomplete_rows
,,,,,,,<na>,,,,,,,4337,all important fields empty,remove_incomplete_rows
,,,,,,,<na>,,,,,,,4338,all important fields empty,remove_incomplete_rows
,,,,,,,<na>,,,,,,,4342,all important fields empty,remove_incomplete_rows
,,,,,,,<na>,,,,,,,4343,all important fields empty,remove_incomplete_rows
,,,,,,,<na>,,,,,,,4346,all important fields empty,remove_incomplete_rows
,,,,,,,<na>,,,,,,,4347,all important fields empty,remove_incomplete_rows
,,,,,,,<na>,,,,,,,4350,all important fields empty,remove_incomplete_rows
,,,,,,,<na>,,,,,,,4351,all important fields empty,remove_incomplete_rows
,,,,,,,<na>,,,,,,,4355,all important fields empty,remove_incomplete_rows
,,,,,,,<na>,,,,,,,4356,all important fields empty,remove_incomplete_rows
,,,,,,,<na>,,,,,,,4359,all important fields empty,remove_incomplete_rows
,,,,,,,<na>,,,,,,,4360,all important fields empty,remove_incomplete_rows
,,,,,,,<na>,,,,,,,4363,all important fields empty,remove_incomplete_rows
,,,,,,,<na>,,,,,,,4364,all important fields empty,remove_incomplete_rows
,,,,,,,<na>,,,,,,,4368,all important fields empty,remove_incomplete_rows
,,,,,,,<na>,,,,,,,4369,all important fields empty,remove_incomplete_rows
,,,,,,,<na>,,,,,,,4374,all important fields empty,remove_incomplete_rows
,,,,,,,<na>,,,,,,,4375,all important fields empty,remove_incomplete_rows
,,,,,,,<na>,,,,,,,4378,all important fields empty,remove_incomplete_rows
,,,,,,,<na>,,,,,,,4379,all important fields empty,remove_incomplete_rows
,,,,,,,<na>,,,,,,,4382,all important fields empty,remove_incomplete_rows
,,,,,,,<na>,,,,,,,4383,all important fields empty,remove_incomplete_rows
,,,,,,,<na>,,,,,,,4386,all important fields empty,remove_incomplete_rows
,,,,,,,<na>,,,,,,,4387,all important fields empty,remove_incomplete_rows
,,,,,,,<na>,,,,,,,4393,all important fields empty,remove_incomplete_rows
,,,,,,,<na>,,,,,,,4394,all important fields empty,remove_incomplete_rows
,,,,,,,<na>,,,,,,,4397,all important fields empty,remove_incomplete_rows
,,,,,,,<na>,,,,,,,4398,all important fields empty,remove_incomplete_rows
,,,,,,,<na>,,,,,,,4401,all important fields empty,remove_incomplete_rows
,,,,,,,<na>,,,,,,,4402,all important fields empty,remove_incomplete_rows
,,,,,,,<na>,,,,,,,4405,all important fields empty,remove_incomplete_rows
,,,,,,,<na>,,,,,,,4406,all important fields empty,remove_incomplete_rows
,,,,,,,<na>,,,,,,,4410,all important fields empty,remove_incomplete_rows
,,,,,,,<na>,,,,,,,4411,all important fields empty,remove_incomplete_rows
,,,,,,,<na>,,,,,,,4414,all important fields empty,remove_incomplete_rows
,,,,,,,<na>,,,,,,,4415,all important fields empty,remove_incomplete_rows
,,,,,,,<na>,,,,,,,4418,all important fields empty,remove_incomplete_rows
,,,,,,,<na>,,,,,,,4419,all important fields empty,remove_incomplete_rows
,,,,,,,<na>,,,,,,,4423,all important fields empty,remove_incomplete_rows
,,,,,,,<na>,,,,,,,4424,all important fields empty,remove_incomplete_rows
,,,,,,,<na>,,,,,,,4429,all important fields empty,remove_incomplete_rows
,,,,,,,<na>,,,,,,,4430,all important fields empty,remove_incomplete_rows
,,,,,,,<na>,,,,,,,4433,all important fields empty,remove_incomplete_rows
,,,,,,,<na>,,,,,,,4434,all important fields empty,remove_incomplete_rows
,,,,,,,<na>,,,,,,,4438,all important fields empty,remove_incomplete_rows
,,,,,,,<na>,,,,,,,4439,all important fields empty,remove_incomplete_rows
,,,,,,,<na>,,,,,,,4443,all important fields empty,remove_incomplete_rows
,,,,,,,<na>,,,,,,,4444,all important fields empty,remove_incomplete_rows
,,,,,,,<na>,,,,,,,4448,all important fields empty,remove_incomplete_rows
,,,,,,,<na>,,,,,,,4449,all important fields empty,remove_incomplete_rows
,,,,,,,<na>,,,,,,,4455,all important fields empty,remove_incomplete_rows
,,,,,,,<na>,,,,,,,4456,all important fields empty,remove_incomplete_rows
,,,,,,,<na>,,,,,,,4459,all important fields empty,remove_incomplete_rows
,,,,,,,<na>,,,,,,,4460,all important fields empty,remove_incomplete_rows
,,,,,,,<na>,,,,,,,4463,all important fields empty,remove_incomplete_rows
,,,,,,,<na>,,,,,,,4464,all important fields empty,remove_incomplete_rows
,,,,,,,<na>,,,,,,,4467,all important fields empty,remove_incomplete_rows
,,,,,,,<na>,,,,,,,4468,all important fields empty,remove_incomplete_rows
,,,,,,,<na>,,,,,,,4471,all important fields empty,remove_incomplete_rows
,,,,,,,<na>,,,,,,,4472,all important fields empty,remove_incomplete_rows
,,,,,,,<na>,,,,,,,4475,all important fields empty,remove_incomplete_rows
,,,,,,,<na>,,,,,,,4476,all important fields empty,remove_incomplete_rows
,,,,,,,<na>,,,,,,,4480,all important fields empty,remove_incomplete_rows
,,,,,,,<na>,,,,,,,4481,all important fields empty,remove_incomplete_rows
,,,,,,,<na>,,,,,,,4486,all important fields empty,remove_incomplete_rows
,,,,,,,<na>,,,,,,,4487,all important fields empty,remove_incomplete_rows
,,,,,,,<na>,,,,,,,4493,all important fields empty,remove_incomplete_rows
,,,,,,,<na>,,,,,,,4494,all important fields empty,remove_incomplete_rows
,,,,,,,<na>,,,,,,,4498,all important fields empty,remove_incomplete_rows
,,,,,,,<na>,,,,,,,4499,all important fields empty,remove_incomplete_rows
,,,,,,,<na>,,,,,,,4502,all important fields empty,remove_incomplete_rows
,,,,,,,<na>,,,,,,,4503,all important fields empty,remove_incomplete_rows
,,,,,,,<na>,,,,,,,4506,all important fields empty,remove_incomplete_rows
,,,,,,,<na>,,,,,,,4507,all important fields empty,remove_incomplete_rows
,,,,,,,<na>,,,,,,,4510,all important fields empty,remove_incomplete_rows
,,,,,,,<na>,,,,,,,4511,all important fields empty,remove_incomplete_rows
,,,,,,,<na>,,,,,,,4514,all important fields empty,remove_incomplete_rows
,,,,,,,<na>,,,,,,,4515,all important fields empty,remove_incomplete_rows
,,,,,,,<na>,,,,,,,4519,all important fields empty,remove_incomplete_rows
,,,,,,,<na>,,,,,,,4520,all important fields empty,remove_incomplete_rows
,,,,,,,<na>,,,,,,,4523,all important fields empty,remove_incomplete_rows
,,,,,,,<na>,,,,,,,4524,all important fields empty,remove_incomplete_rows
,,,,,,,<na>,,,,,,,4527,all important fields empty,remove_incomplete_rows
,,,,,,,<na>,,,,,,,4528,all important fields empty,remove_incomplete_rows
,,,,,,,<na>,,,,,,,4531,all important fields empty,remove_incomplete_rows
,,,,,,,<na>,,,,,,,4532,all important fields empty,remove_incomplete_rows
,,,,,,,<na>,,,,,,,4535,all important fields empty,remove_incomplete_rows
,,,,,,,<na>,,,,,,,4536,all important fields empty,remove_incomplete_rows
,,,,,,,<na>,,,,,,,4539,all important fields empty,remove_incomplete_rows
,,,,,,,<na>,,,,,,,4540,all important fields empty,remove_incomplete_rows
,,,,,,,<na>,,,,,,,4544,all important fields empty,remove_incomplete_rows
,,,,,,,<na>,,,,,,,4545,all important fields empty,remove_incomplete_rows
,,,,,,,<na>,,,,,,,4549,all important fields empty,remove_incomplete_rows
,,,,,,,<na>,,,,,,,4550,all important fields empty,remove_incomplete_rows
,,,,,,,<na>,,,,,,,4556,all important fields empty,remove_incomplete_rows
,,,,,,,<na>,,,,,,,4557,all important fields empty,remove_incomplete_rows
,,,,,,,<na>,,,,,,,4561,all important fields empty,remove_incomplete_rows
,,,,,,,<na>,,,,,,,4562,all important fields empty,remove_incomplete_rows
,,,,,,,<na>,,,,,,,4565,all important fields empty,remove_incomplete_rows
,,,,,,,<na>,,,,,,,4566,all important fields empty,remove_incomplete_rows
,,,,,,,<na>,,,,,,,4569,all important fields empty,remove_incomplete_rows
,,,,,,,<na>,,,,,,,4570,all important fields empty,remove_incomplete_rows
,,,,,,,<na>,,,,,,,4573,all important fields empty,remove_incomplete_rows
,,,,,,,<na>,,,,,,,4574,all important fields empty,remove_incomplete_rows
,,,,,,,<na>,,,,,,,4579,all important fields empty,remove_incomplete_rows
,,,,,,,<na>,,,,,,,4580,all important fields empty,remove_incomplete_rows
,,,,,,,<na>,,,,,,,4583,all important fields empty,remove_incomplete_rows
,,,,,,,<na>,,,,,,,4584,all important fields empty,remove_incomplete_rows
,,,,,,,<na>,,,,,,,4588,all important fields empty,remove_incomplete_rows
,,,,,,,<na>,,,,,,,4589,all important fields empty,remove_incomplete_rows
,,,,,,,<na>,,,,,,,4592,all important fields empty,remove_incomplete_rows
,,,,,,,<na>,,,,,,,4593,all important fields empty,remove_incomplete_rows
,,,,,,,<na>,,,,,,,4597,all important fields empty,remove_incomplete_rows
,,,,,,,<na>,,,,,,,4598,all important fields empty,remove_incomplete_rows
,,,,,,,<na>,,,,,,,4602,all important fields empty,remove_incomplete_rows
,,,,,,,<na>,,,,,,,4603,all important fields empty,remove_incomplete_rows
,,,,,,,<na>,,,,,,,4606,all important fields empty,remove_incomplete_rows
,,,,,,,<na>,,,,,,,4607,all important fields empty,remove_incomplete_rows
,,,,,,,<na>,,,,,,,4610,all important fields empty,remove_incomplete_rows
,,,,,,,<na>,,,,,,,4611,all important fields empty,remove_incomplete_rows
,,,,,,,<na>,,,,,,,4618,all important fields empty,remove_incomplete_rows
,,,,,,,<na>,,,,,,,4619,all important fields empty,remove_incomplete_rows
,,,,,,,<na>,,,,,,,4623,all important fields empty,remove_incomplete_rows
,,,,,,,<na>,,,,,,,4624,all important fields empty,remove_incomplete_rows
,,,,,,,<na>,,,,,,,4627,all important fields empty,remove_incomplete_rows
,,,,,,,<na>,,,,,,,4628,all important fields empty,remove_incomplete_rows
,,,,,,,<na>,,,,,,,4633,all important fields empty,remove_incomplete_rows
,,,,,,,<na>,,,,,,,4634,all important fields empty,remove_incomplete_rows
,,,,,,,<na>,,,,,,,4638,all important fields empty,remove_incomplete_rows
,,,,,,,<na>,,,,,,,4639,all important fields empty,remove_incomplete_rows
,,,,,,,<na>,,,,,,,4642,all important fields empty,remove_incomplete_rows
,,,,,,,<na>,,,,,,,4643,all important fields empty,remove_incomplete_rows
,,,,,,,<na>,,,,,,,4646,all important fields empty,remove_incomplete_rows
,,,,,,,<na>,,,,,,,4647,all important fields empty,remove_incomplete_rows
,,,,,,,<na>,,,,,,,4652,all important fields empty,remove_incomplete_rows
,,,,,,,<na>,,,,,,,4653,all important fields empty,remove_incomplete_rows
,,,,,,,<na>,,,,,,,4657,all important fields empty,remove_incomplete_rows
,,,,,,,<na>,,,,,,,4658,all important fields empty,remove_incomplete_rows
,,,,,,,<na>,,,,,,,4661,all important fields empty,remove_incomplete_rows
,,,,,,,<na>,,,,,,,4662,all important fields empty,remove_incomplete_rows
,,,,,,,<na>,,,,,,,4665,all important fields empty,remove_incomplete_rows
,,,,,,,<na>,,,,,,,4666,all important fields empty,remove_incomplete_rows
,,,,,,,<na>,,,,,,,4669,all important fields empty,remove_incomplete_rows
,,,,,,,<na>,,,,,,,4670,all important fields empty,remove_incomplete_rows
,,,,,,,<na>,,,,,,,4675,all important fields empty,remove_incomplete_rows
,,,,,,,<na>,,,,,,,4676,all important fields empty,remove_incomplete_rows
,,,,,,,<na>,,,,,,,4679,all important fields empty,remove_incomplete_rows
,,,,,,,<na>,,,,,,,4680,all important fields empty,remove_incomplete_rows
,,,,,,,<na>,,,,,,,4683,all important fields empty,remove_incomplete_rows
,,,,,,,<na>,,,,,,,4684,all important fields empty,remove_incomplete_rows
,,,,,,,<na>,,,,,,,4687,all important fields empty,remove_incomplete_rows
,,,,,,,<na>,,,,,,,4688,all important fields empty,remove_incomplete_rows
,,,,,,,<na>,,,,,,,4696,all important fields empty,remove_incomplete_rows
,,,,,,,<na>,,,,,,,4697,all important fields empty,remove_incomplete_rows
,,,,,,,<na>,,,,,,,4700,all important fields empty,remove_incomplete_rows
,,,,,,,<na>,,,,,,,4701,all important fields empty,remove_incomplete_rows
,,,,,,,<na>,,,,,,,4705,all important fields empty,remove_incomplete_rows
,,,,,,,<na>,,,,,,,4706,all important fields empty,remove_incomplete_rows
,,,,,,,<na>,,,,,,,4709,all important fields empty,remove_incomplete_rows
,,,,,,,<na>,,,,,,,4710,all important fields empty,remove_incomplete_rows
,,,,,,,<na>,,,,,,,4713,all important fields empty,remove_incomplete_rows
,,,,,,,<na>,,,,,,,4714,all important fields empty,remove_incomplete_rows
,,,,,,,<na>,,,,,,,4717,all important fields empty,remove_incomplete_rows
,,,,,,,<na>,,,,,,,4718,all important fields empty,remove_incomplete_rows
,,,,,,,<na>,,,,,,,4721,all important fields empty,remove_incomplete_rows
,,,,,,,<na>,,,,,,,4722,all important fields empty,remove_incomplete_rows
,,,,,,,<na>,,,,,,,4725,all important fields empty,remove_incomplete_rows
,,,,,,,<na>,,,,,,,4726,all important fields empty,remove_incomplete_rows
,,,,,,,<na>,,,,,,,4729,all important fields empty,remove_incomplete_rows
,,,,,,,<na>,,,,,,,4730,all important fields empty,remove_incomplete_rows
,,,,,,,<na>,,,,,,,4734,all important fields empty,remove_incomplete_rows
,,,,,,,<na>,,,,,,,4735,all important fields empty,remove_incomplete_rows
,,,,,,,<na>,,,,,,,4738,all important fields empty,remove_incomplete_rows
,,,,,,,<na>,,,,,,,4739,all important fields empty,remove_incomplete_rows
,,,,,,,<na>,,,,,,,4742,all important fields empty,remove_incomplete_rows
,,,,,,,<na>,,,,,,,4743,all important fields empty,remove_incomplete_rows
,,,,,,,<na>,,,,,,,4748,all important fields empty,remove_incomplete_rows
,,,,,,,<na>,,,,,,,4749,all important fields empty,remove_incomplete_rows
,,,,,,,<na>,,,,,,,4753,all important fields empty,remove_incomplete_rows
,,,,,,,<na>,,,,,,,4754,all important fields empty,remove_incomplete_rows
,,,,,,,<na>,,,,,,,4758,all important fields empty,remove_incomplete_rows
,,,,,,,<na>,,,,,,,4759,all important fields empty,remove_incomplete_rows
,,,,,,,<na>,,,,,,,4762,all important fields empty,remove_incomplete_rows
,,,,,,,<na>,,,,,,,4763,all important fields empty,remove_incomplete_rows
,,,,,,,<na>,,,,,,,4766,all important fields empty,remove_incomplete_rows
,,,,,,,<na>,,,,,,,4767,all important fields empty,remove_incomplete_rows
,,,,,,,<na>,,,,,,,4770,all important fields empty,remove_incomplete_rows
,,,,,,,<na>,,,,,,,4771,all important fields empty,remove_incomplete_rows
,,,,,,,<na>,,,,,,,4774,all important fields empty,remove_incomplete_rows
,,,,,,,<na>,,,,,,,4775,all important fields empty,remove_incomplete_rows
,,,,,,,<na>,,,,,,,4781,all important fields empty,remove_incomplete_rows
,,,,,,,<na>,,,,,,,4782,all important fields empty,remove_incomplete_rows
,,,,,,,<na>,,,,,,,4788,all important fields empty,remove_incomplete_rows
,,,,,,,<na>,,,,,,,4789,all important fields empty,remove_incomplete_rows
,,,,,,,<na>,,,,,,,4792,all important fields empty,remove_incomplete_rows
,,,,,,,<na>,,,,,,,4793,all important fields empty,remove_incomplete_rows
,,,,,,,<na>,,,,,,,4796,all important fields empty,remove_incomplete_rows
,,,,,,,<na>,,,,,,,4797,all important fields empty,remove_incomplete_rows
,,,,,,,<na>,,,,,,,4801,all important fields empty,remove_incomplete_rows
,,,,,,,<na>,,,,,,,4802,all important fields empty,remove_incomplete_rows
,,,,,,,<na>,,,,,,,4805,all important fields empty,remove_incomplete_rows
,,,,,,,<na>,,,,,,,4806,all important fields empty,remove_incomplete_rows
,,,,,,,<na>,,,,,,,4810,all important fields empty,remove_incomplete_rows
,,,,,,,<na>,,,,,,,4811,all important fields empty,remove_incomplete_rows
,,,,,,,<na>,,,,,,,4814,all important fields empty,remove_incomplete_rows
,,,,,,,<na>,,,,,,,4815,all important fields empty,remove_incomplete_rows
,,,,,,,<na>,,,,,,,4818,all important fields empty,remove_incomplete_rows
,,,,,,,<na>,,,,,,,4819,all important fields empty,remove_incomplete_rows
,,,,,,,<na>,,,,,,,4822,all important fields empty,remove_incomplete_rows
,,,,,,,<na>,,,,,,,4823,all important fields empty,remove_incomplete_rows
,,,,,,,<na>,,,,,,,4827,all important fields empty,remove_incomplete_rows
,,,,,,,<na>,,,,,,,4828,all important fields empty,remove_incomplete_rows
,,,,,,,<na>,,,,,,,4831,all important fields empty,remove_incomplete_rows
,,,,,,,<na>,,,,,,,4832,all important fields empty,remove_incomplete_rows
,,,,,,,<na>,,,,,,,4838,all important fields empty,remove_incomplete_rows
,,,,,,,<na>,,,,,,,4839,all important fields empty,remove_incomplete_rows
,,,,,,,<na>,,,,,,,4843,all important fields empty,remove_incomplete_rows
,,,,,,,<na>,,,,,,,4844,all important fields empty,remove_incomplete_rows
,,,,,,,<na>,,,,,,,4847,all important fields empty,remove_incomplete_rows
,,,,,,,<na>,,,,,,,4848,all important fields empty,remove_incomplete_rows
,,,,,,,<na>,,,,,,,4851,all important fields empty,remove_incomplete_rows
,,,,,,,<na>,,,,,,,4852,all important fields empty,remove_incomplete_rows
,,,,,,,<na>,,,,,,,4856,all important fields empty,remove_incomplete_rows
,,,,,,,<na>,,,,,,,4857,all important fields empty,remove_incomplete_rows
,,,,,,,<na>,,,,,,,4864,all important fields empty,remove_incomplete_rows
,,,,,,,<na>,,,,,,,4865,all important fields empty,remove_incomplete_rows
,,,,,,,<na>,,,,,,,4868,all important fields empty,remove_incomplete_rows
,,,,,,,<na>,,,,,,,4869,all important fields empty,remove_incomplete_rows
,,,,,,,<na>,,,,,,,4872,all important fields empty,remove_incomplete_rows
,,,,,,,<na>,,,,,,,4873,all important fields empty,remove_incomplete_rows
,,,,,,,<na>,,,,,,,4876,all important fields empty,remove_incomplete_rows
,,,,,,,<na>,,,,,,,4877,all important fields empty,remove_incomplete_rows
,,,,,,,<na>,,,,,,,4880,all important fields empty,remove_incomplete_rows
,,,,,,,<na>,,,,,,,4881,all important fields empty,remove_incomplete_rows
,,,,,,,<na>,,,,,,,4884,all important fields empty,remove_incomplete_rows
,,,,,,,<na>,,,,,,,4885,all important fields empty,remove_incomplete_rows
,,,,,,,<na>,,,,,,,4893,all important fields empty,remove_incomplete_rows
,,,,,,,<na>,,,,,,,4894,all important fields empty,remove_incomplete_rows
,,,,,,,<na>,,,,,,,4897,all important fields empty,remove_incomplete_rows
,,,,,,,<na>,,,,,,,4898,all important fields empty,remove_incomplete_rows
,,,,,,,<na>,,,,,,,4902,all important fields empty,remove_incomplete_rows
,,,,,,,<na>,,,,,,,4903,all important fields empty,remove_incomplete_rows
,,,,,,,<na>,,,,,,,4907,all important fields empty,remove_incomplete_rows
,,,,,,,<na>,,,,,,,4908,all important fields empty,remove_incomplete_rows
,,,,,,,<na>,,,,,,,4911,all important fields empty,remove_incomplete_rows
,,,,,,,<na>,,,,,,,4912,all important fields empty,remove_incomplete_rows
,,,,,,,<na>,,,,,,,4915,all important fields empty,remove_incomplete_rows
,,,,,,,<na>,,,,,,,4916,all important fields empty,remove_incomplete_rows
,,,,,,,<na>,,,,,,,4919,all important fields empty,remove_incomplete_rows
,,,,,,,<na>,,,,,,,4920,all important fields empty,remove_incomplete_rows
,,,,,,,<na>,,,,,,,4924,all important fields empty,remove_incomplete_rows
,,,,,,,<na>,,,,,,,4925,all important fields empty,remove_incomplete_rows
,,,,,,,<na>,,,,,,,4928,all important fields empty,remove_incomplete_rows
,,,,,,,<na>,,,,,,,4929,all important fields empty,remove_incomplete_rows
,,,,,,,<na>,,,,,,,4932,all important fields empty,remove_incomplete_rows
,,,,,,,<na>,,,,,,,4933,all important fields empty,remove_incomplete_rows
,,,,,,,<na>,,,,,,,4936,all important fields empty,remove_incomplete_rows
,,,,,,,<na>,,,,,,,4937,all important fields empty,remove_incomplete_rows
,,,,,,,<na>,,,,,,,4940,all important fields empty,remove_incomplete_rows
,,,,,,,<na>,,,,,,,4941,all important fields empty,remove_incomplete_rows
,,,,,,,<na>,,,,,,,4944,all important fields empty,remove_incomplete_rows
,,,,,,,<na>,,,,,,,4945,all important fields empty,remove_incomplete_rows
,,,,,,,<na>,,,,,,,4949,all important fields empty,remove_incomplete_rows
,,,,,,,<na>,,,,,,,4950,all important fields empty,remove_incomplete_rows
,,,,,,,<na>,,,,,,,4954,all important fields empty,remove_incomplete_rows
,,,,,,,<na>,,,,,,,4955,all important fields empty,remove_incomplete_rows
,,,,,,,<na>,,,,,,,4958,all important fields empty,remove_incomplete_rows
,,,,,,,<na>,,,,,,,4959,all important fields empty,remove_incomplete_rows
,,,,,,,<na>,,,,,,,4962,all important fields empty,remove_incomplete_rows
,,,,,,,<na>,,,,,,,4963,all important fields empty,remove_incomplete_rows
,,,,,,,<na>,,,,,,,4967,all important fields empty,remove_incomplete_rows
,,,,,,,<na>,,,,,,,4968,all important fields empty,remove_incomplete_rows
,,,,,,,<na>,,,,,,,4972,all important fields empty,remove_incomplete_rows
,,,,,,,<na>,,,,,,,4973,all important fields empty,remove_incomplete_rows
,,,,,,,<na>,,,,,,,4976,all important fields empty,remove_incomplete_rows
,,,,,,,<na>,,,,,,,4977,all important fields empty,remove_incomplete_rows
,,,,,,,<na>,,,,,,,4981,all important fields empty,remove_incomplete_rows
,,,,,,,<na>,,,,,,,4982,all important fields empty,remove_incomplete_rows
,,,,,,,<na>,,,,,,,4985,all important fields empty,remove_incomplete_rows
,,,,,,,<na>,,,,,,,4986,all important fields empty,remove_incomplete_rows
,,,,,,,<na>,,,,,,,4989,all important fields empty,remove_incomplete_rows
,,,,,,,<na>,,,,,,,4990,all important fields empty,remove_incomplete_rows
,,,,,,,<na>,,,,,,,4995,all important fields empty,remove_incomplete_rows
,,,,,,,<na>,,,,,,,4996,all important fields empty,remove_incomplete_rows
,,,,,,,<na>,,,,,,,4999,all important fields empty,remove_incomplete_rows
,,,,,,,<na>,,,,,,,5000,all important fields empty,remove_incomplete_rows
,,,,,,,<na>,,,,,,,5004,all important fields empty,remove_incomplete_rows
,,,,,,,<na>,,,,,,,5005,all important fields empty,remove_incomplete_rows
,,,,,,,<na>,,,,,,,5009,all important fields empty,remove_incomplete_rows
,,,,,,,<na>,,,,,,,5010,all important fields empty,remove_incomplete_rows
,,,,,,,<na>,,,,,,,5014,all important fields empty,remove_incomplete_rows
,,,,,,,<na>,,,,,,,5015,all important fields empty,remove_incomplete_rows
,,,,,,,<na>,,,,,,,5018,all important fields empty,remove_incomplete_rows
,,,,,,,<na>,,,,,,,5019,all important fields empty,remove_incomplete_rows
,,,,,,,<na>,,,,,,,5023,all important fields empty,remove_incomplete_rows
,,,,,,,<na>,,,,,,,5024,all important fields empty,remove_incomplete_rows
,,,,,,,<na>,,,,,,,5030,all important fields empty,remove_incomplete_rows
,,,,,,,<na>,,,,,,,5031,all important fields empty,remove_incomplete_rows
,,,,,,,<na>,,,,,,,5036,all important fields empty,remove_incomplete_rows
,,,,,,,<na>,,,,,,,5037,all important fields empty,remove_incomplete_rows
,,,,,,,<na>,,,,,,,5043,all important fields empty,remove_incomplete_rows
,,,,,,,<na>,,,,,,,5044,all important fields empty,remove_incomplete_rows
,,,,,,,<na>,,,,,,,5047,all important fields empty,remove_incomplete_rows
,,,,,,,<na>,,,,,,,5048,all important fields empty,remove_incomplete_rows
,,,,,,,<na>,,,,,,,5051,all important fields empty,remove_incomplete_rows
,,,,,,,<na>,,,,,,,5052,all important fields empty,remove_incomplete_rows
,,,,,,,<na>,,,,,,,5055,all important fields empty,remove_incomplete_rows
,,,,,,,<na>,,,,,,,5056,all important fields empty,remove_incomplete_rows
,,,,,,,<na>,,,,,,,5059,all important fields empty,remove_incomplete_rows
,,,,,,,<na>,,,,,,,5060,all important fields empty,remove_incomplete_rows
,,,,,,,<na>,,,,,,,5063,all important fields empty,remove_incomplete_rows
,,,,,,,<na>,,,,,,,5064,all important fields empty,remove_incomplete_rows
,,,,,,,<na>,,,,,,,5067,all important fields empty,remove_incomplete_rows
,,,,,,,<na>,,,,,,,5068,all important fields empty,remove_incomplete_rows
,,,,,,,<na>,,,,,,,5071,all important fields empty,remove_incomplete_rows
,,,,,,,<na>,,,,,,,5072,all important fields empty,remove_incomplete_rows
,,,,,,,<na>,,,,,,,5077,all important fields empty,remove_incomplete_rows
,,,,,,,<na>,,,,,,,5078,all important fields empty,remove_incomplete_rows
,,,,,,,<na>,,,,,,,5081,all important fields empty,remove_incomplete_rows
,,,,,,,<na>,,,,,,,5082,all important fields empty,remove_incomplete_rows
,,,,,,,<na>,,,,,,,5085,all important fields empty,remove_incomplete_rows
,,,,,,,<na>,,,,,,,5086,all important fields empty,remove_incomplete_rows
,,,,,,,<na>,,,,,,,5089,all important fields empty,remove_incomplete_rows
,,,,,,,<na>,,,,,,,5090,all important fields empty,remove_incomplete_rows
,,,,,,,<na>,,,,,,,5093,all important fields empty,remove_incomplete_rows
,,,,,,,<na>,,,,,,,5094,all important fields empty,remove_incomplete_rows
,,,,,,,<na>,,,,,,,5097,all important fields empty,remove_incomplete_rows
,,,,,,,<na>,,,,,,,5098,all important fields empty,remove_incomplete_rows
,,,,,,,<na>,,,,,,,5101,all important fields empty,remove_incomplete_rows
,,,,,,,<na>,,,,,,,5102,all important fields empty,remove_incomplete_rows
,,,,,,,<na>,,,,,,,5107,all important fields empty,remove_incomplete_rows
,,,,,,,<na>,,,,,,,5108,all important fields empty,remove_incomplete_rows
,,,,,,,<na>,,,,,,,5111,all important fields empty,remove_incomplete_rows
,,,,,,,<na>,,,,,,,5112,all important fields empty,remove_incomplete_rows
,,,,,,,<na>,,,,,,,5115,all important fields empty,remove_incomplete_rows
,,,,,,,<na>,,,,,,,5116,all important fields empty,remove_incomplete_rows
,,,,,,,<na>,,,,,,,5119,all important fields empty,remove_incomplete_rows
,,,,,,,<na>,,,,,,,5120,all important fields empty,remove_incomplete_rows
,,,,,,,<na>,,,,,,,5123,all important fields empty,remove_incomplete_rows
,,,,,,,<na>,,,,,,,5124,all important fields empty,remove_incomplete_rows
,,,,,,,<na>,,,,,,,5128,all important fields empty,remove_incomplete_rows
,,,,,,,<na>,,,,,,,5129,all important fields empty,remove_incomplete_rows
,,,,,,,<na>,,,,,,,5132,all important fields empty,remove_incomplete_rows
,,,,,,,<na>,,,,,,,5133,all important fields empty,remove_incomplete_rows
,,,,,,,<na>,,,,,,,5136,all important fields empty,remove_incomplete_rows
,,,,,,,<na>,,,,,,,5137,all important fields empty,remove_incomplete_rows
,,,,,,,<na>,,,,,,,5140,all important fields empty,remove_incomplete_rows
,,,,,,,<na>,,,,,,,5141,all important fields empty,remove_incomplete_rows
,,,,,,,<na>,,,,,,,5144,all important fields empty,remove_incomplete_rows
,,,,,,,<na>,,,,,,,5145,all important fields empty,remove_incomplete_rows
,,,,,,,<na>,,,,,,,5148,all important fields empty,remove_incomplete_rows
,,,,,,,<na>,,,,,,,5149,all important fields empty,remove_incomplete_rows
,,,,,,,<na>,,,,,,,5158,all important fields empty,remove_incomplete_rows
,,,,,,,<na>,,,,,,,5159,all important fields empty,remove_incomplete_rows
,,,,,,,<na>,,,,,,,5163,all important fields empty,remove_incomplete_rows
,,,,,,,<na>,,,,,,,5164,all important fields empty,remove_incomplete_rows
,,,,,,,<na>,,,,,,,5167,all important fields empty,remove_incomplete_rows
,,,,,,,<na>,,,,,,,5168,all important fields empty,remove_incomplete_rows
,,,,,,,<na>,,,,,,,5171,all important fields empty,remove_incomplete_rows
,,,,,,,<na>,,,,,,,5172,all important fields empty,remove_incomplete_rows
,,,,,,,<na>,,,,,,,5175,all important fields empty,remove_incomplete_rows
,,,,,,,<na>,,,,,,,5176,all important fields empty,remove_incomplete_rows
,,,,,,,<na>,,,,,,,5179,all important fields empty,remove_incomplete_rows
,,,,,,,<na>,,,,,,,5180,all important fields empty,remove_incomplete_rows
,,,,,,,<na>,,,,,,,5184,all important fields empty,remove_incomplete_rows
,,,,,,,<na>,,,,,,,5185,all important fields empty,remove_incomplete_rows
,,,,,,,<na>,,,,,,,5190,all important fields empty,remove_incomplete_rows
,,,,,,,<na>,,,,,,,5191,all important fields empty,remove_incomplete_rows
,,,,,,,<na>,,,,,,,5194,all important fields empty,remove_incomplete_rows
,,,,,,,<na>,,,,,,,5195,all important fields empty,remove_incomplete_rows
,,,,,,,<na>,,,,,,,5202,all important fields empty,remove_incomplete_rows
,,,,,,,<na>,,,,,,,5203,all important fields empty,remove_incomplete_rows
,,,,,,,<na>,,,,,,,5206,all important fields empty,remove_incomplete_rows
,,,,,,,<na>,,,,,,,5207,all important fields empty,remove_incomplete_rows
,,,,,,,<na>,,,,,,,5212,all important fields empty,remove_incomplete_rows
,,,,,,,<na>,,,,,,,5213,all important fields empty,remove_incomplete_rows
,,,,,,,<na>,,,,,,,5216,all important fields empty,remove_incomplete_rows
,,,,,,,<na>,,,,,,,5217,all important fields empty,remove_incomplete_rows
,,,,,,,<na>,,,,,,,5220,all important fields empty,remove_incomplete_rows
,,,,,,,<na>,,,,,,,5221,all important fields empty,remove_incomplete_rows
,,,,,,,<na>,,,,,,,5225,all important fields empty,remove_incomplete_rows
,,,,,,,<na>,,,,,,,5226,all important fields empty,remove_incomplete_rows
,,,,,,,<na>,,,,,,,5230,all important fields empty,remove_incomplete_rows
,,,,,,,<na>,,,,,,,5231,all important fields empty,remove_incomplete_rows
,,,,,,,<na>,,,,,,,5234,all important fields empty,remove_incomplete_rows
,,,,,,,<na>,,,,,,,5235,all important fields empty,remove_incomplete_rows
,,,,,,,<na>,,,,,,,5238,all important fields empty,remove_incomplete_rows
,,,,,,,<na>,,,,,,,5239,all important fields empty,remove_incomplete_rows
,,,,,,,<na>,,,,,,,5242,all important fields empty,remove_incomplete_rows
,,,,,,,<na>,,,,,,,5243,all important fields empty,remove_incomplete_rows
,,,,,,,<na>,,,,,,,5246,all important fields empty,remove_incomplete_rows
,,,,,,,<na>,,,,,,,5247,all important fields empty,remove_incomplete_rows
,,,,,,,<na>,,,,,,,5252,all important fields empty,remove_incomplete_rows
,,,,,,,<na>,,,,,,,5253,all important fields empty,remove_incomplete_rows
,,,,,,,<na>,,,,,,,5257,all important fields empty,remove_incomplete_rows
,,,,,,,<na>,,,,,,,5258,all important fields empty,remove_incomplete_rows
,,,,,,,<na>,,,,,,,5261,all important fields empty,remove_incomplete_rows
,,,,,,,<na>,,,,,,,5262,all important fields empty,remove_incomplete_rows
,,,,,,,<na>,,,,,,,5266,all important fields empty,remove_incomplete_rows
,,,,,,,<na>,,,,,,,5267,all important fields empty,remove_incomplete_rows
,,,,,,,<na>,,,,,,,5271,all important fields empty,remove_incomplete_rows
,,,,,,,<na>,,,,,,,5272,all important fields empty,remove_incomplete_rows
,,,,,,,<na>,,,,,,,5277,all important fields empty,remove_incomplete_rows
,,,,,,,<na>,,,,,,,5278,all important fields empty,remove_incomplete_rows
,,,,,,,<na>,,,,,,,5281,all important fields empty,remove_incomplete_rows
,,,,,,,<na>,,,,,,,5282,all important fields empty,remove_incomplete_rows
,,,,,,,<na>,,,,,,,5285,all important fields empty,remove_incomplete_rows
,,,,,,,<na>,,,,,,,5286,all important fields empty,remove_incomplete_rows
,,,,,,,<na>,,,,,,,5290,all important fields empty,remove_incomplete_rows
,,,,,,,<na>,,,,,,,5291,all important fields empty,remove_incomplete_rows
,,,,,,,<na>,,,,,,,5294,all important fields empty,remove_incomplete_rows
,,,,,,,<na>,,,,,,,5295,all important fields empty,remove_incomplete_rows
,,,,,,,<na>,,,,,,,5298,all important fields empty,remove_incomplete_rows
,,,,,,,<na>,,,,,,,5299,all important fields empty,remove_incomplete_rows
,,,,,,,<na>,,,,,,,5305,all important fields empty,remove_incomplete_rows
,,,,,,,<na>,,,,,,,5306,all important fields empty,remove_incomplete_rows
,,,,,,,<na>,,,,,,,5309,all important fields empty,remove_incomplete_rows
,,,,,,,<na>,,,,,,,5310,all important fields empty,remove_incomplete_rows
,,,,,,,<na>,,,,,,,5315,all important fields empty,remove_incomplete_rows
,,,,,,,<na>,,,,,,,5316,all important fields empty,remove_incomplete_rows
,,,,,,,<na>,,,,,,,5319,all important fields empty,remove_incomplete_rows
,,,,,,,<na>,,,,,,,5320,all important fields empty,remove_incomplete_rows
,,,,,,,<na>,,,,,,,5324,all important fields empty,remove_incomplete_rows
,,,,,,,<na>,,,,,,,5325,all important fields empty,remove_incomplete_rows
,,,,,,,<na>,,,,,,,5329,all important fields empty,remove_incomplete_rows
,,,,,,,<na>,,,,,,,5330,all important fields empty,remove_incomplete_rows
,,,,,,,<na>,,,,,,,5334,all important fields empty,remove_incomplete_rows
,,,,,,,<na>,,,,,,,5335,all important fields empty,remove_incomplete_rows
,,,,,,,<na>,,,,,,,5338,all important fields empty,remove_incomplete_rows
,,,,,,,<na>,,,,,,,5339,all important fields empty,remove_incomplete_rows
,,,,,,,<na>,,,,,,,5342,all important fields empty,remove_incomplete_rows
,,,,,,,<na>,,,,,,,5343,all important fields empty,remove_incomplete_rows
,,,,,,,<na>,,,,,,,5346,all important fields empty,remove_incomplete_rows
,,,,,,,<na>,,,,,,,5347,all important fields empty,remove_incomplete_rows
,,,,,,,<na>,,,,,,,5352,all important fields empty,remove_incomplete_rows
,,,,,,,<na>,,,,,,,5353,all important fields empty,remove_incomplete_rows
,,,,,,,<na>,,,,,,,5359,all important fields empty,remove_incomplete_rows
,,,,,,,<na>,,,,,,,5360,all important fields empty,remove_incomplete_rows
,,,,,,,<na>,,,,,,,5363,all important fields empty,remove_incomplete_rows
,,,,,,,<na>,,,,,,,5364,all important fields empty,remove_incomplete_rows
,,,,,,,<na>,,,,,,,5371,all important fields empty,remove_incomplete_rows
,,,,,,,<na>,,,,,,,5372,all important fields empty,remove_incomplete_rows
,,,,,,,<na>,,,,,,,5375,all important fields empty,remove_incomplete_rows
,,,,,,,<na>,,,,,,,5376,all important fields empty,remove_incomplete_rows
,,,,,,,<na>,,,,,,,5380,all important fields empty,remove_incomplete_rows
,,,,,,,<na>,,,,,,,5381,all important fields empty,remove_incomplete_rows
,,,,,,,<na>,,,,,,,5384,all important fields empty,remove_incomplete_rows
,,,,,,,<na>,,,,,,,5385,all important fields empty,remove_incomplete_rows
,,,,,,,<na>,,,,,,,5390,all important fields empty,remove_incomplete_rows
,,,,,,,<na>,,,,,,,5391,all important fields empty,remove_incomplete_rows
,,,,,,,<na>,,,,,,,5397,all important fields empty,remove_incomplete_rows
,,,,,,,<na>,,,,,,,5398,all important fields empty,remove_incomplete_rows
,,,,,,,<na>,,,,,,,5404,all important fields empty,remove_incomplete_rows
,,,,,,,<na>,,,,,,,5405,all important fields empty,remove_incomplete_rows
,,,,,,,<na>,,,,,,,5408,all important fields empty,remove_incomplete_rows
,,,,,,,<na>,,,,,,,5409,all important fields empty,remove_incomplete_rows
,,,,,,,<na>,,,,,,,5412,all important fields empty,remove_incomplete_rows
,,,,,,,<na>,,,,,,,5413,all important fields empty,remove_incomplete_rows
,,,,,,,<na>,,,,,,,5416,all important fields empty,remove_incomplete_rows
,,,,,,,<na>,,,,,,,5417,all important fields empty,remove_incomplete_rows
,,,,,,,<na>,,,,,,,5420,all important fields empty,remove_incomplete_rows
,,,,,,,<na>,,,,,,,5421,all important fields empty,remove_incomplete_rows
,,,,,,,<na>,,,,,,,5424,all important fields empty,remove_incomplete_rows
,,,,,,,<na>,,,,,,,5425,all important fields empty,remove_incomplete_rows
,,,,,,,<na>,,,,,,,5428,all important fields empty,remove_incomplete_rows
,,,,,,,<na>,,,,,,,5429,all important fields empty,remove_incomplete_rows
,,,,,,,<na>,,,,,,,5432,all important fields empty,remove_incomplete_rows
,,,,,,,<na>,,,,,,,5433,all important fields empty,remove_incomplete_rows
,,,,,,,<na>,,,,,,,5436,all important fields empty,remove_incomplete_rows
,,,,,,,<na>,,,,,,,5437,all important fields empty,remove_incomplete_rows
,,,,,,,<na>,,,,,,,5440,all important fields empty,remove_incomplete_rows
,,,,,,,<na>,,,,,,,5441,all important fields empty,remove_incomplete_rows
,,,,,,,<na>,,,,,,,5444,all important fields empty,remove_incomplete_rows
,,,,,,,<na>,,,,,,,5445,all important fields empty,remove_incomplete_rows
,,,,,,,<na>,,,,,,,5448,all important fields empty,remove_incomplete_rows
,,,,,,,<na>,,,,,,,5449,all important fields empty,remove_incomplete_rows
,,,,,,,<na>,,,,,,,5453,all important fields empty,remove_incomplete_rows
,,,,,,,<na>,,,,,,,5454,all important fields empty,remove_incomplete_rows
,,,,,,,<na>,,,,,,,5457,all important fields empty,remove_incomplete_rows
,,,,,,,<na>,,,,,,,5458,all important fields empty,remove_incomplete_rows
,,,,,,,<na>,,,,,,,5464,all important fields empty,remove_incomplete_rows
,,,,,,,<na>,,,,,,,5465,all important fields empty,remove_incomplete_rows
,,,,,,,<na>,,,,,,,5468,all important fields empty,remove_incomplete_rows
,,,,,,,<na>,,,,,,,5469,all important fields empty,remove_incomplete_rows
,,,,,,,<na>,,,,,,,5472,all important fields empty,remove_incomplete_rows
,,,,,,,<na>,,,,,,,5473,all important fields empty,remove_incomplete_rows
,,,,,,,<na>,,,,,,,5476,all important fields empty,remove_incomplete_rows
,,,,,,,<na>,,,,,,,5477,all important fields empty,remove_incomplete_rows
,,,,,,,<na>,,,,,,,5480,all important fields empty,remove_incomplete_rows
,,,,,,,<na>,,,,,,,5481,all important fields empty,remove_incomplete_rows
,,,,,,,<na>,,,,,,,5484,all important fields empty,remove_incomplete_rows
,,,,,,,<na>,,,,,,,5485,all important fields empty,remove_incomplete_rows
,,,,,,,<na>,,,,,,,5489,all important fields empty,remove_incomplete_rows
,,,,,,,<na>,,,,,,,5490,all important fields empty,remove_incomplete_rows
,,,,,,,<na>,,,,,,,5493,all important fields empty,remove_incomplete_rows
,,,,,,,<na>,,,,,,,5494,all important fields empty,remove_incomplete_rows
,,,,,,,<na>,,,,,,,5497,all important fields empty,remove_incomplete_rows
,,,,,,,<na>,,,,,,,5498,all important fields empty,remove_incomplete_rows
,,,,,,,<na>,,,,,,,5502,all important fields empty,remove_incomplete_rows
,,,,,,,<na>,,,,,,,5503,all important fields empty,remove_incomplete_rows
,,,,,,,<na>,,,,,,,5506,all important fields empty,remove_incomplete_rows
,,,,,,,<na>,,,,,,,5507,all important fields empty,remove_incomplete_rows
,,,,,,,<na>,,,,,,,5510,all important fields empty,remove_incomplete_rows
,,,,,,,<na>,,,,,,,5511,all important fields empty,remove_incomplete_rows
,,,,,,,<na>,,,,,,,5514,all important fields empty,remove_incomplete_rows
,,,,,,,<na>,,,,,,,5515,all important fields empty,remove_incomplete_rows
,,,,,,,<na>,,,,,,,5518,all important fields empty,remove_incomplete_rows
,,,,,,,<na>,,,,,,,5519,all important fields empty,remove_incomplete_rows
,,,,,,,<na>,,,,,,,5523,all important fields empty,remove_incomplete_rows
,,,,,,,<na>,,,,,,,5524,all important fields empty,remove_incomplete_rows
,,,,,,,<na>,,,,,,,5527,all important fields empty,remove_incomplete_rows
,,,,,,,<na>,,,,,,,5528,all important fields empty,remove_incomplete_rows
,,,,,,,<na>,,,,,,,5531,all important fields empty,remove_incomplete_rows
,,,,,,,<na>,,,,,,,5532,all important fields empty,remove_incomplete_rows
,,,,,,,<na>,,,,,,,5535,all important fields empty,remove_incomplete_rows
,,,,,,,<na>,,,,,,,5536,all important fields empty,remove_incomplete_rows
,,,,,,,<na>,,,,,,,5540,all important fields empty,remove_incomplete_rows
,,,,,,,<na>,,,,,,,5541,all important fields empty,remove_incomplete_rows
,,,,,,,<na>,,,,,,,5544,all important fields empty,remove_incomplete_rows
,,,,,,,<na>,,,,,,,5545,all important fields empty,remove_incomplete_rows
,,,,,,,<na>,,,,,,,5549,all important fields empty,remove_incomplete_rows
,,,,,,,<na>,,,,,,,5550,all important fields empty,remove_incomplete_rows
,,,,,,,<na>,,,,,,,5553,all important fields empty,remove_incomplete_rows
,,,,,,,<na>,,,,,,,5554,all important fields empty,remove_incomplete_rows
,,,,,,,<na>,,,,,,,5557,all important fields empty,remove_incomplete_rows
,,,,,,,<na>,,,,,,,5558,all important fields empty,remove_incomplete_rows
,,,,,,,<na>,,,,,,,5561,all important fields empty,remove_incomplete_rows
,,,,,,,<na>,,,,,,,5562,all important fields empty,remove_incomplete_rows
,,,,,,,<na>,,,,,,,5565,all important fields empty,remove_incomplete_rows
,,,,,,,<na>,,,,,,,5566,all important fields empty,remove_incomplete_rows
,,,,,,,<na>,,,,,,,5570,all important fields empty,remove_incomplete_rows
,,,,,,,<na>,,,,,,,5571,all important fields empty,remove_incomplete_rows
,,,,,,,<na>,,,,,,,5574,all important fields empty,remove_incomplete_rows
,,,,,,,<na>,,,,,,,5575,all important fields empty,remove_incomplete_rows
,,,,,,,<na>,,,,,,,5578,all important fields empty,remove_incomplete_rows
,,,,,,,<na>,,,,,,,5579,all important fields empty,remove_incomplete_rows
,,,,,,,<na>,,,,,,,5582,all important fields empty,remove_incomplete_rows
,,,,,,,<na>,,,,,,,5583,all important fields empty,remove_incomplete_rows
,,,,,,,<na>,,,,,,,5591,all important fields empty,remove_incomplete_rows
,,,,,,,<na>,,,,,,,5592,all important fields empty,remove_incomplete_rows
,,,,,,,<na>,,,,,,,5596,all important fields empty,remove_incomplete_rows
,,,,,,,<na>,,,,,,,5597,all important fields empty,remove_incomplete_rows
,,,,,,,<na>,,,,,,,5600,all important fields empty,remove_incomplete_rows
,,,,,,,<na>,,,,,,,5601,all important fields empty,remove_incomplete_rows
,,,,,,,<na>,,,,,,,5610,all important fields empty,remove_incomplete_rows
,,,,,,,<na>,,,,,,,5611,all important fields empty,remove_incomplete_rows
,,,,,,,<na>,,,,,,,5616,all important fields empty,remove_incomplete_rows
,,,,,,,<na>,,,,,,,5617,all important fields empty,remove_incomplete_rows
,,,,,,,<na>,,,,,,,5620,all important fields empty,remove_incomplete_rows
,,,,,,,<na>,,,,,,,5621,all important fields empty,remove_incomplete_rows
,,,,,,,<na>,,,,,,,5628,all important fields empty,remove_incomplete_rows
,,,,,,,<na>,,,,,,,5629,all important fields empty,remove_incomplete_rows
,,,,,,,<na>,,,,,,,5637,all important fields empty,remove_incomplete_rows
,,,,,,,<na>,,,,,,,5638,all important fields empty,remove_incomplete_rows
,,,,,,,<na>,,,,,,,5641,all important fields empty,remove_incomplete_rows
,,,,,,,<na>,,,,,,,5642,all important fields empty,remove_incomplete_rows
,,,,,,,<na>,,,,,,,5645,all important fields empty,remove_incomplete_rows
,,,,,,,<na>,,,,,,,5646,all important fields empty,remove_incomplete_rows
,,,,,,,<na>,,,,,,,5651,all important fields empty,remove_incomplete_rows
,,,,,,,<na>,,,,,,,5652,all important fields empty,remove_incomplete_rows
,,,,,,,<na>,,,,,,,5655,all important fields empty,remove_incomplete_rows
,,,,,,,<na>,,,,,,,5656,all important fields empty,remove_incomplete_rows
,,,,,,,<na>,,,,,,,5659,all important fields empty,remove_incomplete_rows
,,,,,,,<na>,,,,,,,5660,all important fields empty,remove_incomplete_rows
,,,,,,,<na>,,,,,,,5665,all important fields empty,remove_incomplete_rows
,,,,,,,<na>,,,,,,,5666,all important fields empty,remove_incomplete_rows
,,,,,,,<na>,,,,,,,5670,all important fields empty,remove_incomplete_rows
,,,,,,,<na>,,,,,,,5671,all important fields empty,remove_incomplete_rows
,,,,,,,<na>,,,,,,,5674,all important fields empty,remove_incomplete_rows
,,,,,,,<na>,,,,,,,5675,all important fields empty,remove_incomplete_rows
,,,,,,,<na>,,,,,,,5679,all important fields empty,remove_incomplete_rows
,,,,,,,<na>,,,,,,,5680,all important fields empty,remove_incomplete_rows
,,,,,,,<na>,,,,,,,5683,all important fields empty,remove_incomplete_rows
,,,,,,,<na>,,,,,,,5684,all important fields empty,remove_incomplete_rows
,,,,,,,<na>,,,,,,,5687,all important fields empty,remove_incomplete_rows
,,,,,,,<na>,,,,,,,5688,all important fields empty,remove_incomplete_rows
,,,,,,,<na>,,,,,,,5691,all important fields empty,remove_incomplete_rows
,,,,,,,<na>,,,,,,,5692,all important fields empty,remove_incomplete_rows
,,,,,,,<na>,,,,,,,5698,all important fields empty,remove_incomplete_rows
,,,,,,,<na>,,,,,,,5699,all important fields empty,remove_incomplete_rows
,,,,,,,<na>,,,,,,,5702,all important fields empty,remove_incomplete_rows
,,,,,,,<na>,,,,,,,5703,all important fields empty,remove_incomplete_rows
,,,,,,,<na>,,,,,,,5708,all important fields empty,remove_incomplete_rows
,,,,,,,<na>,,,,,,,5709,all important fields empty,remove_incomplete_rows
,,,,,,,<na>,,,,,,,5713,all important fields empty,remove_incomplete_rows
,,,,,,,<na>,,,,,,,5714,all important fields empty,remove_incomplete_rows
,,,,,,,<na>,,,,,,,5719,all important fields empty,remove_incomplete_rows
,,,,,,,<na>,,,,,,,5720,all important fields empty,remove_incomplete_rows
,,,,,,,<na>,,,,,,,5723,all important fields empty,remove_incomplete_rows
,,,,,,,<na>,,,,,,,5724,all important fields empty,remove_incomplete_rows
,,,,,,,<na>,,,,,,,5727,all important fields empty,remove_incomplete_rows
,,,,,,,<na>,,,,,,,5728,all important fields empty,remove_incomplete_rows
,,,,,,,<na>,,,,,,,5731,all important fields empty,remove_incomplete_rows
,,,,,,,<na>,,,,,,,5732,all important fields empty,remove_incomplete_rows
,,,,,,,<na>,,,,,,,5735,all important fields empty,remove_incomplete_rows
,,,,,,,<na>,,,,,,,5736,all important fields empty,remove_incomplete_rows
,,,,,,,<na>,,,,,,,5739,all important fields empty,remove_incomplete_rows
,,,,,,,<na>,,,,,,,5740,all important fields empty,remove_incomplete_rows
,,,,,,,<na>,,,,,,,5743,all important fields empty,remove_incomplete_rows
,,,,,,,<na>,,,,,,,5744,all important fields empty,remove_incomplete_rows
,,,,,,,<na>,,,,,,,5747,all important fields empty,remove_incomplete_rows
,,,,,,,<na>,,,,,,,5748,all important fields empty,remove_incomplete_rows
,,,,,,,<na>,,,,,,,5754,all important fields empty,remove_incomplete_rows
,,,,,,,<na>,,,,,,,5755,all important fields empty,remove_incomplete_rows
,,,,,,,<na>,,,,,,,5759,all important fields empty,remove_incomplete_rows
,,,,,,,<na>,,,,,,,5760,all important fields empty,remove_incomplete_rows
,,,,,,,<na>,,,,,,,5764,all important fields empty,remove_incomplete_rows
,,,,,,,<na>,,,,,,,5765,all important fields empty,remove_incomplete_rows
,,,,,,,<na>,,,,,,,5770,all important fields empty,remove_incomplete_rows
,,,,,,,<na>,,,,,,,5771,all important fields empty,remove_incomplete_rows
,,,,,,,<na>,,,,,,,5775,all important fields empty,remove_incomplete_rows
,,,,,,,<na>,,,,,,,5776,all important fields empty,remove_incomplete_rows
,,,,,,,<na>,,,,,,,5780,all important fields empty,remove_incomplete_rows
,,,,,,,<na>,,,,,,,5781,all important fields empty,remove_incomplete_rows
,,,,,,,<na>,,,,,,,5791,all important fields empty,remove_incomplete_rows
,,,,,,,<na>,,,,,,,5792,all important fields empty,remove_incomplete_rows
,,,,,,,<na>,,,,,,,5795,all important fields empty,remove_incomplete_rows
,,,,,,,<na>,,,,,,,5796,all important fields empty,remove_incomplete_rows
,,,,,,,<na>,,,,,,,5799,all important fields empty,remove_incomplete_rows
,,,,,,,<na>,,,,,,,5800,all important fields empty,remove_incomplete_rows
,,,,,,,<na>,,,,,,,5808,all important fields empty,remove_incomplete_rows
,,,,,,,<na>,,,,,,,5809,all important fields empty,remove_incomplete_rows
,,,,,,,<na>,,,,,,,5813,all important fields empty,remove_incomplete_rows
,,,,,,,<na>,,,,,,,5814,all important fields empty,remove_incomplete_rows
,,,,,,,<na>,,,,,,,5817,all important fields empty,remove_incomplete_rows
,,,,,,,<na>,,,,,,,5818,all important fields empty,remove_incomplete_rows
,,,,,,,<na>,,,,,,,5822,all important fields empty,remove_incomplete_rows
,,,,,,,<na>,,,,,,,5823,all important fields empty,remove_incomplete_rows
,,,,,,,<na>,,,,,,,5828,all important fields empty,remove_incomplete_rows
,,,,,,,<na>,,,,,,,5829,all important fields empty,remove_incomplete_rows
,,,,,,,<na>,,,,,,,5833,all important fields empty,remove_incomplete_rows
,,,,,,,<na>,,,,,,,5834,all important fields empty,remove_incomplete_rows
,,,,,,,<na>,,,,,,,5847,all important fields empty,remove_incomplete_rows
,,,,,,,<na>,,,,,,,5848,all important fields empty,remove_incomplete_rows
,,,,,,,<na>,,,,,,,5853,all important fields empty,remove_incomplete_rows
,,,,,,,<na>,,,,,,,5854,all important fields empty,remove_incomplete_rows
,,,,,,,<na>,,,,,,,5858,all important fields empty,remove_incomplete_rows
,,,,,,,<na>,,,,,,,5859,all important fields empty,remove_incomplete_rows
,,,,,,,<na>,,,,,,,5864,all important fields empty,remove_incomplete_rows
,,,,,,,<na>,,,,,,,5865,all important fields empty,remove_incomplete_rows
,,,,,,,<na>,,,,,,,5871,all important fields empty,remove_incomplete_rows
,,,,,,,<na>,,,,,,,5872,all important fields empty,remove_incomplete_rows
,,,,,,,<na>,,,,,,,5875,all important fields empty,remove_incomplete_rows
,,,,,,,<na>,,,,,,,5876,all important fields empty,remove_incomplete_rows
,,,,,,,<na>,,,,,,,5879,all important fields empty,remove_incomplete_rows
,,,,,,,<na>,,,,,,,5880,all important fields empty,remove_incomplete_rows
,,,,,,,<na>,,,,,,,5883,all important fields empty,remove_incomplete_rows
,,,,,,,<na>,,,,,,,5884,all important fields empty,remove_incomplete_rows
,,,,,,,<na>,,,,,,,5889,all important fields empty,remove_incomplete_rows
,,,,,,,<na>,,,,,,,5890,all important fields empty,remove_incomplete_rows
,,,,,,,<na>,,,,,,,5893,all important fields empty,remove_incomplete_rows
,,,,,,,<na>,,,,,,,5894,all important fields empty,remove_incomplete_rows
,,,,,,,<na>,,,,,,,5897,all important fields empty,remove_incomplete_rows
,,,,,,,<na>,,,,,,,5898,all important fields empty,remove_incomplete_rows
,,,,,,,<na>,,,,,,,5901,all important fields empty,remove_incomplete_rows
,,,,,,,<na>,,,,,,,5902,all important fields empty,remove_incomplete_rows
,,,,,,,<na>,,,,,,,5906,all important fields empty,remove_incomplete_rows
,,,,,,,<na>,,,,,,,5907,all important fields empty,remove_incomplete_rows
,,,,,,,<na>,,,,,,,5910,all important fields empty,remove_incomplete_rows
,,,,,,,<na>,,,,,,,5911,all important fields empty,remove_incomplete_rows
,,,,,,,<na>,,,,,,,5914,all important fields empty,remove_incomplete_rows
,,,,,,,<na>,,,,,,,5915,all important fields empty,remove_incomplete_rows
,,,,,,,<na>,,,,,,,5918,all important fields empty,remove_incomplete_rows
,,,,,,,<na>,,,,,,,5919,all important fields empty,remove_incomplete_rows
,,,,,,,<na>,,,,,,,5924,all important fields empty,remove_incomplete_rows
,,,,,,,<na>,,,,,,,5925,all important fields empty,remove_incomplete_rows
,,,,,,,<na>,,,,,,,5928,all important fields empty,remove_incomplete_rows
,,,,,,,<na>,,,,,,,5929,all important fields empty,remove_incomplete_rows
,,,,,,,<na>,,,,,,,5932,all important fields empty,remove_incomplete_rows
,,,,,,,<na>,,,,,,,5933,all important fields empty,remove_incomplete_rows
,,,,,,,<na>,,,,,,,5936,all important fields empty,remove_incomplete_rows
,,,,,,,<na>,,,,,,,5937,all important fields empty,remove_incomplete_rows
,,,,,,,<na>,,,,,,,5940,all important fields empty,remove_incomplete_rows
,,,,,,,<na>,,,,,,,5941,all important fields empty,remove_incomplete_rows
,,,,,,,<na>,,,,,,,5944,all important fields empty,remove_incomplete_rows
,,,,,,,<na>,,,,,,,5945,all important fields empty,remove_incomplete_rows
,,,,,,,<na>,,,,,,,5953,all important fields empty,remove_incomplete_rows
,,,,,,,<na>,,,,,,,5954,all important fields empty,remove_incomplete_rows
,,,,,,,<na>,,,,,,,5957,all important fields empty,remove_incomplete_rows
,,,,,,,<na>,,,,,,,5958,all important fields empty,remove_incomplete_rows
,,,,,,,<na>,,,,,,,5961,all important fields empty,remove_incomplete_rows
,,,,,,,<na>,,,,,,,5962,all important fields empty,remove_incomplete_rows
,,,,,,,<na>,,,,,,,5965,all important fields empty,remove_incomplete_rows
,,,,,,,<na>,,,,,,,5966,all important fields empty,remove_incomplete_rows
,,,,,,,<na>,,,,,,,5971,all important fields empty,remove_incomplete_rows
,,,,,,,<na>,,,,,,,5972,all important fields empty,remove_incomplete_rows
,,,,,,,<na>,,,,,,,5978,all important fields empty,remove_incomplete_rows
,,,,,,,<na>,,,,,,,5979,all important fields empty,remove_incomplete_rows
,,,,,,,<na>,,,,,,,5984,all important fields empty,remove_incomplete_rows
,,,,,,,<na>,,,,,,,5985,all important fields empty,remove_incomplete_rows
,,,,,,,<na>,,,,,,,5988,all important fields empty,remove_incomplete_rows
,,,,,,,<na>,,,,,,,5989,all important fields empty,remove_incomplete_rows
,,,,,,,<na>,,,,,,,5993,all important fields empty,remove_incomplete_rows
,,,,,,,<na>,,,,,,,5994,all important fields empty,remove_incomplete_rows
,,,,,,,<na>,,,,,,,5997,all important fields empty,remove_incomplete_rows
,,,,,,,<na>,,,,,,,5998,all important fields empty,remove_incomplete_rows
,,,,,,,<na>,,,,,,,6001,all important fields empty,remove_incomplete_rows
,,,,,,,<na>,,,,,,,6002,all important fields empty,remove_incomplete_rows
,,,,,,,<na>,,,,,,,6005,all important fields empty,remove_incomplete_rows
,,,,,,,<na>,,,,,,,6006,all important fields empty,remove_incomplete_rows
,,,,,,,<na>,,,,,,,6009,all important fields empty,remove_incomplete_rows
,,,,,,,<na>,,,,,,,6010,all important fields empty,remove_incomplete_rows
,,,,,,,<na>,,,,,,,6014,all important fields empty,remove_incomplete_rows
,,,,,,,<na>,,,,,,,6015,all important fields empty,remove_incomplete_rows
,,,,,,,<na>,,,,,,,6019,all important fields empty,remove_incomplete_rows
,,,,,,,<na>,,,,,,,6020,all important fields empty,remove_incomplete_rows
,,,,,,,<na>,,,,,,,6024,all important fields empty,remove_incomplete_rows
,,,,,,,<na>,,,,,,,6025,all important fields empty,remove_incomplete_rows
,,,,,,,<na>,,,,,,,6028,all important fields empty,remove_incomplete_rows
,,,,,,,<na>,,,,,,,6029,all important fields empty,remove_incomplete_rows
,,,,,,,<na>,,,,,,,6033,all important fields empty,remove_incomplete_rows
,,,,,,,<na>,,,,,,,6034,all important fields empty,remove_incomplete_rows
,,,,,,,<na>,,,,,,,6037,all important fields empty,remove_incomplete_rows
,,,,,,,<na>,,,,,,,6038,all important fields empty,remove_incomplete_rows
,,,,,,,<na>,,,,,,,6043,all important fields empty,remove_incomplete_rows
,,,,,,,<na>,,,,,,,6044,all important fields empty,remove_incomplete_rows
,,,,,,,<na>,,,,,,,6049,all important fields empty,remove_incomplete_rows
,,,,,,,<na>,,,,,,,6050,all important fields empty,remove_incomplete_rows
,,,,,,,<na>,,,,,,,6053,all important fields empty,remove_incomplete_rows
,,,,,,,<na>,,,,,,,6054,all important fields empty,remove_incomplete_rows
,,,,,,,<na>,,,,,,,6059,all important fields empty,remove_incomplete_rows
,,,,,,,<na>,,,,,,,6060,all important fields empty,remove_incomplete_rows
,,,,,,,<na>,,,,,,,6063,all important fields empty,remove_incomplete_rows
,,,,,,,<na>,,,,,,,6064,all important fields empty,remove_incomplete_rows
,,,,,,,<na>,,,,,,,6070,all important fields empty,remove_incomplete_rows
,,,,,,,<na>,,,,,,,6071,all important fields empty,remove_incomplete_rows
,,,,,,,<na>,,,,,,,6074,all important fields empty,remove_incomplete_rows
,,,,,,,<na>,,,,,,,6075,all important fields empty,remove_incomplete_rows
,,,,,,,<na>,,,,,,,6079,all important fields empty,remove_incomplete_rows
,,,,,,,<na>,,,,,,,6080,all important fields empty,remove_incomplete_rows
,,,,,,,<na>,,,,,,,6083,all important fields empty,remove_incomplete_rows
,,,,,,,<na>,,,,,,,6084,all important fields empty,remove_incomplete_rows
,,,,,,,<na>,,,,,,,6087,all important fields empty,remove_incomplete_rows
,,,,,,,<na>,,,,,,,6088,all important fields empty,remove_incomplete_rows
,,,,,,,<na>,,,,,,,6091,all important fields empty,remove_incomplete_rows
,,,,,,,<na>,,,,,,,6092,all important fields empty,remove_incomplete_rows
,,,,,,,<na>,,,,,,,6098,all important fields empty,remove_incomplete_rows
,,,,,,,<na>,,,,,,,6099,all important fields empty,remove_incomplete_rows
,,,,,,,<na>,,,,,,,6102,all important fields empty,remove_incomplete_rows
,,,,,,,<na>,,,,,,,6103,all important fields empty,remove_incomplete_rows
,,,,,,,<na>,,,,,,,6106,all important fields empty,remove_incomplete_rows
,,,,,,,<na>,,,,,,,6107,all important fields empty,remove_incomplete_rows
,,,,,,,<na>,,,,,,,6110,all important fields empty,remove_incomplete_rows
,,,,,,,<na>,,,,,,,6111,all important fields empty,remove_incomplete_rows
,,,,,,,<na>,,,,,,,6114,all important fields empty,remove_incomplete_rows
,,,,,,,<na>,,,,,,,6115,all important fields empty,remove_incomplete_rows
,,,,,,,<na>,,,,,,,6118,all important fields empty,remove_incomplete_rows
,,,,,,,<na>,,,,,,,6119,all important fields empty,remove_incomplete_rows
,,,,,,,<na>,,,,,,,6122,all important fields empty,remove_incomplete_rows
,,,,,,,<na>,,,,,,,6123,all important fields empty,remove_incomplete_rows
,,,,,,,<na>,,,,,,,6126,all important fields empty,remove_incomplete_rows
,,,,,,,<na>,,,,,,,6127,all important fields empty,remove_incomplete_rows
,,,,,,,<na>,,,,,,,6131,all important fields empty,remove_incomplete_rows
,,,,,,,<na>,,,,,,,6132,all important fields empty,remove_incomplete_rows
,,,,,,,<na>,,,,,,,6136,all important fields empty,remove_incomplete_rows
,,,,,,,<na>,,,,,,,6137,all important fields empty,remove_incomplete_rows
,,,,,,,<na>,,,,,,,6140,all important fields empty,remove_incomplete_rows
,,,,,,,<na>,,,,,,,6141,all important fields empty,remove_incomplete_rows
,,,,,,,<na>,,,,,,,6144,all important fields empty,remove_incomplete_rows
,,,,,,,<na>,,,,,,,6145,all important fields empty,remove_incomplete_rows
,,,,,,,<na>,,,,,,,6149,all important fields empty,remove_incomplete_rows
,,,,,,,<na>,,,,,,,6150,all important fields empty,remove_incomplete_rows
,,,,,,,<na>,,,,,,,6154,all important fields empty,remove_incomplete_rows
,,,,,,,<na>,,,,,,,6155,all important fields empty,remove_incomplete_rows
,,,,,,,<na>,,,,,,,6159,all important fields empty,remove_incomplete_rows
,,,,,,,<na>,,,,,,,6160,all important fields empty,remove_incomplete_rows
,,,,,,,<na>,,,,,,,6167,all important fields empty,remove_incomplete_rows
,,,,,,,<na>,,,,,,,6168,all important fields empty,remove_incomplete_rows
,,,,,,,<na>,,,,,,,6172,all important fields empty,remove_incomplete_rows
,,,,,,,<na>,,,,,,,6173,all important fields empty,remove_incomplete_rows
,,,,,,,<na>,,,,,,,6176,all important fields empty,remove_incomplete_rows
,,,,,,,<na>,,,,,,,6177,all important fields empty,remove_incomplete_rows
,,,,,,,<na>,,,,,,,6180,all important fields empty,remove_incomplete_rows
,,,,,,,<na>,,,,,,,6181,all important fields empty,remove_incomplete_rows
,,,,,,,<na>,,,,,,,6186,all important fields empty,remove_incomplete_rows
,,,,,,,<na>,,,,,,,6187,all important fields empty,remove_incomplete_rows
,,,,,,,<na>,,,,,,,6192,all important fields empty,remove_incomplete_rows
,,,,,,,<na>,,,,,,,6193,all important fields empty,remove_incomplete_rows
,,,,,,,<na>,,,,,,,6196,all important fields empty,remove_incomplete_rows
,,,,,,,<na>,,,,,,,6197,all important fields empty,remove_incomplete_rows
,,,,,,,<na>,,,,,,,6201,all important fields empty,remove_incomplete_rows
,,,,,,,<na>,,,,,,,6202,all important fields empty,remove_incomplete_rows
,,,,,,,<na>,,,,,,,6208,all important fields empty,remove_incomplete_rows
,,,,,,,<na>,,,,,,,6209,all important fields empty,remove_incomplete_rows
,,,,,,,<na>,,,,,,,6213,all important fields empty,remove_incomplete_rows
,,,,,,,<na>,,,,,,,6214,all important fields empty,remove_incomplete_rows
,,,,,,,<na>,,,,,,,6217,all important fields empty,remove_incomplete_rows
,,,,,,,<na>,,,,,,,6218,all important fields empty,remove_incomplete_rows
,,,,,,,<na>,,,,,,,6222,all important fields empty,remove_incomplete_rows
,,,,,,,<na>,,,,,,,6223,all important fields empty,remove_incomplete_rows
,,,,,,,<na>,,,,,,,6227,all important fields empty,remove_incomplete_rows
,,,,,,,<na>,,,,,,,6228,all important fields empty,remove_incomplete_rows
,,,,,,,<na>,,,,,,,6231,all important fields empty,remove_incomplete_rows
,,,,,,,<na>,,,,,,,6232,all important fields empty,remove_incomplete_rows
,,,,,,,<na>,,,,,,,6235,all important fields empty,remove_incomplete_rows
,,,,,,,<na>,,,,,,,6236,all important fields empty,remove_incomplete_rows
,,,,,,,<na>,,,,,,,6240,all important fields empty,remove_incomplete_rows
,,,,,,,<na>,,,,,,,6241,all important fields empty,remove_incomplete_rows
,,,,,,,<na>,,,,,,,6244,all important fields empty,remove_incomplete_rows
,,,,,,,<na>,,,,,,,6245,all important fields empty,remove_incomplete_rows
,,,,,,,<na>,,,,,,,6248,all important fields empty,remove_incomplete_rows
,,,,,,,<na>,,,,,,,6249,all important fields empty,remove_incomplete_rows
,,,,,,,<na>,,,,,,,6252,all important fields empty,remove_incomplete_rows
,,,,,,,<na>,,,,,,,6253,all important fields empty,remove_incomplete_rows
,,,,,,,<na>,,,,,,,6256,all important fields empty,remove_incomplete_rows
,,,,,,,<na>,,,,,,,6257,all important fields empty,remove_incomplete_rows
,,,,,,,<na>,,,,,,,6260,all important fields empty,remove_incomplete_rows
,,,,,,,<na>,,,,,,,6261,all important fields empty,remove_incomplete_rows
,,,,,,,<na>,,,,,,,6266,all important fields empty,remove_incomplete_rows
,,,,,,,<na>,,,,,,,6267,all important fields empty,remove_incomplete_rows
,,,,,,,<na>,,,,,,,6270,all important fields empty,remove_incomplete_rows
,,,,,,,<na>,,,,,,,6271,all important fields empty,remove_incomplete_rows
,,,,,,,<na>,,,,,,,6274,all important fields empty,remove_incomplete_rows
,,,,,,,<na>,,,,,,,6275,all important fields empty,remove_incomplete_rows
,,,,,,,<na>,,,,,,,6278,all important fields empty,remove_incomplete_rows
,,,,,,,<na>,,,,,,,6279,all important fields empty,remove_incomplete_rows
,,,,,,,<na>,,,,,,,6282,all important fields empty,remove_incomplete_rows
,,,,,,,<na>,,,,,,,6283,all important fields empty,remove_incomplete_rows
,,,,,,,<na>,,,,,,,6291,all important fields empty,remove_incomplete_rows
,,,,,,,<na>,,,,,,,6292,all important fields empty,remove_incomplete_rows
,,,,,,,<na>,,,,,,,6295,all important fields empty,remove_incomplete_rows
,,,,,,,<na>,,,,,,,6296,all important fields empty,remove_incomplete_rows
,,,,,,,<na>,,,,,,,6301,all important fields empty,remove_incomplete_rows
,,,,,,,<na>,,,,,,,6302,all important fields empty,remove_incomplete_rows
,,,,,,,<na>,,,,,,,6305,all important fields empty,remove_incomplete_rows
,,,,,,,<na>,,,,,,,6306,all important fields empty,remove_incomplete_rows
,,,,,,,<na>,,,,,,,6310,all important fields empty,remove_incomplete_rows
,,,,,,,<na>,,,,,,,6311,all important fields empty,remove_incomplete_rows
,,,,,,,<na>,,,,,,,6316,all important fields empty,remove_incomplete_rows
,,,,,,,<na>,,,,,,,6317,all important fields empty,remove_incomplete_rows
,,,,,,,<na>,,,,,,,6320,all important fields empty,remove_incomplete_rows
,,,,,,,<na>,,,,,,,6321,all important fields empty,remove_incomplete_rows
,,,,,,,<na>,,,,,,,6324,all important fields empty,remove_incomplete_rows
,,,,,,,<na>,,,,,,,6325,all important fields empty,remove_incomplete_rows
,,,,,,,<na>,,,,,,,6328,all important fields empty,remove_incomplete_rows
,,,,,,,<na>,,,,,,,6329,all important fields empty,remove_incomplete_rows
,,,,,,,<na>,,,,,,,6332,all important fields empty,remove_incomplete_rows
,,,,,,,<na>,,,,,,,6333,all important fields empty,remove_incomplete_rows
,,,,,,,<na>,,,,,,,6336,all important fields empty,remove_incomplete_rows
,,,,,,,<na>,,,,,,,6337,all important fields empty,remove_incomplete_rows
,,,,,,,<na>,,,,,,,6340,all important fields empty,remove_incomplete_rows
,,,,,,,<na>,,,,,,,6341,all important fields empty,remove_incomplete_rows
,,,,,,,<na>,,,,,,,6344,all important fields empty,remove_incomplete_rows
,,,,,,,<na>,,,,,,,6345,all important fields empty,remove_incomplete_rows
,,,,,,,<na>,,,,,,,6348,all important fields empty,remove_incomplete_rows
,,,,,,,<na>,,,,,,,6349,all important fields empty,remove_incomplete_rows
,,,,,,,<na>,,,,,,,6352,all important fields empty,remove_incomplete_rows
,,,,,,,<na>,,,,,,,6353,all important fields empty,remove_incomplete_rows
,,,,,,,<na>,,,,,,,6356,all important fields empty,remove_incomplete_rows
,,,,,,,<na>,,,,,,,6357,all important fields empty,remove_incomplete_rows
,,,,,,,<na>,,,,,,,6360,all important fields empty,remove_incomplete_rows
,,,,,,,<na>,,,,,,,6361,all important fields empty,remove_incomplete_rows
,,,,,,,<na>,,,,,,,6364,all important fields empty,remove_incomplete_rows
,,,,,,,<na>,,,,,,,6365,all important fields empty,remove_incomplete_rows
,,,,,,,<na>,,,,,,,6368,all important fields empty,remove_incomplete_rows
,,,,,,,<na>,,,,,,,6369,all important fields empty,remove_incomplete_rows
,,,,,,,<na>,,,,,,,6372,all important fields empty,remove_incomplete_rows
,,,,,,,<na>,,,,,,,6373,all important fields empty,remove_incomplete_rows
,,,,,,,<na>,,,,,,,6376,all important fields empty,remove_incomplete_rows
,,,,,,,<na>,,,,,,,6377,all important fields empty,remove_incomplete_rows
,,,,,,,<na>,,,,,,,6383,all important fields empty,remove_incomplete_rows
,,,,,,,<na>,,,,,,,6384,all important fields empty,remove_incomplete_rows
,,,,,,,<na>,,,,,,,6388,all important fields empty,remove_incomplete_rows
,,,,,,,<na>,,,,,,,6389,all important fields empty,remove_incomplete_rows
,,,,,,,<na>,,,,,,,6392,all important fields empty,remove_incomplete_rows
,,,,,,,<na>,,,,,,,6393,all important fields empty,remove_incomplete_rows
,,,,,,,<na>,,,,,,,6396,all important fields empty,remove_incomplete_rows
,,,,,,,<na>,,,,,,,6397,all important fields empty,remove_incomplete_rows
,,,,,,,<na>,,,,,,,6401,all important fields empty,remove_incomplete_rows
,,,,,,,<na>,,,,,,,6402,all important fields empty,remove_incomplete_rows
,,,,,,,<na>,,,,,,,6405,all important fields empty,remove_incomplete_rows
,,,,,,,<na>,,,,,,,6406,all important fields empty,remove_incomplete_rows
,,,,,,,<na>,,,,,,,6409,all important fields empty,remove_incomplete_rows
,,,,,,,<na>,,,,,,,6410,all important fields empty,remove_incomplete_rows
,,,,,,,<na>,,,,,,,6416,all important fields empty,remove_incomplete_rows
,,,,,,,<na>,,,,,,,6417,all important fields empty,remove_incomplete_rows
,,,,,,,<na>,,,,,,,6420,all important fields empty,remove_incomplete_rows
,,,,,,,<na>,,,,,,,6421,all important fields empty,remove_incomplete_rows
,,,,,,,<na>,,,,,,,6424,all important fields empty,remove_incomplete_rows
,,,,,,,<na>,,,,,,,6425,all important fields empty,remove_incomplete_rows
,,,,,,,<na>,,,,,,,6428,all important fields empty,remove_incomplete_rows
,,,,,,,<na>,,,,,,,6429,all important fields empty,remove_incomplete_rows
,,,,,,,<na>,,,,,,,6432,all important fields empty,remove_incomplete_rows
,,,,,,,<na>,,,,,,,6433,all important fields empty,remove_incomplete_rows
,,,,,,,<na>,,,,,,,6436,all important fields empty,remove_incomplete_rows
,,,,,,,<na>,,,,,,,6437,all important fields empty,remove_incomplete_rows
,,,,,,,<na>,,,,,,,6440,all important fields empty,remove_incomplete_rows
,,,,,,,<na>,,,,,,,6441,all important fields empty,remove_incomplete_rows
,,,,,,,<na>,,,,,,,6444,all important fields empty,remove_incomplete_rows
,,,,,,,<na>,,,,,,,6445,all important fields empty,remove_incomplete_rows
,,,,,,,<na>,,,,,,,6449,all important fields empty,remove_incomplete_rows
,,,,,,,<na>,,,,,,,6450,all important fields empty,remove_incomplete_rows
,,,,,,,<na>,,,,,,,6457,all important fields empty,remove_incomplete_rows
,,,,,,,<na>,,,,,,,6458,all important fields empty,remove_incomplete_rows
,,,,,,,<na>,,,,,,,6462,all important fields empty,remove_incomplete_rows
,,,,,,,<na>,,,,,,,6463,all important fields empty,remove_incomplete_rows
,,,,,,,<na>,,,,,,,6468,all important fields empty,remove_incomplete_rows
,,,,,,,<na>,,,,,,,6469,all important fields empty,remove_incomplete_rows
,,,,,,,<na>,,,,,,,6472,all important fields empty,remove_incomplete_rows
,,,,,,,<na>,,,,,,,6473,all important fields empty,remove_incomplete_rows
,,,,,,,<na>,,,,,,,6476,all important fields empty,remove_incomplete_rows
,,,,,,,<na>,,,,,,,6477,all important fields empty,remove_incomplete_rows
,,,,,,,<na>,,,,,,,6481,all important fields empty,remove_incomplete_rows
,,,,,,,<na>,,,,,,,6482,all important fields empty,remove_incomplete_rows
,,,,,,,<na>,,,,,,,6485,all important fields empty,remove_incomplete_rows
,,,,,,,<na>,,,,,,,6486,all important fields empty,remove_incomplete_rows
,,,,,,,<na>,,,,,,,6489,all important fields empty,remove_incomplete_rows
,,,,,,,<na>,,,,,,,6490,all important fields empty,remove_incomplete_rows
,,,,,,,<na>,,,,,,,6495,all important fields empty,remove_incomplete_rows
,,,,,,,<na>,,,,,,,6496,all important fields empty,remove_incomplete_rows
,,,,,,,<na>,,,,,,,6505,all important fields empty,remove_incomplete_rows
,,,,,,,<na>,,,,,,,6506,all important fields empty,remove_incomplete_rows
,,,,,,,<na>,,,,,,,6509,all important fields empty,remove_incomplete_rows
,,,,,,,<na>,,,,,,,6510,all important fields empty,remove_incomplete_rows
,,,,,,,<na>,,,,,,,6514,all important fields empty,remove_incomplete_rows
,,,,,,,<na>,,,,,,,6515,all important fields empty,remove_incomplete_rows
,,,,,,,<na>,,,,,,,6518,all important fields empty,remove_incomplete_rows
,,,,,,,<na>,,,,,,,6519,all important fields empty,remove_incomplete_rows
,,,,,,,<na>,,,,,,,6522,all important fields empty,remove_incomplete_rows
,,,,,,,<na>,,,,,,,6523,all important fields empty,remove_incomplete_rows
,,,,,,,<na>,,,,,,,6526,all important fields empty,remove_incomplete_rows
,,,,,,,<na>,,,,,,,6527,all important fields empty,remove_incomplete_rows
,,,,,,,<na>,,,,,,,6530,all important fields empty,remove_incomplete_rows
,,,,,,,<na>,,,,,,,6531,all important fields empty,remove_incomplete_rows
,,,,,,,<na>,,,,,,,6534,all important fields empty,remove_incomplete_rows
,,,,,,,<na>,,,,,,,6535,all important fields empty,remove_incomplete_rows
,,,,,,,<na>,,,,,,,6538,all important fields empty,remove_incomplete_rows
,,,,,,,<na>,,,,,,,6539,all important fields empty,remove_incomplete_rows
,,,,,,,<na>,,,,,,,6542,all important fields empty,remove_incomplete_rows
,,,,,,,<na>,,,,,,,6543,all important fields empty,remove_incomplete_rows
,,,,,,,<na>,,,,,,,6546,all important fields empty,remove_incomplete_rows
,,,,,,,<na>,,,,,,,6547,all important fields empty,remove_incomplete_rows
,,,,,,,<na>,,,,,,,6551,all important fields empty,remove_incomplete_rows
,,,,,,,<na>,,,,,,,6552,all important fields empty,remove_incomplete_rows
,,,,,,,<na>,,,,,,,6557,all important fields empty,remove_incomplete_rows
,,,,,,,<na>,,,,,,,6558,all important fields empty,remove_incomplete_rows
,,,,,,,<na>,,,,,,,6563,all important fields empty,remove_incomplete_rows
,,,,,,,<na>,,,,,,,6564,all important fields empty,remove_incomplete_rows
,,,,,,,<na>,,,,,,,6568,all important fields empty,remove_incomplete_rows
,,,,,,,<na>,,,,,,,6569,all important fields empty,remove_incomplete_rows
,,,,,,,<na>,,,,,,,6572,all important fields empty,remove_incomplete_rows
,,,,,,,<na>,,,,,,,6573,all important fields empty,remove_incomplete_rows
,,,,,,,<na>,,,,,,,6577,all important fields empty,remove_incomplete_rows
,,,,,,,<na>,,,,,,,6578,all important fields empty,remove_incomplete_rows
,,,,,,,<na>,,,,,,,6581,all important fields empty,remove_incomplete_rows
,,,,,,,<na>,,,,,,,6582,all important fields empty,remove_incomplete_rows
,,,,,,,<na>,,,,,,,6587,all important fields empty,remove_incomplete_rows
,,,,,,,<na>,,,,,,,6588,all important fields empty,remove_incomplete_rows
,,,,,,,<na>,,,,,,,6592,all important fields empty,remove_incomplete_rows
,,,,,,,<na>,,,,,,,6593,all important fields empty,remove_incomplete_rows
,,,,,,,<na>,,,,,,,6599,all important fields empty,remove_incomplete_rows
,,,,,,,<na>,,,,,,,6600,all important fields empty,remove_incomplete_rows
,,,,,,,<na>,,,,,,,6603,all important fields empty,remove_incomplete_rows
,,,,,,,<na>,,,,,,,6604,all important fields empty,remove_incomplete_rows
,,,,,,,<na>,,,,,,,6608,all important fields empty,remove_incomplete_rows
,,,,,,,<na>,,,,,,,6609,all important fields empty,remove_incomplete_rows
,,,,,,,<na>,,,,,,,6612,all important fields empty,remove_incomplete_rows
,,,,,,,<na>,,,,,,,6613,all important fields empty,remove_incomplete_rows
,,,,,,,<na>,,,,,,,6616,all important fields empty,remove_incomplete_rows
,,,,,,,<na>,,,,,,,6617,all important fields empty,remove_incomplete_rows
,,,,,,,<na>,,,,,,,6621,all important fields empty,remove_incomplete_rows
,,,,,,,<na>,,,,,,,6622,all important fields empty,remove_incomplete_rows
,,,,,,,<na>,,,,,,,6626,all important fields empty,remove_incomplete_rows
,,,,,,,<na>,,,,,,,6627,all important fields empty,remove_incomplete_rows
,,,,,,,<na>,,,,,,,6630,all important fields empty,remove_incomplete_rows
,,,,,,,<na>,,,,,,,6631,all important fields empty,remove_incomplete_rows
,,,,,,,<na>,,,,,,,6634,all important fields empty,remove_incomplete_rows
,,,,,,,<na>,,,,,,,6635,all important fields empty,remove_incomplete_rows
,,,,,,,<na>,,,,,,,6640,all important fields empty,remove_incomplete_rows
,,,,,,,<na>,,,,,,,6641,all important fields empty,remove_incomplete_rows
,,,,,,,<na>,,,,,,,6644,all important fields empty,remove_incomplete_rows
,,,,,,,<na>,,,,,,,6645,all important fields empty,remove_incomplete_rows
,,,,,,,<na>,,,,,,,6648,all important fields empty,remove_incomplete_rows
,,,,,,,<na>,,,,,,,6649,all important fields empty,remove_incomplete_rows
,,,,,,,<na>,,,,,,,6652,all important fields empty,remove_incomplete_rows
,,,,,,,<na>,,,,,,,6653,all important fields empty,remove_incomplete_rows
,,,,,,,<na>,,,,,,,6656,all important fields empty,remove_incomplete_rows
,,,,,,,<na>,,,,,,,6657,all important fields empty,remove_incomplete_rows
,,,,,,,<na>,,,,,,,6660,all important fields empty,remove_incomplete_rows
,,,,,,,<na>,,,,,,,6661,all important fields empty,remove_incomplete_rows
,,,,,,,<na>,,,,,,,6664,all important fields empty,remove_incomplete_rows
,,,,,,,<na>,,,,,,,6665,all important fields empty,remove_incomplete_rows
,,,,,,,<na>,,,,,,,6669,all important fields empty,remove_incomplete_rows
,,,,,,,<na>,,,,,,,6670,all important fields empty,remove_incomplete_rows
,,,,,,,<na>,,,,,,,6674,all important fields empty,remove_incomplete_rows
,,,,,,,<na>,,,,,,,6675,all important fields empty,remove_incomplete_rows
,,,,,,,<na>,,,,,,,6682,all important fields empty,remove_incomplete_rows
,,,,,,,<na>,,,,,,,6683,all important fields empty,remove_incomplete_rows
,,,,,,,<na>,,,,,,,6689,all important fields empty,remove_incomplete_rows
,,,,,,,<na>,,,,,,,6690,all important fields empty,remove_incomplete_rows
,,,,,,,<na>,,,,,,,6693,all important fields empty,remove_incomplete_rows
,,,,,,,<na>,,,,,,,6694,all important fields empty,remove_incomplete_rows
,,,,,,,<na>,,,,,,,6699,all important fields empty,remove_incomplete_rows
,,,,,,,<na>,,,,,,,6700,all important fields empty,remove_incomplete_rows
,,,,,,,<na>,,,,,,,6704,all important fields empty,remove_incomplete_rows
,,,,,,,<na>,,,,,,,6705,all important fields empty,remove_incomplete_rows
,,,,,,,<na>,,,,,,,6708,all important fields empty,remove_incomplete_rows
,,,,,,,<na>,,,,,,,6709,all important fields empty,remove_incomplete_rows
,,,,,,,<na>,,,,,,,6713,all important fields empty,remove_incomplete_rows
,,,,,,,<na>,,,,,,,6714,all important fields empty,remove_incomplete_rows
,,,,,,,<na>,,,,,,,6717,all important fields empty,remove_incomplete_rows
,,,,,,,<na>,,,,,,,6718,all important fields empty,remove_incomplete_rows
,,,,,,,<na>,,,,,,,6721,all important fields empty,remove_incomplete_rows
,,,,,,,<na>,,,,,,,6722,all important fields empty,remove_incomplete_rows
,,,,,,,<na>,,,,,,,6725,all important fields empty,remove_incomplete_rows
,,,,,,,<na>,,,,,,,6726,all important fields empty,remove_incomplete_rows
,,,,,,,<na>,,,,,,,6732,all important fields empty,remove_incomplete_rows
,,,,,,,<na>,,,,,,,6733,all important fields empty,remove_incomplete_rows
,,,,,,,<na>,,,,,,,6740,all important fields empty,remove_incomplete_rows
,,,,,,,<na>,,,,,,,6741,all important fields empty,remove_incomplete_rows
,,,,,,,<na>,,,,,,,6744,all important fields empty,remove_incomplete_rows
,,,,,,,<na>,,,,,,,6745,all important fields empty,remove_incomplete_rows
,,,,,,,<na>,,,,,,,6749,all important fields empty,remove_incomplete_rows
,,,,,,,<na>,,,,,,,6750,all important fields empty,remove_incomplete_rows
,,,,,,,<na>,,,,,,,6753,all important fields empty,remove_incomplete_rows
,,,,,,,<na>,,,,,,,6754,all important fields empty,remove_incomplete_rows
,,,,,,,<na>,,,,,,,6758,all important fields empty,remove_incomplete_rows
,,,,,,,<na>,,,,,,,6759,all important fields empty,remove_incomplete_rows
,,,,,,,<na>,,,,,,,6763,all important fields empty,remove_incomplete_rows
,,,,,,,<na>,,,,,,,6764,all important fields empty,remove_incomplete_rows
,,,,,,,<na>,,,,,,,6767,all important fields empty,remove_incomplete_rows
,,,,,,,<na>,,,,,,,6768,all important fields empty,remove_incomplete_rows
,,,,,,,<na>,,,,,,,6773,all important fields empty,remove_incomplete_rows
,,,,,,,<na>,,,,,,,6774,all important fields empty,remove_incomplete_rows
,,,,,,,<na>,,,,,,,6777,all important fields empty,remove_incomplete_rows
,,,,,,,<na>,,,,,,,6778,all important fields empty,remove_incomplete_rows
,,,,,,,<na>,,,,,,,6782,all important fields empty,remove_incomplete_rows
,,,,,,,<na>,,,,,,,6783,all important fields empty,remove_incomplete_rows
,,,,,,,<na>,,,,,,,6786,all important fields empty,remove_incomplete_rows
,,,,,,,<na>,,,,,,,6787,all important fields empty,remove_incomplete_rows
,,,,,,,<na>,,,,,,,6791,all important fields empty,remove_incomplete_rows
,,,,,,,<na>,,,,,,,6792,all important fields empty,remove_incomplete_rows
,,,,,,,<na>,,,,,,,6798,all important fields empty,remove_incomplete_rows
,,,,,,,<na>,,,,,,,6799,all important fields empty,remove_incomplete_rows
,,,,,,,<na>,,,,,,,6802,all important fields empty,remove_incomplete_rows
,,,,,,,<na>,,,,,,,6803,all important fields empty,remove_incomplete_rows
,,,,,,,<na>,,,,,,,6806,all important fields empty,remove_incomplete_rows
,,,,,,,<na>,,,,,,,6807,all important fields empty,remove_incomplete_rows
,,,,,,,<na>,,,,,,,6810,all important fields empty,remove_incomplete_rows
,,,,,,,<na>,,,,,,,6811,all important fields empty,remove_incomplete_rows
,,,,,,,<na>,,,,,,,6816,all important fields empty,remove_incomplete_rows
,,,,,,,<na>,,,,,,,6817,all important fields empty,remove_incomplete_rows
,,,,,,,<na>,,,,,,,6822,all important fields empty,remove_incomplete_rows
,,,,,,,<na>,,,,,,,6823,all important fields empty,remove_incomplete_rows
,,,,,,,<na>,,,,,,,6827,all important fields empty,remove_incomplete_rows
,,,,,,,<na>,,,,,,,6828,all important fields empty,remove_incomplete_rows
,,,,,,,<na>,,,,,,,6831,all important fields empty,remove_incomplete_rows
,,,,,,,<na>,,,,,,,6832,all important fields empty,remove_incomplete_rows
,,,,,,,<na>,,,,,,,6835,all important fields empty,remove_incomplete_rows
,,,,,,,<na>,,,,,,,6836,all important fields empty,remove_incomplete_rows
,,,,,,,<na>,,,,,,,6839,all important fields empty,remove_incomplete_rows
,,,,,,,<na>,,,,,,,6840,all important fields empty,remove_incomplete_rows
,,,,,,,<na>,,,,,,,6845,all important fields empty,remove_incomplete_rows
,,,,,,,<na>,,,,,,,6846,all important fields empty,remove_incomplete_rows
,,,,,,,<na>,,,,,,,6849,all important fields empty,remove_incomplete_rows
,,,,,,,<na>,,,,,,,6850,all important fields empty,remove_incomplete_rows
,,,,,,,<na>,,,,,,,6855,all important fields empty,remove_incomplete_rows
,,,,,,,<na>,,,,,,,6856,all important fields empty,remove_incomplete_rows
,,,,,,,<na>,,,,,,,6859,all important fields empty,remove_incomplete_rows
,,,,,,,<na>,,,,,,,6860,all important fields empty,remove_incomplete_rows
,,,,,,,<na>,,,,,,,6864,all important fields empty,remove_incomplete_rows
,,,,,,,<na>,,,,,,,6865,all important fields empty,remove_incomplete_rows
,,,,,,,<na>,,,,,,,6868,all important fields empty,remove_incomplete_rows
,,,,,,,<na>,,,,,,,6869,all important fields empty,remove_incomplete_rows
,,,,,,,<na>,,,,,,,6873,all important fields empty,remove_incomplete_rows
,,,,,,,<na>,,,,,,,6874,all important fields empty,remove_incomplete_rows
,,,,,,,<na>,,,,,,,6879,all important fields empty,remove_incomplete_rows
,,,,,,,<na>,,,,,,,6880,all important fields empty,remove_incomplete_rows
,,,,,,,<na>,,,,,,,6885,all important fields empty,remove_incomplete_rows
,,,,,,,<na>,,,,,,,6886,all important fields empty,remove_incomplete_rows
,,,,,,,<na>,,,,,,,6889,all important fields empty,remove_incomplete_rows
,,,,,,,<na>,,,,,,,6890,all important fields empty,remove_incomplete_rows
,,,,,,,<na>,,,,,,,6893,all important fields empty,remove_incomplete_rows
,,,,,,,<na>,,,,,,,6894,all important fields empty,remove_incomplete_rows
,,,,,,,<na>,,,,,,,6897,all important fields empty,remove_incomplete_rows
,,,,,,,<na>,,,,,,,6898,all important fields empty,remove_incomplete_rows
,,,,,,,<na>,,,,,,,6902,all important fields empty,remove_incomplete_rows
,,,,,,,<na>,,,,,,,6903,all important fields empty,remove_incomplete_rows
,,,,,,,<na>,,,,,,,6906,all important fields empty,remove_incomplete_rows
,,,,,,,<na>,,,,,,,6907,all important fields empty,remove_incomplete_rows
,,,,,,,<na>,,,,,,,6910,all important fields empty,remove_incomplete_rows
,,,,,,,<na>,,,,,,,6911,all important fields empty,remove_incomplete_rows
,,,,,,,<na>,,,,,,,6914,all important fields empty,remove_incomplete_rows
,,,,,,,<na>,,,,,,,6915,all important fields empty,remove_incomplete_rows
,,,,,,,<na>,,,,,,,6919,all important fields empty,remove_incomplete_rows
,,,,,,,<na>,,,,,,,6920,all important fields empty,remove_incomplete_rows
,,,,,,,<na>,,,,,,,6924,all important fields empty,remove_incomplete_rows
,,,,,,,<na>,,,,,,,6925,all important fields empty,remove_incomplete_rows
,,,,,,,<na>,,,,,,,6931,all important fields empty,remove_incomplete_rows
,,,,,,,<na>,,,,,,,6932,all important fields empty,remove_incomplete_rows
,,,,,,,<na>,,,,,,,6936,all important fields empty,remove_incomplete_rows
,,,,,,,<na>,,,,,,,6937,all important fields empty,remove_incomplete_rows
,,,,,,,<na>,,,,,,,6941,all important fields empty,remove_incomplete_rows
,,,,,,,<na>,,,,,,,6942,all important fields empty,remove_incomplete_rows
,,,,,,,<na>,,,,,,,6946,all important fields empty,remove_incomplete_rows
,,,,,,,<na>,,,,,,,6947,all important fields empty,remove_incomplete_rows
,,,,,,,<na>,,,,,,,6950,all important fields empty,remove_incomplete_rows
,,,,,,,<na>,,,,,,,6951,all important fields empty,remove_incomplete_rows
,,,,,,,<na>,,,,,,,6957,all important fields empty,remove_incomplete_rows
,,,,,,,<na>,,,,,,,6958,all important fields empty,remove_incomplete_rows
,,,,,,,<na>,,,,,,,6962,all important fields empty,remove_incomplete_rows
,,,,,,,<na>,,,,,,,6963,all important fields empty,remove_incomplete_rows
,,,,,,,<na>,,,,,,,6969,all important fields empty,remove_incomplete_rows
,,,,,,,<na>,,,,,,,6970,all important fields empty,remove_incomplete_rows
,,,,,,,<na>,,,,,,,6973,all important fields empty,remove_incomplete_rows
,,,,,,,<na>,,,,,,,6974,all important fields empty,remove_incomplete_rows
,,,,,,,<na>,,,,,,,6979,all important fields empty,remove_incomplete_rows
,,,,,,,<na>,,,,,,,6980,all important fields empty,remove_incomplete_rows
,,,,,,,<na>,,,,,,,6983,all important fields empty,remove_incomplete_rows
,,,,,,,<na>,,,,,,,6984,all important fields empty,remove_incomplete_rows
,,,,,,,<na>,,,,,,,6987,all important fields empty,remove_incomplete_rows
,,,,,,,<na>,,,,,,,6988,all important fields empty,remove_incomplete_rows
,,,,,,,<na>,,,,,,,6991,all important fields empty,remove_incomplete_rows
,,,,,,,<na>,,,,,,,6992,all important fields empty,remove_incomplete_rows
,,,,,,,<na>,,,,,,,6995,all important fields empty,remove_incomplete_rows
,,,,,,,<na>,,,,,,,6996,all important fields empty,remove_incomplete_rows
,,,,,,,<na>,,,,,,,6999,all important fields empty,remove_incomplete_rows
,,,,,,,<na>,,,,,,,7000,all important fields empty,remove_incomplete_rows
,,,,,,,<na>,,,,,,,7003,all important fields empty,remove_incomplete_rows
,,,,,,,<na>,,,,,,,7004,all important fields empty,remove_incomplete_rows
,,,,,,,<na>,,,,,,,7007,all important fields empty,remove_incomplete_rows
,,,,,,,<na>,,,,,,,7008,all important fields empty,remove_incomplete_rows
,,,,,,,<na>,,,,,,,7011,all important fields empty,remove_incomplete_rows
,,,,,,,<na>,,,,,,,7012,all important fields empty,remove_incomplete_rows
,,,,,,,<na>,,,,,,,7015,all important fields empty,remove_incomplete_rows
,,,,,,,<na>,,,,,,,7016,all important fields empty,remove_incomplete_rows
,,,,,,,<na>,,,,,,,7021,all important fields empty,remove_incomplete_rows
,,,,,,,<na>,,,,,,,7022,all important fields empty,remove_incomplete_rows
,,,,,,,<na>,,,,,,,7025,all important fields empty,remove_incomplete_rows
,,,,,,,<na>,,,,,,,7026,all important fields empty,remove_incomplete_rows
,,,,,,,<na>,,,,,,,7029,all important fields empty,remove_incomplete_rows
,,,,,,,<na>,,,,,,,7030,all important fields empty,remove_incomplete_rows
,,,,,,,<na>,,,,,,,7033,all important fields empty,remove_incomplete_rows
,,,,,,,<na>,,,,,,,7034,all important fields empty,remove_incomplete_rows
,,,,,,,<na>,,,,,,,7037,all important fields empty,remove_incomplete_rows
,,,,,,,<na>,,,,,,,7038,all important fields empty,remove_incomplete_rows
,,,,,,,<na>,,,,,,,7041,all important fields empty,remove_incomplete_rows
,,,,,,,<na>,,,,,,,7042,all important fields empty,remove_incomplete_rows
,,,,,,,<na>,,,,,,,7045,all important fields empty,remove_incomplete_rows
,,,,,,,<na>,,,,,,,7046,all important fields empty,remove_incomplete_rows
,,,,,,,<na>,,,,,,,7049,all important fields empty,remove_incomplete_rows
,,,,,,,<na>,,,,,,,7050,all important fields empty,remove_incomplete_rows
,,,,,,,<na>,,,,,,,7053,all important fields empty,remove_incomplete_rows
,,,,,,,<na>,,,,,,,7054,all important fields empty,remove_incomplete_rows
,,,,,,,<na>,,,,,,,7057,all important fields empty,remove_incomplete_rows
,,,,,,,<na>,,,,,,,7058,all important fields empty,remove_incomplete_rows
,,,,,,,<na>,,,,,,,7061,all important fields empty,remove_incomplete_rows
,,,,,,,<na>,,,,,,,7062,all important fields empty,remove_incomplete_rows
,,,,,,,<na>,,,,,,,7066,all important fields empty,remove_incomplete_rows
,,,,,,,<na>,,,,,,,7067,all important fields empty,remove_incomplete_rows
,,,,,,,<na>,,,,,,,7070,all important fields empty,remove_incomplete_rows
,,,,,,,<na>,,,,,,,7071,all important fields empty,remove_incomplete_rows
,,,,,,,<na>,,,,,,,7074,all important fields empty,remove_incomplete_rows
,,,,,,,<na>,,,,,,,7075,all important fields empty,remove_incomplete_rows
,,,,,,,<na>,,,,,,,7078,all important fields empty,remove_incomplete_rows
,,,,,,,<na>,,,,,,,7079,all important fields empty,remove_incomplete_rows
,,,,,,,<na>,,,,,,,7083,all important fields empty,remove_incomplete_rows
,,,,,,,<na>,,,,,,,7084,all important fields empty,remove_incomplete_rows
,,,,,,,<na>,,,,,,,7088,all important fields empty,remove_incomplete_rows
,,,,,,,<na>,,,,,,,7089,all important fields empty,remove_incomplete_rows
,,,,,,,<na>,,,,,,,7092,all important fields empty,remove_incomplete_rows
,,,,,,,<na>,,,,,,,7093,all important fields empty,remove_incomplete_rows
,,,,,,,<na>,,,,,,,7096,all important fields empty,remove_incomplete_rows
,,,,,,,<na>,,,,,,,7097,all important fields empty,remove_incomplete_rows
,,,,,,,<na>,,,,,,,7100,all important fields empty,remove_incomplete_rows
,,,,,,,<na>,,,,,,,7101,all important fields empty,remove_incomplete_rows
,,,,,,,<na>,,,,,,,7104,all important fields empty,remove_incomplete_rows
,,,,,,,<na>,,,,,,,7105,all important fields empty,remove_incomplete_rows
,,,,,,,<na>,,,,,,,7108,all important fields empty,remove_incomplete_rows
,,,,,,,<na>,,,,,,,7109,all important fields empty,remove_incomplete_rows
,,,,,,,<na>,,,,,,,7112,all important fields empty,remove_incomplete_rows
,,,,,,,<na>,,,,,,,7113,all important fields empty,remove_incomplete_rows
,,,,,,,<na>,,,,,,,7116,all important fields empty,remove_incomplete_rows
,,,,,,,<na>,,,,,,,7117,all important fields empty,remove_incomplete_rows
,,,,,,,<na>,,,,,,,7120,all important fields empty,remove_incomplete_rows
,,,,,,,<na>,,,,,,,7121,all important fields empty,remove_incomplete_rows
,,,,,,,<na>,,,,,,,7125,all important fields empty,remove_incomplete_rows
,,,,,,,<na>,,,,,,,7126,all important fields empty,remove_incomplete_rows
,,,,,,,<na>,,,,,,,7135,all important fields empty,remove_incomplete_rows
,,,,,,,<na>,,,,,,,7136,all important fields empty,remove_incomplete_rows
,,,,,,,<na>,,,,,,,7139,all important fields empty,remove_incomplete_rows
,,,,,,,<na>,,,,,,,7140,all important fields empty,remove_incomplete_rows
,,,,,,,<na>,,,,,,,7143,all important fields empty,remove_incomplete_rows
,,,,,,,<na>,,,,,,,7144,all important fields empty,remove_incomplete_rows
,,,,,,,<na>,,,,,,,7147,all important fields empty,remove_incomplete_rows
,,,,,,,<na>,,,,,,,7148,all important fields empty,remove_incomplete_rows
,,,,,,,<na>,,,,,,,7151,all important fields empty,remove_incomplete_rows
,,,,,,,<na>,,,,,,,7152,all important fields empty,remove_incomplete_rows
,,,,,,,<na>,,,,,,,7157,all important fields empty,remove_incomplete_rows
,,,,,,,<na>,,,,,,,7158,all important fields empty,remove_incomplete_rows
,,,,,,,<na>,,,,,,,7162,all important fields empty,remove_incomplete_rows
,,,,,,,<na>,,,,,,,7163,all important fields empty,remove_incomplete_rows
,,,,,,,<na>,,,,,,,7167,all important fields empty,remove_incomplete_rows
,,,,,,,<na>,,,,,,,7168,all important fields empty,remove_incomplete_rows
,,,,,,,<na>,,,,,,,7172,all important fields empty,remove_incomplete_rows
,,,,,,,<na>,,,,,,,7173,all important fields empty,remove_incomplete_rows
,,,,,,,<na>,,,,,,,7176,all important fields empty,remove_incomplete_rows
,,,,,,,<na>,,,,,,,7177,all important fields empty,remove_incomplete_rows
,,,,,,,<na>,,,,,,,7180,all important fields empty,remove_incomplete_rows
,,,,,,,<na>,,,,,,,7181,all important fields empty,remove_incomplete_rows
,,,,,,,<na>,,,,,,,7184,all important fields empty,remove_incomplete_rows
,,,,,,,<na>,,,,,,,7185,all important fields empty,remove_incomplete_rows
,,,,,,,<na>,,,,,,,7188,all important fields empty,remove_incomplete_rows
,,,,,,,<na>,,,,,,,7189,all important fields empty,remove_incomplete_rows
,,,,,,,<na>,,,,,,,7193,all important fields empty,remove_incomplete_rows
,,,,,,,<na>,,,,,,,7194,all important fields empty,remove_incomplete_rows
,,,,,,,<na>,,,,,,,7200,all important fields empty,remove_incomplete_rows
,,,,,,,<na>,,,,,,,7201,all important fields empty,remove_incomplete_rows
,,,,,,,<na>,,,,,,,7205,all important fields empty,remove_incomplete_rows
,,,,,,,<na>,,,,,,,7206,all important fields empty,remove_incomplete_rows
,,,,,,,<na>,,,,,,,7209,all important fields empty,remove_incomplete_rows
,,,,,,,<na>,,,,,,,7210,all important fields empty,remove_incomplete_rows
,,,,,,,<na>,,,,,,,7213,all important fields empty,remove_incomplete_rows
,,,,,,,<na>,,,,,,,7214,all important fields empty,remove_incomplete_rows
,,,,,,,<na>,,,,,,,7217,all important fields empty,remove_incomplete_rows
,,,,,,,<na>,,,,,,,7218,all important fields empty,remove_incomplete_rows
,,,,,,,<na>,,,,,,,7221,all important fields empty,remove_incomplete_rows
,,,,,,,<na>,,,,,,,7222,all important fields empty,remove_incomplete_rows
,,,,,,,<na>,,,,,,,7226,all important fields empty,remove_incomplete_rows
,,,,,,,<na>,,,,,,,7227,all important fields empty,remove_incomplete_rows
,,,,,,,<na>,,,,,,,7230,all important fields empty,remove_incomplete_rows
,,,,,,,<na>,,,,,,,7231,all important fields empty,remove_incomplete_rows
,,,,,,,<na>,,,,,,,7234,all important fields empty,remove_incomplete_rows
,,,,,,,<na>,,,,,,,7235,all important fields empty,remove_incomplete_rows
,,,,,,,<na>,,,,,,,7244,all important fields empty,remove_incomplete_rows
,,,,,,,<na>,,,,,,,7245,all important fields empty,remove_incomplete_rows
,,,,,,,<na>,,,,,,,7248,all important fields empty,remove_incomplete_rows
,,,,,,,<na>,,,,,,,7249,all important fields empty,remove_incomplete_rows
,,,,,,,<na>,,,,,,,7253,all important fields empty,remove_incomplete_rows
,,,,,,,<na>,,,,,,,7254,all important fields empty,remove_incomplete_rows
,,,,,,,<na>,,,,,,,7257,all important fields empty,remove_incomplete_rows
,,,,,,,<na>,,,,,,,7258,all important fields empty,remove_incomplete_rows
,,,,,,,<na>,,,,,,,7261,all important fields empty,remove_incomplete_rows
,,,,,,,<na>,,,,,,,7262,all important fields empty,remove_incomplete_rows
,,,,,,,<na>,,,,,,,7266,all important fields empty,remove_incomplete_rows
,,,,,,,<na>,,,,,,,7267,all important fields empty,remove_incomplete_rows
,,,,,,,<na>,,,,,,,7271,all important fields empty,remove_incomplete_rows
,,,,,,,<na>,,,,,,,7272,all important fields empty,remove_incomplete_rows
,,,,,,,<na>,,,,,,,7276,all important fields empty,remove_incomplete_rows
,,,,,,,<na>,,,,,,,7277,all important fields empty,remove_incomplete_rows
,,,,,,,<na>,,,,,,,7280,all important fields empty,remove_incomplete_rows
,,,,,,,<na>,,,,,,,7281,all important fields empty,remove_incomplete_rows
,,,,,,,<na>,,,,,,,7286,all important fields empty,remove_incomplete_rows
,,,,,,,<na>,,,,,,,7287,all important fields empty,remove_incomplete_rows
,,,,,,,<na>,,,,,,,7290,all important fields empty,remove_incomplete_rows
,,,,,,,<na>,,,,,,,7291,all important fields empty,remove_incomplete_rows
,,,,,,,<na>,,,,,,,7295,all important fields empty,remove_incomplete_rows
,,,,,,,<na>,,,,,,,7296,all important fields empty,remove_incomplete_rows
,,,,,,,<na>,,,,,,,7300,all important fields empty,remove_incomplete_rows
,,,,,,,<na>,,,,,,,7301,all important fields empty,remove_incomplete_rows
,,,,,,,<na>,,,,,,,7304,all important fields empty,remove_incomplete_rows
,,,,,,,<na>,,,,,,,7305,all important fields empty,remove_incomplete_rows
,,,,,,,<na>,,,,,,,7309,all important fields empty,remove_incomplete_rows
,,,,,,,<na>,,,,,,,7310,all important fields empty,remove_incomplete_rows
,,,,,,,<na>,,,,,,,7315,all important fields empty,remove_incomplete_rows
,,,,,,,<na>,,,,,,,7316,all important fields empty,remove_incomplete_rows
,,,,,,,<na>,,,,,,,7319,all important fields empty,remove_incomplete_rows
,,,,,,,<na>,,,,,,,7320,all important fields empty,remove_incomplete_rows
,,,,,,,<na>,,,,,,,7327,all important fields empty,remove_incomplete_rows
,,,,,,,<na>,,,,,,,7328,all important fields empty,remove_incomplete_rows
,,,,,,,<na>,,,,,,,7334,all important fields empty,remove_incomplete_rows
,,,,,,,<na>,,,,,,,7335,all important fields empty,remove_incomplete_rows
,,,,,,,<na>,,,,,,,7338,all important fields empty,remove_incomplete_rows
,,,,,,,<na>,,,,,,,7339,all important fields empty,remove_incomplete_rows
,,,,,,,<na>,,,,,,,7343,all important fields empty,remove_incomplete_rows
,,,,,,,<na>,,,,,,,7344,all important fields empty,remove_incomplete_rows
,,,,,,,<na>,,,,,,,7347,all important fields empty,remove_incomplete_rows
,,,,,,,<na>,,,,,,,7348,all important fields empty,remove_incomplete_rows
,,,,,,,<na>,,,,,,,7351,all important fields empty,remove_incomplete_rows
,,,,,,,<na>,,,,,,,7352,all important fields empty,remove_incomplete_rows
,,,,,,,<na>,,,,,,,7355,all important fields empty,remove_incomplete_rows
,,,,,,,<na>,,,,,,,7356,all important fields empty,remove_incomplete_rows
,,,,,,,<na>,,,,,,,7359,all important fields empty,remove_incomplete_rows
,,,,,,,<na>,,,,,,,7360,all important fields empty,remove_incomplete_rows
,,,,,,,<na>,,,,,,,7365,all important fields empty,remove_incomplete_rows
,,,,,,,<na>,,,,,,,7366,all important fields empty,remove_incomplete_rows
,,,,,,,<na>,,,,,,,7369,all important fields empty,remove_incomplete_rows
,,,,,,,<na>,,,,,,,7370,all important fields empty,remove_incomplete_rows
,,,,,,,<na>,,,,,,,7373,all important fields empty,remove_incomplete_rows
,,,,,,,<na>,,,,,,,7374,all important fields empty,remove_incomplete_rows
,,,,,,,<na>,,,,,,,7378,all important fields empty,remove_incomplete_rows
,,,,,,,<na>,,,,,,,7379,all important fields empty,remove_incomplete_rows
,,,,,,,<na>,,,,,,,7382,all important fields empty,remove_incomplete_rows
,,,,,,,<na>,,,,,,,7383,all important fields empty,remove_incomplete_rows
,,,,,,,<na>,,,,,,,7387,all important fields empty,remove_incomplete_rows
,,,,,,,<na>,,,,,,,7388,all important fields empty,remove_incomplete_rows
,,,,,,,<na>,,,,,,,7392,all important fields empty,remove_incomplete_rows
,,,,,,,<na>,,,,,,,7393,all important fields empty,remove_incomplete_rows
,,,,,,,<na>,,,,,,,7398,all important fields empty,remove_incomplete_rows
,,,,,,,<na>,,,,,,,7399,all important fields empty,remove_incomplete_rows
,,,,,,,<na>,,,,,,,7403,all important fields empty,remove_incomplete_rows
,,,,,,,<na>,,,,,,,7404,all important fields empty,remove_incomplete_rows
,,,,,,,<na>,,,,,,,7407,all important fields empty,remove_incomplete_rows
,,,,,,,<na>,,,,,,,7408,all important fields empty,remove_incomplete_rows
,,,,,,,<na>,,,,,,,7411,all important fields empty,remove_incomplete_rows
,,,,,,,<na>,,,,,,,7412,all important fields empty,remove_incomplete_rows
,,,,,,,<na>,,,,,,,7415,all important fields empty,remove_incomplete_rows
,,,,,,,<na>,,,,,,,7416,all important fields empty,remove_incomplete_rows
,,,,,,,<na>,,,,,,,7419,all important fields empty,remove_incomplete_rows
,,,,,,,<na>,,,,,,,7420,all important fields empty,remove_incomplete_rows
,,,,,,,<na>,,,,,,,7423,all important fields empty,remove_incomplete_rows
,,,,,,,<na>,,,,,,,7424,all important fields empty,remove_incomplete_rows
,,,,,,,<na>,,,,,,,7427,all important fields empty,remove_incomplete_rows
,,,,,,,<na>,,,,,,,7428,all important fields empty,remove_incomplete_rows
,,,,,,,<na>,,,,,,,7432,all important fields empty,remove_incomplete_rows
,,,,,,,<na>,,,,,,,7433,all important fields empty,remove_incomplete_rows
,,,,,,,<na>,,,,,,,7436,all important fields empty,remove_incomplete_rows
,,,,,,,<na>,,,,,,,7437,all important fields empty,remove_incomplete_rows
,,,,,,,<na>,,,,,,,7441,all important fields empty,remove_incomplete_rows
,,,,,,,<na>,,,,,,,7442,all important fields empty,remove_incomplete_rows
,,,,,,,<na>,,,,,,,7449,all important fields empty,remove_incomplete_rows
,,,,,,,<na>,,,,,,,7450,all important fields empty,remove_incomplete_rows
,,,,,,,<na>,,,,,,,7455,all important fields empty,remove_incomplete_rows
,,,,,,,<na>,,,,,,,7456,all important fields empty,remove_incomplete_rows
,,,,,,,<na>,,,,,,,7459,all important fields empty,remove_incomplete_rows
,,,,,,,<na>,,,,,,,7460,all important fields empty,remove_incomplete_rows
,,,,,,,<na>,,,,,,,7464,all important fields empty,remove_incomplete_rows
,,,,,,,<na>,,,,,,,7465,all important fields empty,remove_incomplete_rows
,,,,,,,<na>,,,,,,,7468,all important fields empty,remove_incomplete_rows
,,,,,,,<na>,,,,,,,7469,all important fields empty,remove_incomplete_rows
,,,,,,,<na>,,,,,,,7475,all important fields empty,remove_incomplete_rows
,,,,,,,<na>,,,,,,,7476,all important fields empty,remove_incomplete_rows
,,,,,,,<na>,,,,,,,7479,all important fields empty,remove_incomplete_rows
,,,,,,,<na>,,,,,,,7480,all important fields empty,remove_incomplete_rows
,,,,,,,<na>,,,,,,,7483,all important fields empty,remove_incomplete_rows
,,,,,,,<na>,,,,,,,7484,all important fields empty,remove_incomplete_rows
,,,,,,,<na>,,,,,,,7487,all important fields empty,remove_incomplete_rows
,,,,,,,<na>,,,,,,,7488,all important fields empty,remove_incomplete_rows
,,,,,,,<na>,,,,,,,7491,all important fields empty,remove_incomplete_rows
,,,,,,,<na>,,,,,,,7492,all important fields empty,remove_incomplete_rows
,,,,,,,<na>,,,,,,,7495,all important fields empty,remove_incomplete_rows
,,,,,,,<na>,,,,,,,7496,all important fields empty,remove_incomplete_rows
,,,,,,,<na>,,,,,,,7499,all important fields empty,remove_incomplete_rows
,,,,,,,<na>,,,,,,,7500,all important fields empty,remove_incomplete_rows
,,,,,,,<na>,,,,,,,7503,all important fields empty,remove_incomplete_rows
,,,,,,,<na>,,,,,,,7504,all important fields empty,remove_incomplete_rows
,,,,,,,<na>,,,,,,,7507,all important fields empty,remove_incomplete_rows
,,,,,,,<na>,,,,,,,7509,all important fields empty,remove_incomplete_rows
,,,,,,,<na>,,,,,,,7510,all important fields empty,remove_incomplete_rows
,,,ACCOUNT : GAIL PAOLO RIMANDO,,,,<na>,,,,,,,120,"placeholder/non-item row (e.g., header like ""Account : ..."")",remove_incomplete_rows
,,,ACCOUNT : PETRONILO V. MENDOZA,,,,<na>,,,,,,,312,"placeholder/non-item row (e.g., header like ""Account : ..."")",remove_incomplete_rows
,,,,,,,<na>,,0.0,0.0,0.0,,,609,"placeholder/non-item row (e.g., header like ""Account : ..."")",remove_incomplete_rows
,,,,,,,<na>,,0.0,0.0,0.0,,,1775,"placeholder/non-item row (e.g., header like ""Account : ..."")",remove_incomplete_rows
,,,ACCOUNT : PRINCESS LOU MARZO,,,,<na>,,,,,,,1939,"placeholder/non-item row (e.g., header like ""Account : ..."")",remove_incomplete_rows
,,,,,,,<na>,,0.0,0.0,0.0,,,2096,"placeholder/non-item row (e.g., header like ""Account : ..."")",remove_incomplete_rows
,,,ACCOUNT : JESSMEL RAMIREZ,,,,<na>,,,,,,,2804,"placeholder/non-item row (e.g., header like ""Account : ..."")",remove_incomplete_rows
,,,ACCOUNT : PETRONILO V. MENDOZA JR,,,,<na>,,,,,,,3030,"placeholder/non-item row (e.g., header like ""Account : ..."")",remove_incomplete_rows
,,,,,,,<na>,,0.0,0.0,0.0,,,3157,"placeholder/non-item row (e.g., header like ""Account : ..."")",remove_incomplete_rows
,,,ACCOUNT : PETRONILO V. MENDOZA JR,,,,<na>,,,,,,,3842,"placeholder/non-item row (e.g., header like ""Account : ..."")",remove_incomplete_rows
,,,,,,,<na>,,0.0,0.0,0.0,,,4098,"placeholder/non-item row (e.g., header like ""Account : ..."")",remove_incomplete_rows
,,,ACCOUNT : PRINCESS LOU MARZO,,,,<na>,,,,,,,4453,"placeholder/non-item row (e.g., header like ""Account : ..."")",remove_incomplete_rows
,,,,,,,<na>,,0.0,0.0,0.0,,,4871,"placeholder/non-item row (e.g., header like ""Account : ..."")",remove_incomplete_rows
,,,,,,,<na>,,0.0,0.0,0.0,,,4901,"placeholder/non-item row (e.g., header like ""Account : ..."")",remove_incomplete_rows
,,,,,,,<na>,,0.0,0.0,0.0,,,4935,"placeholder/non-item row (e.g., header like ""Account : ..."")",remove_incomplete_rows
,,,ACCOUNT : PETRONILO V. MENDOZA JR,,,,<na>,,,,,,,5462,"placeholder/non-item row (e.g., header like ""Account : ..."")",remove_incomplete_rows
,,,,,,,<na>,,0.0,0.0,0.0,,,5505,"placeholder/non-item row (e.g., header like ""Account : ..."")",remove_incomplete_rows
,,,,,,,<na>,,0.0,0.0,0.0,,,5590,"placeholder/non-item row (e.g., header like ""Account : ..."")",remove_incomplete_rows
2023-06-23 00:00:00,,,SD,Sales Discount Variance,,0.0,pcs,0.0,0.0,0.0,0.0,,camille,5608,"placeholder/non-item row (e.g., header like ""Account : ..."")",remove_incomplete_rows
,,,,,,,<na>,,0.0,0.0,0.0,,,5609,"placeholder/non-item row (e.g., header like ""Account : ..."")",remove_incomplete_rows
,,,,,,,<na>,,0.0,0.0,0.0,,,5627,"placeholder/non-item row (e.g., header like ""Account : ..."")",remove_incomplete_rows
,,,,,,,<na>,,0.0,0.0,0.0,,,5863,"placeholder/non-item row (e.g., header like ""Account : ..."")",remove_incomplete_rows
,,,ACCOUNT : GAIL PAOLO RIMANDO,,,,<na>,,,,,,,6289,"placeholder/non-item row (e.g., header like ""Account : ..."")",remove_incomplete_rows
,,,,,,,<na>,,0.0,0.0,0.0,,,6556,"placeholder/non-item row (e.g., header like ""Account : ..."")",remove_incomplete_rows
,,,,,,,<na>,,0.0,0.0,0.0,,,6844,"placeholder/non-item row (e.g., header like ""Account : ..."")",remove_incomplete_rows
,,,ACCOUNT : PRINCESS LOU MARZO,,,,<na>,,,,,,,6877,"placeholder/non-item row (e.g., header like ""Account : ..."")",remove_incomplete_rows
,,,,,,,<na>,,0.0,0.0,0.0,,,7294,"placeholder/non-item row (e.g., header like ""Account : ..."")",remove_incomplete_rows
2023-06-01 00:00:00,,,SD,Sales Discount Variance,,1.0,pcs,0.0,0.0,0.0,0.0,,camille,239,"non-item adjustment (e.g., Sales Discount/VOID/rounding)",remove_incomplete_rows
2023-06-01 00:00:00,,,SD,Sales Discount Variance,,1.0,pcs,0.0,0.0,0.0,0.0,,camille,264,"non-item adjustment (e.g., Sales Discount/VOID/rounding)",remove_incomplete_rows
2023-06-01 00:00:00,,,SD,Sales Discount Variance,,1.0,pcs,0.0,0.0,0.0,0.0,,camille,364,"non-item adjustment (e.g., Sales Discount/VOID/rounding)",remove_incomplete_rows
2023-06-02 00:00:00,,,SD,Sales Discount Variance,,1.0,pcs,0.0,0.0,0.0,0.0,,camille,375,"non-item adjustment (e.g., Sales Discount/VOID/rounding)",remove_incomplete_rows
2023-06-02 00:00:00,,,SD,Sales Discount Variance,,1.0,pcs,0.0,0.0,0.0,0.0,,camille,434,"non-item adjustment (e.g., Sales Discount/VOID/rounding)",remove_incomplete_rows
2023-06-02 00:00:00,,,SD,Sales Discount Variance,,1.0,pcs,0.0,0.0,0.0,0.0,,camille,473,"non-item adjustment (e.g., Sales Discount/VOID/rounding)",remove_incomplete_rows
2023-06-02 00:00:00,,,SD,Sales Discount Variance,,1.0,pcs,0.0,0.0,0.0,0.0,,camille,488,"non-item adjustment (e.g., Sales Discount/VOID/rounding)",remove_incomplete_rows
2023-06-02 00:00:00,,,SD,Sales Discount Variance,,1.0,pcs,0.0,0.0,0.0,0.0,,camille,529,"non-item adjustment (e.g., Sales Discount/VOID/rounding)",remove_incomplete_rows
2023-06-02 00:00:00,,,SD,Sales Discount Variance,,1.0,pcs,0.0,0.0,0.0,0.0,,camille,557,"non-item adjustment (e.g., Sales Discount/VOID/rounding)",remove_incomplete_rows
2023-06-02 00:00:00,,,SD,Sales Discount Variance,,1.0,pcs,0.0,0.0,0.0,0.0,,jane,622,"non-item adjustment (e.g., Sales Discount/VOID/rounding)",remove_incomplete_rows
2023-06-02 00:00:00,,,SD,Sales Discount Variance,,1.0,pcs,0.0,0.0,0.0,0.0,,camille,628,"non-item adjustment (e.g., Sales Discount/VOID/rounding)",remove_incomplete_rows
2023-06-03 00:00:00,,,SD,Sales Discount Variance,,1.0,pcs,0.0,0.0,0.0,0.0,,camille,749,"non-item adjustment (e.g., Sales Discount/VOID/rounding)",remove_incomplete_rows
2023-06-05 00:00:00,,,SD,Sales Discount Variance,,1.0,pcs,0.0,0.0,0.0,0.0,,camille,995,"non-item adjustment (e.g., Sales Discount/VOID/rounding)",remove_incomplete_rows
2023-06-05 00:00:00,,,SD,Sales Discount Variance,,1.0,pcs,0.0,0.0,0.0,0.0,,camille,1029,"non-item adjustment (e.g., Sales Discount/VOID/rounding)",remove_incomplete_rows
2023-06-06 00:00:00,,,SD,Sales Discount Variance,,1.0,pcs,0.0,0.0,0.0,0.0,,jane,1407,"non-item adjustment (e.g., Sales Discount/VOID/rounding)",remove_incomplete_rows
2023-06-06 00:00:00,,,SD,Sales Discount Variance,,1.0,pcs,0.0,0.0,0.0,0.0,,jane,1482,"non-item adjustment (e.g., Sales Discount/VOID/rounding)",remove_incomplete_rows
2023-06-06 00:00:00,,,SD,Sales Discount Variance,,1.0,pcs,0.0,0.0,0.0,0.0,,jane,1555,"non-item adjustment (e.g., Sales Discount/VOID/rounding)",remove_incomplete_rows
2023-06-07 00:00:00,,,SD,Sales Discount Variance,,1.0,pcs,0.0,0.0,0.0,0.0,,camille,1689,"non-item adjustment (e.g., Sales Discount/VOID/rounding)",remove_incomplete_rows
2023-06-07 00:00:00,,,SD,Sales Discount Variance,,1.0,pcs,0.0,0.0,0.0,0.0,,camille,1860,"non-item adjustment (e.g., Sales Discount/VOID/rounding)",remove_incomplete_rows
2023-06-08 00:00:00,,,SD,Sales Discount Variance,,1.0,pcs,0.0,0.0,0.0,0.0,,jane,1926,"non-item adjustment (e.g., Sales Discount/VOID/rounding)",remove_incomplete_rows
2023-06-08 00:00:00,,,SD,Sales Discount Variance,,1.0,pcs,0.0,0.0,0.0,0.0,,jane,2106,"non-item adjustment (e.g., Sales Discount/VOID/rounding)",remove_incomplete_rows
2023-06-08 00:00:00,,,SD,Sales Discount Variance,,1.0,pcs,0.0,0.0,0.0,0.0,,jane,2169,"non-item adjustment (e.g., Sales Discount/VOID/rounding)",remove_incomplete_rows
2023-06-09 00:00:00,,,SD,Sales Discount Variance,,1.0,pcs,0.0,0.0,0.0,0.0,,camille,2186,"non-item adjustment (e.g., Sales Discount/VOID/rounding)",remove_incomplete_rows
2023-06-09 00:00:00,,,SD,Sales Discount Variance,,1.0,pcs,0.0,0.0,0.0,0.0,,camille,2274,"non-item adjustment (e.g., Sales Discount/VOID/rounding)",remove_incomplete_rows
2023-06-09 00:00:00,,,SD,Sales Discount Variance,,1.0,pcs,0.0,0.0,0.0,0.0,,camille,2395,"non-item adjustment (e.g., Sales Discount/VOID/rounding)",remove_incomplete_rows
2023-06-09 00:00:00,,,SD,Sales Discount Variance,,1.0,pcs,0.0,0.0,0.0,0.0,,camille,2481,"non-item adjustment (e.g., Sales Discount/VOID/rounding)",remove_incomplete_rows
2023-06-10 00:00:00,,,SD,Sales Discount Variance,,1.0,pcs,0.0,0.0,0.0,0.0,,camille,2601,"non-item adjustment (e.g., Sales Discount/VOID/rounding)",remove_incomplete_rows
2023-06-10 00:00:00,,,SD,Sales Discount Variance,,1.0,pcs,0.0,0.0,0.0,0.0,,camille,2666,"non-item adjustment (e.g., Sales Discount/VOID/rounding)",remove_incomplete_rows
2023-06-10 00:00:00,,,SD,Sales Discount Variance,,1.0,pcs,0.0,0.0,0.0,0.0,,camille,2730,"non-item adjustment (e.g., Sales Discount/VOID/rounding)",remove_incomplete_rows
2023-06-10 00:00:00,,,SD,Sales Discount Variance,,1.0,pcs,0.0,0.0,0.0,0.0,,camille,2736,"non-item adjustment (e.g., Sales Discount/VOID/rounding)",remove_incomplete_rows
2023-06-13 00:00:00,,,SD,Sales Discount Variance,,1.0,pcs,0.0,0.0,0.0,0.0,,camille,2885,"non-item adjustment (e.g., Sales Discount/VOID/rounding)",remove_incomplete_rows
2023-06-13 00:00:00,,,SD,Sales Discount Variance,,1.0,pcs,0.0,0.0,0.0,0.0,,camille,3105,"non-item adjustment (e.g., Sales Discount/VOID/rounding)",remove_incomplete_rows
2023-06-14 00:00:00,,,SD,Sales Discount Variance,,1.0,pcs,0.0,0.0,0.0,0.0,,camille,3400,"non-item adjustment (e.g., Sales Discount/VOID/rounding)",remove_incomplete_rows
2023-06-15 00:00:00,,,SD,Sales Discount Variance,,1.0,pcs,0.0,0.0,0.0,0.0,,jane,3528,"non-item adjustment (e.g., Sales Discount/VOID/rounding)",remove_incomplete_rows
2023-06-15 00:00:00,,,SD,Sales Discount Variance,,1.0,pcs,0.0,0.0,0.0,0.0,,jane,3559,"non-item adjustment (e.g., Sales Discount/VOID/rounding)",remove_incomplete_rows
2023-06-17 00:00:00,,,SD,Sales Discount Variance,,1.0,pcs,0.0,0.0,0.0,0.0,,camille,3986,"non-item adjustment (e.g., Sales Discount/VOID/rounding)",remove_incomplete_rows
2023-06-20 00:00:00,,,SD,Sales Discount Variance,,1.0,pcs,0.0,0.0,0.0,0.0,,jane,4673,"non-item adjustment (e.g., Sales Discount/VOID/rounding)",remove_incomplete_rows
2023-06-20 00:00:00,,,SD,Sales Discount Variance,,1.0,pcs,0.0,0.0,0.0,0.0,,jane,4694,"non-item adjustment (e.g., Sales Discount/VOID/rounding)",remove_incomplete_rows
2023-06-20 00:00:00,,,SD,Sales Discount Variance,,1.0,pcs,0.0,0.0,0.0,0.0,,jane,4779,"non-item adjustment (e.g., Sales Discount/VOID/rounding)",remove_incomplete_rows
2023-06-22 00:00:00,,,SD,Sales Discount Variance,,1.0,pcs,0.0,0.0,0.0,0.0,,jane,5156,"non-item adjustment (e.g., Sales Discount/VOID/rounding)",remove_incomplete_rows
2023-06-23 00:00:00,,,SD,Sales Discount Variance,,1.0,pcs,0.0,0.0,0.0,0.0,,camille,5521,"non-item adjustment (e.g., Sales Discount/VOID/rounding)",remove_incomplete_rows
2023-06-23 00:00:00,,,SD,Sales Discount Variance,,1.0,pcs,0.0,0.0,0.0,0.0,,camille,5635,"non-item adjustment (e.g., Sales Discount/VOID/rounding)",remove_incomplete_rows
2023-06-23 00:00:00,,,SD,Sales Discount Variance,,1.0,pcs,0.0,0.0,0.0,0.0,,camille,5668,"non-item adjustment (e.g., Sales Discount/VOID/rounding)",remove_incomplete_rows
2023-06-23 00:00:00,,,SD,Sales Discount Variance,,1.0,pcs,0.0,0.0,0.0,0.0,,camille,5757,"non-item adjustment (e.g., Sales Discount/VOID/rounding)",remove_incomplete_rows
2023-06-24 00:00:00,,,SD,Sales Discount Variance,,1.0,pcs,0.0,0.0,0.0,0.0,,camille,5845,"non-item adjustment (e.g., Sales Discount/VOID/rounding)",remove_incomplete_rows
2023-06-26 00:00:00,,,SD,Sales Discount Variance,,1.0,pcs,0.0,0.0,0.0,0.0,,camille,6288,"non-item adjustment (e.g., Sales Discount/VOID/rounding)",remove_incomplete_rows
2023-06-27 00:00:00,,,SD,Sales Discount Variance,,1.0,pcs,0.0,0.0,0.0,0.0,,jane,6687,"non-item adjustment (e.g., Sales Discount/VOID/rounding)",remove_incomplete_rows
2023-06-28 00:00:00,,,SD,Sales Discount Variance,,1.0,pcs,0.0,0.0,0.0,0.0,,camille,6955,"non-item adjustment (e.g., Sales Discount/VOID/rounding)",remove_incomplete_rows
2023-06-29 00:00:00,,,SD,Sales Discount Variance,,1.0,pcs,0.0,0.0,0.0,0.0,,jane,7133,"non-item adjustment (e.g., Sales Discount/VOID/rounding)",remove_incomplete_rows
2023-06-30 00:00:00,,,SD,Sales Discount Variance,,1.0,pcs,0.0,0.0,0.0,0.0,,camille,7385,"non-item adjustment (e.g., Sales Discount/VOID/rounding)",remove_incomplete_rows
2023-06-30 00:00:00,,,SD,Sales Discount Variance,,1.0,pcs,0.0,0.0,0.0,0.0,,camille,7447,"non-item adjustment (e.g., Sales Discount/VOID/rounding)",remove_incomplete_rows
2023-06-30 00:00:00,,,SD,Sales Discount Variance,,1.0,pcs,0.0,0.0,0.0,0.0,,camille,7453,"non-item adjustment (e.g., Sales Discount/VOID/rounding)",remove_incomplete_rows
2023-06-01 00:00:00,,,48035880,BETADINE (POVIDONE IODINE) WOUND SOLUTION 7.5ML,2026-12-31,1.0,pcs,0.0,36.75,34.4,2.35,,camille,322,duplicate row,duplicates
2023-06-01 00:00:00,,,4809014128337,KOJIESAN CLASSIC 3&#039;S 100G,2024-11-12,1.0,pcs,0.0,120.0,120.0,0.0,,camille,354,duplicate row,duplicates
2023-06-01 00:00:00,,,4801288820153,HAPPY ABSORBENT COTTON 10G,2026-10-01,1.0,pcs,0.0,7.0,4.45,2.55,,camille,369,duplicate row,duplicates
2023-06-02 00:00:00,,,8996001600269,LE MINERALE 600ML,2024-09-01,1.0,pcs,0.0,15.0,9.2,5.8,,camille,495,duplicate row,duplicates
2023-06-02 00:00:00,,,4801981107971,WILKINS PURE 500ML,,1.0,pcs,0.0,18.0,9.38,8.63,,camille,528,duplicate row,duplicates
2023-06-02 00:00:00,,,8851198028527,STREPSILS HONEY LEMON 8s,2026-01-19,1.0,pcs,0.0,70.5,62.24,8.26,,camille,562,duplicate row,duplicates
2023-06-02 00:00:00,,,4806520081040,ZYDUSATORVA (ATORVASTATIN) 20MG,,60.0,pcs,0.2,187.2,1.55,94.2,,camille,583,duplicate row,duplicates
2023-06-02 00:00:00,,,4806529302191,PURE PROTECT NATURAL SANITIZER 70% 500ML,,2.0,pcs,0.5,161.0,136.82,-112.64,,camille,634,duplicate row,duplicates
2023-06-03 00:00:00,,,4801981107971,WILKINS PURE 500ML,,1.0,pcs,0.0,18.0,9.38,8.63,,camille,755,duplicate row,duplicates
2023-06-03 00:00:00,,,4806502350171,SANICARE COTTON BUDS 200 STEM CAN,2026-08-26,1.0,pcs,0.0,26.5,21.22,5.28,,camille,773,duplicate row,duplicates
2023-06-03 00:00:00,,,8996001600269,LE MINERALE 600ML,2024-09-01,1.0,pcs,0.0,15.0,9.2,5.8,,camille,803,duplicate row,duplicates
2023-06-06 00:00:00,,,6945630105463,SINOCARE SOFT TWIST LANCETS 28G 50s,,1.0,pcs,0.0,150.0,0.0,150.0,,jane,1396,duplicate row,duplicates
2023-06-06 00:00:00,,,4987176092267,GILLETE RAZOR BLUE 2 FLEXI,,1.0,pcs,0.0,29.0,25.33,3.67,,jane,1528,duplicate row,duplicates
2023-06-06 00:00:00,,,4987176092267,GILLETE RAZOR BLUE 2 FLEXI,,1.0,pcs,0.0,29.0,25.33,3.67,,jane,1546,duplicate row,duplicates
2023-06-08 00:00:00,,,4801962207997,SARIDON TRIPLE ACTION (PARACETAMOL PROPYPHENAZONE CAFFEINE) TAB,2025-03-31,4.0,pcs,0.0,23.0,4.74,4.02,,jane,1982,duplicate row,duplicates
2023-06-08 00:00:00,,,4806502161234,SANICARE BABY WIPES 15 SHEETS,2024-02-14,1.0,pcs,0.0,34.5,27.56,6.94,,jane,1992,duplicate row,duplicates
2023-06-08 00:00:00,,,4987176092267,GILLETE RAZOR BLUE 2 FLEXI,,1.0,pcs,0.0,29.0,25.33,3.67,,jane,2179,duplicate row,duplicates
2023-06-08 00:00:00,,,4800067552179,MENTOPAS PLASTER 1X10,2025-04-01,1.0,pcs,0.0,51.0,46.0,5.0,,jane,2180,duplicate row,duplicates
2023-06-09 00:00:00,,,8996001600399,LE MINERALE 1.5ML,2024-09-01,1.0,pcs,0.0,30.0,17.6,12.4,,camille,2337,duplicate row,duplicates
2023-06-10 00:00:00,,,4806534570240,CETRINOVA (CETIRIZINE) 10MG FC TAB,,10.0,pcs,0.0,30.0,0.36,26.4,,camille,2774,duplicate row,duplicates
2023-06-13 00:00:00,,,4987176009678,VICKS VAPORUB 25G,2025-08-31,1.0,pcs,0.0,106.0,96.35,9.65,,camille,3098,duplicate row,duplicates
2023-06-15 00:00:00,,,8996001600269,LE MINERALE 600ML,2024-09-01,1.0,pcs,0.0,15.0,9.2,5.8,,jane,3430,duplicate row,duplicates
2023-06-16 00:00:00,,,4800047820199,GREENCROSS 70% W/ MOIST 250ML,2025-06-01,1.0,pcs,0.0,51.75,43.21,8.54,,camille,3813,duplicate row,duplicates
2023-06-17 00:00:00,,,8996001600269,LE MINERALE 600ML,2024-09-01,1.0,pcs,0.0,15.0,9.2,5.8,,camille,4078,duplicate row,duplicates
2023-06-19 00:00:00,,,4806502352380,SANICARE CLEANSING WIPES - ALOE 80 SHEETS,2024-07-27,1.0,pcs,0.0,108.0,89.25,18.75,,jane,4478,duplicate row,duplicates
2023-06-21 00:00:00,,,8996001600269,LE MINERALE 600ML,2024-09-01,2.0,pcs,0.0,30.0,9.2,11.6,,camille,5002,duplicate row,duplicates
2023-06-22 00:00:00,,,4807788519290,DOLAN FP FORTE (IBUPROFEN) 200MG 60ML,2024-02-01,1.0,pcs,0.0,151.5,137.73,13.77,,jane,5275,duplicate row,duplicates
2023-06-22 00:00:00,,,79206034723,MICROPORE 1/2 INCH,2026-05-01,1.0,pcs,0.0,25.0,17.5,7.5,,jane,5355,duplicate row,duplicates
2023-06-22 00:00:00,,,4800488958888,CARESS UNDERPADS XL8,2025-06-01,1.0,pcs,0.0,167.75,152.34,15.41,,camille,5394,duplicate row,duplicates
2023-06-23 00:00:00,,,4806517242294,RESTOR-F (MULTIVITAMINS + MINERALS) CAPSULE,2024-12-07,0.0,pcs,0.0,0.0,0.0,0.0,,camille,5603,duplicate row,duplicates
2023-06-23 00:00:00,,,4800308991491,FLUIMUCIL (ACETYLCYTEINE) 600MG TAB,2024-12-31,0.0,pcs,0.0,0.0,0.0,0.0,,camille,5604,duplicate row,duplicates
2023-06-23 00:00:00,,,4800573055195,HIVENT PLUS (SALBUTAMOL+IPRATROPIUM BROMIDE) 2.5MG+500MCG/2.5ML AMP,2025-01-01,0.0,pcs,0.0,0.0,0.0,0.0,,camille,5605,duplicate row,duplicates
2023-06-23 00:00:00,,,4806520351938,DRUGMAKER (MEBENDAZOLE) 500MG TAB,2023-11-01,0.0,pcs,0.0,0.0,0.0,0.0,,camille,5606,duplicate row,duplicates
2023-06-23 00:00:00,,,4809015142035,OHHIRAs PROPOLIS 600MG CAP,2024-10-02,0.0,pcs,0.0,0.0,0.0,0.0,,camille,5607,duplicate row,duplicates
2023-06-23 00:00:00,,,4806517242294,RESTOR-F (MULTIVITAMINS + MINERALS) CAPSULE,2024-12-07,0.0,pcs,0.0,0.0,0.0,0.0,,camille,5623,duplicate row,duplicates
2023-06-23 00:00:00,,,4800308991491,FLUIMUCIL (ACETYLCYTEINE) 600MG TAB,2024-12-31,0.0,pcs,0.0,0.0,0.0,0.0,,camille,5624,duplicate row,duplicates
2023-06-23 00:00:00,,,4806520351938,DRUGMAKER (MEBENDAZOLE) 500MG TAB,2023-11-01,0.0,pcs,0.0,0.0,0.0,0.0,,camille,5625,duplicate row,duplicates
2023-06-23 00:00:00,,,4800573055195,HIVENT PLUS (SALBUTAMOL+IPRATROPIUM BROMIDE) 2.5MG+500MCG/2.5ML AMP,2025-03-01,0.0,pcs,0.0,0.0,0.0,0.0,,camille,5626,duplicate row,duplicates
2023-06-24 00:00:00,,,8964001206255,LILAC SYRUP 60ML,2025-06-30,1.0,pcs,0.0,192.0,192.0,0.0,,camille,5856,duplicate row,duplicates
2023-06-26 00:00:00,,,8996001600269,LE MINERALE 600ML,2024-09-01,1.0,pcs,0.0,15.0,9.2,5.8,,camille,6225,duplicate row,duplicates
2023-06-26 00:00:00,,,4807788561688,BIOGESIC (PARACETAMOL) 500MG TAB,2026-03-01,10.0,pcs,0.0,42.5,3.81,4.39,,camille,6299,duplicate row,duplicates
2023-06-27 00:00:00,,,8996001600269,LE MINERALE 600ML,2024-09-01,1.0,pcs,0.0,15.0,9.2,5.8,,jane,6585,duplicate row,duplicates
2023-06-28 00:00:00,,,4806032200281,POTEN CEE + C COLLAGEN 10S PACK,,1.0,pcs,0.0,197.5,177.27,20.23,,camille,6789,duplicate row,duplicates
2023-06-28 00:00:00,,,4987176600769,VICKS VAPORUB 5G,2024-09-30,1.0,pcs,0.0,31.0,28.62,2.38,,camille,6965,duplicate row,duplicates
2023-06-29 00:00:00,,,8996001600269,LE MINERALE 600ML,2024-09-01,1.0,pcs,0.0,15.0,9.2,5.8,,jane,7170,duplicate row,duplicates
